{
    "etas": [
        0.001,
        0.01,
        0.05,
        0.1,
        0.2,
        0.3
    ],
    "gammas": [
        0.01,
        0.02,
        0.03,
        0.04,
        0.05,
        0.060000000000000005,
        0.06999999999999999,
        0.08,
        0.09,
        0.09999999999999999
    ],
    "max_depth": [
        4,
        5
    ],
    "lambdas": [
        15.0,
        15.25,
        15.5,
        15.75,
        16.0,
        16.25,
        16.5,
        16.75,
        17.0,
        17.25,
        17.5,
        17.75,
        18.0,
        18.25,
        18.5,
        18.75,
        19.0,
        19.25,
        19.5,
        19.75,
        20.0
    ],
    "min_child_weights": [
        10.0,
        10.5,
        11.0,
        11.5,
        12.0,
        12.5,
        13.0,
        13.5,
        14.0,
        14.5,
        15.0,
        15.5,
        16.0,
        16.5,
        17.0,
        17.5,
        18.0,
        18.5,
        19.0,
        19.5,
        20.0
    ],
    "nrounds": 40000,
    "early_stopping_rounds": 20,
    "tree_method": "exact",
    "booster": "gbtree"
}