{
    "etas": [
        0.01,
        0.02,
        0.025,
        0.05,
        0.075
    ],
    "gammas": [
        0.01,
        0.27263157894736845,
        0.5352631578947369,
        0.7978947368421053,
        1.0605263157894738,
        1.3231578947368423,
        1.5857894736842106,
        1.848421052631579,
        2.1110526315789473,
        2.373684210526316,
        2.6363157894736844,
        2.8989473684210525,
        3.161578947368421,
        3.4242105263157896,
        3.6868421052631577,
        3.9494736842105262,
        4.212105263157895,
        4.474736842105263,
        4.737368421052632,
        5.0
    ],
    "max_depth": [
        5
    ],
    "lambdas": [
        0.0,
        0.3684210526315789,
        0.7368421052631579,
        1.1052631578947367,
        1.4736842105263157,
        1.8421052631578947,
        2.2105263157894735,
        2.5789473684210527,
        2.9473684210526314,
        3.31578947368421,
        3.6842105263157894,
        4.052631578947368,
        4.421052631578947,
        4.789473684210526,
        5.157894736842105,
        5.526315789473684,
        5.894736842105263,
        6.263157894736842,
        6.63157894736842,
        7.0
    ],
    "min_child_weights": [
        20.0,
        20.526315789473685,
        21.05263157894737,
        21.57894736842105,
        22.105263157894736,
        22.63157894736842,
        23.157894736842106,
        23.684210526315788,
        24.210526315789473,
        24.736842105263158,
        25.263157894736842,
        25.789473684210527,
        26.315789473684212,
        26.842105263157894,
        27.36842105263158,
        27.894736842105264,
        28.421052631578945,
        28.94736842105263,
        29.473684210526315,
        30.0
    ],
    "nrounds": 40000,
    "early_stopping_rounds": 20,
    "tree_method": "exact",
    "booster": "gbtree"
}