Q,cumulative_landfalling_area,max_ocean_SLP_gradient
11.002899246362752,153,1.9763417045365497
11.589691083211951,149866.20408163266,1.9763417045365497
11.589691083211951,299579.4081632653,1.9763417045365497
13.328838759157318,449292.612244898,1.9763417045365497
13.328838759157318,599005.8163265307,1.9763417045365497
13.328838759157318,748719.0204081633,1.9763417045365497
13.328838759157318,898432.224489796,1.9763417045365497
13.328838759157318,1048145.4285714286,1.9763417045365497
13.328838759157318,1197858.6326530613,1.9763417045365497
13.328838759157318,1347571.836734694,1.9763417045365497
13.328838759157318,1497285.0408163266,1.9763417045365497
13.328838759157318,1646998.2448979593,1.9763417045365497
13.328838759157318,1796711.448979592,1.9763417045365497
13.328838759157318,1946424.6530612246,1.9763417045365497
13.328838759157318,2096137.8571428573,1.9763417045365497
13.328838759157318,2245851.06122449,1.9763417045365497
13.328838759157318,2395564.2653061226,1.9763417045365497
13.328838759157318,2545277.4693877553,1.9763417045365497
13.328838759157318,2694990.673469388,1.9763417045365497
13.328838759157318,2844703.8775510206,1.9763417045365497
13.328838759157318,2994417.0816326533,1.9763417045365497
13.328838759157318,3144130.285714286,1.9763417045365497
13.328838759157318,3293843.4897959186,1.9763417045365497
13.328838759157318,3443556.6938775512,1.9763417045365497
13.328838759157318,3593269.897959184,1.9763417045365497
13.325924598913295,3742983.1020408166,1.9763417045365497
13.325924598913295,3892696.306122449,1.9763417045365497
13.325924598913295,4042409.510204082,1.9763417045365497
13.325924598913295,4192122.7142857146,1.9763417045365497
13.325924598913295,4341835.918367347,1.9763417045365497
13.325924598913295,4491549.12244898,1.9763417045365497
13.325924598913295,4641262.326530613,1.9763417045365497
13.325924598913295,4790975.530612245,1.9763417045365497
13.325924598913295,4940688.734693877,1.9763417045365497
13.325924598913295,5090401.9387755105,1.9763417045365497
13.325924598913295,5240115.142857144,1.9763417045365497
13.325924598913295,5389828.346938776,1.9763417045365497
13.325924598913295,5539541.551020408,1.9763417045365497
13.325924598913295,5689254.755102041,1.9763417045365497
13.325924598913295,5838967.959183674,1.9763417045365497
13.325924598913295,5988681.1632653065,1.9763417045365497
13.325924598913295,6138394.367346939,1.9763417045365497
13.325924598913295,6288107.571428572,1.9763417045365497
13.325924598913295,6437820.775510205,1.9763417045365497
13.325924598913295,6587533.979591837,1.9763417045365497
13.325924598913295,6737247.183673469,1.9763417045365497
13.325924598913295,6886960.3877551025,1.9763417045365497
13.325924598913295,7036673.591836736,1.9763417045365497
13.325924598913295,7186386.795918368,1.9763417045365497
13.325924598913295,7336100,1.9763417045365497
11.002899246362752,153,2.2013399121739883
11.589691083211951,149866.20408163266,2.2013399121739883
11.589691083211951,299579.4081632653,2.2013399121739883
13.328838759157318,449292.612244898,2.2013399121739883
13.328838759157318,599005.8163265307,2.2013399121739883
13.328838759157318,748719.0204081633,2.2013399121739883
13.328838759157318,898432.224489796,2.2013399121739883
13.328838759157318,1048145.4285714286,2.2013399121739883
13.328838759157318,1197858.6326530613,2.2013399121739883
13.328838759157318,1347571.836734694,2.2013399121739883
13.328838759157318,1497285.0408163266,2.2013399121739883
13.328838759157318,1646998.2448979593,2.2013399121739883
13.328838759157318,1796711.448979592,2.2013399121739883
13.328838759157318,1946424.6530612246,2.2013399121739883
13.328838759157318,2096137.8571428573,2.2013399121739883
13.328838759157318,2245851.06122449,2.2013399121739883
13.328838759157318,2395564.2653061226,2.2013399121739883
13.328838759157318,2545277.4693877553,2.2013399121739883
13.328838759157318,2694990.673469388,2.2013399121739883
13.328838759157318,2844703.8775510206,2.2013399121739883
13.328838759157318,2994417.0816326533,2.2013399121739883
13.328838759157318,3144130.285714286,2.2013399121739883
13.328838759157318,3293843.4897959186,2.2013399121739883
13.328838759157318,3443556.6938775512,2.2013399121739883
13.328838759157318,3593269.897959184,2.2013399121739883
13.325924598913295,3742983.1020408166,2.2013399121739883
13.325924598913295,3892696.306122449,2.2013399121739883
13.325924598913295,4042409.510204082,2.2013399121739883
13.325924598913295,4192122.7142857146,2.2013399121739883
13.325924598913295,4341835.918367347,2.2013399121739883
13.325924598913295,4491549.12244898,2.2013399121739883
13.325924598913295,4641262.326530613,2.2013399121739883
13.325924598913295,4790975.530612245,2.2013399121739883
13.325924598913295,4940688.734693877,2.2013399121739883
13.325924598913295,5090401.9387755105,2.2013399121739883
13.325924598913295,5240115.142857144,2.2013399121739883
13.325924598913295,5389828.346938776,2.2013399121739883
13.325924598913295,5539541.551020408,2.2013399121739883
13.325924598913295,5689254.755102041,2.2013399121739883
13.325924598913295,5838967.959183674,2.2013399121739883
13.325924598913295,5988681.1632653065,2.2013399121739883
13.325924598913295,6138394.367346939,2.2013399121739883
13.325924598913295,6288107.571428572,2.2013399121739883
13.325924598913295,6437820.775510205,2.2013399121739883
13.325924598913295,6587533.979591837,2.2013399121739883
13.325924598913295,6737247.183673469,2.2013399121739883
13.325924598913295,6886960.3877551025,2.2013399121739883
13.325924598913295,7036673.591836736,2.2013399121739883
13.325924598913295,7186386.795918368,2.2013399121739883
13.325924598913295,7336100,2.2013399121739883
11.002899246362752,153,2.426338119811427
11.589691083211951,149866.20408163266,2.426338119811427
11.589691083211951,299579.4081632653,2.426338119811427
13.328838759157318,449292.612244898,2.426338119811427
13.328838759157318,599005.8163265307,2.426338119811427
13.328838759157318,748719.0204081633,2.426338119811427
13.328838759157318,898432.224489796,2.426338119811427
13.328838759157318,1048145.4285714286,2.426338119811427
13.328838759157318,1197858.6326530613,2.426338119811427
13.328838759157318,1347571.836734694,2.426338119811427
13.328838759157318,1497285.0408163266,2.426338119811427
13.328838759157318,1646998.2448979593,2.426338119811427
13.328838759157318,1796711.448979592,2.426338119811427
13.328838759157318,1946424.6530612246,2.426338119811427
13.328838759157318,2096137.8571428573,2.426338119811427
13.328838759157318,2245851.06122449,2.426338119811427
13.328838759157318,2395564.2653061226,2.426338119811427
13.328838759157318,2545277.4693877553,2.426338119811427
13.328838759157318,2694990.673469388,2.426338119811427
13.328838759157318,2844703.8775510206,2.426338119811427
13.328838759157318,2994417.0816326533,2.426338119811427
13.328838759157318,3144130.285714286,2.426338119811427
13.328838759157318,3293843.4897959186,2.426338119811427
13.328838759157318,3443556.6938775512,2.426338119811427
13.328838759157318,3593269.897959184,2.426338119811427
13.325924598913295,3742983.1020408166,2.426338119811427
13.325924598913295,3892696.306122449,2.426338119811427
13.325924598913295,4042409.510204082,2.426338119811427
13.325924598913295,4192122.7142857146,2.426338119811427
13.325924598913295,4341835.918367347,2.426338119811427
13.325924598913295,4491549.12244898,2.426338119811427
13.325924598913295,4641262.326530613,2.426338119811427
13.325924598913295,4790975.530612245,2.426338119811427
13.325924598913295,4940688.734693877,2.426338119811427
13.325924598913295,5090401.9387755105,2.426338119811427
13.325924598913295,5240115.142857144,2.426338119811427
13.325924598913295,5389828.346938776,2.426338119811427
13.325924598913295,5539541.551020408,2.426338119811427
13.325924598913295,5689254.755102041,2.426338119811427
13.325924598913295,5838967.959183674,2.426338119811427
13.325924598913295,5988681.1632653065,2.426338119811427
13.325924598913295,6138394.367346939,2.426338119811427
13.325924598913295,6288107.571428572,2.426338119811427
13.325924598913295,6437820.775510205,2.426338119811427
13.325924598913295,6587533.979591837,2.426338119811427
13.325924598913295,6737247.183673469,2.426338119811427
13.325924598913295,6886960.3877551025,2.426338119811427
13.325924598913295,7036673.591836736,2.426338119811427
13.325924598913295,7186386.795918368,2.426338119811427
13.325924598913295,7336100,2.426338119811427
11.002899246362752,153,2.651336327448866
11.589691083211951,149866.20408163266,2.651336327448866
11.589691083211951,299579.4081632653,2.651336327448866
13.328838759157318,449292.612244898,2.651336327448866
13.328838759157318,599005.8163265307,2.651336327448866
13.328838759157318,748719.0204081633,2.651336327448866
13.328838759157318,898432.224489796,2.651336327448866
13.328838759157318,1048145.4285714286,2.651336327448866
13.328838759157318,1197858.6326530613,2.651336327448866
13.328838759157318,1347571.836734694,2.651336327448866
13.328838759157318,1497285.0408163266,2.651336327448866
13.328838759157318,1646998.2448979593,2.651336327448866
13.328838759157318,1796711.448979592,2.651336327448866
13.328838759157318,1946424.6530612246,2.651336327448866
13.328838759157318,2096137.8571428573,2.651336327448866
13.328838759157318,2245851.06122449,2.651336327448866
13.328838759157318,2395564.2653061226,2.651336327448866
13.328838759157318,2545277.4693877553,2.651336327448866
13.328838759157318,2694990.673469388,2.651336327448866
13.328838759157318,2844703.8775510206,2.651336327448866
13.328838759157318,2994417.0816326533,2.651336327448866
13.328838759157318,3144130.285714286,2.651336327448866
13.328838759157318,3293843.4897959186,2.651336327448866
13.328838759157318,3443556.6938775512,2.651336327448866
13.328838759157318,3593269.897959184,2.651336327448866
13.325924598913295,3742983.1020408166,2.651336327448866
13.325924598913295,3892696.306122449,2.651336327448866
13.325924598913295,4042409.510204082,2.651336327448866
13.325924598913295,4192122.7142857146,2.651336327448866
13.325924598913295,4341835.918367347,2.651336327448866
13.325924598913295,4491549.12244898,2.651336327448866
13.325924598913295,4641262.326530613,2.651336327448866
13.325924598913295,4790975.530612245,2.651336327448866
13.325924598913295,4940688.734693877,2.651336327448866
13.325924598913295,5090401.9387755105,2.651336327448866
13.325924598913295,5240115.142857144,2.651336327448866
13.325924598913295,5389828.346938776,2.651336327448866
13.325924598913295,5539541.551020408,2.651336327448866
13.325924598913295,5689254.755102041,2.651336327448866
13.325924598913295,5838967.959183674,2.651336327448866
13.325924598913295,5988681.1632653065,2.651336327448866
13.325924598913295,6138394.367346939,2.651336327448866
13.325924598913295,6288107.571428572,2.651336327448866
13.325924598913295,6437820.775510205,2.651336327448866
13.325924598913295,6587533.979591837,2.651336327448866
13.325924598913295,6737247.183673469,2.651336327448866
13.325924598913295,6886960.3877551025,2.651336327448866
13.325924598913295,7036673.591836736,2.651336327448866
13.325924598913295,7186386.795918368,2.651336327448866
13.325924598913295,7336100,2.651336327448866
11.002899246362752,153,2.8763345350863045
11.589691083211951,149866.20408163266,2.8763345350863045
11.589691083211951,299579.4081632653,2.8763345350863045
13.328838759157318,449292.612244898,2.8763345350863045
13.328838759157318,599005.8163265307,2.8763345350863045
13.328838759157318,748719.0204081633,2.8763345350863045
13.328838759157318,898432.224489796,2.8763345350863045
13.328838759157318,1048145.4285714286,2.8763345350863045
13.328838759157318,1197858.6326530613,2.8763345350863045
13.328838759157318,1347571.836734694,2.8763345350863045
13.328838759157318,1497285.0408163266,2.8763345350863045
13.328838759157318,1646998.2448979593,2.8763345350863045
13.328838759157318,1796711.448979592,2.8763345350863045
13.328838759157318,1946424.6530612246,2.8763345350863045
13.328838759157318,2096137.8571428573,2.8763345350863045
13.328838759157318,2245851.06122449,2.8763345350863045
13.328838759157318,2395564.2653061226,2.8763345350863045
13.328838759157318,2545277.4693877553,2.8763345350863045
13.328838759157318,2694990.673469388,2.8763345350863045
13.328838759157318,2844703.8775510206,2.8763345350863045
13.328838759157318,2994417.0816326533,2.8763345350863045
13.328838759157318,3144130.285714286,2.8763345350863045
13.328838759157318,3293843.4897959186,2.8763345350863045
13.328838759157318,3443556.6938775512,2.8763345350863045
13.328838759157318,3593269.897959184,2.8763345350863045
13.325924598913295,3742983.1020408166,2.8763345350863045
13.325924598913295,3892696.306122449,2.8763345350863045
13.325924598913295,4042409.510204082,2.8763345350863045
13.325924598913295,4192122.7142857146,2.8763345350863045
13.325924598913295,4341835.918367347,2.8763345350863045
13.325924598913295,4491549.12244898,2.8763345350863045
13.325924598913295,4641262.326530613,2.8763345350863045
13.325924598913295,4790975.530612245,2.8763345350863045
13.325924598913295,4940688.734693877,2.8763345350863045
13.325924598913295,5090401.9387755105,2.8763345350863045
13.325924598913295,5240115.142857144,2.8763345350863045
13.325924598913295,5389828.346938776,2.8763345350863045
13.325924598913295,5539541.551020408,2.8763345350863045
13.325924598913295,5689254.755102041,2.8763345350863045
13.325924598913295,5838967.959183674,2.8763345350863045
13.325924598913295,5988681.1632653065,2.8763345350863045
13.325924598913295,6138394.367346939,2.8763345350863045
13.325924598913295,6288107.571428572,2.8763345350863045
13.325924598913295,6437820.775510205,2.8763345350863045
13.325924598913295,6587533.979591837,2.8763345350863045
13.325924598913295,6737247.183673469,2.8763345350863045
13.325924598913295,6886960.3877551025,2.8763345350863045
13.325924598913295,7036673.591836736,2.8763345350863045
13.325924598913295,7186386.795918368,2.8763345350863045
13.325924598913295,7336100,2.8763345350863045
11.002899246362752,153,3.101332742723743
11.589691083211951,149866.20408163266,3.101332742723743
11.589691083211951,299579.4081632653,3.101332742723743
13.328838759157318,449292.612244898,3.101332742723743
13.328838759157318,599005.8163265307,3.101332742723743
13.328838759157318,748719.0204081633,3.101332742723743
13.328838759157318,898432.224489796,3.101332742723743
13.328838759157318,1048145.4285714286,3.101332742723743
13.328838759157318,1197858.6326530613,3.101332742723743
13.328838759157318,1347571.836734694,3.101332742723743
13.328838759157318,1497285.0408163266,3.101332742723743
13.328838759157318,1646998.2448979593,3.101332742723743
13.328838759157318,1796711.448979592,3.101332742723743
13.328838759157318,1946424.6530612246,3.101332742723743
13.328838759157318,2096137.8571428573,3.101332742723743
13.328838759157318,2245851.06122449,3.101332742723743
13.328838759157318,2395564.2653061226,3.101332742723743
13.328838759157318,2545277.4693877553,3.101332742723743
13.328838759157318,2694990.673469388,3.101332742723743
13.328838759157318,2844703.8775510206,3.101332742723743
13.328838759157318,2994417.0816326533,3.101332742723743
13.328838759157318,3144130.285714286,3.101332742723743
13.328838759157318,3293843.4897959186,3.101332742723743
13.328838759157318,3443556.6938775512,3.101332742723743
13.328838759157318,3593269.897959184,3.101332742723743
13.325924598913295,3742983.1020408166,3.101332742723743
13.325924598913295,3892696.306122449,3.101332742723743
13.325924598913295,4042409.510204082,3.101332742723743
13.325924598913295,4192122.7142857146,3.101332742723743
13.325924598913295,4341835.918367347,3.101332742723743
13.325924598913295,4491549.12244898,3.101332742723743
13.325924598913295,4641262.326530613,3.101332742723743
13.325924598913295,4790975.530612245,3.101332742723743
13.325924598913295,4940688.734693877,3.101332742723743
13.325924598913295,5090401.9387755105,3.101332742723743
13.325924598913295,5240115.142857144,3.101332742723743
13.325924598913295,5389828.346938776,3.101332742723743
13.325924598913295,5539541.551020408,3.101332742723743
13.325924598913295,5689254.755102041,3.101332742723743
13.325924598913295,5838967.959183674,3.101332742723743
13.325924598913295,5988681.1632653065,3.101332742723743
13.325924598913295,6138394.367346939,3.101332742723743
13.325924598913295,6288107.571428572,3.101332742723743
13.325924598913295,6437820.775510205,3.101332742723743
13.325924598913295,6587533.979591837,3.101332742723743
13.325924598913295,6737247.183673469,3.101332742723743
13.325924598913295,6886960.3877551025,3.101332742723743
13.325924598913295,7036673.591836736,3.101332742723743
13.325924598913295,7186386.795918368,3.101332742723743
13.325924598913295,7336100,3.101332742723743
11.002899246362752,153,3.326330950361182
11.589691083211951,149866.20408163266,3.326330950361182
11.589691083211951,299579.4081632653,3.326330950361182
13.328838759157318,449292.612244898,3.326330950361182
13.328838759157318,599005.8163265307,3.326330950361182
13.328838759157318,748719.0204081633,3.326330950361182
13.328838759157318,898432.224489796,3.326330950361182
13.328838759157318,1048145.4285714286,3.326330950361182
13.328838759157318,1197858.6326530613,3.326330950361182
13.328838759157318,1347571.836734694,3.326330950361182
13.328838759157318,1497285.0408163266,3.326330950361182
13.328838759157318,1646998.2448979593,3.326330950361182
13.328838759157318,1796711.448979592,3.326330950361182
13.328838759157318,1946424.6530612246,3.326330950361182
13.328838759157318,2096137.8571428573,3.326330950361182
13.328838759157318,2245851.06122449,3.326330950361182
13.328838759157318,2395564.2653061226,3.326330950361182
13.328838759157318,2545277.4693877553,3.326330950361182
13.328838759157318,2694990.673469388,3.326330950361182
13.328838759157318,2844703.8775510206,3.326330950361182
13.328838759157318,2994417.0816326533,3.326330950361182
13.328838759157318,3144130.285714286,3.326330950361182
13.328838759157318,3293843.4897959186,3.326330950361182
13.328838759157318,3443556.6938775512,3.326330950361182
13.328838759157318,3593269.897959184,3.326330950361182
13.325924598913295,3742983.1020408166,3.326330950361182
13.325924598913295,3892696.306122449,3.326330950361182
13.325924598913295,4042409.510204082,3.326330950361182
13.325924598913295,4192122.7142857146,3.326330950361182
13.325924598913295,4341835.918367347,3.326330950361182
13.325924598913295,4491549.12244898,3.326330950361182
13.325924598913295,4641262.326530613,3.326330950361182
13.325924598913295,4790975.530612245,3.326330950361182
13.325924598913295,4940688.734693877,3.326330950361182
13.325924598913295,5090401.9387755105,3.326330950361182
13.325924598913295,5240115.142857144,3.326330950361182
13.325924598913295,5389828.346938776,3.326330950361182
13.325924598913295,5539541.551020408,3.326330950361182
13.325924598913295,5689254.755102041,3.326330950361182
13.325924598913295,5838967.959183674,3.326330950361182
13.325924598913295,5988681.1632653065,3.326330950361182
13.325924598913295,6138394.367346939,3.326330950361182
13.325924598913295,6288107.571428572,3.326330950361182
13.325924598913295,6437820.775510205,3.326330950361182
13.325924598913295,6587533.979591837,3.326330950361182
13.325924598913295,6737247.183673469,3.326330950361182
13.325924598913295,6886960.3877551025,3.326330950361182
13.325924598913295,7036673.591836736,3.326330950361182
13.325924598913295,7186386.795918368,3.326330950361182
13.325924598913295,7336100,3.326330950361182
11.002899246362752,153,3.551329157998621
11.589691083211951,149866.20408163266,3.551329157998621
11.589691083211951,299579.4081632653,3.551329157998621
13.328838759157318,449292.612244898,3.551329157998621
13.328838759157318,599005.8163265307,3.551329157998621
13.328838759157318,748719.0204081633,3.551329157998621
13.328838759157318,898432.224489796,3.551329157998621
13.328838759157318,1048145.4285714286,3.551329157998621
13.328838759157318,1197858.6326530613,3.551329157998621
13.328838759157318,1347571.836734694,3.551329157998621
13.328838759157318,1497285.0408163266,3.551329157998621
13.328838759157318,1646998.2448979593,3.551329157998621
13.328838759157318,1796711.448979592,3.551329157998621
13.328838759157318,1946424.6530612246,3.551329157998621
13.328838759157318,2096137.8571428573,3.551329157998621
13.328838759157318,2245851.06122449,3.551329157998621
13.328838759157318,2395564.2653061226,3.551329157998621
13.328838759157318,2545277.4693877553,3.551329157998621
13.328838759157318,2694990.673469388,3.551329157998621
13.328838759157318,2844703.8775510206,3.551329157998621
13.328838759157318,2994417.0816326533,3.551329157998621
13.328838759157318,3144130.285714286,3.551329157998621
13.328838759157318,3293843.4897959186,3.551329157998621
13.328838759157318,3443556.6938775512,3.551329157998621
13.328838759157318,3593269.897959184,3.551329157998621
13.325924598913295,3742983.1020408166,3.551329157998621
13.325924598913295,3892696.306122449,3.551329157998621
13.325924598913295,4042409.510204082,3.551329157998621
13.325924598913295,4192122.7142857146,3.551329157998621
13.325924598913295,4341835.918367347,3.551329157998621
13.325924598913295,4491549.12244898,3.551329157998621
13.325924598913295,4641262.326530613,3.551329157998621
13.325924598913295,4790975.530612245,3.551329157998621
13.325924598913295,4940688.734693877,3.551329157998621
13.325924598913295,5090401.9387755105,3.551329157998621
13.325924598913295,5240115.142857144,3.551329157998621
13.325924598913295,5389828.346938776,3.551329157998621
13.325924598913295,5539541.551020408,3.551329157998621
13.325924598913295,5689254.755102041,3.551329157998621
13.325924598913295,5838967.959183674,3.551329157998621
13.325924598913295,5988681.1632653065,3.551329157998621
13.325924598913295,6138394.367346939,3.551329157998621
13.325924598913295,6288107.571428572,3.551329157998621
13.325924598913295,6437820.775510205,3.551329157998621
13.325924598913295,6587533.979591837,3.551329157998621
13.325924598913295,6737247.183673469,3.551329157998621
13.325924598913295,6886960.3877551025,3.551329157998621
13.325924598913295,7036673.591836736,3.551329157998621
13.325924598913295,7186386.795918368,3.551329157998621
13.325924598913295,7336100,3.551329157998621
11.002899246362752,153,3.7763273656360594
11.589691083211951,149866.20408163266,3.7763273656360594
11.589691083211951,299579.4081632653,3.7763273656360594
13.328838759157318,449292.612244898,3.7763273656360594
13.328838759157318,599005.8163265307,3.7763273656360594
13.328838759157318,748719.0204081633,3.7763273656360594
13.328838759157318,898432.224489796,3.7763273656360594
13.328838759157318,1048145.4285714286,3.7763273656360594
13.328838759157318,1197858.6326530613,3.7763273656360594
13.328838759157318,1347571.836734694,3.7763273656360594
13.328838759157318,1497285.0408163266,3.7763273656360594
13.328838759157318,1646998.2448979593,3.7763273656360594
13.328838759157318,1796711.448979592,3.7763273656360594
13.328838759157318,1946424.6530612246,3.7763273656360594
13.328838759157318,2096137.8571428573,3.7763273656360594
13.328838759157318,2245851.06122449,3.7763273656360594
13.328838759157318,2395564.2653061226,3.7763273656360594
13.328838759157318,2545277.4693877553,3.7763273656360594
13.328838759157318,2694990.673469388,3.7763273656360594
13.328838759157318,2844703.8775510206,3.7763273656360594
13.328838759157318,2994417.0816326533,3.7763273656360594
13.328838759157318,3144130.285714286,3.7763273656360594
13.328838759157318,3293843.4897959186,3.7763273656360594
13.328838759157318,3443556.6938775512,3.7763273656360594
13.328838759157318,3593269.897959184,3.7763273656360594
13.325924598913295,3742983.1020408166,3.7763273656360594
13.325924598913295,3892696.306122449,3.7763273656360594
13.325924598913295,4042409.510204082,3.7763273656360594
13.325924598913295,4192122.7142857146,3.7763273656360594
13.325924598913295,4341835.918367347,3.7763273656360594
13.325924598913295,4491549.12244898,3.7763273656360594
13.325924598913295,4641262.326530613,3.7763273656360594
13.325924598913295,4790975.530612245,3.7763273656360594
13.325924598913295,4940688.734693877,3.7763273656360594
13.325924598913295,5090401.9387755105,3.7763273656360594
13.325924598913295,5240115.142857144,3.7763273656360594
13.325924598913295,5389828.346938776,3.7763273656360594
13.325924598913295,5539541.551020408,3.7763273656360594
13.325924598913295,5689254.755102041,3.7763273656360594
13.325924598913295,5838967.959183674,3.7763273656360594
13.325924598913295,5988681.1632653065,3.7763273656360594
13.325924598913295,6138394.367346939,3.7763273656360594
13.325924598913295,6288107.571428572,3.7763273656360594
13.325924598913295,6437820.775510205,3.7763273656360594
13.325924598913295,6587533.979591837,3.7763273656360594
13.325924598913295,6737247.183673469,3.7763273656360594
13.325924598913295,6886960.3877551025,3.7763273656360594
13.325924598913295,7036673.591836736,3.7763273656360594
13.325924598913295,7186386.795918368,3.7763273656360594
13.325924598913295,7336100,3.7763273656360594
11.002899246362752,153,4.001325573273498
11.589691083211951,149866.20408163266,4.001325573273498
11.589691083211951,299579.4081632653,4.001325573273498
13.328838759157318,449292.612244898,4.001325573273498
13.328838759157318,599005.8163265307,4.001325573273498
13.328838759157318,748719.0204081633,4.001325573273498
13.328838759157318,898432.224489796,4.001325573273498
13.328838759157318,1048145.4285714286,4.001325573273498
13.328838759157318,1197858.6326530613,4.001325573273498
13.328838759157318,1347571.836734694,4.001325573273498
13.328838759157318,1497285.0408163266,4.001325573273498
13.328838759157318,1646998.2448979593,4.001325573273498
13.328838759157318,1796711.448979592,4.001325573273498
13.328838759157318,1946424.6530612246,4.001325573273498
13.328838759157318,2096137.8571428573,4.001325573273498
13.328838759157318,2245851.06122449,4.001325573273498
13.328838759157318,2395564.2653061226,4.001325573273498
13.328838759157318,2545277.4693877553,4.001325573273498
13.328838759157318,2694990.673469388,4.001325573273498
13.328838759157318,2844703.8775510206,4.001325573273498
13.328838759157318,2994417.0816326533,4.001325573273498
13.328838759157318,3144130.285714286,4.001325573273498
13.328838759157318,3293843.4897959186,4.001325573273498
13.328838759157318,3443556.6938775512,4.001325573273498
13.328838759157318,3593269.897959184,4.001325573273498
13.325924598913295,3742983.1020408166,4.001325573273498
13.325924598913295,3892696.306122449,4.001325573273498
13.325924598913295,4042409.510204082,4.001325573273498
13.325924598913295,4192122.7142857146,4.001325573273498
13.325924598913295,4341835.918367347,4.001325573273498
13.325924598913295,4491549.12244898,4.001325573273498
13.325924598913295,4641262.326530613,4.001325573273498
13.325924598913295,4790975.530612245,4.001325573273498
13.325924598913295,4940688.734693877,4.001325573273498
13.325924598913295,5090401.9387755105,4.001325573273498
13.325924598913295,5240115.142857144,4.001325573273498
13.325924598913295,5389828.346938776,4.001325573273498
13.325924598913295,5539541.551020408,4.001325573273498
13.325924598913295,5689254.755102041,4.001325573273498
13.325924598913295,5838967.959183674,4.001325573273498
13.325924598913295,5988681.1632653065,4.001325573273498
13.325924598913295,6138394.367346939,4.001325573273498
13.325924598913295,6288107.571428572,4.001325573273498
13.325924598913295,6437820.775510205,4.001325573273498
13.325924598913295,6587533.979591837,4.001325573273498
13.325924598913295,6737247.183673469,4.001325573273498
13.325924598913295,6886960.3877551025,4.001325573273498
13.325924598913295,7036673.591836736,4.001325573273498
13.325924598913295,7186386.795918368,4.001325573273498
13.325924598913295,7336100,4.001325573273498
10.96616072446089,153,4.226323780910937
11.55099124644886,149866.20408163266,4.226323780910937
11.55099124644886,299579.4081632653,4.226323780910937
13.290138922394226,449292.612244898,4.226323780910937
13.290138922394226,599005.8163265307,4.226323780910937
13.290138922394226,748719.0204081633,4.226323780910937
13.290138922394226,898432.224489796,4.226323780910937
13.290138922394226,1048145.4285714286,4.226323780910937
13.290138922394226,1197858.6326530613,4.226323780910937
13.290138922394226,1347571.836734694,4.226323780910937
13.290138922394226,1497285.0408163266,4.226323780910937
13.290138922394226,1646998.2448979593,4.226323780910937
13.290138922394226,1796711.448979592,4.226323780910937
13.290138922394226,1946424.6530612246,4.226323780910937
13.290138922394226,2096137.8571428573,4.226323780910937
13.290138922394226,2245851.06122449,4.226323780910937
13.290138922394226,2395564.2653061226,4.226323780910937
13.290138922394226,2545277.4693877553,4.226323780910937
13.290138922394226,2694990.673469388,4.226323780910937
13.290138922394226,2844703.8775510206,4.226323780910937
13.290138922394226,2994417.0816326533,4.226323780910937
13.290138922394226,3144130.285714286,4.226323780910937
13.290138922394226,3293843.4897959186,4.226323780910937
13.290138922394226,3443556.6938775512,4.226323780910937
13.290138922394226,3593269.897959184,4.226323780910937
13.287224762150203,3742983.1020408166,4.226323780910937
13.287224762150203,3892696.306122449,4.226323780910937
13.287224762150203,4042409.510204082,4.226323780910937
13.287224762150203,4192122.7142857146,4.226323780910937
13.287224762150203,4341835.918367347,4.226323780910937
13.287224762150203,4491549.12244898,4.226323780910937
13.287224762150203,4641262.326530613,4.226323780910937
13.287224762150203,4790975.530612245,4.226323780910937
13.287224762150203,4940688.734693877,4.226323780910937
13.287224762150203,5090401.9387755105,4.226323780910937
13.287224762150203,5240115.142857144,4.226323780910937
13.287224762150203,5389828.346938776,4.226323780910937
13.287224762150203,5539541.551020408,4.226323780910937
13.287224762150203,5689254.755102041,4.226323780910937
13.287224762150203,5838967.959183674,4.226323780910937
13.287224762150203,5988681.1632653065,4.226323780910937
13.287224762150203,6138394.367346939,4.226323780910937
13.287224762150203,6288107.571428572,4.226323780910937
13.287224762150203,6437820.775510205,4.226323780910937
13.287224762150203,6587533.979591837,4.226323780910937
13.287224762150203,6737247.183673469,4.226323780910937
13.287224762150203,6886960.3877551025,4.226323780910937
13.287224762150203,7036673.591836736,4.226323780910937
13.287224762150203,7186386.795918368,4.226323780910937
13.287224762150203,7336100,4.226323780910937
10.96616072446089,153,4.451321988548376
11.55099124644886,149866.20408163266,4.451321988548376
11.55099124644886,299579.4081632653,4.451321988548376
13.290138922394226,449292.612244898,4.451321988548376
13.290138922394226,599005.8163265307,4.451321988548376
13.290138922394226,748719.0204081633,4.451321988548376
13.290138922394226,898432.224489796,4.451321988548376
13.290138922394226,1048145.4285714286,4.451321988548376
13.290138922394226,1197858.6326530613,4.451321988548376
13.290138922394226,1347571.836734694,4.451321988548376
13.290138922394226,1497285.0408163266,4.451321988548376
13.290138922394226,1646998.2448979593,4.451321988548376
13.290138922394226,1796711.448979592,4.451321988548376
13.290138922394226,1946424.6530612246,4.451321988548376
13.290138922394226,2096137.8571428573,4.451321988548376
13.290138922394226,2245851.06122449,4.451321988548376
13.290138922394226,2395564.2653061226,4.451321988548376
13.290138922394226,2545277.4693877553,4.451321988548376
13.290138922394226,2694990.673469388,4.451321988548376
13.290138922394226,2844703.8775510206,4.451321988548376
13.290138922394226,2994417.0816326533,4.451321988548376
13.290138922394226,3144130.285714286,4.451321988548376
13.290138922394226,3293843.4897959186,4.451321988548376
13.290138922394226,3443556.6938775512,4.451321988548376
13.290138922394226,3593269.897959184,4.451321988548376
13.287224762150203,3742983.1020408166,4.451321988548376
13.287224762150203,3892696.306122449,4.451321988548376
13.287224762150203,4042409.510204082,4.451321988548376
13.287224762150203,4192122.7142857146,4.451321988548376
13.287224762150203,4341835.918367347,4.451321988548376
13.287224762150203,4491549.12244898,4.451321988548376
13.287224762150203,4641262.326530613,4.451321988548376
13.287224762150203,4790975.530612245,4.451321988548376
13.287224762150203,4940688.734693877,4.451321988548376
13.287224762150203,5090401.9387755105,4.451321988548376
13.287224762150203,5240115.142857144,4.451321988548376
13.287224762150203,5389828.346938776,4.451321988548376
13.287224762150203,5539541.551020408,4.451321988548376
13.287224762150203,5689254.755102041,4.451321988548376
13.287224762150203,5838967.959183674,4.451321988548376
13.287224762150203,5988681.1632653065,4.451321988548376
13.287224762150203,6138394.367346939,4.451321988548376
13.287224762150203,6288107.571428572,4.451321988548376
13.287224762150203,6437820.775510205,4.451321988548376
13.287224762150203,6587533.979591837,4.451321988548376
13.287224762150203,6737247.183673469,4.451321988548376
13.287224762150203,6886960.3877551025,4.451321988548376
13.287224762150203,7036673.591836736,4.451321988548376
13.287224762150203,7186386.795918368,4.451321988548376
13.287224762150203,7336100,4.451321988548376
10.96616072446089,153,4.676320196185815
11.55099124644886,149866.20408163266,4.676320196185815
11.55099124644886,299579.4081632653,4.676320196185815
13.290138922394226,449292.612244898,4.676320196185815
13.290138922394226,599005.8163265307,4.676320196185815
13.290138922394226,748719.0204081633,4.676320196185815
13.290138922394226,898432.224489796,4.676320196185815
13.290138922394226,1048145.4285714286,4.676320196185815
13.290138922394226,1197858.6326530613,4.676320196185815
13.290138922394226,1347571.836734694,4.676320196185815
13.290138922394226,1497285.0408163266,4.676320196185815
13.290138922394226,1646998.2448979593,4.676320196185815
13.290138922394226,1796711.448979592,4.676320196185815
13.290138922394226,1946424.6530612246,4.676320196185815
13.290138922394226,2096137.8571428573,4.676320196185815
13.290138922394226,2245851.06122449,4.676320196185815
13.290138922394226,2395564.2653061226,4.676320196185815
13.290138922394226,2545277.4693877553,4.676320196185815
13.290138922394226,2694990.673469388,4.676320196185815
13.290138922394226,2844703.8775510206,4.676320196185815
13.290138922394226,2994417.0816326533,4.676320196185815
13.290138922394226,3144130.285714286,4.676320196185815
13.290138922394226,3293843.4897959186,4.676320196185815
13.290138922394226,3443556.6938775512,4.676320196185815
13.290138922394226,3593269.897959184,4.676320196185815
13.287224762150203,3742983.1020408166,4.676320196185815
13.287224762150203,3892696.306122449,4.676320196185815
13.287224762150203,4042409.510204082,4.676320196185815
13.287224762150203,4192122.7142857146,4.676320196185815
13.287224762150203,4341835.918367347,4.676320196185815
13.287224762150203,4491549.12244898,4.676320196185815
13.287224762150203,4641262.326530613,4.676320196185815
13.287224762150203,4790975.530612245,4.676320196185815
13.287224762150203,4940688.734693877,4.676320196185815
13.287224762150203,5090401.9387755105,4.676320196185815
13.287224762150203,5240115.142857144,4.676320196185815
13.287224762150203,5389828.346938776,4.676320196185815
13.287224762150203,5539541.551020408,4.676320196185815
13.287224762150203,5689254.755102041,4.676320196185815
13.287224762150203,5838967.959183674,4.676320196185815
13.287224762150203,5988681.1632653065,4.676320196185815
13.287224762150203,6138394.367346939,4.676320196185815
13.287224762150203,6288107.571428572,4.676320196185815
13.287224762150203,6437820.775510205,4.676320196185815
13.287224762150203,6587533.979591837,4.676320196185815
13.287224762150203,6737247.183673469,4.676320196185815
13.287224762150203,6886960.3877551025,4.676320196185815
13.287224762150203,7036673.591836736,4.676320196185815
13.287224762150203,7186386.795918368,4.676320196185815
13.287224762150203,7336100,4.676320196185815
10.96616072446089,153,4.901318403823253
11.55099124644886,149866.20408163266,4.901318403823253
11.55099124644886,299579.4081632653,4.901318403823253
13.290138922394226,449292.612244898,4.901318403823253
13.290138922394226,599005.8163265307,4.901318403823253
13.290138922394226,748719.0204081633,4.901318403823253
13.290138922394226,898432.224489796,4.901318403823253
13.290138922394226,1048145.4285714286,4.901318403823253
13.290138922394226,1197858.6326530613,4.901318403823253
13.290138922394226,1347571.836734694,4.901318403823253
13.290138922394226,1497285.0408163266,4.901318403823253
13.290138922394226,1646998.2448979593,4.901318403823253
13.290138922394226,1796711.448979592,4.901318403823253
13.290138922394226,1946424.6530612246,4.901318403823253
13.290138922394226,2096137.8571428573,4.901318403823253
13.290138922394226,2245851.06122449,4.901318403823253
13.290138922394226,2395564.2653061226,4.901318403823253
13.290138922394226,2545277.4693877553,4.901318403823253
13.290138922394226,2694990.673469388,4.901318403823253
13.290138922394226,2844703.8775510206,4.901318403823253
13.290138922394226,2994417.0816326533,4.901318403823253
13.290138922394226,3144130.285714286,4.901318403823253
13.290138922394226,3293843.4897959186,4.901318403823253
13.290138922394226,3443556.6938775512,4.901318403823253
13.290138922394226,3593269.897959184,4.901318403823253
13.287224762150203,3742983.1020408166,4.901318403823253
13.287224762150203,3892696.306122449,4.901318403823253
13.287224762150203,4042409.510204082,4.901318403823253
13.287224762150203,4192122.7142857146,4.901318403823253
13.287224762150203,4341835.918367347,4.901318403823253
13.287224762150203,4491549.12244898,4.901318403823253
13.287224762150203,4641262.326530613,4.901318403823253
13.287224762150203,4790975.530612245,4.901318403823253
13.287224762150203,4940688.734693877,4.901318403823253
13.287224762150203,5090401.9387755105,4.901318403823253
13.287224762150203,5240115.142857144,4.901318403823253
13.287224762150203,5389828.346938776,4.901318403823253
13.287224762150203,5539541.551020408,4.901318403823253
13.287224762150203,5689254.755102041,4.901318403823253
13.287224762150203,5838967.959183674,4.901318403823253
13.287224762150203,5988681.1632653065,4.901318403823253
13.287224762150203,6138394.367346939,4.901318403823253
13.287224762150203,6288107.571428572,4.901318403823253
13.287224762150203,6437820.775510205,4.901318403823253
13.287224762150203,6587533.979591837,4.901318403823253
13.287224762150203,6737247.183673469,4.901318403823253
13.287224762150203,6886960.3877551025,4.901318403823253
13.287224762150203,7036673.591836736,4.901318403823253
13.287224762150203,7186386.795918368,4.901318403823253
13.287224762150203,7336100,4.901318403823253
10.96616072446089,153,5.126316611460692
11.55099124644886,149866.20408163266,5.126316611460692
11.55099124644886,299579.4081632653,5.126316611460692
13.290138922394226,449292.612244898,5.126316611460692
13.290138922394226,599005.8163265307,5.126316611460692
13.290138922394226,748719.0204081633,5.126316611460692
13.290138922394226,898432.224489796,5.126316611460692
13.290138922394226,1048145.4285714286,5.126316611460692
13.290138922394226,1197858.6326530613,5.126316611460692
13.290138922394226,1347571.836734694,5.126316611460692
13.290138922394226,1497285.0408163266,5.126316611460692
13.290138922394226,1646998.2448979593,5.126316611460692
13.290138922394226,1796711.448979592,5.126316611460692
13.290138922394226,1946424.6530612246,5.126316611460692
13.290138922394226,2096137.8571428573,5.126316611460692
13.290138922394226,2245851.06122449,5.126316611460692
13.290138922394226,2395564.2653061226,5.126316611460692
13.290138922394226,2545277.4693877553,5.126316611460692
13.290138922394226,2694990.673469388,5.126316611460692
13.290138922394226,2844703.8775510206,5.126316611460692
13.290138922394226,2994417.0816326533,5.126316611460692
13.290138922394226,3144130.285714286,5.126316611460692
13.290138922394226,3293843.4897959186,5.126316611460692
13.290138922394226,3443556.6938775512,5.126316611460692
13.290138922394226,3593269.897959184,5.126316611460692
13.287224762150203,3742983.1020408166,5.126316611460692
13.287224762150203,3892696.306122449,5.126316611460692
13.287224762150203,4042409.510204082,5.126316611460692
13.287224762150203,4192122.7142857146,5.126316611460692
13.287224762150203,4341835.918367347,5.126316611460692
13.287224762150203,4491549.12244898,5.126316611460692
13.287224762150203,4641262.326530613,5.126316611460692
13.287224762150203,4790975.530612245,5.126316611460692
13.287224762150203,4940688.734693877,5.126316611460692
13.287224762150203,5090401.9387755105,5.126316611460692
13.287224762150203,5240115.142857144,5.126316611460692
13.287224762150203,5389828.346938776,5.126316611460692
13.287224762150203,5539541.551020408,5.126316611460692
13.287224762150203,5689254.755102041,5.126316611460692
13.287224762150203,5838967.959183674,5.126316611460692
13.287224762150203,5988681.1632653065,5.126316611460692
13.287224762150203,6138394.367346939,5.126316611460692
13.287224762150203,6288107.571428572,5.126316611460692
13.287224762150203,6437820.775510205,5.126316611460692
13.287224762150203,6587533.979591837,5.126316611460692
13.287224762150203,6737247.183673469,5.126316611460692
13.287224762150203,6886960.3877551025,5.126316611460692
13.287224762150203,7036673.591836736,5.126316611460692
13.287224762150203,7186386.795918368,5.126316611460692
13.287224762150203,7336100,5.126316611460692
10.96616072446089,153,5.35131481909813
11.55099124644886,149866.20408163266,5.35131481909813
11.55099124644886,299579.4081632653,5.35131481909813
13.290138922394226,449292.612244898,5.35131481909813
13.290138922394226,599005.8163265307,5.35131481909813
13.290138922394226,748719.0204081633,5.35131481909813
13.290138922394226,898432.224489796,5.35131481909813
13.290138922394226,1048145.4285714286,5.35131481909813
13.290138922394226,1197858.6326530613,5.35131481909813
13.290138922394226,1347571.836734694,5.35131481909813
13.290138922394226,1497285.0408163266,5.35131481909813
13.290138922394226,1646998.2448979593,5.35131481909813
13.290138922394226,1796711.448979592,5.35131481909813
13.290138922394226,1946424.6530612246,5.35131481909813
13.290138922394226,2096137.8571428573,5.35131481909813
13.290138922394226,2245851.06122449,5.35131481909813
13.290138922394226,2395564.2653061226,5.35131481909813
13.290138922394226,2545277.4693877553,5.35131481909813
13.290138922394226,2694990.673469388,5.35131481909813
13.290138922394226,2844703.8775510206,5.35131481909813
13.290138922394226,2994417.0816326533,5.35131481909813
13.290138922394226,3144130.285714286,5.35131481909813
13.290138922394226,3293843.4897959186,5.35131481909813
13.290138922394226,3443556.6938775512,5.35131481909813
13.290138922394226,3593269.897959184,5.35131481909813
13.287224762150203,3742983.1020408166,5.35131481909813
13.287224762150203,3892696.306122449,5.35131481909813
13.287224762150203,4042409.510204082,5.35131481909813
13.287224762150203,4192122.7142857146,5.35131481909813
13.287224762150203,4341835.918367347,5.35131481909813
13.287224762150203,4491549.12244898,5.35131481909813
13.287224762150203,4641262.326530613,5.35131481909813
13.287224762150203,4790975.530612245,5.35131481909813
13.287224762150203,4940688.734693877,5.35131481909813
13.287224762150203,5090401.9387755105,5.35131481909813
13.287224762150203,5240115.142857144,5.35131481909813
13.287224762150203,5389828.346938776,5.35131481909813
13.287224762150203,5539541.551020408,5.35131481909813
13.287224762150203,5689254.755102041,5.35131481909813
13.287224762150203,5838967.959183674,5.35131481909813
13.287224762150203,5988681.1632653065,5.35131481909813
13.287224762150203,6138394.367346939,5.35131481909813
13.287224762150203,6288107.571428572,5.35131481909813
13.287224762150203,6437820.775510205,5.35131481909813
13.287224762150203,6587533.979591837,5.35131481909813
13.287224762150203,6737247.183673469,5.35131481909813
13.287224762150203,6886960.3877551025,5.35131481909813
13.287224762150203,7036673.591836736,5.35131481909813
13.287224762150203,7186386.795918368,5.35131481909813
13.287224762150203,7336100,5.35131481909813
10.96616072446089,153,5.576313026735569
11.55099124644886,149866.20408163266,5.576313026735569
11.55099124644886,299579.4081632653,5.576313026735569
13.290138922394226,449292.612244898,5.576313026735569
13.290138922394226,599005.8163265307,5.576313026735569
13.290138922394226,748719.0204081633,5.576313026735569
13.290138922394226,898432.224489796,5.576313026735569
13.290138922394226,1048145.4285714286,5.576313026735569
13.290138922394226,1197858.6326530613,5.576313026735569
13.290138922394226,1347571.836734694,5.576313026735569
13.290138922394226,1497285.0408163266,5.576313026735569
13.290138922394226,1646998.2448979593,5.576313026735569
13.290138922394226,1796711.448979592,5.576313026735569
13.290138922394226,1946424.6530612246,5.576313026735569
13.290138922394226,2096137.8571428573,5.576313026735569
13.290138922394226,2245851.06122449,5.576313026735569
13.290138922394226,2395564.2653061226,5.576313026735569
13.290138922394226,2545277.4693877553,5.576313026735569
13.290138922394226,2694990.673469388,5.576313026735569
13.290138922394226,2844703.8775510206,5.576313026735569
13.290138922394226,2994417.0816326533,5.576313026735569
13.290138922394226,3144130.285714286,5.576313026735569
13.290138922394226,3293843.4897959186,5.576313026735569
13.290138922394226,3443556.6938775512,5.576313026735569
13.290138922394226,3593269.897959184,5.576313026735569
13.287224762150203,3742983.1020408166,5.576313026735569
13.287224762150203,3892696.306122449,5.576313026735569
13.287224762150203,4042409.510204082,5.576313026735569
13.287224762150203,4192122.7142857146,5.576313026735569
13.287224762150203,4341835.918367347,5.576313026735569
13.287224762150203,4491549.12244898,5.576313026735569
13.287224762150203,4641262.326530613,5.576313026735569
13.287224762150203,4790975.530612245,5.576313026735569
13.287224762150203,4940688.734693877,5.576313026735569
13.287224762150203,5090401.9387755105,5.576313026735569
13.287224762150203,5240115.142857144,5.576313026735569
13.287224762150203,5389828.346938776,5.576313026735569
13.287224762150203,5539541.551020408,5.576313026735569
13.287224762150203,5689254.755102041,5.576313026735569
13.287224762150203,5838967.959183674,5.576313026735569
13.287224762150203,5988681.1632653065,5.576313026735569
13.287224762150203,6138394.367346939,5.576313026735569
13.287224762150203,6288107.571428572,5.576313026735569
13.287224762150203,6437820.775510205,5.576313026735569
13.287224762150203,6587533.979591837,5.576313026735569
13.287224762150203,6737247.183673469,5.576313026735569
13.287224762150203,6886960.3877551025,5.576313026735569
13.287224762150203,7036673.591836736,5.576313026735569
13.287224762150203,7186386.795918368,5.576313026735569
13.287224762150203,7336100,5.576313026735569
10.96616072446089,153,5.801311234373008
11.55099124644886,149866.20408163266,5.801311234373008
11.55099124644886,299579.4081632653,5.801311234373008
13.290138922394226,449292.612244898,5.801311234373008
13.290138922394226,599005.8163265307,5.801311234373008
13.290138922394226,748719.0204081633,5.801311234373008
13.290138922394226,898432.224489796,5.801311234373008
13.290138922394226,1048145.4285714286,5.801311234373008
13.290138922394226,1197858.6326530613,5.801311234373008
13.290138922394226,1347571.836734694,5.801311234373008
13.290138922394226,1497285.0408163266,5.801311234373008
13.290138922394226,1646998.2448979593,5.801311234373008
13.290138922394226,1796711.448979592,5.801311234373008
13.290138922394226,1946424.6530612246,5.801311234373008
13.290138922394226,2096137.8571428573,5.801311234373008
13.290138922394226,2245851.06122449,5.801311234373008
13.290138922394226,2395564.2653061226,5.801311234373008
13.290138922394226,2545277.4693877553,5.801311234373008
13.290138922394226,2694990.673469388,5.801311234373008
13.290138922394226,2844703.8775510206,5.801311234373008
13.290138922394226,2994417.0816326533,5.801311234373008
13.290138922394226,3144130.285714286,5.801311234373008
13.290138922394226,3293843.4897959186,5.801311234373008
13.290138922394226,3443556.6938775512,5.801311234373008
13.290138922394226,3593269.897959184,5.801311234373008
13.287224762150203,3742983.1020408166,5.801311234373008
13.287224762150203,3892696.306122449,5.801311234373008
13.287224762150203,4042409.510204082,5.801311234373008
13.287224762150203,4192122.7142857146,5.801311234373008
13.287224762150203,4341835.918367347,5.801311234373008
13.287224762150203,4491549.12244898,5.801311234373008
13.287224762150203,4641262.326530613,5.801311234373008
13.287224762150203,4790975.530612245,5.801311234373008
13.287224762150203,4940688.734693877,5.801311234373008
13.287224762150203,5090401.9387755105,5.801311234373008
13.287224762150203,5240115.142857144,5.801311234373008
13.287224762150203,5389828.346938776,5.801311234373008
13.287224762150203,5539541.551020408,5.801311234373008
13.287224762150203,5689254.755102041,5.801311234373008
13.287224762150203,5838967.959183674,5.801311234373008
13.287224762150203,5988681.1632653065,5.801311234373008
13.287224762150203,6138394.367346939,5.801311234373008
13.287224762150203,6288107.571428572,5.801311234373008
13.287224762150203,6437820.775510205,5.801311234373008
13.287224762150203,6587533.979591837,5.801311234373008
13.287224762150203,6737247.183673469,5.801311234373008
13.287224762150203,6886960.3877551025,5.801311234373008
13.287224762150203,7036673.591836736,5.801311234373008
13.287224762150203,7186386.795918368,5.801311234373008
13.287224762150203,7336100,5.801311234373008
10.96616072446089,153,6.026309442010446
11.55099124644886,149866.20408163266,6.026309442010446
11.55099124644886,299579.4081632653,6.026309442010446
13.290138922394226,449292.612244898,6.026309442010446
13.290138922394226,599005.8163265307,6.026309442010446
13.290138922394226,748719.0204081633,6.026309442010446
13.290138922394226,898432.224489796,6.026309442010446
13.290138922394226,1048145.4285714286,6.026309442010446
13.290138922394226,1197858.6326530613,6.026309442010446
13.290138922394226,1347571.836734694,6.026309442010446
13.290138922394226,1497285.0408163266,6.026309442010446
13.290138922394226,1646998.2448979593,6.026309442010446
13.290138922394226,1796711.448979592,6.026309442010446
13.290138922394226,1946424.6530612246,6.026309442010446
13.290138922394226,2096137.8571428573,6.026309442010446
13.290138922394226,2245851.06122449,6.026309442010446
13.290138922394226,2395564.2653061226,6.026309442010446
13.290138922394226,2545277.4693877553,6.026309442010446
13.290138922394226,2694990.673469388,6.026309442010446
13.290138922394226,2844703.8775510206,6.026309442010446
13.290138922394226,2994417.0816326533,6.026309442010446
13.290138922394226,3144130.285714286,6.026309442010446
13.290138922394226,3293843.4897959186,6.026309442010446
13.290138922394226,3443556.6938775512,6.026309442010446
13.290138922394226,3593269.897959184,6.026309442010446
13.287224762150203,3742983.1020408166,6.026309442010446
13.287224762150203,3892696.306122449,6.026309442010446
13.287224762150203,4042409.510204082,6.026309442010446
13.287224762150203,4192122.7142857146,6.026309442010446
13.287224762150203,4341835.918367347,6.026309442010446
13.287224762150203,4491549.12244898,6.026309442010446
13.287224762150203,4641262.326530613,6.026309442010446
13.287224762150203,4790975.530612245,6.026309442010446
13.287224762150203,4940688.734693877,6.026309442010446
13.287224762150203,5090401.9387755105,6.026309442010446
13.287224762150203,5240115.142857144,6.026309442010446
13.287224762150203,5389828.346938776,6.026309442010446
13.287224762150203,5539541.551020408,6.026309442010446
13.287224762150203,5689254.755102041,6.026309442010446
13.287224762150203,5838967.959183674,6.026309442010446
13.287224762150203,5988681.1632653065,6.026309442010446
13.287224762150203,6138394.367346939,6.026309442010446
13.287224762150203,6288107.571428572,6.026309442010446
13.287224762150203,6437820.775510205,6.026309442010446
13.287224762150203,6587533.979591837,6.026309442010446
13.287224762150203,6737247.183673469,6.026309442010446
13.287224762150203,6886960.3877551025,6.026309442010446
13.287224762150203,7036673.591836736,6.026309442010446
13.287224762150203,7186386.795918368,6.026309442010446
13.287224762150203,7336100,6.026309442010446
10.96616072446089,153,6.251307649647885
11.55099124644886,149866.20408163266,6.251307649647885
11.55099124644886,299579.4081632653,6.251307649647885
13.290138922394226,449292.612244898,6.251307649647885
13.290138922394226,599005.8163265307,6.251307649647885
13.290138922394226,748719.0204081633,6.251307649647885
13.290138922394226,898432.224489796,6.251307649647885
13.290138922394226,1048145.4285714286,6.251307649647885
13.290138922394226,1197858.6326530613,6.251307649647885
13.290138922394226,1347571.836734694,6.251307649647885
13.290138922394226,1497285.0408163266,6.251307649647885
13.290138922394226,1646998.2448979593,6.251307649647885
13.290138922394226,1796711.448979592,6.251307649647885
13.290138922394226,1946424.6530612246,6.251307649647885
13.290138922394226,2096137.8571428573,6.251307649647885
13.290138922394226,2245851.06122449,6.251307649647885
13.290138922394226,2395564.2653061226,6.251307649647885
13.290138922394226,2545277.4693877553,6.251307649647885
13.290138922394226,2694990.673469388,6.251307649647885
13.290138922394226,2844703.8775510206,6.251307649647885
13.290138922394226,2994417.0816326533,6.251307649647885
13.290138922394226,3144130.285714286,6.251307649647885
13.290138922394226,3293843.4897959186,6.251307649647885
13.290138922394226,3443556.6938775512,6.251307649647885
13.290138922394226,3593269.897959184,6.251307649647885
13.287224762150203,3742983.1020408166,6.251307649647885
13.287224762150203,3892696.306122449,6.251307649647885
13.287224762150203,4042409.510204082,6.251307649647885
13.287224762150203,4192122.7142857146,6.251307649647885
13.287224762150203,4341835.918367347,6.251307649647885
13.287224762150203,4491549.12244898,6.251307649647885
13.287224762150203,4641262.326530613,6.251307649647885
13.287224762150203,4790975.530612245,6.251307649647885
13.287224762150203,4940688.734693877,6.251307649647885
13.287224762150203,5090401.9387755105,6.251307649647885
13.287224762150203,5240115.142857144,6.251307649647885
13.287224762150203,5389828.346938776,6.251307649647885
13.287224762150203,5539541.551020408,6.251307649647885
13.287224762150203,5689254.755102041,6.251307649647885
13.287224762150203,5838967.959183674,6.251307649647885
13.287224762150203,5988681.1632653065,6.251307649647885
13.287224762150203,6138394.367346939,6.251307649647885
13.287224762150203,6288107.571428572,6.251307649647885
13.287224762150203,6437820.775510205,6.251307649647885
13.287224762150203,6587533.979591837,6.251307649647885
13.287224762150203,6737247.183673469,6.251307649647885
13.287224762150203,6886960.3877551025,6.251307649647885
13.287224762150203,7036673.591836736,6.251307649647885
13.287224762150203,7186386.795918368,6.251307649647885
13.287224762150203,7336100,6.251307649647885
10.96616072446089,153,6.476305857285324
11.55099124644886,149866.20408163266,6.476305857285324
11.55099124644886,299579.4081632653,6.476305857285324
13.290138922394226,449292.612244898,6.476305857285324
13.290138922394226,599005.8163265307,6.476305857285324
13.290138922394226,748719.0204081633,6.476305857285324
13.290138922394226,898432.224489796,6.476305857285324
13.290138922394226,1048145.4285714286,6.476305857285324
13.290138922394226,1197858.6326530613,6.476305857285324
13.290138922394226,1347571.836734694,6.476305857285324
13.290138922394226,1497285.0408163266,6.476305857285324
13.290138922394226,1646998.2448979593,6.476305857285324
13.290138922394226,1796711.448979592,6.476305857285324
13.290138922394226,1946424.6530612246,6.476305857285324
13.290138922394226,2096137.8571428573,6.476305857285324
13.290138922394226,2245851.06122449,6.476305857285324
13.290138922394226,2395564.2653061226,6.476305857285324
13.290138922394226,2545277.4693877553,6.476305857285324
13.290138922394226,2694990.673469388,6.476305857285324
13.290138922394226,2844703.8775510206,6.476305857285324
13.290138922394226,2994417.0816326533,6.476305857285324
13.290138922394226,3144130.285714286,6.476305857285324
13.290138922394226,3293843.4897959186,6.476305857285324
13.290138922394226,3443556.6938775512,6.476305857285324
13.290138922394226,3593269.897959184,6.476305857285324
13.287224762150203,3742983.1020408166,6.476305857285324
13.287224762150203,3892696.306122449,6.476305857285324
13.287224762150203,4042409.510204082,6.476305857285324
13.287224762150203,4192122.7142857146,6.476305857285324
13.287224762150203,4341835.918367347,6.476305857285324
13.287224762150203,4491549.12244898,6.476305857285324
13.287224762150203,4641262.326530613,6.476305857285324
13.287224762150203,4790975.530612245,6.476305857285324
13.287224762150203,4940688.734693877,6.476305857285324
13.287224762150203,5090401.9387755105,6.476305857285324
13.287224762150203,5240115.142857144,6.476305857285324
13.287224762150203,5389828.346938776,6.476305857285324
13.287224762150203,5539541.551020408,6.476305857285324
13.287224762150203,5689254.755102041,6.476305857285324
13.287224762150203,5838967.959183674,6.476305857285324
13.287224762150203,5988681.1632653065,6.476305857285324
13.287224762150203,6138394.367346939,6.476305857285324
13.287224762150203,6288107.571428572,6.476305857285324
13.287224762150203,6437820.775510205,6.476305857285324
13.287224762150203,6587533.979591837,6.476305857285324
13.287224762150203,6737247.183673469,6.476305857285324
13.287224762150203,6886960.3877551025,6.476305857285324
13.287224762150203,7036673.591836736,6.476305857285324
13.287224762150203,7186386.795918368,6.476305857285324
13.287224762150203,7336100,6.476305857285324
10.96616072446089,153,6.701304064922763
11.55099124644886,149866.20408163266,6.701304064922763
11.55099124644886,299579.4081632653,6.701304064922763
13.290138922394226,449292.612244898,6.701304064922763
13.290138922394226,599005.8163265307,6.701304064922763
13.290138922394226,748719.0204081633,6.701304064922763
13.290138922394226,898432.224489796,6.701304064922763
13.290138922394226,1048145.4285714286,6.701304064922763
13.290138922394226,1197858.6326530613,6.701304064922763
13.290138922394226,1347571.836734694,6.701304064922763
13.290138922394226,1497285.0408163266,6.701304064922763
13.290138922394226,1646998.2448979593,6.701304064922763
13.290138922394226,1796711.448979592,6.701304064922763
13.290138922394226,1946424.6530612246,6.701304064922763
13.290138922394226,2096137.8571428573,6.701304064922763
13.290138922394226,2245851.06122449,6.701304064922763
13.290138922394226,2395564.2653061226,6.701304064922763
13.290138922394226,2545277.4693877553,6.701304064922763
13.290138922394226,2694990.673469388,6.701304064922763
13.290138922394226,2844703.8775510206,6.701304064922763
13.290138922394226,2994417.0816326533,6.701304064922763
13.290138922394226,3144130.285714286,6.701304064922763
13.290138922394226,3293843.4897959186,6.701304064922763
13.290138922394226,3443556.6938775512,6.701304064922763
13.290138922394226,3593269.897959184,6.701304064922763
13.287224762150203,3742983.1020408166,6.701304064922763
13.287224762150203,3892696.306122449,6.701304064922763
13.287224762150203,4042409.510204082,6.701304064922763
13.287224762150203,4192122.7142857146,6.701304064922763
13.287224762150203,4341835.918367347,6.701304064922763
13.287224762150203,4491549.12244898,6.701304064922763
13.287224762150203,4641262.326530613,6.701304064922763
13.287224762150203,4790975.530612245,6.701304064922763
13.287224762150203,4940688.734693877,6.701304064922763
13.287224762150203,5090401.9387755105,6.701304064922763
13.287224762150203,5240115.142857144,6.701304064922763
13.287224762150203,5389828.346938776,6.701304064922763
13.287224762150203,5539541.551020408,6.701304064922763
13.287224762150203,5689254.755102041,6.701304064922763
13.287224762150203,5838967.959183674,6.701304064922763
13.287224762150203,5988681.1632653065,6.701304064922763
13.287224762150203,6138394.367346939,6.701304064922763
13.287224762150203,6288107.571428572,6.701304064922763
13.287224762150203,6437820.775510205,6.701304064922763
13.287224762150203,6587533.979591837,6.701304064922763
13.287224762150203,6737247.183673469,6.701304064922763
13.287224762150203,6886960.3877551025,6.701304064922763
13.287224762150203,7036673.591836736,6.701304064922763
13.287224762150203,7186386.795918368,6.701304064922763
13.287224762150203,7336100,6.701304064922763
10.967328513213243,153,6.926302272560202
11.55167698137987,149866.20408163266,6.926302272560202
11.55167698137987,299579.4081632653,6.926302272560202
13.290934528105648,449292.612244898,6.926302272560202
13.290934528105648,599005.8163265307,6.926302272560202
13.290934528105648,748719.0204081633,6.926302272560202
13.290934528105648,898432.224489796,6.926302272560202
13.290934528105648,1048145.4285714286,6.926302272560202
13.290934528105648,1197858.6326530613,6.926302272560202
13.290934528105648,1347571.836734694,6.926302272560202
13.290934528105648,1497285.0408163266,6.926302272560202
13.290934528105648,1646998.2448979593,6.926302272560202
13.290934528105648,1796711.448979592,6.926302272560202
13.290934528105648,1946424.6530612246,6.926302272560202
13.290934528105648,2096137.8571428573,6.926302272560202
13.290934528105648,2245851.06122449,6.926302272560202
13.290934528105648,2395564.2653061226,6.926302272560202
13.290934528105648,2545277.4693877553,6.926302272560202
13.290934528105648,2694990.673469388,6.926302272560202
13.290934528105648,2844703.8775510206,6.926302272560202
13.290934528105648,2994417.0816326533,6.926302272560202
13.290934528105648,3144130.285714286,6.926302272560202
13.290934528105648,3293843.4897959186,6.926302272560202
13.290934528105648,3443556.6938775512,6.926302272560202
13.290934528105648,3593269.897959184,6.926302272560202
13.28799731724075,3742983.1020408166,6.926302272560202
13.28799731724075,3892696.306122449,6.926302272560202
13.28799731724075,4042409.510204082,6.926302272560202
13.28799731724075,4192122.7142857146,6.926302272560202
13.28799731724075,4341835.918367347,6.926302272560202
13.28799731724075,4491549.12244898,6.926302272560202
13.28799731724075,4641262.326530613,6.926302272560202
13.28799731724075,4790975.530612245,6.926302272560202
13.28799731724075,4940688.734693877,6.926302272560202
13.28799731724075,5090401.9387755105,6.926302272560202
13.28799731724075,5240115.142857144,6.926302272560202
13.28799731724075,5389828.346938776,6.926302272560202
13.28799731724075,5539541.551020408,6.926302272560202
13.28799731724075,5689254.755102041,6.926302272560202
13.28799731724075,5838967.959183674,6.926302272560202
13.28799731724075,5988681.1632653065,6.926302272560202
13.28799731724075,6138394.367346939,6.926302272560202
13.28799731724075,6288107.571428572,6.926302272560202
13.28799731724075,6437820.775510205,6.926302272560202
13.28799731724075,6587533.979591837,6.926302272560202
13.28799731724075,6737247.183673469,6.926302272560202
13.28799731724075,6886960.3877551025,6.926302272560202
13.28799731724075,7036673.591836736,6.926302272560202
13.28799731724075,7186386.795918368,6.926302272560202
13.28799731724075,7336100,6.926302272560202
10.967328513213243,153,7.15130048019764
11.55167698137987,149866.20408163266,7.15130048019764
11.55167698137987,299579.4081632653,7.15130048019764
13.290934528105648,449292.612244898,7.15130048019764
13.290934528105648,599005.8163265307,7.15130048019764
13.290934528105648,748719.0204081633,7.15130048019764
13.290934528105648,898432.224489796,7.15130048019764
13.290934528105648,1048145.4285714286,7.15130048019764
13.290934528105648,1197858.6326530613,7.15130048019764
13.290934528105648,1347571.836734694,7.15130048019764
13.290934528105648,1497285.0408163266,7.15130048019764
13.290934528105648,1646998.2448979593,7.15130048019764
13.290934528105648,1796711.448979592,7.15130048019764
13.290934528105648,1946424.6530612246,7.15130048019764
13.290934528105648,2096137.8571428573,7.15130048019764
13.290934528105648,2245851.06122449,7.15130048019764
13.290934528105648,2395564.2653061226,7.15130048019764
13.290934528105648,2545277.4693877553,7.15130048019764
13.290934528105648,2694990.673469388,7.15130048019764
13.290934528105648,2844703.8775510206,7.15130048019764
13.290934528105648,2994417.0816326533,7.15130048019764
13.290934528105648,3144130.285714286,7.15130048019764
13.290934528105648,3293843.4897959186,7.15130048019764
13.290934528105648,3443556.6938775512,7.15130048019764
13.290934528105648,3593269.897959184,7.15130048019764
13.28799731724075,3742983.1020408166,7.15130048019764
13.28799731724075,3892696.306122449,7.15130048019764
13.28799731724075,4042409.510204082,7.15130048019764
13.28799731724075,4192122.7142857146,7.15130048019764
13.28799731724075,4341835.918367347,7.15130048019764
13.28799731724075,4491549.12244898,7.15130048019764
13.28799731724075,4641262.326530613,7.15130048019764
13.28799731724075,4790975.530612245,7.15130048019764
13.28799731724075,4940688.734693877,7.15130048019764
13.28799731724075,5090401.9387755105,7.15130048019764
13.28799731724075,5240115.142857144,7.15130048019764
13.28799731724075,5389828.346938776,7.15130048019764
13.28799731724075,5539541.551020408,7.15130048019764
13.28799731724075,5689254.755102041,7.15130048019764
13.28799731724075,5838967.959183674,7.15130048019764
13.28799731724075,5988681.1632653065,7.15130048019764
13.28799731724075,6138394.367346939,7.15130048019764
13.28799731724075,6288107.571428572,7.15130048019764
13.28799731724075,6437820.775510205,7.15130048019764
13.28799731724075,6587533.979591837,7.15130048019764
13.28799731724075,6737247.183673469,7.15130048019764
13.28799731724075,6886960.3877551025,7.15130048019764
13.28799731724075,7036673.591836736,7.15130048019764
13.28799731724075,7186386.795918368,7.15130048019764
13.28799731724075,7336100,7.15130048019764
10.967328513213243,153,7.376298687835079
11.55167698137987,149866.20408163266,7.376298687835079
11.55167698137987,299579.4081632653,7.376298687835079
13.290934528105648,449292.612244898,7.376298687835079
13.290934528105648,599005.8163265307,7.376298687835079
13.290934528105648,748719.0204081633,7.376298687835079
13.290934528105648,898432.224489796,7.376298687835079
13.290934528105648,1048145.4285714286,7.376298687835079
13.290934528105648,1197858.6326530613,7.376298687835079
13.290934528105648,1347571.836734694,7.376298687835079
13.290934528105648,1497285.0408163266,7.376298687835079
13.290934528105648,1646998.2448979593,7.376298687835079
13.290934528105648,1796711.448979592,7.376298687835079
13.290934528105648,1946424.6530612246,7.376298687835079
13.290934528105648,2096137.8571428573,7.376298687835079
13.290934528105648,2245851.06122449,7.376298687835079
13.290934528105648,2395564.2653061226,7.376298687835079
13.290934528105648,2545277.4693877553,7.376298687835079
13.290934528105648,2694990.673469388,7.376298687835079
13.290934528105648,2844703.8775510206,7.376298687835079
13.290934528105648,2994417.0816326533,7.376298687835079
13.290934528105648,3144130.285714286,7.376298687835079
13.290934528105648,3293843.4897959186,7.376298687835079
13.290934528105648,3443556.6938775512,7.376298687835079
13.290934528105648,3593269.897959184,7.376298687835079
13.28799731724075,3742983.1020408166,7.376298687835079
13.28799731724075,3892696.306122449,7.376298687835079
13.28799731724075,4042409.510204082,7.376298687835079
13.28799731724075,4192122.7142857146,7.376298687835079
13.28799731724075,4341835.918367347,7.376298687835079
13.28799731724075,4491549.12244898,7.376298687835079
13.28799731724075,4641262.326530613,7.376298687835079
13.28799731724075,4790975.530612245,7.376298687835079
13.28799731724075,4940688.734693877,7.376298687835079
13.28799731724075,5090401.9387755105,7.376298687835079
13.28799731724075,5240115.142857144,7.376298687835079
13.28799731724075,5389828.346938776,7.376298687835079
13.28799731724075,5539541.551020408,7.376298687835079
13.28799731724075,5689254.755102041,7.376298687835079
13.28799731724075,5838967.959183674,7.376298687835079
13.28799731724075,5988681.1632653065,7.376298687835079
13.28799731724075,6138394.367346939,7.376298687835079
13.28799731724075,6288107.571428572,7.376298687835079
13.28799731724075,6437820.775510205,7.376298687835079
13.28799731724075,6587533.979591837,7.376298687835079
13.28799731724075,6737247.183673469,7.376298687835079
13.28799731724075,6886960.3877551025,7.376298687835079
13.28799731724075,7036673.591836736,7.376298687835079
13.28799731724075,7186386.795918368,7.376298687835079
13.28799731724075,7336100,7.376298687835079
10.967328513213243,153,7.601296895472518
11.55167698137987,149866.20408163266,7.601296895472518
11.55167698137987,299579.4081632653,7.601296895472518
13.290934528105648,449292.612244898,7.601296895472518
13.290934528105648,599005.8163265307,7.601296895472518
13.290934528105648,748719.0204081633,7.601296895472518
13.290934528105648,898432.224489796,7.601296895472518
13.290934528105648,1048145.4285714286,7.601296895472518
13.290934528105648,1197858.6326530613,7.601296895472518
13.290934528105648,1347571.836734694,7.601296895472518
13.290934528105648,1497285.0408163266,7.601296895472518
13.290934528105648,1646998.2448979593,7.601296895472518
13.290934528105648,1796711.448979592,7.601296895472518
13.290934528105648,1946424.6530612246,7.601296895472518
13.290934528105648,2096137.8571428573,7.601296895472518
13.290934528105648,2245851.06122449,7.601296895472518
13.290934528105648,2395564.2653061226,7.601296895472518
13.290934528105648,2545277.4693877553,7.601296895472518
13.290934528105648,2694990.673469388,7.601296895472518
13.290934528105648,2844703.8775510206,7.601296895472518
13.290934528105648,2994417.0816326533,7.601296895472518
13.290934528105648,3144130.285714286,7.601296895472518
13.290934528105648,3293843.4897959186,7.601296895472518
13.290934528105648,3443556.6938775512,7.601296895472518
13.290934528105648,3593269.897959184,7.601296895472518
13.28799731724075,3742983.1020408166,7.601296895472518
13.28799731724075,3892696.306122449,7.601296895472518
13.28799731724075,4042409.510204082,7.601296895472518
13.28799731724075,4192122.7142857146,7.601296895472518
13.28799731724075,4341835.918367347,7.601296895472518
13.28799731724075,4491549.12244898,7.601296895472518
13.28799731724075,4641262.326530613,7.601296895472518
13.28799731724075,4790975.530612245,7.601296895472518
13.28799731724075,4940688.734693877,7.601296895472518
13.28799731724075,5090401.9387755105,7.601296895472518
13.28799731724075,5240115.142857144,7.601296895472518
13.28799731724075,5389828.346938776,7.601296895472518
13.28799731724075,5539541.551020408,7.601296895472518
13.28799731724075,5689254.755102041,7.601296895472518
13.28799731724075,5838967.959183674,7.601296895472518
13.28799731724075,5988681.1632653065,7.601296895472518
13.28799731724075,6138394.367346939,7.601296895472518
13.28799731724075,6288107.571428572,7.601296895472518
13.28799731724075,6437820.775510205,7.601296895472518
13.28799731724075,6587533.979591837,7.601296895472518
13.28799731724075,6737247.183673469,7.601296895472518
13.28799731724075,6886960.3877551025,7.601296895472518
13.28799731724075,7036673.591836736,7.601296895472518
13.28799731724075,7186386.795918368,7.601296895472518
13.28799731724075,7336100,7.601296895472518
10.967328513213243,153,7.826295103109956
11.55167698137987,149866.20408163266,7.826295103109956
11.55167698137987,299579.4081632653,7.826295103109956
13.290934528105648,449292.612244898,7.826295103109956
13.290934528105648,599005.8163265307,7.826295103109956
13.290934528105648,748719.0204081633,7.826295103109956
13.290934528105648,898432.224489796,7.826295103109956
13.290934528105648,1048145.4285714286,7.826295103109956
13.290934528105648,1197858.6326530613,7.826295103109956
13.290934528105648,1347571.836734694,7.826295103109956
13.290934528105648,1497285.0408163266,7.826295103109956
13.290934528105648,1646998.2448979593,7.826295103109956
13.290934528105648,1796711.448979592,7.826295103109956
13.290934528105648,1946424.6530612246,7.826295103109956
13.290934528105648,2096137.8571428573,7.826295103109956
13.290934528105648,2245851.06122449,7.826295103109956
13.290934528105648,2395564.2653061226,7.826295103109956
13.290934528105648,2545277.4693877553,7.826295103109956
13.290934528105648,2694990.673469388,7.826295103109956
13.290934528105648,2844703.8775510206,7.826295103109956
13.290934528105648,2994417.0816326533,7.826295103109956
13.290934528105648,3144130.285714286,7.826295103109956
13.290934528105648,3293843.4897959186,7.826295103109956
13.290934528105648,3443556.6938775512,7.826295103109956
13.290934528105648,3593269.897959184,7.826295103109956
13.28799731724075,3742983.1020408166,7.826295103109956
13.28799731724075,3892696.306122449,7.826295103109956
13.28799731724075,4042409.510204082,7.826295103109956
13.28799731724075,4192122.7142857146,7.826295103109956
13.28799731724075,4341835.918367347,7.826295103109956
13.28799731724075,4491549.12244898,7.826295103109956
13.28799731724075,4641262.326530613,7.826295103109956
13.28799731724075,4790975.530612245,7.826295103109956
13.28799731724075,4940688.734693877,7.826295103109956
13.28799731724075,5090401.9387755105,7.826295103109956
13.28799731724075,5240115.142857144,7.826295103109956
13.28799731724075,5389828.346938776,7.826295103109956
13.28799731724075,5539541.551020408,7.826295103109956
13.28799731724075,5689254.755102041,7.826295103109956
13.28799731724075,5838967.959183674,7.826295103109956
13.28799731724075,5988681.1632653065,7.826295103109956
13.28799731724075,6138394.367346939,7.826295103109956
13.28799731724075,6288107.571428572,7.826295103109956
13.28799731724075,6437820.775510205,7.826295103109956
13.28799731724075,6587533.979591837,7.826295103109956
13.28799731724075,6737247.183673469,7.826295103109956
13.28799731724075,6886960.3877551025,7.826295103109956
13.28799731724075,7036673.591836736,7.826295103109956
13.28799731724075,7186386.795918368,7.826295103109956
13.28799731724075,7336100,7.826295103109956
10.964991212706135,153,8.051293310747395
11.549215157682092,149866.20408163266,8.051293310747395
11.549215157682092,299579.4081632653,8.051293310747395
13.288065313128085,449292.612244898,8.051293310747395
13.288065313128085,599005.8163265307,8.051293310747395
13.288065313128085,748719.0204081633,8.051293310747395
13.288065313128085,898432.224489796,8.051293310747395
13.288065313128085,1048145.4285714286,8.051293310747395
13.288065313128085,1197858.6326530613,8.051293310747395
13.288065313128085,1347571.836734694,8.051293310747395
13.288065313128085,1497285.0408163266,8.051293310747395
13.288065313128085,1646998.2448979593,8.051293310747395
13.288065313128085,1796711.448979592,8.051293310747395
13.288065313128085,1946424.6530612246,8.051293310747395
13.288065313128085,2096137.8571428573,8.051293310747395
13.288065313128085,2245851.06122449,8.051293310747395
13.288065313128085,2395564.2653061226,8.051293310747395
13.288065313128085,2545277.4693877553,8.051293310747395
13.288065313128085,2694990.673469388,8.051293310747395
13.288065313128085,2844703.8775510206,8.051293310747395
13.288065313128085,2994417.0816326533,8.051293310747395
13.288065313128085,3144130.285714286,8.051293310747395
13.288065313128085,3293843.4897959186,8.051293310747395
13.288065313128085,3443556.6938775512,8.051293310747395
13.288065313128085,3593269.897959184,8.051293310747395
13.28799731724075,3742983.1020408166,8.051293310747395
13.28799731724075,3892696.306122449,8.051293310747395
13.28799731724075,4042409.510204082,8.051293310747395
13.28799731724075,4192122.7142857146,8.051293310747395
13.28799731724075,4341835.918367347,8.051293310747395
13.28799731724075,4491549.12244898,8.051293310747395
13.28799731724075,4641262.326530613,8.051293310747395
13.28799731724075,4790975.530612245,8.051293310747395
13.28799731724075,4940688.734693877,8.051293310747395
13.28799731724075,5090401.9387755105,8.051293310747395
13.28799731724075,5240115.142857144,8.051293310747395
13.28799731724075,5389828.346938776,8.051293310747395
13.28799731724075,5539541.551020408,8.051293310747395
13.28799731724075,5689254.755102041,8.051293310747395
13.28799731724075,5838967.959183674,8.051293310747395
13.28799731724075,5988681.1632653065,8.051293310747395
13.28799731724075,6138394.367346939,8.051293310747395
13.28799731724075,6288107.571428572,8.051293310747395
13.28799731724075,6437820.775510205,8.051293310747395
13.28799731724075,6587533.979591837,8.051293310747395
13.28799731724075,6737247.183673469,8.051293310747395
13.28799731724075,6886960.3877551025,8.051293310747395
13.28799731724075,7036673.591836736,8.051293310747395
13.28799731724075,7186386.795918368,8.051293310747395
13.28799731724075,7336100,8.051293310747395
10.964991212706135,153,8.276291518384834
11.549215157682092,149866.20408163266,8.276291518384834
11.549215157682092,299579.4081632653,8.276291518384834
13.288065313128085,449292.612244898,8.276291518384834
13.288065313128085,599005.8163265307,8.276291518384834
13.288065313128085,748719.0204081633,8.276291518384834
13.288065313128085,898432.224489796,8.276291518384834
13.288065313128085,1048145.4285714286,8.276291518384834
13.288065313128085,1197858.6326530613,8.276291518384834
13.288065313128085,1347571.836734694,8.276291518384834
13.288065313128085,1497285.0408163266,8.276291518384834
13.288065313128085,1646998.2448979593,8.276291518384834
13.288065313128085,1796711.448979592,8.276291518384834
13.288065313128085,1946424.6530612246,8.276291518384834
13.288065313128085,2096137.8571428573,8.276291518384834
13.288065313128085,2245851.06122449,8.276291518384834
13.288065313128085,2395564.2653061226,8.276291518384834
13.288065313128085,2545277.4693877553,8.276291518384834
13.288065313128085,2694990.673469388,8.276291518384834
13.288065313128085,2844703.8775510206,8.276291518384834
13.288065313128085,2994417.0816326533,8.276291518384834
13.288065313128085,3144130.285714286,8.276291518384834
13.288065313128085,3293843.4897959186,8.276291518384834
13.288065313128085,3443556.6938775512,8.276291518384834
13.288065313128085,3593269.897959184,8.276291518384834
13.28799731724075,3742983.1020408166,8.276291518384834
13.28799731724075,3892696.306122449,8.276291518384834
13.28799731724075,4042409.510204082,8.276291518384834
13.28799731724075,4192122.7142857146,8.276291518384834
13.28799731724075,4341835.918367347,8.276291518384834
13.28799731724075,4491549.12244898,8.276291518384834
13.28799731724075,4641262.326530613,8.276291518384834
13.28799731724075,4790975.530612245,8.276291518384834
13.28799731724075,4940688.734693877,8.276291518384834
13.28799731724075,5090401.9387755105,8.276291518384834
13.28799731724075,5240115.142857144,8.276291518384834
13.28799731724075,5389828.346938776,8.276291518384834
13.28799731724075,5539541.551020408,8.276291518384834
13.28799731724075,5689254.755102041,8.276291518384834
13.28799731724075,5838967.959183674,8.276291518384834
13.28799731724075,5988681.1632653065,8.276291518384834
13.28799731724075,6138394.367346939,8.276291518384834
13.28799731724075,6288107.571428572,8.276291518384834
13.28799731724075,6437820.775510205,8.276291518384834
13.28799731724075,6587533.979591837,8.276291518384834
13.28799731724075,6737247.183673469,8.276291518384834
13.28799731724075,6886960.3877551025,8.276291518384834
13.28799731724075,7036673.591836736,8.276291518384834
13.28799731724075,7186386.795918368,8.276291518384834
13.28799731724075,7336100,8.276291518384834
10.960841001071714,153,8.501289726022272
11.544841864962715,149866.20408163266,8.501289726022272
11.544841864962715,299579.4081632653,8.501289726022272
13.283013549498444,449292.612244898,8.501289726022272
13.283013549498444,599005.8163265307,8.501289726022272
13.283013549498444,748719.0204081633,8.501289726022272
13.283013549498444,898432.224489796,8.501289726022272
13.283013549498444,1048145.4285714286,8.501289726022272
13.283013549498444,1197858.6326530613,8.501289726022272
13.283013549498444,1347571.836734694,8.501289726022272
13.283013549498444,1497285.0408163266,8.501289726022272
13.283013549498444,1646998.2448979593,8.501289726022272
13.283013549498444,1796711.448979592,8.501289726022272
13.283013549498444,1946424.6530612246,8.501289726022272
13.283013549498444,2096137.8571428573,8.501289726022272
13.283013549498444,2245851.06122449,8.501289726022272
13.283013549498444,2395564.2653061226,8.501289726022272
13.283013549498444,2545277.4693877553,8.501289726022272
13.283013549498444,2694990.673469388,8.501289726022272
13.283013549498444,2844703.8775510206,8.501289726022272
13.283013549498444,2994417.0816326533,8.501289726022272
13.283013549498444,3144130.285714286,8.501289726022272
13.283013549498444,3293843.4897959186,8.501289726022272
13.283013549498444,3443556.6938775512,8.501289726022272
13.283013549498444,3593269.897959184,8.501289726022272
13.282948986225321,3742983.1020408166,8.501289726022272
13.282948986225321,3892696.306122449,8.501289726022272
13.282948986225321,4042409.510204082,8.501289726022272
13.282948986225321,4192122.7142857146,8.501289726022272
13.282948986225321,4341835.918367347,8.501289726022272
13.282948986225321,4491549.12244898,8.501289726022272
13.282948986225321,4641262.326530613,8.501289726022272
13.282948986225321,4790975.530612245,8.501289726022272
13.282948986225321,4940688.734693877,8.501289726022272
13.282948986225321,5090401.9387755105,8.501289726022272
13.282948986225321,5240115.142857144,8.501289726022272
13.282948986225321,5389828.346938776,8.501289726022272
13.282948986225321,5539541.551020408,8.501289726022272
13.282948986225321,5689254.755102041,8.501289726022272
13.282948986225321,5838967.959183674,8.501289726022272
13.282948986225321,5988681.1632653065,8.501289726022272
13.282948986225321,6138394.367346939,8.501289726022272
13.282948986225321,6288107.571428572,8.501289726022272
13.282948986225321,6437820.775510205,8.501289726022272
13.282948986225321,6587533.979591837,8.501289726022272
13.282948986225321,6737247.183673469,8.501289726022272
13.282948986225321,6886960.3877551025,8.501289726022272
13.282948986225321,7036673.591836736,8.501289726022272
13.282948986225321,7186386.795918368,8.501289726022272
13.282948986225321,7336100,8.501289726022272
10.960841001071714,153,8.726287933659712
11.544841864962715,149866.20408163266,8.726287933659712
11.544841864962715,299579.4081632653,8.726287933659712
13.283013549498444,449292.612244898,8.726287933659712
13.283013549498444,599005.8163265307,8.726287933659712
13.283013549498444,748719.0204081633,8.726287933659712
13.283013549498444,898432.224489796,8.726287933659712
13.283013549498444,1048145.4285714286,8.726287933659712
13.283013549498444,1197858.6326530613,8.726287933659712
13.283013549498444,1347571.836734694,8.726287933659712
13.283013549498444,1497285.0408163266,8.726287933659712
13.283013549498444,1646998.2448979593,8.726287933659712
13.283013549498444,1796711.448979592,8.726287933659712
13.283013549498444,1946424.6530612246,8.726287933659712
13.283013549498444,2096137.8571428573,8.726287933659712
13.283013549498444,2245851.06122449,8.726287933659712
13.283013549498444,2395564.2653061226,8.726287933659712
13.283013549498444,2545277.4693877553,8.726287933659712
13.283013549498444,2694990.673469388,8.726287933659712
13.283013549498444,2844703.8775510206,8.726287933659712
13.283013549498444,2994417.0816326533,8.726287933659712
13.283013549498444,3144130.285714286,8.726287933659712
13.283013549498444,3293843.4897959186,8.726287933659712
13.283013549498444,3443556.6938775512,8.726287933659712
13.283013549498444,3593269.897959184,8.726287933659712
13.282948986225321,3742983.1020408166,8.726287933659712
13.282948986225321,3892696.306122449,8.726287933659712
13.282948986225321,4042409.510204082,8.726287933659712
13.282948986225321,4192122.7142857146,8.726287933659712
13.282948986225321,4341835.918367347,8.726287933659712
13.282948986225321,4491549.12244898,8.726287933659712
13.282948986225321,4641262.326530613,8.726287933659712
13.282948986225321,4790975.530612245,8.726287933659712
13.282948986225321,4940688.734693877,8.726287933659712
13.282948986225321,5090401.9387755105,8.726287933659712
13.282948986225321,5240115.142857144,8.726287933659712
13.282948986225321,5389828.346938776,8.726287933659712
13.282948986225321,5539541.551020408,8.726287933659712
13.282948986225321,5689254.755102041,8.726287933659712
13.282948986225321,5838967.959183674,8.726287933659712
13.282948986225321,5988681.1632653065,8.726287933659712
13.282948986225321,6138394.367346939,8.726287933659712
13.282948986225321,6288107.571428572,8.726287933659712
13.282948986225321,6437820.775510205,8.726287933659712
13.282948986225321,6587533.979591837,8.726287933659712
13.282948986225321,6737247.183673469,8.726287933659712
13.282948986225321,6886960.3877551025,8.726287933659712
13.282948986225321,7036673.591836736,8.726287933659712
13.282948986225321,7186386.795918368,8.726287933659712
13.282948986225321,7336100,8.726287933659712
8.322762813264303,153,8.95128614129715
8.322792152779146,149866.20408163266,8.95128614129715
8.322792152779146,299579.4081632653,8.95128614129715
9.58919448764308,449292.612244898,8.95128614129715
9.58919448764308,599005.8163265307,8.95128614129715
9.58919448764308,748719.0204081633,8.95128614129715
9.58919448764308,898432.224489796,8.95128614129715
9.58919448764308,1048145.4285714286,8.95128614129715
9.58919448764308,1197858.6326530613,8.95128614129715
9.58919448764308,1347571.836734694,8.95128614129715
9.58919448764308,1497285.0408163266,8.95128614129715
9.58919448764308,1646998.2448979593,8.95128614129715
9.58919448764308,1796711.448979592,8.95128614129715
9.58919448764308,1946424.6530612246,8.95128614129715
9.58919448764308,2096137.8571428573,8.95128614129715
9.58919448764308,2245851.06122449,8.95128614129715
9.58919448764308,2395564.2653061226,8.95128614129715
9.58919448764308,2545277.4693877553,8.95128614129715
9.58919448764308,2694990.673469388,8.95128614129715
9.58919448764308,2844703.8775510206,8.95128614129715
9.58919448764308,2994417.0816326533,8.95128614129715
9.58919448764308,3144130.285714286,8.95128614129715
9.58919448764308,3293843.4897959186,8.95128614129715
9.58919448764308,3443556.6938775512,8.95128614129715
9.58919448764308,3593269.897959184,8.95128614129715
9.589147526526045,3742983.1020408166,8.95128614129715
9.589147526526045,3892696.306122449,8.95128614129715
9.589147526526045,4042409.510204082,8.95128614129715
9.589147526526045,4192122.7142857146,8.95128614129715
9.589147526526045,4341835.918367347,8.95128614129715
9.589147526526045,4491549.12244898,8.95128614129715
9.589147526526045,4641262.326530613,8.95128614129715
9.589147526526045,4790975.530612245,8.95128614129715
9.589147526526045,4940688.734693877,8.95128614129715
9.589147526526045,5090401.9387755105,8.95128614129715
9.589147526526045,5240115.142857144,8.95128614129715
9.589147526526045,5389828.346938776,8.95128614129715
9.589147526526045,5539541.551020408,8.95128614129715
9.589147526526045,5689254.755102041,8.95128614129715
9.589147526526045,5838967.959183674,8.95128614129715
9.589147526526045,5988681.1632653065,8.95128614129715
9.589147526526045,6138394.367346939,8.95128614129715
9.589147526526045,6288107.571428572,8.95128614129715
9.589147526526045,6437820.775510205,8.95128614129715
9.589147526526045,6587533.979591837,8.95128614129715
9.589147526526045,6737247.183673469,8.95128614129715
9.589147526526045,6886960.3877551025,8.95128614129715
9.589147526526045,7036673.591836736,8.95128614129715
9.589147526526045,7186386.795918368,8.95128614129715
9.589147526526045,7336100,8.95128614129715
8.322762813264303,153,9.176284348934589
8.322792152779146,149866.20408163266,9.176284348934589
8.322792152779146,299579.4081632653,9.176284348934589
9.58919448764308,449292.612244898,9.176284348934589
9.58919448764308,599005.8163265307,9.176284348934589
9.58919448764308,748719.0204081633,9.176284348934589
9.58919448764308,898432.224489796,9.176284348934589
9.58919448764308,1048145.4285714286,9.176284348934589
9.58919448764308,1197858.6326530613,9.176284348934589
9.58919448764308,1347571.836734694,9.176284348934589
9.58919448764308,1497285.0408163266,9.176284348934589
9.58919448764308,1646998.2448979593,9.176284348934589
9.58919448764308,1796711.448979592,9.176284348934589
9.58919448764308,1946424.6530612246,9.176284348934589
9.58919448764308,2096137.8571428573,9.176284348934589
9.58919448764308,2245851.06122449,9.176284348934589
9.58919448764308,2395564.2653061226,9.176284348934589
9.58919448764308,2545277.4693877553,9.176284348934589
9.58919448764308,2694990.673469388,9.176284348934589
9.58919448764308,2844703.8775510206,9.176284348934589
9.58919448764308,2994417.0816326533,9.176284348934589
9.58919448764308,3144130.285714286,9.176284348934589
9.58919448764308,3293843.4897959186,9.176284348934589
9.58919448764308,3443556.6938775512,9.176284348934589
9.58919448764308,3593269.897959184,9.176284348934589
9.589147526526045,3742983.1020408166,9.176284348934589
9.589147526526045,3892696.306122449,9.176284348934589
9.589147526526045,4042409.510204082,9.176284348934589
9.589147526526045,4192122.7142857146,9.176284348934589
9.589147526526045,4341835.918367347,9.176284348934589
9.589147526526045,4491549.12244898,9.176284348934589
9.589147526526045,4641262.326530613,9.176284348934589
9.589147526526045,4790975.530612245,9.176284348934589
9.589147526526045,4940688.734693877,9.176284348934589
9.589147526526045,5090401.9387755105,9.176284348934589
9.589147526526045,5240115.142857144,9.176284348934589
9.589147526526045,5389828.346938776,9.176284348934589
9.589147526526045,5539541.551020408,9.176284348934589
9.589147526526045,5689254.755102041,9.176284348934589
9.589147526526045,5838967.959183674,9.176284348934589
9.589147526526045,5988681.1632653065,9.176284348934589
9.589147526526045,6138394.367346939,9.176284348934589
9.589147526526045,6288107.571428572,9.176284348934589
9.589147526526045,6437820.775510205,9.176284348934589
9.589147526526045,6587533.979591837,9.176284348934589
9.589147526526045,6737247.183673469,9.176284348934589
9.589147526526045,6886960.3877551025,9.176284348934589
9.589147526526045,7036673.591836736,9.176284348934589
9.589147526526045,7186386.795918368,9.176284348934589
9.589147526526045,7336100,9.176284348934589
8.322762813264303,153,9.401282556572028
8.322792152779146,149866.20408163266,9.401282556572028
8.322792152779146,299579.4081632653,9.401282556572028
9.58919448764308,449292.612244898,9.401282556572028
9.58919448764308,599005.8163265307,9.401282556572028
9.58919448764308,748719.0204081633,9.401282556572028
9.58919448764308,898432.224489796,9.401282556572028
9.58919448764308,1048145.4285714286,9.401282556572028
9.58919448764308,1197858.6326530613,9.401282556572028
9.58919448764308,1347571.836734694,9.401282556572028
9.58919448764308,1497285.0408163266,9.401282556572028
9.58919448764308,1646998.2448979593,9.401282556572028
9.58919448764308,1796711.448979592,9.401282556572028
9.58919448764308,1946424.6530612246,9.401282556572028
9.58919448764308,2096137.8571428573,9.401282556572028
9.58919448764308,2245851.06122449,9.401282556572028
9.58919448764308,2395564.2653061226,9.401282556572028
9.58919448764308,2545277.4693877553,9.401282556572028
9.58919448764308,2694990.673469388,9.401282556572028
9.58919448764308,2844703.8775510206,9.401282556572028
9.58919448764308,2994417.0816326533,9.401282556572028
9.58919448764308,3144130.285714286,9.401282556572028
9.58919448764308,3293843.4897959186,9.401282556572028
9.58919448764308,3443556.6938775512,9.401282556572028
9.58919448764308,3593269.897959184,9.401282556572028
9.589147526526045,3742983.1020408166,9.401282556572028
9.589147526526045,3892696.306122449,9.401282556572028
9.589147526526045,4042409.510204082,9.401282556572028
9.589147526526045,4192122.7142857146,9.401282556572028
9.589147526526045,4341835.918367347,9.401282556572028
9.589147526526045,4491549.12244898,9.401282556572028
9.589147526526045,4641262.326530613,9.401282556572028
9.589147526526045,4790975.530612245,9.401282556572028
9.589147526526045,4940688.734693877,9.401282556572028
9.589147526526045,5090401.9387755105,9.401282556572028
9.589147526526045,5240115.142857144,9.401282556572028
9.589147526526045,5389828.346938776,9.401282556572028
9.589147526526045,5539541.551020408,9.401282556572028
9.589147526526045,5689254.755102041,9.401282556572028
9.589147526526045,5838967.959183674,9.401282556572028
9.589147526526045,5988681.1632653065,9.401282556572028
9.589147526526045,6138394.367346939,9.401282556572028
9.589147526526045,6288107.571428572,9.401282556572028
9.589147526526045,6437820.775510205,9.401282556572028
9.589147526526045,6587533.979591837,9.401282556572028
9.589147526526045,6737247.183673469,9.401282556572028
9.589147526526045,6886960.3877551025,9.401282556572028
9.589147526526045,7036673.591836736,9.401282556572028
9.589147526526045,7186386.795918368,9.401282556572028
9.589147526526045,7336100,9.401282556572028
8.322762813264303,153,9.626280764209465
8.322792152779146,149866.20408163266,9.626280764209465
8.322792152779146,299579.4081632653,9.626280764209465
9.58919448764308,449292.612244898,9.626280764209465
9.58919448764308,599005.8163265307,9.626280764209465
9.58919448764308,748719.0204081633,9.626280764209465
9.58919448764308,898432.224489796,9.626280764209465
9.58919448764308,1048145.4285714286,9.626280764209465
9.58919448764308,1197858.6326530613,9.626280764209465
9.58919448764308,1347571.836734694,9.626280764209465
9.58919448764308,1497285.0408163266,9.626280764209465
9.58919448764308,1646998.2448979593,9.626280764209465
9.58919448764308,1796711.448979592,9.626280764209465
9.58919448764308,1946424.6530612246,9.626280764209465
9.58919448764308,2096137.8571428573,9.626280764209465
9.58919448764308,2245851.06122449,9.626280764209465
9.58919448764308,2395564.2653061226,9.626280764209465
9.58919448764308,2545277.4693877553,9.626280764209465
9.58919448764308,2694990.673469388,9.626280764209465
9.58919448764308,2844703.8775510206,9.626280764209465
9.58919448764308,2994417.0816326533,9.626280764209465
9.58919448764308,3144130.285714286,9.626280764209465
9.58919448764308,3293843.4897959186,9.626280764209465
9.58919448764308,3443556.6938775512,9.626280764209465
9.58919448764308,3593269.897959184,9.626280764209465
9.589147526526045,3742983.1020408166,9.626280764209465
9.589147526526045,3892696.306122449,9.626280764209465
9.589147526526045,4042409.510204082,9.626280764209465
9.589147526526045,4192122.7142857146,9.626280764209465
9.589147526526045,4341835.918367347,9.626280764209465
9.589147526526045,4491549.12244898,9.626280764209465
9.589147526526045,4641262.326530613,9.626280764209465
9.589147526526045,4790975.530612245,9.626280764209465
9.589147526526045,4940688.734693877,9.626280764209465
9.589147526526045,5090401.9387755105,9.626280764209465
9.589147526526045,5240115.142857144,9.626280764209465
9.589147526526045,5389828.346938776,9.626280764209465
9.589147526526045,5539541.551020408,9.626280764209465
9.589147526526045,5689254.755102041,9.626280764209465
9.589147526526045,5838967.959183674,9.626280764209465
9.589147526526045,5988681.1632653065,9.626280764209465
9.589147526526045,6138394.367346939,9.626280764209465
9.589147526526045,6288107.571428572,9.626280764209465
9.589147526526045,6437820.775510205,9.626280764209465
9.589147526526045,6587533.979591837,9.626280764209465
9.589147526526045,6737247.183673469,9.626280764209465
9.589147526526045,6886960.3877551025,9.626280764209465
9.589147526526045,7036673.591836736,9.626280764209465
9.589147526526045,7186386.795918368,9.626280764209465
9.589147526526045,7336100,9.626280764209465
8.322762813264303,153,9.851278971846906
8.322792152779146,149866.20408163266,9.851278971846906
8.322792152779146,299579.4081632653,9.851278971846906
9.58919448764308,449292.612244898,9.851278971846906
9.58919448764308,599005.8163265307,9.851278971846906
9.58919448764308,748719.0204081633,9.851278971846906
9.58919448764308,898432.224489796,9.851278971846906
9.58919448764308,1048145.4285714286,9.851278971846906
9.58919448764308,1197858.6326530613,9.851278971846906
9.58919448764308,1347571.836734694,9.851278971846906
9.58919448764308,1497285.0408163266,9.851278971846906
9.58919448764308,1646998.2448979593,9.851278971846906
9.58919448764308,1796711.448979592,9.851278971846906
9.58919448764308,1946424.6530612246,9.851278971846906
9.58919448764308,2096137.8571428573,9.851278971846906
9.58919448764308,2245851.06122449,9.851278971846906
9.58919448764308,2395564.2653061226,9.851278971846906
9.58919448764308,2545277.4693877553,9.851278971846906
9.58919448764308,2694990.673469388,9.851278971846906
9.58919448764308,2844703.8775510206,9.851278971846906
9.58919448764308,2994417.0816326533,9.851278971846906
9.58919448764308,3144130.285714286,9.851278971846906
9.58919448764308,3293843.4897959186,9.851278971846906
9.58919448764308,3443556.6938775512,9.851278971846906
9.58919448764308,3593269.897959184,9.851278971846906
9.589147526526045,3742983.1020408166,9.851278971846906
9.589147526526045,3892696.306122449,9.851278971846906
9.589147526526045,4042409.510204082,9.851278971846906
9.589147526526045,4192122.7142857146,9.851278971846906
9.589147526526045,4341835.918367347,9.851278971846906
9.589147526526045,4491549.12244898,9.851278971846906
9.589147526526045,4641262.326530613,9.851278971846906
9.589147526526045,4790975.530612245,9.851278971846906
9.589147526526045,4940688.734693877,9.851278971846906
9.589147526526045,5090401.9387755105,9.851278971846906
9.589147526526045,5240115.142857144,9.851278971846906
9.589147526526045,5389828.346938776,9.851278971846906
9.589147526526045,5539541.551020408,9.851278971846906
9.589147526526045,5689254.755102041,9.851278971846906
9.589147526526045,5838967.959183674,9.851278971846906
9.589147526526045,5988681.1632653065,9.851278971846906
9.589147526526045,6138394.367346939,9.851278971846906
9.589147526526045,6288107.571428572,9.851278971846906
9.589147526526045,6437820.775510205,9.851278971846906
9.589147526526045,6587533.979591837,9.851278971846906
9.589147526526045,6737247.183673469,9.851278971846906
9.589147526526045,6886960.3877551025,9.851278971846906
9.589147526526045,7036673.591836736,9.851278971846906
9.589147526526045,7186386.795918368,9.851278971846906
9.589147526526045,7336100,9.851278971846906
8.322762813264303,153,10.076277179484343
8.322792152779146,149866.20408163266,10.076277179484343
8.322792152779146,299579.4081632653,10.076277179484343
9.58919448764308,449292.612244898,10.076277179484343
9.58919448764308,599005.8163265307,10.076277179484343
9.58919448764308,748719.0204081633,10.076277179484343
9.58919448764308,898432.224489796,10.076277179484343
9.58919448764308,1048145.4285714286,10.076277179484343
9.58919448764308,1197858.6326530613,10.076277179484343
9.58919448764308,1347571.836734694,10.076277179484343
9.58919448764308,1497285.0408163266,10.076277179484343
9.58919448764308,1646998.2448979593,10.076277179484343
9.58919448764308,1796711.448979592,10.076277179484343
9.58919448764308,1946424.6530612246,10.076277179484343
9.58919448764308,2096137.8571428573,10.076277179484343
9.58919448764308,2245851.06122449,10.076277179484343
9.58919448764308,2395564.2653061226,10.076277179484343
9.58919448764308,2545277.4693877553,10.076277179484343
9.58919448764308,2694990.673469388,10.076277179484343
9.58919448764308,2844703.8775510206,10.076277179484343
9.58919448764308,2994417.0816326533,10.076277179484343
9.58919448764308,3144130.285714286,10.076277179484343
9.58919448764308,3293843.4897959186,10.076277179484343
9.58919448764308,3443556.6938775512,10.076277179484343
9.58919448764308,3593269.897959184,10.076277179484343
9.589147526526045,3742983.1020408166,10.076277179484343
9.589147526526045,3892696.306122449,10.076277179484343
9.589147526526045,4042409.510204082,10.076277179484343
9.589147526526045,4192122.7142857146,10.076277179484343
9.589147526526045,4341835.918367347,10.076277179484343
9.589147526526045,4491549.12244898,10.076277179484343
9.589147526526045,4641262.326530613,10.076277179484343
9.589147526526045,4790975.530612245,10.076277179484343
9.589147526526045,4940688.734693877,10.076277179484343
9.589147526526045,5090401.9387755105,10.076277179484343
9.589147526526045,5240115.142857144,10.076277179484343
9.589147526526045,5389828.346938776,10.076277179484343
9.589147526526045,5539541.551020408,10.076277179484343
9.589147526526045,5689254.755102041,10.076277179484343
9.589147526526045,5838967.959183674,10.076277179484343
9.589147526526045,5988681.1632653065,10.076277179484343
9.589147526526045,6138394.367346939,10.076277179484343
9.589147526526045,6288107.571428572,10.076277179484343
9.589147526526045,6437820.775510205,10.076277179484343
9.589147526526045,6587533.979591837,10.076277179484343
9.589147526526045,6737247.183673469,10.076277179484343
9.589147526526045,6886960.3877551025,10.076277179484343
9.589147526526045,7036673.591836736,10.076277179484343
9.589147526526045,7186386.795918368,10.076277179484343
9.589147526526045,7336100,10.076277179484343
8.322762813264303,153,10.301275387121782
8.322792152779146,149866.20408163266,10.301275387121782
8.322792152779146,299579.4081632653,10.301275387121782
9.58919448764308,449292.612244898,10.301275387121782
9.58919448764308,599005.8163265307,10.301275387121782
9.58919448764308,748719.0204081633,10.301275387121782
9.58919448764308,898432.224489796,10.301275387121782
9.58919448764308,1048145.4285714286,10.301275387121782
9.58919448764308,1197858.6326530613,10.301275387121782
9.58919448764308,1347571.836734694,10.301275387121782
9.58919448764308,1497285.0408163266,10.301275387121782
9.58919448764308,1646998.2448979593,10.301275387121782
9.58919448764308,1796711.448979592,10.301275387121782
9.58919448764308,1946424.6530612246,10.301275387121782
9.58919448764308,2096137.8571428573,10.301275387121782
9.58919448764308,2245851.06122449,10.301275387121782
9.58919448764308,2395564.2653061226,10.301275387121782
9.58919448764308,2545277.4693877553,10.301275387121782
9.58919448764308,2694990.673469388,10.301275387121782
9.58919448764308,2844703.8775510206,10.301275387121782
9.58919448764308,2994417.0816326533,10.301275387121782
9.58919448764308,3144130.285714286,10.301275387121782
9.58919448764308,3293843.4897959186,10.301275387121782
9.58919448764308,3443556.6938775512,10.301275387121782
9.58919448764308,3593269.897959184,10.301275387121782
9.589147526526045,3742983.1020408166,10.301275387121782
9.589147526526045,3892696.306122449,10.301275387121782
9.589147526526045,4042409.510204082,10.301275387121782
9.589147526526045,4192122.7142857146,10.301275387121782
9.589147526526045,4341835.918367347,10.301275387121782
9.589147526526045,4491549.12244898,10.301275387121782
9.589147526526045,4641262.326530613,10.301275387121782
9.589147526526045,4790975.530612245,10.301275387121782
9.589147526526045,4940688.734693877,10.301275387121782
9.589147526526045,5090401.9387755105,10.301275387121782
9.589147526526045,5240115.142857144,10.301275387121782
9.589147526526045,5389828.346938776,10.301275387121782
9.589147526526045,5539541.551020408,10.301275387121782
9.589147526526045,5689254.755102041,10.301275387121782
9.589147526526045,5838967.959183674,10.301275387121782
9.589147526526045,5988681.1632653065,10.301275387121782
9.589147526526045,6138394.367346939,10.301275387121782
9.589147526526045,6288107.571428572,10.301275387121782
9.589147526526045,6437820.775510205,10.301275387121782
9.589147526526045,6587533.979591837,10.301275387121782
9.589147526526045,6737247.183673469,10.301275387121782
9.589147526526045,6886960.3877551025,10.301275387121782
9.589147526526045,7036673.591836736,10.301275387121782
9.589147526526045,7186386.795918368,10.301275387121782
9.589147526526045,7336100,10.301275387121782
8.322762813264303,153,10.526273594759221
8.322792152779146,149866.20408163266,10.526273594759221
8.322792152779146,299579.4081632653,10.526273594759221
9.58919448764308,449292.612244898,10.526273594759221
9.58919448764308,599005.8163265307,10.526273594759221
9.58919448764308,748719.0204081633,10.526273594759221
9.58919448764308,898432.224489796,10.526273594759221
9.58919448764308,1048145.4285714286,10.526273594759221
9.58919448764308,1197858.6326530613,10.526273594759221
9.58919448764308,1347571.836734694,10.526273594759221
9.58919448764308,1497285.0408163266,10.526273594759221
9.58919448764308,1646998.2448979593,10.526273594759221
9.58919448764308,1796711.448979592,10.526273594759221
9.58919448764308,1946424.6530612246,10.526273594759221
9.58919448764308,2096137.8571428573,10.526273594759221
9.58919448764308,2245851.06122449,10.526273594759221
9.58919448764308,2395564.2653061226,10.526273594759221
9.58919448764308,2545277.4693877553,10.526273594759221
9.58919448764308,2694990.673469388,10.526273594759221
9.58919448764308,2844703.8775510206,10.526273594759221
9.58919448764308,2994417.0816326533,10.526273594759221
9.58919448764308,3144130.285714286,10.526273594759221
9.58919448764308,3293843.4897959186,10.526273594759221
9.58919448764308,3443556.6938775512,10.526273594759221
9.58919448764308,3593269.897959184,10.526273594759221
9.589147526526045,3742983.1020408166,10.526273594759221
9.589147526526045,3892696.306122449,10.526273594759221
9.589147526526045,4042409.510204082,10.526273594759221
9.589147526526045,4192122.7142857146,10.526273594759221
9.589147526526045,4341835.918367347,10.526273594759221
9.589147526526045,4491549.12244898,10.526273594759221
9.589147526526045,4641262.326530613,10.526273594759221
9.589147526526045,4790975.530612245,10.526273594759221
9.589147526526045,4940688.734693877,10.526273594759221
9.589147526526045,5090401.9387755105,10.526273594759221
9.589147526526045,5240115.142857144,10.526273594759221
9.589147526526045,5389828.346938776,10.526273594759221
9.589147526526045,5539541.551020408,10.526273594759221
9.589147526526045,5689254.755102041,10.526273594759221
9.589147526526045,5838967.959183674,10.526273594759221
9.589147526526045,5988681.1632653065,10.526273594759221
9.589147526526045,6138394.367346939,10.526273594759221
9.589147526526045,6288107.571428572,10.526273594759221
9.589147526526045,6437820.775510205,10.526273594759221
9.589147526526045,6587533.979591837,10.526273594759221
9.589147526526045,6737247.183673469,10.526273594759221
9.589147526526045,6886960.3877551025,10.526273594759221
9.589147526526045,7036673.591836736,10.526273594759221
9.589147526526045,7186386.795918368,10.526273594759221
9.589147526526045,7336100,10.526273594759221
8.322762813264303,153,10.75127180239666
8.322792152779146,149866.20408163266,10.75127180239666
8.322792152779146,299579.4081632653,10.75127180239666
9.58919448764308,449292.612244898,10.75127180239666
9.58919448764308,599005.8163265307,10.75127180239666
9.58919448764308,748719.0204081633,10.75127180239666
9.58919448764308,898432.224489796,10.75127180239666
9.58919448764308,1048145.4285714286,10.75127180239666
9.58919448764308,1197858.6326530613,10.75127180239666
9.58919448764308,1347571.836734694,10.75127180239666
9.58919448764308,1497285.0408163266,10.75127180239666
9.58919448764308,1646998.2448979593,10.75127180239666
9.58919448764308,1796711.448979592,10.75127180239666
9.58919448764308,1946424.6530612246,10.75127180239666
9.58919448764308,2096137.8571428573,10.75127180239666
9.58919448764308,2245851.06122449,10.75127180239666
9.58919448764308,2395564.2653061226,10.75127180239666
9.58919448764308,2545277.4693877553,10.75127180239666
9.58919448764308,2694990.673469388,10.75127180239666
9.58919448764308,2844703.8775510206,10.75127180239666
9.58919448764308,2994417.0816326533,10.75127180239666
9.58919448764308,3144130.285714286,10.75127180239666
9.58919448764308,3293843.4897959186,10.75127180239666
9.58919448764308,3443556.6938775512,10.75127180239666
9.58919448764308,3593269.897959184,10.75127180239666
9.589147526526045,3742983.1020408166,10.75127180239666
9.589147526526045,3892696.306122449,10.75127180239666
9.589147526526045,4042409.510204082,10.75127180239666
9.589147526526045,4192122.7142857146,10.75127180239666
9.589147526526045,4341835.918367347,10.75127180239666
9.589147526526045,4491549.12244898,10.75127180239666
9.589147526526045,4641262.326530613,10.75127180239666
9.589147526526045,4790975.530612245,10.75127180239666
9.589147526526045,4940688.734693877,10.75127180239666
9.589147526526045,5090401.9387755105,10.75127180239666
9.589147526526045,5240115.142857144,10.75127180239666
9.589147526526045,5389828.346938776,10.75127180239666
9.589147526526045,5539541.551020408,10.75127180239666
9.589147526526045,5689254.755102041,10.75127180239666
9.589147526526045,5838967.959183674,10.75127180239666
9.589147526526045,5988681.1632653065,10.75127180239666
9.589147526526045,6138394.367346939,10.75127180239666
9.589147526526045,6288107.571428572,10.75127180239666
9.589147526526045,6437820.775510205,10.75127180239666
9.589147526526045,6587533.979591837,10.75127180239666
9.589147526526045,6737247.183673469,10.75127180239666
9.589147526526045,6886960.3877551025,10.75127180239666
9.589147526526045,7036673.591836736,10.75127180239666
9.589147526526045,7186386.795918368,10.75127180239666
9.589147526526045,7336100,10.75127180239666
8.322762813264303,153,10.976270010034098
8.322792152779146,149866.20408163266,10.976270010034098
8.322792152779146,299579.4081632653,10.976270010034098
9.58919448764308,449292.612244898,10.976270010034098
9.58919448764308,599005.8163265307,10.976270010034098
9.58919448764308,748719.0204081633,10.976270010034098
9.58919448764308,898432.224489796,10.976270010034098
9.58919448764308,1048145.4285714286,10.976270010034098
9.58919448764308,1197858.6326530613,10.976270010034098
9.58919448764308,1347571.836734694,10.976270010034098
9.58919448764308,1497285.0408163266,10.976270010034098
9.58919448764308,1646998.2448979593,10.976270010034098
9.58919448764308,1796711.448979592,10.976270010034098
9.58919448764308,1946424.6530612246,10.976270010034098
9.58919448764308,2096137.8571428573,10.976270010034098
9.58919448764308,2245851.06122449,10.976270010034098
9.58919448764308,2395564.2653061226,10.976270010034098
9.58919448764308,2545277.4693877553,10.976270010034098
9.58919448764308,2694990.673469388,10.976270010034098
9.58919448764308,2844703.8775510206,10.976270010034098
9.58919448764308,2994417.0816326533,10.976270010034098
9.58919448764308,3144130.285714286,10.976270010034098
9.58919448764308,3293843.4897959186,10.976270010034098
9.58919448764308,3443556.6938775512,10.976270010034098
9.58919448764308,3593269.897959184,10.976270010034098
9.589147526526045,3742983.1020408166,10.976270010034098
9.589147526526045,3892696.306122449,10.976270010034098
9.589147526526045,4042409.510204082,10.976270010034098
9.589147526526045,4192122.7142857146,10.976270010034098
9.589147526526045,4341835.918367347,10.976270010034098
9.589147526526045,4491549.12244898,10.976270010034098
9.589147526526045,4641262.326530613,10.976270010034098
9.589147526526045,4790975.530612245,10.976270010034098
9.589147526526045,4940688.734693877,10.976270010034098
9.589147526526045,5090401.9387755105,10.976270010034098
9.589147526526045,5240115.142857144,10.976270010034098
9.589147526526045,5389828.346938776,10.976270010034098
9.589147526526045,5539541.551020408,10.976270010034098
9.589147526526045,5689254.755102041,10.976270010034098
9.589147526526045,5838967.959183674,10.976270010034098
9.589147526526045,5988681.1632653065,10.976270010034098
9.589147526526045,6138394.367346939,10.976270010034098
9.589147526526045,6288107.571428572,10.976270010034098
9.589147526526045,6437820.775510205,10.976270010034098
9.589147526526045,6587533.979591837,10.976270010034098
9.589147526526045,6737247.183673469,10.976270010034098
9.589147526526045,6886960.3877551025,10.976270010034098
9.589147526526045,7036673.591836736,10.976270010034098
9.589147526526045,7186386.795918368,10.976270010034098
9.589147526526045,7336100,10.976270010034098
8.322762813264303,153,11.201268217671537
8.322792152779146,149866.20408163266,11.201268217671537
8.322792152779146,299579.4081632653,11.201268217671537
9.58919448764308,449292.612244898,11.201268217671537
9.58919448764308,599005.8163265307,11.201268217671537
9.58919448764308,748719.0204081633,11.201268217671537
9.58919448764308,898432.224489796,11.201268217671537
9.58919448764308,1048145.4285714286,11.201268217671537
9.58919448764308,1197858.6326530613,11.201268217671537
9.58919448764308,1347571.836734694,11.201268217671537
9.58919448764308,1497285.0408163266,11.201268217671537
9.58919448764308,1646998.2448979593,11.201268217671537
9.58919448764308,1796711.448979592,11.201268217671537
9.58919448764308,1946424.6530612246,11.201268217671537
9.58919448764308,2096137.8571428573,11.201268217671537
9.58919448764308,2245851.06122449,11.201268217671537
9.58919448764308,2395564.2653061226,11.201268217671537
9.58919448764308,2545277.4693877553,11.201268217671537
9.58919448764308,2694990.673469388,11.201268217671537
9.58919448764308,2844703.8775510206,11.201268217671537
9.58919448764308,2994417.0816326533,11.201268217671537
9.58919448764308,3144130.285714286,11.201268217671537
9.58919448764308,3293843.4897959186,11.201268217671537
9.58919448764308,3443556.6938775512,11.201268217671537
9.58919448764308,3593269.897959184,11.201268217671537
9.589147526526045,3742983.1020408166,11.201268217671537
9.589147526526045,3892696.306122449,11.201268217671537
9.589147526526045,4042409.510204082,11.201268217671537
9.589147526526045,4192122.7142857146,11.201268217671537
9.589147526526045,4341835.918367347,11.201268217671537
9.589147526526045,4491549.12244898,11.201268217671537
9.589147526526045,4641262.326530613,11.201268217671537
9.589147526526045,4790975.530612245,11.201268217671537
9.589147526526045,4940688.734693877,11.201268217671537
9.589147526526045,5090401.9387755105,11.201268217671537
9.589147526526045,5240115.142857144,11.201268217671537
9.589147526526045,5389828.346938776,11.201268217671537
9.589147526526045,5539541.551020408,11.201268217671537
9.589147526526045,5689254.755102041,11.201268217671537
9.589147526526045,5838967.959183674,11.201268217671537
9.589147526526045,5988681.1632653065,11.201268217671537
9.589147526526045,6138394.367346939,11.201268217671537
9.589147526526045,6288107.571428572,11.201268217671537
9.589147526526045,6437820.775510205,11.201268217671537
9.589147526526045,6587533.979591837,11.201268217671537
9.589147526526045,6737247.183673469,11.201268217671537
9.589147526526045,6886960.3877551025,11.201268217671537
9.589147526526045,7036673.591836736,11.201268217671537
9.589147526526045,7186386.795918368,11.201268217671537
9.589147526526045,7336100,11.201268217671537
8.322762813264303,153,11.426266425308976
8.322792152779146,149866.20408163266,11.426266425308976
8.322792152779146,299579.4081632653,11.426266425308976
9.58919448764308,449292.612244898,11.426266425308976
9.58919448764308,599005.8163265307,11.426266425308976
9.58919448764308,748719.0204081633,11.426266425308976
9.58919448764308,898432.224489796,11.426266425308976
9.58919448764308,1048145.4285714286,11.426266425308976
9.58919448764308,1197858.6326530613,11.426266425308976
9.58919448764308,1347571.836734694,11.426266425308976
9.58919448764308,1497285.0408163266,11.426266425308976
9.58919448764308,1646998.2448979593,11.426266425308976
9.58919448764308,1796711.448979592,11.426266425308976
9.58919448764308,1946424.6530612246,11.426266425308976
9.58919448764308,2096137.8571428573,11.426266425308976
9.58919448764308,2245851.06122449,11.426266425308976
9.58919448764308,2395564.2653061226,11.426266425308976
9.58919448764308,2545277.4693877553,11.426266425308976
9.58919448764308,2694990.673469388,11.426266425308976
9.58919448764308,2844703.8775510206,11.426266425308976
9.58919448764308,2994417.0816326533,11.426266425308976
9.58919448764308,3144130.285714286,11.426266425308976
9.58919448764308,3293843.4897959186,11.426266425308976
9.58919448764308,3443556.6938775512,11.426266425308976
9.58919448764308,3593269.897959184,11.426266425308976
9.589147526526045,3742983.1020408166,11.426266425308976
9.589147526526045,3892696.306122449,11.426266425308976
9.589147526526045,4042409.510204082,11.426266425308976
9.589147526526045,4192122.7142857146,11.426266425308976
9.589147526526045,4341835.918367347,11.426266425308976
9.589147526526045,4491549.12244898,11.426266425308976
9.589147526526045,4641262.326530613,11.426266425308976
9.589147526526045,4790975.530612245,11.426266425308976
9.589147526526045,4940688.734693877,11.426266425308976
9.589147526526045,5090401.9387755105,11.426266425308976
9.589147526526045,5240115.142857144,11.426266425308976
9.589147526526045,5389828.346938776,11.426266425308976
9.589147526526045,5539541.551020408,11.426266425308976
9.589147526526045,5689254.755102041,11.426266425308976
9.589147526526045,5838967.959183674,11.426266425308976
9.589147526526045,5988681.1632653065,11.426266425308976
9.589147526526045,6138394.367346939,11.426266425308976
9.589147526526045,6288107.571428572,11.426266425308976
9.589147526526045,6437820.775510205,11.426266425308976
9.589147526526045,6587533.979591837,11.426266425308976
9.589147526526045,6737247.183673469,11.426266425308976
9.589147526526045,6886960.3877551025,11.426266425308976
9.589147526526045,7036673.591836736,11.426266425308976
9.589147526526045,7186386.795918368,11.426266425308976
9.589147526526045,7336100,11.426266425308976
8.322762813264303,153,11.651264632946415
8.322792152779146,149866.20408163266,11.651264632946415
8.322792152779146,299579.4081632653,11.651264632946415
9.58919448764308,449292.612244898,11.651264632946415
9.58919448764308,599005.8163265307,11.651264632946415
9.58919448764308,748719.0204081633,11.651264632946415
9.58919448764308,898432.224489796,11.651264632946415
9.58919448764308,1048145.4285714286,11.651264632946415
9.58919448764308,1197858.6326530613,11.651264632946415
9.58919448764308,1347571.836734694,11.651264632946415
9.58919448764308,1497285.0408163266,11.651264632946415
9.58919448764308,1646998.2448979593,11.651264632946415
9.58919448764308,1796711.448979592,11.651264632946415
9.58919448764308,1946424.6530612246,11.651264632946415
9.58919448764308,2096137.8571428573,11.651264632946415
9.58919448764308,2245851.06122449,11.651264632946415
9.58919448764308,2395564.2653061226,11.651264632946415
9.58919448764308,2545277.4693877553,11.651264632946415
9.58919448764308,2694990.673469388,11.651264632946415
9.58919448764308,2844703.8775510206,11.651264632946415
9.58919448764308,2994417.0816326533,11.651264632946415
9.58919448764308,3144130.285714286,11.651264632946415
9.58919448764308,3293843.4897959186,11.651264632946415
9.58919448764308,3443556.6938775512,11.651264632946415
9.58919448764308,3593269.897959184,11.651264632946415
9.589147526526045,3742983.1020408166,11.651264632946415
9.589147526526045,3892696.306122449,11.651264632946415
9.589147526526045,4042409.510204082,11.651264632946415
9.589147526526045,4192122.7142857146,11.651264632946415
9.589147526526045,4341835.918367347,11.651264632946415
9.589147526526045,4491549.12244898,11.651264632946415
9.589147526526045,4641262.326530613,11.651264632946415
9.589147526526045,4790975.530612245,11.651264632946415
9.589147526526045,4940688.734693877,11.651264632946415
9.589147526526045,5090401.9387755105,11.651264632946415
9.589147526526045,5240115.142857144,11.651264632946415
9.589147526526045,5389828.346938776,11.651264632946415
9.589147526526045,5539541.551020408,11.651264632946415
9.589147526526045,5689254.755102041,11.651264632946415
9.589147526526045,5838967.959183674,11.651264632946415
9.589147526526045,5988681.1632653065,11.651264632946415
9.589147526526045,6138394.367346939,11.651264632946415
9.589147526526045,6288107.571428572,11.651264632946415
9.589147526526045,6437820.775510205,11.651264632946415
9.589147526526045,6587533.979591837,11.651264632946415
9.589147526526045,6737247.183673469,11.651264632946415
9.589147526526045,6886960.3877551025,11.651264632946415
9.589147526526045,7036673.591836736,11.651264632946415
9.589147526526045,7186386.795918368,11.651264632946415
9.589147526526045,7336100,11.651264632946415
8.322762813264303,153,11.876262840583854
8.322792152779146,149866.20408163266,11.876262840583854
8.322792152779146,299579.4081632653,11.876262840583854
9.58919448764308,449292.612244898,11.876262840583854
9.58919448764308,599005.8163265307,11.876262840583854
9.58919448764308,748719.0204081633,11.876262840583854
9.58919448764308,898432.224489796,11.876262840583854
9.58919448764308,1048145.4285714286,11.876262840583854
9.58919448764308,1197858.6326530613,11.876262840583854
9.58919448764308,1347571.836734694,11.876262840583854
9.58919448764308,1497285.0408163266,11.876262840583854
9.58919448764308,1646998.2448979593,11.876262840583854
9.58919448764308,1796711.448979592,11.876262840583854
9.58919448764308,1946424.6530612246,11.876262840583854
9.58919448764308,2096137.8571428573,11.876262840583854
9.58919448764308,2245851.06122449,11.876262840583854
9.58919448764308,2395564.2653061226,11.876262840583854
9.58919448764308,2545277.4693877553,11.876262840583854
9.58919448764308,2694990.673469388,11.876262840583854
9.58919448764308,2844703.8775510206,11.876262840583854
9.58919448764308,2994417.0816326533,11.876262840583854
9.58919448764308,3144130.285714286,11.876262840583854
9.58919448764308,3293843.4897959186,11.876262840583854
9.58919448764308,3443556.6938775512,11.876262840583854
9.58919448764308,3593269.897959184,11.876262840583854
9.589147526526045,3742983.1020408166,11.876262840583854
9.589147526526045,3892696.306122449,11.876262840583854
9.589147526526045,4042409.510204082,11.876262840583854
9.589147526526045,4192122.7142857146,11.876262840583854
9.589147526526045,4341835.918367347,11.876262840583854
9.589147526526045,4491549.12244898,11.876262840583854
9.589147526526045,4641262.326530613,11.876262840583854
9.589147526526045,4790975.530612245,11.876262840583854
9.589147526526045,4940688.734693877,11.876262840583854
9.589147526526045,5090401.9387755105,11.876262840583854
9.589147526526045,5240115.142857144,11.876262840583854
9.589147526526045,5389828.346938776,11.876262840583854
9.589147526526045,5539541.551020408,11.876262840583854
9.589147526526045,5689254.755102041,11.876262840583854
9.589147526526045,5838967.959183674,11.876262840583854
9.589147526526045,5988681.1632653065,11.876262840583854
9.589147526526045,6138394.367346939,11.876262840583854
9.589147526526045,6288107.571428572,11.876262840583854
9.589147526526045,6437820.775510205,11.876262840583854
9.589147526526045,6587533.979591837,11.876262840583854
9.589147526526045,6737247.183673469,11.876262840583854
9.589147526526045,6886960.3877551025,11.876262840583854
9.589147526526045,7036673.591836736,11.876262840583854
9.589147526526045,7186386.795918368,11.876262840583854
9.589147526526045,7336100,11.876262840583854
8.322762813264303,153,12.101261048221293
8.322792152779146,149866.20408163266,12.101261048221293
8.322792152779146,299579.4081632653,12.101261048221293
9.58919448764308,449292.612244898,12.101261048221293
9.58919448764308,599005.8163265307,12.101261048221293
9.58919448764308,748719.0204081633,12.101261048221293
9.58919448764308,898432.224489796,12.101261048221293
9.58919448764308,1048145.4285714286,12.101261048221293
9.58919448764308,1197858.6326530613,12.101261048221293
9.58919448764308,1347571.836734694,12.101261048221293
9.58919448764308,1497285.0408163266,12.101261048221293
9.58919448764308,1646998.2448979593,12.101261048221293
9.58919448764308,1796711.448979592,12.101261048221293
9.58919448764308,1946424.6530612246,12.101261048221293
9.58919448764308,2096137.8571428573,12.101261048221293
9.58919448764308,2245851.06122449,12.101261048221293
9.58919448764308,2395564.2653061226,12.101261048221293
9.58919448764308,2545277.4693877553,12.101261048221293
9.58919448764308,2694990.673469388,12.101261048221293
9.58919448764308,2844703.8775510206,12.101261048221293
9.58919448764308,2994417.0816326533,12.101261048221293
9.58919448764308,3144130.285714286,12.101261048221293
9.58919448764308,3293843.4897959186,12.101261048221293
9.58919448764308,3443556.6938775512,12.101261048221293
9.58919448764308,3593269.897959184,12.101261048221293
9.589147526526045,3742983.1020408166,12.101261048221293
9.589147526526045,3892696.306122449,12.101261048221293
9.589147526526045,4042409.510204082,12.101261048221293
9.589147526526045,4192122.7142857146,12.101261048221293
9.589147526526045,4341835.918367347,12.101261048221293
9.589147526526045,4491549.12244898,12.101261048221293
9.589147526526045,4641262.326530613,12.101261048221293
9.589147526526045,4790975.530612245,12.101261048221293
9.589147526526045,4940688.734693877,12.101261048221293
9.589147526526045,5090401.9387755105,12.101261048221293
9.589147526526045,5240115.142857144,12.101261048221293
9.589147526526045,5389828.346938776,12.101261048221293
9.589147526526045,5539541.551020408,12.101261048221293
9.589147526526045,5689254.755102041,12.101261048221293
9.589147526526045,5838967.959183674,12.101261048221293
9.589147526526045,5988681.1632653065,12.101261048221293
9.589147526526045,6138394.367346939,12.101261048221293
9.589147526526045,6288107.571428572,12.101261048221293
9.589147526526045,6437820.775510205,12.101261048221293
9.589147526526045,6587533.979591837,12.101261048221293
9.589147526526045,6737247.183673469,12.101261048221293
9.589147526526045,6886960.3877551025,12.101261048221293
9.589147526526045,7036673.591836736,12.101261048221293
9.589147526526045,7186386.795918368,12.101261048221293
9.589147526526045,7336100,12.101261048221293
8.322762813264303,153,12.32625925585873
8.322792152779146,149866.20408163266,12.32625925585873
8.322792152779146,299579.4081632653,12.32625925585873
9.58919448764308,449292.612244898,12.32625925585873
9.58919448764308,599005.8163265307,12.32625925585873
9.58919448764308,748719.0204081633,12.32625925585873
9.58919448764308,898432.224489796,12.32625925585873
9.58919448764308,1048145.4285714286,12.32625925585873
9.58919448764308,1197858.6326530613,12.32625925585873
9.58919448764308,1347571.836734694,12.32625925585873
9.58919448764308,1497285.0408163266,12.32625925585873
9.58919448764308,1646998.2448979593,12.32625925585873
9.58919448764308,1796711.448979592,12.32625925585873
9.58919448764308,1946424.6530612246,12.32625925585873
9.58919448764308,2096137.8571428573,12.32625925585873
9.58919448764308,2245851.06122449,12.32625925585873
9.58919448764308,2395564.2653061226,12.32625925585873
9.58919448764308,2545277.4693877553,12.32625925585873
9.58919448764308,2694990.673469388,12.32625925585873
9.58919448764308,2844703.8775510206,12.32625925585873
9.58919448764308,2994417.0816326533,12.32625925585873
9.58919448764308,3144130.285714286,12.32625925585873
9.58919448764308,3293843.4897959186,12.32625925585873
9.58919448764308,3443556.6938775512,12.32625925585873
9.58919448764308,3593269.897959184,12.32625925585873
9.589147526526045,3742983.1020408166,12.32625925585873
9.589147526526045,3892696.306122449,12.32625925585873
9.589147526526045,4042409.510204082,12.32625925585873
9.589147526526045,4192122.7142857146,12.32625925585873
9.589147526526045,4341835.918367347,12.32625925585873
9.589147526526045,4491549.12244898,12.32625925585873
9.589147526526045,4641262.326530613,12.32625925585873
9.589147526526045,4790975.530612245,12.32625925585873
9.589147526526045,4940688.734693877,12.32625925585873
9.589147526526045,5090401.9387755105,12.32625925585873
9.589147526526045,5240115.142857144,12.32625925585873
9.589147526526045,5389828.346938776,12.32625925585873
9.589147526526045,5539541.551020408,12.32625925585873
9.589147526526045,5689254.755102041,12.32625925585873
9.589147526526045,5838967.959183674,12.32625925585873
9.589147526526045,5988681.1632653065,12.32625925585873
9.589147526526045,6138394.367346939,12.32625925585873
9.589147526526045,6288107.571428572,12.32625925585873
9.589147526526045,6437820.775510205,12.32625925585873
9.589147526526045,6587533.979591837,12.32625925585873
9.589147526526045,6737247.183673469,12.32625925585873
9.589147526526045,6886960.3877551025,12.32625925585873
9.589147526526045,7036673.591836736,12.32625925585873
9.589147526526045,7186386.795918368,12.32625925585873
9.589147526526045,7336100,12.32625925585873
8.322762813264303,153,12.551257463496169
8.322792152779146,149866.20408163266,12.551257463496169
8.322792152779146,299579.4081632653,12.551257463496169
9.58919448764308,449292.612244898,12.551257463496169
9.58919448764308,599005.8163265307,12.551257463496169
9.58919448764308,748719.0204081633,12.551257463496169
9.58919448764308,898432.224489796,12.551257463496169
9.58919448764308,1048145.4285714286,12.551257463496169
9.58919448764308,1197858.6326530613,12.551257463496169
9.58919448764308,1347571.836734694,12.551257463496169
9.58919448764308,1497285.0408163266,12.551257463496169
9.58919448764308,1646998.2448979593,12.551257463496169
9.58919448764308,1796711.448979592,12.551257463496169
9.58919448764308,1946424.6530612246,12.551257463496169
9.58919448764308,2096137.8571428573,12.551257463496169
9.58919448764308,2245851.06122449,12.551257463496169
9.58919448764308,2395564.2653061226,12.551257463496169
9.58919448764308,2545277.4693877553,12.551257463496169
9.58919448764308,2694990.673469388,12.551257463496169
9.58919448764308,2844703.8775510206,12.551257463496169
9.58919448764308,2994417.0816326533,12.551257463496169
9.58919448764308,3144130.285714286,12.551257463496169
9.58919448764308,3293843.4897959186,12.551257463496169
9.58919448764308,3443556.6938775512,12.551257463496169
9.58919448764308,3593269.897959184,12.551257463496169
9.589147526526045,3742983.1020408166,12.551257463496169
9.589147526526045,3892696.306122449,12.551257463496169
9.589147526526045,4042409.510204082,12.551257463496169
9.589147526526045,4192122.7142857146,12.551257463496169
9.589147526526045,4341835.918367347,12.551257463496169
9.589147526526045,4491549.12244898,12.551257463496169
9.589147526526045,4641262.326530613,12.551257463496169
9.589147526526045,4790975.530612245,12.551257463496169
9.589147526526045,4940688.734693877,12.551257463496169
9.589147526526045,5090401.9387755105,12.551257463496169
9.589147526526045,5240115.142857144,12.551257463496169
9.589147526526045,5389828.346938776,12.551257463496169
9.589147526526045,5539541.551020408,12.551257463496169
9.589147526526045,5689254.755102041,12.551257463496169
9.589147526526045,5838967.959183674,12.551257463496169
9.589147526526045,5988681.1632653065,12.551257463496169
9.589147526526045,6138394.367346939,12.551257463496169
9.589147526526045,6288107.571428572,12.551257463496169
9.589147526526045,6437820.775510205,12.551257463496169
9.589147526526045,6587533.979591837,12.551257463496169
9.589147526526045,6737247.183673469,12.551257463496169
9.589147526526045,6886960.3877551025,12.551257463496169
9.589147526526045,7036673.591836736,12.551257463496169
9.589147526526045,7186386.795918368,12.551257463496169
9.589147526526045,7336100,12.551257463496169
8.322762813264303,153,12.776255671133608
8.322792152779146,149866.20408163266,12.776255671133608
8.322792152779146,299579.4081632653,12.776255671133608
9.58919448764308,449292.612244898,12.776255671133608
9.58919448764308,599005.8163265307,12.776255671133608
9.58919448764308,748719.0204081633,12.776255671133608
9.58919448764308,898432.224489796,12.776255671133608
9.58919448764308,1048145.4285714286,12.776255671133608
9.58919448764308,1197858.6326530613,12.776255671133608
9.58919448764308,1347571.836734694,12.776255671133608
9.58919448764308,1497285.0408163266,12.776255671133608
9.58919448764308,1646998.2448979593,12.776255671133608
9.58919448764308,1796711.448979592,12.776255671133608
9.58919448764308,1946424.6530612246,12.776255671133608
9.58919448764308,2096137.8571428573,12.776255671133608
9.58919448764308,2245851.06122449,12.776255671133608
9.58919448764308,2395564.2653061226,12.776255671133608
9.58919448764308,2545277.4693877553,12.776255671133608
9.58919448764308,2694990.673469388,12.776255671133608
9.58919448764308,2844703.8775510206,12.776255671133608
9.58919448764308,2994417.0816326533,12.776255671133608
9.58919448764308,3144130.285714286,12.776255671133608
9.58919448764308,3293843.4897959186,12.776255671133608
9.58919448764308,3443556.6938775512,12.776255671133608
9.58919448764308,3593269.897959184,12.776255671133608
9.589147526526045,3742983.1020408166,12.776255671133608
9.589147526526045,3892696.306122449,12.776255671133608
9.589147526526045,4042409.510204082,12.776255671133608
9.589147526526045,4192122.7142857146,12.776255671133608
9.589147526526045,4341835.918367347,12.776255671133608
9.589147526526045,4491549.12244898,12.776255671133608
9.589147526526045,4641262.326530613,12.776255671133608
9.589147526526045,4790975.530612245,12.776255671133608
9.589147526526045,4940688.734693877,12.776255671133608
9.589147526526045,5090401.9387755105,12.776255671133608
9.589147526526045,5240115.142857144,12.776255671133608
9.589147526526045,5389828.346938776,12.776255671133608
9.589147526526045,5539541.551020408,12.776255671133608
9.589147526526045,5689254.755102041,12.776255671133608
9.589147526526045,5838967.959183674,12.776255671133608
9.589147526526045,5988681.1632653065,12.776255671133608
9.589147526526045,6138394.367346939,12.776255671133608
9.589147526526045,6288107.571428572,12.776255671133608
9.589147526526045,6437820.775510205,12.776255671133608
9.589147526526045,6587533.979591837,12.776255671133608
9.589147526526045,6737247.183673469,12.776255671133608
9.589147526526045,6886960.3877551025,12.776255671133608
9.589147526526045,7036673.591836736,12.776255671133608
9.589147526526045,7186386.795918368,12.776255671133608
9.589147526526045,7336100,12.776255671133608
8.322762813264303,153,13.001253878771047
8.322792152779146,149866.20408163266,13.001253878771047
8.322792152779146,299579.4081632653,13.001253878771047
9.58919448764308,449292.612244898,13.001253878771047
9.58919448764308,599005.8163265307,13.001253878771047
9.58919448764308,748719.0204081633,13.001253878771047
9.58919448764308,898432.224489796,13.001253878771047
9.58919448764308,1048145.4285714286,13.001253878771047
9.58919448764308,1197858.6326530613,13.001253878771047
9.58919448764308,1347571.836734694,13.001253878771047
9.58919448764308,1497285.0408163266,13.001253878771047
9.58919448764308,1646998.2448979593,13.001253878771047
9.58919448764308,1796711.448979592,13.001253878771047
9.58919448764308,1946424.6530612246,13.001253878771047
9.58919448764308,2096137.8571428573,13.001253878771047
9.58919448764308,2245851.06122449,13.001253878771047
9.58919448764308,2395564.2653061226,13.001253878771047
9.58919448764308,2545277.4693877553,13.001253878771047
9.58919448764308,2694990.673469388,13.001253878771047
9.58919448764308,2844703.8775510206,13.001253878771047
9.58919448764308,2994417.0816326533,13.001253878771047
9.58919448764308,3144130.285714286,13.001253878771047
9.58919448764308,3293843.4897959186,13.001253878771047
9.58919448764308,3443556.6938775512,13.001253878771047
9.58919448764308,3593269.897959184,13.001253878771047
9.589147526526045,3742983.1020408166,13.001253878771047
9.589147526526045,3892696.306122449,13.001253878771047
9.589147526526045,4042409.510204082,13.001253878771047
9.589147526526045,4192122.7142857146,13.001253878771047
9.589147526526045,4341835.918367347,13.001253878771047
9.589147526526045,4491549.12244898,13.001253878771047
9.589147526526045,4641262.326530613,13.001253878771047
9.589147526526045,4790975.530612245,13.001253878771047
9.589147526526045,4940688.734693877,13.001253878771047
9.589147526526045,5090401.9387755105,13.001253878771047
9.589147526526045,5240115.142857144,13.001253878771047
9.589147526526045,5389828.346938776,13.001253878771047
9.589147526526045,5539541.551020408,13.001253878771047
9.589147526526045,5689254.755102041,13.001253878771047
9.589147526526045,5838967.959183674,13.001253878771047
9.589147526526045,5988681.1632653065,13.001253878771047
9.589147526526045,6138394.367346939,13.001253878771047
9.589147526526045,6288107.571428572,13.001253878771047
9.589147526526045,6437820.775510205,13.001253878771047
9.589147526526045,6587533.979591837,13.001253878771047
9.589147526526045,6737247.183673469,13.001253878771047
9.589147526526045,6886960.3877551025,13.001253878771047
9.589147526526045,7036673.591836736,13.001253878771047
9.589147526526045,7186386.795918368,13.001253878771047
9.589147526526045,7336100,13.001253878771047
