Q,cumulative_landfalling_area,avg_landfalling_minomega
0.0203517914194173,177,-1.813508185473356
0.5419435825931267,149889.7142857143,-1.813508185473356
0.7237393760833918,299602.4285714286,-1.813508185473356
0.9814078575562315,449315.14285714284,-1.813508185473356
0.9814078575562315,599027.8571428572,-1.813508185473356
1.0570741421275929,748740.5714285715,-1.813508185473356
1.0570741421275929,898453.2857142857,-1.813508185473356
1.0570741421275929,1048166,-1.813508185473356
1.3025490894405092,1197878.7142857143,-1.813508185473356
1.3025490894405092,1347591.4285714286,-1.813508185473356
1.3025490894405092,1497304.142857143,-1.813508185473356
1.3025490894405092,1647016.8571428573,-1.813508185473356
1.713969024050657,1796729.5714285714,-1.813508185473356
1.713969024050657,1946442.2857142857,-1.813508185473356
1.713969024050657,2096155,-1.813508185473356
1.713969024050657,2245867.7142857146,-1.813508185473356
1.713969024050657,2395580.4285714286,-1.813508185473356
2.041123884052329,2545293.1428571427,-1.813508185473356
997.8877808846906,2695005.8571428573,-1.813508185473356
997.8877808846906,2844718.5714285714,-1.813508185473356
997.8877808846906,2994431.285714286,-1.813508185473356
997.8877808846906,3144144,-1.813508185473356
997.8877808846906,3293856.7142857146,-1.813508185473356
997.8877808846906,3443569.4285714286,-1.813508185473356
997.8877808846906,3593282.1428571427,-1.813508185473356
997.8877808846906,3742994.8571428573,-1.813508185473356
997.8877808846906,3892707.5714285714,-1.813508185473356
997.8877808846906,4042420.285714286,-1.813508185473356
997.8877808846906,4192133,-1.813508185473356
997.8877808846906,4341845.714285715,-1.813508185473356
997.8877808846906,4491558.428571429,-1.813508185473356
997.8877808846906,4641271.142857143,-1.813508185473356
997.8877808846906,4790983.857142857,-1.813508185473356
997.8877808846906,4940696.571428572,-1.813508185473356
997.8877808846906,5090409.285714285,-1.813508185473356
997.8877808846906,5240122,-1.813508185473356
997.8877808846906,5389834.714285715,-1.813508185473356
997.8877808846906,5539547.428571429,-1.813508185473356
997.8877808846906,5689260.142857143,-1.813508185473356
997.8877808846906,5838972.857142857,-1.813508185473356
997.8877808846906,5988685.571428572,-1.813508185473356
997.8877808846906,6138398.285714285,-1.813508185473356
997.8877808846906,6288111,-1.813508185473356
997.8877808846906,6437823.714285715,-1.813508185473356
997.8877808846906,6587536.428571429,-1.813508185473356
997.8877808846906,6737249.142857143,-1.813508185473356
997.8877808846906,6886961.857142857,-1.813508185473356
997.8877808846906,7036674.571428572,-1.813508185473356
997.8877808846906,7186387.285714285,-1.813508185473356
997.8877808846906,7336100,-1.813508185473356
0.0203517914194173,177,-1.7777659679332785
0.5419435825931267,149889.7142857143,-1.7777659679332785
0.7237393760833918,299602.4285714286,-1.7777659679332785
0.9814078575562315,449315.14285714284,-1.7777659679332785
0.9814078575562315,599027.8571428572,-1.7777659679332785
1.0570741421275929,748740.5714285715,-1.7777659679332785
1.0570741421275929,898453.2857142857,-1.7777659679332785
1.0570741421275929,1048166,-1.7777659679332785
1.3025490894405092,1197878.7142857143,-1.7777659679332785
1.3025490894405092,1347591.4285714286,-1.7777659679332785
1.3025490894405092,1497304.142857143,-1.7777659679332785
1.3025490894405092,1647016.8571428573,-1.7777659679332785
1.713969024050657,1796729.5714285714,-1.7777659679332785
1.713969024050657,1946442.2857142857,-1.7777659679332785
1.713969024050657,2096155,-1.7777659679332785
1.713969024050657,2245867.7142857146,-1.7777659679332785
1.713969024050657,2395580.4285714286,-1.7777659679332785
2.041123884052329,2545293.1428571427,-1.7777659679332785
997.8877808846906,2695005.8571428573,-1.7777659679332785
997.8877808846906,2844718.5714285714,-1.7777659679332785
997.8877808846906,2994431.285714286,-1.7777659679332785
997.8877808846906,3144144,-1.7777659679332785
997.8877808846906,3293856.7142857146,-1.7777659679332785
997.8877808846906,3443569.4285714286,-1.7777659679332785
997.8877808846906,3593282.1428571427,-1.7777659679332785
997.8877808846906,3742994.8571428573,-1.7777659679332785
997.8877808846906,3892707.5714285714,-1.7777659679332785
997.8877808846906,4042420.285714286,-1.7777659679332785
997.8877808846906,4192133,-1.7777659679332785
997.8877808846906,4341845.714285715,-1.7777659679332785
997.8877808846906,4491558.428571429,-1.7777659679332785
997.8877808846906,4641271.142857143,-1.7777659679332785
997.8877808846906,4790983.857142857,-1.7777659679332785
997.8877808846906,4940696.571428572,-1.7777659679332785
997.8877808846906,5090409.285714285,-1.7777659679332785
997.8877808846906,5240122,-1.7777659679332785
997.8877808846906,5389834.714285715,-1.7777659679332785
997.8877808846906,5539547.428571429,-1.7777659679332785
997.8877808846906,5689260.142857143,-1.7777659679332785
997.8877808846906,5838972.857142857,-1.7777659679332785
997.8877808846906,5988685.571428572,-1.7777659679332785
997.8877808846906,6138398.285714285,-1.7777659679332785
997.8877808846906,6288111,-1.7777659679332785
997.8877808846906,6437823.714285715,-1.7777659679332785
997.8877808846906,6587536.428571429,-1.7777659679332785
997.8877808846906,6737249.142857143,-1.7777659679332785
997.8877808846906,6886961.857142857,-1.7777659679332785
997.8877808846906,7036674.571428572,-1.7777659679332785
997.8877808846906,7186387.285714285,-1.7777659679332785
997.8877808846906,7336100,-1.7777659679332785
0.0203517914194173,177,-1.742023750393201
0.5419435825931267,149889.7142857143,-1.742023750393201
0.7237393760833918,299602.4285714286,-1.742023750393201
0.9814078575562315,449315.14285714284,-1.742023750393201
0.9814078575562315,599027.8571428572,-1.742023750393201
1.0570741421275929,748740.5714285715,-1.742023750393201
1.0570741421275929,898453.2857142857,-1.742023750393201
1.0570741421275929,1048166,-1.742023750393201
1.3025490894405092,1197878.7142857143,-1.742023750393201
1.3025490894405092,1347591.4285714286,-1.742023750393201
1.3025490894405092,1497304.142857143,-1.742023750393201
1.3025490894405092,1647016.8571428573,-1.742023750393201
1.713969024050657,1796729.5714285714,-1.742023750393201
1.713969024050657,1946442.2857142857,-1.742023750393201
1.713969024050657,2096155,-1.742023750393201
1.713969024050657,2245867.7142857146,-1.742023750393201
1.713969024050657,2395580.4285714286,-1.742023750393201
2.041123884052329,2545293.1428571427,-1.742023750393201
997.8877808846906,2695005.8571428573,-1.742023750393201
997.8877808846906,2844718.5714285714,-1.742023750393201
997.8877808846906,2994431.285714286,-1.742023750393201
997.8877808846906,3144144,-1.742023750393201
997.8877808846906,3293856.7142857146,-1.742023750393201
997.8877808846906,3443569.4285714286,-1.742023750393201
997.8877808846906,3593282.1428571427,-1.742023750393201
997.8877808846906,3742994.8571428573,-1.742023750393201
997.8877808846906,3892707.5714285714,-1.742023750393201
997.8877808846906,4042420.285714286,-1.742023750393201
997.8877808846906,4192133,-1.742023750393201
997.8877808846906,4341845.714285715,-1.742023750393201
997.8877808846906,4491558.428571429,-1.742023750393201
997.8877808846906,4641271.142857143,-1.742023750393201
997.8877808846906,4790983.857142857,-1.742023750393201
997.8877808846906,4940696.571428572,-1.742023750393201
997.8877808846906,5090409.285714285,-1.742023750393201
997.8877808846906,5240122,-1.742023750393201
997.8877808846906,5389834.714285715,-1.742023750393201
997.8877808846906,5539547.428571429,-1.742023750393201
997.8877808846906,5689260.142857143,-1.742023750393201
997.8877808846906,5838972.857142857,-1.742023750393201
997.8877808846906,5988685.571428572,-1.742023750393201
997.8877808846906,6138398.285714285,-1.742023750393201
997.8877808846906,6288111,-1.742023750393201
997.8877808846906,6437823.714285715,-1.742023750393201
997.8877808846906,6587536.428571429,-1.742023750393201
997.8877808846906,6737249.142857143,-1.742023750393201
997.8877808846906,6886961.857142857,-1.742023750393201
997.8877808846906,7036674.571428572,-1.742023750393201
997.8877808846906,7186387.285714285,-1.742023750393201
997.8877808846906,7336100,-1.742023750393201
0.0203517914194173,177,-1.7062815328531236
0.5419435825931267,149889.7142857143,-1.7062815328531236
0.7237393760833918,299602.4285714286,-1.7062815328531236
0.9814078575562315,449315.14285714284,-1.7062815328531236
0.9814078575562315,599027.8571428572,-1.7062815328531236
1.0570741421275929,748740.5714285715,-1.7062815328531236
1.0570741421275929,898453.2857142857,-1.7062815328531236
1.0570741421275929,1048166,-1.7062815328531236
1.3025490894405092,1197878.7142857143,-1.7062815328531236
1.3025490894405092,1347591.4285714286,-1.7062815328531236
1.3025490894405092,1497304.142857143,-1.7062815328531236
1.3025490894405092,1647016.8571428573,-1.7062815328531236
1.713969024050657,1796729.5714285714,-1.7062815328531236
1.713969024050657,1946442.2857142857,-1.7062815328531236
1.713969024050657,2096155,-1.7062815328531236
1.713969024050657,2245867.7142857146,-1.7062815328531236
1.713969024050657,2395580.4285714286,-1.7062815328531236
2.041123884052329,2545293.1428571427,-1.7062815328531236
997.8877808846906,2695005.8571428573,-1.7062815328531236
997.8877808846906,2844718.5714285714,-1.7062815328531236
997.8877808846906,2994431.285714286,-1.7062815328531236
997.8877808846906,3144144,-1.7062815328531236
997.8877808846906,3293856.7142857146,-1.7062815328531236
997.8877808846906,3443569.4285714286,-1.7062815328531236
997.8877808846906,3593282.1428571427,-1.7062815328531236
997.8877808846906,3742994.8571428573,-1.7062815328531236
997.8877808846906,3892707.5714285714,-1.7062815328531236
997.8877808846906,4042420.285714286,-1.7062815328531236
997.8877808846906,4192133,-1.7062815328531236
997.8877808846906,4341845.714285715,-1.7062815328531236
997.8877808846906,4491558.428571429,-1.7062815328531236
997.8877808846906,4641271.142857143,-1.7062815328531236
997.8877808846906,4790983.857142857,-1.7062815328531236
997.8877808846906,4940696.571428572,-1.7062815328531236
997.8877808846906,5090409.285714285,-1.7062815328531236
997.8877808846906,5240122,-1.7062815328531236
997.8877808846906,5389834.714285715,-1.7062815328531236
997.8877808846906,5539547.428571429,-1.7062815328531236
997.8877808846906,5689260.142857143,-1.7062815328531236
997.8877808846906,5838972.857142857,-1.7062815328531236
997.8877808846906,5988685.571428572,-1.7062815328531236
997.8877808846906,6138398.285714285,-1.7062815328531236
997.8877808846906,6288111,-1.7062815328531236
997.8877808846906,6437823.714285715,-1.7062815328531236
997.8877808846906,6587536.428571429,-1.7062815328531236
997.8877808846906,6737249.142857143,-1.7062815328531236
997.8877808846906,6886961.857142857,-1.7062815328531236
997.8877808846906,7036674.571428572,-1.7062815328531236
997.8877808846906,7186387.285714285,-1.7062815328531236
997.8877808846906,7336100,-1.7062815328531236
0.0203517914194173,177,-1.6705393153130461
0.5419435825931267,149889.7142857143,-1.6705393153130461
0.7237393760833918,299602.4285714286,-1.6705393153130461
0.9814078575562315,449315.14285714284,-1.6705393153130461
0.9814078575562315,599027.8571428572,-1.6705393153130461
1.0570741421275929,748740.5714285715,-1.6705393153130461
1.0570741421275929,898453.2857142857,-1.6705393153130461
1.0570741421275929,1048166,-1.6705393153130461
1.3025490894405092,1197878.7142857143,-1.6705393153130461
1.3025490894405092,1347591.4285714286,-1.6705393153130461
1.3025490894405092,1497304.142857143,-1.6705393153130461
1.3025490894405092,1647016.8571428573,-1.6705393153130461
1.713969024050657,1796729.5714285714,-1.6705393153130461
1.713969024050657,1946442.2857142857,-1.6705393153130461
1.713969024050657,2096155,-1.6705393153130461
1.713969024050657,2245867.7142857146,-1.6705393153130461
1.713969024050657,2395580.4285714286,-1.6705393153130461
2.041123884052329,2545293.1428571427,-1.6705393153130461
997.8877808846906,2695005.8571428573,-1.6705393153130461
997.8877808846906,2844718.5714285714,-1.6705393153130461
997.8877808846906,2994431.285714286,-1.6705393153130461
997.8877808846906,3144144,-1.6705393153130461
997.8877808846906,3293856.7142857146,-1.6705393153130461
997.8877808846906,3443569.4285714286,-1.6705393153130461
997.8877808846906,3593282.1428571427,-1.6705393153130461
997.8877808846906,3742994.8571428573,-1.6705393153130461
997.8877808846906,3892707.5714285714,-1.6705393153130461
997.8877808846906,4042420.285714286,-1.6705393153130461
997.8877808846906,4192133,-1.6705393153130461
997.8877808846906,4341845.714285715,-1.6705393153130461
997.8877808846906,4491558.428571429,-1.6705393153130461
997.8877808846906,4641271.142857143,-1.6705393153130461
997.8877808846906,4790983.857142857,-1.6705393153130461
997.8877808846906,4940696.571428572,-1.6705393153130461
997.8877808846906,5090409.285714285,-1.6705393153130461
997.8877808846906,5240122,-1.6705393153130461
997.8877808846906,5389834.714285715,-1.6705393153130461
997.8877808846906,5539547.428571429,-1.6705393153130461
997.8877808846906,5689260.142857143,-1.6705393153130461
997.8877808846906,5838972.857142857,-1.6705393153130461
997.8877808846906,5988685.571428572,-1.6705393153130461
997.8877808846906,6138398.285714285,-1.6705393153130461
997.8877808846906,6288111,-1.6705393153130461
997.8877808846906,6437823.714285715,-1.6705393153130461
997.8877808846906,6587536.428571429,-1.6705393153130461
997.8877808846906,6737249.142857143,-1.6705393153130461
997.8877808846906,6886961.857142857,-1.6705393153130461
997.8877808846906,7036674.571428572,-1.6705393153130461
997.8877808846906,7186387.285714285,-1.6705393153130461
997.8877808846906,7336100,-1.6705393153130461
0.0203517914194173,177,-1.6347970977729684
0.5419435825931267,149889.7142857143,-1.6347970977729684
0.7237393760833918,299602.4285714286,-1.6347970977729684
0.9814078575562315,449315.14285714284,-1.6347970977729684
0.9814078575562315,599027.8571428572,-1.6347970977729684
1.0570741421275929,748740.5714285715,-1.6347970977729684
1.0570741421275929,898453.2857142857,-1.6347970977729684
1.0570741421275929,1048166,-1.6347970977729684
1.3025490894405092,1197878.7142857143,-1.6347970977729684
1.3025490894405092,1347591.4285714286,-1.6347970977729684
1.3025490894405092,1497304.142857143,-1.6347970977729684
1.3025490894405092,1647016.8571428573,-1.6347970977729684
1.713969024050657,1796729.5714285714,-1.6347970977729684
1.713969024050657,1946442.2857142857,-1.6347970977729684
1.713969024050657,2096155,-1.6347970977729684
1.713969024050657,2245867.7142857146,-1.6347970977729684
1.713969024050657,2395580.4285714286,-1.6347970977729684
2.041123884052329,2545293.1428571427,-1.6347970977729684
997.8877808846906,2695005.8571428573,-1.6347970977729684
997.8877808846906,2844718.5714285714,-1.6347970977729684
997.8877808846906,2994431.285714286,-1.6347970977729684
997.8877808846906,3144144,-1.6347970977729684
997.8877808846906,3293856.7142857146,-1.6347970977729684
997.8877808846906,3443569.4285714286,-1.6347970977729684
997.8877808846906,3593282.1428571427,-1.6347970977729684
997.8877808846906,3742994.8571428573,-1.6347970977729684
997.8877808846906,3892707.5714285714,-1.6347970977729684
997.8877808846906,4042420.285714286,-1.6347970977729684
997.8877808846906,4192133,-1.6347970977729684
997.8877808846906,4341845.714285715,-1.6347970977729684
997.8877808846906,4491558.428571429,-1.6347970977729684
997.8877808846906,4641271.142857143,-1.6347970977729684
997.8877808846906,4790983.857142857,-1.6347970977729684
997.8877808846906,4940696.571428572,-1.6347970977729684
997.8877808846906,5090409.285714285,-1.6347970977729684
997.8877808846906,5240122,-1.6347970977729684
997.8877808846906,5389834.714285715,-1.6347970977729684
997.8877808846906,5539547.428571429,-1.6347970977729684
997.8877808846906,5689260.142857143,-1.6347970977729684
997.8877808846906,5838972.857142857,-1.6347970977729684
997.8877808846906,5988685.571428572,-1.6347970977729684
997.8877808846906,6138398.285714285,-1.6347970977729684
997.8877808846906,6288111,-1.6347970977729684
997.8877808846906,6437823.714285715,-1.6347970977729684
997.8877808846906,6587536.428571429,-1.6347970977729684
997.8877808846906,6737249.142857143,-1.6347970977729684
997.8877808846906,6886961.857142857,-1.6347970977729684
997.8877808846906,7036674.571428572,-1.6347970977729684
997.8877808846906,7186387.285714285,-1.6347970977729684
997.8877808846906,7336100,-1.6347970977729684
0.0203517914194173,177,-1.599054880232891
0.5419435825931267,149889.7142857143,-1.599054880232891
0.7237393760833918,299602.4285714286,-1.599054880232891
0.9814078575562315,449315.14285714284,-1.599054880232891
0.9814078575562315,599027.8571428572,-1.599054880232891
1.0570741421275929,748740.5714285715,-1.599054880232891
1.0570741421275929,898453.2857142857,-1.599054880232891
1.0570741421275929,1048166,-1.599054880232891
1.3025490894405092,1197878.7142857143,-1.599054880232891
1.3025490894405092,1347591.4285714286,-1.599054880232891
1.3025490894405092,1497304.142857143,-1.599054880232891
1.3025490894405092,1647016.8571428573,-1.599054880232891
1.713969024050657,1796729.5714285714,-1.599054880232891
1.713969024050657,1946442.2857142857,-1.599054880232891
1.713969024050657,2096155,-1.599054880232891
1.713969024050657,2245867.7142857146,-1.599054880232891
1.713969024050657,2395580.4285714286,-1.599054880232891
2.041123884052329,2545293.1428571427,-1.599054880232891
997.8877808846906,2695005.8571428573,-1.599054880232891
997.8877808846906,2844718.5714285714,-1.599054880232891
997.8877808846906,2994431.285714286,-1.599054880232891
997.8877808846906,3144144,-1.599054880232891
997.8877808846906,3293856.7142857146,-1.599054880232891
997.8877808846906,3443569.4285714286,-1.599054880232891
997.8877808846906,3593282.1428571427,-1.599054880232891
997.8877808846906,3742994.8571428573,-1.599054880232891
997.8877808846906,3892707.5714285714,-1.599054880232891
997.8877808846906,4042420.285714286,-1.599054880232891
997.8877808846906,4192133,-1.599054880232891
997.8877808846906,4341845.714285715,-1.599054880232891
997.8877808846906,4491558.428571429,-1.599054880232891
997.8877808846906,4641271.142857143,-1.599054880232891
997.8877808846906,4790983.857142857,-1.599054880232891
997.8877808846906,4940696.571428572,-1.599054880232891
997.8877808846906,5090409.285714285,-1.599054880232891
997.8877808846906,5240122,-1.599054880232891
997.8877808846906,5389834.714285715,-1.599054880232891
997.8877808846906,5539547.428571429,-1.599054880232891
997.8877808846906,5689260.142857143,-1.599054880232891
997.8877808846906,5838972.857142857,-1.599054880232891
997.8877808846906,5988685.571428572,-1.599054880232891
997.8877808846906,6138398.285714285,-1.599054880232891
997.8877808846906,6288111,-1.599054880232891
997.8877808846906,6437823.714285715,-1.599054880232891
997.8877808846906,6587536.428571429,-1.599054880232891
997.8877808846906,6737249.142857143,-1.599054880232891
997.8877808846906,6886961.857142857,-1.599054880232891
997.8877808846906,7036674.571428572,-1.599054880232891
997.8877808846906,7186387.285714285,-1.599054880232891
997.8877808846906,7336100,-1.599054880232891
0.0203517914194173,177,-1.5633126626928135
0.5419435825931267,149889.7142857143,-1.5633126626928135
0.7237393760833918,299602.4285714286,-1.5633126626928135
0.9814078575562315,449315.14285714284,-1.5633126626928135
0.9814078575562315,599027.8571428572,-1.5633126626928135
1.0570741421275929,748740.5714285715,-1.5633126626928135
1.0570741421275929,898453.2857142857,-1.5633126626928135
1.0570741421275929,1048166,-1.5633126626928135
1.3025490894405092,1197878.7142857143,-1.5633126626928135
1.3025490894405092,1347591.4285714286,-1.5633126626928135
1.3025490894405092,1497304.142857143,-1.5633126626928135
1.3025490894405092,1647016.8571428573,-1.5633126626928135
1.713969024050657,1796729.5714285714,-1.5633126626928135
1.713969024050657,1946442.2857142857,-1.5633126626928135
1.713969024050657,2096155,-1.5633126626928135
1.713969024050657,2245867.7142857146,-1.5633126626928135
1.713969024050657,2395580.4285714286,-1.5633126626928135
2.041123884052329,2545293.1428571427,-1.5633126626928135
997.8877808846906,2695005.8571428573,-1.5633126626928135
997.8877808846906,2844718.5714285714,-1.5633126626928135
997.8877808846906,2994431.285714286,-1.5633126626928135
997.8877808846906,3144144,-1.5633126626928135
997.8877808846906,3293856.7142857146,-1.5633126626928135
997.8877808846906,3443569.4285714286,-1.5633126626928135
997.8877808846906,3593282.1428571427,-1.5633126626928135
997.8877808846906,3742994.8571428573,-1.5633126626928135
997.8877808846906,3892707.5714285714,-1.5633126626928135
997.8877808846906,4042420.285714286,-1.5633126626928135
997.8877808846906,4192133,-1.5633126626928135
997.8877808846906,4341845.714285715,-1.5633126626928135
997.8877808846906,4491558.428571429,-1.5633126626928135
997.8877808846906,4641271.142857143,-1.5633126626928135
997.8877808846906,4790983.857142857,-1.5633126626928135
997.8877808846906,4940696.571428572,-1.5633126626928135
997.8877808846906,5090409.285714285,-1.5633126626928135
997.8877808846906,5240122,-1.5633126626928135
997.8877808846906,5389834.714285715,-1.5633126626928135
997.8877808846906,5539547.428571429,-1.5633126626928135
997.8877808846906,5689260.142857143,-1.5633126626928135
997.8877808846906,5838972.857142857,-1.5633126626928135
997.8877808846906,5988685.571428572,-1.5633126626928135
997.8877808846906,6138398.285714285,-1.5633126626928135
997.8877808846906,6288111,-1.5633126626928135
997.8877808846906,6437823.714285715,-1.5633126626928135
997.8877808846906,6587536.428571429,-1.5633126626928135
997.8877808846906,6737249.142857143,-1.5633126626928135
997.8877808846906,6886961.857142857,-1.5633126626928135
997.8877808846906,7036674.571428572,-1.5633126626928135
997.8877808846906,7186387.285714285,-1.5633126626928135
997.8877808846906,7336100,-1.5633126626928135
0.0203517914194173,177,-1.527570445152736
0.5419435825931267,149889.7142857143,-1.527570445152736
0.7237393760833918,299602.4285714286,-1.527570445152736
0.9814078575562315,449315.14285714284,-1.527570445152736
0.9814078575562315,599027.8571428572,-1.527570445152736
1.0570741421275929,748740.5714285715,-1.527570445152736
1.0570741421275929,898453.2857142857,-1.527570445152736
1.0570741421275929,1048166,-1.527570445152736
1.3025490894405092,1197878.7142857143,-1.527570445152736
1.3025490894405092,1347591.4285714286,-1.527570445152736
1.3025490894405092,1497304.142857143,-1.527570445152736
1.3025490894405092,1647016.8571428573,-1.527570445152736
1.713969024050657,1796729.5714285714,-1.527570445152736
1.713969024050657,1946442.2857142857,-1.527570445152736
1.713969024050657,2096155,-1.527570445152736
1.713969024050657,2245867.7142857146,-1.527570445152736
1.713969024050657,2395580.4285714286,-1.527570445152736
2.041123884052329,2545293.1428571427,-1.527570445152736
997.8877808846906,2695005.8571428573,-1.527570445152736
997.8877808846906,2844718.5714285714,-1.527570445152736
997.8877808846906,2994431.285714286,-1.527570445152736
997.8877808846906,3144144,-1.527570445152736
997.8877808846906,3293856.7142857146,-1.527570445152736
997.8877808846906,3443569.4285714286,-1.527570445152736
997.8877808846906,3593282.1428571427,-1.527570445152736
997.8877808846906,3742994.8571428573,-1.527570445152736
997.8877808846906,3892707.5714285714,-1.527570445152736
997.8877808846906,4042420.285714286,-1.527570445152736
997.8877808846906,4192133,-1.527570445152736
997.8877808846906,4341845.714285715,-1.527570445152736
997.8877808846906,4491558.428571429,-1.527570445152736
997.8877808846906,4641271.142857143,-1.527570445152736
997.8877808846906,4790983.857142857,-1.527570445152736
997.8877808846906,4940696.571428572,-1.527570445152736
997.8877808846906,5090409.285714285,-1.527570445152736
997.8877808846906,5240122,-1.527570445152736
997.8877808846906,5389834.714285715,-1.527570445152736
997.8877808846906,5539547.428571429,-1.527570445152736
997.8877808846906,5689260.142857143,-1.527570445152736
997.8877808846906,5838972.857142857,-1.527570445152736
997.8877808846906,5988685.571428572,-1.527570445152736
997.8877808846906,6138398.285714285,-1.527570445152736
997.8877808846906,6288111,-1.527570445152736
997.8877808846906,6437823.714285715,-1.527570445152736
997.8877808846906,6587536.428571429,-1.527570445152736
997.8877808846906,6737249.142857143,-1.527570445152736
997.8877808846906,6886961.857142857,-1.527570445152736
997.8877808846906,7036674.571428572,-1.527570445152736
997.8877808846906,7186387.285714285,-1.527570445152736
997.8877808846906,7336100,-1.527570445152736
0.0203517914194173,177,-1.4918282276126587
0.5419435825931267,149889.7142857143,-1.4918282276126587
0.7237393760833918,299602.4285714286,-1.4918282276126587
0.9814078575562315,449315.14285714284,-1.4918282276126587
0.9814078575562315,599027.8571428572,-1.4918282276126587
1.0570741421275929,748740.5714285715,-1.4918282276126587
1.0570741421275929,898453.2857142857,-1.4918282276126587
1.0570741421275929,1048166,-1.4918282276126587
1.3025490894405092,1197878.7142857143,-1.4918282276126587
1.3025490894405092,1347591.4285714286,-1.4918282276126587
1.3025490894405092,1497304.142857143,-1.4918282276126587
1.3025490894405092,1647016.8571428573,-1.4918282276126587
1.713969024050657,1796729.5714285714,-1.4918282276126587
1.713969024050657,1946442.2857142857,-1.4918282276126587
1.713969024050657,2096155,-1.4918282276126587
1.713969024050657,2245867.7142857146,-1.4918282276126587
1.713969024050657,2395580.4285714286,-1.4918282276126587
2.041123884052329,2545293.1428571427,-1.4918282276126587
997.8877808846906,2695005.8571428573,-1.4918282276126587
997.8877808846906,2844718.5714285714,-1.4918282276126587
997.8877808846906,2994431.285714286,-1.4918282276126587
997.8877808846906,3144144,-1.4918282276126587
997.8877808846906,3293856.7142857146,-1.4918282276126587
997.8877808846906,3443569.4285714286,-1.4918282276126587
997.8877808846906,3593282.1428571427,-1.4918282276126587
997.8877808846906,3742994.8571428573,-1.4918282276126587
997.8877808846906,3892707.5714285714,-1.4918282276126587
997.8877808846906,4042420.285714286,-1.4918282276126587
997.8877808846906,4192133,-1.4918282276126587
997.8877808846906,4341845.714285715,-1.4918282276126587
997.8877808846906,4491558.428571429,-1.4918282276126587
997.8877808846906,4641271.142857143,-1.4918282276126587
997.8877808846906,4790983.857142857,-1.4918282276126587
997.8877808846906,4940696.571428572,-1.4918282276126587
997.8877808846906,5090409.285714285,-1.4918282276126587
997.8877808846906,5240122,-1.4918282276126587
997.8877808846906,5389834.714285715,-1.4918282276126587
997.8877808846906,5539547.428571429,-1.4918282276126587
997.8877808846906,5689260.142857143,-1.4918282276126587
997.8877808846906,5838972.857142857,-1.4918282276126587
997.8877808846906,5988685.571428572,-1.4918282276126587
997.8877808846906,6138398.285714285,-1.4918282276126587
997.8877808846906,6288111,-1.4918282276126587
997.8877808846906,6437823.714285715,-1.4918282276126587
997.8877808846906,6587536.428571429,-1.4918282276126587
997.8877808846906,6737249.142857143,-1.4918282276126587
997.8877808846906,6886961.857142857,-1.4918282276126587
997.8877808846906,7036674.571428572,-1.4918282276126587
997.8877808846906,7186387.285714285,-1.4918282276126587
997.8877808846906,7336100,-1.4918282276126587
0.0203517914194173,177,-1.4560860100725812
0.5419435825931267,149889.7142857143,-1.4560860100725812
0.7237393760833918,299602.4285714286,-1.4560860100725812
0.9814078575562315,449315.14285714284,-1.4560860100725812
0.9814078575562315,599027.8571428572,-1.4560860100725812
1.0570741421275929,748740.5714285715,-1.4560860100725812
1.0570741421275929,898453.2857142857,-1.4560860100725812
1.0570741421275929,1048166,-1.4560860100725812
1.3025490894405092,1197878.7142857143,-1.4560860100725812
1.3025490894405092,1347591.4285714286,-1.4560860100725812
1.3025490894405092,1497304.142857143,-1.4560860100725812
1.3025490894405092,1647016.8571428573,-1.4560860100725812
1.713969024050657,1796729.5714285714,-1.4560860100725812
1.713969024050657,1946442.2857142857,-1.4560860100725812
1.713969024050657,2096155,-1.4560860100725812
1.713969024050657,2245867.7142857146,-1.4560860100725812
1.713969024050657,2395580.4285714286,-1.4560860100725812
2.041123884052329,2545293.1428571427,-1.4560860100725812
997.8877808846906,2695005.8571428573,-1.4560860100725812
997.8877808846906,2844718.5714285714,-1.4560860100725812
997.8877808846906,2994431.285714286,-1.4560860100725812
997.8877808846906,3144144,-1.4560860100725812
997.8877808846906,3293856.7142857146,-1.4560860100725812
997.8877808846906,3443569.4285714286,-1.4560860100725812
997.8877808846906,3593282.1428571427,-1.4560860100725812
997.8877808846906,3742994.8571428573,-1.4560860100725812
997.8877808846906,3892707.5714285714,-1.4560860100725812
997.8877808846906,4042420.285714286,-1.4560860100725812
997.8877808846906,4192133,-1.4560860100725812
997.8877808846906,4341845.714285715,-1.4560860100725812
997.8877808846906,4491558.428571429,-1.4560860100725812
997.8877808846906,4641271.142857143,-1.4560860100725812
997.8877808846906,4790983.857142857,-1.4560860100725812
997.8877808846906,4940696.571428572,-1.4560860100725812
997.8877808846906,5090409.285714285,-1.4560860100725812
997.8877808846906,5240122,-1.4560860100725812
997.8877808846906,5389834.714285715,-1.4560860100725812
997.8877808846906,5539547.428571429,-1.4560860100725812
997.8877808846906,5689260.142857143,-1.4560860100725812
997.8877808846906,5838972.857142857,-1.4560860100725812
997.8877808846906,5988685.571428572,-1.4560860100725812
997.8877808846906,6138398.285714285,-1.4560860100725812
997.8877808846906,6288111,-1.4560860100725812
997.8877808846906,6437823.714285715,-1.4560860100725812
997.8877808846906,6587536.428571429,-1.4560860100725812
997.8877808846906,6737249.142857143,-1.4560860100725812
997.8877808846906,6886961.857142857,-1.4560860100725812
997.8877808846906,7036674.571428572,-1.4560860100725812
997.8877808846906,7186387.285714285,-1.4560860100725812
997.8877808846906,7336100,-1.4560860100725812
0.0203517914194173,177,-1.4203437925325035
0.5419435825931267,149889.7142857143,-1.4203437925325035
0.7237393760833918,299602.4285714286,-1.4203437925325035
0.9814078575562315,449315.14285714284,-1.4203437925325035
0.9814078575562315,599027.8571428572,-1.4203437925325035
1.0570741421275929,748740.5714285715,-1.4203437925325035
1.0570741421275929,898453.2857142857,-1.4203437925325035
1.0570741421275929,1048166,-1.4203437925325035
1.3025490894405092,1197878.7142857143,-1.4203437925325035
1.3025490894405092,1347591.4285714286,-1.4203437925325035
1.3025490894405092,1497304.142857143,-1.4203437925325035
1.3025490894405092,1647016.8571428573,-1.4203437925325035
1.713969024050657,1796729.5714285714,-1.4203437925325035
1.713969024050657,1946442.2857142857,-1.4203437925325035
1.713969024050657,2096155,-1.4203437925325035
1.713969024050657,2245867.7142857146,-1.4203437925325035
1.713969024050657,2395580.4285714286,-1.4203437925325035
2.041123884052329,2545293.1428571427,-1.4203437925325035
997.8877808846906,2695005.8571428573,-1.4203437925325035
997.8877808846906,2844718.5714285714,-1.4203437925325035
997.8877808846906,2994431.285714286,-1.4203437925325035
997.8877808846906,3144144,-1.4203437925325035
997.8877808846906,3293856.7142857146,-1.4203437925325035
997.8877808846906,3443569.4285714286,-1.4203437925325035
997.8877808846906,3593282.1428571427,-1.4203437925325035
997.8877808846906,3742994.8571428573,-1.4203437925325035
997.8877808846906,3892707.5714285714,-1.4203437925325035
997.8877808846906,4042420.285714286,-1.4203437925325035
997.8877808846906,4192133,-1.4203437925325035
997.8877808846906,4341845.714285715,-1.4203437925325035
997.8877808846906,4491558.428571429,-1.4203437925325035
997.8877808846906,4641271.142857143,-1.4203437925325035
997.8877808846906,4790983.857142857,-1.4203437925325035
997.8877808846906,4940696.571428572,-1.4203437925325035
997.8877808846906,5090409.285714285,-1.4203437925325035
997.8877808846906,5240122,-1.4203437925325035
997.8877808846906,5389834.714285715,-1.4203437925325035
997.8877808846906,5539547.428571429,-1.4203437925325035
997.8877808846906,5689260.142857143,-1.4203437925325035
997.8877808846906,5838972.857142857,-1.4203437925325035
997.8877808846906,5988685.571428572,-1.4203437925325035
997.8877808846906,6138398.285714285,-1.4203437925325035
997.8877808846906,6288111,-1.4203437925325035
997.8877808846906,6437823.714285715,-1.4203437925325035
997.8877808846906,6587536.428571429,-1.4203437925325035
997.8877808846906,6737249.142857143,-1.4203437925325035
997.8877808846906,6886961.857142857,-1.4203437925325035
997.8877808846906,7036674.571428572,-1.4203437925325035
997.8877808846906,7186387.285714285,-1.4203437925325035
997.8877808846906,7336100,-1.4203437925325035
0.0203517914194173,177,-1.384601574992426
0.5419435825931267,149889.7142857143,-1.384601574992426
0.7237393760833918,299602.4285714286,-1.384601574992426
0.9814078575562315,449315.14285714284,-1.384601574992426
0.9814078575562315,599027.8571428572,-1.384601574992426
1.0570741421275929,748740.5714285715,-1.384601574992426
1.0570741421275929,898453.2857142857,-1.384601574992426
1.0570741421275929,1048166,-1.384601574992426
1.3025490894405092,1197878.7142857143,-1.384601574992426
1.3025490894405092,1347591.4285714286,-1.384601574992426
1.3025490894405092,1497304.142857143,-1.384601574992426
1.3025490894405092,1647016.8571428573,-1.384601574992426
1.713969024050657,1796729.5714285714,-1.384601574992426
1.713969024050657,1946442.2857142857,-1.384601574992426
1.713969024050657,2096155,-1.384601574992426
1.713969024050657,2245867.7142857146,-1.384601574992426
1.713969024050657,2395580.4285714286,-1.384601574992426
2.041123884052329,2545293.1428571427,-1.384601574992426
997.8877808846906,2695005.8571428573,-1.384601574992426
997.8877808846906,2844718.5714285714,-1.384601574992426
997.8877808846906,2994431.285714286,-1.384601574992426
997.8877808846906,3144144,-1.384601574992426
997.8877808846906,3293856.7142857146,-1.384601574992426
997.8877808846906,3443569.4285714286,-1.384601574992426
997.8877808846906,3593282.1428571427,-1.384601574992426
997.8877808846906,3742994.8571428573,-1.384601574992426
997.8877808846906,3892707.5714285714,-1.384601574992426
997.8877808846906,4042420.285714286,-1.384601574992426
997.8877808846906,4192133,-1.384601574992426
997.8877808846906,4341845.714285715,-1.384601574992426
997.8877808846906,4491558.428571429,-1.384601574992426
997.8877808846906,4641271.142857143,-1.384601574992426
997.8877808846906,4790983.857142857,-1.384601574992426
997.8877808846906,4940696.571428572,-1.384601574992426
997.8877808846906,5090409.285714285,-1.384601574992426
997.8877808846906,5240122,-1.384601574992426
997.8877808846906,5389834.714285715,-1.384601574992426
997.8877808846906,5539547.428571429,-1.384601574992426
997.8877808846906,5689260.142857143,-1.384601574992426
997.8877808846906,5838972.857142857,-1.384601574992426
997.8877808846906,5988685.571428572,-1.384601574992426
997.8877808846906,6138398.285714285,-1.384601574992426
997.8877808846906,6288111,-1.384601574992426
997.8877808846906,6437823.714285715,-1.384601574992426
997.8877808846906,6587536.428571429,-1.384601574992426
997.8877808846906,6737249.142857143,-1.384601574992426
997.8877808846906,6886961.857142857,-1.384601574992426
997.8877808846906,7036674.571428572,-1.384601574992426
997.8877808846906,7186387.285714285,-1.384601574992426
997.8877808846906,7336100,-1.384601574992426
0.0203517914194173,177,-1.3488593574523486
0.5419435825931267,149889.7142857143,-1.3488593574523486
0.7237393760833918,299602.4285714286,-1.3488593574523486
0.9814078575562315,449315.14285714284,-1.3488593574523486
0.9814078575562315,599027.8571428572,-1.3488593574523486
1.0570741421275929,748740.5714285715,-1.3488593574523486
1.0570741421275929,898453.2857142857,-1.3488593574523486
1.0570741421275929,1048166,-1.3488593574523486
1.3025490894405092,1197878.7142857143,-1.3488593574523486
1.3025490894405092,1347591.4285714286,-1.3488593574523486
1.3025490894405092,1497304.142857143,-1.3488593574523486
1.3025490894405092,1647016.8571428573,-1.3488593574523486
1.713969024050657,1796729.5714285714,-1.3488593574523486
1.713969024050657,1946442.2857142857,-1.3488593574523486
1.713969024050657,2096155,-1.3488593574523486
1.713969024050657,2245867.7142857146,-1.3488593574523486
1.713969024050657,2395580.4285714286,-1.3488593574523486
2.041123884052329,2545293.1428571427,-1.3488593574523486
997.8877808846906,2695005.8571428573,-1.3488593574523486
997.8877808846906,2844718.5714285714,-1.3488593574523486
997.8877808846906,2994431.285714286,-1.3488593574523486
997.8877808846906,3144144,-1.3488593574523486
997.8877808846906,3293856.7142857146,-1.3488593574523486
997.8877808846906,3443569.4285714286,-1.3488593574523486
997.8877808846906,3593282.1428571427,-1.3488593574523486
997.8877808846906,3742994.8571428573,-1.3488593574523486
997.8877808846906,3892707.5714285714,-1.3488593574523486
997.8877808846906,4042420.285714286,-1.3488593574523486
997.8877808846906,4192133,-1.3488593574523486
997.8877808846906,4341845.714285715,-1.3488593574523486
997.8877808846906,4491558.428571429,-1.3488593574523486
997.8877808846906,4641271.142857143,-1.3488593574523486
997.8877808846906,4790983.857142857,-1.3488593574523486
997.8877808846906,4940696.571428572,-1.3488593574523486
997.8877808846906,5090409.285714285,-1.3488593574523486
997.8877808846906,5240122,-1.3488593574523486
997.8877808846906,5389834.714285715,-1.3488593574523486
997.8877808846906,5539547.428571429,-1.3488593574523486
997.8877808846906,5689260.142857143,-1.3488593574523486
997.8877808846906,5838972.857142857,-1.3488593574523486
997.8877808846906,5988685.571428572,-1.3488593574523486
997.8877808846906,6138398.285714285,-1.3488593574523486
997.8877808846906,6288111,-1.3488593574523486
997.8877808846906,6437823.714285715,-1.3488593574523486
997.8877808846906,6587536.428571429,-1.3488593574523486
997.8877808846906,6737249.142857143,-1.3488593574523486
997.8877808846906,6886961.857142857,-1.3488593574523486
997.8877808846906,7036674.571428572,-1.3488593574523486
997.8877808846906,7186387.285714285,-1.3488593574523486
997.8877808846906,7336100,-1.3488593574523486
0.0203517914194173,177,-1.3131171399122712
0.5419435825931267,149889.7142857143,-1.3131171399122712
0.7237393760833918,299602.4285714286,-1.3131171399122712
0.9814078575562315,449315.14285714284,-1.3131171399122712
0.9814078575562315,599027.8571428572,-1.3131171399122712
1.0570741421275929,748740.5714285715,-1.3131171399122712
1.0570741421275929,898453.2857142857,-1.3131171399122712
1.0570741421275929,1048166,-1.3131171399122712
1.3025490894405092,1197878.7142857143,-1.3131171399122712
1.3025490894405092,1347591.4285714286,-1.3131171399122712
1.3025490894405092,1497304.142857143,-1.3131171399122712
1.3025490894405092,1647016.8571428573,-1.3131171399122712
1.713969024050657,1796729.5714285714,-1.3131171399122712
1.713969024050657,1946442.2857142857,-1.3131171399122712
1.713969024050657,2096155,-1.3131171399122712
1.713969024050657,2245867.7142857146,-1.3131171399122712
1.713969024050657,2395580.4285714286,-1.3131171399122712
2.041123884052329,2545293.1428571427,-1.3131171399122712
997.8877808846906,2695005.8571428573,-1.3131171399122712
997.8877808846906,2844718.5714285714,-1.3131171399122712
997.8877808846906,2994431.285714286,-1.3131171399122712
997.8877808846906,3144144,-1.3131171399122712
997.8877808846906,3293856.7142857146,-1.3131171399122712
997.8877808846906,3443569.4285714286,-1.3131171399122712
997.8877808846906,3593282.1428571427,-1.3131171399122712
997.8877808846906,3742994.8571428573,-1.3131171399122712
997.8877808846906,3892707.5714285714,-1.3131171399122712
997.8877808846906,4042420.285714286,-1.3131171399122712
997.8877808846906,4192133,-1.3131171399122712
997.8877808846906,4341845.714285715,-1.3131171399122712
997.8877808846906,4491558.428571429,-1.3131171399122712
997.8877808846906,4641271.142857143,-1.3131171399122712
997.8877808846906,4790983.857142857,-1.3131171399122712
997.8877808846906,4940696.571428572,-1.3131171399122712
997.8877808846906,5090409.285714285,-1.3131171399122712
997.8877808846906,5240122,-1.3131171399122712
997.8877808846906,5389834.714285715,-1.3131171399122712
997.8877808846906,5539547.428571429,-1.3131171399122712
997.8877808846906,5689260.142857143,-1.3131171399122712
997.8877808846906,5838972.857142857,-1.3131171399122712
997.8877808846906,5988685.571428572,-1.3131171399122712
997.8877808846906,6138398.285714285,-1.3131171399122712
997.8877808846906,6288111,-1.3131171399122712
997.8877808846906,6437823.714285715,-1.3131171399122712
997.8877808846906,6587536.428571429,-1.3131171399122712
997.8877808846906,6737249.142857143,-1.3131171399122712
997.8877808846906,6886961.857142857,-1.3131171399122712
997.8877808846906,7036674.571428572,-1.3131171399122712
997.8877808846906,7186387.285714285,-1.3131171399122712
997.8877808846906,7336100,-1.3131171399122712
0.01853039145883803,177,-1.2773749223721937
0.4934419052896963,149889.7142857143,-1.2773749223721937
0.6589677378574686,299602.4285714286,-1.2773749223721937
0.8935759711032466,449315.14285714284,-1.2773749223721937
0.8935759711032466,599027.8571428572,-1.2773749223721937
0.9624704406095239,748740.5714285715,-1.2773749223721937
0.9624704406095239,898453.2857142857,-1.2773749223721937
0.9624704406095239,1048166,-1.2773749223721937
1.1859764098533963,1197878.7142857143,-1.2773749223721937
1.1859764098533963,1347591.4285714286,-1.2773749223721937
1.1859764098533963,1497304.142857143,-1.2773749223721937
1.1859764098533963,1647016.8571428573,-1.2773749223721937
1.5605759861355053,1796729.5714285714,-1.2773749223721937
1.5605759861355053,1946442.2857142857,-1.2773749223721937
1.5605759861355053,2096155,-1.2773749223721937
1.5605759861355053,2245867.7142857146,-1.2773749223721937
1.5605759861355053,2395580.4285714286,-1.2773749223721937
1.8584518585124399,2545293.1428571427,-1.2773749223721937
908.5810104235998,2695005.8571428573,-1.2773749223721937
908.5810104235998,2844718.5714285714,-1.2773749223721937
908.5810104235998,2994431.285714286,-1.2773749223721937
908.5810104235998,3144144,-1.2773749223721937
908.5810104235998,3293856.7142857146,-1.2773749223721937
908.5810104235998,3443569.4285714286,-1.2773749223721937
908.5810104235998,3593282.1428571427,-1.2773749223721937
908.5810104235998,3742994.8571428573,-1.2773749223721937
908.5810104235998,3892707.5714285714,-1.2773749223721937
908.5810104235998,4042420.285714286,-1.2773749223721937
908.5810104235998,4192133,-1.2773749223721937
908.5810104235998,4341845.714285715,-1.2773749223721937
908.5810104235998,4491558.428571429,-1.2773749223721937
908.5810104235998,4641271.142857143,-1.2773749223721937
908.5810104235998,4790983.857142857,-1.2773749223721937
908.5810104235998,4940696.571428572,-1.2773749223721937
908.5810104235998,5090409.285714285,-1.2773749223721937
908.5810104235998,5240122,-1.2773749223721937
908.5810104235998,5389834.714285715,-1.2773749223721937
908.5810104235998,5539547.428571429,-1.2773749223721937
908.5810104235998,5689260.142857143,-1.2773749223721937
908.5810104235998,5838972.857142857,-1.2773749223721937
908.5810104235998,5988685.571428572,-1.2773749223721937
908.5810104235998,6138398.285714285,-1.2773749223721937
908.5810104235998,6288111,-1.2773749223721937
908.5810104235998,6437823.714285715,-1.2773749223721937
908.5810104235998,6587536.428571429,-1.2773749223721937
908.5810104235998,6737249.142857143,-1.2773749223721937
908.5810104235998,6886961.857142857,-1.2773749223721937
908.5810104235998,7036674.571428572,-1.2773749223721937
908.5810104235998,7186387.285714285,-1.2773749223721937
908.5810104235998,7336100,-1.2773749223721937
0.01853039145883803,177,-1.2416327048321163
0.4934419052896963,149889.7142857143,-1.2416327048321163
0.6589677378574686,299602.4285714286,-1.2416327048321163
0.8935759711032466,449315.14285714284,-1.2416327048321163
0.8935759711032466,599027.8571428572,-1.2416327048321163
0.9624704406095239,748740.5714285715,-1.2416327048321163
0.9624704406095239,898453.2857142857,-1.2416327048321163
0.9624704406095239,1048166,-1.2416327048321163
1.1859764098533963,1197878.7142857143,-1.2416327048321163
1.1859764098533963,1347591.4285714286,-1.2416327048321163
1.1859764098533963,1497304.142857143,-1.2416327048321163
1.1859764098533963,1647016.8571428573,-1.2416327048321163
1.5605759861355053,1796729.5714285714,-1.2416327048321163
1.5605759861355053,1946442.2857142857,-1.2416327048321163
1.5605759861355053,2096155,-1.2416327048321163
1.5605759861355053,2245867.7142857146,-1.2416327048321163
1.5605759861355053,2395580.4285714286,-1.2416327048321163
1.8584518585124399,2545293.1428571427,-1.2416327048321163
908.5810104235998,2695005.8571428573,-1.2416327048321163
908.5810104235998,2844718.5714285714,-1.2416327048321163
908.5810104235998,2994431.285714286,-1.2416327048321163
908.5810104235998,3144144,-1.2416327048321163
908.5810104235998,3293856.7142857146,-1.2416327048321163
908.5810104235998,3443569.4285714286,-1.2416327048321163
908.5810104235998,3593282.1428571427,-1.2416327048321163
908.5810104235998,3742994.8571428573,-1.2416327048321163
908.5810104235998,3892707.5714285714,-1.2416327048321163
908.5810104235998,4042420.285714286,-1.2416327048321163
908.5810104235998,4192133,-1.2416327048321163
908.5810104235998,4341845.714285715,-1.2416327048321163
908.5810104235998,4491558.428571429,-1.2416327048321163
908.5810104235998,4641271.142857143,-1.2416327048321163
908.5810104235998,4790983.857142857,-1.2416327048321163
908.5810104235998,4940696.571428572,-1.2416327048321163
908.5810104235998,5090409.285714285,-1.2416327048321163
908.5810104235998,5240122,-1.2416327048321163
908.5810104235998,5389834.714285715,-1.2416327048321163
908.5810104235998,5539547.428571429,-1.2416327048321163
908.5810104235998,5689260.142857143,-1.2416327048321163
908.5810104235998,5838972.857142857,-1.2416327048321163
908.5810104235998,5988685.571428572,-1.2416327048321163
908.5810104235998,6138398.285714285,-1.2416327048321163
908.5810104235998,6288111,-1.2416327048321163
908.5810104235998,6437823.714285715,-1.2416327048321163
908.5810104235998,6587536.428571429,-1.2416327048321163
908.5810104235998,6737249.142857143,-1.2416327048321163
908.5810104235998,6886961.857142857,-1.2416327048321163
908.5810104235998,7036674.571428572,-1.2416327048321163
908.5810104235998,7186387.285714285,-1.2416327048321163
908.5810104235998,7336100,-1.2416327048321163
0.01853039145883803,177,-1.2058904872920388
0.4934419052896963,149889.7142857143,-1.2058904872920388
0.6589677378574686,299602.4285714286,-1.2058904872920388
0.8935759711032466,449315.14285714284,-1.2058904872920388
0.8935759711032466,599027.8571428572,-1.2058904872920388
0.9624704406095239,748740.5714285715,-1.2058904872920388
0.9624704406095239,898453.2857142857,-1.2058904872920388
0.9624704406095239,1048166,-1.2058904872920388
1.1859764098533963,1197878.7142857143,-1.2058904872920388
1.1859764098533963,1347591.4285714286,-1.2058904872920388
1.1859764098533963,1497304.142857143,-1.2058904872920388
1.1859764098533963,1647016.8571428573,-1.2058904872920388
1.5605759861355053,1796729.5714285714,-1.2058904872920388
1.5605759861355053,1946442.2857142857,-1.2058904872920388
1.5605759861355053,2096155,-1.2058904872920388
1.5605759861355053,2245867.7142857146,-1.2058904872920388
1.5605759861355053,2395580.4285714286,-1.2058904872920388
1.8584518585124399,2545293.1428571427,-1.2058904872920388
908.5810104235998,2695005.8571428573,-1.2058904872920388
908.5810104235998,2844718.5714285714,-1.2058904872920388
908.5810104235998,2994431.285714286,-1.2058904872920388
908.5810104235998,3144144,-1.2058904872920388
908.5810104235998,3293856.7142857146,-1.2058904872920388
908.5810104235998,3443569.4285714286,-1.2058904872920388
908.5810104235998,3593282.1428571427,-1.2058904872920388
908.5810104235998,3742994.8571428573,-1.2058904872920388
908.5810104235998,3892707.5714285714,-1.2058904872920388
908.5810104235998,4042420.285714286,-1.2058904872920388
908.5810104235998,4192133,-1.2058904872920388
908.5810104235998,4341845.714285715,-1.2058904872920388
908.5810104235998,4491558.428571429,-1.2058904872920388
908.5810104235998,4641271.142857143,-1.2058904872920388
908.5810104235998,4790983.857142857,-1.2058904872920388
908.5810104235998,4940696.571428572,-1.2058904872920388
908.5810104235998,5090409.285714285,-1.2058904872920388
908.5810104235998,5240122,-1.2058904872920388
908.5810104235998,5389834.714285715,-1.2058904872920388
908.5810104235998,5539547.428571429,-1.2058904872920388
908.5810104235998,5689260.142857143,-1.2058904872920388
908.5810104235998,5838972.857142857,-1.2058904872920388
908.5810104235998,5988685.571428572,-1.2058904872920388
908.5810104235998,6138398.285714285,-1.2058904872920388
908.5810104235998,6288111,-1.2058904872920388
908.5810104235998,6437823.714285715,-1.2058904872920388
908.5810104235998,6587536.428571429,-1.2058904872920388
908.5810104235998,6737249.142857143,-1.2058904872920388
908.5810104235998,6886961.857142857,-1.2058904872920388
908.5810104235998,7036674.571428572,-1.2058904872920388
908.5810104235998,7186387.285714285,-1.2058904872920388
908.5810104235998,7336100,-1.2058904872920388
0.01853039145883803,177,-1.1701482697519614
0.4934419052896963,149889.7142857143,-1.1701482697519614
0.6589677378574686,299602.4285714286,-1.1701482697519614
0.8935759711032466,449315.14285714284,-1.1701482697519614
0.8935759711032466,599027.8571428572,-1.1701482697519614
0.9624704406095239,748740.5714285715,-1.1701482697519614
0.9624704406095239,898453.2857142857,-1.1701482697519614
0.9624704406095239,1048166,-1.1701482697519614
1.1859764098533963,1197878.7142857143,-1.1701482697519614
1.1859764098533963,1347591.4285714286,-1.1701482697519614
1.1859764098533963,1497304.142857143,-1.1701482697519614
1.1859764098533963,1647016.8571428573,-1.1701482697519614
1.5605759861355053,1796729.5714285714,-1.1701482697519614
1.5605759861355053,1946442.2857142857,-1.1701482697519614
1.5605759861355053,2096155,-1.1701482697519614
1.5605759861355053,2245867.7142857146,-1.1701482697519614
1.5605759861355053,2395580.4285714286,-1.1701482697519614
1.8584518585124399,2545293.1428571427,-1.1701482697519614
908.5810104235998,2695005.8571428573,-1.1701482697519614
908.5810104235998,2844718.5714285714,-1.1701482697519614
908.5810104235998,2994431.285714286,-1.1701482697519614
908.5810104235998,3144144,-1.1701482697519614
908.5810104235998,3293856.7142857146,-1.1701482697519614
908.5810104235998,3443569.4285714286,-1.1701482697519614
908.5810104235998,3593282.1428571427,-1.1701482697519614
908.5810104235998,3742994.8571428573,-1.1701482697519614
908.5810104235998,3892707.5714285714,-1.1701482697519614
908.5810104235998,4042420.285714286,-1.1701482697519614
908.5810104235998,4192133,-1.1701482697519614
908.5810104235998,4341845.714285715,-1.1701482697519614
908.5810104235998,4491558.428571429,-1.1701482697519614
908.5810104235998,4641271.142857143,-1.1701482697519614
908.5810104235998,4790983.857142857,-1.1701482697519614
908.5810104235998,4940696.571428572,-1.1701482697519614
908.5810104235998,5090409.285714285,-1.1701482697519614
908.5810104235998,5240122,-1.1701482697519614
908.5810104235998,5389834.714285715,-1.1701482697519614
908.5810104235998,5539547.428571429,-1.1701482697519614
908.5810104235998,5689260.142857143,-1.1701482697519614
908.5810104235998,5838972.857142857,-1.1701482697519614
908.5810104235998,5988685.571428572,-1.1701482697519614
908.5810104235998,6138398.285714285,-1.1701482697519614
908.5810104235998,6288111,-1.1701482697519614
908.5810104235998,6437823.714285715,-1.1701482697519614
908.5810104235998,6587536.428571429,-1.1701482697519614
908.5810104235998,6737249.142857143,-1.1701482697519614
908.5810104235998,6886961.857142857,-1.1701482697519614
908.5810104235998,7036674.571428572,-1.1701482697519614
908.5810104235998,7186387.285714285,-1.1701482697519614
908.5810104235998,7336100,-1.1701482697519614
0.017712266509812925,177,-1.134406052211884
0.4716562277173296,149889.7142857143,-1.134406052211884
0.6298740218320202,299602.4285714286,-1.134406052211884
0.8541241981910113,449315.14285714284,-1.134406052211884
0.8541241981910113,599027.8571428572,-1.134406052211884
0.9199769465076345,748740.5714285715,-1.134406052211884
0.9199769465076345,898453.2857142857,-1.134406052211884
0.9199769465076345,1048166,-1.134406052211884
1.1336150287130364,1197878.7142857143,-1.134406052211884
1.1336150287130364,1347591.4285714286,-1.134406052211884
1.1336150287130364,1497304.142857143,-1.134406052211884
1.1336150287130364,1647016.8571428573,-1.134406052211884
1.4916758686208276,1796729.5714285714,-1.134406052211884
1.4916758686208276,1946442.2857142857,-1.134406052211884
1.4916758686208276,2096155,-1.134406052211884
1.4916758686208276,2245867.7142857146,-1.134406052211884
1.4916758686208276,2395580.4285714286,-1.134406052211884
1.7764003899620582,2545293.1428571427,-1.134406052211884
868.4667584128327,2695005.8571428573,-1.134406052211884
868.4667584128327,2844718.5714285714,-1.134406052211884
868.4667584128327,2994431.285714286,-1.134406052211884
868.4667584128327,3144144,-1.134406052211884
868.4667584128327,3293856.7142857146,-1.134406052211884
868.4667584128327,3443569.4285714286,-1.134406052211884
868.4667584128327,3593282.1428571427,-1.134406052211884
868.4667584128327,3742994.8571428573,-1.134406052211884
868.4667584128327,3892707.5714285714,-1.134406052211884
868.4667584128327,4042420.285714286,-1.134406052211884
868.4667584128327,4192133,-1.134406052211884
868.4667584128327,4341845.714285715,-1.134406052211884
868.4667584128327,4491558.428571429,-1.134406052211884
868.4667584128327,4641271.142857143,-1.134406052211884
868.4667584128327,4790983.857142857,-1.134406052211884
868.4667584128327,4940696.571428572,-1.134406052211884
868.4667584128327,5090409.285714285,-1.134406052211884
868.4667584128327,5240122,-1.134406052211884
868.4667584128327,5389834.714285715,-1.134406052211884
868.4667584128327,5539547.428571429,-1.134406052211884
868.4667584128327,5689260.142857143,-1.134406052211884
868.4667584128327,5838972.857142857,-1.134406052211884
868.4667584128327,5988685.571428572,-1.134406052211884
868.4667584128327,6138398.285714285,-1.134406052211884
868.4667584128327,6288111,-1.134406052211884
868.4667584128327,6437823.714285715,-1.134406052211884
868.4667584128327,6587536.428571429,-1.134406052211884
868.4667584128327,6737249.142857143,-1.134406052211884
868.4667584128327,6886961.857142857,-1.134406052211884
868.4667584128327,7036674.571428572,-1.134406052211884
868.4667584128327,7186387.285714285,-1.134406052211884
868.4667584128327,7336100,-1.134406052211884
0.017712266509812925,177,-1.0986638346718065
0.4716562277173296,149889.7142857143,-1.0986638346718065
0.6298740218320202,299602.4285714286,-1.0986638346718065
0.8541241981910113,449315.14285714284,-1.0986638346718065
0.8541241981910113,599027.8571428572,-1.0986638346718065
0.9199769465076345,748740.5714285715,-1.0986638346718065
0.9199769465076345,898453.2857142857,-1.0986638346718065
0.9199769465076345,1048166,-1.0986638346718065
1.1336150287130364,1197878.7142857143,-1.0986638346718065
1.1336150287130364,1347591.4285714286,-1.0986638346718065
1.1336150287130364,1497304.142857143,-1.0986638346718065
1.1336150287130364,1647016.8571428573,-1.0986638346718065
1.4916758686208276,1796729.5714285714,-1.0986638346718065
1.4916758686208276,1946442.2857142857,-1.0986638346718065
1.4916758686208276,2096155,-1.0986638346718065
1.4916758686208276,2245867.7142857146,-1.0986638346718065
1.4916758686208276,2395580.4285714286,-1.0986638346718065
1.7764003899620582,2545293.1428571427,-1.0986638346718065
868.4667584128327,2695005.8571428573,-1.0986638346718065
868.4667584128327,2844718.5714285714,-1.0986638346718065
868.4667584128327,2994431.285714286,-1.0986638346718065
868.4667584128327,3144144,-1.0986638346718065
868.4667584128327,3293856.7142857146,-1.0986638346718065
868.4667584128327,3443569.4285714286,-1.0986638346718065
868.4667584128327,3593282.1428571427,-1.0986638346718065
868.4667584128327,3742994.8571428573,-1.0986638346718065
868.4667584128327,3892707.5714285714,-1.0986638346718065
868.4667584128327,4042420.285714286,-1.0986638346718065
868.4667584128327,4192133,-1.0986638346718065
868.4667584128327,4341845.714285715,-1.0986638346718065
868.4667584128327,4491558.428571429,-1.0986638346718065
868.4667584128327,4641271.142857143,-1.0986638346718065
868.4667584128327,4790983.857142857,-1.0986638346718065
868.4667584128327,4940696.571428572,-1.0986638346718065
868.4667584128327,5090409.285714285,-1.0986638346718065
868.4667584128327,5240122,-1.0986638346718065
868.4667584128327,5389834.714285715,-1.0986638346718065
868.4667584128327,5539547.428571429,-1.0986638346718065
868.4667584128327,5689260.142857143,-1.0986638346718065
868.4667584128327,5838972.857142857,-1.0986638346718065
868.4667584128327,5988685.571428572,-1.0986638346718065
868.4667584128327,6138398.285714285,-1.0986638346718065
868.4667584128327,6288111,-1.0986638346718065
868.4667584128327,6437823.714285715,-1.0986638346718065
868.4667584128327,6587536.428571429,-1.0986638346718065
868.4667584128327,6737249.142857143,-1.0986638346718065
868.4667584128327,6886961.857142857,-1.0986638346718065
868.4667584128327,7036674.571428572,-1.0986638346718065
868.4667584128327,7186387.285714285,-1.0986638346718065
868.4667584128327,7336100,-1.0986638346718065
0.017712266509812925,177,-1.062921617131729
0.4716562277173296,149889.7142857143,-1.062921617131729
0.6298740218320202,299602.4285714286,-1.062921617131729
0.8541241981910113,449315.14285714284,-1.062921617131729
0.8541241981910113,599027.8571428572,-1.062921617131729
0.9199769465076345,748740.5714285715,-1.062921617131729
0.9199769465076345,898453.2857142857,-1.062921617131729
0.9199769465076345,1048166,-1.062921617131729
1.1336150287130364,1197878.7142857143,-1.062921617131729
1.1336150287130364,1347591.4285714286,-1.062921617131729
1.1336150287130364,1497304.142857143,-1.062921617131729
1.1336150287130364,1647016.8571428573,-1.062921617131729
1.4916758686208276,1796729.5714285714,-1.062921617131729
1.4916758686208276,1946442.2857142857,-1.062921617131729
1.4916758686208276,2096155,-1.062921617131729
1.4916758686208276,2245867.7142857146,-1.062921617131729
1.4916758686208276,2395580.4285714286,-1.062921617131729
1.7764003899620582,2545293.1428571427,-1.062921617131729
868.4667584128327,2695005.8571428573,-1.062921617131729
868.4667584128327,2844718.5714285714,-1.062921617131729
868.4667584128327,2994431.285714286,-1.062921617131729
868.4667584128327,3144144,-1.062921617131729
868.4667584128327,3293856.7142857146,-1.062921617131729
868.4667584128327,3443569.4285714286,-1.062921617131729
868.4667584128327,3593282.1428571427,-1.062921617131729
868.4667584128327,3742994.8571428573,-1.062921617131729
868.4667584128327,3892707.5714285714,-1.062921617131729
868.4667584128327,4042420.285714286,-1.062921617131729
868.4667584128327,4192133,-1.062921617131729
868.4667584128327,4341845.714285715,-1.062921617131729
868.4667584128327,4491558.428571429,-1.062921617131729
868.4667584128327,4641271.142857143,-1.062921617131729
868.4667584128327,4790983.857142857,-1.062921617131729
868.4667584128327,4940696.571428572,-1.062921617131729
868.4667584128327,5090409.285714285,-1.062921617131729
868.4667584128327,5240122,-1.062921617131729
868.4667584128327,5389834.714285715,-1.062921617131729
868.4667584128327,5539547.428571429,-1.062921617131729
868.4667584128327,5689260.142857143,-1.062921617131729
868.4667584128327,5838972.857142857,-1.062921617131729
868.4667584128327,5988685.571428572,-1.062921617131729
868.4667584128327,6138398.285714285,-1.062921617131729
868.4667584128327,6288111,-1.062921617131729
868.4667584128327,6437823.714285715,-1.062921617131729
868.4667584128327,6587536.428571429,-1.062921617131729
868.4667584128327,6737249.142857143,-1.062921617131729
868.4667584128327,6886961.857142857,-1.062921617131729
868.4667584128327,7036674.571428572,-1.062921617131729
868.4667584128327,7186387.285714285,-1.062921617131729
868.4667584128327,7336100,-1.062921617131729
0.017712266509812925,177,-1.0271793995916514
0.4716562277173296,149889.7142857143,-1.0271793995916514
0.6298740218320202,299602.4285714286,-1.0271793995916514
0.8541241981910113,449315.14285714284,-1.0271793995916514
0.8541241981910113,599027.8571428572,-1.0271793995916514
0.9199769465076345,748740.5714285715,-1.0271793995916514
0.9199769465076345,898453.2857142857,-1.0271793995916514
0.9199769465076345,1048166,-1.0271793995916514
1.1336150287130364,1197878.7142857143,-1.0271793995916514
1.1336150287130364,1347591.4285714286,-1.0271793995916514
1.1336150287130364,1497304.142857143,-1.0271793995916514
1.1336150287130364,1647016.8571428573,-1.0271793995916514
1.4916758686208276,1796729.5714285714,-1.0271793995916514
1.4916758686208276,1946442.2857142857,-1.0271793995916514
1.4916758686208276,2096155,-1.0271793995916514
1.4916758686208276,2245867.7142857146,-1.0271793995916514
1.4916758686208276,2395580.4285714286,-1.0271793995916514
1.7764003899620582,2545293.1428571427,-1.0271793995916514
868.4667584128327,2695005.8571428573,-1.0271793995916514
868.4667584128327,2844718.5714285714,-1.0271793995916514
868.4667584128327,2994431.285714286,-1.0271793995916514
868.4667584128327,3144144,-1.0271793995916514
868.4667584128327,3293856.7142857146,-1.0271793995916514
868.4667584128327,3443569.4285714286,-1.0271793995916514
868.4667584128327,3593282.1428571427,-1.0271793995916514
868.4667584128327,3742994.8571428573,-1.0271793995916514
868.4667584128327,3892707.5714285714,-1.0271793995916514
868.4667584128327,4042420.285714286,-1.0271793995916514
868.4667584128327,4192133,-1.0271793995916514
868.4667584128327,4341845.714285715,-1.0271793995916514
868.4667584128327,4491558.428571429,-1.0271793995916514
868.4667584128327,4641271.142857143,-1.0271793995916514
868.4667584128327,4790983.857142857,-1.0271793995916514
868.4667584128327,4940696.571428572,-1.0271793995916514
868.4667584128327,5090409.285714285,-1.0271793995916514
868.4667584128327,5240122,-1.0271793995916514
868.4667584128327,5389834.714285715,-1.0271793995916514
868.4667584128327,5539547.428571429,-1.0271793995916514
868.4667584128327,5689260.142857143,-1.0271793995916514
868.4667584128327,5838972.857142857,-1.0271793995916514
868.4667584128327,5988685.571428572,-1.0271793995916514
868.4667584128327,6138398.285714285,-1.0271793995916514
868.4667584128327,6288111,-1.0271793995916514
868.4667584128327,6437823.714285715,-1.0271793995916514
868.4667584128327,6587536.428571429,-1.0271793995916514
868.4667584128327,6737249.142857143,-1.0271793995916514
868.4667584128327,6886961.857142857,-1.0271793995916514
868.4667584128327,7036674.571428572,-1.0271793995916514
868.4667584128327,7186387.285714285,-1.0271793995916514
868.4667584128327,7336100,-1.0271793995916514
0.017712266509812925,177,-0.9914371820515739
0.4716562277173296,149889.7142857143,-0.9914371820515739
0.6298740218320202,299602.4285714286,-0.9914371820515739
0.8541241981910113,449315.14285714284,-0.9914371820515739
0.8541241981910113,599027.8571428572,-0.9914371820515739
0.9199769465076345,748740.5714285715,-0.9914371820515739
0.9199769465076345,898453.2857142857,-0.9914371820515739
0.9199769465076345,1048166,-0.9914371820515739
1.1336150287130364,1197878.7142857143,-0.9914371820515739
1.1336150287130364,1347591.4285714286,-0.9914371820515739
1.1336150287130364,1497304.142857143,-0.9914371820515739
1.1336150287130364,1647016.8571428573,-0.9914371820515739
1.4916758686208276,1796729.5714285714,-0.9914371820515739
1.4916758686208276,1946442.2857142857,-0.9914371820515739
1.4916758686208276,2096155,-0.9914371820515739
1.4916758686208276,2245867.7142857146,-0.9914371820515739
1.4916758686208276,2395580.4285714286,-0.9914371820515739
1.7764003899620582,2545293.1428571427,-0.9914371820515739
868.4667584128327,2695005.8571428573,-0.9914371820515739
868.4667584128327,2844718.5714285714,-0.9914371820515739
868.4667584128327,2994431.285714286,-0.9914371820515739
868.4667584128327,3144144,-0.9914371820515739
868.4667584128327,3293856.7142857146,-0.9914371820515739
868.4667584128327,3443569.4285714286,-0.9914371820515739
868.4667584128327,3593282.1428571427,-0.9914371820515739
868.4667584128327,3742994.8571428573,-0.9914371820515739
868.4667584128327,3892707.5714285714,-0.9914371820515739
868.4667584128327,4042420.285714286,-0.9914371820515739
868.4667584128327,4192133,-0.9914371820515739
868.4667584128327,4341845.714285715,-0.9914371820515739
868.4667584128327,4491558.428571429,-0.9914371820515739
868.4667584128327,4641271.142857143,-0.9914371820515739
868.4667584128327,4790983.857142857,-0.9914371820515739
868.4667584128327,4940696.571428572,-0.9914371820515739
868.4667584128327,5090409.285714285,-0.9914371820515739
868.4667584128327,5240122,-0.9914371820515739
868.4667584128327,5389834.714285715,-0.9914371820515739
868.4667584128327,5539547.428571429,-0.9914371820515739
868.4667584128327,5689260.142857143,-0.9914371820515739
868.4667584128327,5838972.857142857,-0.9914371820515739
868.4667584128327,5988685.571428572,-0.9914371820515739
868.4667584128327,6138398.285714285,-0.9914371820515739
868.4667584128327,6288111,-0.9914371820515739
868.4667584128327,6437823.714285715,-0.9914371820515739
868.4667584128327,6587536.428571429,-0.9914371820515739
868.4667584128327,6737249.142857143,-0.9914371820515739
868.4667584128327,6886961.857142857,-0.9914371820515739
868.4667584128327,7036674.571428572,-0.9914371820515739
868.4667584128327,7186387.285714285,-0.9914371820515739
868.4667584128327,7336100,-0.9914371820515739
0.014981962630432007,177,-0.9556949645114965
0.3989515387066178,149889.7142857143,-0.9556949645114965
0.5327804350583312,299602.4285714286,-0.9556949645114965
0.7224629785214646,449315.14285714284,-0.9556949645114965
0.7224629785214646,599027.8571428572,-0.9556949645114965
0.7781646818491724,748740.5714285715,-0.9556949645114965
0.7781646818491724,898453.2857142857,-0.9556949645114965
0.7781646818491724,1048166,-0.9556949645114965
0.9588709603068296,1197878.7142857143,-0.9556949645114965
0.9588709603068296,1347591.4285714286,-0.9556949645114965
0.9588709603068296,1497304.142857143,-0.9556949645114965
0.9588709603068296,1647016.8571428573,-0.9556949645114965
1.2617375708531207,1796729.5714285714,-0.9556949645114965
1.2617375708531207,1946442.2857142857,-0.9556949645114965
1.2617375708531207,2096155,-0.9556949645114965
1.2617375708531207,2245867.7142857146,-0.9556949645114965
1.2617375708531207,2395580.4285714286,-0.9556949645114965
1.5025724824291553,2545293.1428571427,-0.9556949645114965
734.5946670972321,2695005.8571428573,-0.9556949645114965
734.5946670972321,2844718.5714285714,-0.9556949645114965
734.5946670972321,2994431.285714286,-0.9556949645114965
734.5946670972321,3144144,-0.9556949645114965
734.5946670972321,3293856.7142857146,-0.9556949645114965
734.5946670972321,3443569.4285714286,-0.9556949645114965
734.5946670972321,3593282.1428571427,-0.9556949645114965
734.5946670972321,3742994.8571428573,-0.9556949645114965
734.5946670972321,3892707.5714285714,-0.9556949645114965
734.5946670972321,4042420.285714286,-0.9556949645114965
734.5946670972321,4192133,-0.9556949645114965
734.5946670972321,4341845.714285715,-0.9556949645114965
734.5946670972321,4491558.428571429,-0.9556949645114965
734.5946670972321,4641271.142857143,-0.9556949645114965
734.5946670972321,4790983.857142857,-0.9556949645114965
734.5946670972321,4940696.571428572,-0.9556949645114965
734.5946670972321,5090409.285714285,-0.9556949645114965
734.5946670972321,5240122,-0.9556949645114965
734.5946670972321,5389834.714285715,-0.9556949645114965
734.5946670972321,5539547.428571429,-0.9556949645114965
734.5946670972321,5689260.142857143,-0.9556949645114965
734.5946670972321,5838972.857142857,-0.9556949645114965
734.5946670972321,5988685.571428572,-0.9556949645114965
734.5946670972321,6138398.285714285,-0.9556949645114965
734.5946670972321,6288111,-0.9556949645114965
734.5946670972321,6437823.714285715,-0.9556949645114965
734.5946670972321,6587536.428571429,-0.9556949645114965
734.5946670972321,6737249.142857143,-0.9556949645114965
734.5946670972321,6886961.857142857,-0.9556949645114965
734.5946670972321,7036674.571428572,-0.9556949645114965
734.5946670972321,7186387.285714285,-0.9556949645114965
734.5946670972321,7336100,-0.9556949645114965
0.014981962630432007,177,-0.919952746971419
0.3989515387066178,149889.7142857143,-0.919952746971419
0.5327804350583312,299602.4285714286,-0.919952746971419
0.7224629785214646,449315.14285714284,-0.919952746971419
0.7224629785214646,599027.8571428572,-0.919952746971419
0.7781646818491724,748740.5714285715,-0.919952746971419
0.7781646818491724,898453.2857142857,-0.919952746971419
0.7781646818491724,1048166,-0.919952746971419
0.9588709603068296,1197878.7142857143,-0.919952746971419
0.9588709603068296,1347591.4285714286,-0.919952746971419
0.9588709603068296,1497304.142857143,-0.919952746971419
0.9588709603068296,1647016.8571428573,-0.919952746971419
1.2617375708531207,1796729.5714285714,-0.919952746971419
1.2617375708531207,1946442.2857142857,-0.919952746971419
1.2617375708531207,2096155,-0.919952746971419
1.2617375708531207,2245867.7142857146,-0.919952746971419
1.2617375708531207,2395580.4285714286,-0.919952746971419
1.5025724824291553,2545293.1428571427,-0.919952746971419
734.5946670972321,2695005.8571428573,-0.919952746971419
734.5946670972321,2844718.5714285714,-0.919952746971419
734.5946670972321,2994431.285714286,-0.919952746971419
734.5946670972321,3144144,-0.919952746971419
734.5946670972321,3293856.7142857146,-0.919952746971419
734.5946670972321,3443569.4285714286,-0.919952746971419
734.5946670972321,3593282.1428571427,-0.919952746971419
734.5946670972321,3742994.8571428573,-0.919952746971419
734.5946670972321,3892707.5714285714,-0.919952746971419
734.5946670972321,4042420.285714286,-0.919952746971419
734.5946670972321,4192133,-0.919952746971419
734.5946670972321,4341845.714285715,-0.919952746971419
734.5946670972321,4491558.428571429,-0.919952746971419
734.5946670972321,4641271.142857143,-0.919952746971419
734.5946670972321,4790983.857142857,-0.919952746971419
734.5946670972321,4940696.571428572,-0.919952746971419
734.5946670972321,5090409.285714285,-0.919952746971419
734.5946670972321,5240122,-0.919952746971419
734.5946670972321,5389834.714285715,-0.919952746971419
734.5946670972321,5539547.428571429,-0.919952746971419
734.5946670972321,5689260.142857143,-0.919952746971419
734.5946670972321,5838972.857142857,-0.919952746971419
734.5946670972321,5988685.571428572,-0.919952746971419
734.5946670972321,6138398.285714285,-0.919952746971419
734.5946670972321,6288111,-0.919952746971419
734.5946670972321,6437823.714285715,-0.919952746971419
734.5946670972321,6587536.428571429,-0.919952746971419
734.5946670972321,6737249.142857143,-0.919952746971419
734.5946670972321,6886961.857142857,-0.919952746971419
734.5946670972321,7036674.571428572,-0.919952746971419
734.5946670972321,7186387.285714285,-0.919952746971419
734.5946670972321,7336100,-0.919952746971419
0.014981962630432007,177,-0.8842105294313416
0.3989515387066178,149889.7142857143,-0.8842105294313416
0.5327804350583312,299602.4285714286,-0.8842105294313416
0.7224629785214646,449315.14285714284,-0.8842105294313416
0.7224629785214646,599027.8571428572,-0.8842105294313416
0.7781646818491724,748740.5714285715,-0.8842105294313416
0.7781646818491724,898453.2857142857,-0.8842105294313416
0.7781646818491724,1048166,-0.8842105294313416
0.9588709603068296,1197878.7142857143,-0.8842105294313416
0.9588709603068296,1347591.4285714286,-0.8842105294313416
0.9588709603068296,1497304.142857143,-0.8842105294313416
0.9588709603068296,1647016.8571428573,-0.8842105294313416
1.2617375708531207,1796729.5714285714,-0.8842105294313416
1.2617375708531207,1946442.2857142857,-0.8842105294313416
1.2617375708531207,2096155,-0.8842105294313416
1.2617375708531207,2245867.7142857146,-0.8842105294313416
1.2617375708531207,2395580.4285714286,-0.8842105294313416
1.5025724824291553,2545293.1428571427,-0.8842105294313416
734.5946670972321,2695005.8571428573,-0.8842105294313416
734.5946670972321,2844718.5714285714,-0.8842105294313416
734.5946670972321,2994431.285714286,-0.8842105294313416
734.5946670972321,3144144,-0.8842105294313416
734.5946670972321,3293856.7142857146,-0.8842105294313416
734.5946670972321,3443569.4285714286,-0.8842105294313416
734.5946670972321,3593282.1428571427,-0.8842105294313416
734.5946670972321,3742994.8571428573,-0.8842105294313416
734.5946670972321,3892707.5714285714,-0.8842105294313416
734.5946670972321,4042420.285714286,-0.8842105294313416
734.5946670972321,4192133,-0.8842105294313416
734.5946670972321,4341845.714285715,-0.8842105294313416
734.5946670972321,4491558.428571429,-0.8842105294313416
734.5946670972321,4641271.142857143,-0.8842105294313416
734.5946670972321,4790983.857142857,-0.8842105294313416
734.5946670972321,4940696.571428572,-0.8842105294313416
734.5946670972321,5090409.285714285,-0.8842105294313416
734.5946670972321,5240122,-0.8842105294313416
734.5946670972321,5389834.714285715,-0.8842105294313416
734.5946670972321,5539547.428571429,-0.8842105294313416
734.5946670972321,5689260.142857143,-0.8842105294313416
734.5946670972321,5838972.857142857,-0.8842105294313416
734.5946670972321,5988685.571428572,-0.8842105294313416
734.5946670972321,6138398.285714285,-0.8842105294313416
734.5946670972321,6288111,-0.8842105294313416
734.5946670972321,6437823.714285715,-0.8842105294313416
734.5946670972321,6587536.428571429,-0.8842105294313416
734.5946670972321,6737249.142857143,-0.8842105294313416
734.5946670972321,6886961.857142857,-0.8842105294313416
734.5946670972321,7036674.571428572,-0.8842105294313416
734.5946670972321,7186387.285714285,-0.8842105294313416
734.5946670972321,7336100,-0.8842105294313416
0.014981962630432007,177,-0.848468311891264
0.3989515387066178,149889.7142857143,-0.848468311891264
0.5327804350583312,299602.4285714286,-0.848468311891264
0.7224629785214646,449315.14285714284,-0.848468311891264
0.7224629785214646,599027.8571428572,-0.848468311891264
0.7781646818491724,748740.5714285715,-0.848468311891264
0.7781646818491724,898453.2857142857,-0.848468311891264
0.7781646818491724,1048166,-0.848468311891264
0.9588709603068296,1197878.7142857143,-0.848468311891264
0.9588709603068296,1347591.4285714286,-0.848468311891264
0.9588709603068296,1497304.142857143,-0.848468311891264
0.9588709603068296,1647016.8571428573,-0.848468311891264
1.2617375708531207,1796729.5714285714,-0.848468311891264
1.2617375708531207,1946442.2857142857,-0.848468311891264
1.2617375708531207,2096155,-0.848468311891264
1.2617375708531207,2245867.7142857146,-0.848468311891264
1.2617375708531207,2395580.4285714286,-0.848468311891264
1.5025724824291553,2545293.1428571427,-0.848468311891264
734.5946670972321,2695005.8571428573,-0.848468311891264
734.5946670972321,2844718.5714285714,-0.848468311891264
734.5946670972321,2994431.285714286,-0.848468311891264
734.5946670972321,3144144,-0.848468311891264
734.5946670972321,3293856.7142857146,-0.848468311891264
734.5946670972321,3443569.4285714286,-0.848468311891264
734.5946670972321,3593282.1428571427,-0.848468311891264
734.5946670972321,3742994.8571428573,-0.848468311891264
734.5946670972321,3892707.5714285714,-0.848468311891264
734.5946670972321,4042420.285714286,-0.848468311891264
734.5946670972321,4192133,-0.848468311891264
734.5946670972321,4341845.714285715,-0.848468311891264
734.5946670972321,4491558.428571429,-0.848468311891264
734.5946670972321,4641271.142857143,-0.848468311891264
734.5946670972321,4790983.857142857,-0.848468311891264
734.5946670972321,4940696.571428572,-0.848468311891264
734.5946670972321,5090409.285714285,-0.848468311891264
734.5946670972321,5240122,-0.848468311891264
734.5946670972321,5389834.714285715,-0.848468311891264
734.5946670972321,5539547.428571429,-0.848468311891264
734.5946670972321,5689260.142857143,-0.848468311891264
734.5946670972321,5838972.857142857,-0.848468311891264
734.5946670972321,5988685.571428572,-0.848468311891264
734.5946670972321,6138398.285714285,-0.848468311891264
734.5946670972321,6288111,-0.848468311891264
734.5946670972321,6437823.714285715,-0.848468311891264
734.5946670972321,6587536.428571429,-0.848468311891264
734.5946670972321,6737249.142857143,-0.848468311891264
734.5946670972321,6886961.857142857,-0.848468311891264
734.5946670972321,7036674.571428572,-0.848468311891264
734.5946670972321,7186387.285714285,-0.848468311891264
734.5946670972321,7336100,-0.848468311891264
0.014981962630432007,177,-0.8127260943511865
0.3989515387066178,149889.7142857143,-0.8127260943511865
0.5327804350583312,299602.4285714286,-0.8127260943511865
0.7224629785214646,449315.14285714284,-0.8127260943511865
0.7224629785214646,599027.8571428572,-0.8127260943511865
0.7781646818491724,748740.5714285715,-0.8127260943511865
0.7781646818491724,898453.2857142857,-0.8127260943511865
0.7781646818491724,1048166,-0.8127260943511865
0.9588709603068296,1197878.7142857143,-0.8127260943511865
0.9588709603068296,1347591.4285714286,-0.8127260943511865
0.9588709603068296,1497304.142857143,-0.8127260943511865
0.9588709603068296,1647016.8571428573,-0.8127260943511865
1.2617375708531207,1796729.5714285714,-0.8127260943511865
1.2617375708531207,1946442.2857142857,-0.8127260943511865
1.2617375708531207,2096155,-0.8127260943511865
1.2617375708531207,2245867.7142857146,-0.8127260943511865
1.2617375708531207,2395580.4285714286,-0.8127260943511865
1.5025724824291553,2545293.1428571427,-0.8127260943511865
734.5946670972321,2695005.8571428573,-0.8127260943511865
734.5946670972321,2844718.5714285714,-0.8127260943511865
734.5946670972321,2994431.285714286,-0.8127260943511865
734.5946670972321,3144144,-0.8127260943511865
734.5946670972321,3293856.7142857146,-0.8127260943511865
734.5946670972321,3443569.4285714286,-0.8127260943511865
734.5946670972321,3593282.1428571427,-0.8127260943511865
734.5946670972321,3742994.8571428573,-0.8127260943511865
734.5946670972321,3892707.5714285714,-0.8127260943511865
734.5946670972321,4042420.285714286,-0.8127260943511865
734.5946670972321,4192133,-0.8127260943511865
734.5946670972321,4341845.714285715,-0.8127260943511865
734.5946670972321,4491558.428571429,-0.8127260943511865
734.5946670972321,4641271.142857143,-0.8127260943511865
734.5946670972321,4790983.857142857,-0.8127260943511865
734.5946670972321,4940696.571428572,-0.8127260943511865
734.5946670972321,5090409.285714285,-0.8127260943511865
734.5946670972321,5240122,-0.8127260943511865
734.5946670972321,5389834.714285715,-0.8127260943511865
734.5946670972321,5539547.428571429,-0.8127260943511865
734.5946670972321,5689260.142857143,-0.8127260943511865
734.5946670972321,5838972.857142857,-0.8127260943511865
734.5946670972321,5988685.571428572,-0.8127260943511865
734.5946670972321,6138398.285714285,-0.8127260943511865
734.5946670972321,6288111,-0.8127260943511865
734.5946670972321,6437823.714285715,-0.8127260943511865
734.5946670972321,6587536.428571429,-0.8127260943511865
734.5946670972321,6737249.142857143,-0.8127260943511865
734.5946670972321,6886961.857142857,-0.8127260943511865
734.5946670972321,7036674.571428572,-0.8127260943511865
734.5946670972321,7186387.285714285,-0.8127260943511865
734.5946670972321,7336100,-0.8127260943511865
0.014981962630432007,177,-0.776983876811109
0.3989515387066178,149889.7142857143,-0.776983876811109
0.5327804350583312,299602.4285714286,-0.776983876811109
0.7224629785214646,449315.14285714284,-0.776983876811109
0.7224629785214646,599027.8571428572,-0.776983876811109
0.7781646818491724,748740.5714285715,-0.776983876811109
0.7781646818491724,898453.2857142857,-0.776983876811109
0.7781646818491724,1048166,-0.776983876811109
0.9588709603068296,1197878.7142857143,-0.776983876811109
0.9588709603068296,1347591.4285714286,-0.776983876811109
0.9588709603068296,1497304.142857143,-0.776983876811109
0.9588709603068296,1647016.8571428573,-0.776983876811109
1.2617375708531207,1796729.5714285714,-0.776983876811109
1.2617375708531207,1946442.2857142857,-0.776983876811109
1.2617375708531207,2096155,-0.776983876811109
1.2617375708531207,2245867.7142857146,-0.776983876811109
1.2617375708531207,2395580.4285714286,-0.776983876811109
1.5025724824291553,2545293.1428571427,-0.776983876811109
734.5946670972321,2695005.8571428573,-0.776983876811109
734.5946670972321,2844718.5714285714,-0.776983876811109
734.5946670972321,2994431.285714286,-0.776983876811109
734.5946670972321,3144144,-0.776983876811109
734.5946670972321,3293856.7142857146,-0.776983876811109
734.5946670972321,3443569.4285714286,-0.776983876811109
734.5946670972321,3593282.1428571427,-0.776983876811109
734.5946670972321,3742994.8571428573,-0.776983876811109
734.5946670972321,3892707.5714285714,-0.776983876811109
734.5946670972321,4042420.285714286,-0.776983876811109
734.5946670972321,4192133,-0.776983876811109
734.5946670972321,4341845.714285715,-0.776983876811109
734.5946670972321,4491558.428571429,-0.776983876811109
734.5946670972321,4641271.142857143,-0.776983876811109
734.5946670972321,4790983.857142857,-0.776983876811109
734.5946670972321,4940696.571428572,-0.776983876811109
734.5946670972321,5090409.285714285,-0.776983876811109
734.5946670972321,5240122,-0.776983876811109
734.5946670972321,5389834.714285715,-0.776983876811109
734.5946670972321,5539547.428571429,-0.776983876811109
734.5946670972321,5689260.142857143,-0.776983876811109
734.5946670972321,5838972.857142857,-0.776983876811109
734.5946670972321,5988685.571428572,-0.776983876811109
734.5946670972321,6138398.285714285,-0.776983876811109
734.5946670972321,6288111,-0.776983876811109
734.5946670972321,6437823.714285715,-0.776983876811109
734.5946670972321,6587536.428571429,-0.776983876811109
734.5946670972321,6737249.142857143,-0.776983876811109
734.5946670972321,6886961.857142857,-0.776983876811109
734.5946670972321,7036674.571428572,-0.776983876811109
734.5946670972321,7186387.285714285,-0.776983876811109
734.5946670972321,7336100,-0.776983876811109
0.0144602644767722,177,-0.7412416592710316
0.3850593480586306,149889.7142857143,-0.7412416592710316
0.5142280880706667,299602.4285714286,-0.7412416592710316
0.6973055534711167,449315.14285714284,-0.7412416592710316
0.6973055534711167,599027.8571428572,-0.7412416592710316
0.7510676260242324,748740.5714285715,-0.7412416592710316
0.7510676260242324,898453.2857142857,-0.7412416592710316
0.7510676260242324,1048166,-0.7412416592710316
0.9254813956730235,1197878.7142857143,-0.7412416592710316
0.9254813956730235,1347591.4285714286,-0.7412416592710316
0.9254813956730235,1497304.142857143,-0.7412416592710316
0.9254813956730235,1647016.8571428573,-0.7412416592710316
1.2178016608956213,1796729.5714285714,-0.7412416592710316
1.2178016608956213,1946442.2857142857,-0.7412416592710316
1.2178016608956213,2096155,-0.7412416592710316
1.2178016608956213,2245867.7142857146,-0.7412416592710316
1.2178016608956213,2395580.4285714286,-0.7412416592710316
1.4502502794468137,2545293.1428571427,-0.7412416592710316
709.0147954231087,2695005.8571428573,-0.7412416592710316
709.0147954231087,2844718.5714285714,-0.7412416592710316
709.0147954231087,2994431.285714286,-0.7412416592710316
709.0147954231087,3144144,-0.7412416592710316
709.0147954231087,3293856.7142857146,-0.7412416592710316
709.0147954231087,3443569.4285714286,-0.7412416592710316
709.0147954231087,3593282.1428571427,-0.7412416592710316
709.0147954231087,3742994.8571428573,-0.7412416592710316
709.0147954231087,3892707.5714285714,-0.7412416592710316
709.0147954231087,4042420.285714286,-0.7412416592710316
709.0147954231087,4192133,-0.7412416592710316
709.0147954231087,4341845.714285715,-0.7412416592710316
709.0147954231087,4491558.428571429,-0.7412416592710316
709.0147954231087,4641271.142857143,-0.7412416592710316
709.0147954231087,4790983.857142857,-0.7412416592710316
709.0147954231087,4940696.571428572,-0.7412416592710316
709.0147954231087,5090409.285714285,-0.7412416592710316
709.0147954231087,5240122,-0.7412416592710316
709.0147954231087,5389834.714285715,-0.7412416592710316
709.0147954231087,5539547.428571429,-0.7412416592710316
709.0147954231087,5689260.142857143,-0.7412416592710316
709.0147954231087,5838972.857142857,-0.7412416592710316
709.0147954231087,5988685.571428572,-0.7412416592710316
709.0147954231087,6138398.285714285,-0.7412416592710316
709.0147954231087,6288111,-0.7412416592710316
709.0147954231087,6437823.714285715,-0.7412416592710316
709.0147954231087,6587536.428571429,-0.7412416592710316
709.0147954231087,6737249.142857143,-0.7412416592710316
709.0147954231087,6886961.857142857,-0.7412416592710316
709.0147954231087,7036674.571428572,-0.7412416592710316
709.0147954231087,7186387.285714285,-0.7412416592710316
709.0147954231087,7336100,-0.7412416592710316
0.0144602644767722,177,-0.7054994417309541
0.3850593480586306,149889.7142857143,-0.7054994417309541
0.5142280880706667,299602.4285714286,-0.7054994417309541
0.6973055534711167,449315.14285714284,-0.7054994417309541
0.6973055534711167,599027.8571428572,-0.7054994417309541
0.7510676260242324,748740.5714285715,-0.7054994417309541
0.7510676260242324,898453.2857142857,-0.7054994417309541
0.7510676260242324,1048166,-0.7054994417309541
0.9254813956730235,1197878.7142857143,-0.7054994417309541
0.9254813956730235,1347591.4285714286,-0.7054994417309541
0.9254813956730235,1497304.142857143,-0.7054994417309541
0.9254813956730235,1647016.8571428573,-0.7054994417309541
1.2178016608956213,1796729.5714285714,-0.7054994417309541
1.2178016608956213,1946442.2857142857,-0.7054994417309541
1.2178016608956213,2096155,-0.7054994417309541
1.2178016608956213,2245867.7142857146,-0.7054994417309541
1.2178016608956213,2395580.4285714286,-0.7054994417309541
1.4502502794468137,2545293.1428571427,-0.7054994417309541
709.0147954231087,2695005.8571428573,-0.7054994417309541
709.0147954231087,2844718.5714285714,-0.7054994417309541
709.0147954231087,2994431.285714286,-0.7054994417309541
709.0147954231087,3144144,-0.7054994417309541
709.0147954231087,3293856.7142857146,-0.7054994417309541
709.0147954231087,3443569.4285714286,-0.7054994417309541
709.0147954231087,3593282.1428571427,-0.7054994417309541
709.0147954231087,3742994.8571428573,-0.7054994417309541
709.0147954231087,3892707.5714285714,-0.7054994417309541
709.0147954231087,4042420.285714286,-0.7054994417309541
709.0147954231087,4192133,-0.7054994417309541
709.0147954231087,4341845.714285715,-0.7054994417309541
709.0147954231087,4491558.428571429,-0.7054994417309541
709.0147954231087,4641271.142857143,-0.7054994417309541
709.0147954231087,4790983.857142857,-0.7054994417309541
709.0147954231087,4940696.571428572,-0.7054994417309541
709.0147954231087,5090409.285714285,-0.7054994417309541
709.0147954231087,5240122,-0.7054994417309541
709.0147954231087,5389834.714285715,-0.7054994417309541
709.0147954231087,5539547.428571429,-0.7054994417309541
709.0147954231087,5689260.142857143,-0.7054994417309541
709.0147954231087,5838972.857142857,-0.7054994417309541
709.0147954231087,5988685.571428572,-0.7054994417309541
709.0147954231087,6138398.285714285,-0.7054994417309541
709.0147954231087,6288111,-0.7054994417309541
709.0147954231087,6437823.714285715,-0.7054994417309541
709.0147954231087,6587536.428571429,-0.7054994417309541
709.0147954231087,6737249.142857143,-0.7054994417309541
709.0147954231087,6886961.857142857,-0.7054994417309541
709.0147954231087,7036674.571428572,-0.7054994417309541
709.0147954231087,7186387.285714285,-0.7054994417309541
709.0147954231087,7336100,-0.7054994417309541
0.013523018228264327,177,-0.6697572241908767
0.360101614401646,149889.7142857143,-0.6697572241908767
0.480898244955018,299602.4285714286,-0.6697572241908767
0.6521094911788735,449315.14285714284,-0.6697572241908767
0.6521094911788735,599027.8571428572,-0.6697572241908767
0.7023869593602398,748740.5714285715,-0.6697572241908767
0.7023869593602398,898453.2857142857,-0.6697572241908767
0.7023869593602398,1048166,-0.6697572241908767
0.8654960497928222,1197878.7142857143,-0.6697572241908767
0.8654960497928222,1347591.4285714286,-0.6697572241908767
0.8654960497928222,1497304.142857143,-0.6697572241908767
0.8654960497928222,1647016.8571428573,-0.6697572241908767
1.1388694919899633,1796729.5714285714,-0.6697572241908767
1.1388694919899633,1946442.2857142857,-0.6697572241908767
1.1388694919899633,2096155,-0.6697572241908767
1.1388694919899633,2245867.7142857146,-0.6697572241908767
1.1388694919899633,2395580.4285714286,-0.6697572241908767
1.3562518857111814,2545293.1428571427,-0.6697572241908767
663.0597952075651,2695005.8571428573,-0.6697572241908767
663.0597952075651,2844718.5714285714,-0.6697572241908767
663.0597952075651,2994431.285714286,-0.6697572241908767
663.0597952075651,3144144,-0.6697572241908767
663.0597952075651,3293856.7142857146,-0.6697572241908767
663.0597952075651,3443569.4285714286,-0.6697572241908767
663.0597952075651,3593282.1428571427,-0.6697572241908767
663.0597952075651,3742994.8571428573,-0.6697572241908767
663.0597952075651,3892707.5714285714,-0.6697572241908767
663.0597952075651,4042420.285714286,-0.6697572241908767
663.0597952075651,4192133,-0.6697572241908767
663.0597952075651,4341845.714285715,-0.6697572241908767
663.0597952075651,4491558.428571429,-0.6697572241908767
663.0597952075651,4641271.142857143,-0.6697572241908767
663.0597952075651,4790983.857142857,-0.6697572241908767
663.0597952075651,4940696.571428572,-0.6697572241908767
663.0597952075651,5090409.285714285,-0.6697572241908767
663.0597952075651,5240122,-0.6697572241908767
663.0597952075651,5389834.714285715,-0.6697572241908767
663.0597952075651,5539547.428571429,-0.6697572241908767
663.0597952075651,5689260.142857143,-0.6697572241908767
663.0597952075651,5838972.857142857,-0.6697572241908767
663.0597952075651,5988685.571428572,-0.6697572241908767
663.0597952075651,6138398.285714285,-0.6697572241908767
663.0597952075651,6288111,-0.6697572241908767
663.0597952075651,6437823.714285715,-0.6697572241908767
663.0597952075651,6587536.428571429,-0.6697572241908767
663.0597952075651,6737249.142857143,-0.6697572241908767
663.0597952075651,6886961.857142857,-0.6697572241908767
663.0597952075651,7036674.571428572,-0.6697572241908767
663.0597952075651,7186387.285714285,-0.6697572241908767
663.0597952075651,7336100,-0.6697572241908767
0.013523018228264327,177,-0.6340150066507992
0.360101614401646,149889.7142857143,-0.6340150066507992
0.480898244955018,299602.4285714286,-0.6340150066507992
0.6521094911788735,449315.14285714284,-0.6340150066507992
0.6521094911788735,599027.8571428572,-0.6340150066507992
0.7023869593602398,748740.5714285715,-0.6340150066507992
0.7023869593602398,898453.2857142857,-0.6340150066507992
0.7023869593602398,1048166,-0.6340150066507992
0.8654960497928222,1197878.7142857143,-0.6340150066507992
0.8654960497928222,1347591.4285714286,-0.6340150066507992
0.8654960497928222,1497304.142857143,-0.6340150066507992
0.8654960497928222,1647016.8571428573,-0.6340150066507992
1.1388694919899633,1796729.5714285714,-0.6340150066507992
1.1388694919899633,1946442.2857142857,-0.6340150066507992
1.1388694919899633,2096155,-0.6340150066507992
1.1388694919899633,2245867.7142857146,-0.6340150066507992
1.1388694919899633,2395580.4285714286,-0.6340150066507992
1.3562518857111814,2545293.1428571427,-0.6340150066507992
663.0597952075651,2695005.8571428573,-0.6340150066507992
663.0597952075651,2844718.5714285714,-0.6340150066507992
663.0597952075651,2994431.285714286,-0.6340150066507992
663.0597952075651,3144144,-0.6340150066507992
663.0597952075651,3293856.7142857146,-0.6340150066507992
663.0597952075651,3443569.4285714286,-0.6340150066507992
663.0597952075651,3593282.1428571427,-0.6340150066507992
663.0597952075651,3742994.8571428573,-0.6340150066507992
663.0597952075651,3892707.5714285714,-0.6340150066507992
663.0597952075651,4042420.285714286,-0.6340150066507992
663.0597952075651,4192133,-0.6340150066507992
663.0597952075651,4341845.714285715,-0.6340150066507992
663.0597952075651,4491558.428571429,-0.6340150066507992
663.0597952075651,4641271.142857143,-0.6340150066507992
663.0597952075651,4790983.857142857,-0.6340150066507992
663.0597952075651,4940696.571428572,-0.6340150066507992
663.0597952075651,5090409.285714285,-0.6340150066507992
663.0597952075651,5240122,-0.6340150066507992
663.0597952075651,5389834.714285715,-0.6340150066507992
663.0597952075651,5539547.428571429,-0.6340150066507992
663.0597952075651,5689260.142857143,-0.6340150066507992
663.0597952075651,5838972.857142857,-0.6340150066507992
663.0597952075651,5988685.571428572,-0.6340150066507992
663.0597952075651,6138398.285714285,-0.6340150066507992
663.0597952075651,6288111,-0.6340150066507992
663.0597952075651,6437823.714285715,-0.6340150066507992
663.0597952075651,6587536.428571429,-0.6340150066507992
663.0597952075651,6737249.142857143,-0.6340150066507992
663.0597952075651,6886961.857142857,-0.6340150066507992
663.0597952075651,7036674.571428572,-0.6340150066507992
663.0597952075651,7186387.285714285,-0.6340150066507992
663.0597952075651,7336100,-0.6340150066507992
0.013523018228264327,177,-0.5982727891107218
0.360101614401646,149889.7142857143,-0.5982727891107218
0.480898244955018,299602.4285714286,-0.5982727891107218
0.6521094911788735,449315.14285714284,-0.5982727891107218
0.6521094911788735,599027.8571428572,-0.5982727891107218
0.7023869593602398,748740.5714285715,-0.5982727891107218
0.7023869593602398,898453.2857142857,-0.5982727891107218
0.7023869593602398,1048166,-0.5982727891107218
0.8654960497928222,1197878.7142857143,-0.5982727891107218
0.8654960497928222,1347591.4285714286,-0.5982727891107218
0.8654960497928222,1497304.142857143,-0.5982727891107218
0.8654960497928222,1647016.8571428573,-0.5982727891107218
1.1388694919899633,1796729.5714285714,-0.5982727891107218
1.1388694919899633,1946442.2857142857,-0.5982727891107218
1.1388694919899633,2096155,-0.5982727891107218
1.1388694919899633,2245867.7142857146,-0.5982727891107218
1.1388694919899633,2395580.4285714286,-0.5982727891107218
1.3562518857111814,2545293.1428571427,-0.5982727891107218
663.0597952075651,2695005.8571428573,-0.5982727891107218
663.0597952075651,2844718.5714285714,-0.5982727891107218
663.0597952075651,2994431.285714286,-0.5982727891107218
663.0597952075651,3144144,-0.5982727891107218
663.0597952075651,3293856.7142857146,-0.5982727891107218
663.0597952075651,3443569.4285714286,-0.5982727891107218
663.0597952075651,3593282.1428571427,-0.5982727891107218
663.0597952075651,3742994.8571428573,-0.5982727891107218
663.0597952075651,3892707.5714285714,-0.5982727891107218
663.0597952075651,4042420.285714286,-0.5982727891107218
663.0597952075651,4192133,-0.5982727891107218
663.0597952075651,4341845.714285715,-0.5982727891107218
663.0597952075651,4491558.428571429,-0.5982727891107218
663.0597952075651,4641271.142857143,-0.5982727891107218
663.0597952075651,4790983.857142857,-0.5982727891107218
663.0597952075651,4940696.571428572,-0.5982727891107218
663.0597952075651,5090409.285714285,-0.5982727891107218
663.0597952075651,5240122,-0.5982727891107218
663.0597952075651,5389834.714285715,-0.5982727891107218
663.0597952075651,5539547.428571429,-0.5982727891107218
663.0597952075651,5689260.142857143,-0.5982727891107218
663.0597952075651,5838972.857142857,-0.5982727891107218
663.0597952075651,5988685.571428572,-0.5982727891107218
663.0597952075651,6138398.285714285,-0.5982727891107218
663.0597952075651,6288111,-0.5982727891107218
663.0597952075651,6437823.714285715,-0.5982727891107218
663.0597952075651,6587536.428571429,-0.5982727891107218
663.0597952075651,6737249.142857143,-0.5982727891107218
663.0597952075651,6886961.857142857,-0.5982727891107218
663.0597952075651,7036674.571428572,-0.5982727891107218
663.0597952075651,7186387.285714285,-0.5982727891107218
663.0597952075651,7336100,-0.5982727891107218
0.013523018228264327,177,-0.5625305715706443
0.360101614401646,149889.7142857143,-0.5625305715706443
0.480898244955018,299602.4285714286,-0.5625305715706443
0.6521094911788735,449315.14285714284,-0.5625305715706443
0.6521094911788735,599027.8571428572,-0.5625305715706443
0.7023869593602398,748740.5714285715,-0.5625305715706443
0.7023869593602398,898453.2857142857,-0.5625305715706443
0.7023869593602398,1048166,-0.5625305715706443
0.8654960497928222,1197878.7142857143,-0.5625305715706443
0.8654960497928222,1347591.4285714286,-0.5625305715706443
0.8654960497928222,1497304.142857143,-0.5625305715706443
0.8654960497928222,1647016.8571428573,-0.5625305715706443
1.1388694919899633,1796729.5714285714,-0.5625305715706443
1.1388694919899633,1946442.2857142857,-0.5625305715706443
1.1388694919899633,2096155,-0.5625305715706443
1.1388694919899633,2245867.7142857146,-0.5625305715706443
1.1388694919899633,2395580.4285714286,-0.5625305715706443
1.3562518857111814,2545293.1428571427,-0.5625305715706443
663.0597952075651,2695005.8571428573,-0.5625305715706443
663.0597952075651,2844718.5714285714,-0.5625305715706443
663.0597952075651,2994431.285714286,-0.5625305715706443
663.0597952075651,3144144,-0.5625305715706443
663.0597952075651,3293856.7142857146,-0.5625305715706443
663.0597952075651,3443569.4285714286,-0.5625305715706443
663.0597952075651,3593282.1428571427,-0.5625305715706443
663.0597952075651,3742994.8571428573,-0.5625305715706443
663.0597952075651,3892707.5714285714,-0.5625305715706443
663.0597952075651,4042420.285714286,-0.5625305715706443
663.0597952075651,4192133,-0.5625305715706443
663.0597952075651,4341845.714285715,-0.5625305715706443
663.0597952075651,4491558.428571429,-0.5625305715706443
663.0597952075651,4641271.142857143,-0.5625305715706443
663.0597952075651,4790983.857142857,-0.5625305715706443
663.0597952075651,4940696.571428572,-0.5625305715706443
663.0597952075651,5090409.285714285,-0.5625305715706443
663.0597952075651,5240122,-0.5625305715706443
663.0597952075651,5389834.714285715,-0.5625305715706443
663.0597952075651,5539547.428571429,-0.5625305715706443
663.0597952075651,5689260.142857143,-0.5625305715706443
663.0597952075651,5838972.857142857,-0.5625305715706443
663.0597952075651,5988685.571428572,-0.5625305715706443
663.0597952075651,6138398.285714285,-0.5625305715706443
663.0597952075651,6288111,-0.5625305715706443
663.0597952075651,6437823.714285715,-0.5625305715706443
663.0597952075651,6587536.428571429,-0.5625305715706443
663.0597952075651,6737249.142857143,-0.5625305715706443
663.0597952075651,6886961.857142857,-0.5625305715706443
663.0597952075651,7036674.571428572,-0.5625305715706443
663.0597952075651,7186387.285714285,-0.5625305715706443
663.0597952075651,7336100,-0.5625305715706443
0.01396356555619731,177,-0.5267883540305669
0.3718328567420152,149889.7142857143,-0.5267883540305669
0.49656475026074853,299602.4285714286,-0.5267883540305669
0.6733536460716133,449315.14285714284,-0.5267883540305669
0.6733536460716133,599027.8571428572,-0.5267883540305669
0.7252690329401141,748740.5714285715,-0.5267883540305669
0.7252690329401141,898453.2857142857,-0.5267883540305669
0.7252690329401141,1048166,-0.5267883540305669
0.8936918242594901,1197878.7142857143,-0.5267883540305669
0.8936918242594901,1347591.4285714286,-0.5267883540305669
0.8936918242594901,1497304.142857143,-0.5267883540305669
0.8936918242594901,1647016.8571428573,-0.5267883540305669
1.175971114060687,1796729.5714285714,-0.5267883540305669
1.175971114060687,1946442.2857142857,-0.5267883540305669
1.175971114060687,2096155,-0.5267883540305669
1.175971114060687,2245867.7142857146,-0.5267883540305669
1.175971114060687,2395580.4285714286,-0.5267883540305669
1.4004353020290945,2545293.1428571427,-0.5267883540305669
684.6606846028003,2695005.8571428573,-0.5267883540305669
684.6606846028003,2844718.5714285714,-0.5267883540305669
684.6606846028003,2994431.285714286,-0.5267883540305669
684.6606846028003,3144144,-0.5267883540305669
684.6606846028003,3293856.7142857146,-0.5267883540305669
684.6606846028003,3443569.4285714286,-0.5267883540305669
684.6606846028003,3593282.1428571427,-0.5267883540305669
684.6606846028003,3742994.8571428573,-0.5267883540305669
684.6606846028003,3892707.5714285714,-0.5267883540305669
684.6606846028003,4042420.285714286,-0.5267883540305669
684.6606846028003,4192133,-0.5267883540305669
684.6606846028003,4341845.714285715,-0.5267883540305669
684.6606846028003,4491558.428571429,-0.5267883540305669
684.6606846028003,4641271.142857143,-0.5267883540305669
684.6606846028003,4790983.857142857,-0.5267883540305669
684.6606846028003,4940696.571428572,-0.5267883540305669
684.6606846028003,5090409.285714285,-0.5267883540305669
684.6606846028003,5240122,-0.5267883540305669
684.6606846028003,5389834.714285715,-0.5267883540305669
684.6606846028003,5539547.428571429,-0.5267883540305669
684.6606846028003,5689260.142857143,-0.5267883540305669
684.6606846028003,5838972.857142857,-0.5267883540305669
684.6606846028003,5988685.571428572,-0.5267883540305669
684.6606846028003,6138398.285714285,-0.5267883540305669
684.6606846028003,6288111,-0.5267883540305669
684.6606846028003,6437823.714285715,-0.5267883540305669
684.6606846028003,6587536.428571429,-0.5267883540305669
684.6606846028003,6737249.142857143,-0.5267883540305669
684.6606846028003,6886961.857142857,-0.5267883540305669
684.6606846028003,7036674.571428572,-0.5267883540305669
684.6606846028003,7186387.285714285,-0.5267883540305669
684.6606846028003,7336100,-0.5267883540305669
0.01396356555619731,177,-0.4910461364904892
0.3718328567420152,149889.7142857143,-0.4910461364904892
0.49656475026074853,299602.4285714286,-0.4910461364904892
0.6733536460716133,449315.14285714284,-0.4910461364904892
0.6733536460716133,599027.8571428572,-0.4910461364904892
0.7252690329401141,748740.5714285715,-0.4910461364904892
0.7252690329401141,898453.2857142857,-0.4910461364904892
0.7252690329401141,1048166,-0.4910461364904892
0.8936918242594901,1197878.7142857143,-0.4910461364904892
0.8936918242594901,1347591.4285714286,-0.4910461364904892
0.8936918242594901,1497304.142857143,-0.4910461364904892
0.8936918242594901,1647016.8571428573,-0.4910461364904892
1.175971114060687,1796729.5714285714,-0.4910461364904892
1.175971114060687,1946442.2857142857,-0.4910461364904892
1.175971114060687,2096155,-0.4910461364904892
1.175971114060687,2245867.7142857146,-0.4910461364904892
1.175971114060687,2395580.4285714286,-0.4910461364904892
1.4004353020290945,2545293.1428571427,-0.4910461364904892
684.6606846028003,2695005.8571428573,-0.4910461364904892
684.6606846028003,2844718.5714285714,-0.4910461364904892
684.6606846028003,2994431.285714286,-0.4910461364904892
684.6606846028003,3144144,-0.4910461364904892
684.6606846028003,3293856.7142857146,-0.4910461364904892
684.6606846028003,3443569.4285714286,-0.4910461364904892
684.6606846028003,3593282.1428571427,-0.4910461364904892
684.6606846028003,3742994.8571428573,-0.4910461364904892
684.6606846028003,3892707.5714285714,-0.4910461364904892
684.6606846028003,4042420.285714286,-0.4910461364904892
684.6606846028003,4192133,-0.4910461364904892
684.6606846028003,4341845.714285715,-0.4910461364904892
684.6606846028003,4491558.428571429,-0.4910461364904892
684.6606846028003,4641271.142857143,-0.4910461364904892
684.6606846028003,4790983.857142857,-0.4910461364904892
684.6606846028003,4940696.571428572,-0.4910461364904892
684.6606846028003,5090409.285714285,-0.4910461364904892
684.6606846028003,5240122,-0.4910461364904892
684.6606846028003,5389834.714285715,-0.4910461364904892
684.6606846028003,5539547.428571429,-0.4910461364904892
684.6606846028003,5689260.142857143,-0.4910461364904892
684.6606846028003,5838972.857142857,-0.4910461364904892
684.6606846028003,5988685.571428572,-0.4910461364904892
684.6606846028003,6138398.285714285,-0.4910461364904892
684.6606846028003,6288111,-0.4910461364904892
684.6606846028003,6437823.714285715,-0.4910461364904892
684.6606846028003,6587536.428571429,-0.4910461364904892
684.6606846028003,6737249.142857143,-0.4910461364904892
684.6606846028003,6886961.857142857,-0.4910461364904892
684.6606846028003,7036674.571428572,-0.4910461364904892
684.6606846028003,7186387.285714285,-0.4910461364904892
684.6606846028003,7336100,-0.4910461364904892
0.01396356555619731,177,-0.4553039189504118
0.3718328567420152,149889.7142857143,-0.4553039189504118
0.49656475026074853,299602.4285714286,-0.4553039189504118
0.6733536460716133,449315.14285714284,-0.4553039189504118
0.6733536460716133,599027.8571428572,-0.4553039189504118
0.7252690329401141,748740.5714285715,-0.4553039189504118
0.7252690329401141,898453.2857142857,-0.4553039189504118
0.7252690329401141,1048166,-0.4553039189504118
0.8936918242594901,1197878.7142857143,-0.4553039189504118
0.8936918242594901,1347591.4285714286,-0.4553039189504118
0.8936918242594901,1497304.142857143,-0.4553039189504118
0.8936918242594901,1647016.8571428573,-0.4553039189504118
1.175971114060687,1796729.5714285714,-0.4553039189504118
1.175971114060687,1946442.2857142857,-0.4553039189504118
1.175971114060687,2096155,-0.4553039189504118
1.175971114060687,2245867.7142857146,-0.4553039189504118
1.175971114060687,2395580.4285714286,-0.4553039189504118
1.4004353020290945,2545293.1428571427,-0.4553039189504118
684.6606846028003,2695005.8571428573,-0.4553039189504118
684.6606846028003,2844718.5714285714,-0.4553039189504118
684.6606846028003,2994431.285714286,-0.4553039189504118
684.6606846028003,3144144,-0.4553039189504118
684.6606846028003,3293856.7142857146,-0.4553039189504118
684.6606846028003,3443569.4285714286,-0.4553039189504118
684.6606846028003,3593282.1428571427,-0.4553039189504118
684.6606846028003,3742994.8571428573,-0.4553039189504118
684.6606846028003,3892707.5714285714,-0.4553039189504118
684.6606846028003,4042420.285714286,-0.4553039189504118
684.6606846028003,4192133,-0.4553039189504118
684.6606846028003,4341845.714285715,-0.4553039189504118
684.6606846028003,4491558.428571429,-0.4553039189504118
684.6606846028003,4641271.142857143,-0.4553039189504118
684.6606846028003,4790983.857142857,-0.4553039189504118
684.6606846028003,4940696.571428572,-0.4553039189504118
684.6606846028003,5090409.285714285,-0.4553039189504118
684.6606846028003,5240122,-0.4553039189504118
684.6606846028003,5389834.714285715,-0.4553039189504118
684.6606846028003,5539547.428571429,-0.4553039189504118
684.6606846028003,5689260.142857143,-0.4553039189504118
684.6606846028003,5838972.857142857,-0.4553039189504118
684.6606846028003,5988685.571428572,-0.4553039189504118
684.6606846028003,6138398.285714285,-0.4553039189504118
684.6606846028003,6288111,-0.4553039189504118
684.6606846028003,6437823.714285715,-0.4553039189504118
684.6606846028003,6587536.428571429,-0.4553039189504118
684.6606846028003,6737249.142857143,-0.4553039189504118
684.6606846028003,6886961.857142857,-0.4553039189504118
684.6606846028003,7036674.571428572,-0.4553039189504118
684.6606846028003,7186387.285714285,-0.4553039189504118
684.6606846028003,7336100,-0.4553039189504118
0.01396356555619731,177,-0.41956170141033433
0.3718328567420152,149889.7142857143,-0.41956170141033433
0.49656475026074853,299602.4285714286,-0.41956170141033433
0.6733536460716133,449315.14285714284,-0.41956170141033433
0.6733536460716133,599027.8571428572,-0.41956170141033433
0.7252690329401141,748740.5714285715,-0.41956170141033433
0.7252690329401141,898453.2857142857,-0.41956170141033433
0.7252690329401141,1048166,-0.41956170141033433
0.8936918242594901,1197878.7142857143,-0.41956170141033433
0.8936918242594901,1347591.4285714286,-0.41956170141033433
0.8936918242594901,1497304.142857143,-0.41956170141033433
0.8936918242594901,1647016.8571428573,-0.41956170141033433
1.175971114060687,1796729.5714285714,-0.41956170141033433
1.175971114060687,1946442.2857142857,-0.41956170141033433
1.175971114060687,2096155,-0.41956170141033433
1.175971114060687,2245867.7142857146,-0.41956170141033433
1.175971114060687,2395580.4285714286,-0.41956170141033433
1.4004353020290945,2545293.1428571427,-0.41956170141033433
684.6606846028003,2695005.8571428573,-0.41956170141033433
684.6606846028003,2844718.5714285714,-0.41956170141033433
684.6606846028003,2994431.285714286,-0.41956170141033433
684.6606846028003,3144144,-0.41956170141033433
684.6606846028003,3293856.7142857146,-0.41956170141033433
684.6606846028003,3443569.4285714286,-0.41956170141033433
684.6606846028003,3593282.1428571427,-0.41956170141033433
684.6606846028003,3742994.8571428573,-0.41956170141033433
684.6606846028003,3892707.5714285714,-0.41956170141033433
684.6606846028003,4042420.285714286,-0.41956170141033433
684.6606846028003,4192133,-0.41956170141033433
684.6606846028003,4341845.714285715,-0.41956170141033433
684.6606846028003,4491558.428571429,-0.41956170141033433
684.6606846028003,4641271.142857143,-0.41956170141033433
684.6606846028003,4790983.857142857,-0.41956170141033433
684.6606846028003,4940696.571428572,-0.41956170141033433
684.6606846028003,5090409.285714285,-0.41956170141033433
684.6606846028003,5240122,-0.41956170141033433
684.6606846028003,5389834.714285715,-0.41956170141033433
684.6606846028003,5539547.428571429,-0.41956170141033433
684.6606846028003,5689260.142857143,-0.41956170141033433
684.6606846028003,5838972.857142857,-0.41956170141033433
684.6606846028003,5988685.571428572,-0.41956170141033433
684.6606846028003,6138398.285714285,-0.41956170141033433
684.6606846028003,6288111,-0.41956170141033433
684.6606846028003,6437823.714285715,-0.41956170141033433
684.6606846028003,6587536.428571429,-0.41956170141033433
684.6606846028003,6737249.142857143,-0.41956170141033433
684.6606846028003,6886961.857142857,-0.41956170141033433
684.6606846028003,7036674.571428572,-0.41956170141033433
684.6606846028003,7186387.285714285,-0.41956170141033433
684.6606846028003,7336100,-0.41956170141033433
0.01396356555619731,177,-0.3838194838702569
0.3718328567420152,149889.7142857143,-0.3838194838702569
0.49656475026074853,299602.4285714286,-0.3838194838702569
0.6733536460716133,449315.14285714284,-0.3838194838702569
0.6733536460716133,599027.8571428572,-0.3838194838702569
0.7252690329401141,748740.5714285715,-0.3838194838702569
0.7252690329401141,898453.2857142857,-0.3838194838702569
0.7252690329401141,1048166,-0.3838194838702569
0.8936918242594901,1197878.7142857143,-0.3838194838702569
0.8936918242594901,1347591.4285714286,-0.3838194838702569
0.8936918242594901,1497304.142857143,-0.3838194838702569
0.8936918242594901,1647016.8571428573,-0.3838194838702569
1.175971114060687,1796729.5714285714,-0.3838194838702569
1.175971114060687,1946442.2857142857,-0.3838194838702569
1.175971114060687,2096155,-0.3838194838702569
1.175971114060687,2245867.7142857146,-0.3838194838702569
1.175971114060687,2395580.4285714286,-0.3838194838702569
1.4004353020290945,2545293.1428571427,-0.3838194838702569
684.6606846028003,2695005.8571428573,-0.3838194838702569
684.6606846028003,2844718.5714285714,-0.3838194838702569
684.6606846028003,2994431.285714286,-0.3838194838702569
684.6606846028003,3144144,-0.3838194838702569
684.6606846028003,3293856.7142857146,-0.3838194838702569
684.6606846028003,3443569.4285714286,-0.3838194838702569
684.6606846028003,3593282.1428571427,-0.3838194838702569
684.6606846028003,3742994.8571428573,-0.3838194838702569
684.6606846028003,3892707.5714285714,-0.3838194838702569
684.6606846028003,4042420.285714286,-0.3838194838702569
684.6606846028003,4192133,-0.3838194838702569
684.6606846028003,4341845.714285715,-0.3838194838702569
684.6606846028003,4491558.428571429,-0.3838194838702569
684.6606846028003,4641271.142857143,-0.3838194838702569
684.6606846028003,4790983.857142857,-0.3838194838702569
684.6606846028003,4940696.571428572,-0.3838194838702569
684.6606846028003,5090409.285714285,-0.3838194838702569
684.6606846028003,5240122,-0.3838194838702569
684.6606846028003,5389834.714285715,-0.3838194838702569
684.6606846028003,5539547.428571429,-0.3838194838702569
684.6606846028003,5689260.142857143,-0.3838194838702569
684.6606846028003,5838972.857142857,-0.3838194838702569
684.6606846028003,5988685.571428572,-0.3838194838702569
684.6606846028003,6138398.285714285,-0.3838194838702569
684.6606846028003,6288111,-0.3838194838702569
684.6606846028003,6437823.714285715,-0.3838194838702569
684.6606846028003,6587536.428571429,-0.3838194838702569
684.6606846028003,6737249.142857143,-0.3838194838702569
684.6606846028003,6886961.857142857,-0.3838194838702569
684.6606846028003,7036674.571428572,-0.3838194838702569
684.6606846028003,7186387.285714285,-0.3838194838702569
684.6606846028003,7336100,-0.3838194838702569
0.01396356555619731,177,-0.34807726633017944
0.3718328567420152,149889.7142857143,-0.34807726633017944
0.49656475026074853,299602.4285714286,-0.34807726633017944
0.6733536460716133,449315.14285714284,-0.34807726633017944
0.6733536460716133,599027.8571428572,-0.34807726633017944
0.7252690329401141,748740.5714285715,-0.34807726633017944
0.7252690329401141,898453.2857142857,-0.34807726633017944
0.7252690329401141,1048166,-0.34807726633017944
0.8936918242594901,1197878.7142857143,-0.34807726633017944
0.8936918242594901,1347591.4285714286,-0.34807726633017944
0.8936918242594901,1497304.142857143,-0.34807726633017944
0.8936918242594901,1647016.8571428573,-0.34807726633017944
1.175971114060687,1796729.5714285714,-0.34807726633017944
1.175971114060687,1946442.2857142857,-0.34807726633017944
1.175971114060687,2096155,-0.34807726633017944
1.175971114060687,2245867.7142857146,-0.34807726633017944
1.175971114060687,2395580.4285714286,-0.34807726633017944
1.4004353020290945,2545293.1428571427,-0.34807726633017944
684.6606846028003,2695005.8571428573,-0.34807726633017944
684.6606846028003,2844718.5714285714,-0.34807726633017944
684.6606846028003,2994431.285714286,-0.34807726633017944
684.6606846028003,3144144,-0.34807726633017944
684.6606846028003,3293856.7142857146,-0.34807726633017944
684.6606846028003,3443569.4285714286,-0.34807726633017944
684.6606846028003,3593282.1428571427,-0.34807726633017944
684.6606846028003,3742994.8571428573,-0.34807726633017944
684.6606846028003,3892707.5714285714,-0.34807726633017944
684.6606846028003,4042420.285714286,-0.34807726633017944
684.6606846028003,4192133,-0.34807726633017944
684.6606846028003,4341845.714285715,-0.34807726633017944
684.6606846028003,4491558.428571429,-0.34807726633017944
684.6606846028003,4641271.142857143,-0.34807726633017944
684.6606846028003,4790983.857142857,-0.34807726633017944
684.6606846028003,4940696.571428572,-0.34807726633017944
684.6606846028003,5090409.285714285,-0.34807726633017944
684.6606846028003,5240122,-0.34807726633017944
684.6606846028003,5389834.714285715,-0.34807726633017944
684.6606846028003,5539547.428571429,-0.34807726633017944
684.6606846028003,5689260.142857143,-0.34807726633017944
684.6606846028003,5838972.857142857,-0.34807726633017944
684.6606846028003,5988685.571428572,-0.34807726633017944
684.6606846028003,6138398.285714285,-0.34807726633017944
684.6606846028003,6288111,-0.34807726633017944
684.6606846028003,6437823.714285715,-0.34807726633017944
684.6606846028003,6587536.428571429,-0.34807726633017944
684.6606846028003,6737249.142857143,-0.34807726633017944
684.6606846028003,6886961.857142857,-0.34807726633017944
684.6606846028003,7036674.571428572,-0.34807726633017944
684.6606846028003,7186387.285714285,-0.34807726633017944
684.6606846028003,7336100,-0.34807726633017944
0.011478655764375735,177,-0.312335048790102
0.3056627153894617,149889.7142857143,-0.312335048790102
0.41180099987424695,299602.4285714286,-0.312335048790102
0.5584119786506295,449315.14285714284,-0.312335048790102
0.5584119786506295,599027.8571428572,-0.312335048790102
0.6014653935579116,748740.5714285715,-0.312335048790102
0.6014653935579116,898453.2857142857,-0.312335048790102
0.6014653935579116,1048166,-0.312335048790102
0.741138364364863,1197878.7142857143,-0.312335048790102
0.741138364364863,1347591.4285714286,-0.312335048790102
0.741138364364863,1497304.142857143,-0.312335048790102
0.741138364364863,1647016.8571428573,-0.312335048790102
1.0397474381563248,1796729.5714285714,-0.312335048790102
1.0397474381563248,1946442.2857142857,-0.312335048790102
1.0397474381563248,2096155,-0.312335048790102
1.0397474381563248,2245867.7142857146,-0.312335048790102
1.0397474381563248,2395580.4285714286,-0.312335048790102
1.7654780854894045,2545293.1428571427,-0.312335048790102
164969.15005783696,2695005.8571428573,-0.312335048790102
164969.15005783696,2844718.5714285714,-0.312335048790102
164969.15005783696,2994431.285714286,-0.312335048790102
164969.15005783696,3144144,-0.312335048790102
164969.15005783696,3293856.7142857146,-0.312335048790102
164969.15005783696,3443569.4285714286,-0.312335048790102
164969.15005783696,3593282.1428571427,-0.312335048790102
164969.15005783696,3742994.8571428573,-0.312335048790102
164969.15005783696,3892707.5714285714,-0.312335048790102
164969.15005783696,4042420.285714286,-0.312335048790102
164969.15005783696,4192133,-0.312335048790102
164969.15005783696,4341845.714285715,-0.312335048790102
164969.15005783696,4491558.428571429,-0.312335048790102
164969.15005783696,4641271.142857143,-0.312335048790102
164969.15005783696,4790983.857142857,-0.312335048790102
164969.15005783696,4940696.571428572,-0.312335048790102
164969.15005783696,5090409.285714285,-0.312335048790102
164969.15005783696,5240122,-0.312335048790102
164969.15005783696,5389834.714285715,-0.312335048790102
164969.15005783696,5539547.428571429,-0.312335048790102
164969.15005783696,5689260.142857143,-0.312335048790102
164969.15005783696,5838972.857142857,-0.312335048790102
164969.15005783696,5988685.571428572,-0.312335048790102
164969.15005783696,6138398.285714285,-0.312335048790102
164969.15005783696,6288111,-0.312335048790102
164969.15005783696,6437823.714285715,-0.312335048790102
164969.15005783696,6587536.428571429,-0.312335048790102
164969.15005783696,6737249.142857143,-0.312335048790102
164969.15005783696,6886961.857142857,-0.312335048790102
164969.15005783696,7036674.571428572,-0.312335048790102
164969.15005783696,7186387.285714285,-0.312335048790102
164969.15005783696,7336100,-0.312335048790102
0.011478655764375735,177,-0.27659283125002454
0.3056627153894617,149889.7142857143,-0.27659283125002454
0.41180099987424695,299602.4285714286,-0.27659283125002454
0.5584119786506295,449315.14285714284,-0.27659283125002454
0.5584119786506295,599027.8571428572,-0.27659283125002454
0.6014653935579116,748740.5714285715,-0.27659283125002454
0.6014653935579116,898453.2857142857,-0.27659283125002454
0.6014653935579116,1048166,-0.27659283125002454
0.741138364364863,1197878.7142857143,-0.27659283125002454
0.741138364364863,1347591.4285714286,-0.27659283125002454
0.741138364364863,1497304.142857143,-0.27659283125002454
0.741138364364863,1647016.8571428573,-0.27659283125002454
1.0397474381563248,1796729.5714285714,-0.27659283125002454
1.0397474381563248,1946442.2857142857,-0.27659283125002454
1.0397474381563248,2096155,-0.27659283125002454
1.0397474381563248,2245867.7142857146,-0.27659283125002454
1.0397474381563248,2395580.4285714286,-0.27659283125002454
1.7654780854894045,2545293.1428571427,-0.27659283125002454
164969.15005783696,2695005.8571428573,-0.27659283125002454
164969.15005783696,2844718.5714285714,-0.27659283125002454
164969.15005783696,2994431.285714286,-0.27659283125002454
164969.15005783696,3144144,-0.27659283125002454
164969.15005783696,3293856.7142857146,-0.27659283125002454
164969.15005783696,3443569.4285714286,-0.27659283125002454
164969.15005783696,3593282.1428571427,-0.27659283125002454
164969.15005783696,3742994.8571428573,-0.27659283125002454
164969.15005783696,3892707.5714285714,-0.27659283125002454
164969.15005783696,4042420.285714286,-0.27659283125002454
164969.15005783696,4192133,-0.27659283125002454
164969.15005783696,4341845.714285715,-0.27659283125002454
164969.15005783696,4491558.428571429,-0.27659283125002454
164969.15005783696,4641271.142857143,-0.27659283125002454
164969.15005783696,4790983.857142857,-0.27659283125002454
164969.15005783696,4940696.571428572,-0.27659283125002454
164969.15005783696,5090409.285714285,-0.27659283125002454
164969.15005783696,5240122,-0.27659283125002454
164969.15005783696,5389834.714285715,-0.27659283125002454
164969.15005783696,5539547.428571429,-0.27659283125002454
164969.15005783696,5689260.142857143,-0.27659283125002454
164969.15005783696,5838972.857142857,-0.27659283125002454
164969.15005783696,5988685.571428572,-0.27659283125002454
164969.15005783696,6138398.285714285,-0.27659283125002454
164969.15005783696,6288111,-0.27659283125002454
164969.15005783696,6437823.714285715,-0.27659283125002454
164969.15005783696,6587536.428571429,-0.27659283125002454
164969.15005783696,6737249.142857143,-0.27659283125002454
164969.15005783696,6886961.857142857,-0.27659283125002454
164969.15005783696,7036674.571428572,-0.27659283125002454
164969.15005783696,7186387.285714285,-0.27659283125002454
164969.15005783696,7336100,-0.27659283125002454
0.010382531403370431,177,-0.24085061370994687
0.27647424981762725,149889.7142857143,-0.24085061370994687
0.3724771350320423,299602.4285714286,-0.24085061370994687
0.5050878799198564,449315.14285714284,-0.24085061370994687
0.5050878799198564,599027.8571428572,-0.24085061370994687
0.5440300210096238,748740.5714285715,-0.24085061370994687
0.5440300210096238,898453.2857142857,-0.24085061370994687
0.5440300210096238,1048166,-0.24085061370994687
0.6703652849440835,1197878.7142857143,-0.24085061370994687
0.6703652849440835,1347591.4285714286,-0.24085061370994687
0.6703652849440835,1497304.142857143,-0.24085061370994687
0.6703652849440835,1647016.8571428573,-0.24085061370994687
0.940459462312231,1796729.5714285714,-0.24085061370994687
0.940459462312231,1946442.2857142857,-0.24085061370994687
0.940459462312231,2096155,-0.24085061370994687
0.940459462312231,2245867.7142857146,-0.24085061370994687
0.940459462312231,2395580.4285714286,-0.24085061370994687
1.596888350066566,2545293.1428571427,-0.24085061370994687
149215.85037670753,2695005.8571428573,-0.24085061370994687
149215.85037670753,2844718.5714285714,-0.24085061370994687
149215.85037670753,2994431.285714286,-0.24085061370994687
149215.85037670753,3144144,-0.24085061370994687
149215.85037670753,3293856.7142857146,-0.24085061370994687
149215.85037670753,3443569.4285714286,-0.24085061370994687
149215.85037670753,3593282.1428571427,-0.24085061370994687
149215.85037670753,3742994.8571428573,-0.24085061370994687
149215.85037670753,3892707.5714285714,-0.24085061370994687
149215.85037670753,4042420.285714286,-0.24085061370994687
149215.85037670753,4192133,-0.24085061370994687
149215.85037670753,4341845.714285715,-0.24085061370994687
149215.85037670753,4491558.428571429,-0.24085061370994687
149215.85037670753,4641271.142857143,-0.24085061370994687
149215.85037670753,4790983.857142857,-0.24085061370994687
149215.85037670753,4940696.571428572,-0.24085061370994687
149215.85037670753,5090409.285714285,-0.24085061370994687
149215.85037670753,5240122,-0.24085061370994687
149215.85037670753,5389834.714285715,-0.24085061370994687
149215.85037670753,5539547.428571429,-0.24085061370994687
149215.85037670753,5689260.142857143,-0.24085061370994687
149215.85037670753,5838972.857142857,-0.24085061370994687
149215.85037670753,5988685.571428572,-0.24085061370994687
149215.85037670753,6138398.285714285,-0.24085061370994687
149215.85037670753,6288111,-0.24085061370994687
149215.85037670753,6437823.714285715,-0.24085061370994687
149215.85037670753,6587536.428571429,-0.24085061370994687
149215.85037670753,6737249.142857143,-0.24085061370994687
149215.85037670753,6886961.857142857,-0.24085061370994687
149215.85037670753,7036674.571428572,-0.24085061370994687
149215.85037670753,7186387.285714285,-0.24085061370994687
149215.85037670753,7336100,-0.24085061370994687
0.010382531403370431,177,-0.20510839616986942
0.27647424981762725,149889.7142857143,-0.20510839616986942
0.3724771350320423,299602.4285714286,-0.20510839616986942
0.5050878799198564,449315.14285714284,-0.20510839616986942
0.5050878799198564,599027.8571428572,-0.20510839616986942
0.5440300210096238,748740.5714285715,-0.20510839616986942
0.5440300210096238,898453.2857142857,-0.20510839616986942
0.5440300210096238,1048166,-0.20510839616986942
0.6703652849440835,1197878.7142857143,-0.20510839616986942
0.6703652849440835,1347591.4285714286,-0.20510839616986942
0.6703652849440835,1497304.142857143,-0.20510839616986942
0.6703652849440835,1647016.8571428573,-0.20510839616986942
0.940459462312231,1796729.5714285714,-0.20510839616986942
0.940459462312231,1946442.2857142857,-0.20510839616986942
0.940459462312231,2096155,-0.20510839616986942
0.940459462312231,2245867.7142857146,-0.20510839616986942
0.940459462312231,2395580.4285714286,-0.20510839616986942
1.596888350066566,2545293.1428571427,-0.20510839616986942
149215.85037670753,2695005.8571428573,-0.20510839616986942
149215.85037670753,2844718.5714285714,-0.20510839616986942
149215.85037670753,2994431.285714286,-0.20510839616986942
149215.85037670753,3144144,-0.20510839616986942
149215.85037670753,3293856.7142857146,-0.20510839616986942
149215.85037670753,3443569.4285714286,-0.20510839616986942
149215.85037670753,3593282.1428571427,-0.20510839616986942
149215.85037670753,3742994.8571428573,-0.20510839616986942
149215.85037670753,3892707.5714285714,-0.20510839616986942
149215.85037670753,4042420.285714286,-0.20510839616986942
149215.85037670753,4192133,-0.20510839616986942
149215.85037670753,4341845.714285715,-0.20510839616986942
149215.85037670753,4491558.428571429,-0.20510839616986942
149215.85037670753,4641271.142857143,-0.20510839616986942
149215.85037670753,4790983.857142857,-0.20510839616986942
149215.85037670753,4940696.571428572,-0.20510839616986942
149215.85037670753,5090409.285714285,-0.20510839616986942
149215.85037670753,5240122,-0.20510839616986942
149215.85037670753,5389834.714285715,-0.20510839616986942
149215.85037670753,5539547.428571429,-0.20510839616986942
149215.85037670753,5689260.142857143,-0.20510839616986942
149215.85037670753,5838972.857142857,-0.20510839616986942
149215.85037670753,5988685.571428572,-0.20510839616986942
149215.85037670753,6138398.285714285,-0.20510839616986942
149215.85037670753,6288111,-0.20510839616986942
149215.85037670753,6437823.714285715,-0.20510839616986942
149215.85037670753,6587536.428571429,-0.20510839616986942
149215.85037670753,6737249.142857143,-0.20510839616986942
149215.85037670753,6886961.857142857,-0.20510839616986942
149215.85037670753,7036674.571428572,-0.20510839616986942
149215.85037670753,7186387.285714285,-0.20510839616986942
149215.85037670753,7336100,-0.20510839616986942
0.010382531403370431,177,-0.16936617862979197
0.27647424981762725,149889.7142857143,-0.16936617862979197
0.3724771350320423,299602.4285714286,-0.16936617862979197
0.5050878799198564,449315.14285714284,-0.16936617862979197
0.5050878799198564,599027.8571428572,-0.16936617862979197
0.5440300210096238,748740.5714285715,-0.16936617862979197
0.5440300210096238,898453.2857142857,-0.16936617862979197
0.5440300210096238,1048166,-0.16936617862979197
0.6703652849440835,1197878.7142857143,-0.16936617862979197
0.6703652849440835,1347591.4285714286,-0.16936617862979197
0.6703652849440835,1497304.142857143,-0.16936617862979197
0.6703652849440835,1647016.8571428573,-0.16936617862979197
0.940459462312231,1796729.5714285714,-0.16936617862979197
0.940459462312231,1946442.2857142857,-0.16936617862979197
0.940459462312231,2096155,-0.16936617862979197
0.940459462312231,2245867.7142857146,-0.16936617862979197
0.940459462312231,2395580.4285714286,-0.16936617862979197
1.596888350066566,2545293.1428571427,-0.16936617862979197
149215.85037670753,2695005.8571428573,-0.16936617862979197
149215.85037670753,2844718.5714285714,-0.16936617862979197
149215.85037670753,2994431.285714286,-0.16936617862979197
149215.85037670753,3144144,-0.16936617862979197
149215.85037670753,3293856.7142857146,-0.16936617862979197
149215.85037670753,3443569.4285714286,-0.16936617862979197
149215.85037670753,3593282.1428571427,-0.16936617862979197
149215.85037670753,3742994.8571428573,-0.16936617862979197
149215.85037670753,3892707.5714285714,-0.16936617862979197
149215.85037670753,4042420.285714286,-0.16936617862979197
149215.85037670753,4192133,-0.16936617862979197
149215.85037670753,4341845.714285715,-0.16936617862979197
149215.85037670753,4491558.428571429,-0.16936617862979197
149215.85037670753,4641271.142857143,-0.16936617862979197
149215.85037670753,4790983.857142857,-0.16936617862979197
149215.85037670753,4940696.571428572,-0.16936617862979197
149215.85037670753,5090409.285714285,-0.16936617862979197
149215.85037670753,5240122,-0.16936617862979197
149215.85037670753,5389834.714285715,-0.16936617862979197
149215.85037670753,5539547.428571429,-0.16936617862979197
149215.85037670753,5689260.142857143,-0.16936617862979197
149215.85037670753,5838972.857142857,-0.16936617862979197
149215.85037670753,5988685.571428572,-0.16936617862979197
149215.85037670753,6138398.285714285,-0.16936617862979197
149215.85037670753,6288111,-0.16936617862979197
149215.85037670753,6437823.714285715,-0.16936617862979197
149215.85037670753,6587536.428571429,-0.16936617862979197
149215.85037670753,6737249.142857143,-0.16936617862979197
149215.85037670753,6886961.857142857,-0.16936617862979197
149215.85037670753,7036674.571428572,-0.16936617862979197
149215.85037670753,7186387.285714285,-0.16936617862979197
149215.85037670753,7336100,-0.16936617862979197
0.010382531403370431,177,-0.13362396108971453
0.27647424981762725,149889.7142857143,-0.13362396108971453
0.3724771350320423,299602.4285714286,-0.13362396108971453
0.5050878799198564,449315.14285714284,-0.13362396108971453
0.5050878799198564,599027.8571428572,-0.13362396108971453
0.5440300210096238,748740.5714285715,-0.13362396108971453
0.5440300210096238,898453.2857142857,-0.13362396108971453
0.5440300210096238,1048166,-0.13362396108971453
0.6703652849440835,1197878.7142857143,-0.13362396108971453
0.6703652849440835,1347591.4285714286,-0.13362396108971453
0.6703652849440835,1497304.142857143,-0.13362396108971453
0.6703652849440835,1647016.8571428573,-0.13362396108971453
0.940459462312231,1796729.5714285714,-0.13362396108971453
0.940459462312231,1946442.2857142857,-0.13362396108971453
0.940459462312231,2096155,-0.13362396108971453
0.940459462312231,2245867.7142857146,-0.13362396108971453
0.940459462312231,2395580.4285714286,-0.13362396108971453
1.596888350066566,2545293.1428571427,-0.13362396108971453
149215.85037670753,2695005.8571428573,-0.13362396108971453
149215.85037670753,2844718.5714285714,-0.13362396108971453
149215.85037670753,2994431.285714286,-0.13362396108971453
149215.85037670753,3144144,-0.13362396108971453
149215.85037670753,3293856.7142857146,-0.13362396108971453
149215.85037670753,3443569.4285714286,-0.13362396108971453
149215.85037670753,3593282.1428571427,-0.13362396108971453
149215.85037670753,3742994.8571428573,-0.13362396108971453
149215.85037670753,3892707.5714285714,-0.13362396108971453
149215.85037670753,4042420.285714286,-0.13362396108971453
149215.85037670753,4192133,-0.13362396108971453
149215.85037670753,4341845.714285715,-0.13362396108971453
149215.85037670753,4491558.428571429,-0.13362396108971453
149215.85037670753,4641271.142857143,-0.13362396108971453
149215.85037670753,4790983.857142857,-0.13362396108971453
149215.85037670753,4940696.571428572,-0.13362396108971453
149215.85037670753,5090409.285714285,-0.13362396108971453
149215.85037670753,5240122,-0.13362396108971453
149215.85037670753,5389834.714285715,-0.13362396108971453
149215.85037670753,5539547.428571429,-0.13362396108971453
149215.85037670753,5689260.142857143,-0.13362396108971453
149215.85037670753,5838972.857142857,-0.13362396108971453
149215.85037670753,5988685.571428572,-0.13362396108971453
149215.85037670753,6138398.285714285,-0.13362396108971453
149215.85037670753,6288111,-0.13362396108971453
149215.85037670753,6437823.714285715,-0.13362396108971453
149215.85037670753,6587536.428571429,-0.13362396108971453
149215.85037670753,6737249.142857143,-0.13362396108971453
149215.85037670753,6886961.857142857,-0.13362396108971453
149215.85037670753,7036674.571428572,-0.13362396108971453
149215.85037670753,7186387.285714285,-0.13362396108971453
149215.85037670753,7336100,-0.13362396108971453
0.010382531403370431,177,-0.09788174354963708
0.27647424981762725,149889.7142857143,-0.09788174354963708
0.3724771350320423,299602.4285714286,-0.09788174354963708
0.5050878799198564,449315.14285714284,-0.09788174354963708
0.5050878799198564,599027.8571428572,-0.09788174354963708
0.5440300210096238,748740.5714285715,-0.09788174354963708
0.5440300210096238,898453.2857142857,-0.09788174354963708
0.5440300210096238,1048166,-0.09788174354963708
0.6703652849440835,1197878.7142857143,-0.09788174354963708
0.6703652849440835,1347591.4285714286,-0.09788174354963708
0.6703652849440835,1497304.142857143,-0.09788174354963708
0.6703652849440835,1647016.8571428573,-0.09788174354963708
0.940459462312231,1796729.5714285714,-0.09788174354963708
0.940459462312231,1946442.2857142857,-0.09788174354963708
0.940459462312231,2096155,-0.09788174354963708
0.940459462312231,2245867.7142857146,-0.09788174354963708
0.940459462312231,2395580.4285714286,-0.09788174354963708
1.596888350066566,2545293.1428571427,-0.09788174354963708
149215.85037670753,2695005.8571428573,-0.09788174354963708
149215.85037670753,2844718.5714285714,-0.09788174354963708
149215.85037670753,2994431.285714286,-0.09788174354963708
149215.85037670753,3144144,-0.09788174354963708
149215.85037670753,3293856.7142857146,-0.09788174354963708
149215.85037670753,3443569.4285714286,-0.09788174354963708
149215.85037670753,3593282.1428571427,-0.09788174354963708
149215.85037670753,3742994.8571428573,-0.09788174354963708
149215.85037670753,3892707.5714285714,-0.09788174354963708
149215.85037670753,4042420.285714286,-0.09788174354963708
149215.85037670753,4192133,-0.09788174354963708
149215.85037670753,4341845.714285715,-0.09788174354963708
149215.85037670753,4491558.428571429,-0.09788174354963708
149215.85037670753,4641271.142857143,-0.09788174354963708
149215.85037670753,4790983.857142857,-0.09788174354963708
149215.85037670753,4940696.571428572,-0.09788174354963708
149215.85037670753,5090409.285714285,-0.09788174354963708
149215.85037670753,5240122,-0.09788174354963708
149215.85037670753,5389834.714285715,-0.09788174354963708
149215.85037670753,5539547.428571429,-0.09788174354963708
149215.85037670753,5689260.142857143,-0.09788174354963708
149215.85037670753,5838972.857142857,-0.09788174354963708
149215.85037670753,5988685.571428572,-0.09788174354963708
149215.85037670753,6138398.285714285,-0.09788174354963708
149215.85037670753,6288111,-0.09788174354963708
149215.85037670753,6437823.714285715,-0.09788174354963708
149215.85037670753,6587536.428571429,-0.09788174354963708
149215.85037670753,6737249.142857143,-0.09788174354963708
149215.85037670753,6886961.857142857,-0.09788174354963708
149215.85037670753,7036674.571428572,-0.09788174354963708
149215.85037670753,7186387.285714285,-0.09788174354963708
149215.85037670753,7336100,-0.09788174354963708
0.010382531403370431,177,-0.0621395260095596
0.27647424981762725,149889.7142857143,-0.0621395260095596
0.3724771350320423,299602.4285714286,-0.0621395260095596
0.5050878799198564,449315.14285714284,-0.0621395260095596
0.5050878799198564,599027.8571428572,-0.0621395260095596
0.5440300210096238,748740.5714285715,-0.0621395260095596
0.5440300210096238,898453.2857142857,-0.0621395260095596
0.5440300210096238,1048166,-0.0621395260095596
0.6703652849440835,1197878.7142857143,-0.0621395260095596
0.6703652849440835,1347591.4285714286,-0.0621395260095596
0.6703652849440835,1497304.142857143,-0.0621395260095596
0.6703652849440835,1647016.8571428573,-0.0621395260095596
0.940459462312231,1796729.5714285714,-0.0621395260095596
0.940459462312231,1946442.2857142857,-0.0621395260095596
0.940459462312231,2096155,-0.0621395260095596
0.940459462312231,2245867.7142857146,-0.0621395260095596
0.940459462312231,2395580.4285714286,-0.0621395260095596
1.596888350066566,2545293.1428571427,-0.0621395260095596
149215.85037670753,2695005.8571428573,-0.0621395260095596
149215.85037670753,2844718.5714285714,-0.0621395260095596
149215.85037670753,2994431.285714286,-0.0621395260095596
149215.85037670753,3144144,-0.0621395260095596
149215.85037670753,3293856.7142857146,-0.0621395260095596
149215.85037670753,3443569.4285714286,-0.0621395260095596
149215.85037670753,3593282.1428571427,-0.0621395260095596
149215.85037670753,3742994.8571428573,-0.0621395260095596
149215.85037670753,3892707.5714285714,-0.0621395260095596
149215.85037670753,4042420.285714286,-0.0621395260095596
149215.85037670753,4192133,-0.0621395260095596
149215.85037670753,4341845.714285715,-0.0621395260095596
149215.85037670753,4491558.428571429,-0.0621395260095596
149215.85037670753,4641271.142857143,-0.0621395260095596
149215.85037670753,4790983.857142857,-0.0621395260095596
149215.85037670753,4940696.571428572,-0.0621395260095596
149215.85037670753,5090409.285714285,-0.0621395260095596
149215.85037670753,5240122,-0.0621395260095596
149215.85037670753,5389834.714285715,-0.0621395260095596
149215.85037670753,5539547.428571429,-0.0621395260095596
149215.85037670753,5689260.142857143,-0.0621395260095596
149215.85037670753,5838972.857142857,-0.0621395260095596
149215.85037670753,5988685.571428572,-0.0621395260095596
149215.85037670753,6138398.285714285,-0.0621395260095596
149215.85037670753,6288111,-0.0621395260095596
149215.85037670753,6437823.714285715,-0.0621395260095596
149215.85037670753,6587536.428571429,-0.0621395260095596
149215.85037670753,6737249.142857143,-0.0621395260095596
149215.85037670753,6886961.857142857,-0.0621395260095596
149215.85037670753,7036674.571428572,-0.0621395260095596
149215.85037670753,7186387.285714285,-0.0621395260095596
149215.85037670753,7336100,-0.0621395260095596
