Q,cumulative_landfalling_area,max_IWV_ais
11.949251649692826,153,3.6118316650390634
12.564599528794906,149866.20408163266,3.6118316650390634
12.564599528794906,299579.4081632653,3.6118316650390634
14.473722249466869,449292.612244898,3.6118316650390634
14.473722249466869,599005.8163265307,3.6118316650390634
14.473722249466869,748719.0204081633,3.6118316650390634
14.473722249466869,898432.224489796,3.6118316650390634
14.473722249466869,1048145.4285714286,3.6118316650390634
14.473722249466869,1197858.6326530613,3.6118316650390634
14.473722249466869,1347571.836734694,3.6118316650390634
14.473722249466869,1497285.0408163266,3.6118316650390634
14.473722249466869,1646998.2448979593,3.6118316650390634
14.473722249466869,1796711.448979592,3.6118316650390634
14.473722249466869,1946424.6530612246,3.6118316650390634
14.473722249466869,2096137.8571428573,3.6118316650390634
14.473722249466869,2245851.06122449,3.6118316650390634
14.473722249466869,2395564.2653061226,3.6118316650390634
14.473722249466869,2545277.4693877553,3.6118316650390634
14.473722249466869,2694990.673469388,3.6118316650390634
14.473722249466869,2844703.8775510206,3.6118316650390634
14.473722249466869,2994417.0816326533,3.6118316650390634
14.473722249466869,3144130.285714286,3.6118316650390634
14.473722249466869,3293843.4897959186,3.6118316650390634
14.473722249466869,3443556.6938775512,3.6118316650390634
14.473722249466869,3593269.897959184,3.6118316650390634
14.470850735038987,3742983.1020408166,3.6118316650390634
14.470850735038987,3892696.306122449,3.6118316650390634
14.470850735038987,4042409.510204082,3.6118316650390634
14.470850735038987,4192122.7142857146,3.6118316650390634
14.470850735038987,4341835.918367347,3.6118316650390634
14.470850735038987,4491549.12244898,3.6118316650390634
14.470850735038987,4641262.326530613,3.6118316650390634
14.470850735038987,4790975.530612245,3.6118316650390634
14.470850735038987,4940688.734693877,3.6118316650390634
14.470850735038987,5090401.9387755105,3.6118316650390634
14.470850735038987,5240115.142857144,3.6118316650390634
14.470850735038987,5389828.346938776,3.6118316650390634
14.470850735038987,5539541.551020408,3.6118316650390634
14.470850735038987,5689254.755102041,3.6118316650390634
14.470850735038987,5838967.959183674,3.6118316650390634
14.470850735038987,5988681.1632653065,3.6118316650390634
14.470850735038987,6138394.367346939,3.6118316650390634
14.470850735038987,6288107.571428572,3.6118316650390634
14.470850735038987,6437820.775510205,3.6118316650390634
14.470850735038987,6587533.979591837,3.6118316650390634
14.470850735038987,6737247.183673469,3.6118316650390634
14.470850735038987,6886960.3877551025,3.6118316650390634
14.470850735038987,7036673.591836736,3.6118316650390634
14.470850735038987,7186386.795918368,3.6118316650390634
14.470850735038987,7336100,3.6118316650390634
11.949251649692826,153,4.009729307525013
12.564599528794906,149866.20408163266,4.009729307525013
12.564599528794906,299579.4081632653,4.009729307525013
14.473722249466869,449292.612244898,4.009729307525013
14.473722249466869,599005.8163265307,4.009729307525013
14.473722249466869,748719.0204081633,4.009729307525013
14.473722249466869,898432.224489796,4.009729307525013
14.473722249466869,1048145.4285714286,4.009729307525013
14.473722249466869,1197858.6326530613,4.009729307525013
14.473722249466869,1347571.836734694,4.009729307525013
14.473722249466869,1497285.0408163266,4.009729307525013
14.473722249466869,1646998.2448979593,4.009729307525013
14.473722249466869,1796711.448979592,4.009729307525013
14.473722249466869,1946424.6530612246,4.009729307525013
14.473722249466869,2096137.8571428573,4.009729307525013
14.473722249466869,2245851.06122449,4.009729307525013
14.473722249466869,2395564.2653061226,4.009729307525013
14.473722249466869,2545277.4693877553,4.009729307525013
14.473722249466869,2694990.673469388,4.009729307525013
14.473722249466869,2844703.8775510206,4.009729307525013
14.473722249466869,2994417.0816326533,4.009729307525013
14.473722249466869,3144130.285714286,4.009729307525013
14.473722249466869,3293843.4897959186,4.009729307525013
14.473722249466869,3443556.6938775512,4.009729307525013
14.473722249466869,3593269.897959184,4.009729307525013
14.470850735038987,3742983.1020408166,4.009729307525013
14.470850735038987,3892696.306122449,4.009729307525013
14.470850735038987,4042409.510204082,4.009729307525013
14.470850735038987,4192122.7142857146,4.009729307525013
14.470850735038987,4341835.918367347,4.009729307525013
14.470850735038987,4491549.12244898,4.009729307525013
14.470850735038987,4641262.326530613,4.009729307525013
14.470850735038987,4790975.530612245,4.009729307525013
14.470850735038987,4940688.734693877,4.009729307525013
14.470850735038987,5090401.9387755105,4.009729307525013
14.470850735038987,5240115.142857144,4.009729307525013
14.470850735038987,5389828.346938776,4.009729307525013
14.470850735038987,5539541.551020408,4.009729307525013
14.470850735038987,5689254.755102041,4.009729307525013
14.470850735038987,5838967.959183674,4.009729307525013
14.470850735038987,5988681.1632653065,4.009729307525013
14.470850735038987,6138394.367346939,4.009729307525013
14.470850735038987,6288107.571428572,4.009729307525013
14.470850735038987,6437820.775510205,4.009729307525013
14.470850735038987,6587533.979591837,4.009729307525013
14.470850735038987,6737247.183673469,4.009729307525013
14.470850735038987,6886960.3877551025,4.009729307525013
14.470850735038987,7036673.591836736,4.009729307525013
14.470850735038987,7186386.795918368,4.009729307525013
14.470850735038987,7336100,4.009729307525013
10.856884002854558,153,4.407626950010962
11.416049194493601,149866.20408163266,4.407626950010962
11.416049194493601,299579.4081632653,4.407626950010962
13.138266721269122,449292.612244898,4.407626950010962
13.138266721269122,599005.8163265307,4.407626950010962
13.138266721269122,748719.0204081633,4.407626950010962
13.138266721269122,898432.224489796,4.407626950010962
13.138266721269122,1048145.4285714286,4.407626950010962
13.138266721269122,1197858.6326530613,4.407626950010962
13.138266721269122,1347571.836734694,4.407626950010962
13.138266721269122,1497285.0408163266,4.407626950010962
13.138266721269122,1646998.2448979593,4.407626950010962
13.138266721269122,1796711.448979592,4.407626950010962
13.138266721269122,1946424.6530612246,4.407626950010962
13.138266721269122,2096137.8571428573,4.407626950010962
13.138266721269122,2245851.06122449,4.407626950010962
13.138266721269122,2395564.2653061226,4.407626950010962
13.138266721269122,2545277.4693877553,4.407626950010962
13.138266721269122,2694990.673469388,4.407626950010962
13.138266721269122,2844703.8775510206,4.407626950010962
13.138266721269122,2994417.0816326533,4.407626950010962
13.138266721269122,3144130.285714286,4.407626950010962
13.138266721269122,3293843.4897959186,4.407626950010962
13.138266721269122,3443556.6938775512,4.407626950010962
13.138266721269122,3593269.897959184,4.407626950010962
13.135675256310991,3742983.1020408166,4.407626950010962
13.135675256310991,3892696.306122449,4.407626950010962
13.135675256310991,4042409.510204082,4.407626950010962
13.135675256310991,4192122.7142857146,4.407626950010962
13.135675256310991,4341835.918367347,4.407626950010962
13.135675256310991,4491549.12244898,4.407626950010962
13.135675256310991,4641262.326530613,4.407626950010962
13.135675256310991,4790975.530612245,4.407626950010962
13.135675256310991,4940688.734693877,4.407626950010962
13.135675256310991,5090401.9387755105,4.407626950010962
13.135675256310991,5240115.142857144,4.407626950010962
13.135675256310991,5389828.346938776,4.407626950010962
13.135675256310991,5539541.551020408,4.407626950010962
13.135675256310991,5689254.755102041,4.407626950010962
13.135675256310991,5838967.959183674,4.407626950010962
13.135675256310991,5988681.1632653065,4.407626950010962
13.135675256310991,6138394.367346939,4.407626950010962
13.135675256310991,6288107.571428572,4.407626950010962
13.135675256310991,6437820.775510205,4.407626950010962
13.135675256310991,6587533.979591837,4.407626950010962
13.135675256310991,6737247.183673469,4.407626950010962
13.135675256310991,6886960.3877551025,4.407626950010962
13.135675256310991,7036673.591836736,4.407626950010962
13.135675256310991,7186386.795918368,4.407626950010962
13.135675256310991,7336100,4.407626950010962
10.856884002854558,153,4.805524592496912
11.416049194493601,149866.20408163266,4.805524592496912
11.416049194493601,299579.4081632653,4.805524592496912
13.138266721269122,449292.612244898,4.805524592496912
13.138266721269122,599005.8163265307,4.805524592496912
13.138266721269122,748719.0204081633,4.805524592496912
13.138266721269122,898432.224489796,4.805524592496912
13.138266721269122,1048145.4285714286,4.805524592496912
13.138266721269122,1197858.6326530613,4.805524592496912
13.138266721269122,1347571.836734694,4.805524592496912
13.138266721269122,1497285.0408163266,4.805524592496912
13.138266721269122,1646998.2448979593,4.805524592496912
13.138266721269122,1796711.448979592,4.805524592496912
13.138266721269122,1946424.6530612246,4.805524592496912
13.138266721269122,2096137.8571428573,4.805524592496912
13.138266721269122,2245851.06122449,4.805524592496912
13.138266721269122,2395564.2653061226,4.805524592496912
13.138266721269122,2545277.4693877553,4.805524592496912
13.138266721269122,2694990.673469388,4.805524592496912
13.138266721269122,2844703.8775510206,4.805524592496912
13.138266721269122,2994417.0816326533,4.805524592496912
13.138266721269122,3144130.285714286,4.805524592496912
13.138266721269122,3293843.4897959186,4.805524592496912
13.138266721269122,3443556.6938775512,4.805524592496912
13.138266721269122,3593269.897959184,4.805524592496912
13.135675256310991,3742983.1020408166,4.805524592496912
13.135675256310991,3892696.306122449,4.805524592496912
13.135675256310991,4042409.510204082,4.805524592496912
13.135675256310991,4192122.7142857146,4.805524592496912
13.135675256310991,4341835.918367347,4.805524592496912
13.135675256310991,4491549.12244898,4.805524592496912
13.135675256310991,4641262.326530613,4.805524592496912
13.135675256310991,4790975.530612245,4.805524592496912
13.135675256310991,4940688.734693877,4.805524592496912
13.135675256310991,5090401.9387755105,4.805524592496912
13.135675256310991,5240115.142857144,4.805524592496912
13.135675256310991,5389828.346938776,4.805524592496912
13.135675256310991,5539541.551020408,4.805524592496912
13.135675256310991,5689254.755102041,4.805524592496912
13.135675256310991,5838967.959183674,4.805524592496912
13.135675256310991,5988681.1632653065,4.805524592496912
13.135675256310991,6138394.367346939,4.805524592496912
13.135675256310991,6288107.571428572,4.805524592496912
13.135675256310991,6437820.775510205,4.805524592496912
13.135675256310991,6587533.979591837,4.805524592496912
13.135675256310991,6737247.183673469,4.805524592496912
13.135675256310991,6886960.3877551025,4.805524592496912
13.135675256310991,7036673.591836736,4.805524592496912
13.135675256310991,7186386.795918368,4.805524592496912
13.135675256310991,7336100,4.805524592496912
10.856884002854558,153,5.203422234982861
11.416049194493601,149866.20408163266,5.203422234982861
11.416049194493601,299579.4081632653,5.203422234982861
13.138266721269122,449292.612244898,5.203422234982861
13.138266721269122,599005.8163265307,5.203422234982861
13.138266721269122,748719.0204081633,5.203422234982861
13.138266721269122,898432.224489796,5.203422234982861
13.138266721269122,1048145.4285714286,5.203422234982861
13.138266721269122,1197858.6326530613,5.203422234982861
13.138266721269122,1347571.836734694,5.203422234982861
13.138266721269122,1497285.0408163266,5.203422234982861
13.138266721269122,1646998.2448979593,5.203422234982861
13.138266721269122,1796711.448979592,5.203422234982861
13.138266721269122,1946424.6530612246,5.203422234982861
13.138266721269122,2096137.8571428573,5.203422234982861
13.138266721269122,2245851.06122449,5.203422234982861
13.138266721269122,2395564.2653061226,5.203422234982861
13.138266721269122,2545277.4693877553,5.203422234982861
13.138266721269122,2694990.673469388,5.203422234982861
13.138266721269122,2844703.8775510206,5.203422234982861
13.138266721269122,2994417.0816326533,5.203422234982861
13.138266721269122,3144130.285714286,5.203422234982861
13.138266721269122,3293843.4897959186,5.203422234982861
13.138266721269122,3443556.6938775512,5.203422234982861
13.138266721269122,3593269.897959184,5.203422234982861
13.135675256310991,3742983.1020408166,5.203422234982861
13.135675256310991,3892696.306122449,5.203422234982861
13.135675256310991,4042409.510204082,5.203422234982861
13.135675256310991,4192122.7142857146,5.203422234982861
13.135675256310991,4341835.918367347,5.203422234982861
13.135675256310991,4491549.12244898,5.203422234982861
13.135675256310991,4641262.326530613,5.203422234982861
13.135675256310991,4790975.530612245,5.203422234982861
13.135675256310991,4940688.734693877,5.203422234982861
13.135675256310991,5090401.9387755105,5.203422234982861
13.135675256310991,5240115.142857144,5.203422234982861
13.135675256310991,5389828.346938776,5.203422234982861
13.135675256310991,5539541.551020408,5.203422234982861
13.135675256310991,5689254.755102041,5.203422234982861
13.135675256310991,5838967.959183674,5.203422234982861
13.135675256310991,5988681.1632653065,5.203422234982861
13.135675256310991,6138394.367346939,5.203422234982861
13.135675256310991,6288107.571428572,5.203422234982861
13.135675256310991,6437820.775510205,5.203422234982861
13.135675256310991,6587533.979591837,5.203422234982861
13.135675256310991,6737247.183673469,5.203422234982861
13.135675256310991,6886960.3877551025,5.203422234982861
13.135675256310991,7036673.591836736,5.203422234982861
13.135675256310991,7186386.795918368,5.203422234982861
13.135675256310991,7336100,5.203422234982861
10.856884002854558,153,5.601319877468811
11.416049194493601,149866.20408163266,5.601319877468811
11.416049194493601,299579.4081632653,5.601319877468811
13.138266721269122,449292.612244898,5.601319877468811
13.138266721269122,599005.8163265307,5.601319877468811
13.138266721269122,748719.0204081633,5.601319877468811
13.138266721269122,898432.224489796,5.601319877468811
13.138266721269122,1048145.4285714286,5.601319877468811
13.138266721269122,1197858.6326530613,5.601319877468811
13.138266721269122,1347571.836734694,5.601319877468811
13.138266721269122,1497285.0408163266,5.601319877468811
13.138266721269122,1646998.2448979593,5.601319877468811
13.138266721269122,1796711.448979592,5.601319877468811
13.138266721269122,1946424.6530612246,5.601319877468811
13.138266721269122,2096137.8571428573,5.601319877468811
13.138266721269122,2245851.06122449,5.601319877468811
13.138266721269122,2395564.2653061226,5.601319877468811
13.138266721269122,2545277.4693877553,5.601319877468811
13.138266721269122,2694990.673469388,5.601319877468811
13.138266721269122,2844703.8775510206,5.601319877468811
13.138266721269122,2994417.0816326533,5.601319877468811
13.138266721269122,3144130.285714286,5.601319877468811
13.138266721269122,3293843.4897959186,5.601319877468811
13.138266721269122,3443556.6938775512,5.601319877468811
13.138266721269122,3593269.897959184,5.601319877468811
13.135675256310991,3742983.1020408166,5.601319877468811
13.135675256310991,3892696.306122449,5.601319877468811
13.135675256310991,4042409.510204082,5.601319877468811
13.135675256310991,4192122.7142857146,5.601319877468811
13.135675256310991,4341835.918367347,5.601319877468811
13.135675256310991,4491549.12244898,5.601319877468811
13.135675256310991,4641262.326530613,5.601319877468811
13.135675256310991,4790975.530612245,5.601319877468811
13.135675256310991,4940688.734693877,5.601319877468811
13.135675256310991,5090401.9387755105,5.601319877468811
13.135675256310991,5240115.142857144,5.601319877468811
13.135675256310991,5389828.346938776,5.601319877468811
13.135675256310991,5539541.551020408,5.601319877468811
13.135675256310991,5689254.755102041,5.601319877468811
13.135675256310991,5838967.959183674,5.601319877468811
13.135675256310991,5988681.1632653065,5.601319877468811
13.135675256310991,6138394.367346939,5.601319877468811
13.135675256310991,6288107.571428572,5.601319877468811
13.135675256310991,6437820.775510205,5.601319877468811
13.135675256310991,6587533.979591837,5.601319877468811
13.135675256310991,6737247.183673469,5.601319877468811
13.135675256310991,6886960.3877551025,5.601319877468811
13.135675256310991,7036673.591836736,5.601319877468811
13.135675256310991,7186386.795918368,5.601319877468811
13.135675256310991,7336100,5.601319877468811
10.856884002854558,153,5.99921751995476
11.416049194493601,149866.20408163266,5.99921751995476
11.416049194493601,299579.4081632653,5.99921751995476
13.138266721269122,449292.612244898,5.99921751995476
13.138266721269122,599005.8163265307,5.99921751995476
13.138266721269122,748719.0204081633,5.99921751995476
13.138266721269122,898432.224489796,5.99921751995476
13.138266721269122,1048145.4285714286,5.99921751995476
13.138266721269122,1197858.6326530613,5.99921751995476
13.138266721269122,1347571.836734694,5.99921751995476
13.138266721269122,1497285.0408163266,5.99921751995476
13.138266721269122,1646998.2448979593,5.99921751995476
13.138266721269122,1796711.448979592,5.99921751995476
13.138266721269122,1946424.6530612246,5.99921751995476
13.138266721269122,2096137.8571428573,5.99921751995476
13.138266721269122,2245851.06122449,5.99921751995476
13.138266721269122,2395564.2653061226,5.99921751995476
13.138266721269122,2545277.4693877553,5.99921751995476
13.138266721269122,2694990.673469388,5.99921751995476
13.138266721269122,2844703.8775510206,5.99921751995476
13.138266721269122,2994417.0816326533,5.99921751995476
13.138266721269122,3144130.285714286,5.99921751995476
13.138266721269122,3293843.4897959186,5.99921751995476
13.138266721269122,3443556.6938775512,5.99921751995476
13.138266721269122,3593269.897959184,5.99921751995476
13.135675256310991,3742983.1020408166,5.99921751995476
13.135675256310991,3892696.306122449,5.99921751995476
13.135675256310991,4042409.510204082,5.99921751995476
13.135675256310991,4192122.7142857146,5.99921751995476
13.135675256310991,4341835.918367347,5.99921751995476
13.135675256310991,4491549.12244898,5.99921751995476
13.135675256310991,4641262.326530613,5.99921751995476
13.135675256310991,4790975.530612245,5.99921751995476
13.135675256310991,4940688.734693877,5.99921751995476
13.135675256310991,5090401.9387755105,5.99921751995476
13.135675256310991,5240115.142857144,5.99921751995476
13.135675256310991,5389828.346938776,5.99921751995476
13.135675256310991,5539541.551020408,5.99921751995476
13.135675256310991,5689254.755102041,5.99921751995476
13.135675256310991,5838967.959183674,5.99921751995476
13.135675256310991,5988681.1632653065,5.99921751995476
13.135675256310991,6138394.367346939,5.99921751995476
13.135675256310991,6288107.571428572,5.99921751995476
13.135675256310991,6437820.775510205,5.99921751995476
13.135675256310991,6587533.979591837,5.99921751995476
13.135675256310991,6737247.183673469,5.99921751995476
13.135675256310991,6886960.3877551025,5.99921751995476
13.135675256310991,7036673.591836736,5.99921751995476
13.135675256310991,7186386.795918368,5.99921751995476
13.135675256310991,7336100,5.99921751995476
10.856884002854558,153,6.397115162440709
11.416049194493601,149866.20408163266,6.397115162440709
11.416049194493601,299579.4081632653,6.397115162440709
13.138266721269122,449292.612244898,6.397115162440709
13.138266721269122,599005.8163265307,6.397115162440709
13.138266721269122,748719.0204081633,6.397115162440709
13.138266721269122,898432.224489796,6.397115162440709
13.138266721269122,1048145.4285714286,6.397115162440709
13.138266721269122,1197858.6326530613,6.397115162440709
13.138266721269122,1347571.836734694,6.397115162440709
13.138266721269122,1497285.0408163266,6.397115162440709
13.138266721269122,1646998.2448979593,6.397115162440709
13.138266721269122,1796711.448979592,6.397115162440709
13.138266721269122,1946424.6530612246,6.397115162440709
13.138266721269122,2096137.8571428573,6.397115162440709
13.138266721269122,2245851.06122449,6.397115162440709
13.138266721269122,2395564.2653061226,6.397115162440709
13.138266721269122,2545277.4693877553,6.397115162440709
13.138266721269122,2694990.673469388,6.397115162440709
13.138266721269122,2844703.8775510206,6.397115162440709
13.138266721269122,2994417.0816326533,6.397115162440709
13.138266721269122,3144130.285714286,6.397115162440709
13.138266721269122,3293843.4897959186,6.397115162440709
13.138266721269122,3443556.6938775512,6.397115162440709
13.138266721269122,3593269.897959184,6.397115162440709
13.135675256310991,3742983.1020408166,6.397115162440709
13.135675256310991,3892696.306122449,6.397115162440709
13.135675256310991,4042409.510204082,6.397115162440709
13.135675256310991,4192122.7142857146,6.397115162440709
13.135675256310991,4341835.918367347,6.397115162440709
13.135675256310991,4491549.12244898,6.397115162440709
13.135675256310991,4641262.326530613,6.397115162440709
13.135675256310991,4790975.530612245,6.397115162440709
13.135675256310991,4940688.734693877,6.397115162440709
13.135675256310991,5090401.9387755105,6.397115162440709
13.135675256310991,5240115.142857144,6.397115162440709
13.135675256310991,5389828.346938776,6.397115162440709
13.135675256310991,5539541.551020408,6.397115162440709
13.135675256310991,5689254.755102041,6.397115162440709
13.135675256310991,5838967.959183674,6.397115162440709
13.135675256310991,5988681.1632653065,6.397115162440709
13.135675256310991,6138394.367346939,6.397115162440709
13.135675256310991,6288107.571428572,6.397115162440709
13.135675256310991,6437820.775510205,6.397115162440709
13.135675256310991,6587533.979591837,6.397115162440709
13.135675256310991,6737247.183673469,6.397115162440709
13.135675256310991,6886960.3877551025,6.397115162440709
13.135675256310991,7036673.591836736,6.397115162440709
13.135675256310991,7186386.795918368,6.397115162440709
13.135675256310991,7336100,6.397115162440709
10.856884002854558,153,6.7950128049266585
11.416049194493601,149866.20408163266,6.7950128049266585
11.416049194493601,299579.4081632653,6.7950128049266585
13.138266721269122,449292.612244898,6.7950128049266585
13.138266721269122,599005.8163265307,6.7950128049266585
13.138266721269122,748719.0204081633,6.7950128049266585
13.138266721269122,898432.224489796,6.7950128049266585
13.138266721269122,1048145.4285714286,6.7950128049266585
13.138266721269122,1197858.6326530613,6.7950128049266585
13.138266721269122,1347571.836734694,6.7950128049266585
13.138266721269122,1497285.0408163266,6.7950128049266585
13.138266721269122,1646998.2448979593,6.7950128049266585
13.138266721269122,1796711.448979592,6.7950128049266585
13.138266721269122,1946424.6530612246,6.7950128049266585
13.138266721269122,2096137.8571428573,6.7950128049266585
13.138266721269122,2245851.06122449,6.7950128049266585
13.138266721269122,2395564.2653061226,6.7950128049266585
13.138266721269122,2545277.4693877553,6.7950128049266585
13.138266721269122,2694990.673469388,6.7950128049266585
13.138266721269122,2844703.8775510206,6.7950128049266585
13.138266721269122,2994417.0816326533,6.7950128049266585
13.138266721269122,3144130.285714286,6.7950128049266585
13.138266721269122,3293843.4897959186,6.7950128049266585
13.138266721269122,3443556.6938775512,6.7950128049266585
13.138266721269122,3593269.897959184,6.7950128049266585
13.135675256310991,3742983.1020408166,6.7950128049266585
13.135675256310991,3892696.306122449,6.7950128049266585
13.135675256310991,4042409.510204082,6.7950128049266585
13.135675256310991,4192122.7142857146,6.7950128049266585
13.135675256310991,4341835.918367347,6.7950128049266585
13.135675256310991,4491549.12244898,6.7950128049266585
13.135675256310991,4641262.326530613,6.7950128049266585
13.135675256310991,4790975.530612245,6.7950128049266585
13.135675256310991,4940688.734693877,6.7950128049266585
13.135675256310991,5090401.9387755105,6.7950128049266585
13.135675256310991,5240115.142857144,6.7950128049266585
13.135675256310991,5389828.346938776,6.7950128049266585
13.135675256310991,5539541.551020408,6.7950128049266585
13.135675256310991,5689254.755102041,6.7950128049266585
13.135675256310991,5838967.959183674,6.7950128049266585
13.135675256310991,5988681.1632653065,6.7950128049266585
13.135675256310991,6138394.367346939,6.7950128049266585
13.135675256310991,6288107.571428572,6.7950128049266585
13.135675256310991,6437820.775510205,6.7950128049266585
13.135675256310991,6587533.979591837,6.7950128049266585
13.135675256310991,6737247.183673469,6.7950128049266585
13.135675256310991,6886960.3877551025,6.7950128049266585
13.135675256310991,7036673.591836736,6.7950128049266585
13.135675256310991,7186386.795918368,6.7950128049266585
13.135675256310991,7336100,6.7950128049266585
10.856884002854558,153,7.192910447412608
11.416049194493601,149866.20408163266,7.192910447412608
11.416049194493601,299579.4081632653,7.192910447412608
13.138266721269122,449292.612244898,7.192910447412608
13.138266721269122,599005.8163265307,7.192910447412608
13.138266721269122,748719.0204081633,7.192910447412608
13.138266721269122,898432.224489796,7.192910447412608
13.138266721269122,1048145.4285714286,7.192910447412608
13.138266721269122,1197858.6326530613,7.192910447412608
13.138266721269122,1347571.836734694,7.192910447412608
13.138266721269122,1497285.0408163266,7.192910447412608
13.138266721269122,1646998.2448979593,7.192910447412608
13.138266721269122,1796711.448979592,7.192910447412608
13.138266721269122,1946424.6530612246,7.192910447412608
13.138266721269122,2096137.8571428573,7.192910447412608
13.138266721269122,2245851.06122449,7.192910447412608
13.138266721269122,2395564.2653061226,7.192910447412608
13.138266721269122,2545277.4693877553,7.192910447412608
13.138266721269122,2694990.673469388,7.192910447412608
13.138266721269122,2844703.8775510206,7.192910447412608
13.138266721269122,2994417.0816326533,7.192910447412608
13.138266721269122,3144130.285714286,7.192910447412608
13.138266721269122,3293843.4897959186,7.192910447412608
13.138266721269122,3443556.6938775512,7.192910447412608
13.138266721269122,3593269.897959184,7.192910447412608
13.135675256310991,3742983.1020408166,7.192910447412608
13.135675256310991,3892696.306122449,7.192910447412608
13.135675256310991,4042409.510204082,7.192910447412608
13.135675256310991,4192122.7142857146,7.192910447412608
13.135675256310991,4341835.918367347,7.192910447412608
13.135675256310991,4491549.12244898,7.192910447412608
13.135675256310991,4641262.326530613,7.192910447412608
13.135675256310991,4790975.530612245,7.192910447412608
13.135675256310991,4940688.734693877,7.192910447412608
13.135675256310991,5090401.9387755105,7.192910447412608
13.135675256310991,5240115.142857144,7.192910447412608
13.135675256310991,5389828.346938776,7.192910447412608
13.135675256310991,5539541.551020408,7.192910447412608
13.135675256310991,5689254.755102041,7.192910447412608
13.135675256310991,5838967.959183674,7.192910447412608
13.135675256310991,5988681.1632653065,7.192910447412608
13.135675256310991,6138394.367346939,7.192910447412608
13.135675256310991,6288107.571428572,7.192910447412608
13.135675256310991,6437820.775510205,7.192910447412608
13.135675256310991,6587533.979591837,7.192910447412608
13.135675256310991,6737247.183673469,7.192910447412608
13.135675256310991,6886960.3877551025,7.192910447412608
13.135675256310991,7036673.591836736,7.192910447412608
13.135675256310991,7186386.795918368,7.192910447412608
13.135675256310991,7336100,7.192910447412608
10.856884002854558,153,7.590808089898557
11.416049194493601,149866.20408163266,7.590808089898557
11.416049194493601,299579.4081632653,7.590808089898557
13.138266721269122,449292.612244898,7.590808089898557
13.138266721269122,599005.8163265307,7.590808089898557
13.138266721269122,748719.0204081633,7.590808089898557
13.138266721269122,898432.224489796,7.590808089898557
13.138266721269122,1048145.4285714286,7.590808089898557
13.138266721269122,1197858.6326530613,7.590808089898557
13.138266721269122,1347571.836734694,7.590808089898557
13.138266721269122,1497285.0408163266,7.590808089898557
13.138266721269122,1646998.2448979593,7.590808089898557
13.138266721269122,1796711.448979592,7.590808089898557
13.138266721269122,1946424.6530612246,7.590808089898557
13.138266721269122,2096137.8571428573,7.590808089898557
13.138266721269122,2245851.06122449,7.590808089898557
13.138266721269122,2395564.2653061226,7.590808089898557
13.138266721269122,2545277.4693877553,7.590808089898557
13.138266721269122,2694990.673469388,7.590808089898557
13.138266721269122,2844703.8775510206,7.590808089898557
13.138266721269122,2994417.0816326533,7.590808089898557
13.138266721269122,3144130.285714286,7.590808089898557
13.138266721269122,3293843.4897959186,7.590808089898557
13.138266721269122,3443556.6938775512,7.590808089898557
13.138266721269122,3593269.897959184,7.590808089898557
13.135675256310991,3742983.1020408166,7.590808089898557
13.135675256310991,3892696.306122449,7.590808089898557
13.135675256310991,4042409.510204082,7.590808089898557
13.135675256310991,4192122.7142857146,7.590808089898557
13.135675256310991,4341835.918367347,7.590808089898557
13.135675256310991,4491549.12244898,7.590808089898557
13.135675256310991,4641262.326530613,7.590808089898557
13.135675256310991,4790975.530612245,7.590808089898557
13.135675256310991,4940688.734693877,7.590808089898557
13.135675256310991,5090401.9387755105,7.590808089898557
13.135675256310991,5240115.142857144,7.590808089898557
13.135675256310991,5389828.346938776,7.590808089898557
13.135675256310991,5539541.551020408,7.590808089898557
13.135675256310991,5689254.755102041,7.590808089898557
13.135675256310991,5838967.959183674,7.590808089898557
13.135675256310991,5988681.1632653065,7.590808089898557
13.135675256310991,6138394.367346939,7.590808089898557
13.135675256310991,6288107.571428572,7.590808089898557
13.135675256310991,6437820.775510205,7.590808089898557
13.135675256310991,6587533.979591837,7.590808089898557
13.135675256310991,6737247.183673469,7.590808089898557
13.135675256310991,6886960.3877551025,7.590808089898557
13.135675256310991,7036673.591836736,7.590808089898557
13.135675256310991,7186386.795918368,7.590808089898557
13.135675256310991,7336100,7.590808089898557
10.856884002854558,153,7.988705732384506
11.416049194493601,149866.20408163266,7.988705732384506
11.416049194493601,299579.4081632653,7.988705732384506
13.138266721269122,449292.612244898,7.988705732384506
13.138266721269122,599005.8163265307,7.988705732384506
13.138266721269122,748719.0204081633,7.988705732384506
13.138266721269122,898432.224489796,7.988705732384506
13.138266721269122,1048145.4285714286,7.988705732384506
13.138266721269122,1197858.6326530613,7.988705732384506
13.138266721269122,1347571.836734694,7.988705732384506
13.138266721269122,1497285.0408163266,7.988705732384506
13.138266721269122,1646998.2448979593,7.988705732384506
13.138266721269122,1796711.448979592,7.988705732384506
13.138266721269122,1946424.6530612246,7.988705732384506
13.138266721269122,2096137.8571428573,7.988705732384506
13.138266721269122,2245851.06122449,7.988705732384506
13.138266721269122,2395564.2653061226,7.988705732384506
13.138266721269122,2545277.4693877553,7.988705732384506
13.138266721269122,2694990.673469388,7.988705732384506
13.138266721269122,2844703.8775510206,7.988705732384506
13.138266721269122,2994417.0816326533,7.988705732384506
13.138266721269122,3144130.285714286,7.988705732384506
13.138266721269122,3293843.4897959186,7.988705732384506
13.138266721269122,3443556.6938775512,7.988705732384506
13.138266721269122,3593269.897959184,7.988705732384506
13.135675256310991,3742983.1020408166,7.988705732384506
13.135675256310991,3892696.306122449,7.988705732384506
13.135675256310991,4042409.510204082,7.988705732384506
13.135675256310991,4192122.7142857146,7.988705732384506
13.135675256310991,4341835.918367347,7.988705732384506
13.135675256310991,4491549.12244898,7.988705732384506
13.135675256310991,4641262.326530613,7.988705732384506
13.135675256310991,4790975.530612245,7.988705732384506
13.135675256310991,4940688.734693877,7.988705732384506
13.135675256310991,5090401.9387755105,7.988705732384506
13.135675256310991,5240115.142857144,7.988705732384506
13.135675256310991,5389828.346938776,7.988705732384506
13.135675256310991,5539541.551020408,7.988705732384506
13.135675256310991,5689254.755102041,7.988705732384506
13.135675256310991,5838967.959183674,7.988705732384506
13.135675256310991,5988681.1632653065,7.988705732384506
13.135675256310991,6138394.367346939,7.988705732384506
13.135675256310991,6288107.571428572,7.988705732384506
13.135675256310991,6437820.775510205,7.988705732384506
13.135675256310991,6587533.979591837,7.988705732384506
13.135675256310991,6737247.183673469,7.988705732384506
13.135675256310991,6886960.3877551025,7.988705732384506
13.135675256310991,7036673.591836736,7.988705732384506
13.135675256310991,7186386.795918368,7.988705732384506
13.135675256310991,7336100,7.988705732384506
10.923465793484452,153,8.386603374870457
11.486122561299217,149866.20408163266,8.386603374870457
11.486122561299217,299579.4081632653,8.386603374870457
13.208367326479035,449292.612244898,8.386603374870457
13.208367326479035,599005.8163265307,8.386603374870457
13.208367326479035,748719.0204081633,8.386603374870457
13.208367326479035,898432.224489796,8.386603374870457
13.208367326479035,1048145.4285714286,8.386603374870457
13.208367326479035,1197858.6326530613,8.386603374870457
13.208367326479035,1347571.836734694,8.386603374870457
13.208367326479035,1497285.0408163266,8.386603374870457
13.208367326479035,1646998.2448979593,8.386603374870457
13.208367326479035,1796711.448979592,8.386603374870457
13.208367326479035,1946424.6530612246,8.386603374870457
13.208367326479035,2096137.8571428573,8.386603374870457
13.208367326479035,2245851.06122449,8.386603374870457
13.208367326479035,2395564.2653061226,8.386603374870457
13.208367326479035,2545277.4693877553,8.386603374870457
13.208367326479035,2694990.673469388,8.386603374870457
13.208367326479035,2844703.8775510206,8.386603374870457
13.208367326479035,2994417.0816326533,8.386603374870457
13.208367326479035,3144130.285714286,8.386603374870457
13.208367326479035,3293843.4897959186,8.386603374870457
13.208367326479035,3443556.6938775512,8.386603374870457
13.208367326479035,3593269.897959184,8.386603374870457
13.205774313852832,3742983.1020408166,8.386603374870457
13.205774313852832,3892696.306122449,8.386603374870457
13.205774313852832,4042409.510204082,8.386603374870457
13.205774313852832,4192122.7142857146,8.386603374870457
13.205774313852832,4341835.918367347,8.386603374870457
13.205774313852832,4491549.12244898,8.386603374870457
13.205774313852832,4641262.326530613,8.386603374870457
13.205774313852832,4790975.530612245,8.386603374870457
13.205774313852832,4940688.734693877,8.386603374870457
13.205774313852832,5090401.9387755105,8.386603374870457
13.205774313852832,5240115.142857144,8.386603374870457
13.205774313852832,5389828.346938776,8.386603374870457
13.205774313852832,5539541.551020408,8.386603374870457
13.205774313852832,5689254.755102041,8.386603374870457
13.205774313852832,5838967.959183674,8.386603374870457
13.205774313852832,5988681.1632653065,8.386603374870457
13.205774313852832,6138394.367346939,8.386603374870457
13.205774313852832,6288107.571428572,8.386603374870457
13.205774313852832,6437820.775510205,8.386603374870457
13.205774313852832,6587533.979591837,8.386603374870457
13.205774313852832,6737247.183673469,8.386603374870457
13.205774313852832,6886960.3877551025,8.386603374870457
13.205774313852832,7036673.591836736,8.386603374870457
13.205774313852832,7186386.795918368,8.386603374870457
13.205774313852832,7336100,8.386603374870457
10.923465793484452,153,8.784501017356405
11.486122561299217,149866.20408163266,8.784501017356405
11.486122561299217,299579.4081632653,8.784501017356405
13.208367326479035,449292.612244898,8.784501017356405
13.208367326479035,599005.8163265307,8.784501017356405
13.208367326479035,748719.0204081633,8.784501017356405
13.208367326479035,898432.224489796,8.784501017356405
13.208367326479035,1048145.4285714286,8.784501017356405
13.208367326479035,1197858.6326530613,8.784501017356405
13.208367326479035,1347571.836734694,8.784501017356405
13.208367326479035,1497285.0408163266,8.784501017356405
13.208367326479035,1646998.2448979593,8.784501017356405
13.208367326479035,1796711.448979592,8.784501017356405
13.208367326479035,1946424.6530612246,8.784501017356405
13.208367326479035,2096137.8571428573,8.784501017356405
13.208367326479035,2245851.06122449,8.784501017356405
13.208367326479035,2395564.2653061226,8.784501017356405
13.208367326479035,2545277.4693877553,8.784501017356405
13.208367326479035,2694990.673469388,8.784501017356405
13.208367326479035,2844703.8775510206,8.784501017356405
13.208367326479035,2994417.0816326533,8.784501017356405
13.208367326479035,3144130.285714286,8.784501017356405
13.208367326479035,3293843.4897959186,8.784501017356405
13.208367326479035,3443556.6938775512,8.784501017356405
13.208367326479035,3593269.897959184,8.784501017356405
13.205774313852832,3742983.1020408166,8.784501017356405
13.205774313852832,3892696.306122449,8.784501017356405
13.205774313852832,4042409.510204082,8.784501017356405
13.205774313852832,4192122.7142857146,8.784501017356405
13.205774313852832,4341835.918367347,8.784501017356405
13.205774313852832,4491549.12244898,8.784501017356405
13.205774313852832,4641262.326530613,8.784501017356405
13.205774313852832,4790975.530612245,8.784501017356405
13.205774313852832,4940688.734693877,8.784501017356405
13.205774313852832,5090401.9387755105,8.784501017356405
13.205774313852832,5240115.142857144,8.784501017356405
13.205774313852832,5389828.346938776,8.784501017356405
13.205774313852832,5539541.551020408,8.784501017356405
13.205774313852832,5689254.755102041,8.784501017356405
13.205774313852832,5838967.959183674,8.784501017356405
13.205774313852832,5988681.1632653065,8.784501017356405
13.205774313852832,6138394.367346939,8.784501017356405
13.205774313852832,6288107.571428572,8.784501017356405
13.205774313852832,6437820.775510205,8.784501017356405
13.205774313852832,6587533.979591837,8.784501017356405
13.205774313852832,6737247.183673469,8.784501017356405
13.205774313852832,6886960.3877551025,8.784501017356405
13.205774313852832,7036673.591836736,8.784501017356405
13.205774313852832,7186386.795918368,8.784501017356405
13.205774313852832,7336100,8.784501017356405
10.923465793484452,153,9.182398659842356
11.486122561299217,149866.20408163266,9.182398659842356
11.486122561299217,299579.4081632653,9.182398659842356
13.208367326479035,449292.612244898,9.182398659842356
13.208367326479035,599005.8163265307,9.182398659842356
13.208367326479035,748719.0204081633,9.182398659842356
13.208367326479035,898432.224489796,9.182398659842356
13.208367326479035,1048145.4285714286,9.182398659842356
13.208367326479035,1197858.6326530613,9.182398659842356
13.208367326479035,1347571.836734694,9.182398659842356
13.208367326479035,1497285.0408163266,9.182398659842356
13.208367326479035,1646998.2448979593,9.182398659842356
13.208367326479035,1796711.448979592,9.182398659842356
13.208367326479035,1946424.6530612246,9.182398659842356
13.208367326479035,2096137.8571428573,9.182398659842356
13.208367326479035,2245851.06122449,9.182398659842356
13.208367326479035,2395564.2653061226,9.182398659842356
13.208367326479035,2545277.4693877553,9.182398659842356
13.208367326479035,2694990.673469388,9.182398659842356
13.208367326479035,2844703.8775510206,9.182398659842356
13.208367326479035,2994417.0816326533,9.182398659842356
13.208367326479035,3144130.285714286,9.182398659842356
13.208367326479035,3293843.4897959186,9.182398659842356
13.208367326479035,3443556.6938775512,9.182398659842356
13.208367326479035,3593269.897959184,9.182398659842356
13.205774313852832,3742983.1020408166,9.182398659842356
13.205774313852832,3892696.306122449,9.182398659842356
13.205774313852832,4042409.510204082,9.182398659842356
13.205774313852832,4192122.7142857146,9.182398659842356
13.205774313852832,4341835.918367347,9.182398659842356
13.205774313852832,4491549.12244898,9.182398659842356
13.205774313852832,4641262.326530613,9.182398659842356
13.205774313852832,4790975.530612245,9.182398659842356
13.205774313852832,4940688.734693877,9.182398659842356
13.205774313852832,5090401.9387755105,9.182398659842356
13.205774313852832,5240115.142857144,9.182398659842356
13.205774313852832,5389828.346938776,9.182398659842356
13.205774313852832,5539541.551020408,9.182398659842356
13.205774313852832,5689254.755102041,9.182398659842356
13.205774313852832,5838967.959183674,9.182398659842356
13.205774313852832,5988681.1632653065,9.182398659842356
13.205774313852832,6138394.367346939,9.182398659842356
13.205774313852832,6288107.571428572,9.182398659842356
13.205774313852832,6437820.775510205,9.182398659842356
13.205774313852832,6587533.979591837,9.182398659842356
13.205774313852832,6737247.183673469,9.182398659842356
13.205774313852832,6886960.3877551025,9.182398659842356
13.205774313852832,7036673.591836736,9.182398659842356
13.205774313852832,7186386.795918368,9.182398659842356
13.205774313852832,7336100,9.182398659842356
10.923465793484452,153,9.580296302328303
11.486122561299217,149866.20408163266,9.580296302328303
11.486122561299217,299579.4081632653,9.580296302328303
13.208367326479035,449292.612244898,9.580296302328303
13.208367326479035,599005.8163265307,9.580296302328303
13.208367326479035,748719.0204081633,9.580296302328303
13.208367326479035,898432.224489796,9.580296302328303
13.208367326479035,1048145.4285714286,9.580296302328303
13.208367326479035,1197858.6326530613,9.580296302328303
13.208367326479035,1347571.836734694,9.580296302328303
13.208367326479035,1497285.0408163266,9.580296302328303
13.208367326479035,1646998.2448979593,9.580296302328303
13.208367326479035,1796711.448979592,9.580296302328303
13.208367326479035,1946424.6530612246,9.580296302328303
13.208367326479035,2096137.8571428573,9.580296302328303
13.208367326479035,2245851.06122449,9.580296302328303
13.208367326479035,2395564.2653061226,9.580296302328303
13.208367326479035,2545277.4693877553,9.580296302328303
13.208367326479035,2694990.673469388,9.580296302328303
13.208367326479035,2844703.8775510206,9.580296302328303
13.208367326479035,2994417.0816326533,9.580296302328303
13.208367326479035,3144130.285714286,9.580296302328303
13.208367326479035,3293843.4897959186,9.580296302328303
13.208367326479035,3443556.6938775512,9.580296302328303
13.208367326479035,3593269.897959184,9.580296302328303
13.205774313852832,3742983.1020408166,9.580296302328303
13.205774313852832,3892696.306122449,9.580296302328303
13.205774313852832,4042409.510204082,9.580296302328303
13.205774313852832,4192122.7142857146,9.580296302328303
13.205774313852832,4341835.918367347,9.580296302328303
13.205774313852832,4491549.12244898,9.580296302328303
13.205774313852832,4641262.326530613,9.580296302328303
13.205774313852832,4790975.530612245,9.580296302328303
13.205774313852832,4940688.734693877,9.580296302328303
13.205774313852832,5090401.9387755105,9.580296302328303
13.205774313852832,5240115.142857144,9.580296302328303
13.205774313852832,5389828.346938776,9.580296302328303
13.205774313852832,5539541.551020408,9.580296302328303
13.205774313852832,5689254.755102041,9.580296302328303
13.205774313852832,5838967.959183674,9.580296302328303
13.205774313852832,5988681.1632653065,9.580296302328303
13.205774313852832,6138394.367346939,9.580296302328303
13.205774313852832,6288107.571428572,9.580296302328303
13.205774313852832,6437820.775510205,9.580296302328303
13.205774313852832,6587533.979591837,9.580296302328303
13.205774313852832,6737247.183673469,9.580296302328303
13.205774313852832,6886960.3877551025,9.580296302328303
13.205774313852832,7036673.591836736,9.580296302328303
13.205774313852832,7186386.795918368,9.580296302328303
13.205774313852832,7336100,9.580296302328303
10.921590784751537,153,9.978193944814254
11.484134118550873,149866.20408163266,9.978193944814254
11.484134118550873,299579.4081632653,9.978193944814254
13.206084372908744,449292.612244898,9.978193944814254
13.206084372908744,599005.8163265307,9.978193944814254
13.206084372908744,748719.0204081633,9.978193944814254
13.206084372908744,898432.224489796,9.978193944814254
13.206084372908744,1048145.4285714286,9.978193944814254
13.206084372908744,1197858.6326530613,9.978193944814254
13.206084372908744,1347571.836734694,9.978193944814254
13.206084372908744,1497285.0408163266,9.978193944814254
13.206084372908744,1646998.2448979593,9.978193944814254
13.206084372908744,1796711.448979592,9.978193944814254
13.206084372908744,1946424.6530612246,9.978193944814254
13.206084372908744,2096137.8571428573,9.978193944814254
13.206084372908744,2245851.06122449,9.978193944814254
13.206084372908744,2395564.2653061226,9.978193944814254
13.206084372908744,2545277.4693877553,9.978193944814254
13.206084372908744,2694990.673469388,9.978193944814254
13.206084372908744,2844703.8775510206,9.978193944814254
13.206084372908744,2994417.0816326533,9.978193944814254
13.206084372908744,3144130.285714286,9.978193944814254
13.206084372908744,3293843.4897959186,9.978193944814254
13.206084372908744,3443556.6938775512,9.978193944814254
13.206084372908744,3593269.897959184,9.978193944814254
13.203554815593746,3742983.1020408166,9.978193944814254
13.203554815593746,3892696.306122449,9.978193944814254
13.203554815593746,4042409.510204082,9.978193944814254
13.203554815593746,4192122.7142857146,9.978193944814254
13.203554815593746,4341835.918367347,9.978193944814254
13.203554815593746,4491549.12244898,9.978193944814254
13.203554815593746,4641262.326530613,9.978193944814254
13.203554815593746,4790975.530612245,9.978193944814254
13.203554815593746,4940688.734693877,9.978193944814254
13.203554815593746,5090401.9387755105,9.978193944814254
13.203554815593746,5240115.142857144,9.978193944814254
13.203554815593746,5389828.346938776,9.978193944814254
13.203554815593746,5539541.551020408,9.978193944814254
13.203554815593746,5689254.755102041,9.978193944814254
13.203554815593746,5838967.959183674,9.978193944814254
13.203554815593746,5988681.1632653065,9.978193944814254
13.203554815593746,6138394.367346939,9.978193944814254
13.203554815593746,6288107.571428572,9.978193944814254
13.203554815593746,6437820.775510205,9.978193944814254
13.203554815593746,6587533.979591837,9.978193944814254
13.203554815593746,6737247.183673469,9.978193944814254
13.203554815593746,6886960.3877551025,9.978193944814254
13.203554815593746,7036673.591836736,9.978193944814254
13.203554815593746,7186386.795918368,9.978193944814254
13.203554815593746,7336100,9.978193944814254
10.921590784751537,153,10.376091587300202
11.484134118550873,149866.20408163266,10.376091587300202
11.484134118550873,299579.4081632653,10.376091587300202
13.206084372908744,449292.612244898,10.376091587300202
13.206084372908744,599005.8163265307,10.376091587300202
13.206084372908744,748719.0204081633,10.376091587300202
13.206084372908744,898432.224489796,10.376091587300202
13.206084372908744,1048145.4285714286,10.376091587300202
13.206084372908744,1197858.6326530613,10.376091587300202
13.206084372908744,1347571.836734694,10.376091587300202
13.206084372908744,1497285.0408163266,10.376091587300202
13.206084372908744,1646998.2448979593,10.376091587300202
13.206084372908744,1796711.448979592,10.376091587300202
13.206084372908744,1946424.6530612246,10.376091587300202
13.206084372908744,2096137.8571428573,10.376091587300202
13.206084372908744,2245851.06122449,10.376091587300202
13.206084372908744,2395564.2653061226,10.376091587300202
13.206084372908744,2545277.4693877553,10.376091587300202
13.206084372908744,2694990.673469388,10.376091587300202
13.206084372908744,2844703.8775510206,10.376091587300202
13.206084372908744,2994417.0816326533,10.376091587300202
13.206084372908744,3144130.285714286,10.376091587300202
13.206084372908744,3293843.4897959186,10.376091587300202
13.206084372908744,3443556.6938775512,10.376091587300202
13.206084372908744,3593269.897959184,10.376091587300202
13.203554815593746,3742983.1020408166,10.376091587300202
13.203554815593746,3892696.306122449,10.376091587300202
13.203554815593746,4042409.510204082,10.376091587300202
13.203554815593746,4192122.7142857146,10.376091587300202
13.203554815593746,4341835.918367347,10.376091587300202
13.203554815593746,4491549.12244898,10.376091587300202
13.203554815593746,4641262.326530613,10.376091587300202
13.203554815593746,4790975.530612245,10.376091587300202
13.203554815593746,4940688.734693877,10.376091587300202
13.203554815593746,5090401.9387755105,10.376091587300202
13.203554815593746,5240115.142857144,10.376091587300202
13.203554815593746,5389828.346938776,10.376091587300202
13.203554815593746,5539541.551020408,10.376091587300202
13.203554815593746,5689254.755102041,10.376091587300202
13.203554815593746,5838967.959183674,10.376091587300202
13.203554815593746,5988681.1632653065,10.376091587300202
13.203554815593746,6138394.367346939,10.376091587300202
13.203554815593746,6288107.571428572,10.376091587300202
13.203554815593746,6437820.775510205,10.376091587300202
13.203554815593746,6587533.979591837,10.376091587300202
13.203554815593746,6737247.183673469,10.376091587300202
13.203554815593746,6886960.3877551025,10.376091587300202
13.203554815593746,7036673.591836736,10.376091587300202
13.203554815593746,7186386.795918368,10.376091587300202
13.203554815593746,7336100,10.376091587300202
10.921590784751537,153,10.773989229786153
11.484134118550873,149866.20408163266,10.773989229786153
11.484134118550873,299579.4081632653,10.773989229786153
13.206084372908744,449292.612244898,10.773989229786153
13.206084372908744,599005.8163265307,10.773989229786153
13.206084372908744,748719.0204081633,10.773989229786153
13.206084372908744,898432.224489796,10.773989229786153
13.206084372908744,1048145.4285714286,10.773989229786153
13.206084372908744,1197858.6326530613,10.773989229786153
13.206084372908744,1347571.836734694,10.773989229786153
13.206084372908744,1497285.0408163266,10.773989229786153
13.206084372908744,1646998.2448979593,10.773989229786153
13.206084372908744,1796711.448979592,10.773989229786153
13.206084372908744,1946424.6530612246,10.773989229786153
13.206084372908744,2096137.8571428573,10.773989229786153
13.206084372908744,2245851.06122449,10.773989229786153
13.206084372908744,2395564.2653061226,10.773989229786153
13.206084372908744,2545277.4693877553,10.773989229786153
13.206084372908744,2694990.673469388,10.773989229786153
13.206084372908744,2844703.8775510206,10.773989229786153
13.206084372908744,2994417.0816326533,10.773989229786153
13.206084372908744,3144130.285714286,10.773989229786153
13.206084372908744,3293843.4897959186,10.773989229786153
13.206084372908744,3443556.6938775512,10.773989229786153
13.206084372908744,3593269.897959184,10.773989229786153
13.203554815593746,3742983.1020408166,10.773989229786153
13.203554815593746,3892696.306122449,10.773989229786153
13.203554815593746,4042409.510204082,10.773989229786153
13.203554815593746,4192122.7142857146,10.773989229786153
13.203554815593746,4341835.918367347,10.773989229786153
13.203554815593746,4491549.12244898,10.773989229786153
13.203554815593746,4641262.326530613,10.773989229786153
13.203554815593746,4790975.530612245,10.773989229786153
13.203554815593746,4940688.734693877,10.773989229786153
13.203554815593746,5090401.9387755105,10.773989229786153
13.203554815593746,5240115.142857144,10.773989229786153
13.203554815593746,5389828.346938776,10.773989229786153
13.203554815593746,5539541.551020408,10.773989229786153
13.203554815593746,5689254.755102041,10.773989229786153
13.203554815593746,5838967.959183674,10.773989229786153
13.203554815593746,5988681.1632653065,10.773989229786153
13.203554815593746,6138394.367346939,10.773989229786153
13.203554815593746,6288107.571428572,10.773989229786153
13.203554815593746,6437820.775510205,10.773989229786153
13.203554815593746,6587533.979591837,10.773989229786153
13.203554815593746,6737247.183673469,10.773989229786153
13.203554815593746,6886960.3877551025,10.773989229786153
13.203554815593746,7036673.591836736,10.773989229786153
13.203554815593746,7186386.795918368,10.773989229786153
13.203554815593746,7336100,10.773989229786153
10.921305472765031,153,11.1718868722721
11.48383272417841,149866.20408163266,11.1718868722721
11.48383272417841,299579.4081632653,11.1718868722721
13.206084372908744,449292.612244898,11.1718868722721
13.206084372908744,599005.8163265307,11.1718868722721
13.206084372908744,748719.0204081633,11.1718868722721
13.206084372908744,898432.224489796,11.1718868722721
13.206084372908744,1048145.4285714286,11.1718868722721
13.206084372908744,1197858.6326530613,11.1718868722721
13.206084372908744,1347571.836734694,11.1718868722721
13.206084372908744,1497285.0408163266,11.1718868722721
13.206084372908744,1646998.2448979593,11.1718868722721
13.206084372908744,1796711.448979592,11.1718868722721
13.206084372908744,1946424.6530612246,11.1718868722721
13.206084372908744,2096137.8571428573,11.1718868722721
13.206084372908744,2245851.06122449,11.1718868722721
13.206084372908744,2395564.2653061226,11.1718868722721
13.206084372908744,2545277.4693877553,11.1718868722721
13.206084372908744,2694990.673469388,11.1718868722721
13.206084372908744,2844703.8775510206,11.1718868722721
13.206084372908744,2994417.0816326533,11.1718868722721
13.206084372908744,3144130.285714286,11.1718868722721
13.206084372908744,3293843.4897959186,11.1718868722721
13.206084372908744,3443556.6938775512,11.1718868722721
13.206084372908744,3593269.897959184,11.1718868722721
13.203554815593746,3742983.1020408166,11.1718868722721
13.203554815593746,3892696.306122449,11.1718868722721
13.203554815593746,4042409.510204082,11.1718868722721
13.203554815593746,4192122.7142857146,11.1718868722721
13.203554815593746,4341835.918367347,11.1718868722721
13.203554815593746,4491549.12244898,11.1718868722721
13.203554815593746,4641262.326530613,11.1718868722721
13.203554815593746,4790975.530612245,11.1718868722721
13.203554815593746,4940688.734693877,11.1718868722721
13.203554815593746,5090401.9387755105,11.1718868722721
13.203554815593746,5240115.142857144,11.1718868722721
13.203554815593746,5389828.346938776,11.1718868722721
13.203554815593746,5539541.551020408,11.1718868722721
13.203554815593746,5689254.755102041,11.1718868722721
13.203554815593746,5838967.959183674,11.1718868722721
13.203554815593746,5988681.1632653065,11.1718868722721
13.203554815593746,6138394.367346939,11.1718868722721
13.203554815593746,6288107.571428572,11.1718868722721
13.203554815593746,6437820.775510205,11.1718868722721
13.203554815593746,6587533.979591837,11.1718868722721
13.203554815593746,6737247.183673469,11.1718868722721
13.203554815593746,6886960.3877551025,11.1718868722721
13.203554815593746,7036673.591836736,11.1718868722721
13.203554815593746,7186386.795918368,11.1718868722721
13.203554815593746,7336100,11.1718868722721
10.921305472765031,153,11.569784514758052
11.48383272417841,149866.20408163266,11.569784514758052
11.48383272417841,299579.4081632653,11.569784514758052
13.206084372908744,449292.612244898,11.569784514758052
13.206084372908744,599005.8163265307,11.569784514758052
13.206084372908744,748719.0204081633,11.569784514758052
13.206084372908744,898432.224489796,11.569784514758052
13.206084372908744,1048145.4285714286,11.569784514758052
13.206084372908744,1197858.6326530613,11.569784514758052
13.206084372908744,1347571.836734694,11.569784514758052
13.206084372908744,1497285.0408163266,11.569784514758052
13.206084372908744,1646998.2448979593,11.569784514758052
13.206084372908744,1796711.448979592,11.569784514758052
13.206084372908744,1946424.6530612246,11.569784514758052
13.206084372908744,2096137.8571428573,11.569784514758052
13.206084372908744,2245851.06122449,11.569784514758052
13.206084372908744,2395564.2653061226,11.569784514758052
13.206084372908744,2545277.4693877553,11.569784514758052
13.206084372908744,2694990.673469388,11.569784514758052
13.206084372908744,2844703.8775510206,11.569784514758052
13.206084372908744,2994417.0816326533,11.569784514758052
13.206084372908744,3144130.285714286,11.569784514758052
13.206084372908744,3293843.4897959186,11.569784514758052
13.206084372908744,3443556.6938775512,11.569784514758052
13.206084372908744,3593269.897959184,11.569784514758052
13.203554815593746,3742983.1020408166,11.569784514758052
13.203554815593746,3892696.306122449,11.569784514758052
13.203554815593746,4042409.510204082,11.569784514758052
13.203554815593746,4192122.7142857146,11.569784514758052
13.203554815593746,4341835.918367347,11.569784514758052
13.203554815593746,4491549.12244898,11.569784514758052
13.203554815593746,4641262.326530613,11.569784514758052
13.203554815593746,4790975.530612245,11.569784514758052
13.203554815593746,4940688.734693877,11.569784514758052
13.203554815593746,5090401.9387755105,11.569784514758052
13.203554815593746,5240115.142857144,11.569784514758052
13.203554815593746,5389828.346938776,11.569784514758052
13.203554815593746,5539541.551020408,11.569784514758052
13.203554815593746,5689254.755102041,11.569784514758052
13.203554815593746,5838967.959183674,11.569784514758052
13.203554815593746,5988681.1632653065,11.569784514758052
13.203554815593746,6138394.367346939,11.569784514758052
13.203554815593746,6288107.571428572,11.569784514758052
13.203554815593746,6437820.775510205,11.569784514758052
13.203554815593746,6587533.979591837,11.569784514758052
13.203554815593746,6737247.183673469,11.569784514758052
13.203554815593746,6886960.3877551025,11.569784514758052
13.203554815593746,7036673.591836736,11.569784514758052
13.203554815593746,7186386.795918368,11.569784514758052
13.203554815593746,7336100,11.569784514758052
10.921305472765031,153,11.967682157243999
11.48383272417841,149866.20408163266,11.967682157243999
11.48383272417841,299579.4081632653,11.967682157243999
13.206084372908744,449292.612244898,11.967682157243999
13.206084372908744,599005.8163265307,11.967682157243999
13.206084372908744,748719.0204081633,11.967682157243999
13.206084372908744,898432.224489796,11.967682157243999
13.206084372908744,1048145.4285714286,11.967682157243999
13.206084372908744,1197858.6326530613,11.967682157243999
13.206084372908744,1347571.836734694,11.967682157243999
13.206084372908744,1497285.0408163266,11.967682157243999
13.206084372908744,1646998.2448979593,11.967682157243999
13.206084372908744,1796711.448979592,11.967682157243999
13.206084372908744,1946424.6530612246,11.967682157243999
13.206084372908744,2096137.8571428573,11.967682157243999
13.206084372908744,2245851.06122449,11.967682157243999
13.206084372908744,2395564.2653061226,11.967682157243999
13.206084372908744,2545277.4693877553,11.967682157243999
13.206084372908744,2694990.673469388,11.967682157243999
13.206084372908744,2844703.8775510206,11.967682157243999
13.206084372908744,2994417.0816326533,11.967682157243999
13.206084372908744,3144130.285714286,11.967682157243999
13.206084372908744,3293843.4897959186,11.967682157243999
13.206084372908744,3443556.6938775512,11.967682157243999
13.206084372908744,3593269.897959184,11.967682157243999
13.203554815593746,3742983.1020408166,11.967682157243999
13.203554815593746,3892696.306122449,11.967682157243999
13.203554815593746,4042409.510204082,11.967682157243999
13.203554815593746,4192122.7142857146,11.967682157243999
13.203554815593746,4341835.918367347,11.967682157243999
13.203554815593746,4491549.12244898,11.967682157243999
13.203554815593746,4641262.326530613,11.967682157243999
13.203554815593746,4790975.530612245,11.967682157243999
13.203554815593746,4940688.734693877,11.967682157243999
13.203554815593746,5090401.9387755105,11.967682157243999
13.203554815593746,5240115.142857144,11.967682157243999
13.203554815593746,5389828.346938776,11.967682157243999
13.203554815593746,5539541.551020408,11.967682157243999
13.203554815593746,5689254.755102041,11.967682157243999
13.203554815593746,5838967.959183674,11.967682157243999
13.203554815593746,5988681.1632653065,11.967682157243999
13.203554815593746,6138394.367346939,11.967682157243999
13.203554815593746,6288107.571428572,11.967682157243999
13.203554815593746,6437820.775510205,11.967682157243999
13.203554815593746,6587533.979591837,11.967682157243999
13.203554815593746,6737247.183673469,11.967682157243999
13.203554815593746,6886960.3877551025,11.967682157243999
13.203554815593746,7036673.591836736,11.967682157243999
13.203554815593746,7186386.795918368,11.967682157243999
13.203554815593746,7336100,11.967682157243999
10.921305472765031,153,12.36557979972995
11.48383272417841,149866.20408163266,12.36557979972995
11.48383272417841,299579.4081632653,12.36557979972995
13.206084372908744,449292.612244898,12.36557979972995
13.206084372908744,599005.8163265307,12.36557979972995
13.206084372908744,748719.0204081633,12.36557979972995
13.206084372908744,898432.224489796,12.36557979972995
13.206084372908744,1048145.4285714286,12.36557979972995
13.206084372908744,1197858.6326530613,12.36557979972995
13.206084372908744,1347571.836734694,12.36557979972995
13.206084372908744,1497285.0408163266,12.36557979972995
13.206084372908744,1646998.2448979593,12.36557979972995
13.206084372908744,1796711.448979592,12.36557979972995
13.206084372908744,1946424.6530612246,12.36557979972995
13.206084372908744,2096137.8571428573,12.36557979972995
13.206084372908744,2245851.06122449,12.36557979972995
13.206084372908744,2395564.2653061226,12.36557979972995
13.206084372908744,2545277.4693877553,12.36557979972995
13.206084372908744,2694990.673469388,12.36557979972995
13.206084372908744,2844703.8775510206,12.36557979972995
13.206084372908744,2994417.0816326533,12.36557979972995
13.206084372908744,3144130.285714286,12.36557979972995
13.206084372908744,3293843.4897959186,12.36557979972995
13.206084372908744,3443556.6938775512,12.36557979972995
13.206084372908744,3593269.897959184,12.36557979972995
13.203554815593746,3742983.1020408166,12.36557979972995
13.203554815593746,3892696.306122449,12.36557979972995
13.203554815593746,4042409.510204082,12.36557979972995
13.203554815593746,4192122.7142857146,12.36557979972995
13.203554815593746,4341835.918367347,12.36557979972995
13.203554815593746,4491549.12244898,12.36557979972995
13.203554815593746,4641262.326530613,12.36557979972995
13.203554815593746,4790975.530612245,12.36557979972995
13.203554815593746,4940688.734693877,12.36557979972995
13.203554815593746,5090401.9387755105,12.36557979972995
13.203554815593746,5240115.142857144,12.36557979972995
13.203554815593746,5389828.346938776,12.36557979972995
13.203554815593746,5539541.551020408,12.36557979972995
13.203554815593746,5689254.755102041,12.36557979972995
13.203554815593746,5838967.959183674,12.36557979972995
13.203554815593746,5988681.1632653065,12.36557979972995
13.203554815593746,6138394.367346939,12.36557979972995
13.203554815593746,6288107.571428572,12.36557979972995
13.203554815593746,6437820.775510205,12.36557979972995
13.203554815593746,6587533.979591837,12.36557979972995
13.203554815593746,6737247.183673469,12.36557979972995
13.203554815593746,6886960.3877551025,12.36557979972995
13.203554815593746,7036673.591836736,12.36557979972995
13.203554815593746,7186386.795918368,12.36557979972995
13.203554815593746,7336100,12.36557979972995
10.921305472765031,153,12.763477442215898
11.48383272417841,149866.20408163266,12.763477442215898
11.48383272417841,299579.4081632653,12.763477442215898
13.206084372908744,449292.612244898,12.763477442215898
13.206084372908744,599005.8163265307,12.763477442215898
13.206084372908744,748719.0204081633,12.763477442215898
13.206084372908744,898432.224489796,12.763477442215898
13.206084372908744,1048145.4285714286,12.763477442215898
13.206084372908744,1197858.6326530613,12.763477442215898
13.206084372908744,1347571.836734694,12.763477442215898
13.206084372908744,1497285.0408163266,12.763477442215898
13.206084372908744,1646998.2448979593,12.763477442215898
13.206084372908744,1796711.448979592,12.763477442215898
13.206084372908744,1946424.6530612246,12.763477442215898
13.206084372908744,2096137.8571428573,12.763477442215898
13.206084372908744,2245851.06122449,12.763477442215898
13.206084372908744,2395564.2653061226,12.763477442215898
13.206084372908744,2545277.4693877553,12.763477442215898
13.206084372908744,2694990.673469388,12.763477442215898
13.206084372908744,2844703.8775510206,12.763477442215898
13.206084372908744,2994417.0816326533,12.763477442215898
13.206084372908744,3144130.285714286,12.763477442215898
13.206084372908744,3293843.4897959186,12.763477442215898
13.206084372908744,3443556.6938775512,12.763477442215898
13.206084372908744,3593269.897959184,12.763477442215898
13.203554815593746,3742983.1020408166,12.763477442215898
13.203554815593746,3892696.306122449,12.763477442215898
13.203554815593746,4042409.510204082,12.763477442215898
13.203554815593746,4192122.7142857146,12.763477442215898
13.203554815593746,4341835.918367347,12.763477442215898
13.203554815593746,4491549.12244898,12.763477442215898
13.203554815593746,4641262.326530613,12.763477442215898
13.203554815593746,4790975.530612245,12.763477442215898
13.203554815593746,4940688.734693877,12.763477442215898
13.203554815593746,5090401.9387755105,12.763477442215898
13.203554815593746,5240115.142857144,12.763477442215898
13.203554815593746,5389828.346938776,12.763477442215898
13.203554815593746,5539541.551020408,12.763477442215898
13.203554815593746,5689254.755102041,12.763477442215898
13.203554815593746,5838967.959183674,12.763477442215898
13.203554815593746,5988681.1632653065,12.763477442215898
13.203554815593746,6138394.367346939,12.763477442215898
13.203554815593746,6288107.571428572,12.763477442215898
13.203554815593746,6437820.775510205,12.763477442215898
13.203554815593746,6587533.979591837,12.763477442215898
13.203554815593746,6737247.183673469,12.763477442215898
13.203554815593746,6886960.3877551025,12.763477442215898
13.203554815593746,7036673.591836736,12.763477442215898
13.203554815593746,7186386.795918368,12.763477442215898
13.203554815593746,7336100,12.763477442215898
10.921305472765031,153,13.161375084701849
11.48383272417841,149866.20408163266,13.161375084701849
11.48383272417841,299579.4081632653,13.161375084701849
13.206084372908744,449292.612244898,13.161375084701849
13.206084372908744,599005.8163265307,13.161375084701849
13.206084372908744,748719.0204081633,13.161375084701849
13.206084372908744,898432.224489796,13.161375084701849
13.206084372908744,1048145.4285714286,13.161375084701849
13.206084372908744,1197858.6326530613,13.161375084701849
13.206084372908744,1347571.836734694,13.161375084701849
13.206084372908744,1497285.0408163266,13.161375084701849
13.206084372908744,1646998.2448979593,13.161375084701849
13.206084372908744,1796711.448979592,13.161375084701849
13.206084372908744,1946424.6530612246,13.161375084701849
13.206084372908744,2096137.8571428573,13.161375084701849
13.206084372908744,2245851.06122449,13.161375084701849
13.206084372908744,2395564.2653061226,13.161375084701849
13.206084372908744,2545277.4693877553,13.161375084701849
13.206084372908744,2694990.673469388,13.161375084701849
13.206084372908744,2844703.8775510206,13.161375084701849
13.206084372908744,2994417.0816326533,13.161375084701849
13.206084372908744,3144130.285714286,13.161375084701849
13.206084372908744,3293843.4897959186,13.161375084701849
13.206084372908744,3443556.6938775512,13.161375084701849
13.206084372908744,3593269.897959184,13.161375084701849
13.203554815593746,3742983.1020408166,13.161375084701849
13.203554815593746,3892696.306122449,13.161375084701849
13.203554815593746,4042409.510204082,13.161375084701849
13.203554815593746,4192122.7142857146,13.161375084701849
13.203554815593746,4341835.918367347,13.161375084701849
13.203554815593746,4491549.12244898,13.161375084701849
13.203554815593746,4641262.326530613,13.161375084701849
13.203554815593746,4790975.530612245,13.161375084701849
13.203554815593746,4940688.734693877,13.161375084701849
13.203554815593746,5090401.9387755105,13.161375084701849
13.203554815593746,5240115.142857144,13.161375084701849
13.203554815593746,5389828.346938776,13.161375084701849
13.203554815593746,5539541.551020408,13.161375084701849
13.203554815593746,5689254.755102041,13.161375084701849
13.203554815593746,5838967.959183674,13.161375084701849
13.203554815593746,5988681.1632653065,13.161375084701849
13.203554815593746,6138394.367346939,13.161375084701849
13.203554815593746,6288107.571428572,13.161375084701849
13.203554815593746,6437820.775510205,13.161375084701849
13.203554815593746,6587533.979591837,13.161375084701849
13.203554815593746,6737247.183673469,13.161375084701849
13.203554815593746,6886960.3877551025,13.161375084701849
13.203554815593746,7036673.591836736,13.161375084701849
13.203554815593746,7186386.795918368,13.161375084701849
13.203554815593746,7336100,13.161375084701849
10.921305472765031,153,13.5592727271878
11.48383272417841,149866.20408163266,13.5592727271878
11.48383272417841,299579.4081632653,13.5592727271878
13.206084372908744,449292.612244898,13.5592727271878
13.206084372908744,599005.8163265307,13.5592727271878
13.206084372908744,748719.0204081633,13.5592727271878
13.206084372908744,898432.224489796,13.5592727271878
13.206084372908744,1048145.4285714286,13.5592727271878
13.206084372908744,1197858.6326530613,13.5592727271878
13.206084372908744,1347571.836734694,13.5592727271878
13.206084372908744,1497285.0408163266,13.5592727271878
13.206084372908744,1646998.2448979593,13.5592727271878
13.206084372908744,1796711.448979592,13.5592727271878
13.206084372908744,1946424.6530612246,13.5592727271878
13.206084372908744,2096137.8571428573,13.5592727271878
13.206084372908744,2245851.06122449,13.5592727271878
13.206084372908744,2395564.2653061226,13.5592727271878
13.206084372908744,2545277.4693877553,13.5592727271878
13.206084372908744,2694990.673469388,13.5592727271878
13.206084372908744,2844703.8775510206,13.5592727271878
13.206084372908744,2994417.0816326533,13.5592727271878
13.206084372908744,3144130.285714286,13.5592727271878
13.206084372908744,3293843.4897959186,13.5592727271878
13.206084372908744,3443556.6938775512,13.5592727271878
13.206084372908744,3593269.897959184,13.5592727271878
13.203554815593746,3742983.1020408166,13.5592727271878
13.203554815593746,3892696.306122449,13.5592727271878
13.203554815593746,4042409.510204082,13.5592727271878
13.203554815593746,4192122.7142857146,13.5592727271878
13.203554815593746,4341835.918367347,13.5592727271878
13.203554815593746,4491549.12244898,13.5592727271878
13.203554815593746,4641262.326530613,13.5592727271878
13.203554815593746,4790975.530612245,13.5592727271878
13.203554815593746,4940688.734693877,13.5592727271878
13.203554815593746,5090401.9387755105,13.5592727271878
13.203554815593746,5240115.142857144,13.5592727271878
13.203554815593746,5389828.346938776,13.5592727271878
13.203554815593746,5539541.551020408,13.5592727271878
13.203554815593746,5689254.755102041,13.5592727271878
13.203554815593746,5838967.959183674,13.5592727271878
13.203554815593746,5988681.1632653065,13.5592727271878
13.203554815593746,6138394.367346939,13.5592727271878
13.203554815593746,6288107.571428572,13.5592727271878
13.203554815593746,6437820.775510205,13.5592727271878
13.203554815593746,6587533.979591837,13.5592727271878
13.203554815593746,6737247.183673469,13.5592727271878
13.203554815593746,6886960.3877551025,13.5592727271878
13.203554815593746,7036673.591836736,13.5592727271878
13.203554815593746,7186386.795918368,13.5592727271878
13.203554815593746,7336100,13.5592727271878
10.921305472765031,153,13.957170369673747
11.48383272417841,149866.20408163266,13.957170369673747
11.48383272417841,299579.4081632653,13.957170369673747
13.206084372908744,449292.612244898,13.957170369673747
13.206084372908744,599005.8163265307,13.957170369673747
13.206084372908744,748719.0204081633,13.957170369673747
13.206084372908744,898432.224489796,13.957170369673747
13.206084372908744,1048145.4285714286,13.957170369673747
13.206084372908744,1197858.6326530613,13.957170369673747
13.206084372908744,1347571.836734694,13.957170369673747
13.206084372908744,1497285.0408163266,13.957170369673747
13.206084372908744,1646998.2448979593,13.957170369673747
13.206084372908744,1796711.448979592,13.957170369673747
13.206084372908744,1946424.6530612246,13.957170369673747
13.206084372908744,2096137.8571428573,13.957170369673747
13.206084372908744,2245851.06122449,13.957170369673747
13.206084372908744,2395564.2653061226,13.957170369673747
13.206084372908744,2545277.4693877553,13.957170369673747
13.206084372908744,2694990.673469388,13.957170369673747
13.206084372908744,2844703.8775510206,13.957170369673747
13.206084372908744,2994417.0816326533,13.957170369673747
13.206084372908744,3144130.285714286,13.957170369673747
13.206084372908744,3293843.4897959186,13.957170369673747
13.206084372908744,3443556.6938775512,13.957170369673747
13.206084372908744,3593269.897959184,13.957170369673747
13.203554815593746,3742983.1020408166,13.957170369673747
13.203554815593746,3892696.306122449,13.957170369673747
13.203554815593746,4042409.510204082,13.957170369673747
13.203554815593746,4192122.7142857146,13.957170369673747
13.203554815593746,4341835.918367347,13.957170369673747
13.203554815593746,4491549.12244898,13.957170369673747
13.203554815593746,4641262.326530613,13.957170369673747
13.203554815593746,4790975.530612245,13.957170369673747
13.203554815593746,4940688.734693877,13.957170369673747
13.203554815593746,5090401.9387755105,13.957170369673747
13.203554815593746,5240115.142857144,13.957170369673747
13.203554815593746,5389828.346938776,13.957170369673747
13.203554815593746,5539541.551020408,13.957170369673747
13.203554815593746,5689254.755102041,13.957170369673747
13.203554815593746,5838967.959183674,13.957170369673747
13.203554815593746,5988681.1632653065,13.957170369673747
13.203554815593746,6138394.367346939,13.957170369673747
13.203554815593746,6288107.571428572,13.957170369673747
13.203554815593746,6437820.775510205,13.957170369673747
13.203554815593746,6587533.979591837,13.957170369673747
13.203554815593746,6737247.183673469,13.957170369673747
13.203554815593746,6886960.3877551025,13.957170369673747
13.203554815593746,7036673.591836736,13.957170369673747
13.203554815593746,7186386.795918368,13.957170369673747
13.203554815593746,7336100,13.957170369673747
10.921305472765031,153,14.355068012159698
11.48383272417841,149866.20408163266,14.355068012159698
11.48383272417841,299579.4081632653,14.355068012159698
13.206084372908744,449292.612244898,14.355068012159698
13.206084372908744,599005.8163265307,14.355068012159698
13.206084372908744,748719.0204081633,14.355068012159698
13.206084372908744,898432.224489796,14.355068012159698
13.206084372908744,1048145.4285714286,14.355068012159698
13.206084372908744,1197858.6326530613,14.355068012159698
13.206084372908744,1347571.836734694,14.355068012159698
13.206084372908744,1497285.0408163266,14.355068012159698
13.206084372908744,1646998.2448979593,14.355068012159698
13.206084372908744,1796711.448979592,14.355068012159698
13.206084372908744,1946424.6530612246,14.355068012159698
13.206084372908744,2096137.8571428573,14.355068012159698
13.206084372908744,2245851.06122449,14.355068012159698
13.206084372908744,2395564.2653061226,14.355068012159698
13.206084372908744,2545277.4693877553,14.355068012159698
13.206084372908744,2694990.673469388,14.355068012159698
13.206084372908744,2844703.8775510206,14.355068012159698
13.206084372908744,2994417.0816326533,14.355068012159698
13.206084372908744,3144130.285714286,14.355068012159698
13.206084372908744,3293843.4897959186,14.355068012159698
13.206084372908744,3443556.6938775512,14.355068012159698
13.206084372908744,3593269.897959184,14.355068012159698
13.203554815593746,3742983.1020408166,14.355068012159698
13.203554815593746,3892696.306122449,14.355068012159698
13.203554815593746,4042409.510204082,14.355068012159698
13.203554815593746,4192122.7142857146,14.355068012159698
13.203554815593746,4341835.918367347,14.355068012159698
13.203554815593746,4491549.12244898,14.355068012159698
13.203554815593746,4641262.326530613,14.355068012159698
13.203554815593746,4790975.530612245,14.355068012159698
13.203554815593746,4940688.734693877,14.355068012159698
13.203554815593746,5090401.9387755105,14.355068012159698
13.203554815593746,5240115.142857144,14.355068012159698
13.203554815593746,5389828.346938776,14.355068012159698
13.203554815593746,5539541.551020408,14.355068012159698
13.203554815593746,5689254.755102041,14.355068012159698
13.203554815593746,5838967.959183674,14.355068012159698
13.203554815593746,5988681.1632653065,14.355068012159698
13.203554815593746,6138394.367346939,14.355068012159698
13.203554815593746,6288107.571428572,14.355068012159698
13.203554815593746,6437820.775510205,14.355068012159698
13.203554815593746,6587533.979591837,14.355068012159698
13.203554815593746,6737247.183673469,14.355068012159698
13.203554815593746,6886960.3877551025,14.355068012159698
13.203554815593746,7036673.591836736,14.355068012159698
13.203554815593746,7186386.795918368,14.355068012159698
13.203554815593746,7336100,14.355068012159698
10.921305472765031,153,14.752965654645646
11.48383272417841,149866.20408163266,14.752965654645646
11.48383272417841,299579.4081632653,14.752965654645646
13.206084372908744,449292.612244898,14.752965654645646
13.206084372908744,599005.8163265307,14.752965654645646
13.206084372908744,748719.0204081633,14.752965654645646
13.206084372908744,898432.224489796,14.752965654645646
13.206084372908744,1048145.4285714286,14.752965654645646
13.206084372908744,1197858.6326530613,14.752965654645646
13.206084372908744,1347571.836734694,14.752965654645646
13.206084372908744,1497285.0408163266,14.752965654645646
13.206084372908744,1646998.2448979593,14.752965654645646
13.206084372908744,1796711.448979592,14.752965654645646
13.206084372908744,1946424.6530612246,14.752965654645646
13.206084372908744,2096137.8571428573,14.752965654645646
13.206084372908744,2245851.06122449,14.752965654645646
13.206084372908744,2395564.2653061226,14.752965654645646
13.206084372908744,2545277.4693877553,14.752965654645646
13.206084372908744,2694990.673469388,14.752965654645646
13.206084372908744,2844703.8775510206,14.752965654645646
13.206084372908744,2994417.0816326533,14.752965654645646
13.206084372908744,3144130.285714286,14.752965654645646
13.206084372908744,3293843.4897959186,14.752965654645646
13.206084372908744,3443556.6938775512,14.752965654645646
13.206084372908744,3593269.897959184,14.752965654645646
13.203554815593746,3742983.1020408166,14.752965654645646
13.203554815593746,3892696.306122449,14.752965654645646
13.203554815593746,4042409.510204082,14.752965654645646
13.203554815593746,4192122.7142857146,14.752965654645646
13.203554815593746,4341835.918367347,14.752965654645646
13.203554815593746,4491549.12244898,14.752965654645646
13.203554815593746,4641262.326530613,14.752965654645646
13.203554815593746,4790975.530612245,14.752965654645646
13.203554815593746,4940688.734693877,14.752965654645646
13.203554815593746,5090401.9387755105,14.752965654645646
13.203554815593746,5240115.142857144,14.752965654645646
13.203554815593746,5389828.346938776,14.752965654645646
13.203554815593746,5539541.551020408,14.752965654645646
13.203554815593746,5689254.755102041,14.752965654645646
13.203554815593746,5838967.959183674,14.752965654645646
13.203554815593746,5988681.1632653065,14.752965654645646
13.203554815593746,6138394.367346939,14.752965654645646
13.203554815593746,6288107.571428572,14.752965654645646
13.203554815593746,6437820.775510205,14.752965654645646
13.203554815593746,6587533.979591837,14.752965654645646
13.203554815593746,6737247.183673469,14.752965654645646
13.203554815593746,6886960.3877551025,14.752965654645646
13.203554815593746,7036673.591836736,14.752965654645646
13.203554815593746,7186386.795918368,14.752965654645646
13.203554815593746,7336100,14.752965654645646
10.921305472765031,153,15.150863297131597
11.48383272417841,149866.20408163266,15.150863297131597
11.48383272417841,299579.4081632653,15.150863297131597
13.206084372908744,449292.612244898,15.150863297131597
13.206084372908744,599005.8163265307,15.150863297131597
13.206084372908744,748719.0204081633,15.150863297131597
13.206084372908744,898432.224489796,15.150863297131597
13.206084372908744,1048145.4285714286,15.150863297131597
13.206084372908744,1197858.6326530613,15.150863297131597
13.206084372908744,1347571.836734694,15.150863297131597
13.206084372908744,1497285.0408163266,15.150863297131597
13.206084372908744,1646998.2448979593,15.150863297131597
13.206084372908744,1796711.448979592,15.150863297131597
13.206084372908744,1946424.6530612246,15.150863297131597
13.206084372908744,2096137.8571428573,15.150863297131597
13.206084372908744,2245851.06122449,15.150863297131597
13.206084372908744,2395564.2653061226,15.150863297131597
13.206084372908744,2545277.4693877553,15.150863297131597
13.206084372908744,2694990.673469388,15.150863297131597
13.206084372908744,2844703.8775510206,15.150863297131597
13.206084372908744,2994417.0816326533,15.150863297131597
13.206084372908744,3144130.285714286,15.150863297131597
13.206084372908744,3293843.4897959186,15.150863297131597
13.206084372908744,3443556.6938775512,15.150863297131597
13.206084372908744,3593269.897959184,15.150863297131597
13.203554815593746,3742983.1020408166,15.150863297131597
13.203554815593746,3892696.306122449,15.150863297131597
13.203554815593746,4042409.510204082,15.150863297131597
13.203554815593746,4192122.7142857146,15.150863297131597
13.203554815593746,4341835.918367347,15.150863297131597
13.203554815593746,4491549.12244898,15.150863297131597
13.203554815593746,4641262.326530613,15.150863297131597
13.203554815593746,4790975.530612245,15.150863297131597
13.203554815593746,4940688.734693877,15.150863297131597
13.203554815593746,5090401.9387755105,15.150863297131597
13.203554815593746,5240115.142857144,15.150863297131597
13.203554815593746,5389828.346938776,15.150863297131597
13.203554815593746,5539541.551020408,15.150863297131597
13.203554815593746,5689254.755102041,15.150863297131597
13.203554815593746,5838967.959183674,15.150863297131597
13.203554815593746,5988681.1632653065,15.150863297131597
13.203554815593746,6138394.367346939,15.150863297131597
13.203554815593746,6288107.571428572,15.150863297131597
13.203554815593746,6437820.775510205,15.150863297131597
13.203554815593746,6587533.979591837,15.150863297131597
13.203554815593746,6737247.183673469,15.150863297131597
13.203554815593746,6886960.3877551025,15.150863297131597
13.203554815593746,7036673.591836736,15.150863297131597
13.203554815593746,7186386.795918368,15.150863297131597
13.203554815593746,7336100,15.150863297131597
10.921305472765031,153,15.548760939617544
11.48383272417841,149866.20408163266,15.548760939617544
11.48383272417841,299579.4081632653,15.548760939617544
13.206084372908744,449292.612244898,15.548760939617544
13.206084372908744,599005.8163265307,15.548760939617544
13.206084372908744,748719.0204081633,15.548760939617544
13.206084372908744,898432.224489796,15.548760939617544
13.206084372908744,1048145.4285714286,15.548760939617544
13.206084372908744,1197858.6326530613,15.548760939617544
13.206084372908744,1347571.836734694,15.548760939617544
13.206084372908744,1497285.0408163266,15.548760939617544
13.206084372908744,1646998.2448979593,15.548760939617544
13.206084372908744,1796711.448979592,15.548760939617544
13.206084372908744,1946424.6530612246,15.548760939617544
13.206084372908744,2096137.8571428573,15.548760939617544
13.206084372908744,2245851.06122449,15.548760939617544
13.206084372908744,2395564.2653061226,15.548760939617544
13.206084372908744,2545277.4693877553,15.548760939617544
13.206084372908744,2694990.673469388,15.548760939617544
13.206084372908744,2844703.8775510206,15.548760939617544
13.206084372908744,2994417.0816326533,15.548760939617544
13.206084372908744,3144130.285714286,15.548760939617544
13.206084372908744,3293843.4897959186,15.548760939617544
13.206084372908744,3443556.6938775512,15.548760939617544
13.206084372908744,3593269.897959184,15.548760939617544
13.203554815593746,3742983.1020408166,15.548760939617544
13.203554815593746,3892696.306122449,15.548760939617544
13.203554815593746,4042409.510204082,15.548760939617544
13.203554815593746,4192122.7142857146,15.548760939617544
13.203554815593746,4341835.918367347,15.548760939617544
13.203554815593746,4491549.12244898,15.548760939617544
13.203554815593746,4641262.326530613,15.548760939617544
13.203554815593746,4790975.530612245,15.548760939617544
13.203554815593746,4940688.734693877,15.548760939617544
13.203554815593746,5090401.9387755105,15.548760939617544
13.203554815593746,5240115.142857144,15.548760939617544
13.203554815593746,5389828.346938776,15.548760939617544
13.203554815593746,5539541.551020408,15.548760939617544
13.203554815593746,5689254.755102041,15.548760939617544
13.203554815593746,5838967.959183674,15.548760939617544
13.203554815593746,5988681.1632653065,15.548760939617544
13.203554815593746,6138394.367346939,15.548760939617544
13.203554815593746,6288107.571428572,15.548760939617544
13.203554815593746,6437820.775510205,15.548760939617544
13.203554815593746,6587533.979591837,15.548760939617544
13.203554815593746,6737247.183673469,15.548760939617544
13.203554815593746,6886960.3877551025,15.548760939617544
13.203554815593746,7036673.591836736,15.548760939617544
13.203554815593746,7186386.795918368,15.548760939617544
13.203554815593746,7336100,15.548760939617544
10.921305472765031,153,15.946658582103495
11.48383272417841,149866.20408163266,15.946658582103495
11.48383272417841,299579.4081632653,15.946658582103495
13.206084372908744,449292.612244898,15.946658582103495
13.206084372908744,599005.8163265307,15.946658582103495
13.206084372908744,748719.0204081633,15.946658582103495
13.206084372908744,898432.224489796,15.946658582103495
13.206084372908744,1048145.4285714286,15.946658582103495
13.206084372908744,1197858.6326530613,15.946658582103495
13.206084372908744,1347571.836734694,15.946658582103495
13.206084372908744,1497285.0408163266,15.946658582103495
13.206084372908744,1646998.2448979593,15.946658582103495
13.206084372908744,1796711.448979592,15.946658582103495
13.206084372908744,1946424.6530612246,15.946658582103495
13.206084372908744,2096137.8571428573,15.946658582103495
13.206084372908744,2245851.06122449,15.946658582103495
13.206084372908744,2395564.2653061226,15.946658582103495
13.206084372908744,2545277.4693877553,15.946658582103495
13.206084372908744,2694990.673469388,15.946658582103495
13.206084372908744,2844703.8775510206,15.946658582103495
13.206084372908744,2994417.0816326533,15.946658582103495
13.206084372908744,3144130.285714286,15.946658582103495
13.206084372908744,3293843.4897959186,15.946658582103495
13.206084372908744,3443556.6938775512,15.946658582103495
13.206084372908744,3593269.897959184,15.946658582103495
13.203554815593746,3742983.1020408166,15.946658582103495
13.203554815593746,3892696.306122449,15.946658582103495
13.203554815593746,4042409.510204082,15.946658582103495
13.203554815593746,4192122.7142857146,15.946658582103495
13.203554815593746,4341835.918367347,15.946658582103495
13.203554815593746,4491549.12244898,15.946658582103495
13.203554815593746,4641262.326530613,15.946658582103495
13.203554815593746,4790975.530612245,15.946658582103495
13.203554815593746,4940688.734693877,15.946658582103495
13.203554815593746,5090401.9387755105,15.946658582103495
13.203554815593746,5240115.142857144,15.946658582103495
13.203554815593746,5389828.346938776,15.946658582103495
13.203554815593746,5539541.551020408,15.946658582103495
13.203554815593746,5689254.755102041,15.946658582103495
13.203554815593746,5838967.959183674,15.946658582103495
13.203554815593746,5988681.1632653065,15.946658582103495
13.203554815593746,6138394.367346939,15.946658582103495
13.203554815593746,6288107.571428572,15.946658582103495
13.203554815593746,6437820.775510205,15.946658582103495
13.203554815593746,6587533.979591837,15.946658582103495
13.203554815593746,6737247.183673469,15.946658582103495
13.203554815593746,6886960.3877551025,15.946658582103495
13.203554815593746,7036673.591836736,15.946658582103495
13.203554815593746,7186386.795918368,15.946658582103495
13.203554815593746,7336100,15.946658582103495
10.921305472765031,153,16.344556224589443
11.48383272417841,149866.20408163266,16.344556224589443
11.48383272417841,299579.4081632653,16.344556224589443
13.206084372908744,449292.612244898,16.344556224589443
13.206084372908744,599005.8163265307,16.344556224589443
13.206084372908744,748719.0204081633,16.344556224589443
13.206084372908744,898432.224489796,16.344556224589443
13.206084372908744,1048145.4285714286,16.344556224589443
13.206084372908744,1197858.6326530613,16.344556224589443
13.206084372908744,1347571.836734694,16.344556224589443
13.206084372908744,1497285.0408163266,16.344556224589443
13.206084372908744,1646998.2448979593,16.344556224589443
13.206084372908744,1796711.448979592,16.344556224589443
13.206084372908744,1946424.6530612246,16.344556224589443
13.206084372908744,2096137.8571428573,16.344556224589443
13.206084372908744,2245851.06122449,16.344556224589443
13.206084372908744,2395564.2653061226,16.344556224589443
13.206084372908744,2545277.4693877553,16.344556224589443
13.206084372908744,2694990.673469388,16.344556224589443
13.206084372908744,2844703.8775510206,16.344556224589443
13.206084372908744,2994417.0816326533,16.344556224589443
13.206084372908744,3144130.285714286,16.344556224589443
13.206084372908744,3293843.4897959186,16.344556224589443
13.206084372908744,3443556.6938775512,16.344556224589443
13.206084372908744,3593269.897959184,16.344556224589443
13.203554815593746,3742983.1020408166,16.344556224589443
13.203554815593746,3892696.306122449,16.344556224589443
13.203554815593746,4042409.510204082,16.344556224589443
13.203554815593746,4192122.7142857146,16.344556224589443
13.203554815593746,4341835.918367347,16.344556224589443
13.203554815593746,4491549.12244898,16.344556224589443
13.203554815593746,4641262.326530613,16.344556224589443
13.203554815593746,4790975.530612245,16.344556224589443
13.203554815593746,4940688.734693877,16.344556224589443
13.203554815593746,5090401.9387755105,16.344556224589443
13.203554815593746,5240115.142857144,16.344556224589443
13.203554815593746,5389828.346938776,16.344556224589443
13.203554815593746,5539541.551020408,16.344556224589443
13.203554815593746,5689254.755102041,16.344556224589443
13.203554815593746,5838967.959183674,16.344556224589443
13.203554815593746,5988681.1632653065,16.344556224589443
13.203554815593746,6138394.367346939,16.344556224589443
13.203554815593746,6288107.571428572,16.344556224589443
13.203554815593746,6437820.775510205,16.344556224589443
13.203554815593746,6587533.979591837,16.344556224589443
13.203554815593746,6737247.183673469,16.344556224589443
13.203554815593746,6886960.3877551025,16.344556224589443
13.203554815593746,7036673.591836736,16.344556224589443
13.203554815593746,7186386.795918368,16.344556224589443
13.203554815593746,7336100,16.344556224589443
10.921305472765031,153,16.742453867075394
11.48383272417841,149866.20408163266,16.742453867075394
11.48383272417841,299579.4081632653,16.742453867075394
13.206084372908744,449292.612244898,16.742453867075394
13.206084372908744,599005.8163265307,16.742453867075394
13.206084372908744,748719.0204081633,16.742453867075394
13.206084372908744,898432.224489796,16.742453867075394
13.206084372908744,1048145.4285714286,16.742453867075394
13.206084372908744,1197858.6326530613,16.742453867075394
13.206084372908744,1347571.836734694,16.742453867075394
13.206084372908744,1497285.0408163266,16.742453867075394
13.206084372908744,1646998.2448979593,16.742453867075394
13.206084372908744,1796711.448979592,16.742453867075394
13.206084372908744,1946424.6530612246,16.742453867075394
13.206084372908744,2096137.8571428573,16.742453867075394
13.206084372908744,2245851.06122449,16.742453867075394
13.206084372908744,2395564.2653061226,16.742453867075394
13.206084372908744,2545277.4693877553,16.742453867075394
13.206084372908744,2694990.673469388,16.742453867075394
13.206084372908744,2844703.8775510206,16.742453867075394
13.206084372908744,2994417.0816326533,16.742453867075394
13.206084372908744,3144130.285714286,16.742453867075394
13.206084372908744,3293843.4897959186,16.742453867075394
13.206084372908744,3443556.6938775512,16.742453867075394
13.206084372908744,3593269.897959184,16.742453867075394
13.203554815593746,3742983.1020408166,16.742453867075394
13.203554815593746,3892696.306122449,16.742453867075394
13.203554815593746,4042409.510204082,16.742453867075394
13.203554815593746,4192122.7142857146,16.742453867075394
13.203554815593746,4341835.918367347,16.742453867075394
13.203554815593746,4491549.12244898,16.742453867075394
13.203554815593746,4641262.326530613,16.742453867075394
13.203554815593746,4790975.530612245,16.742453867075394
13.203554815593746,4940688.734693877,16.742453867075394
13.203554815593746,5090401.9387755105,16.742453867075394
13.203554815593746,5240115.142857144,16.742453867075394
13.203554815593746,5389828.346938776,16.742453867075394
13.203554815593746,5539541.551020408,16.742453867075394
13.203554815593746,5689254.755102041,16.742453867075394
13.203554815593746,5838967.959183674,16.742453867075394
13.203554815593746,5988681.1632653065,16.742453867075394
13.203554815593746,6138394.367346939,16.742453867075394
13.203554815593746,6288107.571428572,16.742453867075394
13.203554815593746,6437820.775510205,16.742453867075394
13.203554815593746,6587533.979591837,16.742453867075394
13.203554815593746,6737247.183673469,16.742453867075394
13.203554815593746,6886960.3877551025,16.742453867075394
13.203554815593746,7036673.591836736,16.742453867075394
13.203554815593746,7186386.795918368,16.742453867075394
13.203554815593746,7336100,16.742453867075394
10.921305472765031,153,17.14035150956134
11.48383272417841,149866.20408163266,17.14035150956134
11.48383272417841,299579.4081632653,17.14035150956134
13.206084372908744,449292.612244898,17.14035150956134
13.206084372908744,599005.8163265307,17.14035150956134
13.206084372908744,748719.0204081633,17.14035150956134
13.206084372908744,898432.224489796,17.14035150956134
13.206084372908744,1048145.4285714286,17.14035150956134
13.206084372908744,1197858.6326530613,17.14035150956134
13.206084372908744,1347571.836734694,17.14035150956134
13.206084372908744,1497285.0408163266,17.14035150956134
13.206084372908744,1646998.2448979593,17.14035150956134
13.206084372908744,1796711.448979592,17.14035150956134
13.206084372908744,1946424.6530612246,17.14035150956134
13.206084372908744,2096137.8571428573,17.14035150956134
13.206084372908744,2245851.06122449,17.14035150956134
13.206084372908744,2395564.2653061226,17.14035150956134
13.206084372908744,2545277.4693877553,17.14035150956134
13.206084372908744,2694990.673469388,17.14035150956134
13.206084372908744,2844703.8775510206,17.14035150956134
13.206084372908744,2994417.0816326533,17.14035150956134
13.206084372908744,3144130.285714286,17.14035150956134
13.206084372908744,3293843.4897959186,17.14035150956134
13.206084372908744,3443556.6938775512,17.14035150956134
13.206084372908744,3593269.897959184,17.14035150956134
13.203554815593746,3742983.1020408166,17.14035150956134
13.203554815593746,3892696.306122449,17.14035150956134
13.203554815593746,4042409.510204082,17.14035150956134
13.203554815593746,4192122.7142857146,17.14035150956134
13.203554815593746,4341835.918367347,17.14035150956134
13.203554815593746,4491549.12244898,17.14035150956134
13.203554815593746,4641262.326530613,17.14035150956134
13.203554815593746,4790975.530612245,17.14035150956134
13.203554815593746,4940688.734693877,17.14035150956134
13.203554815593746,5090401.9387755105,17.14035150956134
13.203554815593746,5240115.142857144,17.14035150956134
13.203554815593746,5389828.346938776,17.14035150956134
13.203554815593746,5539541.551020408,17.14035150956134
13.203554815593746,5689254.755102041,17.14035150956134
13.203554815593746,5838967.959183674,17.14035150956134
13.203554815593746,5988681.1632653065,17.14035150956134
13.203554815593746,6138394.367346939,17.14035150956134
13.203554815593746,6288107.571428572,17.14035150956134
13.203554815593746,6437820.775510205,17.14035150956134
13.203554815593746,6587533.979591837,17.14035150956134
13.203554815593746,6737247.183673469,17.14035150956134
13.203554815593746,6886960.3877551025,17.14035150956134
13.203554815593746,7036673.591836736,17.14035150956134
13.203554815593746,7186386.795918368,17.14035150956134
13.203554815593746,7336100,17.14035150956134
10.921305472765031,153,17.538249152047293
11.48383272417841,149866.20408163266,17.538249152047293
11.48383272417841,299579.4081632653,17.538249152047293
13.206084372908744,449292.612244898,17.538249152047293
13.206084372908744,599005.8163265307,17.538249152047293
13.206084372908744,748719.0204081633,17.538249152047293
13.206084372908744,898432.224489796,17.538249152047293
13.206084372908744,1048145.4285714286,17.538249152047293
13.206084372908744,1197858.6326530613,17.538249152047293
13.206084372908744,1347571.836734694,17.538249152047293
13.206084372908744,1497285.0408163266,17.538249152047293
13.206084372908744,1646998.2448979593,17.538249152047293
13.206084372908744,1796711.448979592,17.538249152047293
13.206084372908744,1946424.6530612246,17.538249152047293
13.206084372908744,2096137.8571428573,17.538249152047293
13.206084372908744,2245851.06122449,17.538249152047293
13.206084372908744,2395564.2653061226,17.538249152047293
13.206084372908744,2545277.4693877553,17.538249152047293
13.206084372908744,2694990.673469388,17.538249152047293
13.206084372908744,2844703.8775510206,17.538249152047293
13.206084372908744,2994417.0816326533,17.538249152047293
13.206084372908744,3144130.285714286,17.538249152047293
13.206084372908744,3293843.4897959186,17.538249152047293
13.206084372908744,3443556.6938775512,17.538249152047293
13.206084372908744,3593269.897959184,17.538249152047293
13.203554815593746,3742983.1020408166,17.538249152047293
13.203554815593746,3892696.306122449,17.538249152047293
13.203554815593746,4042409.510204082,17.538249152047293
13.203554815593746,4192122.7142857146,17.538249152047293
13.203554815593746,4341835.918367347,17.538249152047293
13.203554815593746,4491549.12244898,17.538249152047293
13.203554815593746,4641262.326530613,17.538249152047293
13.203554815593746,4790975.530612245,17.538249152047293
13.203554815593746,4940688.734693877,17.538249152047293
13.203554815593746,5090401.9387755105,17.538249152047293
13.203554815593746,5240115.142857144,17.538249152047293
13.203554815593746,5389828.346938776,17.538249152047293
13.203554815593746,5539541.551020408,17.538249152047293
13.203554815593746,5689254.755102041,17.538249152047293
13.203554815593746,5838967.959183674,17.538249152047293
13.203554815593746,5988681.1632653065,17.538249152047293
13.203554815593746,6138394.367346939,17.538249152047293
13.203554815593746,6288107.571428572,17.538249152047293
13.203554815593746,6437820.775510205,17.538249152047293
13.203554815593746,6587533.979591837,17.538249152047293
13.203554815593746,6737247.183673469,17.538249152047293
13.203554815593746,6886960.3877551025,17.538249152047293
13.203554815593746,7036673.591836736,17.538249152047293
13.203554815593746,7186386.795918368,17.538249152047293
13.203554815593746,7336100,17.538249152047293
10.921305472765031,153,17.93614679453324
11.48383272417841,149866.20408163266,17.93614679453324
11.48383272417841,299579.4081632653,17.93614679453324
13.206084372908744,449292.612244898,17.93614679453324
13.206084372908744,599005.8163265307,17.93614679453324
13.206084372908744,748719.0204081633,17.93614679453324
13.206084372908744,898432.224489796,17.93614679453324
13.206084372908744,1048145.4285714286,17.93614679453324
13.206084372908744,1197858.6326530613,17.93614679453324
13.206084372908744,1347571.836734694,17.93614679453324
13.206084372908744,1497285.0408163266,17.93614679453324
13.206084372908744,1646998.2448979593,17.93614679453324
13.206084372908744,1796711.448979592,17.93614679453324
13.206084372908744,1946424.6530612246,17.93614679453324
13.206084372908744,2096137.8571428573,17.93614679453324
13.206084372908744,2245851.06122449,17.93614679453324
13.206084372908744,2395564.2653061226,17.93614679453324
13.206084372908744,2545277.4693877553,17.93614679453324
13.206084372908744,2694990.673469388,17.93614679453324
13.206084372908744,2844703.8775510206,17.93614679453324
13.206084372908744,2994417.0816326533,17.93614679453324
13.206084372908744,3144130.285714286,17.93614679453324
13.206084372908744,3293843.4897959186,17.93614679453324
13.206084372908744,3443556.6938775512,17.93614679453324
13.206084372908744,3593269.897959184,17.93614679453324
13.203554815593746,3742983.1020408166,17.93614679453324
13.203554815593746,3892696.306122449,17.93614679453324
13.203554815593746,4042409.510204082,17.93614679453324
13.203554815593746,4192122.7142857146,17.93614679453324
13.203554815593746,4341835.918367347,17.93614679453324
13.203554815593746,4491549.12244898,17.93614679453324
13.203554815593746,4641262.326530613,17.93614679453324
13.203554815593746,4790975.530612245,17.93614679453324
13.203554815593746,4940688.734693877,17.93614679453324
13.203554815593746,5090401.9387755105,17.93614679453324
13.203554815593746,5240115.142857144,17.93614679453324
13.203554815593746,5389828.346938776,17.93614679453324
13.203554815593746,5539541.551020408,17.93614679453324
13.203554815593746,5689254.755102041,17.93614679453324
13.203554815593746,5838967.959183674,17.93614679453324
13.203554815593746,5988681.1632653065,17.93614679453324
13.203554815593746,6138394.367346939,17.93614679453324
13.203554815593746,6288107.571428572,17.93614679453324
13.203554815593746,6437820.775510205,17.93614679453324
13.203554815593746,6587533.979591837,17.93614679453324
13.203554815593746,6737247.183673469,17.93614679453324
13.203554815593746,6886960.3877551025,17.93614679453324
13.203554815593746,7036673.591836736,17.93614679453324
13.203554815593746,7186386.795918368,17.93614679453324
13.203554815593746,7336100,17.93614679453324
10.921305472765031,153,18.33404443701919
11.48383272417841,149866.20408163266,18.33404443701919
11.48383272417841,299579.4081632653,18.33404443701919
13.206084372908744,449292.612244898,18.33404443701919
13.206084372908744,599005.8163265307,18.33404443701919
13.206084372908744,748719.0204081633,18.33404443701919
13.206084372908744,898432.224489796,18.33404443701919
13.206084372908744,1048145.4285714286,18.33404443701919
13.206084372908744,1197858.6326530613,18.33404443701919
13.206084372908744,1347571.836734694,18.33404443701919
13.206084372908744,1497285.0408163266,18.33404443701919
13.206084372908744,1646998.2448979593,18.33404443701919
13.206084372908744,1796711.448979592,18.33404443701919
13.206084372908744,1946424.6530612246,18.33404443701919
13.206084372908744,2096137.8571428573,18.33404443701919
13.206084372908744,2245851.06122449,18.33404443701919
13.206084372908744,2395564.2653061226,18.33404443701919
13.206084372908744,2545277.4693877553,18.33404443701919
13.206084372908744,2694990.673469388,18.33404443701919
13.206084372908744,2844703.8775510206,18.33404443701919
13.206084372908744,2994417.0816326533,18.33404443701919
13.206084372908744,3144130.285714286,18.33404443701919
13.206084372908744,3293843.4897959186,18.33404443701919
13.206084372908744,3443556.6938775512,18.33404443701919
13.206084372908744,3593269.897959184,18.33404443701919
13.203554815593746,3742983.1020408166,18.33404443701919
13.203554815593746,3892696.306122449,18.33404443701919
13.203554815593746,4042409.510204082,18.33404443701919
13.203554815593746,4192122.7142857146,18.33404443701919
13.203554815593746,4341835.918367347,18.33404443701919
13.203554815593746,4491549.12244898,18.33404443701919
13.203554815593746,4641262.326530613,18.33404443701919
13.203554815593746,4790975.530612245,18.33404443701919
13.203554815593746,4940688.734693877,18.33404443701919
13.203554815593746,5090401.9387755105,18.33404443701919
13.203554815593746,5240115.142857144,18.33404443701919
13.203554815593746,5389828.346938776,18.33404443701919
13.203554815593746,5539541.551020408,18.33404443701919
13.203554815593746,5689254.755102041,18.33404443701919
13.203554815593746,5838967.959183674,18.33404443701919
13.203554815593746,5988681.1632653065,18.33404443701919
13.203554815593746,6138394.367346939,18.33404443701919
13.203554815593746,6288107.571428572,18.33404443701919
13.203554815593746,6437820.775510205,18.33404443701919
13.203554815593746,6587533.979591837,18.33404443701919
13.203554815593746,6737247.183673469,18.33404443701919
13.203554815593746,6886960.3877551025,18.33404443701919
13.203554815593746,7036673.591836736,18.33404443701919
13.203554815593746,7186386.795918368,18.33404443701919
13.203554815593746,7336100,18.33404443701919
10.921305472765031,153,18.73194207950514
11.48383272417841,149866.20408163266,18.73194207950514
11.48383272417841,299579.4081632653,18.73194207950514
13.206084372908744,449292.612244898,18.73194207950514
13.206084372908744,599005.8163265307,18.73194207950514
13.206084372908744,748719.0204081633,18.73194207950514
13.206084372908744,898432.224489796,18.73194207950514
13.206084372908744,1048145.4285714286,18.73194207950514
13.206084372908744,1197858.6326530613,18.73194207950514
13.206084372908744,1347571.836734694,18.73194207950514
13.206084372908744,1497285.0408163266,18.73194207950514
13.206084372908744,1646998.2448979593,18.73194207950514
13.206084372908744,1796711.448979592,18.73194207950514
13.206084372908744,1946424.6530612246,18.73194207950514
13.206084372908744,2096137.8571428573,18.73194207950514
13.206084372908744,2245851.06122449,18.73194207950514
13.206084372908744,2395564.2653061226,18.73194207950514
13.206084372908744,2545277.4693877553,18.73194207950514
13.206084372908744,2694990.673469388,18.73194207950514
13.206084372908744,2844703.8775510206,18.73194207950514
13.206084372908744,2994417.0816326533,18.73194207950514
13.206084372908744,3144130.285714286,18.73194207950514
13.206084372908744,3293843.4897959186,18.73194207950514
13.206084372908744,3443556.6938775512,18.73194207950514
13.206084372908744,3593269.897959184,18.73194207950514
13.203554815593746,3742983.1020408166,18.73194207950514
13.203554815593746,3892696.306122449,18.73194207950514
13.203554815593746,4042409.510204082,18.73194207950514
13.203554815593746,4192122.7142857146,18.73194207950514
13.203554815593746,4341835.918367347,18.73194207950514
13.203554815593746,4491549.12244898,18.73194207950514
13.203554815593746,4641262.326530613,18.73194207950514
13.203554815593746,4790975.530612245,18.73194207950514
13.203554815593746,4940688.734693877,18.73194207950514
13.203554815593746,5090401.9387755105,18.73194207950514
13.203554815593746,5240115.142857144,18.73194207950514
13.203554815593746,5389828.346938776,18.73194207950514
13.203554815593746,5539541.551020408,18.73194207950514
13.203554815593746,5689254.755102041,18.73194207950514
13.203554815593746,5838967.959183674,18.73194207950514
13.203554815593746,5988681.1632653065,18.73194207950514
13.203554815593746,6138394.367346939,18.73194207950514
13.203554815593746,6288107.571428572,18.73194207950514
13.203554815593746,6437820.775510205,18.73194207950514
13.203554815593746,6587533.979591837,18.73194207950514
13.203554815593746,6737247.183673469,18.73194207950514
13.203554815593746,6886960.3877551025,18.73194207950514
13.203554815593746,7036673.591836736,18.73194207950514
13.203554815593746,7186386.795918368,18.73194207950514
13.203554815593746,7336100,18.73194207950514
10.921305472765031,153,19.12983972199109
11.48383272417841,149866.20408163266,19.12983972199109
11.48383272417841,299579.4081632653,19.12983972199109
13.206084372908744,449292.612244898,19.12983972199109
13.206084372908744,599005.8163265307,19.12983972199109
13.206084372908744,748719.0204081633,19.12983972199109
13.206084372908744,898432.224489796,19.12983972199109
13.206084372908744,1048145.4285714286,19.12983972199109
13.206084372908744,1197858.6326530613,19.12983972199109
13.206084372908744,1347571.836734694,19.12983972199109
13.206084372908744,1497285.0408163266,19.12983972199109
13.206084372908744,1646998.2448979593,19.12983972199109
13.206084372908744,1796711.448979592,19.12983972199109
13.206084372908744,1946424.6530612246,19.12983972199109
13.206084372908744,2096137.8571428573,19.12983972199109
13.206084372908744,2245851.06122449,19.12983972199109
13.206084372908744,2395564.2653061226,19.12983972199109
13.206084372908744,2545277.4693877553,19.12983972199109
13.206084372908744,2694990.673469388,19.12983972199109
13.206084372908744,2844703.8775510206,19.12983972199109
13.206084372908744,2994417.0816326533,19.12983972199109
13.206084372908744,3144130.285714286,19.12983972199109
13.206084372908744,3293843.4897959186,19.12983972199109
13.206084372908744,3443556.6938775512,19.12983972199109
13.206084372908744,3593269.897959184,19.12983972199109
13.203554815593746,3742983.1020408166,19.12983972199109
13.203554815593746,3892696.306122449,19.12983972199109
13.203554815593746,4042409.510204082,19.12983972199109
13.203554815593746,4192122.7142857146,19.12983972199109
13.203554815593746,4341835.918367347,19.12983972199109
13.203554815593746,4491549.12244898,19.12983972199109
13.203554815593746,4641262.326530613,19.12983972199109
13.203554815593746,4790975.530612245,19.12983972199109
13.203554815593746,4940688.734693877,19.12983972199109
13.203554815593746,5090401.9387755105,19.12983972199109
13.203554815593746,5240115.142857144,19.12983972199109
13.203554815593746,5389828.346938776,19.12983972199109
13.203554815593746,5539541.551020408,19.12983972199109
13.203554815593746,5689254.755102041,19.12983972199109
13.203554815593746,5838967.959183674,19.12983972199109
13.203554815593746,5988681.1632653065,19.12983972199109
13.203554815593746,6138394.367346939,19.12983972199109
13.203554815593746,6288107.571428572,19.12983972199109
13.203554815593746,6437820.775510205,19.12983972199109
13.203554815593746,6587533.979591837,19.12983972199109
13.203554815593746,6737247.183673469,19.12983972199109
13.203554815593746,6886960.3877551025,19.12983972199109
13.203554815593746,7036673.591836736,19.12983972199109
13.203554815593746,7186386.795918368,19.12983972199109
13.203554815593746,7336100,19.12983972199109
10.921305472765031,153,19.527737364477037
11.48383272417841,149866.20408163266,19.527737364477037
11.48383272417841,299579.4081632653,19.527737364477037
13.206084372908744,449292.612244898,19.527737364477037
13.206084372908744,599005.8163265307,19.527737364477037
13.206084372908744,748719.0204081633,19.527737364477037
13.206084372908744,898432.224489796,19.527737364477037
13.206084372908744,1048145.4285714286,19.527737364477037
13.206084372908744,1197858.6326530613,19.527737364477037
13.206084372908744,1347571.836734694,19.527737364477037
13.206084372908744,1497285.0408163266,19.527737364477037
13.206084372908744,1646998.2448979593,19.527737364477037
13.206084372908744,1796711.448979592,19.527737364477037
13.206084372908744,1946424.6530612246,19.527737364477037
13.206084372908744,2096137.8571428573,19.527737364477037
13.206084372908744,2245851.06122449,19.527737364477037
13.206084372908744,2395564.2653061226,19.527737364477037
13.206084372908744,2545277.4693877553,19.527737364477037
13.206084372908744,2694990.673469388,19.527737364477037
13.206084372908744,2844703.8775510206,19.527737364477037
13.206084372908744,2994417.0816326533,19.527737364477037
13.206084372908744,3144130.285714286,19.527737364477037
13.206084372908744,3293843.4897959186,19.527737364477037
13.206084372908744,3443556.6938775512,19.527737364477037
13.206084372908744,3593269.897959184,19.527737364477037
13.203554815593746,3742983.1020408166,19.527737364477037
13.203554815593746,3892696.306122449,19.527737364477037
13.203554815593746,4042409.510204082,19.527737364477037
13.203554815593746,4192122.7142857146,19.527737364477037
13.203554815593746,4341835.918367347,19.527737364477037
13.203554815593746,4491549.12244898,19.527737364477037
13.203554815593746,4641262.326530613,19.527737364477037
13.203554815593746,4790975.530612245,19.527737364477037
13.203554815593746,4940688.734693877,19.527737364477037
13.203554815593746,5090401.9387755105,19.527737364477037
13.203554815593746,5240115.142857144,19.527737364477037
13.203554815593746,5389828.346938776,19.527737364477037
13.203554815593746,5539541.551020408,19.527737364477037
13.203554815593746,5689254.755102041,19.527737364477037
13.203554815593746,5838967.959183674,19.527737364477037
13.203554815593746,5988681.1632653065,19.527737364477037
13.203554815593746,6138394.367346939,19.527737364477037
13.203554815593746,6288107.571428572,19.527737364477037
13.203554815593746,6437820.775510205,19.527737364477037
13.203554815593746,6587533.979591837,19.527737364477037
13.203554815593746,6737247.183673469,19.527737364477037
13.203554815593746,6886960.3877551025,19.527737364477037
13.203554815593746,7036673.591836736,19.527737364477037
13.203554815593746,7186386.795918368,19.527737364477037
13.203554815593746,7336100,19.527737364477037
10.921305472765031,153,19.925635006962988
11.48383272417841,149866.20408163266,19.925635006962988
11.48383272417841,299579.4081632653,19.925635006962988
13.206084372908744,449292.612244898,19.925635006962988
13.206084372908744,599005.8163265307,19.925635006962988
13.206084372908744,748719.0204081633,19.925635006962988
13.206084372908744,898432.224489796,19.925635006962988
13.206084372908744,1048145.4285714286,19.925635006962988
13.206084372908744,1197858.6326530613,19.925635006962988
13.206084372908744,1347571.836734694,19.925635006962988
13.206084372908744,1497285.0408163266,19.925635006962988
13.206084372908744,1646998.2448979593,19.925635006962988
13.206084372908744,1796711.448979592,19.925635006962988
13.206084372908744,1946424.6530612246,19.925635006962988
13.206084372908744,2096137.8571428573,19.925635006962988
13.206084372908744,2245851.06122449,19.925635006962988
13.206084372908744,2395564.2653061226,19.925635006962988
13.206084372908744,2545277.4693877553,19.925635006962988
13.206084372908744,2694990.673469388,19.925635006962988
13.206084372908744,2844703.8775510206,19.925635006962988
13.206084372908744,2994417.0816326533,19.925635006962988
13.206084372908744,3144130.285714286,19.925635006962988
13.206084372908744,3293843.4897959186,19.925635006962988
13.206084372908744,3443556.6938775512,19.925635006962988
13.206084372908744,3593269.897959184,19.925635006962988
13.203554815593746,3742983.1020408166,19.925635006962988
13.203554815593746,3892696.306122449,19.925635006962988
13.203554815593746,4042409.510204082,19.925635006962988
13.203554815593746,4192122.7142857146,19.925635006962988
13.203554815593746,4341835.918367347,19.925635006962988
13.203554815593746,4491549.12244898,19.925635006962988
13.203554815593746,4641262.326530613,19.925635006962988
13.203554815593746,4790975.530612245,19.925635006962988
13.203554815593746,4940688.734693877,19.925635006962988
13.203554815593746,5090401.9387755105,19.925635006962988
13.203554815593746,5240115.142857144,19.925635006962988
13.203554815593746,5389828.346938776,19.925635006962988
13.203554815593746,5539541.551020408,19.925635006962988
13.203554815593746,5689254.755102041,19.925635006962988
13.203554815593746,5838967.959183674,19.925635006962988
13.203554815593746,5988681.1632653065,19.925635006962988
13.203554815593746,6138394.367346939,19.925635006962988
13.203554815593746,6288107.571428572,19.925635006962988
13.203554815593746,6437820.775510205,19.925635006962988
13.203554815593746,6587533.979591837,19.925635006962988
13.203554815593746,6737247.183673469,19.925635006962988
13.203554815593746,6886960.3877551025,19.925635006962988
13.203554815593746,7036673.591836736,19.925635006962988
13.203554815593746,7186386.795918368,19.925635006962988
13.203554815593746,7336100,19.925635006962988
10.921305472765031,153,20.323532649448936
11.48383272417841,149866.20408163266,20.323532649448936
11.48383272417841,299579.4081632653,20.323532649448936
13.206084372908744,449292.612244898,20.323532649448936
13.206084372908744,599005.8163265307,20.323532649448936
13.206084372908744,748719.0204081633,20.323532649448936
13.206084372908744,898432.224489796,20.323532649448936
13.206084372908744,1048145.4285714286,20.323532649448936
13.206084372908744,1197858.6326530613,20.323532649448936
13.206084372908744,1347571.836734694,20.323532649448936
13.206084372908744,1497285.0408163266,20.323532649448936
13.206084372908744,1646998.2448979593,20.323532649448936
13.206084372908744,1796711.448979592,20.323532649448936
13.206084372908744,1946424.6530612246,20.323532649448936
13.206084372908744,2096137.8571428573,20.323532649448936
13.206084372908744,2245851.06122449,20.323532649448936
13.206084372908744,2395564.2653061226,20.323532649448936
13.206084372908744,2545277.4693877553,20.323532649448936
13.206084372908744,2694990.673469388,20.323532649448936
13.206084372908744,2844703.8775510206,20.323532649448936
13.206084372908744,2994417.0816326533,20.323532649448936
13.206084372908744,3144130.285714286,20.323532649448936
13.206084372908744,3293843.4897959186,20.323532649448936
13.206084372908744,3443556.6938775512,20.323532649448936
13.206084372908744,3593269.897959184,20.323532649448936
13.203554815593746,3742983.1020408166,20.323532649448936
13.203554815593746,3892696.306122449,20.323532649448936
13.203554815593746,4042409.510204082,20.323532649448936
13.203554815593746,4192122.7142857146,20.323532649448936
13.203554815593746,4341835.918367347,20.323532649448936
13.203554815593746,4491549.12244898,20.323532649448936
13.203554815593746,4641262.326530613,20.323532649448936
13.203554815593746,4790975.530612245,20.323532649448936
13.203554815593746,4940688.734693877,20.323532649448936
13.203554815593746,5090401.9387755105,20.323532649448936
13.203554815593746,5240115.142857144,20.323532649448936
13.203554815593746,5389828.346938776,20.323532649448936
13.203554815593746,5539541.551020408,20.323532649448936
13.203554815593746,5689254.755102041,20.323532649448936
13.203554815593746,5838967.959183674,20.323532649448936
13.203554815593746,5988681.1632653065,20.323532649448936
13.203554815593746,6138394.367346939,20.323532649448936
13.203554815593746,6288107.571428572,20.323532649448936
13.203554815593746,6437820.775510205,20.323532649448936
13.203554815593746,6587533.979591837,20.323532649448936
13.203554815593746,6737247.183673469,20.323532649448936
13.203554815593746,6886960.3877551025,20.323532649448936
13.203554815593746,7036673.591836736,20.323532649448936
13.203554815593746,7186386.795918368,20.323532649448936
13.203554815593746,7336100,20.323532649448936
10.921305472765031,153,20.721430291934887
11.48383272417841,149866.20408163266,20.721430291934887
11.48383272417841,299579.4081632653,20.721430291934887
13.206084372908744,449292.612244898,20.721430291934887
13.206084372908744,599005.8163265307,20.721430291934887
13.206084372908744,748719.0204081633,20.721430291934887
13.206084372908744,898432.224489796,20.721430291934887
13.206084372908744,1048145.4285714286,20.721430291934887
13.206084372908744,1197858.6326530613,20.721430291934887
13.206084372908744,1347571.836734694,20.721430291934887
13.206084372908744,1497285.0408163266,20.721430291934887
13.206084372908744,1646998.2448979593,20.721430291934887
13.206084372908744,1796711.448979592,20.721430291934887
13.206084372908744,1946424.6530612246,20.721430291934887
13.206084372908744,2096137.8571428573,20.721430291934887
13.206084372908744,2245851.06122449,20.721430291934887
13.206084372908744,2395564.2653061226,20.721430291934887
13.206084372908744,2545277.4693877553,20.721430291934887
13.206084372908744,2694990.673469388,20.721430291934887
13.206084372908744,2844703.8775510206,20.721430291934887
13.206084372908744,2994417.0816326533,20.721430291934887
13.206084372908744,3144130.285714286,20.721430291934887
13.206084372908744,3293843.4897959186,20.721430291934887
13.206084372908744,3443556.6938775512,20.721430291934887
13.206084372908744,3593269.897959184,20.721430291934887
13.203554815593746,3742983.1020408166,20.721430291934887
13.203554815593746,3892696.306122449,20.721430291934887
13.203554815593746,4042409.510204082,20.721430291934887
13.203554815593746,4192122.7142857146,20.721430291934887
13.203554815593746,4341835.918367347,20.721430291934887
13.203554815593746,4491549.12244898,20.721430291934887
13.203554815593746,4641262.326530613,20.721430291934887
13.203554815593746,4790975.530612245,20.721430291934887
13.203554815593746,4940688.734693877,20.721430291934887
13.203554815593746,5090401.9387755105,20.721430291934887
13.203554815593746,5240115.142857144,20.721430291934887
13.203554815593746,5389828.346938776,20.721430291934887
13.203554815593746,5539541.551020408,20.721430291934887
13.203554815593746,5689254.755102041,20.721430291934887
13.203554815593746,5838967.959183674,20.721430291934887
13.203554815593746,5988681.1632653065,20.721430291934887
13.203554815593746,6138394.367346939,20.721430291934887
13.203554815593746,6288107.571428572,20.721430291934887
13.203554815593746,6437820.775510205,20.721430291934887
13.203554815593746,6587533.979591837,20.721430291934887
13.203554815593746,6737247.183673469,20.721430291934887
13.203554815593746,6886960.3877551025,20.721430291934887
13.203554815593746,7036673.591836736,20.721430291934887
13.203554815593746,7186386.795918368,20.721430291934887
13.203554815593746,7336100,20.721430291934887
10.921305472765031,153,21.119327934420834
11.48383272417841,149866.20408163266,21.119327934420834
11.48383272417841,299579.4081632653,21.119327934420834
13.206084372908744,449292.612244898,21.119327934420834
13.206084372908744,599005.8163265307,21.119327934420834
13.206084372908744,748719.0204081633,21.119327934420834
13.206084372908744,898432.224489796,21.119327934420834
13.206084372908744,1048145.4285714286,21.119327934420834
13.206084372908744,1197858.6326530613,21.119327934420834
13.206084372908744,1347571.836734694,21.119327934420834
13.206084372908744,1497285.0408163266,21.119327934420834
13.206084372908744,1646998.2448979593,21.119327934420834
13.206084372908744,1796711.448979592,21.119327934420834
13.206084372908744,1946424.6530612246,21.119327934420834
13.206084372908744,2096137.8571428573,21.119327934420834
13.206084372908744,2245851.06122449,21.119327934420834
13.206084372908744,2395564.2653061226,21.119327934420834
13.206084372908744,2545277.4693877553,21.119327934420834
13.206084372908744,2694990.673469388,21.119327934420834
13.206084372908744,2844703.8775510206,21.119327934420834
13.206084372908744,2994417.0816326533,21.119327934420834
13.206084372908744,3144130.285714286,21.119327934420834
13.206084372908744,3293843.4897959186,21.119327934420834
13.206084372908744,3443556.6938775512,21.119327934420834
13.206084372908744,3593269.897959184,21.119327934420834
13.203554815593746,3742983.1020408166,21.119327934420834
13.203554815593746,3892696.306122449,21.119327934420834
13.203554815593746,4042409.510204082,21.119327934420834
13.203554815593746,4192122.7142857146,21.119327934420834
13.203554815593746,4341835.918367347,21.119327934420834
13.203554815593746,4491549.12244898,21.119327934420834
13.203554815593746,4641262.326530613,21.119327934420834
13.203554815593746,4790975.530612245,21.119327934420834
13.203554815593746,4940688.734693877,21.119327934420834
13.203554815593746,5090401.9387755105,21.119327934420834
13.203554815593746,5240115.142857144,21.119327934420834
13.203554815593746,5389828.346938776,21.119327934420834
13.203554815593746,5539541.551020408,21.119327934420834
13.203554815593746,5689254.755102041,21.119327934420834
13.203554815593746,5838967.959183674,21.119327934420834
13.203554815593746,5988681.1632653065,21.119327934420834
13.203554815593746,6138394.367346939,21.119327934420834
13.203554815593746,6288107.571428572,21.119327934420834
13.203554815593746,6437820.775510205,21.119327934420834
13.203554815593746,6587533.979591837,21.119327934420834
13.203554815593746,6737247.183673469,21.119327934420834
13.203554815593746,6886960.3877551025,21.119327934420834
13.203554815593746,7036673.591836736,21.119327934420834
13.203554815593746,7186386.795918368,21.119327934420834
13.203554815593746,7336100,21.119327934420834
10.921305472765031,153,21.517225576906785
11.48383272417841,149866.20408163266,21.517225576906785
11.48383272417841,299579.4081632653,21.517225576906785
13.206084372908744,449292.612244898,21.517225576906785
13.206084372908744,599005.8163265307,21.517225576906785
13.206084372908744,748719.0204081633,21.517225576906785
13.206084372908744,898432.224489796,21.517225576906785
13.206084372908744,1048145.4285714286,21.517225576906785
13.206084372908744,1197858.6326530613,21.517225576906785
13.206084372908744,1347571.836734694,21.517225576906785
13.206084372908744,1497285.0408163266,21.517225576906785
13.206084372908744,1646998.2448979593,21.517225576906785
13.206084372908744,1796711.448979592,21.517225576906785
13.206084372908744,1946424.6530612246,21.517225576906785
13.206084372908744,2096137.8571428573,21.517225576906785
13.206084372908744,2245851.06122449,21.517225576906785
13.206084372908744,2395564.2653061226,21.517225576906785
13.206084372908744,2545277.4693877553,21.517225576906785
13.206084372908744,2694990.673469388,21.517225576906785
13.206084372908744,2844703.8775510206,21.517225576906785
13.206084372908744,2994417.0816326533,21.517225576906785
13.206084372908744,3144130.285714286,21.517225576906785
13.206084372908744,3293843.4897959186,21.517225576906785
13.206084372908744,3443556.6938775512,21.517225576906785
13.206084372908744,3593269.897959184,21.517225576906785
13.203554815593746,3742983.1020408166,21.517225576906785
13.203554815593746,3892696.306122449,21.517225576906785
13.203554815593746,4042409.510204082,21.517225576906785
13.203554815593746,4192122.7142857146,21.517225576906785
13.203554815593746,4341835.918367347,21.517225576906785
13.203554815593746,4491549.12244898,21.517225576906785
13.203554815593746,4641262.326530613,21.517225576906785
13.203554815593746,4790975.530612245,21.517225576906785
13.203554815593746,4940688.734693877,21.517225576906785
13.203554815593746,5090401.9387755105,21.517225576906785
13.203554815593746,5240115.142857144,21.517225576906785
13.203554815593746,5389828.346938776,21.517225576906785
13.203554815593746,5539541.551020408,21.517225576906785
13.203554815593746,5689254.755102041,21.517225576906785
13.203554815593746,5838967.959183674,21.517225576906785
13.203554815593746,5988681.1632653065,21.517225576906785
13.203554815593746,6138394.367346939,21.517225576906785
13.203554815593746,6288107.571428572,21.517225576906785
13.203554815593746,6437820.775510205,21.517225576906785
13.203554815593746,6587533.979591837,21.517225576906785
13.203554815593746,6737247.183673469,21.517225576906785
13.203554815593746,6886960.3877551025,21.517225576906785
13.203554815593746,7036673.591836736,21.517225576906785
13.203554815593746,7186386.795918368,21.517225576906785
13.203554815593746,7336100,21.517225576906785
10.921305472765031,153,21.915123219392733
11.48383272417841,149866.20408163266,21.915123219392733
11.48383272417841,299579.4081632653,21.915123219392733
13.206084372908744,449292.612244898,21.915123219392733
13.206084372908744,599005.8163265307,21.915123219392733
13.206084372908744,748719.0204081633,21.915123219392733
13.206084372908744,898432.224489796,21.915123219392733
13.206084372908744,1048145.4285714286,21.915123219392733
13.206084372908744,1197858.6326530613,21.915123219392733
13.206084372908744,1347571.836734694,21.915123219392733
13.206084372908744,1497285.0408163266,21.915123219392733
13.206084372908744,1646998.2448979593,21.915123219392733
13.206084372908744,1796711.448979592,21.915123219392733
13.206084372908744,1946424.6530612246,21.915123219392733
13.206084372908744,2096137.8571428573,21.915123219392733
13.206084372908744,2245851.06122449,21.915123219392733
13.206084372908744,2395564.2653061226,21.915123219392733
13.206084372908744,2545277.4693877553,21.915123219392733
13.206084372908744,2694990.673469388,21.915123219392733
13.206084372908744,2844703.8775510206,21.915123219392733
13.206084372908744,2994417.0816326533,21.915123219392733
13.206084372908744,3144130.285714286,21.915123219392733
13.206084372908744,3293843.4897959186,21.915123219392733
13.206084372908744,3443556.6938775512,21.915123219392733
13.206084372908744,3593269.897959184,21.915123219392733
13.203554815593746,3742983.1020408166,21.915123219392733
13.203554815593746,3892696.306122449,21.915123219392733
13.203554815593746,4042409.510204082,21.915123219392733
13.203554815593746,4192122.7142857146,21.915123219392733
13.203554815593746,4341835.918367347,21.915123219392733
13.203554815593746,4491549.12244898,21.915123219392733
13.203554815593746,4641262.326530613,21.915123219392733
13.203554815593746,4790975.530612245,21.915123219392733
13.203554815593746,4940688.734693877,21.915123219392733
13.203554815593746,5090401.9387755105,21.915123219392733
13.203554815593746,5240115.142857144,21.915123219392733
13.203554815593746,5389828.346938776,21.915123219392733
13.203554815593746,5539541.551020408,21.915123219392733
13.203554815593746,5689254.755102041,21.915123219392733
13.203554815593746,5838967.959183674,21.915123219392733
13.203554815593746,5988681.1632653065,21.915123219392733
13.203554815593746,6138394.367346939,21.915123219392733
13.203554815593746,6288107.571428572,21.915123219392733
13.203554815593746,6437820.775510205,21.915123219392733
13.203554815593746,6587533.979591837,21.915123219392733
13.203554815593746,6737247.183673469,21.915123219392733
13.203554815593746,6886960.3877551025,21.915123219392733
13.203554815593746,7036673.591836736,21.915123219392733
13.203554815593746,7186386.795918368,21.915123219392733
13.203554815593746,7336100,21.915123219392733
10.921305472765031,153,22.313020861878684
11.48383272417841,149866.20408163266,22.313020861878684
11.48383272417841,299579.4081632653,22.313020861878684
13.206084372908744,449292.612244898,22.313020861878684
13.206084372908744,599005.8163265307,22.313020861878684
13.206084372908744,748719.0204081633,22.313020861878684
13.206084372908744,898432.224489796,22.313020861878684
13.206084372908744,1048145.4285714286,22.313020861878684
13.206084372908744,1197858.6326530613,22.313020861878684
13.206084372908744,1347571.836734694,22.313020861878684
13.206084372908744,1497285.0408163266,22.313020861878684
13.206084372908744,1646998.2448979593,22.313020861878684
13.206084372908744,1796711.448979592,22.313020861878684
13.206084372908744,1946424.6530612246,22.313020861878684
13.206084372908744,2096137.8571428573,22.313020861878684
13.206084372908744,2245851.06122449,22.313020861878684
13.206084372908744,2395564.2653061226,22.313020861878684
13.206084372908744,2545277.4693877553,22.313020861878684
13.206084372908744,2694990.673469388,22.313020861878684
13.206084372908744,2844703.8775510206,22.313020861878684
13.206084372908744,2994417.0816326533,22.313020861878684
13.206084372908744,3144130.285714286,22.313020861878684
13.206084372908744,3293843.4897959186,22.313020861878684
13.206084372908744,3443556.6938775512,22.313020861878684
13.206084372908744,3593269.897959184,22.313020861878684
13.203554815593746,3742983.1020408166,22.313020861878684
13.203554815593746,3892696.306122449,22.313020861878684
13.203554815593746,4042409.510204082,22.313020861878684
13.203554815593746,4192122.7142857146,22.313020861878684
13.203554815593746,4341835.918367347,22.313020861878684
13.203554815593746,4491549.12244898,22.313020861878684
13.203554815593746,4641262.326530613,22.313020861878684
13.203554815593746,4790975.530612245,22.313020861878684
13.203554815593746,4940688.734693877,22.313020861878684
13.203554815593746,5090401.9387755105,22.313020861878684
13.203554815593746,5240115.142857144,22.313020861878684
13.203554815593746,5389828.346938776,22.313020861878684
13.203554815593746,5539541.551020408,22.313020861878684
13.203554815593746,5689254.755102041,22.313020861878684
13.203554815593746,5838967.959183674,22.313020861878684
13.203554815593746,5988681.1632653065,22.313020861878684
13.203554815593746,6138394.367346939,22.313020861878684
13.203554815593746,6288107.571428572,22.313020861878684
13.203554815593746,6437820.775510205,22.313020861878684
13.203554815593746,6587533.979591837,22.313020861878684
13.203554815593746,6737247.183673469,22.313020861878684
13.203554815593746,6886960.3877551025,22.313020861878684
13.203554815593746,7036673.591836736,22.313020861878684
13.203554815593746,7186386.795918368,22.313020861878684
13.203554815593746,7336100,22.313020861878684
10.921305472765031,153,22.710918504364635
11.48383272417841,149866.20408163266,22.710918504364635
11.48383272417841,299579.4081632653,22.710918504364635
13.206084372908744,449292.612244898,22.710918504364635
13.206084372908744,599005.8163265307,22.710918504364635
13.206084372908744,748719.0204081633,22.710918504364635
13.206084372908744,898432.224489796,22.710918504364635
13.206084372908744,1048145.4285714286,22.710918504364635
13.206084372908744,1197858.6326530613,22.710918504364635
13.206084372908744,1347571.836734694,22.710918504364635
13.206084372908744,1497285.0408163266,22.710918504364635
13.206084372908744,1646998.2448979593,22.710918504364635
13.206084372908744,1796711.448979592,22.710918504364635
13.206084372908744,1946424.6530612246,22.710918504364635
13.206084372908744,2096137.8571428573,22.710918504364635
13.206084372908744,2245851.06122449,22.710918504364635
13.206084372908744,2395564.2653061226,22.710918504364635
13.206084372908744,2545277.4693877553,22.710918504364635
13.206084372908744,2694990.673469388,22.710918504364635
13.206084372908744,2844703.8775510206,22.710918504364635
13.206084372908744,2994417.0816326533,22.710918504364635
13.206084372908744,3144130.285714286,22.710918504364635
13.206084372908744,3293843.4897959186,22.710918504364635
13.206084372908744,3443556.6938775512,22.710918504364635
13.206084372908744,3593269.897959184,22.710918504364635
13.203554815593746,3742983.1020408166,22.710918504364635
13.203554815593746,3892696.306122449,22.710918504364635
13.203554815593746,4042409.510204082,22.710918504364635
13.203554815593746,4192122.7142857146,22.710918504364635
13.203554815593746,4341835.918367347,22.710918504364635
13.203554815593746,4491549.12244898,22.710918504364635
13.203554815593746,4641262.326530613,22.710918504364635
13.203554815593746,4790975.530612245,22.710918504364635
13.203554815593746,4940688.734693877,22.710918504364635
13.203554815593746,5090401.9387755105,22.710918504364635
13.203554815593746,5240115.142857144,22.710918504364635
13.203554815593746,5389828.346938776,22.710918504364635
13.203554815593746,5539541.551020408,22.710918504364635
13.203554815593746,5689254.755102041,22.710918504364635
13.203554815593746,5838967.959183674,22.710918504364635
13.203554815593746,5988681.1632653065,22.710918504364635
13.203554815593746,6138394.367346939,22.710918504364635
13.203554815593746,6288107.571428572,22.710918504364635
13.203554815593746,6437820.775510205,22.710918504364635
13.203554815593746,6587533.979591837,22.710918504364635
13.203554815593746,6737247.183673469,22.710918504364635
13.203554815593746,6886960.3877551025,22.710918504364635
13.203554815593746,7036673.591836736,22.710918504364635
13.203554815593746,7186386.795918368,22.710918504364635
13.203554815593746,7336100,22.710918504364635
10.921305472765031,153,23.108816146850582
11.48383272417841,149866.20408163266,23.108816146850582
11.48383272417841,299579.4081632653,23.108816146850582
13.206084372908744,449292.612244898,23.108816146850582
13.206084372908744,599005.8163265307,23.108816146850582
13.206084372908744,748719.0204081633,23.108816146850582
13.206084372908744,898432.224489796,23.108816146850582
13.206084372908744,1048145.4285714286,23.108816146850582
13.206084372908744,1197858.6326530613,23.108816146850582
13.206084372908744,1347571.836734694,23.108816146850582
13.206084372908744,1497285.0408163266,23.108816146850582
13.206084372908744,1646998.2448979593,23.108816146850582
13.206084372908744,1796711.448979592,23.108816146850582
13.206084372908744,1946424.6530612246,23.108816146850582
13.206084372908744,2096137.8571428573,23.108816146850582
13.206084372908744,2245851.06122449,23.108816146850582
13.206084372908744,2395564.2653061226,23.108816146850582
13.206084372908744,2545277.4693877553,23.108816146850582
13.206084372908744,2694990.673469388,23.108816146850582
13.206084372908744,2844703.8775510206,23.108816146850582
13.206084372908744,2994417.0816326533,23.108816146850582
13.206084372908744,3144130.285714286,23.108816146850582
13.206084372908744,3293843.4897959186,23.108816146850582
13.206084372908744,3443556.6938775512,23.108816146850582
13.206084372908744,3593269.897959184,23.108816146850582
13.203554815593746,3742983.1020408166,23.108816146850582
13.203554815593746,3892696.306122449,23.108816146850582
13.203554815593746,4042409.510204082,23.108816146850582
13.203554815593746,4192122.7142857146,23.108816146850582
13.203554815593746,4341835.918367347,23.108816146850582
13.203554815593746,4491549.12244898,23.108816146850582
13.203554815593746,4641262.326530613,23.108816146850582
13.203554815593746,4790975.530612245,23.108816146850582
13.203554815593746,4940688.734693877,23.108816146850582
13.203554815593746,5090401.9387755105,23.108816146850582
13.203554815593746,5240115.142857144,23.108816146850582
13.203554815593746,5389828.346938776,23.108816146850582
13.203554815593746,5539541.551020408,23.108816146850582
13.203554815593746,5689254.755102041,23.108816146850582
13.203554815593746,5838967.959183674,23.108816146850582
13.203554815593746,5988681.1632653065,23.108816146850582
13.203554815593746,6138394.367346939,23.108816146850582
13.203554815593746,6288107.571428572,23.108816146850582
13.203554815593746,6437820.775510205,23.108816146850582
13.203554815593746,6587533.979591837,23.108816146850582
13.203554815593746,6737247.183673469,23.108816146850582
13.203554815593746,6886960.3877551025,23.108816146850582
13.203554815593746,7036673.591836736,23.108816146850582
13.203554815593746,7186386.795918368,23.108816146850582
13.203554815593746,7336100,23.108816146850582
