Q,cumulative_landfalling_area,max_south_extent
0.014251673960650621,177,-85
0.37950483498053245,149889.7142857143,-85
0.5052082587989818,299602.4285714286,-85
0.6850744498258352,449315.14285714284,-85
0.6850744498258352,599027.8571428572,-85
0.7378935075437629,748740.5714285715,-85
0.7378935075437629,898453.2857142857,-85
0.7378935075437629,1048166,-85
0.9092479685679211,1197878.7142857143,-85
0.9092479685679211,1347591.4285714286,-85
0.9092479685679211,1497304.142857143,-85
0.9092479685679211,1647016.8571428573,-85
1.1702219026849072,1796729.5714285714,-85
1.1702219026849072,1946442.2857142857,-85
1.1702219026849072,2096155,-85
1.1702219026849072,2245867.7142857146,-85
1.1702219026849072,2395580.4285714286,-85
1.2695576539366837,2545293.1428571427,-85
2.248222275367771,2695005.8571428573,-85
2.248222275367771,2844718.5714285714,-85
2.248222275367771,2994431.285714286,-85
2.248222275367771,3144144,-85
2.248222275367771,3293856.7142857146,-85
2.248222275367771,3443569.4285714286,-85
2.248222275367771,3593282.1428571427,-85
2.248222275367771,3742994.8571428573,-85
2.248222275367771,3892707.5714285714,-85
2.248222275367771,4042420.285714286,-85
2.248222275367771,4192133,-85
2.248222275367771,4341845.714285715,-85
2.248222275367771,4491558.428571429,-85
2.248222275367771,4641271.142857143,-85
2.248222275367771,4790983.857142857,-85
2.248222275367771,4940696.571428572,-85
2.248222275367771,5090409.285714285,-85
2.248222275367771,5240122,-85
2.248222275367771,5389834.714285715,-85
2.248222275367771,5539547.428571429,-85
2.248222275367771,5689260.142857143,-85
2.248222275367771,5838972.857142857,-85
2.248222275367771,5988685.571428572,-85
2.248222275367771,6138398.285714285,-85
2.248222275367771,6288111,-85
2.248222275367771,6437823.714285715,-85
2.248222275367771,6587536.428571429,-85
2.248222275367771,6737249.142857143,-85
2.248222275367771,6886961.857142857,-85
2.248222275367771,7036674.571428572,-85
2.248222275367771,7186387.285714285,-85
2.248222275367771,7336100,-85
0.014026515148983922,177,-84.56122448979592
0.3735091282374574,149889.7142857143,-84.56122448979592
0.4972265935216641,299602.4285714286,-84.56122448979592
0.6742511213205741,449315.14285714284,-84.56122448979592
0.6742511213205741,599027.8571428572,-84.56122448979592
0.726235703291866,748740.5714285715,-84.56122448979592
0.726235703291866,898453.2857142857,-84.56122448979592
0.726235703291866,1048166,-84.56122448979592
0.8948829758885797,1197878.7142857143,-84.56122448979592
0.8948829758885797,1347591.4285714286,-84.56122448979592
0.8948829758885797,1497304.142857143,-84.56122448979592
0.8948829758885797,1647016.8571428573,-84.56122448979592
1.151733844810277,1796729.5714285714,-84.56122448979592
1.151733844810277,1946442.2857142857,-84.56122448979592
1.151733844810277,2096155,-84.56122448979592
1.151733844810277,2245867.7142857146,-84.56122448979592
1.151733844810277,2395580.4285714286,-84.56122448979592
1.249500214123509,2545293.1428571427,-84.56122448979592
2.21270314566539,2695005.8571428573,-84.56122448979592
2.21270314566539,2844718.5714285714,-84.56122448979592
2.21270314566539,2994431.285714286,-84.56122448979592
2.21270314566539,3144144,-84.56122448979592
2.21270314566539,3293856.7142857146,-84.56122448979592
2.21270314566539,3443569.4285714286,-84.56122448979592
2.21270314566539,3593282.1428571427,-84.56122448979592
2.21270314566539,3742994.8571428573,-84.56122448979592
2.21270314566539,3892707.5714285714,-84.56122448979592
2.21270314566539,4042420.285714286,-84.56122448979592
2.21270314566539,4192133,-84.56122448979592
2.21270314566539,4341845.714285715,-84.56122448979592
2.21270314566539,4491558.428571429,-84.56122448979592
2.21270314566539,4641271.142857143,-84.56122448979592
2.21270314566539,4790983.857142857,-84.56122448979592
2.21270314566539,4940696.571428572,-84.56122448979592
2.21270314566539,5090409.285714285,-84.56122448979592
2.21270314566539,5240122,-84.56122448979592
2.21270314566539,5389834.714285715,-84.56122448979592
2.21270314566539,5539547.428571429,-84.56122448979592
2.21270314566539,5689260.142857143,-84.56122448979592
2.21270314566539,5838972.857142857,-84.56122448979592
2.21270314566539,5988685.571428572,-84.56122448979592
2.21270314566539,6138398.285714285,-84.56122448979592
2.21270314566539,6288111,-84.56122448979592
2.21270314566539,6437823.714285715,-84.56122448979592
2.21270314566539,6587536.428571429,-84.56122448979592
2.21270314566539,6737249.142857143,-84.56122448979592
2.21270314566539,6886961.857142857,-84.56122448979592
2.21270314566539,7036674.571428572,-84.56122448979592
2.21270314566539,7186387.285714285,-84.56122448979592
2.21270314566539,7336100,-84.56122448979592
0.014026515148983922,177,-84.12244897959184
0.3735091282374574,149889.7142857143,-84.12244897959184
0.4972265935216641,299602.4285714286,-84.12244897959184
0.6742511213205741,449315.14285714284,-84.12244897959184
0.6742511213205741,599027.8571428572,-84.12244897959184
0.726235703291866,748740.5714285715,-84.12244897959184
0.726235703291866,898453.2857142857,-84.12244897959184
0.726235703291866,1048166,-84.12244897959184
0.8948829758885797,1197878.7142857143,-84.12244897959184
0.8948829758885797,1347591.4285714286,-84.12244897959184
0.8948829758885797,1497304.142857143,-84.12244897959184
0.8948829758885797,1647016.8571428573,-84.12244897959184
1.151733844810277,1796729.5714285714,-84.12244897959184
1.151733844810277,1946442.2857142857,-84.12244897959184
1.151733844810277,2096155,-84.12244897959184
1.151733844810277,2245867.7142857146,-84.12244897959184
1.151733844810277,2395580.4285714286,-84.12244897959184
1.249500214123509,2545293.1428571427,-84.12244897959184
2.21270314566539,2695005.8571428573,-84.12244897959184
2.21270314566539,2844718.5714285714,-84.12244897959184
2.21270314566539,2994431.285714286,-84.12244897959184
2.21270314566539,3144144,-84.12244897959184
2.21270314566539,3293856.7142857146,-84.12244897959184
2.21270314566539,3443569.4285714286,-84.12244897959184
2.21270314566539,3593282.1428571427,-84.12244897959184
2.21270314566539,3742994.8571428573,-84.12244897959184
2.21270314566539,3892707.5714285714,-84.12244897959184
2.21270314566539,4042420.285714286,-84.12244897959184
2.21270314566539,4192133,-84.12244897959184
2.21270314566539,4341845.714285715,-84.12244897959184
2.21270314566539,4491558.428571429,-84.12244897959184
2.21270314566539,4641271.142857143,-84.12244897959184
2.21270314566539,4790983.857142857,-84.12244897959184
2.21270314566539,4940696.571428572,-84.12244897959184
2.21270314566539,5090409.285714285,-84.12244897959184
2.21270314566539,5240122,-84.12244897959184
2.21270314566539,5389834.714285715,-84.12244897959184
2.21270314566539,5539547.428571429,-84.12244897959184
2.21270314566539,5689260.142857143,-84.12244897959184
2.21270314566539,5838972.857142857,-84.12244897959184
2.21270314566539,5988685.571428572,-84.12244897959184
2.21270314566539,6138398.285714285,-84.12244897959184
2.21270314566539,6288111,-84.12244897959184
2.21270314566539,6437823.714285715,-84.12244897959184
2.21270314566539,6587536.428571429,-84.12244897959184
2.21270314566539,6737249.142857143,-84.12244897959184
2.21270314566539,6886961.857142857,-84.12244897959184
2.21270314566539,7036674.571428572,-84.12244897959184
2.21270314566539,7186387.285714285,-84.12244897959184
2.21270314566539,7336100,-84.12244897959184
0.014026515148983922,177,-83.68367346938776
0.3735091282374574,149889.7142857143,-83.68367346938776
0.4972265935216641,299602.4285714286,-83.68367346938776
0.6742511213205741,449315.14285714284,-83.68367346938776
0.6742511213205741,599027.8571428572,-83.68367346938776
0.726235703291866,748740.5714285715,-83.68367346938776
0.726235703291866,898453.2857142857,-83.68367346938776
0.726235703291866,1048166,-83.68367346938776
0.8948829758885797,1197878.7142857143,-83.68367346938776
0.8948829758885797,1347591.4285714286,-83.68367346938776
0.8948829758885797,1497304.142857143,-83.68367346938776
0.8948829758885797,1647016.8571428573,-83.68367346938776
1.151733844810277,1796729.5714285714,-83.68367346938776
1.151733844810277,1946442.2857142857,-83.68367346938776
1.151733844810277,2096155,-83.68367346938776
1.151733844810277,2245867.7142857146,-83.68367346938776
1.151733844810277,2395580.4285714286,-83.68367346938776
1.249500214123509,2545293.1428571427,-83.68367346938776
2.21270314566539,2695005.8571428573,-83.68367346938776
2.21270314566539,2844718.5714285714,-83.68367346938776
2.21270314566539,2994431.285714286,-83.68367346938776
2.21270314566539,3144144,-83.68367346938776
2.21270314566539,3293856.7142857146,-83.68367346938776
2.21270314566539,3443569.4285714286,-83.68367346938776
2.21270314566539,3593282.1428571427,-83.68367346938776
2.21270314566539,3742994.8571428573,-83.68367346938776
2.21270314566539,3892707.5714285714,-83.68367346938776
2.21270314566539,4042420.285714286,-83.68367346938776
2.21270314566539,4192133,-83.68367346938776
2.21270314566539,4341845.714285715,-83.68367346938776
2.21270314566539,4491558.428571429,-83.68367346938776
2.21270314566539,4641271.142857143,-83.68367346938776
2.21270314566539,4790983.857142857,-83.68367346938776
2.21270314566539,4940696.571428572,-83.68367346938776
2.21270314566539,5090409.285714285,-83.68367346938776
2.21270314566539,5240122,-83.68367346938776
2.21270314566539,5389834.714285715,-83.68367346938776
2.21270314566539,5539547.428571429,-83.68367346938776
2.21270314566539,5689260.142857143,-83.68367346938776
2.21270314566539,5838972.857142857,-83.68367346938776
2.21270314566539,5988685.571428572,-83.68367346938776
2.21270314566539,6138398.285714285,-83.68367346938776
2.21270314566539,6288111,-83.68367346938776
2.21270314566539,6437823.714285715,-83.68367346938776
2.21270314566539,6587536.428571429,-83.68367346938776
2.21270314566539,6737249.142857143,-83.68367346938776
2.21270314566539,6886961.857142857,-83.68367346938776
2.21270314566539,7036674.571428572,-83.68367346938776
2.21270314566539,7186387.285714285,-83.68367346938776
2.21270314566539,7336100,-83.68367346938776
0.014026515148983922,177,-83.24489795918367
0.3735091282374574,149889.7142857143,-83.24489795918367
0.4972265935216641,299602.4285714286,-83.24489795918367
0.6742511213205741,449315.14285714284,-83.24489795918367
0.6742511213205741,599027.8571428572,-83.24489795918367
0.726235703291866,748740.5714285715,-83.24489795918367
0.726235703291866,898453.2857142857,-83.24489795918367
0.726235703291866,1048166,-83.24489795918367
0.8948829758885797,1197878.7142857143,-83.24489795918367
0.8948829758885797,1347591.4285714286,-83.24489795918367
0.8948829758885797,1497304.142857143,-83.24489795918367
0.8948829758885797,1647016.8571428573,-83.24489795918367
1.151733844810277,1796729.5714285714,-83.24489795918367
1.151733844810277,1946442.2857142857,-83.24489795918367
1.151733844810277,2096155,-83.24489795918367
1.151733844810277,2245867.7142857146,-83.24489795918367
1.151733844810277,2395580.4285714286,-83.24489795918367
1.249500214123509,2545293.1428571427,-83.24489795918367
2.21270314566539,2695005.8571428573,-83.24489795918367
2.21270314566539,2844718.5714285714,-83.24489795918367
2.21270314566539,2994431.285714286,-83.24489795918367
2.21270314566539,3144144,-83.24489795918367
2.21270314566539,3293856.7142857146,-83.24489795918367
2.21270314566539,3443569.4285714286,-83.24489795918367
2.21270314566539,3593282.1428571427,-83.24489795918367
2.21270314566539,3742994.8571428573,-83.24489795918367
2.21270314566539,3892707.5714285714,-83.24489795918367
2.21270314566539,4042420.285714286,-83.24489795918367
2.21270314566539,4192133,-83.24489795918367
2.21270314566539,4341845.714285715,-83.24489795918367
2.21270314566539,4491558.428571429,-83.24489795918367
2.21270314566539,4641271.142857143,-83.24489795918367
2.21270314566539,4790983.857142857,-83.24489795918367
2.21270314566539,4940696.571428572,-83.24489795918367
2.21270314566539,5090409.285714285,-83.24489795918367
2.21270314566539,5240122,-83.24489795918367
2.21270314566539,5389834.714285715,-83.24489795918367
2.21270314566539,5539547.428571429,-83.24489795918367
2.21270314566539,5689260.142857143,-83.24489795918367
2.21270314566539,5838972.857142857,-83.24489795918367
2.21270314566539,5988685.571428572,-83.24489795918367
2.21270314566539,6138398.285714285,-83.24489795918367
2.21270314566539,6288111,-83.24489795918367
2.21270314566539,6437823.714285715,-83.24489795918367
2.21270314566539,6587536.428571429,-83.24489795918367
2.21270314566539,6737249.142857143,-83.24489795918367
2.21270314566539,6886961.857142857,-83.24489795918367
2.21270314566539,7036674.571428572,-83.24489795918367
2.21270314566539,7186387.285714285,-83.24489795918367
2.21270314566539,7336100,-83.24489795918367
0.014026515148983922,177,-82.8061224489796
0.3735091282374574,149889.7142857143,-82.8061224489796
0.4972265935216641,299602.4285714286,-82.8061224489796
0.6742511213205741,449315.14285714284,-82.8061224489796
0.6742511213205741,599027.8571428572,-82.8061224489796
0.726235703291866,748740.5714285715,-82.8061224489796
0.726235703291866,898453.2857142857,-82.8061224489796
0.726235703291866,1048166,-82.8061224489796
0.8948829758885797,1197878.7142857143,-82.8061224489796
0.8948829758885797,1347591.4285714286,-82.8061224489796
0.8948829758885797,1497304.142857143,-82.8061224489796
0.8948829758885797,1647016.8571428573,-82.8061224489796
1.151733844810277,1796729.5714285714,-82.8061224489796
1.151733844810277,1946442.2857142857,-82.8061224489796
1.151733844810277,2096155,-82.8061224489796
1.151733844810277,2245867.7142857146,-82.8061224489796
1.151733844810277,2395580.4285714286,-82.8061224489796
1.249500214123509,2545293.1428571427,-82.8061224489796
2.21270314566539,2695005.8571428573,-82.8061224489796
2.21270314566539,2844718.5714285714,-82.8061224489796
2.21270314566539,2994431.285714286,-82.8061224489796
2.21270314566539,3144144,-82.8061224489796
2.21270314566539,3293856.7142857146,-82.8061224489796
2.21270314566539,3443569.4285714286,-82.8061224489796
2.21270314566539,3593282.1428571427,-82.8061224489796
2.21270314566539,3742994.8571428573,-82.8061224489796
2.21270314566539,3892707.5714285714,-82.8061224489796
2.21270314566539,4042420.285714286,-82.8061224489796
2.21270314566539,4192133,-82.8061224489796
2.21270314566539,4341845.714285715,-82.8061224489796
2.21270314566539,4491558.428571429,-82.8061224489796
2.21270314566539,4641271.142857143,-82.8061224489796
2.21270314566539,4790983.857142857,-82.8061224489796
2.21270314566539,4940696.571428572,-82.8061224489796
2.21270314566539,5090409.285714285,-82.8061224489796
2.21270314566539,5240122,-82.8061224489796
2.21270314566539,5389834.714285715,-82.8061224489796
2.21270314566539,5539547.428571429,-82.8061224489796
2.21270314566539,5689260.142857143,-82.8061224489796
2.21270314566539,5838972.857142857,-82.8061224489796
2.21270314566539,5988685.571428572,-82.8061224489796
2.21270314566539,6138398.285714285,-82.8061224489796
2.21270314566539,6288111,-82.8061224489796
2.21270314566539,6437823.714285715,-82.8061224489796
2.21270314566539,6587536.428571429,-82.8061224489796
2.21270314566539,6737249.142857143,-82.8061224489796
2.21270314566539,6886961.857142857,-82.8061224489796
2.21270314566539,7036674.571428572,-82.8061224489796
2.21270314566539,7186387.285714285,-82.8061224489796
2.21270314566539,7336100,-82.8061224489796
0.014026515148983922,177,-82.36734693877551
0.3735091282374574,149889.7142857143,-82.36734693877551
0.4972265935216641,299602.4285714286,-82.36734693877551
0.6742511213205741,449315.14285714284,-82.36734693877551
0.6742511213205741,599027.8571428572,-82.36734693877551
0.726235703291866,748740.5714285715,-82.36734693877551
0.726235703291866,898453.2857142857,-82.36734693877551
0.726235703291866,1048166,-82.36734693877551
0.8948829758885797,1197878.7142857143,-82.36734693877551
0.8948829758885797,1347591.4285714286,-82.36734693877551
0.8948829758885797,1497304.142857143,-82.36734693877551
0.8948829758885797,1647016.8571428573,-82.36734693877551
1.151733844810277,1796729.5714285714,-82.36734693877551
1.151733844810277,1946442.2857142857,-82.36734693877551
1.151733844810277,2096155,-82.36734693877551
1.151733844810277,2245867.7142857146,-82.36734693877551
1.151733844810277,2395580.4285714286,-82.36734693877551
1.249500214123509,2545293.1428571427,-82.36734693877551
2.21270314566539,2695005.8571428573,-82.36734693877551
2.21270314566539,2844718.5714285714,-82.36734693877551
2.21270314566539,2994431.285714286,-82.36734693877551
2.21270314566539,3144144,-82.36734693877551
2.21270314566539,3293856.7142857146,-82.36734693877551
2.21270314566539,3443569.4285714286,-82.36734693877551
2.21270314566539,3593282.1428571427,-82.36734693877551
2.21270314566539,3742994.8571428573,-82.36734693877551
2.21270314566539,3892707.5714285714,-82.36734693877551
2.21270314566539,4042420.285714286,-82.36734693877551
2.21270314566539,4192133,-82.36734693877551
2.21270314566539,4341845.714285715,-82.36734693877551
2.21270314566539,4491558.428571429,-82.36734693877551
2.21270314566539,4641271.142857143,-82.36734693877551
2.21270314566539,4790983.857142857,-82.36734693877551
2.21270314566539,4940696.571428572,-82.36734693877551
2.21270314566539,5090409.285714285,-82.36734693877551
2.21270314566539,5240122,-82.36734693877551
2.21270314566539,5389834.714285715,-82.36734693877551
2.21270314566539,5539547.428571429,-82.36734693877551
2.21270314566539,5689260.142857143,-82.36734693877551
2.21270314566539,5838972.857142857,-82.36734693877551
2.21270314566539,5988685.571428572,-82.36734693877551
2.21270314566539,6138398.285714285,-82.36734693877551
2.21270314566539,6288111,-82.36734693877551
2.21270314566539,6437823.714285715,-82.36734693877551
2.21270314566539,6587536.428571429,-82.36734693877551
2.21270314566539,6737249.142857143,-82.36734693877551
2.21270314566539,6886961.857142857,-82.36734693877551
2.21270314566539,7036674.571428572,-82.36734693877551
2.21270314566539,7186387.285714285,-82.36734693877551
2.21270314566539,7336100,-82.36734693877551
0.014026515148983922,177,-81.92857142857143
0.3735091282374574,149889.7142857143,-81.92857142857143
0.4972265935216641,299602.4285714286,-81.92857142857143
0.6742511213205741,449315.14285714284,-81.92857142857143
0.6742511213205741,599027.8571428572,-81.92857142857143
0.726235703291866,748740.5714285715,-81.92857142857143
0.726235703291866,898453.2857142857,-81.92857142857143
0.726235703291866,1048166,-81.92857142857143
0.8948829758885797,1197878.7142857143,-81.92857142857143
0.8948829758885797,1347591.4285714286,-81.92857142857143
0.8948829758885797,1497304.142857143,-81.92857142857143
0.8948829758885797,1647016.8571428573,-81.92857142857143
1.151733844810277,1796729.5714285714,-81.92857142857143
1.151733844810277,1946442.2857142857,-81.92857142857143
1.151733844810277,2096155,-81.92857142857143
1.151733844810277,2245867.7142857146,-81.92857142857143
1.151733844810277,2395580.4285714286,-81.92857142857143
1.249500214123509,2545293.1428571427,-81.92857142857143
2.21270314566539,2695005.8571428573,-81.92857142857143
2.21270314566539,2844718.5714285714,-81.92857142857143
2.21270314566539,2994431.285714286,-81.92857142857143
2.21270314566539,3144144,-81.92857142857143
2.21270314566539,3293856.7142857146,-81.92857142857143
2.21270314566539,3443569.4285714286,-81.92857142857143
2.21270314566539,3593282.1428571427,-81.92857142857143
2.21270314566539,3742994.8571428573,-81.92857142857143
2.21270314566539,3892707.5714285714,-81.92857142857143
2.21270314566539,4042420.285714286,-81.92857142857143
2.21270314566539,4192133,-81.92857142857143
2.21270314566539,4341845.714285715,-81.92857142857143
2.21270314566539,4491558.428571429,-81.92857142857143
2.21270314566539,4641271.142857143,-81.92857142857143
2.21270314566539,4790983.857142857,-81.92857142857143
2.21270314566539,4940696.571428572,-81.92857142857143
2.21270314566539,5090409.285714285,-81.92857142857143
2.21270314566539,5240122,-81.92857142857143
2.21270314566539,5389834.714285715,-81.92857142857143
2.21270314566539,5539547.428571429,-81.92857142857143
2.21270314566539,5689260.142857143,-81.92857142857143
2.21270314566539,5838972.857142857,-81.92857142857143
2.21270314566539,5988685.571428572,-81.92857142857143
2.21270314566539,6138398.285714285,-81.92857142857143
2.21270314566539,6288111,-81.92857142857143
2.21270314566539,6437823.714285715,-81.92857142857143
2.21270314566539,6587536.428571429,-81.92857142857143
2.21270314566539,6737249.142857143,-81.92857142857143
2.21270314566539,6886961.857142857,-81.92857142857143
2.21270314566539,7036674.571428572,-81.92857142857143
2.21270314566539,7186387.285714285,-81.92857142857143
2.21270314566539,7336100,-81.92857142857143
0.014026515148983922,177,-81.48979591836735
0.3735091282374574,149889.7142857143,-81.48979591836735
0.4972265935216641,299602.4285714286,-81.48979591836735
0.6742511213205741,449315.14285714284,-81.48979591836735
0.6742511213205741,599027.8571428572,-81.48979591836735
0.726235703291866,748740.5714285715,-81.48979591836735
0.726235703291866,898453.2857142857,-81.48979591836735
0.726235703291866,1048166,-81.48979591836735
0.8948829758885797,1197878.7142857143,-81.48979591836735
0.8948829758885797,1347591.4285714286,-81.48979591836735
0.8948829758885797,1497304.142857143,-81.48979591836735
0.8948829758885797,1647016.8571428573,-81.48979591836735
1.151733844810277,1796729.5714285714,-81.48979591836735
1.151733844810277,1946442.2857142857,-81.48979591836735
1.151733844810277,2096155,-81.48979591836735
1.151733844810277,2245867.7142857146,-81.48979591836735
1.151733844810277,2395580.4285714286,-81.48979591836735
1.249500214123509,2545293.1428571427,-81.48979591836735
2.21270314566539,2695005.8571428573,-81.48979591836735
2.21270314566539,2844718.5714285714,-81.48979591836735
2.21270314566539,2994431.285714286,-81.48979591836735
2.21270314566539,3144144,-81.48979591836735
2.21270314566539,3293856.7142857146,-81.48979591836735
2.21270314566539,3443569.4285714286,-81.48979591836735
2.21270314566539,3593282.1428571427,-81.48979591836735
2.21270314566539,3742994.8571428573,-81.48979591836735
2.21270314566539,3892707.5714285714,-81.48979591836735
2.21270314566539,4042420.285714286,-81.48979591836735
2.21270314566539,4192133,-81.48979591836735
2.21270314566539,4341845.714285715,-81.48979591836735
2.21270314566539,4491558.428571429,-81.48979591836735
2.21270314566539,4641271.142857143,-81.48979591836735
2.21270314566539,4790983.857142857,-81.48979591836735
2.21270314566539,4940696.571428572,-81.48979591836735
2.21270314566539,5090409.285714285,-81.48979591836735
2.21270314566539,5240122,-81.48979591836735
2.21270314566539,5389834.714285715,-81.48979591836735
2.21270314566539,5539547.428571429,-81.48979591836735
2.21270314566539,5689260.142857143,-81.48979591836735
2.21270314566539,5838972.857142857,-81.48979591836735
2.21270314566539,5988685.571428572,-81.48979591836735
2.21270314566539,6138398.285714285,-81.48979591836735
2.21270314566539,6288111,-81.48979591836735
2.21270314566539,6437823.714285715,-81.48979591836735
2.21270314566539,6587536.428571429,-81.48979591836735
2.21270314566539,6737249.142857143,-81.48979591836735
2.21270314566539,6886961.857142857,-81.48979591836735
2.21270314566539,7036674.571428572,-81.48979591836735
2.21270314566539,7186387.285714285,-81.48979591836735
2.21270314566539,7336100,-81.48979591836735
0.014026515148983922,177,-81.05102040816327
0.3735091282374574,149889.7142857143,-81.05102040816327
0.4972265935216641,299602.4285714286,-81.05102040816327
0.6742511213205741,449315.14285714284,-81.05102040816327
0.6742511213205741,599027.8571428572,-81.05102040816327
0.726235703291866,748740.5714285715,-81.05102040816327
0.726235703291866,898453.2857142857,-81.05102040816327
0.726235703291866,1048166,-81.05102040816327
0.8948829758885797,1197878.7142857143,-81.05102040816327
0.8948829758885797,1347591.4285714286,-81.05102040816327
0.8948829758885797,1497304.142857143,-81.05102040816327
0.8948829758885797,1647016.8571428573,-81.05102040816327
1.151733844810277,1796729.5714285714,-81.05102040816327
1.151733844810277,1946442.2857142857,-81.05102040816327
1.151733844810277,2096155,-81.05102040816327
1.151733844810277,2245867.7142857146,-81.05102040816327
1.151733844810277,2395580.4285714286,-81.05102040816327
1.249500214123509,2545293.1428571427,-81.05102040816327
2.21270314566539,2695005.8571428573,-81.05102040816327
2.21270314566539,2844718.5714285714,-81.05102040816327
2.21270314566539,2994431.285714286,-81.05102040816327
2.21270314566539,3144144,-81.05102040816327
2.21270314566539,3293856.7142857146,-81.05102040816327
2.21270314566539,3443569.4285714286,-81.05102040816327
2.21270314566539,3593282.1428571427,-81.05102040816327
2.21270314566539,3742994.8571428573,-81.05102040816327
2.21270314566539,3892707.5714285714,-81.05102040816327
2.21270314566539,4042420.285714286,-81.05102040816327
2.21270314566539,4192133,-81.05102040816327
2.21270314566539,4341845.714285715,-81.05102040816327
2.21270314566539,4491558.428571429,-81.05102040816327
2.21270314566539,4641271.142857143,-81.05102040816327
2.21270314566539,4790983.857142857,-81.05102040816327
2.21270314566539,4940696.571428572,-81.05102040816327
2.21270314566539,5090409.285714285,-81.05102040816327
2.21270314566539,5240122,-81.05102040816327
2.21270314566539,5389834.714285715,-81.05102040816327
2.21270314566539,5539547.428571429,-81.05102040816327
2.21270314566539,5689260.142857143,-81.05102040816327
2.21270314566539,5838972.857142857,-81.05102040816327
2.21270314566539,5988685.571428572,-81.05102040816327
2.21270314566539,6138398.285714285,-81.05102040816327
2.21270314566539,6288111,-81.05102040816327
2.21270314566539,6437823.714285715,-81.05102040816327
2.21270314566539,6587536.428571429,-81.05102040816327
2.21270314566539,6737249.142857143,-81.05102040816327
2.21270314566539,6886961.857142857,-81.05102040816327
2.21270314566539,7036674.571428572,-81.05102040816327
2.21270314566539,7186387.285714285,-81.05102040816327
2.21270314566539,7336100,-81.05102040816327
0.014026515148983922,177,-80.61224489795919
0.3735091282374574,149889.7142857143,-80.61224489795919
0.4972265935216641,299602.4285714286,-80.61224489795919
0.6742511213205741,449315.14285714284,-80.61224489795919
0.6742511213205741,599027.8571428572,-80.61224489795919
0.726235703291866,748740.5714285715,-80.61224489795919
0.726235703291866,898453.2857142857,-80.61224489795919
0.726235703291866,1048166,-80.61224489795919
0.8948829758885797,1197878.7142857143,-80.61224489795919
0.8948829758885797,1347591.4285714286,-80.61224489795919
0.8948829758885797,1497304.142857143,-80.61224489795919
0.8948829758885797,1647016.8571428573,-80.61224489795919
1.151733844810277,1796729.5714285714,-80.61224489795919
1.151733844810277,1946442.2857142857,-80.61224489795919
1.151733844810277,2096155,-80.61224489795919
1.151733844810277,2245867.7142857146,-80.61224489795919
1.151733844810277,2395580.4285714286,-80.61224489795919
1.249500214123509,2545293.1428571427,-80.61224489795919
2.21270314566539,2695005.8571428573,-80.61224489795919
2.21270314566539,2844718.5714285714,-80.61224489795919
2.21270314566539,2994431.285714286,-80.61224489795919
2.21270314566539,3144144,-80.61224489795919
2.21270314566539,3293856.7142857146,-80.61224489795919
2.21270314566539,3443569.4285714286,-80.61224489795919
2.21270314566539,3593282.1428571427,-80.61224489795919
2.21270314566539,3742994.8571428573,-80.61224489795919
2.21270314566539,3892707.5714285714,-80.61224489795919
2.21270314566539,4042420.285714286,-80.61224489795919
2.21270314566539,4192133,-80.61224489795919
2.21270314566539,4341845.714285715,-80.61224489795919
2.21270314566539,4491558.428571429,-80.61224489795919
2.21270314566539,4641271.142857143,-80.61224489795919
2.21270314566539,4790983.857142857,-80.61224489795919
2.21270314566539,4940696.571428572,-80.61224489795919
2.21270314566539,5090409.285714285,-80.61224489795919
2.21270314566539,5240122,-80.61224489795919
2.21270314566539,5389834.714285715,-80.61224489795919
2.21270314566539,5539547.428571429,-80.61224489795919
2.21270314566539,5689260.142857143,-80.61224489795919
2.21270314566539,5838972.857142857,-80.61224489795919
2.21270314566539,5988685.571428572,-80.61224489795919
2.21270314566539,6138398.285714285,-80.61224489795919
2.21270314566539,6288111,-80.61224489795919
2.21270314566539,6437823.714285715,-80.61224489795919
2.21270314566539,6587536.428571429,-80.61224489795919
2.21270314566539,6737249.142857143,-80.61224489795919
2.21270314566539,6886961.857142857,-80.61224489795919
2.21270314566539,7036674.571428572,-80.61224489795919
2.21270314566539,7186387.285714285,-80.61224489795919
2.21270314566539,7336100,-80.61224489795919
0.014026515148983922,177,-80.1734693877551
0.3735091282374574,149889.7142857143,-80.1734693877551
0.4972265935216641,299602.4285714286,-80.1734693877551
0.6742511213205741,449315.14285714284,-80.1734693877551
0.6742511213205741,599027.8571428572,-80.1734693877551
0.726235703291866,748740.5714285715,-80.1734693877551
0.726235703291866,898453.2857142857,-80.1734693877551
0.726235703291866,1048166,-80.1734693877551
0.8948829758885797,1197878.7142857143,-80.1734693877551
0.8948829758885797,1347591.4285714286,-80.1734693877551
0.8948829758885797,1497304.142857143,-80.1734693877551
0.8948829758885797,1647016.8571428573,-80.1734693877551
1.151733844810277,1796729.5714285714,-80.1734693877551
1.151733844810277,1946442.2857142857,-80.1734693877551
1.151733844810277,2096155,-80.1734693877551
1.151733844810277,2245867.7142857146,-80.1734693877551
1.151733844810277,2395580.4285714286,-80.1734693877551
1.249500214123509,2545293.1428571427,-80.1734693877551
2.21270314566539,2695005.8571428573,-80.1734693877551
2.21270314566539,2844718.5714285714,-80.1734693877551
2.21270314566539,2994431.285714286,-80.1734693877551
2.21270314566539,3144144,-80.1734693877551
2.21270314566539,3293856.7142857146,-80.1734693877551
2.21270314566539,3443569.4285714286,-80.1734693877551
2.21270314566539,3593282.1428571427,-80.1734693877551
2.21270314566539,3742994.8571428573,-80.1734693877551
2.21270314566539,3892707.5714285714,-80.1734693877551
2.21270314566539,4042420.285714286,-80.1734693877551
2.21270314566539,4192133,-80.1734693877551
2.21270314566539,4341845.714285715,-80.1734693877551
2.21270314566539,4491558.428571429,-80.1734693877551
2.21270314566539,4641271.142857143,-80.1734693877551
2.21270314566539,4790983.857142857,-80.1734693877551
2.21270314566539,4940696.571428572,-80.1734693877551
2.21270314566539,5090409.285714285,-80.1734693877551
2.21270314566539,5240122,-80.1734693877551
2.21270314566539,5389834.714285715,-80.1734693877551
2.21270314566539,5539547.428571429,-80.1734693877551
2.21270314566539,5689260.142857143,-80.1734693877551
2.21270314566539,5838972.857142857,-80.1734693877551
2.21270314566539,5988685.571428572,-80.1734693877551
2.21270314566539,6138398.285714285,-80.1734693877551
2.21270314566539,6288111,-80.1734693877551
2.21270314566539,6437823.714285715,-80.1734693877551
2.21270314566539,6587536.428571429,-80.1734693877551
2.21270314566539,6737249.142857143,-80.1734693877551
2.21270314566539,6886961.857142857,-80.1734693877551
2.21270314566539,7036674.571428572,-80.1734693877551
2.21270314566539,7186387.285714285,-80.1734693877551
2.21270314566539,7336100,-80.1734693877551
0.014026515148983922,177,-79.73469387755102
0.3735091282374574,149889.7142857143,-79.73469387755102
0.4972265935216641,299602.4285714286,-79.73469387755102
0.6742511213205741,449315.14285714284,-79.73469387755102
0.6742511213205741,599027.8571428572,-79.73469387755102
0.726235703291866,748740.5714285715,-79.73469387755102
0.726235703291866,898453.2857142857,-79.73469387755102
0.726235703291866,1048166,-79.73469387755102
0.8948829758885797,1197878.7142857143,-79.73469387755102
0.8948829758885797,1347591.4285714286,-79.73469387755102
0.8948829758885797,1497304.142857143,-79.73469387755102
0.8948829758885797,1647016.8571428573,-79.73469387755102
1.151733844810277,1796729.5714285714,-79.73469387755102
1.151733844810277,1946442.2857142857,-79.73469387755102
1.151733844810277,2096155,-79.73469387755102
1.151733844810277,2245867.7142857146,-79.73469387755102
1.151733844810277,2395580.4285714286,-79.73469387755102
1.249500214123509,2545293.1428571427,-79.73469387755102
2.21270314566539,2695005.8571428573,-79.73469387755102
2.21270314566539,2844718.5714285714,-79.73469387755102
2.21270314566539,2994431.285714286,-79.73469387755102
2.21270314566539,3144144,-79.73469387755102
2.21270314566539,3293856.7142857146,-79.73469387755102
2.21270314566539,3443569.4285714286,-79.73469387755102
2.21270314566539,3593282.1428571427,-79.73469387755102
2.21270314566539,3742994.8571428573,-79.73469387755102
2.21270314566539,3892707.5714285714,-79.73469387755102
2.21270314566539,4042420.285714286,-79.73469387755102
2.21270314566539,4192133,-79.73469387755102
2.21270314566539,4341845.714285715,-79.73469387755102
2.21270314566539,4491558.428571429,-79.73469387755102
2.21270314566539,4641271.142857143,-79.73469387755102
2.21270314566539,4790983.857142857,-79.73469387755102
2.21270314566539,4940696.571428572,-79.73469387755102
2.21270314566539,5090409.285714285,-79.73469387755102
2.21270314566539,5240122,-79.73469387755102
2.21270314566539,5389834.714285715,-79.73469387755102
2.21270314566539,5539547.428571429,-79.73469387755102
2.21270314566539,5689260.142857143,-79.73469387755102
2.21270314566539,5838972.857142857,-79.73469387755102
2.21270314566539,5988685.571428572,-79.73469387755102
2.21270314566539,6138398.285714285,-79.73469387755102
2.21270314566539,6288111,-79.73469387755102
2.21270314566539,6437823.714285715,-79.73469387755102
2.21270314566539,6587536.428571429,-79.73469387755102
2.21270314566539,6737249.142857143,-79.73469387755102
2.21270314566539,6886961.857142857,-79.73469387755102
2.21270314566539,7036674.571428572,-79.73469387755102
2.21270314566539,7186387.285714285,-79.73469387755102
2.21270314566539,7336100,-79.73469387755102
0.014026515148983922,177,-79.29591836734694
0.3735091282374574,149889.7142857143,-79.29591836734694
0.4972265935216641,299602.4285714286,-79.29591836734694
0.6742511213205741,449315.14285714284,-79.29591836734694
0.6742511213205741,599027.8571428572,-79.29591836734694
0.726235703291866,748740.5714285715,-79.29591836734694
0.726235703291866,898453.2857142857,-79.29591836734694
0.726235703291866,1048166,-79.29591836734694
0.8948829758885797,1197878.7142857143,-79.29591836734694
0.8948829758885797,1347591.4285714286,-79.29591836734694
0.8948829758885797,1497304.142857143,-79.29591836734694
0.8948829758885797,1647016.8571428573,-79.29591836734694
1.151733844810277,1796729.5714285714,-79.29591836734694
1.151733844810277,1946442.2857142857,-79.29591836734694
1.151733844810277,2096155,-79.29591836734694
1.151733844810277,2245867.7142857146,-79.29591836734694
1.151733844810277,2395580.4285714286,-79.29591836734694
1.249500214123509,2545293.1428571427,-79.29591836734694
2.21270314566539,2695005.8571428573,-79.29591836734694
2.21270314566539,2844718.5714285714,-79.29591836734694
2.21270314566539,2994431.285714286,-79.29591836734694
2.21270314566539,3144144,-79.29591836734694
2.21270314566539,3293856.7142857146,-79.29591836734694
2.21270314566539,3443569.4285714286,-79.29591836734694
2.21270314566539,3593282.1428571427,-79.29591836734694
2.21270314566539,3742994.8571428573,-79.29591836734694
2.21270314566539,3892707.5714285714,-79.29591836734694
2.21270314566539,4042420.285714286,-79.29591836734694
2.21270314566539,4192133,-79.29591836734694
2.21270314566539,4341845.714285715,-79.29591836734694
2.21270314566539,4491558.428571429,-79.29591836734694
2.21270314566539,4641271.142857143,-79.29591836734694
2.21270314566539,4790983.857142857,-79.29591836734694
2.21270314566539,4940696.571428572,-79.29591836734694
2.21270314566539,5090409.285714285,-79.29591836734694
2.21270314566539,5240122,-79.29591836734694
2.21270314566539,5389834.714285715,-79.29591836734694
2.21270314566539,5539547.428571429,-79.29591836734694
2.21270314566539,5689260.142857143,-79.29591836734694
2.21270314566539,5838972.857142857,-79.29591836734694
2.21270314566539,5988685.571428572,-79.29591836734694
2.21270314566539,6138398.285714285,-79.29591836734694
2.21270314566539,6288111,-79.29591836734694
2.21270314566539,6437823.714285715,-79.29591836734694
2.21270314566539,6587536.428571429,-79.29591836734694
2.21270314566539,6737249.142857143,-79.29591836734694
2.21270314566539,6886961.857142857,-79.29591836734694
2.21270314566539,7036674.571428572,-79.29591836734694
2.21270314566539,7186387.285714285,-79.29591836734694
2.21270314566539,7336100,-79.29591836734694
0.014026515148983922,177,-78.85714285714286
0.3735091282374574,149889.7142857143,-78.85714285714286
0.4972265935216641,299602.4285714286,-78.85714285714286
0.6742511213205741,449315.14285714284,-78.85714285714286
0.6742511213205741,599027.8571428572,-78.85714285714286
0.726235703291866,748740.5714285715,-78.85714285714286
0.726235703291866,898453.2857142857,-78.85714285714286
0.726235703291866,1048166,-78.85714285714286
0.8948829758885797,1197878.7142857143,-78.85714285714286
0.8948829758885797,1347591.4285714286,-78.85714285714286
0.8948829758885797,1497304.142857143,-78.85714285714286
0.8948829758885797,1647016.8571428573,-78.85714285714286
1.151733844810277,1796729.5714285714,-78.85714285714286
1.151733844810277,1946442.2857142857,-78.85714285714286
1.151733844810277,2096155,-78.85714285714286
1.151733844810277,2245867.7142857146,-78.85714285714286
1.151733844810277,2395580.4285714286,-78.85714285714286
1.249500214123509,2545293.1428571427,-78.85714285714286
2.21270314566539,2695005.8571428573,-78.85714285714286
2.21270314566539,2844718.5714285714,-78.85714285714286
2.21270314566539,2994431.285714286,-78.85714285714286
2.21270314566539,3144144,-78.85714285714286
2.21270314566539,3293856.7142857146,-78.85714285714286
2.21270314566539,3443569.4285714286,-78.85714285714286
2.21270314566539,3593282.1428571427,-78.85714285714286
2.21270314566539,3742994.8571428573,-78.85714285714286
2.21270314566539,3892707.5714285714,-78.85714285714286
2.21270314566539,4042420.285714286,-78.85714285714286
2.21270314566539,4192133,-78.85714285714286
2.21270314566539,4341845.714285715,-78.85714285714286
2.21270314566539,4491558.428571429,-78.85714285714286
2.21270314566539,4641271.142857143,-78.85714285714286
2.21270314566539,4790983.857142857,-78.85714285714286
2.21270314566539,4940696.571428572,-78.85714285714286
2.21270314566539,5090409.285714285,-78.85714285714286
2.21270314566539,5240122,-78.85714285714286
2.21270314566539,5389834.714285715,-78.85714285714286
2.21270314566539,5539547.428571429,-78.85714285714286
2.21270314566539,5689260.142857143,-78.85714285714286
2.21270314566539,5838972.857142857,-78.85714285714286
2.21270314566539,5988685.571428572,-78.85714285714286
2.21270314566539,6138398.285714285,-78.85714285714286
2.21270314566539,6288111,-78.85714285714286
2.21270314566539,6437823.714285715,-78.85714285714286
2.21270314566539,6587536.428571429,-78.85714285714286
2.21270314566539,6737249.142857143,-78.85714285714286
2.21270314566539,6886961.857142857,-78.85714285714286
2.21270314566539,7036674.571428572,-78.85714285714286
2.21270314566539,7186387.285714285,-78.85714285714286
2.21270314566539,7336100,-78.85714285714286
0.014026515148983922,177,-78.41836734693878
0.3735091282374574,149889.7142857143,-78.41836734693878
0.4972265935216641,299602.4285714286,-78.41836734693878
0.6742511213205741,449315.14285714284,-78.41836734693878
0.6742511213205741,599027.8571428572,-78.41836734693878
0.726235703291866,748740.5714285715,-78.41836734693878
0.726235703291866,898453.2857142857,-78.41836734693878
0.726235703291866,1048166,-78.41836734693878
0.8948829758885797,1197878.7142857143,-78.41836734693878
0.8948829758885797,1347591.4285714286,-78.41836734693878
0.8948829758885797,1497304.142857143,-78.41836734693878
0.8948829758885797,1647016.8571428573,-78.41836734693878
1.151733844810277,1796729.5714285714,-78.41836734693878
1.151733844810277,1946442.2857142857,-78.41836734693878
1.151733844810277,2096155,-78.41836734693878
1.151733844810277,2245867.7142857146,-78.41836734693878
1.151733844810277,2395580.4285714286,-78.41836734693878
1.249500214123509,2545293.1428571427,-78.41836734693878
2.21270314566539,2695005.8571428573,-78.41836734693878
2.21270314566539,2844718.5714285714,-78.41836734693878
2.21270314566539,2994431.285714286,-78.41836734693878
2.21270314566539,3144144,-78.41836734693878
2.21270314566539,3293856.7142857146,-78.41836734693878
2.21270314566539,3443569.4285714286,-78.41836734693878
2.21270314566539,3593282.1428571427,-78.41836734693878
2.21270314566539,3742994.8571428573,-78.41836734693878
2.21270314566539,3892707.5714285714,-78.41836734693878
2.21270314566539,4042420.285714286,-78.41836734693878
2.21270314566539,4192133,-78.41836734693878
2.21270314566539,4341845.714285715,-78.41836734693878
2.21270314566539,4491558.428571429,-78.41836734693878
2.21270314566539,4641271.142857143,-78.41836734693878
2.21270314566539,4790983.857142857,-78.41836734693878
2.21270314566539,4940696.571428572,-78.41836734693878
2.21270314566539,5090409.285714285,-78.41836734693878
2.21270314566539,5240122,-78.41836734693878
2.21270314566539,5389834.714285715,-78.41836734693878
2.21270314566539,5539547.428571429,-78.41836734693878
2.21270314566539,5689260.142857143,-78.41836734693878
2.21270314566539,5838972.857142857,-78.41836734693878
2.21270314566539,5988685.571428572,-78.41836734693878
2.21270314566539,6138398.285714285,-78.41836734693878
2.21270314566539,6288111,-78.41836734693878
2.21270314566539,6437823.714285715,-78.41836734693878
2.21270314566539,6587536.428571429,-78.41836734693878
2.21270314566539,6737249.142857143,-78.41836734693878
2.21270314566539,6886961.857142857,-78.41836734693878
2.21270314566539,7036674.571428572,-78.41836734693878
2.21270314566539,7186387.285714285,-78.41836734693878
2.21270314566539,7336100,-78.41836734693878
0.014026515148983922,177,-77.9795918367347
0.3735091282374574,149889.7142857143,-77.9795918367347
0.4972265935216641,299602.4285714286,-77.9795918367347
0.6742511213205741,449315.14285714284,-77.9795918367347
0.6742511213205741,599027.8571428572,-77.9795918367347
0.726235703291866,748740.5714285715,-77.9795918367347
0.726235703291866,898453.2857142857,-77.9795918367347
0.726235703291866,1048166,-77.9795918367347
0.8948829758885797,1197878.7142857143,-77.9795918367347
0.8948829758885797,1347591.4285714286,-77.9795918367347
0.8948829758885797,1497304.142857143,-77.9795918367347
0.8948829758885797,1647016.8571428573,-77.9795918367347
1.151733844810277,1796729.5714285714,-77.9795918367347
1.151733844810277,1946442.2857142857,-77.9795918367347
1.151733844810277,2096155,-77.9795918367347
1.151733844810277,2245867.7142857146,-77.9795918367347
1.151733844810277,2395580.4285714286,-77.9795918367347
1.249500214123509,2545293.1428571427,-77.9795918367347
2.21270314566539,2695005.8571428573,-77.9795918367347
2.21270314566539,2844718.5714285714,-77.9795918367347
2.21270314566539,2994431.285714286,-77.9795918367347
2.21270314566539,3144144,-77.9795918367347
2.21270314566539,3293856.7142857146,-77.9795918367347
2.21270314566539,3443569.4285714286,-77.9795918367347
2.21270314566539,3593282.1428571427,-77.9795918367347
2.21270314566539,3742994.8571428573,-77.9795918367347
2.21270314566539,3892707.5714285714,-77.9795918367347
2.21270314566539,4042420.285714286,-77.9795918367347
2.21270314566539,4192133,-77.9795918367347
2.21270314566539,4341845.714285715,-77.9795918367347
2.21270314566539,4491558.428571429,-77.9795918367347
2.21270314566539,4641271.142857143,-77.9795918367347
2.21270314566539,4790983.857142857,-77.9795918367347
2.21270314566539,4940696.571428572,-77.9795918367347
2.21270314566539,5090409.285714285,-77.9795918367347
2.21270314566539,5240122,-77.9795918367347
2.21270314566539,5389834.714285715,-77.9795918367347
2.21270314566539,5539547.428571429,-77.9795918367347
2.21270314566539,5689260.142857143,-77.9795918367347
2.21270314566539,5838972.857142857,-77.9795918367347
2.21270314566539,5988685.571428572,-77.9795918367347
2.21270314566539,6138398.285714285,-77.9795918367347
2.21270314566539,6288111,-77.9795918367347
2.21270314566539,6437823.714285715,-77.9795918367347
2.21270314566539,6587536.428571429,-77.9795918367347
2.21270314566539,6737249.142857143,-77.9795918367347
2.21270314566539,6886961.857142857,-77.9795918367347
2.21270314566539,7036674.571428572,-77.9795918367347
2.21270314566539,7186387.285714285,-77.9795918367347
2.21270314566539,7336100,-77.9795918367347
0.014026515148983922,177,-77.54081632653062
0.3735091282374574,149889.7142857143,-77.54081632653062
0.4972265935216641,299602.4285714286,-77.54081632653062
0.6742511213205741,449315.14285714284,-77.54081632653062
0.6742511213205741,599027.8571428572,-77.54081632653062
0.726235703291866,748740.5714285715,-77.54081632653062
0.726235703291866,898453.2857142857,-77.54081632653062
0.726235703291866,1048166,-77.54081632653062
0.8948829758885797,1197878.7142857143,-77.54081632653062
0.8948829758885797,1347591.4285714286,-77.54081632653062
0.8948829758885797,1497304.142857143,-77.54081632653062
0.8948829758885797,1647016.8571428573,-77.54081632653062
1.151733844810277,1796729.5714285714,-77.54081632653062
1.151733844810277,1946442.2857142857,-77.54081632653062
1.151733844810277,2096155,-77.54081632653062
1.151733844810277,2245867.7142857146,-77.54081632653062
1.151733844810277,2395580.4285714286,-77.54081632653062
1.249500214123509,2545293.1428571427,-77.54081632653062
2.21270314566539,2695005.8571428573,-77.54081632653062
2.21270314566539,2844718.5714285714,-77.54081632653062
2.21270314566539,2994431.285714286,-77.54081632653062
2.21270314566539,3144144,-77.54081632653062
2.21270314566539,3293856.7142857146,-77.54081632653062
2.21270314566539,3443569.4285714286,-77.54081632653062
2.21270314566539,3593282.1428571427,-77.54081632653062
2.21270314566539,3742994.8571428573,-77.54081632653062
2.21270314566539,3892707.5714285714,-77.54081632653062
2.21270314566539,4042420.285714286,-77.54081632653062
2.21270314566539,4192133,-77.54081632653062
2.21270314566539,4341845.714285715,-77.54081632653062
2.21270314566539,4491558.428571429,-77.54081632653062
2.21270314566539,4641271.142857143,-77.54081632653062
2.21270314566539,4790983.857142857,-77.54081632653062
2.21270314566539,4940696.571428572,-77.54081632653062
2.21270314566539,5090409.285714285,-77.54081632653062
2.21270314566539,5240122,-77.54081632653062
2.21270314566539,5389834.714285715,-77.54081632653062
2.21270314566539,5539547.428571429,-77.54081632653062
2.21270314566539,5689260.142857143,-77.54081632653062
2.21270314566539,5838972.857142857,-77.54081632653062
2.21270314566539,5988685.571428572,-77.54081632653062
2.21270314566539,6138398.285714285,-77.54081632653062
2.21270314566539,6288111,-77.54081632653062
2.21270314566539,6437823.714285715,-77.54081632653062
2.21270314566539,6587536.428571429,-77.54081632653062
2.21270314566539,6737249.142857143,-77.54081632653062
2.21270314566539,6886961.857142857,-77.54081632653062
2.21270314566539,7036674.571428572,-77.54081632653062
2.21270314566539,7186387.285714285,-77.54081632653062
2.21270314566539,7336100,-77.54081632653062
0.014026515148983922,177,-77.10204081632654
0.3735091282374574,149889.7142857143,-77.10204081632654
0.4972265935216641,299602.4285714286,-77.10204081632654
0.6742511213205741,449315.14285714284,-77.10204081632654
0.6742511213205741,599027.8571428572,-77.10204081632654
0.726235703291866,748740.5714285715,-77.10204081632654
0.726235703291866,898453.2857142857,-77.10204081632654
0.726235703291866,1048166,-77.10204081632654
0.8948829758885797,1197878.7142857143,-77.10204081632654
0.8948829758885797,1347591.4285714286,-77.10204081632654
0.8948829758885797,1497304.142857143,-77.10204081632654
0.8948829758885797,1647016.8571428573,-77.10204081632654
1.151733844810277,1796729.5714285714,-77.10204081632654
1.151733844810277,1946442.2857142857,-77.10204081632654
1.151733844810277,2096155,-77.10204081632654
1.151733844810277,2245867.7142857146,-77.10204081632654
1.151733844810277,2395580.4285714286,-77.10204081632654
1.249500214123509,2545293.1428571427,-77.10204081632654
2.21270314566539,2695005.8571428573,-77.10204081632654
2.21270314566539,2844718.5714285714,-77.10204081632654
2.21270314566539,2994431.285714286,-77.10204081632654
2.21270314566539,3144144,-77.10204081632654
2.21270314566539,3293856.7142857146,-77.10204081632654
2.21270314566539,3443569.4285714286,-77.10204081632654
2.21270314566539,3593282.1428571427,-77.10204081632654
2.21270314566539,3742994.8571428573,-77.10204081632654
2.21270314566539,3892707.5714285714,-77.10204081632654
2.21270314566539,4042420.285714286,-77.10204081632654
2.21270314566539,4192133,-77.10204081632654
2.21270314566539,4341845.714285715,-77.10204081632654
2.21270314566539,4491558.428571429,-77.10204081632654
2.21270314566539,4641271.142857143,-77.10204081632654
2.21270314566539,4790983.857142857,-77.10204081632654
2.21270314566539,4940696.571428572,-77.10204081632654
2.21270314566539,5090409.285714285,-77.10204081632654
2.21270314566539,5240122,-77.10204081632654
2.21270314566539,5389834.714285715,-77.10204081632654
2.21270314566539,5539547.428571429,-77.10204081632654
2.21270314566539,5689260.142857143,-77.10204081632654
2.21270314566539,5838972.857142857,-77.10204081632654
2.21270314566539,5988685.571428572,-77.10204081632654
2.21270314566539,6138398.285714285,-77.10204081632654
2.21270314566539,6288111,-77.10204081632654
2.21270314566539,6437823.714285715,-77.10204081632654
2.21270314566539,6587536.428571429,-77.10204081632654
2.21270314566539,6737249.142857143,-77.10204081632654
2.21270314566539,6886961.857142857,-77.10204081632654
2.21270314566539,7036674.571428572,-77.10204081632654
2.21270314566539,7186387.285714285,-77.10204081632654
2.21270314566539,7336100,-77.10204081632654
0.014026515148983922,177,-76.66326530612245
0.3735091282374574,149889.7142857143,-76.66326530612245
0.4972265935216641,299602.4285714286,-76.66326530612245
0.6742511213205741,449315.14285714284,-76.66326530612245
0.6742511213205741,599027.8571428572,-76.66326530612245
0.726235703291866,748740.5714285715,-76.66326530612245
0.726235703291866,898453.2857142857,-76.66326530612245
0.726235703291866,1048166,-76.66326530612245
0.8948829758885797,1197878.7142857143,-76.66326530612245
0.8948829758885797,1347591.4285714286,-76.66326530612245
0.8948829758885797,1497304.142857143,-76.66326530612245
0.8948829758885797,1647016.8571428573,-76.66326530612245
1.151733844810277,1796729.5714285714,-76.66326530612245
1.151733844810277,1946442.2857142857,-76.66326530612245
1.151733844810277,2096155,-76.66326530612245
1.151733844810277,2245867.7142857146,-76.66326530612245
1.151733844810277,2395580.4285714286,-76.66326530612245
1.249500214123509,2545293.1428571427,-76.66326530612245
2.21270314566539,2695005.8571428573,-76.66326530612245
2.21270314566539,2844718.5714285714,-76.66326530612245
2.21270314566539,2994431.285714286,-76.66326530612245
2.21270314566539,3144144,-76.66326530612245
2.21270314566539,3293856.7142857146,-76.66326530612245
2.21270314566539,3443569.4285714286,-76.66326530612245
2.21270314566539,3593282.1428571427,-76.66326530612245
2.21270314566539,3742994.8571428573,-76.66326530612245
2.21270314566539,3892707.5714285714,-76.66326530612245
2.21270314566539,4042420.285714286,-76.66326530612245
2.21270314566539,4192133,-76.66326530612245
2.21270314566539,4341845.714285715,-76.66326530612245
2.21270314566539,4491558.428571429,-76.66326530612245
2.21270314566539,4641271.142857143,-76.66326530612245
2.21270314566539,4790983.857142857,-76.66326530612245
2.21270314566539,4940696.571428572,-76.66326530612245
2.21270314566539,5090409.285714285,-76.66326530612245
2.21270314566539,5240122,-76.66326530612245
2.21270314566539,5389834.714285715,-76.66326530612245
2.21270314566539,5539547.428571429,-76.66326530612245
2.21270314566539,5689260.142857143,-76.66326530612245
2.21270314566539,5838972.857142857,-76.66326530612245
2.21270314566539,5988685.571428572,-76.66326530612245
2.21270314566539,6138398.285714285,-76.66326530612245
2.21270314566539,6288111,-76.66326530612245
2.21270314566539,6437823.714285715,-76.66326530612245
2.21270314566539,6587536.428571429,-76.66326530612245
2.21270314566539,6737249.142857143,-76.66326530612245
2.21270314566539,6886961.857142857,-76.66326530612245
2.21270314566539,7036674.571428572,-76.66326530612245
2.21270314566539,7186387.285714285,-76.66326530612245
2.21270314566539,7336100,-76.66326530612245
0.014026515148983922,177,-76.22448979591837
0.3735091282374574,149889.7142857143,-76.22448979591837
0.4972265935216641,299602.4285714286,-76.22448979591837
0.6742511213205741,449315.14285714284,-76.22448979591837
0.6742511213205741,599027.8571428572,-76.22448979591837
0.726235703291866,748740.5714285715,-76.22448979591837
0.726235703291866,898453.2857142857,-76.22448979591837
0.726235703291866,1048166,-76.22448979591837
0.8948829758885797,1197878.7142857143,-76.22448979591837
0.8948829758885797,1347591.4285714286,-76.22448979591837
0.8948829758885797,1497304.142857143,-76.22448979591837
0.8948829758885797,1647016.8571428573,-76.22448979591837
1.151733844810277,1796729.5714285714,-76.22448979591837
1.151733844810277,1946442.2857142857,-76.22448979591837
1.151733844810277,2096155,-76.22448979591837
1.151733844810277,2245867.7142857146,-76.22448979591837
1.151733844810277,2395580.4285714286,-76.22448979591837
1.249500214123509,2545293.1428571427,-76.22448979591837
2.21270314566539,2695005.8571428573,-76.22448979591837
2.21270314566539,2844718.5714285714,-76.22448979591837
2.21270314566539,2994431.285714286,-76.22448979591837
2.21270314566539,3144144,-76.22448979591837
2.21270314566539,3293856.7142857146,-76.22448979591837
2.21270314566539,3443569.4285714286,-76.22448979591837
2.21270314566539,3593282.1428571427,-76.22448979591837
2.21270314566539,3742994.8571428573,-76.22448979591837
2.21270314566539,3892707.5714285714,-76.22448979591837
2.21270314566539,4042420.285714286,-76.22448979591837
2.21270314566539,4192133,-76.22448979591837
2.21270314566539,4341845.714285715,-76.22448979591837
2.21270314566539,4491558.428571429,-76.22448979591837
2.21270314566539,4641271.142857143,-76.22448979591837
2.21270314566539,4790983.857142857,-76.22448979591837
2.21270314566539,4940696.571428572,-76.22448979591837
2.21270314566539,5090409.285714285,-76.22448979591837
2.21270314566539,5240122,-76.22448979591837
2.21270314566539,5389834.714285715,-76.22448979591837
2.21270314566539,5539547.428571429,-76.22448979591837
2.21270314566539,5689260.142857143,-76.22448979591837
2.21270314566539,5838972.857142857,-76.22448979591837
2.21270314566539,5988685.571428572,-76.22448979591837
2.21270314566539,6138398.285714285,-76.22448979591837
2.21270314566539,6288111,-76.22448979591837
2.21270314566539,6437823.714285715,-76.22448979591837
2.21270314566539,6587536.428571429,-76.22448979591837
2.21270314566539,6737249.142857143,-76.22448979591837
2.21270314566539,6886961.857142857,-76.22448979591837
2.21270314566539,7036674.571428572,-76.22448979591837
2.21270314566539,7186387.285714285,-76.22448979591837
2.21270314566539,7336100,-76.22448979591837
0.014026515148983922,177,-75.78571428571429
0.3735091282374574,149889.7142857143,-75.78571428571429
0.4972265935216641,299602.4285714286,-75.78571428571429
0.6742511213205741,449315.14285714284,-75.78571428571429
0.6742511213205741,599027.8571428572,-75.78571428571429
0.726235703291866,748740.5714285715,-75.78571428571429
0.726235703291866,898453.2857142857,-75.78571428571429
0.726235703291866,1048166,-75.78571428571429
0.8948829758885797,1197878.7142857143,-75.78571428571429
0.8948829758885797,1347591.4285714286,-75.78571428571429
0.8948829758885797,1497304.142857143,-75.78571428571429
0.8948829758885797,1647016.8571428573,-75.78571428571429
1.151733844810277,1796729.5714285714,-75.78571428571429
1.151733844810277,1946442.2857142857,-75.78571428571429
1.151733844810277,2096155,-75.78571428571429
1.151733844810277,2245867.7142857146,-75.78571428571429
1.151733844810277,2395580.4285714286,-75.78571428571429
1.249500214123509,2545293.1428571427,-75.78571428571429
2.21270314566539,2695005.8571428573,-75.78571428571429
2.21270314566539,2844718.5714285714,-75.78571428571429
2.21270314566539,2994431.285714286,-75.78571428571429
2.21270314566539,3144144,-75.78571428571429
2.21270314566539,3293856.7142857146,-75.78571428571429
2.21270314566539,3443569.4285714286,-75.78571428571429
2.21270314566539,3593282.1428571427,-75.78571428571429
2.21270314566539,3742994.8571428573,-75.78571428571429
2.21270314566539,3892707.5714285714,-75.78571428571429
2.21270314566539,4042420.285714286,-75.78571428571429
2.21270314566539,4192133,-75.78571428571429
2.21270314566539,4341845.714285715,-75.78571428571429
2.21270314566539,4491558.428571429,-75.78571428571429
2.21270314566539,4641271.142857143,-75.78571428571429
2.21270314566539,4790983.857142857,-75.78571428571429
2.21270314566539,4940696.571428572,-75.78571428571429
2.21270314566539,5090409.285714285,-75.78571428571429
2.21270314566539,5240122,-75.78571428571429
2.21270314566539,5389834.714285715,-75.78571428571429
2.21270314566539,5539547.428571429,-75.78571428571429
2.21270314566539,5689260.142857143,-75.78571428571429
2.21270314566539,5838972.857142857,-75.78571428571429
2.21270314566539,5988685.571428572,-75.78571428571429
2.21270314566539,6138398.285714285,-75.78571428571429
2.21270314566539,6288111,-75.78571428571429
2.21270314566539,6437823.714285715,-75.78571428571429
2.21270314566539,6587536.428571429,-75.78571428571429
2.21270314566539,6737249.142857143,-75.78571428571429
2.21270314566539,6886961.857142857,-75.78571428571429
2.21270314566539,7036674.571428572,-75.78571428571429
2.21270314566539,7186387.285714285,-75.78571428571429
2.21270314566539,7336100,-75.78571428571429
0.014026515148983922,177,-75.34693877551021
0.3735091282374574,149889.7142857143,-75.34693877551021
0.4972265935216641,299602.4285714286,-75.34693877551021
0.6742511213205741,449315.14285714284,-75.34693877551021
0.6742511213205741,599027.8571428572,-75.34693877551021
0.726235703291866,748740.5714285715,-75.34693877551021
0.726235703291866,898453.2857142857,-75.34693877551021
0.726235703291866,1048166,-75.34693877551021
0.8948829758885797,1197878.7142857143,-75.34693877551021
0.8948829758885797,1347591.4285714286,-75.34693877551021
0.8948829758885797,1497304.142857143,-75.34693877551021
0.8948829758885797,1647016.8571428573,-75.34693877551021
1.151733844810277,1796729.5714285714,-75.34693877551021
1.151733844810277,1946442.2857142857,-75.34693877551021
1.151733844810277,2096155,-75.34693877551021
1.151733844810277,2245867.7142857146,-75.34693877551021
1.151733844810277,2395580.4285714286,-75.34693877551021
1.249500214123509,2545293.1428571427,-75.34693877551021
2.21270314566539,2695005.8571428573,-75.34693877551021
2.21270314566539,2844718.5714285714,-75.34693877551021
2.21270314566539,2994431.285714286,-75.34693877551021
2.21270314566539,3144144,-75.34693877551021
2.21270314566539,3293856.7142857146,-75.34693877551021
2.21270314566539,3443569.4285714286,-75.34693877551021
2.21270314566539,3593282.1428571427,-75.34693877551021
2.21270314566539,3742994.8571428573,-75.34693877551021
2.21270314566539,3892707.5714285714,-75.34693877551021
2.21270314566539,4042420.285714286,-75.34693877551021
2.21270314566539,4192133,-75.34693877551021
2.21270314566539,4341845.714285715,-75.34693877551021
2.21270314566539,4491558.428571429,-75.34693877551021
2.21270314566539,4641271.142857143,-75.34693877551021
2.21270314566539,4790983.857142857,-75.34693877551021
2.21270314566539,4940696.571428572,-75.34693877551021
2.21270314566539,5090409.285714285,-75.34693877551021
2.21270314566539,5240122,-75.34693877551021
2.21270314566539,5389834.714285715,-75.34693877551021
2.21270314566539,5539547.428571429,-75.34693877551021
2.21270314566539,5689260.142857143,-75.34693877551021
2.21270314566539,5838972.857142857,-75.34693877551021
2.21270314566539,5988685.571428572,-75.34693877551021
2.21270314566539,6138398.285714285,-75.34693877551021
2.21270314566539,6288111,-75.34693877551021
2.21270314566539,6437823.714285715,-75.34693877551021
2.21270314566539,6587536.428571429,-75.34693877551021
2.21270314566539,6737249.142857143,-75.34693877551021
2.21270314566539,6886961.857142857,-75.34693877551021
2.21270314566539,7036674.571428572,-75.34693877551021
2.21270314566539,7186387.285714285,-75.34693877551021
2.21270314566539,7336100,-75.34693877551021
0.014026515148983922,177,-74.90816326530611
0.3735091282374574,149889.7142857143,-74.90816326530611
0.4972265935216641,299602.4285714286,-74.90816326530611
0.6742511213205741,449315.14285714284,-74.90816326530611
0.6742511213205741,599027.8571428572,-74.90816326530611
0.726235703291866,748740.5714285715,-74.90816326530611
0.726235703291866,898453.2857142857,-74.90816326530611
0.726235703291866,1048166,-74.90816326530611
0.8948829758885797,1197878.7142857143,-74.90816326530611
0.8948829758885797,1347591.4285714286,-74.90816326530611
0.8948829758885797,1497304.142857143,-74.90816326530611
0.8948829758885797,1647016.8571428573,-74.90816326530611
1.151733844810277,1796729.5714285714,-74.90816326530611
1.151733844810277,1946442.2857142857,-74.90816326530611
1.151733844810277,2096155,-74.90816326530611
1.151733844810277,2245867.7142857146,-74.90816326530611
1.151733844810277,2395580.4285714286,-74.90816326530611
1.249500214123509,2545293.1428571427,-74.90816326530611
2.21270314566539,2695005.8571428573,-74.90816326530611
2.21270314566539,2844718.5714285714,-74.90816326530611
2.21270314566539,2994431.285714286,-74.90816326530611
2.21270314566539,3144144,-74.90816326530611
2.21270314566539,3293856.7142857146,-74.90816326530611
2.21270314566539,3443569.4285714286,-74.90816326530611
2.21270314566539,3593282.1428571427,-74.90816326530611
2.21270314566539,3742994.8571428573,-74.90816326530611
2.21270314566539,3892707.5714285714,-74.90816326530611
2.21270314566539,4042420.285714286,-74.90816326530611
2.21270314566539,4192133,-74.90816326530611
2.21270314566539,4341845.714285715,-74.90816326530611
2.21270314566539,4491558.428571429,-74.90816326530611
2.21270314566539,4641271.142857143,-74.90816326530611
2.21270314566539,4790983.857142857,-74.90816326530611
2.21270314566539,4940696.571428572,-74.90816326530611
2.21270314566539,5090409.285714285,-74.90816326530611
2.21270314566539,5240122,-74.90816326530611
2.21270314566539,5389834.714285715,-74.90816326530611
2.21270314566539,5539547.428571429,-74.90816326530611
2.21270314566539,5689260.142857143,-74.90816326530611
2.21270314566539,5838972.857142857,-74.90816326530611
2.21270314566539,5988685.571428572,-74.90816326530611
2.21270314566539,6138398.285714285,-74.90816326530611
2.21270314566539,6288111,-74.90816326530611
2.21270314566539,6437823.714285715,-74.90816326530611
2.21270314566539,6587536.428571429,-74.90816326530611
2.21270314566539,6737249.142857143,-74.90816326530611
2.21270314566539,6886961.857142857,-74.90816326530611
2.21270314566539,7036674.571428572,-74.90816326530611
2.21270314566539,7186387.285714285,-74.90816326530611
2.21270314566539,7336100,-74.90816326530611
0.014026515148983922,177,-74.46938775510205
0.3735091282374574,149889.7142857143,-74.46938775510205
0.4972265935216641,299602.4285714286,-74.46938775510205
0.6742511213205741,449315.14285714284,-74.46938775510205
0.6742511213205741,599027.8571428572,-74.46938775510205
0.726235703291866,748740.5714285715,-74.46938775510205
0.726235703291866,898453.2857142857,-74.46938775510205
0.726235703291866,1048166,-74.46938775510205
0.8948829758885797,1197878.7142857143,-74.46938775510205
0.8948829758885797,1347591.4285714286,-74.46938775510205
0.8948829758885797,1497304.142857143,-74.46938775510205
0.8948829758885797,1647016.8571428573,-74.46938775510205
1.151733844810277,1796729.5714285714,-74.46938775510205
1.151733844810277,1946442.2857142857,-74.46938775510205
1.151733844810277,2096155,-74.46938775510205
1.151733844810277,2245867.7142857146,-74.46938775510205
1.151733844810277,2395580.4285714286,-74.46938775510205
1.249500214123509,2545293.1428571427,-74.46938775510205
2.21270314566539,2695005.8571428573,-74.46938775510205
2.21270314566539,2844718.5714285714,-74.46938775510205
2.21270314566539,2994431.285714286,-74.46938775510205
2.21270314566539,3144144,-74.46938775510205
2.21270314566539,3293856.7142857146,-74.46938775510205
2.21270314566539,3443569.4285714286,-74.46938775510205
2.21270314566539,3593282.1428571427,-74.46938775510205
2.21270314566539,3742994.8571428573,-74.46938775510205
2.21270314566539,3892707.5714285714,-74.46938775510205
2.21270314566539,4042420.285714286,-74.46938775510205
2.21270314566539,4192133,-74.46938775510205
2.21270314566539,4341845.714285715,-74.46938775510205
2.21270314566539,4491558.428571429,-74.46938775510205
2.21270314566539,4641271.142857143,-74.46938775510205
2.21270314566539,4790983.857142857,-74.46938775510205
2.21270314566539,4940696.571428572,-74.46938775510205
2.21270314566539,5090409.285714285,-74.46938775510205
2.21270314566539,5240122,-74.46938775510205
2.21270314566539,5389834.714285715,-74.46938775510205
2.21270314566539,5539547.428571429,-74.46938775510205
2.21270314566539,5689260.142857143,-74.46938775510205
2.21270314566539,5838972.857142857,-74.46938775510205
2.21270314566539,5988685.571428572,-74.46938775510205
2.21270314566539,6138398.285714285,-74.46938775510205
2.21270314566539,6288111,-74.46938775510205
2.21270314566539,6437823.714285715,-74.46938775510205
2.21270314566539,6587536.428571429,-74.46938775510205
2.21270314566539,6737249.142857143,-74.46938775510205
2.21270314566539,6886961.857142857,-74.46938775510205
2.21270314566539,7036674.571428572,-74.46938775510205
2.21270314566539,7186387.285714285,-74.46938775510205
2.21270314566539,7336100,-74.46938775510205
0.014026515148983922,177,-74.03061224489795
0.3735091282374574,149889.7142857143,-74.03061224489795
0.4972265935216641,299602.4285714286,-74.03061224489795
0.6742511213205741,449315.14285714284,-74.03061224489795
0.6742511213205741,599027.8571428572,-74.03061224489795
0.726235703291866,748740.5714285715,-74.03061224489795
0.726235703291866,898453.2857142857,-74.03061224489795
0.726235703291866,1048166,-74.03061224489795
0.8948829758885797,1197878.7142857143,-74.03061224489795
0.8948829758885797,1347591.4285714286,-74.03061224489795
0.8948829758885797,1497304.142857143,-74.03061224489795
0.8948829758885797,1647016.8571428573,-74.03061224489795
1.151733844810277,1796729.5714285714,-74.03061224489795
1.151733844810277,1946442.2857142857,-74.03061224489795
1.151733844810277,2096155,-74.03061224489795
1.151733844810277,2245867.7142857146,-74.03061224489795
1.151733844810277,2395580.4285714286,-74.03061224489795
1.249500214123509,2545293.1428571427,-74.03061224489795
2.21270314566539,2695005.8571428573,-74.03061224489795
2.21270314566539,2844718.5714285714,-74.03061224489795
2.21270314566539,2994431.285714286,-74.03061224489795
2.21270314566539,3144144,-74.03061224489795
2.21270314566539,3293856.7142857146,-74.03061224489795
2.21270314566539,3443569.4285714286,-74.03061224489795
2.21270314566539,3593282.1428571427,-74.03061224489795
2.21270314566539,3742994.8571428573,-74.03061224489795
2.21270314566539,3892707.5714285714,-74.03061224489795
2.21270314566539,4042420.285714286,-74.03061224489795
2.21270314566539,4192133,-74.03061224489795
2.21270314566539,4341845.714285715,-74.03061224489795
2.21270314566539,4491558.428571429,-74.03061224489795
2.21270314566539,4641271.142857143,-74.03061224489795
2.21270314566539,4790983.857142857,-74.03061224489795
2.21270314566539,4940696.571428572,-74.03061224489795
2.21270314566539,5090409.285714285,-74.03061224489795
2.21270314566539,5240122,-74.03061224489795
2.21270314566539,5389834.714285715,-74.03061224489795
2.21270314566539,5539547.428571429,-74.03061224489795
2.21270314566539,5689260.142857143,-74.03061224489795
2.21270314566539,5838972.857142857,-74.03061224489795
2.21270314566539,5988685.571428572,-74.03061224489795
2.21270314566539,6138398.285714285,-74.03061224489795
2.21270314566539,6288111,-74.03061224489795
2.21270314566539,6437823.714285715,-74.03061224489795
2.21270314566539,6587536.428571429,-74.03061224489795
2.21270314566539,6737249.142857143,-74.03061224489795
2.21270314566539,6886961.857142857,-74.03061224489795
2.21270314566539,7036674.571428572,-74.03061224489795
2.21270314566539,7186387.285714285,-74.03061224489795
2.21270314566539,7336100,-74.03061224489795
0.014026515148983922,177,-73.59183673469389
0.3735091282374574,149889.7142857143,-73.59183673469389
0.4972265935216641,299602.4285714286,-73.59183673469389
0.6742511213205741,449315.14285714284,-73.59183673469389
0.6742511213205741,599027.8571428572,-73.59183673469389
0.726235703291866,748740.5714285715,-73.59183673469389
0.726235703291866,898453.2857142857,-73.59183673469389
0.726235703291866,1048166,-73.59183673469389
0.8948829758885797,1197878.7142857143,-73.59183673469389
0.8948829758885797,1347591.4285714286,-73.59183673469389
0.8948829758885797,1497304.142857143,-73.59183673469389
0.8948829758885797,1647016.8571428573,-73.59183673469389
1.151733844810277,1796729.5714285714,-73.59183673469389
1.151733844810277,1946442.2857142857,-73.59183673469389
1.151733844810277,2096155,-73.59183673469389
1.151733844810277,2245867.7142857146,-73.59183673469389
1.151733844810277,2395580.4285714286,-73.59183673469389
1.249500214123509,2545293.1428571427,-73.59183673469389
2.21270314566539,2695005.8571428573,-73.59183673469389
2.21270314566539,2844718.5714285714,-73.59183673469389
2.21270314566539,2994431.285714286,-73.59183673469389
2.21270314566539,3144144,-73.59183673469389
2.21270314566539,3293856.7142857146,-73.59183673469389
2.21270314566539,3443569.4285714286,-73.59183673469389
2.21270314566539,3593282.1428571427,-73.59183673469389
2.21270314566539,3742994.8571428573,-73.59183673469389
2.21270314566539,3892707.5714285714,-73.59183673469389
2.21270314566539,4042420.285714286,-73.59183673469389
2.21270314566539,4192133,-73.59183673469389
2.21270314566539,4341845.714285715,-73.59183673469389
2.21270314566539,4491558.428571429,-73.59183673469389
2.21270314566539,4641271.142857143,-73.59183673469389
2.21270314566539,4790983.857142857,-73.59183673469389
2.21270314566539,4940696.571428572,-73.59183673469389
2.21270314566539,5090409.285714285,-73.59183673469389
2.21270314566539,5240122,-73.59183673469389
2.21270314566539,5389834.714285715,-73.59183673469389
2.21270314566539,5539547.428571429,-73.59183673469389
2.21270314566539,5689260.142857143,-73.59183673469389
2.21270314566539,5838972.857142857,-73.59183673469389
2.21270314566539,5988685.571428572,-73.59183673469389
2.21270314566539,6138398.285714285,-73.59183673469389
2.21270314566539,6288111,-73.59183673469389
2.21270314566539,6437823.714285715,-73.59183673469389
2.21270314566539,6587536.428571429,-73.59183673469389
2.21270314566539,6737249.142857143,-73.59183673469389
2.21270314566539,6886961.857142857,-73.59183673469389
2.21270314566539,7036674.571428572,-73.59183673469389
2.21270314566539,7186387.285714285,-73.59183673469389
2.21270314566539,7336100,-73.59183673469389
0.014026515148983922,177,-73.15306122448979
0.3735091282374574,149889.7142857143,-73.15306122448979
0.4972265935216641,299602.4285714286,-73.15306122448979
0.6742511213205741,449315.14285714284,-73.15306122448979
0.6742511213205741,599027.8571428572,-73.15306122448979
0.726235703291866,748740.5714285715,-73.15306122448979
0.726235703291866,898453.2857142857,-73.15306122448979
0.726235703291866,1048166,-73.15306122448979
0.8948829758885797,1197878.7142857143,-73.15306122448979
0.8948829758885797,1347591.4285714286,-73.15306122448979
0.8948829758885797,1497304.142857143,-73.15306122448979
0.8948829758885797,1647016.8571428573,-73.15306122448979
1.151733844810277,1796729.5714285714,-73.15306122448979
1.151733844810277,1946442.2857142857,-73.15306122448979
1.151733844810277,2096155,-73.15306122448979
1.151733844810277,2245867.7142857146,-73.15306122448979
1.151733844810277,2395580.4285714286,-73.15306122448979
1.249500214123509,2545293.1428571427,-73.15306122448979
2.21270314566539,2695005.8571428573,-73.15306122448979
2.21270314566539,2844718.5714285714,-73.15306122448979
2.21270314566539,2994431.285714286,-73.15306122448979
2.21270314566539,3144144,-73.15306122448979
2.21270314566539,3293856.7142857146,-73.15306122448979
2.21270314566539,3443569.4285714286,-73.15306122448979
2.21270314566539,3593282.1428571427,-73.15306122448979
2.21270314566539,3742994.8571428573,-73.15306122448979
2.21270314566539,3892707.5714285714,-73.15306122448979
2.21270314566539,4042420.285714286,-73.15306122448979
2.21270314566539,4192133,-73.15306122448979
2.21270314566539,4341845.714285715,-73.15306122448979
2.21270314566539,4491558.428571429,-73.15306122448979
2.21270314566539,4641271.142857143,-73.15306122448979
2.21270314566539,4790983.857142857,-73.15306122448979
2.21270314566539,4940696.571428572,-73.15306122448979
2.21270314566539,5090409.285714285,-73.15306122448979
2.21270314566539,5240122,-73.15306122448979
2.21270314566539,5389834.714285715,-73.15306122448979
2.21270314566539,5539547.428571429,-73.15306122448979
2.21270314566539,5689260.142857143,-73.15306122448979
2.21270314566539,5838972.857142857,-73.15306122448979
2.21270314566539,5988685.571428572,-73.15306122448979
2.21270314566539,6138398.285714285,-73.15306122448979
2.21270314566539,6288111,-73.15306122448979
2.21270314566539,6437823.714285715,-73.15306122448979
2.21270314566539,6587536.428571429,-73.15306122448979
2.21270314566539,6737249.142857143,-73.15306122448979
2.21270314566539,6886961.857142857,-73.15306122448979
2.21270314566539,7036674.571428572,-73.15306122448979
2.21270314566539,7186387.285714285,-73.15306122448979
2.21270314566539,7336100,-73.15306122448979
0.014026515148983922,177,-72.71428571428572
0.3735091282374574,149889.7142857143,-72.71428571428572
0.4972265935216641,299602.4285714286,-72.71428571428572
0.6742511213205741,449315.14285714284,-72.71428571428572
0.6742511213205741,599027.8571428572,-72.71428571428572
0.726235703291866,748740.5714285715,-72.71428571428572
0.726235703291866,898453.2857142857,-72.71428571428572
0.726235703291866,1048166,-72.71428571428572
0.8948829758885797,1197878.7142857143,-72.71428571428572
0.8948829758885797,1347591.4285714286,-72.71428571428572
0.8948829758885797,1497304.142857143,-72.71428571428572
0.8948829758885797,1647016.8571428573,-72.71428571428572
1.151733844810277,1796729.5714285714,-72.71428571428572
1.151733844810277,1946442.2857142857,-72.71428571428572
1.151733844810277,2096155,-72.71428571428572
1.151733844810277,2245867.7142857146,-72.71428571428572
1.151733844810277,2395580.4285714286,-72.71428571428572
1.249500214123509,2545293.1428571427,-72.71428571428572
2.21270314566539,2695005.8571428573,-72.71428571428572
2.21270314566539,2844718.5714285714,-72.71428571428572
2.21270314566539,2994431.285714286,-72.71428571428572
2.21270314566539,3144144,-72.71428571428572
2.21270314566539,3293856.7142857146,-72.71428571428572
2.21270314566539,3443569.4285714286,-72.71428571428572
2.21270314566539,3593282.1428571427,-72.71428571428572
2.21270314566539,3742994.8571428573,-72.71428571428572
2.21270314566539,3892707.5714285714,-72.71428571428572
2.21270314566539,4042420.285714286,-72.71428571428572
2.21270314566539,4192133,-72.71428571428572
2.21270314566539,4341845.714285715,-72.71428571428572
2.21270314566539,4491558.428571429,-72.71428571428572
2.21270314566539,4641271.142857143,-72.71428571428572
2.21270314566539,4790983.857142857,-72.71428571428572
2.21270314566539,4940696.571428572,-72.71428571428572
2.21270314566539,5090409.285714285,-72.71428571428572
2.21270314566539,5240122,-72.71428571428572
2.21270314566539,5389834.714285715,-72.71428571428572
2.21270314566539,5539547.428571429,-72.71428571428572
2.21270314566539,5689260.142857143,-72.71428571428572
2.21270314566539,5838972.857142857,-72.71428571428572
2.21270314566539,5988685.571428572,-72.71428571428572
2.21270314566539,6138398.285714285,-72.71428571428572
2.21270314566539,6288111,-72.71428571428572
2.21270314566539,6437823.714285715,-72.71428571428572
2.21270314566539,6587536.428571429,-72.71428571428572
2.21270314566539,6737249.142857143,-72.71428571428572
2.21270314566539,6886961.857142857,-72.71428571428572
2.21270314566539,7036674.571428572,-72.71428571428572
2.21270314566539,7186387.285714285,-72.71428571428572
2.21270314566539,7336100,-72.71428571428572
0.014026515148983922,177,-72.27551020408163
0.3735091282374574,149889.7142857143,-72.27551020408163
0.4972265935216641,299602.4285714286,-72.27551020408163
0.6742511213205741,449315.14285714284,-72.27551020408163
0.6742511213205741,599027.8571428572,-72.27551020408163
0.726235703291866,748740.5714285715,-72.27551020408163
0.726235703291866,898453.2857142857,-72.27551020408163
0.726235703291866,1048166,-72.27551020408163
0.8948829758885797,1197878.7142857143,-72.27551020408163
0.8948829758885797,1347591.4285714286,-72.27551020408163
0.8948829758885797,1497304.142857143,-72.27551020408163
0.8948829758885797,1647016.8571428573,-72.27551020408163
1.151733844810277,1796729.5714285714,-72.27551020408163
1.151733844810277,1946442.2857142857,-72.27551020408163
1.151733844810277,2096155,-72.27551020408163
1.151733844810277,2245867.7142857146,-72.27551020408163
1.151733844810277,2395580.4285714286,-72.27551020408163
1.249500214123509,2545293.1428571427,-72.27551020408163
2.21270314566539,2695005.8571428573,-72.27551020408163
2.21270314566539,2844718.5714285714,-72.27551020408163
2.21270314566539,2994431.285714286,-72.27551020408163
2.21270314566539,3144144,-72.27551020408163
2.21270314566539,3293856.7142857146,-72.27551020408163
2.21270314566539,3443569.4285714286,-72.27551020408163
2.21270314566539,3593282.1428571427,-72.27551020408163
2.21270314566539,3742994.8571428573,-72.27551020408163
2.21270314566539,3892707.5714285714,-72.27551020408163
2.21270314566539,4042420.285714286,-72.27551020408163
2.21270314566539,4192133,-72.27551020408163
2.21270314566539,4341845.714285715,-72.27551020408163
2.21270314566539,4491558.428571429,-72.27551020408163
2.21270314566539,4641271.142857143,-72.27551020408163
2.21270314566539,4790983.857142857,-72.27551020408163
2.21270314566539,4940696.571428572,-72.27551020408163
2.21270314566539,5090409.285714285,-72.27551020408163
2.21270314566539,5240122,-72.27551020408163
2.21270314566539,5389834.714285715,-72.27551020408163
2.21270314566539,5539547.428571429,-72.27551020408163
2.21270314566539,5689260.142857143,-72.27551020408163
2.21270314566539,5838972.857142857,-72.27551020408163
2.21270314566539,5988685.571428572,-72.27551020408163
2.21270314566539,6138398.285714285,-72.27551020408163
2.21270314566539,6288111,-72.27551020408163
2.21270314566539,6437823.714285715,-72.27551020408163
2.21270314566539,6587536.428571429,-72.27551020408163
2.21270314566539,6737249.142857143,-72.27551020408163
2.21270314566539,6886961.857142857,-72.27551020408163
2.21270314566539,7036674.571428572,-72.27551020408163
2.21270314566539,7186387.285714285,-72.27551020408163
2.21270314566539,7336100,-72.27551020408163
0.014026515148983922,177,-71.83673469387755
0.3735091282374574,149889.7142857143,-71.83673469387755
0.4972265935216641,299602.4285714286,-71.83673469387755
0.6742511213205741,449315.14285714284,-71.83673469387755
0.6742511213205741,599027.8571428572,-71.83673469387755
0.726235703291866,748740.5714285715,-71.83673469387755
0.726235703291866,898453.2857142857,-71.83673469387755
0.726235703291866,1048166,-71.83673469387755
0.8948829758885797,1197878.7142857143,-71.83673469387755
0.8948829758885797,1347591.4285714286,-71.83673469387755
0.8948829758885797,1497304.142857143,-71.83673469387755
0.8948829758885797,1647016.8571428573,-71.83673469387755
1.151733844810277,1796729.5714285714,-71.83673469387755
1.151733844810277,1946442.2857142857,-71.83673469387755
1.151733844810277,2096155,-71.83673469387755
1.151733844810277,2245867.7142857146,-71.83673469387755
1.151733844810277,2395580.4285714286,-71.83673469387755
1.249500214123509,2545293.1428571427,-71.83673469387755
2.21270314566539,2695005.8571428573,-71.83673469387755
2.21270314566539,2844718.5714285714,-71.83673469387755
2.21270314566539,2994431.285714286,-71.83673469387755
2.21270314566539,3144144,-71.83673469387755
2.21270314566539,3293856.7142857146,-71.83673469387755
2.21270314566539,3443569.4285714286,-71.83673469387755
2.21270314566539,3593282.1428571427,-71.83673469387755
2.21270314566539,3742994.8571428573,-71.83673469387755
2.21270314566539,3892707.5714285714,-71.83673469387755
2.21270314566539,4042420.285714286,-71.83673469387755
2.21270314566539,4192133,-71.83673469387755
2.21270314566539,4341845.714285715,-71.83673469387755
2.21270314566539,4491558.428571429,-71.83673469387755
2.21270314566539,4641271.142857143,-71.83673469387755
2.21270314566539,4790983.857142857,-71.83673469387755
2.21270314566539,4940696.571428572,-71.83673469387755
2.21270314566539,5090409.285714285,-71.83673469387755
2.21270314566539,5240122,-71.83673469387755
2.21270314566539,5389834.714285715,-71.83673469387755
2.21270314566539,5539547.428571429,-71.83673469387755
2.21270314566539,5689260.142857143,-71.83673469387755
2.21270314566539,5838972.857142857,-71.83673469387755
2.21270314566539,5988685.571428572,-71.83673469387755
2.21270314566539,6138398.285714285,-71.83673469387755
2.21270314566539,6288111,-71.83673469387755
2.21270314566539,6437823.714285715,-71.83673469387755
2.21270314566539,6587536.428571429,-71.83673469387755
2.21270314566539,6737249.142857143,-71.83673469387755
2.21270314566539,6886961.857142857,-71.83673469387755
2.21270314566539,7036674.571428572,-71.83673469387755
2.21270314566539,7186387.285714285,-71.83673469387755
2.21270314566539,7336100,-71.83673469387755
0.014026515148983922,177,-71.39795918367346
0.3735091282374574,149889.7142857143,-71.39795918367346
0.4972265935216641,299602.4285714286,-71.39795918367346
0.6742511213205741,449315.14285714284,-71.39795918367346
0.6742511213205741,599027.8571428572,-71.39795918367346
0.726235703291866,748740.5714285715,-71.39795918367346
0.726235703291866,898453.2857142857,-71.39795918367346
0.726235703291866,1048166,-71.39795918367346
0.8948829758885797,1197878.7142857143,-71.39795918367346
0.8948829758885797,1347591.4285714286,-71.39795918367346
0.8948829758885797,1497304.142857143,-71.39795918367346
0.8948829758885797,1647016.8571428573,-71.39795918367346
1.151733844810277,1796729.5714285714,-71.39795918367346
1.151733844810277,1946442.2857142857,-71.39795918367346
1.151733844810277,2096155,-71.39795918367346
1.151733844810277,2245867.7142857146,-71.39795918367346
1.151733844810277,2395580.4285714286,-71.39795918367346
1.249500214123509,2545293.1428571427,-71.39795918367346
2.21270314566539,2695005.8571428573,-71.39795918367346
2.21270314566539,2844718.5714285714,-71.39795918367346
2.21270314566539,2994431.285714286,-71.39795918367346
2.21270314566539,3144144,-71.39795918367346
2.21270314566539,3293856.7142857146,-71.39795918367346
2.21270314566539,3443569.4285714286,-71.39795918367346
2.21270314566539,3593282.1428571427,-71.39795918367346
2.21270314566539,3742994.8571428573,-71.39795918367346
2.21270314566539,3892707.5714285714,-71.39795918367346
2.21270314566539,4042420.285714286,-71.39795918367346
2.21270314566539,4192133,-71.39795918367346
2.21270314566539,4341845.714285715,-71.39795918367346
2.21270314566539,4491558.428571429,-71.39795918367346
2.21270314566539,4641271.142857143,-71.39795918367346
2.21270314566539,4790983.857142857,-71.39795918367346
2.21270314566539,4940696.571428572,-71.39795918367346
2.21270314566539,5090409.285714285,-71.39795918367346
2.21270314566539,5240122,-71.39795918367346
2.21270314566539,5389834.714285715,-71.39795918367346
2.21270314566539,5539547.428571429,-71.39795918367346
2.21270314566539,5689260.142857143,-71.39795918367346
2.21270314566539,5838972.857142857,-71.39795918367346
2.21270314566539,5988685.571428572,-71.39795918367346
2.21270314566539,6138398.285714285,-71.39795918367346
2.21270314566539,6288111,-71.39795918367346
2.21270314566539,6437823.714285715,-71.39795918367346
2.21270314566539,6587536.428571429,-71.39795918367346
2.21270314566539,6737249.142857143,-71.39795918367346
2.21270314566539,6886961.857142857,-71.39795918367346
2.21270314566539,7036674.571428572,-71.39795918367346
2.21270314566539,7186387.285714285,-71.39795918367346
2.21270314566539,7336100,-71.39795918367346
0.014026515148983922,177,-70.95918367346938
0.3735091282374574,149889.7142857143,-70.95918367346938
0.4972265935216641,299602.4285714286,-70.95918367346938
0.6742511213205741,449315.14285714284,-70.95918367346938
0.6742511213205741,599027.8571428572,-70.95918367346938
0.726235703291866,748740.5714285715,-70.95918367346938
0.726235703291866,898453.2857142857,-70.95918367346938
0.726235703291866,1048166,-70.95918367346938
0.8948829758885797,1197878.7142857143,-70.95918367346938
0.8948829758885797,1347591.4285714286,-70.95918367346938
0.8948829758885797,1497304.142857143,-70.95918367346938
0.8948829758885797,1647016.8571428573,-70.95918367346938
1.151733844810277,1796729.5714285714,-70.95918367346938
1.151733844810277,1946442.2857142857,-70.95918367346938
1.151733844810277,2096155,-70.95918367346938
1.151733844810277,2245867.7142857146,-70.95918367346938
1.151733844810277,2395580.4285714286,-70.95918367346938
1.249500214123509,2545293.1428571427,-70.95918367346938
2.21270314566539,2695005.8571428573,-70.95918367346938
2.21270314566539,2844718.5714285714,-70.95918367346938
2.21270314566539,2994431.285714286,-70.95918367346938
2.21270314566539,3144144,-70.95918367346938
2.21270314566539,3293856.7142857146,-70.95918367346938
2.21270314566539,3443569.4285714286,-70.95918367346938
2.21270314566539,3593282.1428571427,-70.95918367346938
2.21270314566539,3742994.8571428573,-70.95918367346938
2.21270314566539,3892707.5714285714,-70.95918367346938
2.21270314566539,4042420.285714286,-70.95918367346938
2.21270314566539,4192133,-70.95918367346938
2.21270314566539,4341845.714285715,-70.95918367346938
2.21270314566539,4491558.428571429,-70.95918367346938
2.21270314566539,4641271.142857143,-70.95918367346938
2.21270314566539,4790983.857142857,-70.95918367346938
2.21270314566539,4940696.571428572,-70.95918367346938
2.21270314566539,5090409.285714285,-70.95918367346938
2.21270314566539,5240122,-70.95918367346938
2.21270314566539,5389834.714285715,-70.95918367346938
2.21270314566539,5539547.428571429,-70.95918367346938
2.21270314566539,5689260.142857143,-70.95918367346938
2.21270314566539,5838972.857142857,-70.95918367346938
2.21270314566539,5988685.571428572,-70.95918367346938
2.21270314566539,6138398.285714285,-70.95918367346938
2.21270314566539,6288111,-70.95918367346938
2.21270314566539,6437823.714285715,-70.95918367346938
2.21270314566539,6587536.428571429,-70.95918367346938
2.21270314566539,6737249.142857143,-70.95918367346938
2.21270314566539,6886961.857142857,-70.95918367346938
2.21270314566539,7036674.571428572,-70.95918367346938
2.21270314566539,7186387.285714285,-70.95918367346938
2.21270314566539,7336100,-70.95918367346938
0.014026515148983922,177,-70.5204081632653
0.3735091282374574,149889.7142857143,-70.5204081632653
0.4972265935216641,299602.4285714286,-70.5204081632653
0.6742511213205741,449315.14285714284,-70.5204081632653
0.6742511213205741,599027.8571428572,-70.5204081632653
0.726235703291866,748740.5714285715,-70.5204081632653
0.726235703291866,898453.2857142857,-70.5204081632653
0.726235703291866,1048166,-70.5204081632653
0.8948829758885797,1197878.7142857143,-70.5204081632653
0.8948829758885797,1347591.4285714286,-70.5204081632653
0.8948829758885797,1497304.142857143,-70.5204081632653
0.8948829758885797,1647016.8571428573,-70.5204081632653
1.151733844810277,1796729.5714285714,-70.5204081632653
1.151733844810277,1946442.2857142857,-70.5204081632653
1.151733844810277,2096155,-70.5204081632653
1.151733844810277,2245867.7142857146,-70.5204081632653
1.151733844810277,2395580.4285714286,-70.5204081632653
1.249500214123509,2545293.1428571427,-70.5204081632653
2.21270314566539,2695005.8571428573,-70.5204081632653
2.21270314566539,2844718.5714285714,-70.5204081632653
2.21270314566539,2994431.285714286,-70.5204081632653
2.21270314566539,3144144,-70.5204081632653
2.21270314566539,3293856.7142857146,-70.5204081632653
2.21270314566539,3443569.4285714286,-70.5204081632653
2.21270314566539,3593282.1428571427,-70.5204081632653
2.21270314566539,3742994.8571428573,-70.5204081632653
2.21270314566539,3892707.5714285714,-70.5204081632653
2.21270314566539,4042420.285714286,-70.5204081632653
2.21270314566539,4192133,-70.5204081632653
2.21270314566539,4341845.714285715,-70.5204081632653
2.21270314566539,4491558.428571429,-70.5204081632653
2.21270314566539,4641271.142857143,-70.5204081632653
2.21270314566539,4790983.857142857,-70.5204081632653
2.21270314566539,4940696.571428572,-70.5204081632653
2.21270314566539,5090409.285714285,-70.5204081632653
2.21270314566539,5240122,-70.5204081632653
2.21270314566539,5389834.714285715,-70.5204081632653
2.21270314566539,5539547.428571429,-70.5204081632653
2.21270314566539,5689260.142857143,-70.5204081632653
2.21270314566539,5838972.857142857,-70.5204081632653
2.21270314566539,5988685.571428572,-70.5204081632653
2.21270314566539,6138398.285714285,-70.5204081632653
2.21270314566539,6288111,-70.5204081632653
2.21270314566539,6437823.714285715,-70.5204081632653
2.21270314566539,6587536.428571429,-70.5204081632653
2.21270314566539,6737249.142857143,-70.5204081632653
2.21270314566539,6886961.857142857,-70.5204081632653
2.21270314566539,7036674.571428572,-70.5204081632653
2.21270314566539,7186387.285714285,-70.5204081632653
2.21270314566539,7336100,-70.5204081632653
0.014026515148983922,177,-70.08163265306122
0.3735091282374574,149889.7142857143,-70.08163265306122
0.4972265935216641,299602.4285714286,-70.08163265306122
0.6742511213205741,449315.14285714284,-70.08163265306122
0.6742511213205741,599027.8571428572,-70.08163265306122
0.726235703291866,748740.5714285715,-70.08163265306122
0.726235703291866,898453.2857142857,-70.08163265306122
0.726235703291866,1048166,-70.08163265306122
0.8948829758885797,1197878.7142857143,-70.08163265306122
0.8948829758885797,1347591.4285714286,-70.08163265306122
0.8948829758885797,1497304.142857143,-70.08163265306122
0.8948829758885797,1647016.8571428573,-70.08163265306122
1.151733844810277,1796729.5714285714,-70.08163265306122
1.151733844810277,1946442.2857142857,-70.08163265306122
1.151733844810277,2096155,-70.08163265306122
1.151733844810277,2245867.7142857146,-70.08163265306122
1.151733844810277,2395580.4285714286,-70.08163265306122
1.249500214123509,2545293.1428571427,-70.08163265306122
2.21270314566539,2695005.8571428573,-70.08163265306122
2.21270314566539,2844718.5714285714,-70.08163265306122
2.21270314566539,2994431.285714286,-70.08163265306122
2.21270314566539,3144144,-70.08163265306122
2.21270314566539,3293856.7142857146,-70.08163265306122
2.21270314566539,3443569.4285714286,-70.08163265306122
2.21270314566539,3593282.1428571427,-70.08163265306122
2.21270314566539,3742994.8571428573,-70.08163265306122
2.21270314566539,3892707.5714285714,-70.08163265306122
2.21270314566539,4042420.285714286,-70.08163265306122
2.21270314566539,4192133,-70.08163265306122
2.21270314566539,4341845.714285715,-70.08163265306122
2.21270314566539,4491558.428571429,-70.08163265306122
2.21270314566539,4641271.142857143,-70.08163265306122
2.21270314566539,4790983.857142857,-70.08163265306122
2.21270314566539,4940696.571428572,-70.08163265306122
2.21270314566539,5090409.285714285,-70.08163265306122
2.21270314566539,5240122,-70.08163265306122
2.21270314566539,5389834.714285715,-70.08163265306122
2.21270314566539,5539547.428571429,-70.08163265306122
2.21270314566539,5689260.142857143,-70.08163265306122
2.21270314566539,5838972.857142857,-70.08163265306122
2.21270314566539,5988685.571428572,-70.08163265306122
2.21270314566539,6138398.285714285,-70.08163265306122
2.21270314566539,6288111,-70.08163265306122
2.21270314566539,6437823.714285715,-70.08163265306122
2.21270314566539,6587536.428571429,-70.08163265306122
2.21270314566539,6737249.142857143,-70.08163265306122
2.21270314566539,6886961.857142857,-70.08163265306122
2.21270314566539,7036674.571428572,-70.08163265306122
2.21270314566539,7186387.285714285,-70.08163265306122
2.21270314566539,7336100,-70.08163265306122
0.014026515148983922,177,-69.64285714285714
0.3735091282374574,149889.7142857143,-69.64285714285714
0.4972265935216641,299602.4285714286,-69.64285714285714
0.6742511213205741,449315.14285714284,-69.64285714285714
0.6742511213205741,599027.8571428572,-69.64285714285714
0.726235703291866,748740.5714285715,-69.64285714285714
0.726235703291866,898453.2857142857,-69.64285714285714
0.726235703291866,1048166,-69.64285714285714
0.8948829758885797,1197878.7142857143,-69.64285714285714
0.8948829758885797,1347591.4285714286,-69.64285714285714
0.8948829758885797,1497304.142857143,-69.64285714285714
0.8948829758885797,1647016.8571428573,-69.64285714285714
1.151733844810277,1796729.5714285714,-69.64285714285714
1.151733844810277,1946442.2857142857,-69.64285714285714
1.151733844810277,2096155,-69.64285714285714
1.151733844810277,2245867.7142857146,-69.64285714285714
1.151733844810277,2395580.4285714286,-69.64285714285714
1.249500214123509,2545293.1428571427,-69.64285714285714
2.21270314566539,2695005.8571428573,-69.64285714285714
2.21270314566539,2844718.5714285714,-69.64285714285714
2.21270314566539,2994431.285714286,-69.64285714285714
2.21270314566539,3144144,-69.64285714285714
2.21270314566539,3293856.7142857146,-69.64285714285714
2.21270314566539,3443569.4285714286,-69.64285714285714
2.21270314566539,3593282.1428571427,-69.64285714285714
2.21270314566539,3742994.8571428573,-69.64285714285714
2.21270314566539,3892707.5714285714,-69.64285714285714
2.21270314566539,4042420.285714286,-69.64285714285714
2.21270314566539,4192133,-69.64285714285714
2.21270314566539,4341845.714285715,-69.64285714285714
2.21270314566539,4491558.428571429,-69.64285714285714
2.21270314566539,4641271.142857143,-69.64285714285714
2.21270314566539,4790983.857142857,-69.64285714285714
2.21270314566539,4940696.571428572,-69.64285714285714
2.21270314566539,5090409.285714285,-69.64285714285714
2.21270314566539,5240122,-69.64285714285714
2.21270314566539,5389834.714285715,-69.64285714285714
2.21270314566539,5539547.428571429,-69.64285714285714
2.21270314566539,5689260.142857143,-69.64285714285714
2.21270314566539,5838972.857142857,-69.64285714285714
2.21270314566539,5988685.571428572,-69.64285714285714
2.21270314566539,6138398.285714285,-69.64285714285714
2.21270314566539,6288111,-69.64285714285714
2.21270314566539,6437823.714285715,-69.64285714285714
2.21270314566539,6587536.428571429,-69.64285714285714
2.21270314566539,6737249.142857143,-69.64285714285714
2.21270314566539,6886961.857142857,-69.64285714285714
2.21270314566539,7036674.571428572,-69.64285714285714
2.21270314566539,7186387.285714285,-69.64285714285714
2.21270314566539,7336100,-69.64285714285714
0.014026515148983922,177,-69.20408163265306
0.3735091282374574,149889.7142857143,-69.20408163265306
0.4972265935216641,299602.4285714286,-69.20408163265306
0.6742511213205741,449315.14285714284,-69.20408163265306
0.6742511213205741,599027.8571428572,-69.20408163265306
0.726235703291866,748740.5714285715,-69.20408163265306
0.726235703291866,898453.2857142857,-69.20408163265306
0.726235703291866,1048166,-69.20408163265306
0.8948829758885797,1197878.7142857143,-69.20408163265306
0.8948829758885797,1347591.4285714286,-69.20408163265306
0.8948829758885797,1497304.142857143,-69.20408163265306
0.8948829758885797,1647016.8571428573,-69.20408163265306
1.151733844810277,1796729.5714285714,-69.20408163265306
1.151733844810277,1946442.2857142857,-69.20408163265306
1.151733844810277,2096155,-69.20408163265306
1.151733844810277,2245867.7142857146,-69.20408163265306
1.151733844810277,2395580.4285714286,-69.20408163265306
1.249500214123509,2545293.1428571427,-69.20408163265306
2.21270314566539,2695005.8571428573,-69.20408163265306
2.21270314566539,2844718.5714285714,-69.20408163265306
2.21270314566539,2994431.285714286,-69.20408163265306
2.21270314566539,3144144,-69.20408163265306
2.21270314566539,3293856.7142857146,-69.20408163265306
2.21270314566539,3443569.4285714286,-69.20408163265306
2.21270314566539,3593282.1428571427,-69.20408163265306
2.21270314566539,3742994.8571428573,-69.20408163265306
2.21270314566539,3892707.5714285714,-69.20408163265306
2.21270314566539,4042420.285714286,-69.20408163265306
2.21270314566539,4192133,-69.20408163265306
2.21270314566539,4341845.714285715,-69.20408163265306
2.21270314566539,4491558.428571429,-69.20408163265306
2.21270314566539,4641271.142857143,-69.20408163265306
2.21270314566539,4790983.857142857,-69.20408163265306
2.21270314566539,4940696.571428572,-69.20408163265306
2.21270314566539,5090409.285714285,-69.20408163265306
2.21270314566539,5240122,-69.20408163265306
2.21270314566539,5389834.714285715,-69.20408163265306
2.21270314566539,5539547.428571429,-69.20408163265306
2.21270314566539,5689260.142857143,-69.20408163265306
2.21270314566539,5838972.857142857,-69.20408163265306
2.21270314566539,5988685.571428572,-69.20408163265306
2.21270314566539,6138398.285714285,-69.20408163265306
2.21270314566539,6288111,-69.20408163265306
2.21270314566539,6437823.714285715,-69.20408163265306
2.21270314566539,6587536.428571429,-69.20408163265306
2.21270314566539,6737249.142857143,-69.20408163265306
2.21270314566539,6886961.857142857,-69.20408163265306
2.21270314566539,7036674.571428572,-69.20408163265306
2.21270314566539,7186387.285714285,-69.20408163265306
2.21270314566539,7336100,-69.20408163265306
0.014026515148983922,177,-68.76530612244898
0.3735091282374574,149889.7142857143,-68.76530612244898
0.4972265935216641,299602.4285714286,-68.76530612244898
0.6742511213205741,449315.14285714284,-68.76530612244898
0.6742511213205741,599027.8571428572,-68.76530612244898
0.726235703291866,748740.5714285715,-68.76530612244898
0.726235703291866,898453.2857142857,-68.76530612244898
0.726235703291866,1048166,-68.76530612244898
0.8948829758885797,1197878.7142857143,-68.76530612244898
0.8948829758885797,1347591.4285714286,-68.76530612244898
0.8948829758885797,1497304.142857143,-68.76530612244898
0.8948829758885797,1647016.8571428573,-68.76530612244898
1.151733844810277,1796729.5714285714,-68.76530612244898
1.151733844810277,1946442.2857142857,-68.76530612244898
1.151733844810277,2096155,-68.76530612244898
1.151733844810277,2245867.7142857146,-68.76530612244898
1.151733844810277,2395580.4285714286,-68.76530612244898
1.249500214123509,2545293.1428571427,-68.76530612244898
2.21270314566539,2695005.8571428573,-68.76530612244898
2.21270314566539,2844718.5714285714,-68.76530612244898
2.21270314566539,2994431.285714286,-68.76530612244898
2.21270314566539,3144144,-68.76530612244898
2.21270314566539,3293856.7142857146,-68.76530612244898
2.21270314566539,3443569.4285714286,-68.76530612244898
2.21270314566539,3593282.1428571427,-68.76530612244898
2.21270314566539,3742994.8571428573,-68.76530612244898
2.21270314566539,3892707.5714285714,-68.76530612244898
2.21270314566539,4042420.285714286,-68.76530612244898
2.21270314566539,4192133,-68.76530612244898
2.21270314566539,4341845.714285715,-68.76530612244898
2.21270314566539,4491558.428571429,-68.76530612244898
2.21270314566539,4641271.142857143,-68.76530612244898
2.21270314566539,4790983.857142857,-68.76530612244898
2.21270314566539,4940696.571428572,-68.76530612244898
2.21270314566539,5090409.285714285,-68.76530612244898
2.21270314566539,5240122,-68.76530612244898
2.21270314566539,5389834.714285715,-68.76530612244898
2.21270314566539,5539547.428571429,-68.76530612244898
2.21270314566539,5689260.142857143,-68.76530612244898
2.21270314566539,5838972.857142857,-68.76530612244898
2.21270314566539,5988685.571428572,-68.76530612244898
2.21270314566539,6138398.285714285,-68.76530612244898
2.21270314566539,6288111,-68.76530612244898
2.21270314566539,6437823.714285715,-68.76530612244898
2.21270314566539,6587536.428571429,-68.76530612244898
2.21270314566539,6737249.142857143,-68.76530612244898
2.21270314566539,6886961.857142857,-68.76530612244898
2.21270314566539,7036674.571428572,-68.76530612244898
2.21270314566539,7186387.285714285,-68.76530612244898
2.21270314566539,7336100,-68.76530612244898
0.014026515148983922,177,-68.3265306122449
0.3735091282374574,149889.7142857143,-68.3265306122449
0.4972265935216641,299602.4285714286,-68.3265306122449
0.6742511213205741,449315.14285714284,-68.3265306122449
0.6742511213205741,599027.8571428572,-68.3265306122449
0.726235703291866,748740.5714285715,-68.3265306122449
0.726235703291866,898453.2857142857,-68.3265306122449
0.726235703291866,1048166,-68.3265306122449
0.8948829758885797,1197878.7142857143,-68.3265306122449
0.8948829758885797,1347591.4285714286,-68.3265306122449
0.8948829758885797,1497304.142857143,-68.3265306122449
0.8948829758885797,1647016.8571428573,-68.3265306122449
1.151733844810277,1796729.5714285714,-68.3265306122449
1.151733844810277,1946442.2857142857,-68.3265306122449
1.151733844810277,2096155,-68.3265306122449
1.151733844810277,2245867.7142857146,-68.3265306122449
1.151733844810277,2395580.4285714286,-68.3265306122449
1.249500214123509,2545293.1428571427,-68.3265306122449
2.21270314566539,2695005.8571428573,-68.3265306122449
2.21270314566539,2844718.5714285714,-68.3265306122449
2.21270314566539,2994431.285714286,-68.3265306122449
2.21270314566539,3144144,-68.3265306122449
2.21270314566539,3293856.7142857146,-68.3265306122449
2.21270314566539,3443569.4285714286,-68.3265306122449
2.21270314566539,3593282.1428571427,-68.3265306122449
2.21270314566539,3742994.8571428573,-68.3265306122449
2.21270314566539,3892707.5714285714,-68.3265306122449
2.21270314566539,4042420.285714286,-68.3265306122449
2.21270314566539,4192133,-68.3265306122449
2.21270314566539,4341845.714285715,-68.3265306122449
2.21270314566539,4491558.428571429,-68.3265306122449
2.21270314566539,4641271.142857143,-68.3265306122449
2.21270314566539,4790983.857142857,-68.3265306122449
2.21270314566539,4940696.571428572,-68.3265306122449
2.21270314566539,5090409.285714285,-68.3265306122449
2.21270314566539,5240122,-68.3265306122449
2.21270314566539,5389834.714285715,-68.3265306122449
2.21270314566539,5539547.428571429,-68.3265306122449
2.21270314566539,5689260.142857143,-68.3265306122449
2.21270314566539,5838972.857142857,-68.3265306122449
2.21270314566539,5988685.571428572,-68.3265306122449
2.21270314566539,6138398.285714285,-68.3265306122449
2.21270314566539,6288111,-68.3265306122449
2.21270314566539,6437823.714285715,-68.3265306122449
2.21270314566539,6587536.428571429,-68.3265306122449
2.21270314566539,6737249.142857143,-68.3265306122449
2.21270314566539,6886961.857142857,-68.3265306122449
2.21270314566539,7036674.571428572,-68.3265306122449
2.21270314566539,7186387.285714285,-68.3265306122449
2.21270314566539,7336100,-68.3265306122449
0.014026515148983922,177,-67.88775510204081
0.3735091282374574,149889.7142857143,-67.88775510204081
0.4972265935216641,299602.4285714286,-67.88775510204081
0.6742511213205741,449315.14285714284,-67.88775510204081
0.6742511213205741,599027.8571428572,-67.88775510204081
0.726235703291866,748740.5714285715,-67.88775510204081
0.726235703291866,898453.2857142857,-67.88775510204081
0.726235703291866,1048166,-67.88775510204081
0.8948829758885797,1197878.7142857143,-67.88775510204081
0.8948829758885797,1347591.4285714286,-67.88775510204081
0.8948829758885797,1497304.142857143,-67.88775510204081
0.8948829758885797,1647016.8571428573,-67.88775510204081
1.151733844810277,1796729.5714285714,-67.88775510204081
1.151733844810277,1946442.2857142857,-67.88775510204081
1.151733844810277,2096155,-67.88775510204081
1.151733844810277,2245867.7142857146,-67.88775510204081
1.151733844810277,2395580.4285714286,-67.88775510204081
1.249500214123509,2545293.1428571427,-67.88775510204081
2.21270314566539,2695005.8571428573,-67.88775510204081
2.21270314566539,2844718.5714285714,-67.88775510204081
2.21270314566539,2994431.285714286,-67.88775510204081
2.21270314566539,3144144,-67.88775510204081
2.21270314566539,3293856.7142857146,-67.88775510204081
2.21270314566539,3443569.4285714286,-67.88775510204081
2.21270314566539,3593282.1428571427,-67.88775510204081
2.21270314566539,3742994.8571428573,-67.88775510204081
2.21270314566539,3892707.5714285714,-67.88775510204081
2.21270314566539,4042420.285714286,-67.88775510204081
2.21270314566539,4192133,-67.88775510204081
2.21270314566539,4341845.714285715,-67.88775510204081
2.21270314566539,4491558.428571429,-67.88775510204081
2.21270314566539,4641271.142857143,-67.88775510204081
2.21270314566539,4790983.857142857,-67.88775510204081
2.21270314566539,4940696.571428572,-67.88775510204081
2.21270314566539,5090409.285714285,-67.88775510204081
2.21270314566539,5240122,-67.88775510204081
2.21270314566539,5389834.714285715,-67.88775510204081
2.21270314566539,5539547.428571429,-67.88775510204081
2.21270314566539,5689260.142857143,-67.88775510204081
2.21270314566539,5838972.857142857,-67.88775510204081
2.21270314566539,5988685.571428572,-67.88775510204081
2.21270314566539,6138398.285714285,-67.88775510204081
2.21270314566539,6288111,-67.88775510204081
2.21270314566539,6437823.714285715,-67.88775510204081
2.21270314566539,6587536.428571429,-67.88775510204081
2.21270314566539,6737249.142857143,-67.88775510204081
2.21270314566539,6886961.857142857,-67.88775510204081
2.21270314566539,7036674.571428572,-67.88775510204081
2.21270314566539,7186387.285714285,-67.88775510204081
2.21270314566539,7336100,-67.88775510204081
0.014026515148983922,177,-67.44897959183673
0.3735091282374574,149889.7142857143,-67.44897959183673
0.4972265935216641,299602.4285714286,-67.44897959183673
0.6742511213205741,449315.14285714284,-67.44897959183673
0.6742511213205741,599027.8571428572,-67.44897959183673
0.726235703291866,748740.5714285715,-67.44897959183673
0.726235703291866,898453.2857142857,-67.44897959183673
0.726235703291866,1048166,-67.44897959183673
0.8948829758885797,1197878.7142857143,-67.44897959183673
0.8948829758885797,1347591.4285714286,-67.44897959183673
0.8948829758885797,1497304.142857143,-67.44897959183673
0.8948829758885797,1647016.8571428573,-67.44897959183673
1.151733844810277,1796729.5714285714,-67.44897959183673
1.151733844810277,1946442.2857142857,-67.44897959183673
1.151733844810277,2096155,-67.44897959183673
1.151733844810277,2245867.7142857146,-67.44897959183673
1.151733844810277,2395580.4285714286,-67.44897959183673
1.249500214123509,2545293.1428571427,-67.44897959183673
2.21270314566539,2695005.8571428573,-67.44897959183673
2.21270314566539,2844718.5714285714,-67.44897959183673
2.21270314566539,2994431.285714286,-67.44897959183673
2.21270314566539,3144144,-67.44897959183673
2.21270314566539,3293856.7142857146,-67.44897959183673
2.21270314566539,3443569.4285714286,-67.44897959183673
2.21270314566539,3593282.1428571427,-67.44897959183673
2.21270314566539,3742994.8571428573,-67.44897959183673
2.21270314566539,3892707.5714285714,-67.44897959183673
2.21270314566539,4042420.285714286,-67.44897959183673
2.21270314566539,4192133,-67.44897959183673
2.21270314566539,4341845.714285715,-67.44897959183673
2.21270314566539,4491558.428571429,-67.44897959183673
2.21270314566539,4641271.142857143,-67.44897959183673
2.21270314566539,4790983.857142857,-67.44897959183673
2.21270314566539,4940696.571428572,-67.44897959183673
2.21270314566539,5090409.285714285,-67.44897959183673
2.21270314566539,5240122,-67.44897959183673
2.21270314566539,5389834.714285715,-67.44897959183673
2.21270314566539,5539547.428571429,-67.44897959183673
2.21270314566539,5689260.142857143,-67.44897959183673
2.21270314566539,5838972.857142857,-67.44897959183673
2.21270314566539,5988685.571428572,-67.44897959183673
2.21270314566539,6138398.285714285,-67.44897959183673
2.21270314566539,6288111,-67.44897959183673
2.21270314566539,6437823.714285715,-67.44897959183673
2.21270314566539,6587536.428571429,-67.44897959183673
2.21270314566539,6737249.142857143,-67.44897959183673
2.21270314566539,6886961.857142857,-67.44897959183673
2.21270314566539,7036674.571428572,-67.44897959183673
2.21270314566539,7186387.285714285,-67.44897959183673
2.21270314566539,7336100,-67.44897959183673
0.014026515148983922,177,-67.01020408163265
0.3735091282374574,149889.7142857143,-67.01020408163265
0.4972265935216641,299602.4285714286,-67.01020408163265
0.6742511213205741,449315.14285714284,-67.01020408163265
0.6742511213205741,599027.8571428572,-67.01020408163265
0.726235703291866,748740.5714285715,-67.01020408163265
0.726235703291866,898453.2857142857,-67.01020408163265
0.726235703291866,1048166,-67.01020408163265
0.8948829758885797,1197878.7142857143,-67.01020408163265
0.8948829758885797,1347591.4285714286,-67.01020408163265
0.8948829758885797,1497304.142857143,-67.01020408163265
0.8948829758885797,1647016.8571428573,-67.01020408163265
1.151733844810277,1796729.5714285714,-67.01020408163265
1.151733844810277,1946442.2857142857,-67.01020408163265
1.151733844810277,2096155,-67.01020408163265
1.151733844810277,2245867.7142857146,-67.01020408163265
1.151733844810277,2395580.4285714286,-67.01020408163265
1.249500214123509,2545293.1428571427,-67.01020408163265
2.21270314566539,2695005.8571428573,-67.01020408163265
2.21270314566539,2844718.5714285714,-67.01020408163265
2.21270314566539,2994431.285714286,-67.01020408163265
2.21270314566539,3144144,-67.01020408163265
2.21270314566539,3293856.7142857146,-67.01020408163265
2.21270314566539,3443569.4285714286,-67.01020408163265
2.21270314566539,3593282.1428571427,-67.01020408163265
2.21270314566539,3742994.8571428573,-67.01020408163265
2.21270314566539,3892707.5714285714,-67.01020408163265
2.21270314566539,4042420.285714286,-67.01020408163265
2.21270314566539,4192133,-67.01020408163265
2.21270314566539,4341845.714285715,-67.01020408163265
2.21270314566539,4491558.428571429,-67.01020408163265
2.21270314566539,4641271.142857143,-67.01020408163265
2.21270314566539,4790983.857142857,-67.01020408163265
2.21270314566539,4940696.571428572,-67.01020408163265
2.21270314566539,5090409.285714285,-67.01020408163265
2.21270314566539,5240122,-67.01020408163265
2.21270314566539,5389834.714285715,-67.01020408163265
2.21270314566539,5539547.428571429,-67.01020408163265
2.21270314566539,5689260.142857143,-67.01020408163265
2.21270314566539,5838972.857142857,-67.01020408163265
2.21270314566539,5988685.571428572,-67.01020408163265
2.21270314566539,6138398.285714285,-67.01020408163265
2.21270314566539,6288111,-67.01020408163265
2.21270314566539,6437823.714285715,-67.01020408163265
2.21270314566539,6587536.428571429,-67.01020408163265
2.21270314566539,6737249.142857143,-67.01020408163265
2.21270314566539,6886961.857142857,-67.01020408163265
2.21270314566539,7036674.571428572,-67.01020408163265
2.21270314566539,7186387.285714285,-67.01020408163265
2.21270314566539,7336100,-67.01020408163265
0.08060746588540602,177,-66.57142857142857
2.1464792924327742,149889.7142857143,-66.57142857142857
5.377994562957361,299602.4285714286,-66.57142857142857
7.292688910397068,449315.14285714284,-66.57142857142857
7.292688910397068,599027.8571428572,-66.57142857142857
7.854953284108689,748740.5714285715,-66.57142857142857
7.854953284108689,898453.2857142857,-66.57142857142857
7.854953284108689,1048166,-66.57142857142857
9.679039378657446,1197878.7142857143,-66.57142857142857
9.679039378657446,1347591.4285714286,-66.57142857142857
9.679039378657446,1497304.142857143,-66.57142857142857
9.679039378657446,1647016.8571428573,-66.57142857142857
656.5775911306295,1796729.5714285714,-66.57142857142857
656.5775911306295,1946442.2857142857,-66.57142857142857
656.5775911306295,2096155,-66.57142857142857
656.5775911306295,2245867.7142857146,-66.57142857142857
656.5775911306295,2395580.4285714286,-66.57142857142857
880867.7174324681,2545293.1428571427,-66.57142857142857
2677262841849176e7,2695005.8571428573,-66.57142857142857
2677262841849176e7,2844718.5714285714,-66.57142857142857
2677262841849176e7,2994431.285714286,-66.57142857142857
2677262841849176e7,3144144,-66.57142857142857
2677262841849176e7,3293856.7142857146,-66.57142857142857
2677262841849176e7,3443569.4285714286,-66.57142857142857
2677262841849176e7,3593282.1428571427,-66.57142857142857
2677262841849176e7,3742994.8571428573,-66.57142857142857
2677262841849176e7,3892707.5714285714,-66.57142857142857
2677262841849176e7,4042420.285714286,-66.57142857142857
2677262841849176e7,4192133,-66.57142857142857
2677262841849176e7,4341845.714285715,-66.57142857142857
2677262841849176e7,4491558.428571429,-66.57142857142857
2677262841849176e7,4641271.142857143,-66.57142857142857
2677262841849176e7,4790983.857142857,-66.57142857142857
2677262841849176e7,4940696.571428572,-66.57142857142857
2677262841849176e7,5090409.285714285,-66.57142857142857
2677262841849176e7,5240122,-66.57142857142857
2677262841849176e7,5389834.714285715,-66.57142857142857
2677262841849176e7,5539547.428571429,-66.57142857142857
2677262841849176e7,5689260.142857143,-66.57142857142857
2677262841849176e7,5838972.857142857,-66.57142857142857
2677262841849176e7,5988685.571428572,-66.57142857142857
2677262841849176e7,6138398.285714285,-66.57142857142857
2677262841849176e7,6288111,-66.57142857142857
2677262841849176e7,6437823.714285715,-66.57142857142857
2677262841849176e7,6587536.428571429,-66.57142857142857
2677262841849176e7,6737249.142857143,-66.57142857142857
2677262841849176e7,6886961.857142857,-66.57142857142857
2677262841849176e7,7036674.571428572,-66.57142857142857
2677262841849176e7,7186387.285714285,-66.57142857142857
2677262841849176e7,7336100,-66.57142857142857
0.08060746588540602,177,-66.13265306122449
2.1464792924327742,149889.7142857143,-66.13265306122449
5.377994562957361,299602.4285714286,-66.13265306122449
7.292688910397068,449315.14285714284,-66.13265306122449
7.292688910397068,599027.8571428572,-66.13265306122449
7.854953284108689,748740.5714285715,-66.13265306122449
7.854953284108689,898453.2857142857,-66.13265306122449
7.854953284108689,1048166,-66.13265306122449
9.679039378657446,1197878.7142857143,-66.13265306122449
9.679039378657446,1347591.4285714286,-66.13265306122449
9.679039378657446,1497304.142857143,-66.13265306122449
9.679039378657446,1647016.8571428573,-66.13265306122449
656.5775911306295,1796729.5714285714,-66.13265306122449
656.5775911306295,1946442.2857142857,-66.13265306122449
656.5775911306295,2096155,-66.13265306122449
656.5775911306295,2245867.7142857146,-66.13265306122449
656.5775911306295,2395580.4285714286,-66.13265306122449
880867.7174324681,2545293.1428571427,-66.13265306122449
2677262841849176e7,2695005.8571428573,-66.13265306122449
2677262841849176e7,2844718.5714285714,-66.13265306122449
2677262841849176e7,2994431.285714286,-66.13265306122449
2677262841849176e7,3144144,-66.13265306122449
2677262841849176e7,3293856.7142857146,-66.13265306122449
2677262841849176e7,3443569.4285714286,-66.13265306122449
2677262841849176e7,3593282.1428571427,-66.13265306122449
2677262841849176e7,3742994.8571428573,-66.13265306122449
2677262841849176e7,3892707.5714285714,-66.13265306122449
2677262841849176e7,4042420.285714286,-66.13265306122449
2677262841849176e7,4192133,-66.13265306122449
2677262841849176e7,4341845.714285715,-66.13265306122449
2677262841849176e7,4491558.428571429,-66.13265306122449
2677262841849176e7,4641271.142857143,-66.13265306122449
2677262841849176e7,4790983.857142857,-66.13265306122449
2677262841849176e7,4940696.571428572,-66.13265306122449
2677262841849176e7,5090409.285714285,-66.13265306122449
2677262841849176e7,5240122,-66.13265306122449
2677262841849176e7,5389834.714285715,-66.13265306122449
2677262841849176e7,5539547.428571429,-66.13265306122449
2677262841849176e7,5689260.142857143,-66.13265306122449
2677262841849176e7,5838972.857142857,-66.13265306122449
2677262841849176e7,5988685.571428572,-66.13265306122449
2677262841849176e7,6138398.285714285,-66.13265306122449
2677262841849176e7,6288111,-66.13265306122449
2677262841849176e7,6437823.714285715,-66.13265306122449
2677262841849176e7,6587536.428571429,-66.13265306122449
2677262841849176e7,6737249.142857143,-66.13265306122449
2677262841849176e7,6886961.857142857,-66.13265306122449
2677262841849176e7,7036674.571428572,-66.13265306122449
2677262841849176e7,7186387.285714285,-66.13265306122449
2677262841849176e7,7336100,-66.13265306122449
0.08060746588540602,177,-65.6938775510204
2.1464792924327742,149889.7142857143,-65.6938775510204
5.377994562957361,299602.4285714286,-65.6938775510204
7.292688910397068,449315.14285714284,-65.6938775510204
7.292688910397068,599027.8571428572,-65.6938775510204
7.854953284108689,748740.5714285715,-65.6938775510204
7.854953284108689,898453.2857142857,-65.6938775510204
7.854953284108689,1048166,-65.6938775510204
9.679039378657446,1197878.7142857143,-65.6938775510204
9.679039378657446,1347591.4285714286,-65.6938775510204
9.679039378657446,1497304.142857143,-65.6938775510204
9.679039378657446,1647016.8571428573,-65.6938775510204
656.5775911306295,1796729.5714285714,-65.6938775510204
656.5775911306295,1946442.2857142857,-65.6938775510204
656.5775911306295,2096155,-65.6938775510204
656.5775911306295,2245867.7142857146,-65.6938775510204
656.5775911306295,2395580.4285714286,-65.6938775510204
880867.7174324681,2545293.1428571427,-65.6938775510204
2677262841849176e7,2695005.8571428573,-65.6938775510204
2677262841849176e7,2844718.5714285714,-65.6938775510204
2677262841849176e7,2994431.285714286,-65.6938775510204
2677262841849176e7,3144144,-65.6938775510204
2677262841849176e7,3293856.7142857146,-65.6938775510204
2677262841849176e7,3443569.4285714286,-65.6938775510204
2677262841849176e7,3593282.1428571427,-65.6938775510204
2677262841849176e7,3742994.8571428573,-65.6938775510204
2677262841849176e7,3892707.5714285714,-65.6938775510204
2677262841849176e7,4042420.285714286,-65.6938775510204
2677262841849176e7,4192133,-65.6938775510204
2677262841849176e7,4341845.714285715,-65.6938775510204
2677262841849176e7,4491558.428571429,-65.6938775510204
2677262841849176e7,4641271.142857143,-65.6938775510204
2677262841849176e7,4790983.857142857,-65.6938775510204
2677262841849176e7,4940696.571428572,-65.6938775510204
2677262841849176e7,5090409.285714285,-65.6938775510204
2677262841849176e7,5240122,-65.6938775510204
2677262841849176e7,5389834.714285715,-65.6938775510204
2677262841849176e7,5539547.428571429,-65.6938775510204
2677262841849176e7,5689260.142857143,-65.6938775510204
2677262841849176e7,5838972.857142857,-65.6938775510204
2677262841849176e7,5988685.571428572,-65.6938775510204
2677262841849176e7,6138398.285714285,-65.6938775510204
2677262841849176e7,6288111,-65.6938775510204
2677262841849176e7,6437823.714285715,-65.6938775510204
2677262841849176e7,6587536.428571429,-65.6938775510204
2677262841849176e7,6737249.142857143,-65.6938775510204
2677262841849176e7,6886961.857142857,-65.6938775510204
2677262841849176e7,7036674.571428572,-65.6938775510204
2677262841849176e7,7186387.285714285,-65.6938775510204
2677262841849176e7,7336100,-65.6938775510204
0.08060746588540602,177,-65.25510204081633
2.1464792924327742,149889.7142857143,-65.25510204081633
5.377994562957361,299602.4285714286,-65.25510204081633
7.292688910397068,449315.14285714284,-65.25510204081633
7.292688910397068,599027.8571428572,-65.25510204081633
7.854953284108689,748740.5714285715,-65.25510204081633
7.854953284108689,898453.2857142857,-65.25510204081633
7.854953284108689,1048166,-65.25510204081633
9.679039378657446,1197878.7142857143,-65.25510204081633
9.679039378657446,1347591.4285714286,-65.25510204081633
9.679039378657446,1497304.142857143,-65.25510204081633
9.679039378657446,1647016.8571428573,-65.25510204081633
656.5775911306295,1796729.5714285714,-65.25510204081633
656.5775911306295,1946442.2857142857,-65.25510204081633
656.5775911306295,2096155,-65.25510204081633
656.5775911306295,2245867.7142857146,-65.25510204081633
656.5775911306295,2395580.4285714286,-65.25510204081633
880867.7174324681,2545293.1428571427,-65.25510204081633
2677262841849176e7,2695005.8571428573,-65.25510204081633
2677262841849176e7,2844718.5714285714,-65.25510204081633
2677262841849176e7,2994431.285714286,-65.25510204081633
2677262841849176e7,3144144,-65.25510204081633
2677262841849176e7,3293856.7142857146,-65.25510204081633
2677262841849176e7,3443569.4285714286,-65.25510204081633
2677262841849176e7,3593282.1428571427,-65.25510204081633
2677262841849176e7,3742994.8571428573,-65.25510204081633
2677262841849176e7,3892707.5714285714,-65.25510204081633
2677262841849176e7,4042420.285714286,-65.25510204081633
2677262841849176e7,4192133,-65.25510204081633
2677262841849176e7,4341845.714285715,-65.25510204081633
2677262841849176e7,4491558.428571429,-65.25510204081633
2677262841849176e7,4641271.142857143,-65.25510204081633
2677262841849176e7,4790983.857142857,-65.25510204081633
2677262841849176e7,4940696.571428572,-65.25510204081633
2677262841849176e7,5090409.285714285,-65.25510204081633
2677262841849176e7,5240122,-65.25510204081633
2677262841849176e7,5389834.714285715,-65.25510204081633
2677262841849176e7,5539547.428571429,-65.25510204081633
2677262841849176e7,5689260.142857143,-65.25510204081633
2677262841849176e7,5838972.857142857,-65.25510204081633
2677262841849176e7,5988685.571428572,-65.25510204081633
2677262841849176e7,6138398.285714285,-65.25510204081633
2677262841849176e7,6288111,-65.25510204081633
2677262841849176e7,6437823.714285715,-65.25510204081633
2677262841849176e7,6587536.428571429,-65.25510204081633
2677262841849176e7,6737249.142857143,-65.25510204081633
2677262841849176e7,6886961.857142857,-65.25510204081633
2677262841849176e7,7036674.571428572,-65.25510204081633
2677262841849176e7,7186387.285714285,-65.25510204081633
2677262841849176e7,7336100,-65.25510204081633
0.08060746588540602,177,-64.81632653061224
2.1464792924327742,149889.7142857143,-64.81632653061224
5.377994562957361,299602.4285714286,-64.81632653061224
7.292688910397068,449315.14285714284,-64.81632653061224
7.292688910397068,599027.8571428572,-64.81632653061224
7.854953284108689,748740.5714285715,-64.81632653061224
7.854953284108689,898453.2857142857,-64.81632653061224
7.854953284108689,1048166,-64.81632653061224
9.679039378657446,1197878.7142857143,-64.81632653061224
9.679039378657446,1347591.4285714286,-64.81632653061224
9.679039378657446,1497304.142857143,-64.81632653061224
9.679039378657446,1647016.8571428573,-64.81632653061224
656.5775911306295,1796729.5714285714,-64.81632653061224
656.5775911306295,1946442.2857142857,-64.81632653061224
656.5775911306295,2096155,-64.81632653061224
656.5775911306295,2245867.7142857146,-64.81632653061224
656.5775911306295,2395580.4285714286,-64.81632653061224
880867.7174324681,2545293.1428571427,-64.81632653061224
2677262841849176e7,2695005.8571428573,-64.81632653061224
2677262841849176e7,2844718.5714285714,-64.81632653061224
2677262841849176e7,2994431.285714286,-64.81632653061224
2677262841849176e7,3144144,-64.81632653061224
2677262841849176e7,3293856.7142857146,-64.81632653061224
2677262841849176e7,3443569.4285714286,-64.81632653061224
2677262841849176e7,3593282.1428571427,-64.81632653061224
2677262841849176e7,3742994.8571428573,-64.81632653061224
2677262841849176e7,3892707.5714285714,-64.81632653061224
2677262841849176e7,4042420.285714286,-64.81632653061224
2677262841849176e7,4192133,-64.81632653061224
2677262841849176e7,4341845.714285715,-64.81632653061224
2677262841849176e7,4491558.428571429,-64.81632653061224
2677262841849176e7,4641271.142857143,-64.81632653061224
2677262841849176e7,4790983.857142857,-64.81632653061224
2677262841849176e7,4940696.571428572,-64.81632653061224
2677262841849176e7,5090409.285714285,-64.81632653061224
2677262841849176e7,5240122,-64.81632653061224
2677262841849176e7,5389834.714285715,-64.81632653061224
2677262841849176e7,5539547.428571429,-64.81632653061224
2677262841849176e7,5689260.142857143,-64.81632653061224
2677262841849176e7,5838972.857142857,-64.81632653061224
2677262841849176e7,5988685.571428572,-64.81632653061224
2677262841849176e7,6138398.285714285,-64.81632653061224
2677262841849176e7,6288111,-64.81632653061224
2677262841849176e7,6437823.714285715,-64.81632653061224
2677262841849176e7,6587536.428571429,-64.81632653061224
2677262841849176e7,6737249.142857143,-64.81632653061224
2677262841849176e7,6886961.857142857,-64.81632653061224
2677262841849176e7,7036674.571428572,-64.81632653061224
2677262841849176e7,7186387.285714285,-64.81632653061224
2677262841849176e7,7336100,-64.81632653061224
0.08060746588540602,177,-64.37755102040816
2.1464792924327742,149889.7142857143,-64.37755102040816
5.377994562957361,299602.4285714286,-64.37755102040816
7.292688910397068,449315.14285714284,-64.37755102040816
7.292688910397068,599027.8571428572,-64.37755102040816
7.854953284108689,748740.5714285715,-64.37755102040816
7.854953284108689,898453.2857142857,-64.37755102040816
7.854953284108689,1048166,-64.37755102040816
9.679039378657446,1197878.7142857143,-64.37755102040816
9.679039378657446,1347591.4285714286,-64.37755102040816
9.679039378657446,1497304.142857143,-64.37755102040816
9.679039378657446,1647016.8571428573,-64.37755102040816
656.5775911306295,1796729.5714285714,-64.37755102040816
656.5775911306295,1946442.2857142857,-64.37755102040816
656.5775911306295,2096155,-64.37755102040816
656.5775911306295,2245867.7142857146,-64.37755102040816
656.5775911306295,2395580.4285714286,-64.37755102040816
880867.7174324681,2545293.1428571427,-64.37755102040816
2677262841849176e7,2695005.8571428573,-64.37755102040816
2677262841849176e7,2844718.5714285714,-64.37755102040816
2677262841849176e7,2994431.285714286,-64.37755102040816
2677262841849176e7,3144144,-64.37755102040816
2677262841849176e7,3293856.7142857146,-64.37755102040816
2677262841849176e7,3443569.4285714286,-64.37755102040816
2677262841849176e7,3593282.1428571427,-64.37755102040816
2677262841849176e7,3742994.8571428573,-64.37755102040816
2677262841849176e7,3892707.5714285714,-64.37755102040816
2677262841849176e7,4042420.285714286,-64.37755102040816
2677262841849176e7,4192133,-64.37755102040816
2677262841849176e7,4341845.714285715,-64.37755102040816
2677262841849176e7,4491558.428571429,-64.37755102040816
2677262841849176e7,4641271.142857143,-64.37755102040816
2677262841849176e7,4790983.857142857,-64.37755102040816
2677262841849176e7,4940696.571428572,-64.37755102040816
2677262841849176e7,5090409.285714285,-64.37755102040816
2677262841849176e7,5240122,-64.37755102040816
2677262841849176e7,5389834.714285715,-64.37755102040816
2677262841849176e7,5539547.428571429,-64.37755102040816
2677262841849176e7,5689260.142857143,-64.37755102040816
2677262841849176e7,5838972.857142857,-64.37755102040816
2677262841849176e7,5988685.571428572,-64.37755102040816
2677262841849176e7,6138398.285714285,-64.37755102040816
2677262841849176e7,6288111,-64.37755102040816
2677262841849176e7,6437823.714285715,-64.37755102040816
2677262841849176e7,6587536.428571429,-64.37755102040816
2677262841849176e7,6737249.142857143,-64.37755102040816
2677262841849176e7,6886961.857142857,-64.37755102040816
2677262841849176e7,7036674.571428572,-64.37755102040816
2677262841849176e7,7186387.285714285,-64.37755102040816
2677262841849176e7,7336100,-64.37755102040816
0.08060746588540602,177,-63.93877551020408
2.1464792924327742,149889.7142857143,-63.93877551020408
5.377994562957361,299602.4285714286,-63.93877551020408
7.292688910397068,449315.14285714284,-63.93877551020408
7.292688910397068,599027.8571428572,-63.93877551020408
7.854953284108689,748740.5714285715,-63.93877551020408
7.854953284108689,898453.2857142857,-63.93877551020408
7.854953284108689,1048166,-63.93877551020408
9.679039378657446,1197878.7142857143,-63.93877551020408
9.679039378657446,1347591.4285714286,-63.93877551020408
9.679039378657446,1497304.142857143,-63.93877551020408
9.679039378657446,1647016.8571428573,-63.93877551020408
656.5775911306295,1796729.5714285714,-63.93877551020408
656.5775911306295,1946442.2857142857,-63.93877551020408
656.5775911306295,2096155,-63.93877551020408
656.5775911306295,2245867.7142857146,-63.93877551020408
656.5775911306295,2395580.4285714286,-63.93877551020408
880867.7174324681,2545293.1428571427,-63.93877551020408
2677262841849176e7,2695005.8571428573,-63.93877551020408
2677262841849176e7,2844718.5714285714,-63.93877551020408
2677262841849176e7,2994431.285714286,-63.93877551020408
2677262841849176e7,3144144,-63.93877551020408
2677262841849176e7,3293856.7142857146,-63.93877551020408
2677262841849176e7,3443569.4285714286,-63.93877551020408
2677262841849176e7,3593282.1428571427,-63.93877551020408
2677262841849176e7,3742994.8571428573,-63.93877551020408
2677262841849176e7,3892707.5714285714,-63.93877551020408
2677262841849176e7,4042420.285714286,-63.93877551020408
2677262841849176e7,4192133,-63.93877551020408
2677262841849176e7,4341845.714285715,-63.93877551020408
2677262841849176e7,4491558.428571429,-63.93877551020408
2677262841849176e7,4641271.142857143,-63.93877551020408
2677262841849176e7,4790983.857142857,-63.93877551020408
2677262841849176e7,4940696.571428572,-63.93877551020408
2677262841849176e7,5090409.285714285,-63.93877551020408
2677262841849176e7,5240122,-63.93877551020408
2677262841849176e7,5389834.714285715,-63.93877551020408
2677262841849176e7,5539547.428571429,-63.93877551020408
2677262841849176e7,5689260.142857143,-63.93877551020408
2677262841849176e7,5838972.857142857,-63.93877551020408
2677262841849176e7,5988685.571428572,-63.93877551020408
2677262841849176e7,6138398.285714285,-63.93877551020408
2677262841849176e7,6288111,-63.93877551020408
2677262841849176e7,6437823.714285715,-63.93877551020408
2677262841849176e7,6587536.428571429,-63.93877551020408
2677262841849176e7,6737249.142857143,-63.93877551020408
2677262841849176e7,6886961.857142857,-63.93877551020408
2677262841849176e7,7036674.571428572,-63.93877551020408
2677262841849176e7,7186387.285714285,-63.93877551020408
2677262841849176e7,7336100,-63.93877551020408
0.08060746588540602,177,-63.5
2.1464792924327742,149889.7142857143,-63.5
5.377994562957361,299602.4285714286,-63.5
7.292688910397068,449315.14285714284,-63.5
7.292688910397068,599027.8571428572,-63.5
7.854953284108689,748740.5714285715,-63.5
7.854953284108689,898453.2857142857,-63.5
7.854953284108689,1048166,-63.5
9.679039378657446,1197878.7142857143,-63.5
9.679039378657446,1347591.4285714286,-63.5
9.679039378657446,1497304.142857143,-63.5
9.679039378657446,1647016.8571428573,-63.5
656.5775911306295,1796729.5714285714,-63.5
656.5775911306295,1946442.2857142857,-63.5
656.5775911306295,2096155,-63.5
656.5775911306295,2245867.7142857146,-63.5
656.5775911306295,2395580.4285714286,-63.5
880867.7174324681,2545293.1428571427,-63.5
2677262841849176e7,2695005.8571428573,-63.5
2677262841849176e7,2844718.5714285714,-63.5
2677262841849176e7,2994431.285714286,-63.5
2677262841849176e7,3144144,-63.5
2677262841849176e7,3293856.7142857146,-63.5
2677262841849176e7,3443569.4285714286,-63.5
2677262841849176e7,3593282.1428571427,-63.5
2677262841849176e7,3742994.8571428573,-63.5
2677262841849176e7,3892707.5714285714,-63.5
2677262841849176e7,4042420.285714286,-63.5
2677262841849176e7,4192133,-63.5
2677262841849176e7,4341845.714285715,-63.5
2677262841849176e7,4491558.428571429,-63.5
2677262841849176e7,4641271.142857143,-63.5
2677262841849176e7,4790983.857142857,-63.5
2677262841849176e7,4940696.571428572,-63.5
2677262841849176e7,5090409.285714285,-63.5
2677262841849176e7,5240122,-63.5
2677262841849176e7,5389834.714285715,-63.5
2677262841849176e7,5539547.428571429,-63.5
2677262841849176e7,5689260.142857143,-63.5
2677262841849176e7,5838972.857142857,-63.5
2677262841849176e7,5988685.571428572,-63.5
2677262841849176e7,6138398.285714285,-63.5
2677262841849176e7,6288111,-63.5
2677262841849176e7,6437823.714285715,-63.5
2677262841849176e7,6587536.428571429,-63.5
2677262841849176e7,6737249.142857143,-63.5
2677262841849176e7,6886961.857142857,-63.5
2677262841849176e7,7036674.571428572,-63.5
2677262841849176e7,7186387.285714285,-63.5
2677262841849176e7,7336100,-63.5
