Q,cumulative_landfalling_area,avg_landfalling_minomega
10.848567836981815,153,-1.8647817688635515
11.407298402033103,149866.20408163266,-1.8647817688635515
11.407298402033103,299579.4081632653,-1.8647817688635515
13.130947292195044,449292.612244898,-1.8647817688635515
13.130947292195044,599005.8163265307,-1.8647817688635515
13.130947292195044,748719.0204081633,-1.8647817688635515
13.130947292195044,898432.224489796,-1.8647817688635515
13.130947292195044,1048145.4285714286,-1.8647817688635515
13.130947292195044,1197858.6326530613,-1.8647817688635515
13.130947292195044,1347571.836734694,-1.8647817688635515
13.130947292195044,1497285.0408163266,-1.8647817688635515
13.130947292195044,1646998.2448979593,-1.8647817688635515
13.130947292195044,1796711.448979592,-1.8647817688635515
13.130947292195044,1946424.6530612246,-1.8647817688635515
13.130947292195044,2096137.8571428573,-1.8647817688635515
13.130947292195044,2245851.06122449,-1.8647817688635515
13.130947292195044,2395564.2653061226,-1.8647817688635515
13.130947292195044,2545277.4693877553,-1.8647817688635515
13.130947292195044,2694990.673469388,-1.8647817688635515
13.130947292195044,2844703.8775510206,-1.8647817688635515
13.130947292195044,2994417.0816326533,-1.8647817688635515
13.130947292195044,3144130.285714286,-1.8647817688635515
13.130947292195044,3293843.4897959186,-1.8647817688635515
13.130947292195044,3443556.6938775512,-1.8647817688635515
13.130947292195044,3593269.897959184,-1.8647817688635515
13.12839465755495,3742983.1020408166,-1.8647817688635515
13.12839465755495,3892696.306122449,-1.8647817688635515
13.12839465755495,4042409.510204082,-1.8647817688635515
13.12839465755495,4192122.7142857146,-1.8647817688635515
13.12839465755495,4341835.918367347,-1.8647817688635515
13.12839465755495,4491549.12244898,-1.8647817688635515
13.12839465755495,4641262.326530613,-1.8647817688635515
13.12839465755495,4790975.530612245,-1.8647817688635515
13.12839465755495,4940688.734693877,-1.8647817688635515
13.12839465755495,5090401.9387755105,-1.8647817688635515
13.12839465755495,5240115.142857144,-1.8647817688635515
13.12839465755495,5389828.346938776,-1.8647817688635515
13.12839465755495,5539541.551020408,-1.8647817688635515
13.12839465755495,5689254.755102041,-1.8647817688635515
13.12839465755495,5838967.959183674,-1.8647817688635515
13.12839465755495,5988681.1632653065,-1.8647817688635515
13.12839465755495,6138394.367346939,-1.8647817688635515
13.12839465755495,6288107.571428572,-1.8647817688635515
13.12839465755495,6437820.775510205,-1.8647817688635515
13.12839465755495,6587533.979591837,-1.8647817688635515
13.12839465755495,6737247.183673469,-1.8647817688635515
13.12839465755495,6886960.3877551025,-1.8647817688635515
13.12839465755495,7036673.591836736,-1.8647817688635515
13.12839465755495,7186386.795918368,-1.8647817688635515
13.12839465755495,7336100,-1.8647817688635515
10.848567836981815,153,-1.8273671842912291
11.407298402033103,149866.20408163266,-1.8273671842912291
11.407298402033103,299579.4081632653,-1.8273671842912291
13.130947292195044,449292.612244898,-1.8273671842912291
13.130947292195044,599005.8163265307,-1.8273671842912291
13.130947292195044,748719.0204081633,-1.8273671842912291
13.130947292195044,898432.224489796,-1.8273671842912291
13.130947292195044,1048145.4285714286,-1.8273671842912291
13.130947292195044,1197858.6326530613,-1.8273671842912291
13.130947292195044,1347571.836734694,-1.8273671842912291
13.130947292195044,1497285.0408163266,-1.8273671842912291
13.130947292195044,1646998.2448979593,-1.8273671842912291
13.130947292195044,1796711.448979592,-1.8273671842912291
13.130947292195044,1946424.6530612246,-1.8273671842912291
13.130947292195044,2096137.8571428573,-1.8273671842912291
13.130947292195044,2245851.06122449,-1.8273671842912291
13.130947292195044,2395564.2653061226,-1.8273671842912291
13.130947292195044,2545277.4693877553,-1.8273671842912291
13.130947292195044,2694990.673469388,-1.8273671842912291
13.130947292195044,2844703.8775510206,-1.8273671842912291
13.130947292195044,2994417.0816326533,-1.8273671842912291
13.130947292195044,3144130.285714286,-1.8273671842912291
13.130947292195044,3293843.4897959186,-1.8273671842912291
13.130947292195044,3443556.6938775512,-1.8273671842912291
13.130947292195044,3593269.897959184,-1.8273671842912291
13.12839465755495,3742983.1020408166,-1.8273671842912291
13.12839465755495,3892696.306122449,-1.8273671842912291
13.12839465755495,4042409.510204082,-1.8273671842912291
13.12839465755495,4192122.7142857146,-1.8273671842912291
13.12839465755495,4341835.918367347,-1.8273671842912291
13.12839465755495,4491549.12244898,-1.8273671842912291
13.12839465755495,4641262.326530613,-1.8273671842912291
13.12839465755495,4790975.530612245,-1.8273671842912291
13.12839465755495,4940688.734693877,-1.8273671842912291
13.12839465755495,5090401.9387755105,-1.8273671842912291
13.12839465755495,5240115.142857144,-1.8273671842912291
13.12839465755495,5389828.346938776,-1.8273671842912291
13.12839465755495,5539541.551020408,-1.8273671842912291
13.12839465755495,5689254.755102041,-1.8273671842912291
13.12839465755495,5838967.959183674,-1.8273671842912291
13.12839465755495,5988681.1632653065,-1.8273671842912291
13.12839465755495,6138394.367346939,-1.8273671842912291
13.12839465755495,6288107.571428572,-1.8273671842912291
13.12839465755495,6437820.775510205,-1.8273671842912291
13.12839465755495,6587533.979591837,-1.8273671842912291
13.12839465755495,6737247.183673469,-1.8273671842912291
13.12839465755495,6886960.3877551025,-1.8273671842912291
13.12839465755495,7036673.591836736,-1.8273671842912291
13.12839465755495,7186386.795918368,-1.8273671842912291
13.12839465755495,7336100,-1.8273671842912291
10.848567836981815,153,-1.7899525997189067
11.407298402033103,149866.20408163266,-1.7899525997189067
11.407298402033103,299579.4081632653,-1.7899525997189067
13.130947292195044,449292.612244898,-1.7899525997189067
13.130947292195044,599005.8163265307,-1.7899525997189067
13.130947292195044,748719.0204081633,-1.7899525997189067
13.130947292195044,898432.224489796,-1.7899525997189067
13.130947292195044,1048145.4285714286,-1.7899525997189067
13.130947292195044,1197858.6326530613,-1.7899525997189067
13.130947292195044,1347571.836734694,-1.7899525997189067
13.130947292195044,1497285.0408163266,-1.7899525997189067
13.130947292195044,1646998.2448979593,-1.7899525997189067
13.130947292195044,1796711.448979592,-1.7899525997189067
13.130947292195044,1946424.6530612246,-1.7899525997189067
13.130947292195044,2096137.8571428573,-1.7899525997189067
13.130947292195044,2245851.06122449,-1.7899525997189067
13.130947292195044,2395564.2653061226,-1.7899525997189067
13.130947292195044,2545277.4693877553,-1.7899525997189067
13.130947292195044,2694990.673469388,-1.7899525997189067
13.130947292195044,2844703.8775510206,-1.7899525997189067
13.130947292195044,2994417.0816326533,-1.7899525997189067
13.130947292195044,3144130.285714286,-1.7899525997189067
13.130947292195044,3293843.4897959186,-1.7899525997189067
13.130947292195044,3443556.6938775512,-1.7899525997189067
13.130947292195044,3593269.897959184,-1.7899525997189067
13.12839465755495,3742983.1020408166,-1.7899525997189067
13.12839465755495,3892696.306122449,-1.7899525997189067
13.12839465755495,4042409.510204082,-1.7899525997189067
13.12839465755495,4192122.7142857146,-1.7899525997189067
13.12839465755495,4341835.918367347,-1.7899525997189067
13.12839465755495,4491549.12244898,-1.7899525997189067
13.12839465755495,4641262.326530613,-1.7899525997189067
13.12839465755495,4790975.530612245,-1.7899525997189067
13.12839465755495,4940688.734693877,-1.7899525997189067
13.12839465755495,5090401.9387755105,-1.7899525997189067
13.12839465755495,5240115.142857144,-1.7899525997189067
13.12839465755495,5389828.346938776,-1.7899525997189067
13.12839465755495,5539541.551020408,-1.7899525997189067
13.12839465755495,5689254.755102041,-1.7899525997189067
13.12839465755495,5838967.959183674,-1.7899525997189067
13.12839465755495,5988681.1632653065,-1.7899525997189067
13.12839465755495,6138394.367346939,-1.7899525997189067
13.12839465755495,6288107.571428572,-1.7899525997189067
13.12839465755495,6437820.775510205,-1.7899525997189067
13.12839465755495,6587533.979591837,-1.7899525997189067
13.12839465755495,6737247.183673469,-1.7899525997189067
13.12839465755495,6886960.3877551025,-1.7899525997189067
13.12839465755495,7036673.591836736,-1.7899525997189067
13.12839465755495,7186386.795918368,-1.7899525997189067
13.12839465755495,7336100,-1.7899525997189067
10.848567836981815,153,-1.7525380151465844
11.407298402033103,149866.20408163266,-1.7525380151465844
11.407298402033103,299579.4081632653,-1.7525380151465844
13.130947292195044,449292.612244898,-1.7525380151465844
13.130947292195044,599005.8163265307,-1.7525380151465844
13.130947292195044,748719.0204081633,-1.7525380151465844
13.130947292195044,898432.224489796,-1.7525380151465844
13.130947292195044,1048145.4285714286,-1.7525380151465844
13.130947292195044,1197858.6326530613,-1.7525380151465844
13.130947292195044,1347571.836734694,-1.7525380151465844
13.130947292195044,1497285.0408163266,-1.7525380151465844
13.130947292195044,1646998.2448979593,-1.7525380151465844
13.130947292195044,1796711.448979592,-1.7525380151465844
13.130947292195044,1946424.6530612246,-1.7525380151465844
13.130947292195044,2096137.8571428573,-1.7525380151465844
13.130947292195044,2245851.06122449,-1.7525380151465844
13.130947292195044,2395564.2653061226,-1.7525380151465844
13.130947292195044,2545277.4693877553,-1.7525380151465844
13.130947292195044,2694990.673469388,-1.7525380151465844
13.130947292195044,2844703.8775510206,-1.7525380151465844
13.130947292195044,2994417.0816326533,-1.7525380151465844
13.130947292195044,3144130.285714286,-1.7525380151465844
13.130947292195044,3293843.4897959186,-1.7525380151465844
13.130947292195044,3443556.6938775512,-1.7525380151465844
13.130947292195044,3593269.897959184,-1.7525380151465844
13.12839465755495,3742983.1020408166,-1.7525380151465844
13.12839465755495,3892696.306122449,-1.7525380151465844
13.12839465755495,4042409.510204082,-1.7525380151465844
13.12839465755495,4192122.7142857146,-1.7525380151465844
13.12839465755495,4341835.918367347,-1.7525380151465844
13.12839465755495,4491549.12244898,-1.7525380151465844
13.12839465755495,4641262.326530613,-1.7525380151465844
13.12839465755495,4790975.530612245,-1.7525380151465844
13.12839465755495,4940688.734693877,-1.7525380151465844
13.12839465755495,5090401.9387755105,-1.7525380151465844
13.12839465755495,5240115.142857144,-1.7525380151465844
13.12839465755495,5389828.346938776,-1.7525380151465844
13.12839465755495,5539541.551020408,-1.7525380151465844
13.12839465755495,5689254.755102041,-1.7525380151465844
13.12839465755495,5838967.959183674,-1.7525380151465844
13.12839465755495,5988681.1632653065,-1.7525380151465844
13.12839465755495,6138394.367346939,-1.7525380151465844
13.12839465755495,6288107.571428572,-1.7525380151465844
13.12839465755495,6437820.775510205,-1.7525380151465844
13.12839465755495,6587533.979591837,-1.7525380151465844
13.12839465755495,6737247.183673469,-1.7525380151465844
13.12839465755495,6886960.3877551025,-1.7525380151465844
13.12839465755495,7036673.591836736,-1.7525380151465844
13.12839465755495,7186386.795918368,-1.7525380151465844
13.12839465755495,7336100,-1.7525380151465844
10.848567836981815,153,-1.715123430574262
11.407298402033103,149866.20408163266,-1.715123430574262
11.407298402033103,299579.4081632653,-1.715123430574262
13.130947292195044,449292.612244898,-1.715123430574262
13.130947292195044,599005.8163265307,-1.715123430574262
13.130947292195044,748719.0204081633,-1.715123430574262
13.130947292195044,898432.224489796,-1.715123430574262
13.130947292195044,1048145.4285714286,-1.715123430574262
13.130947292195044,1197858.6326530613,-1.715123430574262
13.130947292195044,1347571.836734694,-1.715123430574262
13.130947292195044,1497285.0408163266,-1.715123430574262
13.130947292195044,1646998.2448979593,-1.715123430574262
13.130947292195044,1796711.448979592,-1.715123430574262
13.130947292195044,1946424.6530612246,-1.715123430574262
13.130947292195044,2096137.8571428573,-1.715123430574262
13.130947292195044,2245851.06122449,-1.715123430574262
13.130947292195044,2395564.2653061226,-1.715123430574262
13.130947292195044,2545277.4693877553,-1.715123430574262
13.130947292195044,2694990.673469388,-1.715123430574262
13.130947292195044,2844703.8775510206,-1.715123430574262
13.130947292195044,2994417.0816326533,-1.715123430574262
13.130947292195044,3144130.285714286,-1.715123430574262
13.130947292195044,3293843.4897959186,-1.715123430574262
13.130947292195044,3443556.6938775512,-1.715123430574262
13.130947292195044,3593269.897959184,-1.715123430574262
13.12839465755495,3742983.1020408166,-1.715123430574262
13.12839465755495,3892696.306122449,-1.715123430574262
13.12839465755495,4042409.510204082,-1.715123430574262
13.12839465755495,4192122.7142857146,-1.715123430574262
13.12839465755495,4341835.918367347,-1.715123430574262
13.12839465755495,4491549.12244898,-1.715123430574262
13.12839465755495,4641262.326530613,-1.715123430574262
13.12839465755495,4790975.530612245,-1.715123430574262
13.12839465755495,4940688.734693877,-1.715123430574262
13.12839465755495,5090401.9387755105,-1.715123430574262
13.12839465755495,5240115.142857144,-1.715123430574262
13.12839465755495,5389828.346938776,-1.715123430574262
13.12839465755495,5539541.551020408,-1.715123430574262
13.12839465755495,5689254.755102041,-1.715123430574262
13.12839465755495,5838967.959183674,-1.715123430574262
13.12839465755495,5988681.1632653065,-1.715123430574262
13.12839465755495,6138394.367346939,-1.715123430574262
13.12839465755495,6288107.571428572,-1.715123430574262
13.12839465755495,6437820.775510205,-1.715123430574262
13.12839465755495,6587533.979591837,-1.715123430574262
13.12839465755495,6737247.183673469,-1.715123430574262
13.12839465755495,6886960.3877551025,-1.715123430574262
13.12839465755495,7036673.591836736,-1.715123430574262
13.12839465755495,7186386.795918368,-1.715123430574262
13.12839465755495,7336100,-1.715123430574262
10.848567836981815,153,-1.6777088460019396
11.407298402033103,149866.20408163266,-1.6777088460019396
11.407298402033103,299579.4081632653,-1.6777088460019396
13.130947292195044,449292.612244898,-1.6777088460019396
13.130947292195044,599005.8163265307,-1.6777088460019396
13.130947292195044,748719.0204081633,-1.6777088460019396
13.130947292195044,898432.224489796,-1.6777088460019396
13.130947292195044,1048145.4285714286,-1.6777088460019396
13.130947292195044,1197858.6326530613,-1.6777088460019396
13.130947292195044,1347571.836734694,-1.6777088460019396
13.130947292195044,1497285.0408163266,-1.6777088460019396
13.130947292195044,1646998.2448979593,-1.6777088460019396
13.130947292195044,1796711.448979592,-1.6777088460019396
13.130947292195044,1946424.6530612246,-1.6777088460019396
13.130947292195044,2096137.8571428573,-1.6777088460019396
13.130947292195044,2245851.06122449,-1.6777088460019396
13.130947292195044,2395564.2653061226,-1.6777088460019396
13.130947292195044,2545277.4693877553,-1.6777088460019396
13.130947292195044,2694990.673469388,-1.6777088460019396
13.130947292195044,2844703.8775510206,-1.6777088460019396
13.130947292195044,2994417.0816326533,-1.6777088460019396
13.130947292195044,3144130.285714286,-1.6777088460019396
13.130947292195044,3293843.4897959186,-1.6777088460019396
13.130947292195044,3443556.6938775512,-1.6777088460019396
13.130947292195044,3593269.897959184,-1.6777088460019396
13.12839465755495,3742983.1020408166,-1.6777088460019396
13.12839465755495,3892696.306122449,-1.6777088460019396
13.12839465755495,4042409.510204082,-1.6777088460019396
13.12839465755495,4192122.7142857146,-1.6777088460019396
13.12839465755495,4341835.918367347,-1.6777088460019396
13.12839465755495,4491549.12244898,-1.6777088460019396
13.12839465755495,4641262.326530613,-1.6777088460019396
13.12839465755495,4790975.530612245,-1.6777088460019396
13.12839465755495,4940688.734693877,-1.6777088460019396
13.12839465755495,5090401.9387755105,-1.6777088460019396
13.12839465755495,5240115.142857144,-1.6777088460019396
13.12839465755495,5389828.346938776,-1.6777088460019396
13.12839465755495,5539541.551020408,-1.6777088460019396
13.12839465755495,5689254.755102041,-1.6777088460019396
13.12839465755495,5838967.959183674,-1.6777088460019396
13.12839465755495,5988681.1632653065,-1.6777088460019396
13.12839465755495,6138394.367346939,-1.6777088460019396
13.12839465755495,6288107.571428572,-1.6777088460019396
13.12839465755495,6437820.775510205,-1.6777088460019396
13.12839465755495,6587533.979591837,-1.6777088460019396
13.12839465755495,6737247.183673469,-1.6777088460019396
13.12839465755495,6886960.3877551025,-1.6777088460019396
13.12839465755495,7036673.591836736,-1.6777088460019396
13.12839465755495,7186386.795918368,-1.6777088460019396
13.12839465755495,7336100,-1.6777088460019396
10.848567836981815,153,-1.6402942614296174
11.407298402033103,149866.20408163266,-1.6402942614296174
11.407298402033103,299579.4081632653,-1.6402942614296174
13.130947292195044,449292.612244898,-1.6402942614296174
13.130947292195044,599005.8163265307,-1.6402942614296174
13.130947292195044,748719.0204081633,-1.6402942614296174
13.130947292195044,898432.224489796,-1.6402942614296174
13.130947292195044,1048145.4285714286,-1.6402942614296174
13.130947292195044,1197858.6326530613,-1.6402942614296174
13.130947292195044,1347571.836734694,-1.6402942614296174
13.130947292195044,1497285.0408163266,-1.6402942614296174
13.130947292195044,1646998.2448979593,-1.6402942614296174
13.130947292195044,1796711.448979592,-1.6402942614296174
13.130947292195044,1946424.6530612246,-1.6402942614296174
13.130947292195044,2096137.8571428573,-1.6402942614296174
13.130947292195044,2245851.06122449,-1.6402942614296174
13.130947292195044,2395564.2653061226,-1.6402942614296174
13.130947292195044,2545277.4693877553,-1.6402942614296174
13.130947292195044,2694990.673469388,-1.6402942614296174
13.130947292195044,2844703.8775510206,-1.6402942614296174
13.130947292195044,2994417.0816326533,-1.6402942614296174
13.130947292195044,3144130.285714286,-1.6402942614296174
13.130947292195044,3293843.4897959186,-1.6402942614296174
13.130947292195044,3443556.6938775512,-1.6402942614296174
13.130947292195044,3593269.897959184,-1.6402942614296174
13.12839465755495,3742983.1020408166,-1.6402942614296174
13.12839465755495,3892696.306122449,-1.6402942614296174
13.12839465755495,4042409.510204082,-1.6402942614296174
13.12839465755495,4192122.7142857146,-1.6402942614296174
13.12839465755495,4341835.918367347,-1.6402942614296174
13.12839465755495,4491549.12244898,-1.6402942614296174
13.12839465755495,4641262.326530613,-1.6402942614296174
13.12839465755495,4790975.530612245,-1.6402942614296174
13.12839465755495,4940688.734693877,-1.6402942614296174
13.12839465755495,5090401.9387755105,-1.6402942614296174
13.12839465755495,5240115.142857144,-1.6402942614296174
13.12839465755495,5389828.346938776,-1.6402942614296174
13.12839465755495,5539541.551020408,-1.6402942614296174
13.12839465755495,5689254.755102041,-1.6402942614296174
13.12839465755495,5838967.959183674,-1.6402942614296174
13.12839465755495,5988681.1632653065,-1.6402942614296174
13.12839465755495,6138394.367346939,-1.6402942614296174
13.12839465755495,6288107.571428572,-1.6402942614296174
13.12839465755495,6437820.775510205,-1.6402942614296174
13.12839465755495,6587533.979591837,-1.6402942614296174
13.12839465755495,6737247.183673469,-1.6402942614296174
13.12839465755495,6886960.3877551025,-1.6402942614296174
13.12839465755495,7036673.591836736,-1.6402942614296174
13.12839465755495,7186386.795918368,-1.6402942614296174
13.12839465755495,7336100,-1.6402942614296174
10.848567836981815,153,-1.602879676857295
11.407298402033103,149866.20408163266,-1.602879676857295
11.407298402033103,299579.4081632653,-1.602879676857295
13.130947292195044,449292.612244898,-1.602879676857295
13.130947292195044,599005.8163265307,-1.602879676857295
13.130947292195044,748719.0204081633,-1.602879676857295
13.130947292195044,898432.224489796,-1.602879676857295
13.130947292195044,1048145.4285714286,-1.602879676857295
13.130947292195044,1197858.6326530613,-1.602879676857295
13.130947292195044,1347571.836734694,-1.602879676857295
13.130947292195044,1497285.0408163266,-1.602879676857295
13.130947292195044,1646998.2448979593,-1.602879676857295
13.130947292195044,1796711.448979592,-1.602879676857295
13.130947292195044,1946424.6530612246,-1.602879676857295
13.130947292195044,2096137.8571428573,-1.602879676857295
13.130947292195044,2245851.06122449,-1.602879676857295
13.130947292195044,2395564.2653061226,-1.602879676857295
13.130947292195044,2545277.4693877553,-1.602879676857295
13.130947292195044,2694990.673469388,-1.602879676857295
13.130947292195044,2844703.8775510206,-1.602879676857295
13.130947292195044,2994417.0816326533,-1.602879676857295
13.130947292195044,3144130.285714286,-1.602879676857295
13.130947292195044,3293843.4897959186,-1.602879676857295
13.130947292195044,3443556.6938775512,-1.602879676857295
13.130947292195044,3593269.897959184,-1.602879676857295
13.12839465755495,3742983.1020408166,-1.602879676857295
13.12839465755495,3892696.306122449,-1.602879676857295
13.12839465755495,4042409.510204082,-1.602879676857295
13.12839465755495,4192122.7142857146,-1.602879676857295
13.12839465755495,4341835.918367347,-1.602879676857295
13.12839465755495,4491549.12244898,-1.602879676857295
13.12839465755495,4641262.326530613,-1.602879676857295
13.12839465755495,4790975.530612245,-1.602879676857295
13.12839465755495,4940688.734693877,-1.602879676857295
13.12839465755495,5090401.9387755105,-1.602879676857295
13.12839465755495,5240115.142857144,-1.602879676857295
13.12839465755495,5389828.346938776,-1.602879676857295
13.12839465755495,5539541.551020408,-1.602879676857295
13.12839465755495,5689254.755102041,-1.602879676857295
13.12839465755495,5838967.959183674,-1.602879676857295
13.12839465755495,5988681.1632653065,-1.602879676857295
13.12839465755495,6138394.367346939,-1.602879676857295
13.12839465755495,6288107.571428572,-1.602879676857295
13.12839465755495,6437820.775510205,-1.602879676857295
13.12839465755495,6587533.979591837,-1.602879676857295
13.12839465755495,6737247.183673469,-1.602879676857295
13.12839465755495,6886960.3877551025,-1.602879676857295
13.12839465755495,7036673.591836736,-1.602879676857295
13.12839465755495,7186386.795918368,-1.602879676857295
13.12839465755495,7336100,-1.602879676857295
10.848567836981815,153,-1.5654650922849727
11.407298402033103,149866.20408163266,-1.5654650922849727
11.407298402033103,299579.4081632653,-1.5654650922849727
13.130947292195044,449292.612244898,-1.5654650922849727
13.130947292195044,599005.8163265307,-1.5654650922849727
13.130947292195044,748719.0204081633,-1.5654650922849727
13.130947292195044,898432.224489796,-1.5654650922849727
13.130947292195044,1048145.4285714286,-1.5654650922849727
13.130947292195044,1197858.6326530613,-1.5654650922849727
13.130947292195044,1347571.836734694,-1.5654650922849727
13.130947292195044,1497285.0408163266,-1.5654650922849727
13.130947292195044,1646998.2448979593,-1.5654650922849727
13.130947292195044,1796711.448979592,-1.5654650922849727
13.130947292195044,1946424.6530612246,-1.5654650922849727
13.130947292195044,2096137.8571428573,-1.5654650922849727
13.130947292195044,2245851.06122449,-1.5654650922849727
13.130947292195044,2395564.2653061226,-1.5654650922849727
13.130947292195044,2545277.4693877553,-1.5654650922849727
13.130947292195044,2694990.673469388,-1.5654650922849727
13.130947292195044,2844703.8775510206,-1.5654650922849727
13.130947292195044,2994417.0816326533,-1.5654650922849727
13.130947292195044,3144130.285714286,-1.5654650922849727
13.130947292195044,3293843.4897959186,-1.5654650922849727
13.130947292195044,3443556.6938775512,-1.5654650922849727
13.130947292195044,3593269.897959184,-1.5654650922849727
13.12839465755495,3742983.1020408166,-1.5654650922849727
13.12839465755495,3892696.306122449,-1.5654650922849727
13.12839465755495,4042409.510204082,-1.5654650922849727
13.12839465755495,4192122.7142857146,-1.5654650922849727
13.12839465755495,4341835.918367347,-1.5654650922849727
13.12839465755495,4491549.12244898,-1.5654650922849727
13.12839465755495,4641262.326530613,-1.5654650922849727
13.12839465755495,4790975.530612245,-1.5654650922849727
13.12839465755495,4940688.734693877,-1.5654650922849727
13.12839465755495,5090401.9387755105,-1.5654650922849727
13.12839465755495,5240115.142857144,-1.5654650922849727
13.12839465755495,5389828.346938776,-1.5654650922849727
13.12839465755495,5539541.551020408,-1.5654650922849727
13.12839465755495,5689254.755102041,-1.5654650922849727
13.12839465755495,5838967.959183674,-1.5654650922849727
13.12839465755495,5988681.1632653065,-1.5654650922849727
13.12839465755495,6138394.367346939,-1.5654650922849727
13.12839465755495,6288107.571428572,-1.5654650922849727
13.12839465755495,6437820.775510205,-1.5654650922849727
13.12839465755495,6587533.979591837,-1.5654650922849727
13.12839465755495,6737247.183673469,-1.5654650922849727
13.12839465755495,6886960.3877551025,-1.5654650922849727
13.12839465755495,7036673.591836736,-1.5654650922849727
13.12839465755495,7186386.795918368,-1.5654650922849727
13.12839465755495,7336100,-1.5654650922849727
10.848567836981815,153,-1.5280505077126503
11.407298402033103,149866.20408163266,-1.5280505077126503
11.407298402033103,299579.4081632653,-1.5280505077126503
13.130947292195044,449292.612244898,-1.5280505077126503
13.130947292195044,599005.8163265307,-1.5280505077126503
13.130947292195044,748719.0204081633,-1.5280505077126503
13.130947292195044,898432.224489796,-1.5280505077126503
13.130947292195044,1048145.4285714286,-1.5280505077126503
13.130947292195044,1197858.6326530613,-1.5280505077126503
13.130947292195044,1347571.836734694,-1.5280505077126503
13.130947292195044,1497285.0408163266,-1.5280505077126503
13.130947292195044,1646998.2448979593,-1.5280505077126503
13.130947292195044,1796711.448979592,-1.5280505077126503
13.130947292195044,1946424.6530612246,-1.5280505077126503
13.130947292195044,2096137.8571428573,-1.5280505077126503
13.130947292195044,2245851.06122449,-1.5280505077126503
13.130947292195044,2395564.2653061226,-1.5280505077126503
13.130947292195044,2545277.4693877553,-1.5280505077126503
13.130947292195044,2694990.673469388,-1.5280505077126503
13.130947292195044,2844703.8775510206,-1.5280505077126503
13.130947292195044,2994417.0816326533,-1.5280505077126503
13.130947292195044,3144130.285714286,-1.5280505077126503
13.130947292195044,3293843.4897959186,-1.5280505077126503
13.130947292195044,3443556.6938775512,-1.5280505077126503
13.130947292195044,3593269.897959184,-1.5280505077126503
13.12839465755495,3742983.1020408166,-1.5280505077126503
13.12839465755495,3892696.306122449,-1.5280505077126503
13.12839465755495,4042409.510204082,-1.5280505077126503
13.12839465755495,4192122.7142857146,-1.5280505077126503
13.12839465755495,4341835.918367347,-1.5280505077126503
13.12839465755495,4491549.12244898,-1.5280505077126503
13.12839465755495,4641262.326530613,-1.5280505077126503
13.12839465755495,4790975.530612245,-1.5280505077126503
13.12839465755495,4940688.734693877,-1.5280505077126503
13.12839465755495,5090401.9387755105,-1.5280505077126503
13.12839465755495,5240115.142857144,-1.5280505077126503
13.12839465755495,5389828.346938776,-1.5280505077126503
13.12839465755495,5539541.551020408,-1.5280505077126503
13.12839465755495,5689254.755102041,-1.5280505077126503
13.12839465755495,5838967.959183674,-1.5280505077126503
13.12839465755495,5988681.1632653065,-1.5280505077126503
13.12839465755495,6138394.367346939,-1.5280505077126503
13.12839465755495,6288107.571428572,-1.5280505077126503
13.12839465755495,6437820.775510205,-1.5280505077126503
13.12839465755495,6587533.979591837,-1.5280505077126503
13.12839465755495,6737247.183673469,-1.5280505077126503
13.12839465755495,6886960.3877551025,-1.5280505077126503
13.12839465755495,7036673.591836736,-1.5280505077126503
13.12839465755495,7186386.795918368,-1.5280505077126503
13.12839465755495,7336100,-1.5280505077126503
10.848567836981815,153,-1.490635923140328
11.407298402033103,149866.20408163266,-1.490635923140328
11.407298402033103,299579.4081632653,-1.490635923140328
13.130947292195044,449292.612244898,-1.490635923140328
13.130947292195044,599005.8163265307,-1.490635923140328
13.130947292195044,748719.0204081633,-1.490635923140328
13.130947292195044,898432.224489796,-1.490635923140328
13.130947292195044,1048145.4285714286,-1.490635923140328
13.130947292195044,1197858.6326530613,-1.490635923140328
13.130947292195044,1347571.836734694,-1.490635923140328
13.130947292195044,1497285.0408163266,-1.490635923140328
13.130947292195044,1646998.2448979593,-1.490635923140328
13.130947292195044,1796711.448979592,-1.490635923140328
13.130947292195044,1946424.6530612246,-1.490635923140328
13.130947292195044,2096137.8571428573,-1.490635923140328
13.130947292195044,2245851.06122449,-1.490635923140328
13.130947292195044,2395564.2653061226,-1.490635923140328
13.130947292195044,2545277.4693877553,-1.490635923140328
13.130947292195044,2694990.673469388,-1.490635923140328
13.130947292195044,2844703.8775510206,-1.490635923140328
13.130947292195044,2994417.0816326533,-1.490635923140328
13.130947292195044,3144130.285714286,-1.490635923140328
13.130947292195044,3293843.4897959186,-1.490635923140328
13.130947292195044,3443556.6938775512,-1.490635923140328
13.130947292195044,3593269.897959184,-1.490635923140328
13.12839465755495,3742983.1020408166,-1.490635923140328
13.12839465755495,3892696.306122449,-1.490635923140328
13.12839465755495,4042409.510204082,-1.490635923140328
13.12839465755495,4192122.7142857146,-1.490635923140328
13.12839465755495,4341835.918367347,-1.490635923140328
13.12839465755495,4491549.12244898,-1.490635923140328
13.12839465755495,4641262.326530613,-1.490635923140328
13.12839465755495,4790975.530612245,-1.490635923140328
13.12839465755495,4940688.734693877,-1.490635923140328
13.12839465755495,5090401.9387755105,-1.490635923140328
13.12839465755495,5240115.142857144,-1.490635923140328
13.12839465755495,5389828.346938776,-1.490635923140328
13.12839465755495,5539541.551020408,-1.490635923140328
13.12839465755495,5689254.755102041,-1.490635923140328
13.12839465755495,5838967.959183674,-1.490635923140328
13.12839465755495,5988681.1632653065,-1.490635923140328
13.12839465755495,6138394.367346939,-1.490635923140328
13.12839465755495,6288107.571428572,-1.490635923140328
13.12839465755495,6437820.775510205,-1.490635923140328
13.12839465755495,6587533.979591837,-1.490635923140328
13.12839465755495,6737247.183673469,-1.490635923140328
13.12839465755495,6886960.3877551025,-1.490635923140328
13.12839465755495,7036673.591836736,-1.490635923140328
13.12839465755495,7186386.795918368,-1.490635923140328
13.12839465755495,7336100,-1.490635923140328
10.848567836981815,153,-1.4532213385680055
11.407298402033103,149866.20408163266,-1.4532213385680055
11.407298402033103,299579.4081632653,-1.4532213385680055
13.130947292195044,449292.612244898,-1.4532213385680055
13.130947292195044,599005.8163265307,-1.4532213385680055
13.130947292195044,748719.0204081633,-1.4532213385680055
13.130947292195044,898432.224489796,-1.4532213385680055
13.130947292195044,1048145.4285714286,-1.4532213385680055
13.130947292195044,1197858.6326530613,-1.4532213385680055
13.130947292195044,1347571.836734694,-1.4532213385680055
13.130947292195044,1497285.0408163266,-1.4532213385680055
13.130947292195044,1646998.2448979593,-1.4532213385680055
13.130947292195044,1796711.448979592,-1.4532213385680055
13.130947292195044,1946424.6530612246,-1.4532213385680055
13.130947292195044,2096137.8571428573,-1.4532213385680055
13.130947292195044,2245851.06122449,-1.4532213385680055
13.130947292195044,2395564.2653061226,-1.4532213385680055
13.130947292195044,2545277.4693877553,-1.4532213385680055
13.130947292195044,2694990.673469388,-1.4532213385680055
13.130947292195044,2844703.8775510206,-1.4532213385680055
13.130947292195044,2994417.0816326533,-1.4532213385680055
13.130947292195044,3144130.285714286,-1.4532213385680055
13.130947292195044,3293843.4897959186,-1.4532213385680055
13.130947292195044,3443556.6938775512,-1.4532213385680055
13.130947292195044,3593269.897959184,-1.4532213385680055
13.12839465755495,3742983.1020408166,-1.4532213385680055
13.12839465755495,3892696.306122449,-1.4532213385680055
13.12839465755495,4042409.510204082,-1.4532213385680055
13.12839465755495,4192122.7142857146,-1.4532213385680055
13.12839465755495,4341835.918367347,-1.4532213385680055
13.12839465755495,4491549.12244898,-1.4532213385680055
13.12839465755495,4641262.326530613,-1.4532213385680055
13.12839465755495,4790975.530612245,-1.4532213385680055
13.12839465755495,4940688.734693877,-1.4532213385680055
13.12839465755495,5090401.9387755105,-1.4532213385680055
13.12839465755495,5240115.142857144,-1.4532213385680055
13.12839465755495,5389828.346938776,-1.4532213385680055
13.12839465755495,5539541.551020408,-1.4532213385680055
13.12839465755495,5689254.755102041,-1.4532213385680055
13.12839465755495,5838967.959183674,-1.4532213385680055
13.12839465755495,5988681.1632653065,-1.4532213385680055
13.12839465755495,6138394.367346939,-1.4532213385680055
13.12839465755495,6288107.571428572,-1.4532213385680055
13.12839465755495,6437820.775510205,-1.4532213385680055
13.12839465755495,6587533.979591837,-1.4532213385680055
13.12839465755495,6737247.183673469,-1.4532213385680055
13.12839465755495,6886960.3877551025,-1.4532213385680055
13.12839465755495,7036673.591836736,-1.4532213385680055
13.12839465755495,7186386.795918368,-1.4532213385680055
13.12839465755495,7336100,-1.4532213385680055
10.848567836981815,153,-1.4158067539956831
11.407298402033103,149866.20408163266,-1.4158067539956831
11.407298402033103,299579.4081632653,-1.4158067539956831
13.130947292195044,449292.612244898,-1.4158067539956831
13.130947292195044,599005.8163265307,-1.4158067539956831
13.130947292195044,748719.0204081633,-1.4158067539956831
13.130947292195044,898432.224489796,-1.4158067539956831
13.130947292195044,1048145.4285714286,-1.4158067539956831
13.130947292195044,1197858.6326530613,-1.4158067539956831
13.130947292195044,1347571.836734694,-1.4158067539956831
13.130947292195044,1497285.0408163266,-1.4158067539956831
13.130947292195044,1646998.2448979593,-1.4158067539956831
13.130947292195044,1796711.448979592,-1.4158067539956831
13.130947292195044,1946424.6530612246,-1.4158067539956831
13.130947292195044,2096137.8571428573,-1.4158067539956831
13.130947292195044,2245851.06122449,-1.4158067539956831
13.130947292195044,2395564.2653061226,-1.4158067539956831
13.130947292195044,2545277.4693877553,-1.4158067539956831
13.130947292195044,2694990.673469388,-1.4158067539956831
13.130947292195044,2844703.8775510206,-1.4158067539956831
13.130947292195044,2994417.0816326533,-1.4158067539956831
13.130947292195044,3144130.285714286,-1.4158067539956831
13.130947292195044,3293843.4897959186,-1.4158067539956831
13.130947292195044,3443556.6938775512,-1.4158067539956831
13.130947292195044,3593269.897959184,-1.4158067539956831
13.12839465755495,3742983.1020408166,-1.4158067539956831
13.12839465755495,3892696.306122449,-1.4158067539956831
13.12839465755495,4042409.510204082,-1.4158067539956831
13.12839465755495,4192122.7142857146,-1.4158067539956831
13.12839465755495,4341835.918367347,-1.4158067539956831
13.12839465755495,4491549.12244898,-1.4158067539956831
13.12839465755495,4641262.326530613,-1.4158067539956831
13.12839465755495,4790975.530612245,-1.4158067539956831
13.12839465755495,4940688.734693877,-1.4158067539956831
13.12839465755495,5090401.9387755105,-1.4158067539956831
13.12839465755495,5240115.142857144,-1.4158067539956831
13.12839465755495,5389828.346938776,-1.4158067539956831
13.12839465755495,5539541.551020408,-1.4158067539956831
13.12839465755495,5689254.755102041,-1.4158067539956831
13.12839465755495,5838967.959183674,-1.4158067539956831
13.12839465755495,5988681.1632653065,-1.4158067539956831
13.12839465755495,6138394.367346939,-1.4158067539956831
13.12839465755495,6288107.571428572,-1.4158067539956831
13.12839465755495,6437820.775510205,-1.4158067539956831
13.12839465755495,6587533.979591837,-1.4158067539956831
13.12839465755495,6737247.183673469,-1.4158067539956831
13.12839465755495,6886960.3877551025,-1.4158067539956831
13.12839465755495,7036673.591836736,-1.4158067539956831
13.12839465755495,7186386.795918368,-1.4158067539956831
13.12839465755495,7336100,-1.4158067539956831
10.848567836981815,153,-1.3783921694233607
11.407298402033103,149866.20408163266,-1.3783921694233607
11.407298402033103,299579.4081632653,-1.3783921694233607
13.130947292195044,449292.612244898,-1.3783921694233607
13.130947292195044,599005.8163265307,-1.3783921694233607
13.130947292195044,748719.0204081633,-1.3783921694233607
13.130947292195044,898432.224489796,-1.3783921694233607
13.130947292195044,1048145.4285714286,-1.3783921694233607
13.130947292195044,1197858.6326530613,-1.3783921694233607
13.130947292195044,1347571.836734694,-1.3783921694233607
13.130947292195044,1497285.0408163266,-1.3783921694233607
13.130947292195044,1646998.2448979593,-1.3783921694233607
13.130947292195044,1796711.448979592,-1.3783921694233607
13.130947292195044,1946424.6530612246,-1.3783921694233607
13.130947292195044,2096137.8571428573,-1.3783921694233607
13.130947292195044,2245851.06122449,-1.3783921694233607
13.130947292195044,2395564.2653061226,-1.3783921694233607
13.130947292195044,2545277.4693877553,-1.3783921694233607
13.130947292195044,2694990.673469388,-1.3783921694233607
13.130947292195044,2844703.8775510206,-1.3783921694233607
13.130947292195044,2994417.0816326533,-1.3783921694233607
13.130947292195044,3144130.285714286,-1.3783921694233607
13.130947292195044,3293843.4897959186,-1.3783921694233607
13.130947292195044,3443556.6938775512,-1.3783921694233607
13.130947292195044,3593269.897959184,-1.3783921694233607
13.12839465755495,3742983.1020408166,-1.3783921694233607
13.12839465755495,3892696.306122449,-1.3783921694233607
13.12839465755495,4042409.510204082,-1.3783921694233607
13.12839465755495,4192122.7142857146,-1.3783921694233607
13.12839465755495,4341835.918367347,-1.3783921694233607
13.12839465755495,4491549.12244898,-1.3783921694233607
13.12839465755495,4641262.326530613,-1.3783921694233607
13.12839465755495,4790975.530612245,-1.3783921694233607
13.12839465755495,4940688.734693877,-1.3783921694233607
13.12839465755495,5090401.9387755105,-1.3783921694233607
13.12839465755495,5240115.142857144,-1.3783921694233607
13.12839465755495,5389828.346938776,-1.3783921694233607
13.12839465755495,5539541.551020408,-1.3783921694233607
13.12839465755495,5689254.755102041,-1.3783921694233607
13.12839465755495,5838967.959183674,-1.3783921694233607
13.12839465755495,5988681.1632653065,-1.3783921694233607
13.12839465755495,6138394.367346939,-1.3783921694233607
13.12839465755495,6288107.571428572,-1.3783921694233607
13.12839465755495,6437820.775510205,-1.3783921694233607
13.12839465755495,6587533.979591837,-1.3783921694233607
13.12839465755495,6737247.183673469,-1.3783921694233607
13.12839465755495,6886960.3877551025,-1.3783921694233607
13.12839465755495,7036673.591836736,-1.3783921694233607
13.12839465755495,7186386.795918368,-1.3783921694233607
13.12839465755495,7336100,-1.3783921694233607
10.848567836981815,153,-1.3409775848510384
11.407298402033103,149866.20408163266,-1.3409775848510384
11.407298402033103,299579.4081632653,-1.3409775848510384
13.130947292195044,449292.612244898,-1.3409775848510384
13.130947292195044,599005.8163265307,-1.3409775848510384
13.130947292195044,748719.0204081633,-1.3409775848510384
13.130947292195044,898432.224489796,-1.3409775848510384
13.130947292195044,1048145.4285714286,-1.3409775848510384
13.130947292195044,1197858.6326530613,-1.3409775848510384
13.130947292195044,1347571.836734694,-1.3409775848510384
13.130947292195044,1497285.0408163266,-1.3409775848510384
13.130947292195044,1646998.2448979593,-1.3409775848510384
13.130947292195044,1796711.448979592,-1.3409775848510384
13.130947292195044,1946424.6530612246,-1.3409775848510384
13.130947292195044,2096137.8571428573,-1.3409775848510384
13.130947292195044,2245851.06122449,-1.3409775848510384
13.130947292195044,2395564.2653061226,-1.3409775848510384
13.130947292195044,2545277.4693877553,-1.3409775848510384
13.130947292195044,2694990.673469388,-1.3409775848510384
13.130947292195044,2844703.8775510206,-1.3409775848510384
13.130947292195044,2994417.0816326533,-1.3409775848510384
13.130947292195044,3144130.285714286,-1.3409775848510384
13.130947292195044,3293843.4897959186,-1.3409775848510384
13.130947292195044,3443556.6938775512,-1.3409775848510384
13.130947292195044,3593269.897959184,-1.3409775848510384
13.12839465755495,3742983.1020408166,-1.3409775848510384
13.12839465755495,3892696.306122449,-1.3409775848510384
13.12839465755495,4042409.510204082,-1.3409775848510384
13.12839465755495,4192122.7142857146,-1.3409775848510384
13.12839465755495,4341835.918367347,-1.3409775848510384
13.12839465755495,4491549.12244898,-1.3409775848510384
13.12839465755495,4641262.326530613,-1.3409775848510384
13.12839465755495,4790975.530612245,-1.3409775848510384
13.12839465755495,4940688.734693877,-1.3409775848510384
13.12839465755495,5090401.9387755105,-1.3409775848510384
13.12839465755495,5240115.142857144,-1.3409775848510384
13.12839465755495,5389828.346938776,-1.3409775848510384
13.12839465755495,5539541.551020408,-1.3409775848510384
13.12839465755495,5689254.755102041,-1.3409775848510384
13.12839465755495,5838967.959183674,-1.3409775848510384
13.12839465755495,5988681.1632653065,-1.3409775848510384
13.12839465755495,6138394.367346939,-1.3409775848510384
13.12839465755495,6288107.571428572,-1.3409775848510384
13.12839465755495,6437820.775510205,-1.3409775848510384
13.12839465755495,6587533.979591837,-1.3409775848510384
13.12839465755495,6737247.183673469,-1.3409775848510384
13.12839465755495,6886960.3877551025,-1.3409775848510384
13.12839465755495,7036673.591836736,-1.3409775848510384
13.12839465755495,7186386.795918368,-1.3409775848510384
13.12839465755495,7336100,-1.3409775848510384
10.848567836981815,153,-1.3035630002787162
11.407298402033103,149866.20408163266,-1.3035630002787162
11.407298402033103,299579.4081632653,-1.3035630002787162
13.130947292195044,449292.612244898,-1.3035630002787162
13.130947292195044,599005.8163265307,-1.3035630002787162
13.130947292195044,748719.0204081633,-1.3035630002787162
13.130947292195044,898432.224489796,-1.3035630002787162
13.130947292195044,1048145.4285714286,-1.3035630002787162
13.130947292195044,1197858.6326530613,-1.3035630002787162
13.130947292195044,1347571.836734694,-1.3035630002787162
13.130947292195044,1497285.0408163266,-1.3035630002787162
13.130947292195044,1646998.2448979593,-1.3035630002787162
13.130947292195044,1796711.448979592,-1.3035630002787162
13.130947292195044,1946424.6530612246,-1.3035630002787162
13.130947292195044,2096137.8571428573,-1.3035630002787162
13.130947292195044,2245851.06122449,-1.3035630002787162
13.130947292195044,2395564.2653061226,-1.3035630002787162
13.130947292195044,2545277.4693877553,-1.3035630002787162
13.130947292195044,2694990.673469388,-1.3035630002787162
13.130947292195044,2844703.8775510206,-1.3035630002787162
13.130947292195044,2994417.0816326533,-1.3035630002787162
13.130947292195044,3144130.285714286,-1.3035630002787162
13.130947292195044,3293843.4897959186,-1.3035630002787162
13.130947292195044,3443556.6938775512,-1.3035630002787162
13.130947292195044,3593269.897959184,-1.3035630002787162
13.12839465755495,3742983.1020408166,-1.3035630002787162
13.12839465755495,3892696.306122449,-1.3035630002787162
13.12839465755495,4042409.510204082,-1.3035630002787162
13.12839465755495,4192122.7142857146,-1.3035630002787162
13.12839465755495,4341835.918367347,-1.3035630002787162
13.12839465755495,4491549.12244898,-1.3035630002787162
13.12839465755495,4641262.326530613,-1.3035630002787162
13.12839465755495,4790975.530612245,-1.3035630002787162
13.12839465755495,4940688.734693877,-1.3035630002787162
13.12839465755495,5090401.9387755105,-1.3035630002787162
13.12839465755495,5240115.142857144,-1.3035630002787162
13.12839465755495,5389828.346938776,-1.3035630002787162
13.12839465755495,5539541.551020408,-1.3035630002787162
13.12839465755495,5689254.755102041,-1.3035630002787162
13.12839465755495,5838967.959183674,-1.3035630002787162
13.12839465755495,5988681.1632653065,-1.3035630002787162
13.12839465755495,6138394.367346939,-1.3035630002787162
13.12839465755495,6288107.571428572,-1.3035630002787162
13.12839465755495,6437820.775510205,-1.3035630002787162
13.12839465755495,6587533.979591837,-1.3035630002787162
13.12839465755495,6737247.183673469,-1.3035630002787162
13.12839465755495,6886960.3877551025,-1.3035630002787162
13.12839465755495,7036673.591836736,-1.3035630002787162
13.12839465755495,7186386.795918368,-1.3035630002787162
13.12839465755495,7336100,-1.3035630002787162
10.848567836981815,153,-1.2661484157063936
11.407298402033103,149866.20408163266,-1.2661484157063936
11.407298402033103,299579.4081632653,-1.2661484157063936
13.130947292195044,449292.612244898,-1.2661484157063936
13.130947292195044,599005.8163265307,-1.2661484157063936
13.130947292195044,748719.0204081633,-1.2661484157063936
13.130947292195044,898432.224489796,-1.2661484157063936
13.130947292195044,1048145.4285714286,-1.2661484157063936
13.130947292195044,1197858.6326530613,-1.2661484157063936
13.130947292195044,1347571.836734694,-1.2661484157063936
13.130947292195044,1497285.0408163266,-1.2661484157063936
13.130947292195044,1646998.2448979593,-1.2661484157063936
13.130947292195044,1796711.448979592,-1.2661484157063936
13.130947292195044,1946424.6530612246,-1.2661484157063936
13.130947292195044,2096137.8571428573,-1.2661484157063936
13.130947292195044,2245851.06122449,-1.2661484157063936
13.130947292195044,2395564.2653061226,-1.2661484157063936
13.130947292195044,2545277.4693877553,-1.2661484157063936
13.130947292195044,2694990.673469388,-1.2661484157063936
13.130947292195044,2844703.8775510206,-1.2661484157063936
13.130947292195044,2994417.0816326533,-1.2661484157063936
13.130947292195044,3144130.285714286,-1.2661484157063936
13.130947292195044,3293843.4897959186,-1.2661484157063936
13.130947292195044,3443556.6938775512,-1.2661484157063936
13.130947292195044,3593269.897959184,-1.2661484157063936
13.12839465755495,3742983.1020408166,-1.2661484157063936
13.12839465755495,3892696.306122449,-1.2661484157063936
13.12839465755495,4042409.510204082,-1.2661484157063936
13.12839465755495,4192122.7142857146,-1.2661484157063936
13.12839465755495,4341835.918367347,-1.2661484157063936
13.12839465755495,4491549.12244898,-1.2661484157063936
13.12839465755495,4641262.326530613,-1.2661484157063936
13.12839465755495,4790975.530612245,-1.2661484157063936
13.12839465755495,4940688.734693877,-1.2661484157063936
13.12839465755495,5090401.9387755105,-1.2661484157063936
13.12839465755495,5240115.142857144,-1.2661484157063936
13.12839465755495,5389828.346938776,-1.2661484157063936
13.12839465755495,5539541.551020408,-1.2661484157063936
13.12839465755495,5689254.755102041,-1.2661484157063936
13.12839465755495,5838967.959183674,-1.2661484157063936
13.12839465755495,5988681.1632653065,-1.2661484157063936
13.12839465755495,6138394.367346939,-1.2661484157063936
13.12839465755495,6288107.571428572,-1.2661484157063936
13.12839465755495,6437820.775510205,-1.2661484157063936
13.12839465755495,6587533.979591837,-1.2661484157063936
13.12839465755495,6737247.183673469,-1.2661484157063936
13.12839465755495,6886960.3877551025,-1.2661484157063936
13.12839465755495,7036673.591836736,-1.2661484157063936
13.12839465755495,7186386.795918368,-1.2661484157063936
13.12839465755495,7336100,-1.2661484157063936
10.848567836981815,153,-1.2287338311340714
11.407298402033103,149866.20408163266,-1.2287338311340714
11.407298402033103,299579.4081632653,-1.2287338311340714
13.130947292195044,449292.612244898,-1.2287338311340714
13.130947292195044,599005.8163265307,-1.2287338311340714
13.130947292195044,748719.0204081633,-1.2287338311340714
13.130947292195044,898432.224489796,-1.2287338311340714
13.130947292195044,1048145.4285714286,-1.2287338311340714
13.130947292195044,1197858.6326530613,-1.2287338311340714
13.130947292195044,1347571.836734694,-1.2287338311340714
13.130947292195044,1497285.0408163266,-1.2287338311340714
13.130947292195044,1646998.2448979593,-1.2287338311340714
13.130947292195044,1796711.448979592,-1.2287338311340714
13.130947292195044,1946424.6530612246,-1.2287338311340714
13.130947292195044,2096137.8571428573,-1.2287338311340714
13.130947292195044,2245851.06122449,-1.2287338311340714
13.130947292195044,2395564.2653061226,-1.2287338311340714
13.130947292195044,2545277.4693877553,-1.2287338311340714
13.130947292195044,2694990.673469388,-1.2287338311340714
13.130947292195044,2844703.8775510206,-1.2287338311340714
13.130947292195044,2994417.0816326533,-1.2287338311340714
13.130947292195044,3144130.285714286,-1.2287338311340714
13.130947292195044,3293843.4897959186,-1.2287338311340714
13.130947292195044,3443556.6938775512,-1.2287338311340714
13.130947292195044,3593269.897959184,-1.2287338311340714
13.12839465755495,3742983.1020408166,-1.2287338311340714
13.12839465755495,3892696.306122449,-1.2287338311340714
13.12839465755495,4042409.510204082,-1.2287338311340714
13.12839465755495,4192122.7142857146,-1.2287338311340714
13.12839465755495,4341835.918367347,-1.2287338311340714
13.12839465755495,4491549.12244898,-1.2287338311340714
13.12839465755495,4641262.326530613,-1.2287338311340714
13.12839465755495,4790975.530612245,-1.2287338311340714
13.12839465755495,4940688.734693877,-1.2287338311340714
13.12839465755495,5090401.9387755105,-1.2287338311340714
13.12839465755495,5240115.142857144,-1.2287338311340714
13.12839465755495,5389828.346938776,-1.2287338311340714
13.12839465755495,5539541.551020408,-1.2287338311340714
13.12839465755495,5689254.755102041,-1.2287338311340714
13.12839465755495,5838967.959183674,-1.2287338311340714
13.12839465755495,5988681.1632653065,-1.2287338311340714
13.12839465755495,6138394.367346939,-1.2287338311340714
13.12839465755495,6288107.571428572,-1.2287338311340714
13.12839465755495,6437820.775510205,-1.2287338311340714
13.12839465755495,6587533.979591837,-1.2287338311340714
13.12839465755495,6737247.183673469,-1.2287338311340714
13.12839465755495,6886960.3877551025,-1.2287338311340714
13.12839465755495,7036673.591836736,-1.2287338311340714
13.12839465755495,7186386.795918368,-1.2287338311340714
13.12839465755495,7336100,-1.2287338311340714
10.848567836981815,153,-1.1913192465617488
11.407298402033103,149866.20408163266,-1.1913192465617488
11.407298402033103,299579.4081632653,-1.1913192465617488
13.130947292195044,449292.612244898,-1.1913192465617488
13.130947292195044,599005.8163265307,-1.1913192465617488
13.130947292195044,748719.0204081633,-1.1913192465617488
13.130947292195044,898432.224489796,-1.1913192465617488
13.130947292195044,1048145.4285714286,-1.1913192465617488
13.130947292195044,1197858.6326530613,-1.1913192465617488
13.130947292195044,1347571.836734694,-1.1913192465617488
13.130947292195044,1497285.0408163266,-1.1913192465617488
13.130947292195044,1646998.2448979593,-1.1913192465617488
13.130947292195044,1796711.448979592,-1.1913192465617488
13.130947292195044,1946424.6530612246,-1.1913192465617488
13.130947292195044,2096137.8571428573,-1.1913192465617488
13.130947292195044,2245851.06122449,-1.1913192465617488
13.130947292195044,2395564.2653061226,-1.1913192465617488
13.130947292195044,2545277.4693877553,-1.1913192465617488
13.130947292195044,2694990.673469388,-1.1913192465617488
13.130947292195044,2844703.8775510206,-1.1913192465617488
13.130947292195044,2994417.0816326533,-1.1913192465617488
13.130947292195044,3144130.285714286,-1.1913192465617488
13.130947292195044,3293843.4897959186,-1.1913192465617488
13.130947292195044,3443556.6938775512,-1.1913192465617488
13.130947292195044,3593269.897959184,-1.1913192465617488
13.12839465755495,3742983.1020408166,-1.1913192465617488
13.12839465755495,3892696.306122449,-1.1913192465617488
13.12839465755495,4042409.510204082,-1.1913192465617488
13.12839465755495,4192122.7142857146,-1.1913192465617488
13.12839465755495,4341835.918367347,-1.1913192465617488
13.12839465755495,4491549.12244898,-1.1913192465617488
13.12839465755495,4641262.326530613,-1.1913192465617488
13.12839465755495,4790975.530612245,-1.1913192465617488
13.12839465755495,4940688.734693877,-1.1913192465617488
13.12839465755495,5090401.9387755105,-1.1913192465617488
13.12839465755495,5240115.142857144,-1.1913192465617488
13.12839465755495,5389828.346938776,-1.1913192465617488
13.12839465755495,5539541.551020408,-1.1913192465617488
13.12839465755495,5689254.755102041,-1.1913192465617488
13.12839465755495,5838967.959183674,-1.1913192465617488
13.12839465755495,5988681.1632653065,-1.1913192465617488
13.12839465755495,6138394.367346939,-1.1913192465617488
13.12839465755495,6288107.571428572,-1.1913192465617488
13.12839465755495,6437820.775510205,-1.1913192465617488
13.12839465755495,6587533.979591837,-1.1913192465617488
13.12839465755495,6737247.183673469,-1.1913192465617488
13.12839465755495,6886960.3877551025,-1.1913192465617488
13.12839465755495,7036673.591836736,-1.1913192465617488
13.12839465755495,7186386.795918368,-1.1913192465617488
13.12839465755495,7336100,-1.1913192465617488
10.848567836981815,153,-1.1539046619894266
11.407298402033103,149866.20408163266,-1.1539046619894266
11.407298402033103,299579.4081632653,-1.1539046619894266
13.130947292195044,449292.612244898,-1.1539046619894266
13.130947292195044,599005.8163265307,-1.1539046619894266
13.130947292195044,748719.0204081633,-1.1539046619894266
13.130947292195044,898432.224489796,-1.1539046619894266
13.130947292195044,1048145.4285714286,-1.1539046619894266
13.130947292195044,1197858.6326530613,-1.1539046619894266
13.130947292195044,1347571.836734694,-1.1539046619894266
13.130947292195044,1497285.0408163266,-1.1539046619894266
13.130947292195044,1646998.2448979593,-1.1539046619894266
13.130947292195044,1796711.448979592,-1.1539046619894266
13.130947292195044,1946424.6530612246,-1.1539046619894266
13.130947292195044,2096137.8571428573,-1.1539046619894266
13.130947292195044,2245851.06122449,-1.1539046619894266
13.130947292195044,2395564.2653061226,-1.1539046619894266
13.130947292195044,2545277.4693877553,-1.1539046619894266
13.130947292195044,2694990.673469388,-1.1539046619894266
13.130947292195044,2844703.8775510206,-1.1539046619894266
13.130947292195044,2994417.0816326533,-1.1539046619894266
13.130947292195044,3144130.285714286,-1.1539046619894266
13.130947292195044,3293843.4897959186,-1.1539046619894266
13.130947292195044,3443556.6938775512,-1.1539046619894266
13.130947292195044,3593269.897959184,-1.1539046619894266
13.12839465755495,3742983.1020408166,-1.1539046619894266
13.12839465755495,3892696.306122449,-1.1539046619894266
13.12839465755495,4042409.510204082,-1.1539046619894266
13.12839465755495,4192122.7142857146,-1.1539046619894266
13.12839465755495,4341835.918367347,-1.1539046619894266
13.12839465755495,4491549.12244898,-1.1539046619894266
13.12839465755495,4641262.326530613,-1.1539046619894266
13.12839465755495,4790975.530612245,-1.1539046619894266
13.12839465755495,4940688.734693877,-1.1539046619894266
13.12839465755495,5090401.9387755105,-1.1539046619894266
13.12839465755495,5240115.142857144,-1.1539046619894266
13.12839465755495,5389828.346938776,-1.1539046619894266
13.12839465755495,5539541.551020408,-1.1539046619894266
13.12839465755495,5689254.755102041,-1.1539046619894266
13.12839465755495,5838967.959183674,-1.1539046619894266
13.12839465755495,5988681.1632653065,-1.1539046619894266
13.12839465755495,6138394.367346939,-1.1539046619894266
13.12839465755495,6288107.571428572,-1.1539046619894266
13.12839465755495,6437820.775510205,-1.1539046619894266
13.12839465755495,6587533.979591837,-1.1539046619894266
13.12839465755495,6737247.183673469,-1.1539046619894266
13.12839465755495,6886960.3877551025,-1.1539046619894266
13.12839465755495,7036673.591836736,-1.1539046619894266
13.12839465755495,7186386.795918368,-1.1539046619894266
13.12839465755495,7336100,-1.1539046619894266
10.848567836981815,153,-1.1164900774171043
11.407298402033103,149866.20408163266,-1.1164900774171043
11.407298402033103,299579.4081632653,-1.1164900774171043
13.130947292195044,449292.612244898,-1.1164900774171043
13.130947292195044,599005.8163265307,-1.1164900774171043
13.130947292195044,748719.0204081633,-1.1164900774171043
13.130947292195044,898432.224489796,-1.1164900774171043
13.130947292195044,1048145.4285714286,-1.1164900774171043
13.130947292195044,1197858.6326530613,-1.1164900774171043
13.130947292195044,1347571.836734694,-1.1164900774171043
13.130947292195044,1497285.0408163266,-1.1164900774171043
13.130947292195044,1646998.2448979593,-1.1164900774171043
13.130947292195044,1796711.448979592,-1.1164900774171043
13.130947292195044,1946424.6530612246,-1.1164900774171043
13.130947292195044,2096137.8571428573,-1.1164900774171043
13.130947292195044,2245851.06122449,-1.1164900774171043
13.130947292195044,2395564.2653061226,-1.1164900774171043
13.130947292195044,2545277.4693877553,-1.1164900774171043
13.130947292195044,2694990.673469388,-1.1164900774171043
13.130947292195044,2844703.8775510206,-1.1164900774171043
13.130947292195044,2994417.0816326533,-1.1164900774171043
13.130947292195044,3144130.285714286,-1.1164900774171043
13.130947292195044,3293843.4897959186,-1.1164900774171043
13.130947292195044,3443556.6938775512,-1.1164900774171043
13.130947292195044,3593269.897959184,-1.1164900774171043
13.12839465755495,3742983.1020408166,-1.1164900774171043
13.12839465755495,3892696.306122449,-1.1164900774171043
13.12839465755495,4042409.510204082,-1.1164900774171043
13.12839465755495,4192122.7142857146,-1.1164900774171043
13.12839465755495,4341835.918367347,-1.1164900774171043
13.12839465755495,4491549.12244898,-1.1164900774171043
13.12839465755495,4641262.326530613,-1.1164900774171043
13.12839465755495,4790975.530612245,-1.1164900774171043
13.12839465755495,4940688.734693877,-1.1164900774171043
13.12839465755495,5090401.9387755105,-1.1164900774171043
13.12839465755495,5240115.142857144,-1.1164900774171043
13.12839465755495,5389828.346938776,-1.1164900774171043
13.12839465755495,5539541.551020408,-1.1164900774171043
13.12839465755495,5689254.755102041,-1.1164900774171043
13.12839465755495,5838967.959183674,-1.1164900774171043
13.12839465755495,5988681.1632653065,-1.1164900774171043
13.12839465755495,6138394.367346939,-1.1164900774171043
13.12839465755495,6288107.571428572,-1.1164900774171043
13.12839465755495,6437820.775510205,-1.1164900774171043
13.12839465755495,6587533.979591837,-1.1164900774171043
13.12839465755495,6737247.183673469,-1.1164900774171043
13.12839465755495,6886960.3877551025,-1.1164900774171043
13.12839465755495,7036673.591836736,-1.1164900774171043
13.12839465755495,7186386.795918368,-1.1164900774171043
13.12839465755495,7336100,-1.1164900774171043
10.848567836981815,153,-1.0790754928447819
11.407298402033103,149866.20408163266,-1.0790754928447819
11.407298402033103,299579.4081632653,-1.0790754928447819
13.130947292195044,449292.612244898,-1.0790754928447819
13.130947292195044,599005.8163265307,-1.0790754928447819
13.130947292195044,748719.0204081633,-1.0790754928447819
13.130947292195044,898432.224489796,-1.0790754928447819
13.130947292195044,1048145.4285714286,-1.0790754928447819
13.130947292195044,1197858.6326530613,-1.0790754928447819
13.130947292195044,1347571.836734694,-1.0790754928447819
13.130947292195044,1497285.0408163266,-1.0790754928447819
13.130947292195044,1646998.2448979593,-1.0790754928447819
13.130947292195044,1796711.448979592,-1.0790754928447819
13.130947292195044,1946424.6530612246,-1.0790754928447819
13.130947292195044,2096137.8571428573,-1.0790754928447819
13.130947292195044,2245851.06122449,-1.0790754928447819
13.130947292195044,2395564.2653061226,-1.0790754928447819
13.130947292195044,2545277.4693877553,-1.0790754928447819
13.130947292195044,2694990.673469388,-1.0790754928447819
13.130947292195044,2844703.8775510206,-1.0790754928447819
13.130947292195044,2994417.0816326533,-1.0790754928447819
13.130947292195044,3144130.285714286,-1.0790754928447819
13.130947292195044,3293843.4897959186,-1.0790754928447819
13.130947292195044,3443556.6938775512,-1.0790754928447819
13.130947292195044,3593269.897959184,-1.0790754928447819
13.12839465755495,3742983.1020408166,-1.0790754928447819
13.12839465755495,3892696.306122449,-1.0790754928447819
13.12839465755495,4042409.510204082,-1.0790754928447819
13.12839465755495,4192122.7142857146,-1.0790754928447819
13.12839465755495,4341835.918367347,-1.0790754928447819
13.12839465755495,4491549.12244898,-1.0790754928447819
13.12839465755495,4641262.326530613,-1.0790754928447819
13.12839465755495,4790975.530612245,-1.0790754928447819
13.12839465755495,4940688.734693877,-1.0790754928447819
13.12839465755495,5090401.9387755105,-1.0790754928447819
13.12839465755495,5240115.142857144,-1.0790754928447819
13.12839465755495,5389828.346938776,-1.0790754928447819
13.12839465755495,5539541.551020408,-1.0790754928447819
13.12839465755495,5689254.755102041,-1.0790754928447819
13.12839465755495,5838967.959183674,-1.0790754928447819
13.12839465755495,5988681.1632653065,-1.0790754928447819
13.12839465755495,6138394.367346939,-1.0790754928447819
13.12839465755495,6288107.571428572,-1.0790754928447819
13.12839465755495,6437820.775510205,-1.0790754928447819
13.12839465755495,6587533.979591837,-1.0790754928447819
13.12839465755495,6737247.183673469,-1.0790754928447819
13.12839465755495,6886960.3877551025,-1.0790754928447819
13.12839465755495,7036673.591836736,-1.0790754928447819
13.12839465755495,7186386.795918368,-1.0790754928447819
13.12839465755495,7336100,-1.0790754928447819
10.848567836981815,153,-1.0416609082724595
11.407298402033103,149866.20408163266,-1.0416609082724595
11.407298402033103,299579.4081632653,-1.0416609082724595
13.130947292195044,449292.612244898,-1.0416609082724595
13.130947292195044,599005.8163265307,-1.0416609082724595
13.130947292195044,748719.0204081633,-1.0416609082724595
13.130947292195044,898432.224489796,-1.0416609082724595
13.130947292195044,1048145.4285714286,-1.0416609082724595
13.130947292195044,1197858.6326530613,-1.0416609082724595
13.130947292195044,1347571.836734694,-1.0416609082724595
13.130947292195044,1497285.0408163266,-1.0416609082724595
13.130947292195044,1646998.2448979593,-1.0416609082724595
13.130947292195044,1796711.448979592,-1.0416609082724595
13.130947292195044,1946424.6530612246,-1.0416609082724595
13.130947292195044,2096137.8571428573,-1.0416609082724595
13.130947292195044,2245851.06122449,-1.0416609082724595
13.130947292195044,2395564.2653061226,-1.0416609082724595
13.130947292195044,2545277.4693877553,-1.0416609082724595
13.130947292195044,2694990.673469388,-1.0416609082724595
13.130947292195044,2844703.8775510206,-1.0416609082724595
13.130947292195044,2994417.0816326533,-1.0416609082724595
13.130947292195044,3144130.285714286,-1.0416609082724595
13.130947292195044,3293843.4897959186,-1.0416609082724595
13.130947292195044,3443556.6938775512,-1.0416609082724595
13.130947292195044,3593269.897959184,-1.0416609082724595
13.12839465755495,3742983.1020408166,-1.0416609082724595
13.12839465755495,3892696.306122449,-1.0416609082724595
13.12839465755495,4042409.510204082,-1.0416609082724595
13.12839465755495,4192122.7142857146,-1.0416609082724595
13.12839465755495,4341835.918367347,-1.0416609082724595
13.12839465755495,4491549.12244898,-1.0416609082724595
13.12839465755495,4641262.326530613,-1.0416609082724595
13.12839465755495,4790975.530612245,-1.0416609082724595
13.12839465755495,4940688.734693877,-1.0416609082724595
13.12839465755495,5090401.9387755105,-1.0416609082724595
13.12839465755495,5240115.142857144,-1.0416609082724595
13.12839465755495,5389828.346938776,-1.0416609082724595
13.12839465755495,5539541.551020408,-1.0416609082724595
13.12839465755495,5689254.755102041,-1.0416609082724595
13.12839465755495,5838967.959183674,-1.0416609082724595
13.12839465755495,5988681.1632653065,-1.0416609082724595
13.12839465755495,6138394.367346939,-1.0416609082724595
13.12839465755495,6288107.571428572,-1.0416609082724595
13.12839465755495,6437820.775510205,-1.0416609082724595
13.12839465755495,6587533.979591837,-1.0416609082724595
13.12839465755495,6737247.183673469,-1.0416609082724595
13.12839465755495,6886960.3877551025,-1.0416609082724595
13.12839465755495,7036673.591836736,-1.0416609082724595
13.12839465755495,7186386.795918368,-1.0416609082724595
13.12839465755495,7336100,-1.0416609082724595
10.848567836981815,153,-1.0042463237001371
11.407298402033103,149866.20408163266,-1.0042463237001371
11.407298402033103,299579.4081632653,-1.0042463237001371
13.130947292195044,449292.612244898,-1.0042463237001371
13.130947292195044,599005.8163265307,-1.0042463237001371
13.130947292195044,748719.0204081633,-1.0042463237001371
13.130947292195044,898432.224489796,-1.0042463237001371
13.130947292195044,1048145.4285714286,-1.0042463237001371
13.130947292195044,1197858.6326530613,-1.0042463237001371
13.130947292195044,1347571.836734694,-1.0042463237001371
13.130947292195044,1497285.0408163266,-1.0042463237001371
13.130947292195044,1646998.2448979593,-1.0042463237001371
13.130947292195044,1796711.448979592,-1.0042463237001371
13.130947292195044,1946424.6530612246,-1.0042463237001371
13.130947292195044,2096137.8571428573,-1.0042463237001371
13.130947292195044,2245851.06122449,-1.0042463237001371
13.130947292195044,2395564.2653061226,-1.0042463237001371
13.130947292195044,2545277.4693877553,-1.0042463237001371
13.130947292195044,2694990.673469388,-1.0042463237001371
13.130947292195044,2844703.8775510206,-1.0042463237001371
13.130947292195044,2994417.0816326533,-1.0042463237001371
13.130947292195044,3144130.285714286,-1.0042463237001371
13.130947292195044,3293843.4897959186,-1.0042463237001371
13.130947292195044,3443556.6938775512,-1.0042463237001371
13.130947292195044,3593269.897959184,-1.0042463237001371
13.12839465755495,3742983.1020408166,-1.0042463237001371
13.12839465755495,3892696.306122449,-1.0042463237001371
13.12839465755495,4042409.510204082,-1.0042463237001371
13.12839465755495,4192122.7142857146,-1.0042463237001371
13.12839465755495,4341835.918367347,-1.0042463237001371
13.12839465755495,4491549.12244898,-1.0042463237001371
13.12839465755495,4641262.326530613,-1.0042463237001371
13.12839465755495,4790975.530612245,-1.0042463237001371
13.12839465755495,4940688.734693877,-1.0042463237001371
13.12839465755495,5090401.9387755105,-1.0042463237001371
13.12839465755495,5240115.142857144,-1.0042463237001371
13.12839465755495,5389828.346938776,-1.0042463237001371
13.12839465755495,5539541.551020408,-1.0042463237001371
13.12839465755495,5689254.755102041,-1.0042463237001371
13.12839465755495,5838967.959183674,-1.0042463237001371
13.12839465755495,5988681.1632653065,-1.0042463237001371
13.12839465755495,6138394.367346939,-1.0042463237001371
13.12839465755495,6288107.571428572,-1.0042463237001371
13.12839465755495,6437820.775510205,-1.0042463237001371
13.12839465755495,6587533.979591837,-1.0042463237001371
13.12839465755495,6737247.183673469,-1.0042463237001371
13.12839465755495,6886960.3877551025,-1.0042463237001371
13.12839465755495,7036673.591836736,-1.0042463237001371
13.12839465755495,7186386.795918368,-1.0042463237001371
13.12839465755495,7336100,-1.0042463237001371
10.848567836981815,153,-0.9668317391278147
11.407298402033103,149866.20408163266,-0.9668317391278147
11.407298402033103,299579.4081632653,-0.9668317391278147
13.130947292195044,449292.612244898,-0.9668317391278147
13.130947292195044,599005.8163265307,-0.9668317391278147
13.130947292195044,748719.0204081633,-0.9668317391278147
13.130947292195044,898432.224489796,-0.9668317391278147
13.130947292195044,1048145.4285714286,-0.9668317391278147
13.130947292195044,1197858.6326530613,-0.9668317391278147
13.130947292195044,1347571.836734694,-0.9668317391278147
13.130947292195044,1497285.0408163266,-0.9668317391278147
13.130947292195044,1646998.2448979593,-0.9668317391278147
13.130947292195044,1796711.448979592,-0.9668317391278147
13.130947292195044,1946424.6530612246,-0.9668317391278147
13.130947292195044,2096137.8571428573,-0.9668317391278147
13.130947292195044,2245851.06122449,-0.9668317391278147
13.130947292195044,2395564.2653061226,-0.9668317391278147
13.130947292195044,2545277.4693877553,-0.9668317391278147
13.130947292195044,2694990.673469388,-0.9668317391278147
13.130947292195044,2844703.8775510206,-0.9668317391278147
13.130947292195044,2994417.0816326533,-0.9668317391278147
13.130947292195044,3144130.285714286,-0.9668317391278147
13.130947292195044,3293843.4897959186,-0.9668317391278147
13.130947292195044,3443556.6938775512,-0.9668317391278147
13.130947292195044,3593269.897959184,-0.9668317391278147
13.12839465755495,3742983.1020408166,-0.9668317391278147
13.12839465755495,3892696.306122449,-0.9668317391278147
13.12839465755495,4042409.510204082,-0.9668317391278147
13.12839465755495,4192122.7142857146,-0.9668317391278147
13.12839465755495,4341835.918367347,-0.9668317391278147
13.12839465755495,4491549.12244898,-0.9668317391278147
13.12839465755495,4641262.326530613,-0.9668317391278147
13.12839465755495,4790975.530612245,-0.9668317391278147
13.12839465755495,4940688.734693877,-0.9668317391278147
13.12839465755495,5090401.9387755105,-0.9668317391278147
13.12839465755495,5240115.142857144,-0.9668317391278147
13.12839465755495,5389828.346938776,-0.9668317391278147
13.12839465755495,5539541.551020408,-0.9668317391278147
13.12839465755495,5689254.755102041,-0.9668317391278147
13.12839465755495,5838967.959183674,-0.9668317391278147
13.12839465755495,5988681.1632653065,-0.9668317391278147
13.12839465755495,6138394.367346939,-0.9668317391278147
13.12839465755495,6288107.571428572,-0.9668317391278147
13.12839465755495,6437820.775510205,-0.9668317391278147
13.12839465755495,6587533.979591837,-0.9668317391278147
13.12839465755495,6737247.183673469,-0.9668317391278147
13.12839465755495,6886960.3877551025,-0.9668317391278147
13.12839465755495,7036673.591836736,-0.9668317391278147
13.12839465755495,7186386.795918368,-0.9668317391278147
13.12839465755495,7336100,-0.9668317391278147
10.848567836981815,153,-0.9294171545554925
11.407298402033103,149866.20408163266,-0.9294171545554925
11.407298402033103,299579.4081632653,-0.9294171545554925
13.130947292195044,449292.612244898,-0.9294171545554925
13.130947292195044,599005.8163265307,-0.9294171545554925
13.130947292195044,748719.0204081633,-0.9294171545554925
13.130947292195044,898432.224489796,-0.9294171545554925
13.130947292195044,1048145.4285714286,-0.9294171545554925
13.130947292195044,1197858.6326530613,-0.9294171545554925
13.130947292195044,1347571.836734694,-0.9294171545554925
13.130947292195044,1497285.0408163266,-0.9294171545554925
13.130947292195044,1646998.2448979593,-0.9294171545554925
13.130947292195044,1796711.448979592,-0.9294171545554925
13.130947292195044,1946424.6530612246,-0.9294171545554925
13.130947292195044,2096137.8571428573,-0.9294171545554925
13.130947292195044,2245851.06122449,-0.9294171545554925
13.130947292195044,2395564.2653061226,-0.9294171545554925
13.130947292195044,2545277.4693877553,-0.9294171545554925
13.130947292195044,2694990.673469388,-0.9294171545554925
13.130947292195044,2844703.8775510206,-0.9294171545554925
13.130947292195044,2994417.0816326533,-0.9294171545554925
13.130947292195044,3144130.285714286,-0.9294171545554925
13.130947292195044,3293843.4897959186,-0.9294171545554925
13.130947292195044,3443556.6938775512,-0.9294171545554925
13.130947292195044,3593269.897959184,-0.9294171545554925
13.12839465755495,3742983.1020408166,-0.9294171545554925
13.12839465755495,3892696.306122449,-0.9294171545554925
13.12839465755495,4042409.510204082,-0.9294171545554925
13.12839465755495,4192122.7142857146,-0.9294171545554925
13.12839465755495,4341835.918367347,-0.9294171545554925
13.12839465755495,4491549.12244898,-0.9294171545554925
13.12839465755495,4641262.326530613,-0.9294171545554925
13.12839465755495,4790975.530612245,-0.9294171545554925
13.12839465755495,4940688.734693877,-0.9294171545554925
13.12839465755495,5090401.9387755105,-0.9294171545554925
13.12839465755495,5240115.142857144,-0.9294171545554925
13.12839465755495,5389828.346938776,-0.9294171545554925
13.12839465755495,5539541.551020408,-0.9294171545554925
13.12839465755495,5689254.755102041,-0.9294171545554925
13.12839465755495,5838967.959183674,-0.9294171545554925
13.12839465755495,5988681.1632653065,-0.9294171545554925
13.12839465755495,6138394.367346939,-0.9294171545554925
13.12839465755495,6288107.571428572,-0.9294171545554925
13.12839465755495,6437820.775510205,-0.9294171545554925
13.12839465755495,6587533.979591837,-0.9294171545554925
13.12839465755495,6737247.183673469,-0.9294171545554925
13.12839465755495,6886960.3877551025,-0.9294171545554925
13.12839465755495,7036673.591836736,-0.9294171545554925
13.12839465755495,7186386.795918368,-0.9294171545554925
13.12839465755495,7336100,-0.9294171545554925
10.848567836981815,153,-0.8920025699831701
11.407298402033103,149866.20408163266,-0.8920025699831701
11.407298402033103,299579.4081632653,-0.8920025699831701
13.130947292195044,449292.612244898,-0.8920025699831701
13.130947292195044,599005.8163265307,-0.8920025699831701
13.130947292195044,748719.0204081633,-0.8920025699831701
13.130947292195044,898432.224489796,-0.8920025699831701
13.130947292195044,1048145.4285714286,-0.8920025699831701
13.130947292195044,1197858.6326530613,-0.8920025699831701
13.130947292195044,1347571.836734694,-0.8920025699831701
13.130947292195044,1497285.0408163266,-0.8920025699831701
13.130947292195044,1646998.2448979593,-0.8920025699831701
13.130947292195044,1796711.448979592,-0.8920025699831701
13.130947292195044,1946424.6530612246,-0.8920025699831701
13.130947292195044,2096137.8571428573,-0.8920025699831701
13.130947292195044,2245851.06122449,-0.8920025699831701
13.130947292195044,2395564.2653061226,-0.8920025699831701
13.130947292195044,2545277.4693877553,-0.8920025699831701
13.130947292195044,2694990.673469388,-0.8920025699831701
13.130947292195044,2844703.8775510206,-0.8920025699831701
13.130947292195044,2994417.0816326533,-0.8920025699831701
13.130947292195044,3144130.285714286,-0.8920025699831701
13.130947292195044,3293843.4897959186,-0.8920025699831701
13.130947292195044,3443556.6938775512,-0.8920025699831701
13.130947292195044,3593269.897959184,-0.8920025699831701
13.12839465755495,3742983.1020408166,-0.8920025699831701
13.12839465755495,3892696.306122449,-0.8920025699831701
13.12839465755495,4042409.510204082,-0.8920025699831701
13.12839465755495,4192122.7142857146,-0.8920025699831701
13.12839465755495,4341835.918367347,-0.8920025699831701
13.12839465755495,4491549.12244898,-0.8920025699831701
13.12839465755495,4641262.326530613,-0.8920025699831701
13.12839465755495,4790975.530612245,-0.8920025699831701
13.12839465755495,4940688.734693877,-0.8920025699831701
13.12839465755495,5090401.9387755105,-0.8920025699831701
13.12839465755495,5240115.142857144,-0.8920025699831701
13.12839465755495,5389828.346938776,-0.8920025699831701
13.12839465755495,5539541.551020408,-0.8920025699831701
13.12839465755495,5689254.755102041,-0.8920025699831701
13.12839465755495,5838967.959183674,-0.8920025699831701
13.12839465755495,5988681.1632653065,-0.8920025699831701
13.12839465755495,6138394.367346939,-0.8920025699831701
13.12839465755495,6288107.571428572,-0.8920025699831701
13.12839465755495,6437820.775510205,-0.8920025699831701
13.12839465755495,6587533.979591837,-0.8920025699831701
13.12839465755495,6737247.183673469,-0.8920025699831701
13.12839465755495,6886960.3877551025,-0.8920025699831701
13.12839465755495,7036673.591836736,-0.8920025699831701
13.12839465755495,7186386.795918368,-0.8920025699831701
13.12839465755495,7336100,-0.8920025699831701
10.848567836981815,153,-0.8545879854108478
11.407298402033103,149866.20408163266,-0.8545879854108478
11.407298402033103,299579.4081632653,-0.8545879854108478
13.130947292195044,449292.612244898,-0.8545879854108478
13.130947292195044,599005.8163265307,-0.8545879854108478
13.130947292195044,748719.0204081633,-0.8545879854108478
13.130947292195044,898432.224489796,-0.8545879854108478
13.130947292195044,1048145.4285714286,-0.8545879854108478
13.130947292195044,1197858.6326530613,-0.8545879854108478
13.130947292195044,1347571.836734694,-0.8545879854108478
13.130947292195044,1497285.0408163266,-0.8545879854108478
13.130947292195044,1646998.2448979593,-0.8545879854108478
13.130947292195044,1796711.448979592,-0.8545879854108478
13.130947292195044,1946424.6530612246,-0.8545879854108478
13.130947292195044,2096137.8571428573,-0.8545879854108478
13.130947292195044,2245851.06122449,-0.8545879854108478
13.130947292195044,2395564.2653061226,-0.8545879854108478
13.130947292195044,2545277.4693877553,-0.8545879854108478
13.130947292195044,2694990.673469388,-0.8545879854108478
13.130947292195044,2844703.8775510206,-0.8545879854108478
13.130947292195044,2994417.0816326533,-0.8545879854108478
13.130947292195044,3144130.285714286,-0.8545879854108478
13.130947292195044,3293843.4897959186,-0.8545879854108478
13.130947292195044,3443556.6938775512,-0.8545879854108478
13.130947292195044,3593269.897959184,-0.8545879854108478
13.12839465755495,3742983.1020408166,-0.8545879854108478
13.12839465755495,3892696.306122449,-0.8545879854108478
13.12839465755495,4042409.510204082,-0.8545879854108478
13.12839465755495,4192122.7142857146,-0.8545879854108478
13.12839465755495,4341835.918367347,-0.8545879854108478
13.12839465755495,4491549.12244898,-0.8545879854108478
13.12839465755495,4641262.326530613,-0.8545879854108478
13.12839465755495,4790975.530612245,-0.8545879854108478
13.12839465755495,4940688.734693877,-0.8545879854108478
13.12839465755495,5090401.9387755105,-0.8545879854108478
13.12839465755495,5240115.142857144,-0.8545879854108478
13.12839465755495,5389828.346938776,-0.8545879854108478
13.12839465755495,5539541.551020408,-0.8545879854108478
13.12839465755495,5689254.755102041,-0.8545879854108478
13.12839465755495,5838967.959183674,-0.8545879854108478
13.12839465755495,5988681.1632653065,-0.8545879854108478
13.12839465755495,6138394.367346939,-0.8545879854108478
13.12839465755495,6288107.571428572,-0.8545879854108478
13.12839465755495,6437820.775510205,-0.8545879854108478
13.12839465755495,6587533.979591837,-0.8545879854108478
13.12839465755495,6737247.183673469,-0.8545879854108478
13.12839465755495,6886960.3877551025,-0.8545879854108478
13.12839465755495,7036673.591836736,-0.8545879854108478
13.12839465755495,7186386.795918368,-0.8545879854108478
13.12839465755495,7336100,-0.8545879854108478
10.848567836981815,153,-0.8171734008385254
11.407298402033103,149866.20408163266,-0.8171734008385254
11.407298402033103,299579.4081632653,-0.8171734008385254
13.130947292195044,449292.612244898,-0.8171734008385254
13.130947292195044,599005.8163265307,-0.8171734008385254
13.130947292195044,748719.0204081633,-0.8171734008385254
13.130947292195044,898432.224489796,-0.8171734008385254
13.130947292195044,1048145.4285714286,-0.8171734008385254
13.130947292195044,1197858.6326530613,-0.8171734008385254
13.130947292195044,1347571.836734694,-0.8171734008385254
13.130947292195044,1497285.0408163266,-0.8171734008385254
13.130947292195044,1646998.2448979593,-0.8171734008385254
13.130947292195044,1796711.448979592,-0.8171734008385254
13.130947292195044,1946424.6530612246,-0.8171734008385254
13.130947292195044,2096137.8571428573,-0.8171734008385254
13.130947292195044,2245851.06122449,-0.8171734008385254
13.130947292195044,2395564.2653061226,-0.8171734008385254
13.130947292195044,2545277.4693877553,-0.8171734008385254
13.130947292195044,2694990.673469388,-0.8171734008385254
13.130947292195044,2844703.8775510206,-0.8171734008385254
13.130947292195044,2994417.0816326533,-0.8171734008385254
13.130947292195044,3144130.285714286,-0.8171734008385254
13.130947292195044,3293843.4897959186,-0.8171734008385254
13.130947292195044,3443556.6938775512,-0.8171734008385254
13.130947292195044,3593269.897959184,-0.8171734008385254
13.12839465755495,3742983.1020408166,-0.8171734008385254
13.12839465755495,3892696.306122449,-0.8171734008385254
13.12839465755495,4042409.510204082,-0.8171734008385254
13.12839465755495,4192122.7142857146,-0.8171734008385254
13.12839465755495,4341835.918367347,-0.8171734008385254
13.12839465755495,4491549.12244898,-0.8171734008385254
13.12839465755495,4641262.326530613,-0.8171734008385254
13.12839465755495,4790975.530612245,-0.8171734008385254
13.12839465755495,4940688.734693877,-0.8171734008385254
13.12839465755495,5090401.9387755105,-0.8171734008385254
13.12839465755495,5240115.142857144,-0.8171734008385254
13.12839465755495,5389828.346938776,-0.8171734008385254
13.12839465755495,5539541.551020408,-0.8171734008385254
13.12839465755495,5689254.755102041,-0.8171734008385254
13.12839465755495,5838967.959183674,-0.8171734008385254
13.12839465755495,5988681.1632653065,-0.8171734008385254
13.12839465755495,6138394.367346939,-0.8171734008385254
13.12839465755495,6288107.571428572,-0.8171734008385254
13.12839465755495,6437820.775510205,-0.8171734008385254
13.12839465755495,6587533.979591837,-0.8171734008385254
13.12839465755495,6737247.183673469,-0.8171734008385254
13.12839465755495,6886960.3877551025,-0.8171734008385254
13.12839465755495,7036673.591836736,-0.8171734008385254
13.12839465755495,7186386.795918368,-0.8171734008385254
13.12839465755495,7336100,-0.8171734008385254
10.848567836981815,153,-0.779758816266203
11.407298402033103,149866.20408163266,-0.779758816266203
11.407298402033103,299579.4081632653,-0.779758816266203
13.130947292195044,449292.612244898,-0.779758816266203
13.130947292195044,599005.8163265307,-0.779758816266203
13.130947292195044,748719.0204081633,-0.779758816266203
13.130947292195044,898432.224489796,-0.779758816266203
13.130947292195044,1048145.4285714286,-0.779758816266203
13.130947292195044,1197858.6326530613,-0.779758816266203
13.130947292195044,1347571.836734694,-0.779758816266203
13.130947292195044,1497285.0408163266,-0.779758816266203
13.130947292195044,1646998.2448979593,-0.779758816266203
13.130947292195044,1796711.448979592,-0.779758816266203
13.130947292195044,1946424.6530612246,-0.779758816266203
13.130947292195044,2096137.8571428573,-0.779758816266203
13.130947292195044,2245851.06122449,-0.779758816266203
13.130947292195044,2395564.2653061226,-0.779758816266203
13.130947292195044,2545277.4693877553,-0.779758816266203
13.130947292195044,2694990.673469388,-0.779758816266203
13.130947292195044,2844703.8775510206,-0.779758816266203
13.130947292195044,2994417.0816326533,-0.779758816266203
13.130947292195044,3144130.285714286,-0.779758816266203
13.130947292195044,3293843.4897959186,-0.779758816266203
13.130947292195044,3443556.6938775512,-0.779758816266203
13.130947292195044,3593269.897959184,-0.779758816266203
13.12839465755495,3742983.1020408166,-0.779758816266203
13.12839465755495,3892696.306122449,-0.779758816266203
13.12839465755495,4042409.510204082,-0.779758816266203
13.12839465755495,4192122.7142857146,-0.779758816266203
13.12839465755495,4341835.918367347,-0.779758816266203
13.12839465755495,4491549.12244898,-0.779758816266203
13.12839465755495,4641262.326530613,-0.779758816266203
13.12839465755495,4790975.530612245,-0.779758816266203
13.12839465755495,4940688.734693877,-0.779758816266203
13.12839465755495,5090401.9387755105,-0.779758816266203
13.12839465755495,5240115.142857144,-0.779758816266203
13.12839465755495,5389828.346938776,-0.779758816266203
13.12839465755495,5539541.551020408,-0.779758816266203
13.12839465755495,5689254.755102041,-0.779758816266203
13.12839465755495,5838967.959183674,-0.779758816266203
13.12839465755495,5988681.1632653065,-0.779758816266203
13.12839465755495,6138394.367346939,-0.779758816266203
13.12839465755495,6288107.571428572,-0.779758816266203
13.12839465755495,6437820.775510205,-0.779758816266203
13.12839465755495,6587533.979591837,-0.779758816266203
13.12839465755495,6737247.183673469,-0.779758816266203
13.12839465755495,6886960.3877551025,-0.779758816266203
13.12839465755495,7036673.591836736,-0.779758816266203
13.12839465755495,7186386.795918368,-0.779758816266203
13.12839465755495,7336100,-0.779758816266203
10.848567836981815,153,-0.7423442316938806
11.407298402033103,149866.20408163266,-0.7423442316938806
11.407298402033103,299579.4081632653,-0.7423442316938806
13.130947292195044,449292.612244898,-0.7423442316938806
13.130947292195044,599005.8163265307,-0.7423442316938806
13.130947292195044,748719.0204081633,-0.7423442316938806
13.130947292195044,898432.224489796,-0.7423442316938806
13.130947292195044,1048145.4285714286,-0.7423442316938806
13.130947292195044,1197858.6326530613,-0.7423442316938806
13.130947292195044,1347571.836734694,-0.7423442316938806
13.130947292195044,1497285.0408163266,-0.7423442316938806
13.130947292195044,1646998.2448979593,-0.7423442316938806
13.130947292195044,1796711.448979592,-0.7423442316938806
13.130947292195044,1946424.6530612246,-0.7423442316938806
13.130947292195044,2096137.8571428573,-0.7423442316938806
13.130947292195044,2245851.06122449,-0.7423442316938806
13.130947292195044,2395564.2653061226,-0.7423442316938806
13.130947292195044,2545277.4693877553,-0.7423442316938806
13.130947292195044,2694990.673469388,-0.7423442316938806
13.130947292195044,2844703.8775510206,-0.7423442316938806
13.130947292195044,2994417.0816326533,-0.7423442316938806
13.130947292195044,3144130.285714286,-0.7423442316938806
13.130947292195044,3293843.4897959186,-0.7423442316938806
13.130947292195044,3443556.6938775512,-0.7423442316938806
13.130947292195044,3593269.897959184,-0.7423442316938806
13.12839465755495,3742983.1020408166,-0.7423442316938806
13.12839465755495,3892696.306122449,-0.7423442316938806
13.12839465755495,4042409.510204082,-0.7423442316938806
13.12839465755495,4192122.7142857146,-0.7423442316938806
13.12839465755495,4341835.918367347,-0.7423442316938806
13.12839465755495,4491549.12244898,-0.7423442316938806
13.12839465755495,4641262.326530613,-0.7423442316938806
13.12839465755495,4790975.530612245,-0.7423442316938806
13.12839465755495,4940688.734693877,-0.7423442316938806
13.12839465755495,5090401.9387755105,-0.7423442316938806
13.12839465755495,5240115.142857144,-0.7423442316938806
13.12839465755495,5389828.346938776,-0.7423442316938806
13.12839465755495,5539541.551020408,-0.7423442316938806
13.12839465755495,5689254.755102041,-0.7423442316938806
13.12839465755495,5838967.959183674,-0.7423442316938806
13.12839465755495,5988681.1632653065,-0.7423442316938806
13.12839465755495,6138394.367346939,-0.7423442316938806
13.12839465755495,6288107.571428572,-0.7423442316938806
13.12839465755495,6437820.775510205,-0.7423442316938806
13.12839465755495,6587533.979591837,-0.7423442316938806
13.12839465755495,6737247.183673469,-0.7423442316938806
13.12839465755495,6886960.3877551025,-0.7423442316938806
13.12839465755495,7036673.591836736,-0.7423442316938806
13.12839465755495,7186386.795918368,-0.7423442316938806
13.12839465755495,7336100,-0.7423442316938806
10.848567836981815,153,-0.7049296471215583
11.407298402033103,149866.20408163266,-0.7049296471215583
11.407298402033103,299579.4081632653,-0.7049296471215583
13.130947292195044,449292.612244898,-0.7049296471215583
13.130947292195044,599005.8163265307,-0.7049296471215583
13.130947292195044,748719.0204081633,-0.7049296471215583
13.130947292195044,898432.224489796,-0.7049296471215583
13.130947292195044,1048145.4285714286,-0.7049296471215583
13.130947292195044,1197858.6326530613,-0.7049296471215583
13.130947292195044,1347571.836734694,-0.7049296471215583
13.130947292195044,1497285.0408163266,-0.7049296471215583
13.130947292195044,1646998.2448979593,-0.7049296471215583
13.130947292195044,1796711.448979592,-0.7049296471215583
13.130947292195044,1946424.6530612246,-0.7049296471215583
13.130947292195044,2096137.8571428573,-0.7049296471215583
13.130947292195044,2245851.06122449,-0.7049296471215583
13.130947292195044,2395564.2653061226,-0.7049296471215583
13.130947292195044,2545277.4693877553,-0.7049296471215583
13.130947292195044,2694990.673469388,-0.7049296471215583
13.130947292195044,2844703.8775510206,-0.7049296471215583
13.130947292195044,2994417.0816326533,-0.7049296471215583
13.130947292195044,3144130.285714286,-0.7049296471215583
13.130947292195044,3293843.4897959186,-0.7049296471215583
13.130947292195044,3443556.6938775512,-0.7049296471215583
13.130947292195044,3593269.897959184,-0.7049296471215583
13.12839465755495,3742983.1020408166,-0.7049296471215583
13.12839465755495,3892696.306122449,-0.7049296471215583
13.12839465755495,4042409.510204082,-0.7049296471215583
13.12839465755495,4192122.7142857146,-0.7049296471215583
13.12839465755495,4341835.918367347,-0.7049296471215583
13.12839465755495,4491549.12244898,-0.7049296471215583
13.12839465755495,4641262.326530613,-0.7049296471215583
13.12839465755495,4790975.530612245,-0.7049296471215583
13.12839465755495,4940688.734693877,-0.7049296471215583
13.12839465755495,5090401.9387755105,-0.7049296471215583
13.12839465755495,5240115.142857144,-0.7049296471215583
13.12839465755495,5389828.346938776,-0.7049296471215583
13.12839465755495,5539541.551020408,-0.7049296471215583
13.12839465755495,5689254.755102041,-0.7049296471215583
13.12839465755495,5838967.959183674,-0.7049296471215583
13.12839465755495,5988681.1632653065,-0.7049296471215583
13.12839465755495,6138394.367346939,-0.7049296471215583
13.12839465755495,6288107.571428572,-0.7049296471215583
13.12839465755495,6437820.775510205,-0.7049296471215583
13.12839465755495,6587533.979591837,-0.7049296471215583
13.12839465755495,6737247.183673469,-0.7049296471215583
13.12839465755495,6886960.3877551025,-0.7049296471215583
13.12839465755495,7036673.591836736,-0.7049296471215583
13.12839465755495,7186386.795918368,-0.7049296471215583
13.12839465755495,7336100,-0.7049296471215583
10.848567836981815,153,-0.6675150625492359
11.407298402033103,149866.20408163266,-0.6675150625492359
11.407298402033103,299579.4081632653,-0.6675150625492359
13.130947292195044,449292.612244898,-0.6675150625492359
13.130947292195044,599005.8163265307,-0.6675150625492359
13.130947292195044,748719.0204081633,-0.6675150625492359
13.130947292195044,898432.224489796,-0.6675150625492359
13.130947292195044,1048145.4285714286,-0.6675150625492359
13.130947292195044,1197858.6326530613,-0.6675150625492359
13.130947292195044,1347571.836734694,-0.6675150625492359
13.130947292195044,1497285.0408163266,-0.6675150625492359
13.130947292195044,1646998.2448979593,-0.6675150625492359
13.130947292195044,1796711.448979592,-0.6675150625492359
13.130947292195044,1946424.6530612246,-0.6675150625492359
13.130947292195044,2096137.8571428573,-0.6675150625492359
13.130947292195044,2245851.06122449,-0.6675150625492359
13.130947292195044,2395564.2653061226,-0.6675150625492359
13.130947292195044,2545277.4693877553,-0.6675150625492359
13.130947292195044,2694990.673469388,-0.6675150625492359
13.130947292195044,2844703.8775510206,-0.6675150625492359
13.130947292195044,2994417.0816326533,-0.6675150625492359
13.130947292195044,3144130.285714286,-0.6675150625492359
13.130947292195044,3293843.4897959186,-0.6675150625492359
13.130947292195044,3443556.6938775512,-0.6675150625492359
13.130947292195044,3593269.897959184,-0.6675150625492359
13.12839465755495,3742983.1020408166,-0.6675150625492359
13.12839465755495,3892696.306122449,-0.6675150625492359
13.12839465755495,4042409.510204082,-0.6675150625492359
13.12839465755495,4192122.7142857146,-0.6675150625492359
13.12839465755495,4341835.918367347,-0.6675150625492359
13.12839465755495,4491549.12244898,-0.6675150625492359
13.12839465755495,4641262.326530613,-0.6675150625492359
13.12839465755495,4790975.530612245,-0.6675150625492359
13.12839465755495,4940688.734693877,-0.6675150625492359
13.12839465755495,5090401.9387755105,-0.6675150625492359
13.12839465755495,5240115.142857144,-0.6675150625492359
13.12839465755495,5389828.346938776,-0.6675150625492359
13.12839465755495,5539541.551020408,-0.6675150625492359
13.12839465755495,5689254.755102041,-0.6675150625492359
13.12839465755495,5838967.959183674,-0.6675150625492359
13.12839465755495,5988681.1632653065,-0.6675150625492359
13.12839465755495,6138394.367346939,-0.6675150625492359
13.12839465755495,6288107.571428572,-0.6675150625492359
13.12839465755495,6437820.775510205,-0.6675150625492359
13.12839465755495,6587533.979591837,-0.6675150625492359
13.12839465755495,6737247.183673469,-0.6675150625492359
13.12839465755495,6886960.3877551025,-0.6675150625492359
13.12839465755495,7036673.591836736,-0.6675150625492359
13.12839465755495,7186386.795918368,-0.6675150625492359
13.12839465755495,7336100,-0.6675150625492359
10.848567836981815,153,-0.6301004779769135
11.407298402033103,149866.20408163266,-0.6301004779769135
11.407298402033103,299579.4081632653,-0.6301004779769135
13.130947292195044,449292.612244898,-0.6301004779769135
13.130947292195044,599005.8163265307,-0.6301004779769135
13.130947292195044,748719.0204081633,-0.6301004779769135
13.130947292195044,898432.224489796,-0.6301004779769135
13.130947292195044,1048145.4285714286,-0.6301004779769135
13.130947292195044,1197858.6326530613,-0.6301004779769135
13.130947292195044,1347571.836734694,-0.6301004779769135
13.130947292195044,1497285.0408163266,-0.6301004779769135
13.130947292195044,1646998.2448979593,-0.6301004779769135
13.130947292195044,1796711.448979592,-0.6301004779769135
13.130947292195044,1946424.6530612246,-0.6301004779769135
13.130947292195044,2096137.8571428573,-0.6301004779769135
13.130947292195044,2245851.06122449,-0.6301004779769135
13.130947292195044,2395564.2653061226,-0.6301004779769135
13.130947292195044,2545277.4693877553,-0.6301004779769135
13.130947292195044,2694990.673469388,-0.6301004779769135
13.130947292195044,2844703.8775510206,-0.6301004779769135
13.130947292195044,2994417.0816326533,-0.6301004779769135
13.130947292195044,3144130.285714286,-0.6301004779769135
13.130947292195044,3293843.4897959186,-0.6301004779769135
13.130947292195044,3443556.6938775512,-0.6301004779769135
13.130947292195044,3593269.897959184,-0.6301004779769135
13.12839465755495,3742983.1020408166,-0.6301004779769135
13.12839465755495,3892696.306122449,-0.6301004779769135
13.12839465755495,4042409.510204082,-0.6301004779769135
13.12839465755495,4192122.7142857146,-0.6301004779769135
13.12839465755495,4341835.918367347,-0.6301004779769135
13.12839465755495,4491549.12244898,-0.6301004779769135
13.12839465755495,4641262.326530613,-0.6301004779769135
13.12839465755495,4790975.530612245,-0.6301004779769135
13.12839465755495,4940688.734693877,-0.6301004779769135
13.12839465755495,5090401.9387755105,-0.6301004779769135
13.12839465755495,5240115.142857144,-0.6301004779769135
13.12839465755495,5389828.346938776,-0.6301004779769135
13.12839465755495,5539541.551020408,-0.6301004779769135
13.12839465755495,5689254.755102041,-0.6301004779769135
13.12839465755495,5838967.959183674,-0.6301004779769135
13.12839465755495,5988681.1632653065,-0.6301004779769135
13.12839465755495,6138394.367346939,-0.6301004779769135
13.12839465755495,6288107.571428572,-0.6301004779769135
13.12839465755495,6437820.775510205,-0.6301004779769135
13.12839465755495,6587533.979591837,-0.6301004779769135
13.12839465755495,6737247.183673469,-0.6301004779769135
13.12839465755495,6886960.3877551025,-0.6301004779769135
13.12839465755495,7036673.591836736,-0.6301004779769135
13.12839465755495,7186386.795918368,-0.6301004779769135
13.12839465755495,7336100,-0.6301004779769135
10.848567836981815,153,-0.5926858934045911
11.407298402033103,149866.20408163266,-0.5926858934045911
11.407298402033103,299579.4081632653,-0.5926858934045911
13.130947292195044,449292.612244898,-0.5926858934045911
13.130947292195044,599005.8163265307,-0.5926858934045911
13.130947292195044,748719.0204081633,-0.5926858934045911
13.130947292195044,898432.224489796,-0.5926858934045911
13.130947292195044,1048145.4285714286,-0.5926858934045911
13.130947292195044,1197858.6326530613,-0.5926858934045911
13.130947292195044,1347571.836734694,-0.5926858934045911
13.130947292195044,1497285.0408163266,-0.5926858934045911
13.130947292195044,1646998.2448979593,-0.5926858934045911
13.130947292195044,1796711.448979592,-0.5926858934045911
13.130947292195044,1946424.6530612246,-0.5926858934045911
13.130947292195044,2096137.8571428573,-0.5926858934045911
13.130947292195044,2245851.06122449,-0.5926858934045911
13.130947292195044,2395564.2653061226,-0.5926858934045911
13.130947292195044,2545277.4693877553,-0.5926858934045911
13.130947292195044,2694990.673469388,-0.5926858934045911
13.130947292195044,2844703.8775510206,-0.5926858934045911
13.130947292195044,2994417.0816326533,-0.5926858934045911
13.130947292195044,3144130.285714286,-0.5926858934045911
13.130947292195044,3293843.4897959186,-0.5926858934045911
13.130947292195044,3443556.6938775512,-0.5926858934045911
13.130947292195044,3593269.897959184,-0.5926858934045911
13.12839465755495,3742983.1020408166,-0.5926858934045911
13.12839465755495,3892696.306122449,-0.5926858934045911
13.12839465755495,4042409.510204082,-0.5926858934045911
13.12839465755495,4192122.7142857146,-0.5926858934045911
13.12839465755495,4341835.918367347,-0.5926858934045911
13.12839465755495,4491549.12244898,-0.5926858934045911
13.12839465755495,4641262.326530613,-0.5926858934045911
13.12839465755495,4790975.530612245,-0.5926858934045911
13.12839465755495,4940688.734693877,-0.5926858934045911
13.12839465755495,5090401.9387755105,-0.5926858934045911
13.12839465755495,5240115.142857144,-0.5926858934045911
13.12839465755495,5389828.346938776,-0.5926858934045911
13.12839465755495,5539541.551020408,-0.5926858934045911
13.12839465755495,5689254.755102041,-0.5926858934045911
13.12839465755495,5838967.959183674,-0.5926858934045911
13.12839465755495,5988681.1632653065,-0.5926858934045911
13.12839465755495,6138394.367346939,-0.5926858934045911
13.12839465755495,6288107.571428572,-0.5926858934045911
13.12839465755495,6437820.775510205,-0.5926858934045911
13.12839465755495,6587533.979591837,-0.5926858934045911
13.12839465755495,6737247.183673469,-0.5926858934045911
13.12839465755495,6886960.3877551025,-0.5926858934045911
13.12839465755495,7036673.591836736,-0.5926858934045911
13.12839465755495,7186386.795918368,-0.5926858934045911
13.12839465755495,7336100,-0.5926858934045911
10.848567836981815,153,-0.5552713088322687
11.407298402033103,149866.20408163266,-0.5552713088322687
11.407298402033103,299579.4081632653,-0.5552713088322687
13.130947292195044,449292.612244898,-0.5552713088322687
13.130947292195044,599005.8163265307,-0.5552713088322687
13.130947292195044,748719.0204081633,-0.5552713088322687
13.130947292195044,898432.224489796,-0.5552713088322687
13.130947292195044,1048145.4285714286,-0.5552713088322687
13.130947292195044,1197858.6326530613,-0.5552713088322687
13.130947292195044,1347571.836734694,-0.5552713088322687
13.130947292195044,1497285.0408163266,-0.5552713088322687
13.130947292195044,1646998.2448979593,-0.5552713088322687
13.130947292195044,1796711.448979592,-0.5552713088322687
13.130947292195044,1946424.6530612246,-0.5552713088322687
13.130947292195044,2096137.8571428573,-0.5552713088322687
13.130947292195044,2245851.06122449,-0.5552713088322687
13.130947292195044,2395564.2653061226,-0.5552713088322687
13.130947292195044,2545277.4693877553,-0.5552713088322687
13.130947292195044,2694990.673469388,-0.5552713088322687
13.130947292195044,2844703.8775510206,-0.5552713088322687
13.130947292195044,2994417.0816326533,-0.5552713088322687
13.130947292195044,3144130.285714286,-0.5552713088322687
13.130947292195044,3293843.4897959186,-0.5552713088322687
13.130947292195044,3443556.6938775512,-0.5552713088322687
13.130947292195044,3593269.897959184,-0.5552713088322687
13.12839465755495,3742983.1020408166,-0.5552713088322687
13.12839465755495,3892696.306122449,-0.5552713088322687
13.12839465755495,4042409.510204082,-0.5552713088322687
13.12839465755495,4192122.7142857146,-0.5552713088322687
13.12839465755495,4341835.918367347,-0.5552713088322687
13.12839465755495,4491549.12244898,-0.5552713088322687
13.12839465755495,4641262.326530613,-0.5552713088322687
13.12839465755495,4790975.530612245,-0.5552713088322687
13.12839465755495,4940688.734693877,-0.5552713088322687
13.12839465755495,5090401.9387755105,-0.5552713088322687
13.12839465755495,5240115.142857144,-0.5552713088322687
13.12839465755495,5389828.346938776,-0.5552713088322687
13.12839465755495,5539541.551020408,-0.5552713088322687
13.12839465755495,5689254.755102041,-0.5552713088322687
13.12839465755495,5838967.959183674,-0.5552713088322687
13.12839465755495,5988681.1632653065,-0.5552713088322687
13.12839465755495,6138394.367346939,-0.5552713088322687
13.12839465755495,6288107.571428572,-0.5552713088322687
13.12839465755495,6437820.775510205,-0.5552713088322687
13.12839465755495,6587533.979591837,-0.5552713088322687
13.12839465755495,6737247.183673469,-0.5552713088322687
13.12839465755495,6886960.3877551025,-0.5552713088322687
13.12839465755495,7036673.591836736,-0.5552713088322687
13.12839465755495,7186386.795918368,-0.5552713088322687
13.12839465755495,7336100,-0.5552713088322687
10.848567836981815,153,-0.5178567242599463
11.407298402033103,149866.20408163266,-0.5178567242599463
11.407298402033103,299579.4081632653,-0.5178567242599463
13.130947292195044,449292.612244898,-0.5178567242599463
13.130947292195044,599005.8163265307,-0.5178567242599463
13.130947292195044,748719.0204081633,-0.5178567242599463
13.130947292195044,898432.224489796,-0.5178567242599463
13.130947292195044,1048145.4285714286,-0.5178567242599463
13.130947292195044,1197858.6326530613,-0.5178567242599463
13.130947292195044,1347571.836734694,-0.5178567242599463
13.130947292195044,1497285.0408163266,-0.5178567242599463
13.130947292195044,1646998.2448979593,-0.5178567242599463
13.130947292195044,1796711.448979592,-0.5178567242599463
13.130947292195044,1946424.6530612246,-0.5178567242599463
13.130947292195044,2096137.8571428573,-0.5178567242599463
13.130947292195044,2245851.06122449,-0.5178567242599463
13.130947292195044,2395564.2653061226,-0.5178567242599463
13.130947292195044,2545277.4693877553,-0.5178567242599463
13.130947292195044,2694990.673469388,-0.5178567242599463
13.130947292195044,2844703.8775510206,-0.5178567242599463
13.130947292195044,2994417.0816326533,-0.5178567242599463
13.130947292195044,3144130.285714286,-0.5178567242599463
13.130947292195044,3293843.4897959186,-0.5178567242599463
13.130947292195044,3443556.6938775512,-0.5178567242599463
13.130947292195044,3593269.897959184,-0.5178567242599463
13.12839465755495,3742983.1020408166,-0.5178567242599463
13.12839465755495,3892696.306122449,-0.5178567242599463
13.12839465755495,4042409.510204082,-0.5178567242599463
13.12839465755495,4192122.7142857146,-0.5178567242599463
13.12839465755495,4341835.918367347,-0.5178567242599463
13.12839465755495,4491549.12244898,-0.5178567242599463
13.12839465755495,4641262.326530613,-0.5178567242599463
13.12839465755495,4790975.530612245,-0.5178567242599463
13.12839465755495,4940688.734693877,-0.5178567242599463
13.12839465755495,5090401.9387755105,-0.5178567242599463
13.12839465755495,5240115.142857144,-0.5178567242599463
13.12839465755495,5389828.346938776,-0.5178567242599463
13.12839465755495,5539541.551020408,-0.5178567242599463
13.12839465755495,5689254.755102041,-0.5178567242599463
13.12839465755495,5838967.959183674,-0.5178567242599463
13.12839465755495,5988681.1632653065,-0.5178567242599463
13.12839465755495,6138394.367346939,-0.5178567242599463
13.12839465755495,6288107.571428572,-0.5178567242599463
13.12839465755495,6437820.775510205,-0.5178567242599463
13.12839465755495,6587533.979591837,-0.5178567242599463
13.12839465755495,6737247.183673469,-0.5178567242599463
13.12839465755495,6886960.3877551025,-0.5178567242599463
13.12839465755495,7036673.591836736,-0.5178567242599463
13.12839465755495,7186386.795918368,-0.5178567242599463
13.12839465755495,7336100,-0.5178567242599463
10.848567836981815,153,-0.48044213968762395
11.407298402033103,149866.20408163266,-0.48044213968762395
11.407298402033103,299579.4081632653,-0.48044213968762395
13.130947292195044,449292.612244898,-0.48044213968762395
13.130947292195044,599005.8163265307,-0.48044213968762395
13.130947292195044,748719.0204081633,-0.48044213968762395
13.130947292195044,898432.224489796,-0.48044213968762395
13.130947292195044,1048145.4285714286,-0.48044213968762395
13.130947292195044,1197858.6326530613,-0.48044213968762395
13.130947292195044,1347571.836734694,-0.48044213968762395
13.130947292195044,1497285.0408163266,-0.48044213968762395
13.130947292195044,1646998.2448979593,-0.48044213968762395
13.130947292195044,1796711.448979592,-0.48044213968762395
13.130947292195044,1946424.6530612246,-0.48044213968762395
13.130947292195044,2096137.8571428573,-0.48044213968762395
13.130947292195044,2245851.06122449,-0.48044213968762395
13.130947292195044,2395564.2653061226,-0.48044213968762395
13.130947292195044,2545277.4693877553,-0.48044213968762395
13.130947292195044,2694990.673469388,-0.48044213968762395
13.130947292195044,2844703.8775510206,-0.48044213968762395
13.130947292195044,2994417.0816326533,-0.48044213968762395
13.130947292195044,3144130.285714286,-0.48044213968762395
13.130947292195044,3293843.4897959186,-0.48044213968762395
13.130947292195044,3443556.6938775512,-0.48044213968762395
13.130947292195044,3593269.897959184,-0.48044213968762395
13.12839465755495,3742983.1020408166,-0.48044213968762395
13.12839465755495,3892696.306122449,-0.48044213968762395
13.12839465755495,4042409.510204082,-0.48044213968762395
13.12839465755495,4192122.7142857146,-0.48044213968762395
13.12839465755495,4341835.918367347,-0.48044213968762395
13.12839465755495,4491549.12244898,-0.48044213968762395
13.12839465755495,4641262.326530613,-0.48044213968762395
13.12839465755495,4790975.530612245,-0.48044213968762395
13.12839465755495,4940688.734693877,-0.48044213968762395
13.12839465755495,5090401.9387755105,-0.48044213968762395
13.12839465755495,5240115.142857144,-0.48044213968762395
13.12839465755495,5389828.346938776,-0.48044213968762395
13.12839465755495,5539541.551020408,-0.48044213968762395
13.12839465755495,5689254.755102041,-0.48044213968762395
13.12839465755495,5838967.959183674,-0.48044213968762395
13.12839465755495,5988681.1632653065,-0.48044213968762395
13.12839465755495,6138394.367346939,-0.48044213968762395
13.12839465755495,6288107.571428572,-0.48044213968762395
13.12839465755495,6437820.775510205,-0.48044213968762395
13.12839465755495,6587533.979591837,-0.48044213968762395
13.12839465755495,6737247.183673469,-0.48044213968762395
13.12839465755495,6886960.3877551025,-0.48044213968762395
13.12839465755495,7036673.591836736,-0.48044213968762395
13.12839465755495,7186386.795918368,-0.48044213968762395
13.12839465755495,7336100,-0.48044213968762395
10.848567836981815,153,-0.4430275551153018
11.407298402033103,149866.20408163266,-0.4430275551153018
11.407298402033103,299579.4081632653,-0.4430275551153018
13.130947292195044,449292.612244898,-0.4430275551153018
13.130947292195044,599005.8163265307,-0.4430275551153018
13.130947292195044,748719.0204081633,-0.4430275551153018
13.130947292195044,898432.224489796,-0.4430275551153018
13.130947292195044,1048145.4285714286,-0.4430275551153018
13.130947292195044,1197858.6326530613,-0.4430275551153018
13.130947292195044,1347571.836734694,-0.4430275551153018
13.130947292195044,1497285.0408163266,-0.4430275551153018
13.130947292195044,1646998.2448979593,-0.4430275551153018
13.130947292195044,1796711.448979592,-0.4430275551153018
13.130947292195044,1946424.6530612246,-0.4430275551153018
13.130947292195044,2096137.8571428573,-0.4430275551153018
13.130947292195044,2245851.06122449,-0.4430275551153018
13.130947292195044,2395564.2653061226,-0.4430275551153018
13.130947292195044,2545277.4693877553,-0.4430275551153018
13.130947292195044,2694990.673469388,-0.4430275551153018
13.130947292195044,2844703.8775510206,-0.4430275551153018
13.130947292195044,2994417.0816326533,-0.4430275551153018
13.130947292195044,3144130.285714286,-0.4430275551153018
13.130947292195044,3293843.4897959186,-0.4430275551153018
13.130947292195044,3443556.6938775512,-0.4430275551153018
13.130947292195044,3593269.897959184,-0.4430275551153018
13.12839465755495,3742983.1020408166,-0.4430275551153018
13.12839465755495,3892696.306122449,-0.4430275551153018
13.12839465755495,4042409.510204082,-0.4430275551153018
13.12839465755495,4192122.7142857146,-0.4430275551153018
13.12839465755495,4341835.918367347,-0.4430275551153018
13.12839465755495,4491549.12244898,-0.4430275551153018
13.12839465755495,4641262.326530613,-0.4430275551153018
13.12839465755495,4790975.530612245,-0.4430275551153018
13.12839465755495,4940688.734693877,-0.4430275551153018
13.12839465755495,5090401.9387755105,-0.4430275551153018
13.12839465755495,5240115.142857144,-0.4430275551153018
13.12839465755495,5389828.346938776,-0.4430275551153018
13.12839465755495,5539541.551020408,-0.4430275551153018
13.12839465755495,5689254.755102041,-0.4430275551153018
13.12839465755495,5838967.959183674,-0.4430275551153018
13.12839465755495,5988681.1632653065,-0.4430275551153018
13.12839465755495,6138394.367346939,-0.4430275551153018
13.12839465755495,6288107.571428572,-0.4430275551153018
13.12839465755495,6437820.775510205,-0.4430275551153018
13.12839465755495,6587533.979591837,-0.4430275551153018
13.12839465755495,6737247.183673469,-0.4430275551153018
13.12839465755495,6886960.3877551025,-0.4430275551153018
13.12839465755495,7036673.591836736,-0.4430275551153018
13.12839465755495,7186386.795918368,-0.4430275551153018
13.12839465755495,7336100,-0.4430275551153018
10.848567836981815,153,-0.4056129705429794
11.407298402033103,149866.20408163266,-0.4056129705429794
11.407298402033103,299579.4081632653,-0.4056129705429794
13.130947292195044,449292.612244898,-0.4056129705429794
13.130947292195044,599005.8163265307,-0.4056129705429794
13.130947292195044,748719.0204081633,-0.4056129705429794
13.130947292195044,898432.224489796,-0.4056129705429794
13.130947292195044,1048145.4285714286,-0.4056129705429794
13.130947292195044,1197858.6326530613,-0.4056129705429794
13.130947292195044,1347571.836734694,-0.4056129705429794
13.130947292195044,1497285.0408163266,-0.4056129705429794
13.130947292195044,1646998.2448979593,-0.4056129705429794
13.130947292195044,1796711.448979592,-0.4056129705429794
13.130947292195044,1946424.6530612246,-0.4056129705429794
13.130947292195044,2096137.8571428573,-0.4056129705429794
13.130947292195044,2245851.06122449,-0.4056129705429794
13.130947292195044,2395564.2653061226,-0.4056129705429794
13.130947292195044,2545277.4693877553,-0.4056129705429794
13.130947292195044,2694990.673469388,-0.4056129705429794
13.130947292195044,2844703.8775510206,-0.4056129705429794
13.130947292195044,2994417.0816326533,-0.4056129705429794
13.130947292195044,3144130.285714286,-0.4056129705429794
13.130947292195044,3293843.4897959186,-0.4056129705429794
13.130947292195044,3443556.6938775512,-0.4056129705429794
13.130947292195044,3593269.897959184,-0.4056129705429794
13.12839465755495,3742983.1020408166,-0.4056129705429794
13.12839465755495,3892696.306122449,-0.4056129705429794
13.12839465755495,4042409.510204082,-0.4056129705429794
13.12839465755495,4192122.7142857146,-0.4056129705429794
13.12839465755495,4341835.918367347,-0.4056129705429794
13.12839465755495,4491549.12244898,-0.4056129705429794
13.12839465755495,4641262.326530613,-0.4056129705429794
13.12839465755495,4790975.530612245,-0.4056129705429794
13.12839465755495,4940688.734693877,-0.4056129705429794
13.12839465755495,5090401.9387755105,-0.4056129705429794
13.12839465755495,5240115.142857144,-0.4056129705429794
13.12839465755495,5389828.346938776,-0.4056129705429794
13.12839465755495,5539541.551020408,-0.4056129705429794
13.12839465755495,5689254.755102041,-0.4056129705429794
13.12839465755495,5838967.959183674,-0.4056129705429794
13.12839465755495,5988681.1632653065,-0.4056129705429794
13.12839465755495,6138394.367346939,-0.4056129705429794
13.12839465755495,6288107.571428572,-0.4056129705429794
13.12839465755495,6437820.775510205,-0.4056129705429794
13.12839465755495,6587533.979591837,-0.4056129705429794
13.12839465755495,6737247.183673469,-0.4056129705429794
13.12839465755495,6886960.3877551025,-0.4056129705429794
13.12839465755495,7036673.591836736,-0.4056129705429794
13.12839465755495,7186386.795918368,-0.4056129705429794
13.12839465755495,7336100,-0.4056129705429794
10.848567836981815,153,-0.368198385970657
11.407298402033103,149866.20408163266,-0.368198385970657
11.407298402033103,299579.4081632653,-0.368198385970657
13.130947292195044,449292.612244898,-0.368198385970657
13.130947292195044,599005.8163265307,-0.368198385970657
13.130947292195044,748719.0204081633,-0.368198385970657
13.130947292195044,898432.224489796,-0.368198385970657
13.130947292195044,1048145.4285714286,-0.368198385970657
13.130947292195044,1197858.6326530613,-0.368198385970657
13.130947292195044,1347571.836734694,-0.368198385970657
13.130947292195044,1497285.0408163266,-0.368198385970657
13.130947292195044,1646998.2448979593,-0.368198385970657
13.130947292195044,1796711.448979592,-0.368198385970657
13.130947292195044,1946424.6530612246,-0.368198385970657
13.130947292195044,2096137.8571428573,-0.368198385970657
13.130947292195044,2245851.06122449,-0.368198385970657
13.130947292195044,2395564.2653061226,-0.368198385970657
13.130947292195044,2545277.4693877553,-0.368198385970657
13.130947292195044,2694990.673469388,-0.368198385970657
13.130947292195044,2844703.8775510206,-0.368198385970657
13.130947292195044,2994417.0816326533,-0.368198385970657
13.130947292195044,3144130.285714286,-0.368198385970657
13.130947292195044,3293843.4897959186,-0.368198385970657
13.130947292195044,3443556.6938775512,-0.368198385970657
13.130947292195044,3593269.897959184,-0.368198385970657
13.12839465755495,3742983.1020408166,-0.368198385970657
13.12839465755495,3892696.306122449,-0.368198385970657
13.12839465755495,4042409.510204082,-0.368198385970657
13.12839465755495,4192122.7142857146,-0.368198385970657
13.12839465755495,4341835.918367347,-0.368198385970657
13.12839465755495,4491549.12244898,-0.368198385970657
13.12839465755495,4641262.326530613,-0.368198385970657
13.12839465755495,4790975.530612245,-0.368198385970657
13.12839465755495,4940688.734693877,-0.368198385970657
13.12839465755495,5090401.9387755105,-0.368198385970657
13.12839465755495,5240115.142857144,-0.368198385970657
13.12839465755495,5389828.346938776,-0.368198385970657
13.12839465755495,5539541.551020408,-0.368198385970657
13.12839465755495,5689254.755102041,-0.368198385970657
13.12839465755495,5838967.959183674,-0.368198385970657
13.12839465755495,5988681.1632653065,-0.368198385970657
13.12839465755495,6138394.367346939,-0.368198385970657
13.12839465755495,6288107.571428572,-0.368198385970657
13.12839465755495,6437820.775510205,-0.368198385970657
13.12839465755495,6587533.979591837,-0.368198385970657
13.12839465755495,6737247.183673469,-0.368198385970657
13.12839465755495,6886960.3877551025,-0.368198385970657
13.12839465755495,7036673.591836736,-0.368198385970657
13.12839465755495,7186386.795918368,-0.368198385970657
13.12839465755495,7336100,-0.368198385970657
10.848567836981815,153,-0.33078380139833463
11.407298402033103,149866.20408163266,-0.33078380139833463
11.407298402033103,299579.4081632653,-0.33078380139833463
13.130947292195044,449292.612244898,-0.33078380139833463
13.130947292195044,599005.8163265307,-0.33078380139833463
13.130947292195044,748719.0204081633,-0.33078380139833463
13.130947292195044,898432.224489796,-0.33078380139833463
13.130947292195044,1048145.4285714286,-0.33078380139833463
13.130947292195044,1197858.6326530613,-0.33078380139833463
13.130947292195044,1347571.836734694,-0.33078380139833463
13.130947292195044,1497285.0408163266,-0.33078380139833463
13.130947292195044,1646998.2448979593,-0.33078380139833463
13.130947292195044,1796711.448979592,-0.33078380139833463
13.130947292195044,1946424.6530612246,-0.33078380139833463
13.130947292195044,2096137.8571428573,-0.33078380139833463
13.130947292195044,2245851.06122449,-0.33078380139833463
13.130947292195044,2395564.2653061226,-0.33078380139833463
13.130947292195044,2545277.4693877553,-0.33078380139833463
13.130947292195044,2694990.673469388,-0.33078380139833463
13.130947292195044,2844703.8775510206,-0.33078380139833463
13.130947292195044,2994417.0816326533,-0.33078380139833463
13.130947292195044,3144130.285714286,-0.33078380139833463
13.130947292195044,3293843.4897959186,-0.33078380139833463
13.130947292195044,3443556.6938775512,-0.33078380139833463
13.130947292195044,3593269.897959184,-0.33078380139833463
13.12839465755495,3742983.1020408166,-0.33078380139833463
13.12839465755495,3892696.306122449,-0.33078380139833463
13.12839465755495,4042409.510204082,-0.33078380139833463
13.12839465755495,4192122.7142857146,-0.33078380139833463
13.12839465755495,4341835.918367347,-0.33078380139833463
13.12839465755495,4491549.12244898,-0.33078380139833463
13.12839465755495,4641262.326530613,-0.33078380139833463
13.12839465755495,4790975.530612245,-0.33078380139833463
13.12839465755495,4940688.734693877,-0.33078380139833463
13.12839465755495,5090401.9387755105,-0.33078380139833463
13.12839465755495,5240115.142857144,-0.33078380139833463
13.12839465755495,5389828.346938776,-0.33078380139833463
13.12839465755495,5539541.551020408,-0.33078380139833463
13.12839465755495,5689254.755102041,-0.33078380139833463
13.12839465755495,5838967.959183674,-0.33078380139833463
13.12839465755495,5988681.1632653065,-0.33078380139833463
13.12839465755495,6138394.367346939,-0.33078380139833463
13.12839465755495,6288107.571428572,-0.33078380139833463
13.12839465755495,6437820.775510205,-0.33078380139833463
13.12839465755495,6587533.979591837,-0.33078380139833463
13.12839465755495,6737247.183673469,-0.33078380139833463
13.12839465755495,6886960.3877551025,-0.33078380139833463
13.12839465755495,7036673.591836736,-0.33078380139833463
13.12839465755495,7186386.795918368,-0.33078380139833463
13.12839465755495,7336100,-0.33078380139833463
11.02039851078378,153,-0.29336921682601225
11.588065102127262,149866.20408163266,-0.29336921682601225
11.588065102127262,299579.4081632653,-0.29336921682601225
13.3118308600342,449292.612244898,-0.29336921682601225
13.3118308600342,599005.8163265307,-0.29336921682601225
13.3118308600342,748719.0204081633,-0.29336921682601225
13.3118308600342,898432.224489796,-0.29336921682601225
13.3118308600342,1048145.4285714286,-0.29336921682601225
13.3118308600342,1197858.6326530613,-0.29336921682601225
13.3118308600342,1347571.836734694,-0.29336921682601225
13.3118308600342,1497285.0408163266,-0.29336921682601225
13.3118308600342,1646998.2448979593,-0.29336921682601225
13.3118308600342,1796711.448979592,-0.29336921682601225
13.3118308600342,1946424.6530612246,-0.29336921682601225
13.3118308600342,2096137.8571428573,-0.29336921682601225
13.3118308600342,2245851.06122449,-0.29336921682601225
13.3118308600342,2395564.2653061226,-0.29336921682601225
13.3118308600342,2545277.4693877553,-0.29336921682601225
13.3118308600342,2694990.673469388,-0.29336921682601225
13.3118308600342,2844703.8775510206,-0.29336921682601225
13.3118308600342,2994417.0816326533,-0.29336921682601225
13.3118308600342,3144130.285714286,-0.29336921682601225
13.3118308600342,3293843.4897959186,-0.29336921682601225
13.3118308600342,3443556.6938775512,-0.29336921682601225
13.3118308600342,3593269.897959184,-0.29336921682601225
13.309273972061117,3742983.1020408166,-0.29336921682601225
13.309273972061117,3892696.306122449,-0.29336921682601225
13.309273972061117,4042409.510204082,-0.29336921682601225
13.309273972061117,4192122.7142857146,-0.29336921682601225
13.309273972061117,4341835.918367347,-0.29336921682601225
13.309273972061117,4491549.12244898,-0.29336921682601225
13.309273972061117,4641262.326530613,-0.29336921682601225
13.309273972061117,4790975.530612245,-0.29336921682601225
13.309273972061117,4940688.734693877,-0.29336921682601225
13.309273972061117,5090401.9387755105,-0.29336921682601225
13.309273972061117,5240115.142857144,-0.29336921682601225
13.309273972061117,5389828.346938776,-0.29336921682601225
13.309273972061117,5539541.551020408,-0.29336921682601225
13.309273972061117,5689254.755102041,-0.29336921682601225
13.309273972061117,5838967.959183674,-0.29336921682601225
13.309273972061117,5988681.1632653065,-0.29336921682601225
13.309273972061117,6138394.367346939,-0.29336921682601225
13.309273972061117,6288107.571428572,-0.29336921682601225
13.309273972061117,6437820.775510205,-0.29336921682601225
13.309273972061117,6587533.979591837,-0.29336921682601225
13.309273972061117,6737247.183673469,-0.29336921682601225
13.309273972061117,6886960.3877551025,-0.29336921682601225
13.309273972061117,7036673.591836736,-0.29336921682601225
13.309273972061117,7186386.795918368,-0.29336921682601225
13.309273972061117,7336100,-0.29336921682601225
11.02039851078378,153,-0.25595463225368986
11.588065102127262,149866.20408163266,-0.25595463225368986
11.588065102127262,299579.4081632653,-0.25595463225368986
13.3118308600342,449292.612244898,-0.25595463225368986
13.3118308600342,599005.8163265307,-0.25595463225368986
13.3118308600342,748719.0204081633,-0.25595463225368986
13.3118308600342,898432.224489796,-0.25595463225368986
13.3118308600342,1048145.4285714286,-0.25595463225368986
13.3118308600342,1197858.6326530613,-0.25595463225368986
13.3118308600342,1347571.836734694,-0.25595463225368986
13.3118308600342,1497285.0408163266,-0.25595463225368986
13.3118308600342,1646998.2448979593,-0.25595463225368986
13.3118308600342,1796711.448979592,-0.25595463225368986
13.3118308600342,1946424.6530612246,-0.25595463225368986
13.3118308600342,2096137.8571428573,-0.25595463225368986
13.3118308600342,2245851.06122449,-0.25595463225368986
13.3118308600342,2395564.2653061226,-0.25595463225368986
13.3118308600342,2545277.4693877553,-0.25595463225368986
13.3118308600342,2694990.673469388,-0.25595463225368986
13.3118308600342,2844703.8775510206,-0.25595463225368986
13.3118308600342,2994417.0816326533,-0.25595463225368986
13.3118308600342,3144130.285714286,-0.25595463225368986
13.3118308600342,3293843.4897959186,-0.25595463225368986
13.3118308600342,3443556.6938775512,-0.25595463225368986
13.3118308600342,3593269.897959184,-0.25595463225368986
13.309273972061117,3742983.1020408166,-0.25595463225368986
13.309273972061117,3892696.306122449,-0.25595463225368986
13.309273972061117,4042409.510204082,-0.25595463225368986
13.309273972061117,4192122.7142857146,-0.25595463225368986
13.309273972061117,4341835.918367347,-0.25595463225368986
13.309273972061117,4491549.12244898,-0.25595463225368986
13.309273972061117,4641262.326530613,-0.25595463225368986
13.309273972061117,4790975.530612245,-0.25595463225368986
13.309273972061117,4940688.734693877,-0.25595463225368986
13.309273972061117,5090401.9387755105,-0.25595463225368986
13.309273972061117,5240115.142857144,-0.25595463225368986
13.309273972061117,5389828.346938776,-0.25595463225368986
13.309273972061117,5539541.551020408,-0.25595463225368986
13.309273972061117,5689254.755102041,-0.25595463225368986
13.309273972061117,5838967.959183674,-0.25595463225368986
13.309273972061117,5988681.1632653065,-0.25595463225368986
13.309273972061117,6138394.367346939,-0.25595463225368986
13.309273972061117,6288107.571428572,-0.25595463225368986
13.309273972061117,6437820.775510205,-0.25595463225368986
13.309273972061117,6587533.979591837,-0.25595463225368986
13.309273972061117,6737247.183673469,-0.25595463225368986
13.309273972061117,6886960.3877551025,-0.25595463225368986
13.309273972061117,7036673.591836736,-0.25595463225368986
13.309273972061117,7186386.795918368,-0.25595463225368986
13.309273972061117,7336100,-0.25595463225368986
11.02039851078378,153,-0.21854004768136748
11.588065102127262,149866.20408163266,-0.21854004768136748
11.588065102127262,299579.4081632653,-0.21854004768136748
13.3118308600342,449292.612244898,-0.21854004768136748
13.3118308600342,599005.8163265307,-0.21854004768136748
13.3118308600342,748719.0204081633,-0.21854004768136748
13.3118308600342,898432.224489796,-0.21854004768136748
13.3118308600342,1048145.4285714286,-0.21854004768136748
13.3118308600342,1197858.6326530613,-0.21854004768136748
13.3118308600342,1347571.836734694,-0.21854004768136748
13.3118308600342,1497285.0408163266,-0.21854004768136748
13.3118308600342,1646998.2448979593,-0.21854004768136748
13.3118308600342,1796711.448979592,-0.21854004768136748
13.3118308600342,1946424.6530612246,-0.21854004768136748
13.3118308600342,2096137.8571428573,-0.21854004768136748
13.3118308600342,2245851.06122449,-0.21854004768136748
13.3118308600342,2395564.2653061226,-0.21854004768136748
13.3118308600342,2545277.4693877553,-0.21854004768136748
13.3118308600342,2694990.673469388,-0.21854004768136748
13.3118308600342,2844703.8775510206,-0.21854004768136748
13.3118308600342,2994417.0816326533,-0.21854004768136748
13.3118308600342,3144130.285714286,-0.21854004768136748
13.3118308600342,3293843.4897959186,-0.21854004768136748
13.3118308600342,3443556.6938775512,-0.21854004768136748
13.3118308600342,3593269.897959184,-0.21854004768136748
13.309273972061117,3742983.1020408166,-0.21854004768136748
13.309273972061117,3892696.306122449,-0.21854004768136748
13.309273972061117,4042409.510204082,-0.21854004768136748
13.309273972061117,4192122.7142857146,-0.21854004768136748
13.309273972061117,4341835.918367347,-0.21854004768136748
13.309273972061117,4491549.12244898,-0.21854004768136748
13.309273972061117,4641262.326530613,-0.21854004768136748
13.309273972061117,4790975.530612245,-0.21854004768136748
13.309273972061117,4940688.734693877,-0.21854004768136748
13.309273972061117,5090401.9387755105,-0.21854004768136748
13.309273972061117,5240115.142857144,-0.21854004768136748
13.309273972061117,5389828.346938776,-0.21854004768136748
13.309273972061117,5539541.551020408,-0.21854004768136748
13.309273972061117,5689254.755102041,-0.21854004768136748
13.309273972061117,5838967.959183674,-0.21854004768136748
13.309273972061117,5988681.1632653065,-0.21854004768136748
13.309273972061117,6138394.367346939,-0.21854004768136748
13.309273972061117,6288107.571428572,-0.21854004768136748
13.309273972061117,6437820.775510205,-0.21854004768136748
13.309273972061117,6587533.979591837,-0.21854004768136748
13.309273972061117,6737247.183673469,-0.21854004768136748
13.309273972061117,6886960.3877551025,-0.21854004768136748
13.309273972061117,7036673.591836736,-0.21854004768136748
13.309273972061117,7186386.795918368,-0.21854004768136748
13.309273972061117,7336100,-0.21854004768136748
11.02039851078378,153,-0.1811254631090451
11.588065102127262,149866.20408163266,-0.1811254631090451
11.588065102127262,299579.4081632653,-0.1811254631090451
13.3118308600342,449292.612244898,-0.1811254631090451
13.3118308600342,599005.8163265307,-0.1811254631090451
13.3118308600342,748719.0204081633,-0.1811254631090451
13.3118308600342,898432.224489796,-0.1811254631090451
13.3118308600342,1048145.4285714286,-0.1811254631090451
13.3118308600342,1197858.6326530613,-0.1811254631090451
13.3118308600342,1347571.836734694,-0.1811254631090451
13.3118308600342,1497285.0408163266,-0.1811254631090451
13.3118308600342,1646998.2448979593,-0.1811254631090451
13.3118308600342,1796711.448979592,-0.1811254631090451
13.3118308600342,1946424.6530612246,-0.1811254631090451
13.3118308600342,2096137.8571428573,-0.1811254631090451
13.3118308600342,2245851.06122449,-0.1811254631090451
13.3118308600342,2395564.2653061226,-0.1811254631090451
13.3118308600342,2545277.4693877553,-0.1811254631090451
13.3118308600342,2694990.673469388,-0.1811254631090451
13.3118308600342,2844703.8775510206,-0.1811254631090451
13.3118308600342,2994417.0816326533,-0.1811254631090451
13.3118308600342,3144130.285714286,-0.1811254631090451
13.3118308600342,3293843.4897959186,-0.1811254631090451
13.3118308600342,3443556.6938775512,-0.1811254631090451
13.3118308600342,3593269.897959184,-0.1811254631090451
13.309273972061117,3742983.1020408166,-0.1811254631090451
13.309273972061117,3892696.306122449,-0.1811254631090451
13.309273972061117,4042409.510204082,-0.1811254631090451
13.309273972061117,4192122.7142857146,-0.1811254631090451
13.309273972061117,4341835.918367347,-0.1811254631090451
13.309273972061117,4491549.12244898,-0.1811254631090451
13.309273972061117,4641262.326530613,-0.1811254631090451
13.309273972061117,4790975.530612245,-0.1811254631090451
13.309273972061117,4940688.734693877,-0.1811254631090451
13.309273972061117,5090401.9387755105,-0.1811254631090451
13.309273972061117,5240115.142857144,-0.1811254631090451
13.309273972061117,5389828.346938776,-0.1811254631090451
13.309273972061117,5539541.551020408,-0.1811254631090451
13.309273972061117,5689254.755102041,-0.1811254631090451
13.309273972061117,5838967.959183674,-0.1811254631090451
13.309273972061117,5988681.1632653065,-0.1811254631090451
13.309273972061117,6138394.367346939,-0.1811254631090451
13.309273972061117,6288107.571428572,-0.1811254631090451
13.309273972061117,6437820.775510205,-0.1811254631090451
13.309273972061117,6587533.979591837,-0.1811254631090451
13.309273972061117,6737247.183673469,-0.1811254631090451
13.309273972061117,6886960.3877551025,-0.1811254631090451
13.309273972061117,7036673.591836736,-0.1811254631090451
13.309273972061117,7186386.795918368,-0.1811254631090451
13.309273972061117,7336100,-0.1811254631090451
11.02039851078378,153,-0.1437108785367227
11.588065102127262,149866.20408163266,-0.1437108785367227
11.588065102127262,299579.4081632653,-0.1437108785367227
13.3118308600342,449292.612244898,-0.1437108785367227
13.3118308600342,599005.8163265307,-0.1437108785367227
13.3118308600342,748719.0204081633,-0.1437108785367227
13.3118308600342,898432.224489796,-0.1437108785367227
13.3118308600342,1048145.4285714286,-0.1437108785367227
13.3118308600342,1197858.6326530613,-0.1437108785367227
13.3118308600342,1347571.836734694,-0.1437108785367227
13.3118308600342,1497285.0408163266,-0.1437108785367227
13.3118308600342,1646998.2448979593,-0.1437108785367227
13.3118308600342,1796711.448979592,-0.1437108785367227
13.3118308600342,1946424.6530612246,-0.1437108785367227
13.3118308600342,2096137.8571428573,-0.1437108785367227
13.3118308600342,2245851.06122449,-0.1437108785367227
13.3118308600342,2395564.2653061226,-0.1437108785367227
13.3118308600342,2545277.4693877553,-0.1437108785367227
13.3118308600342,2694990.673469388,-0.1437108785367227
13.3118308600342,2844703.8775510206,-0.1437108785367227
13.3118308600342,2994417.0816326533,-0.1437108785367227
13.3118308600342,3144130.285714286,-0.1437108785367227
13.3118308600342,3293843.4897959186,-0.1437108785367227
13.3118308600342,3443556.6938775512,-0.1437108785367227
13.3118308600342,3593269.897959184,-0.1437108785367227
13.309273972061117,3742983.1020408166,-0.1437108785367227
13.309273972061117,3892696.306122449,-0.1437108785367227
13.309273972061117,4042409.510204082,-0.1437108785367227
13.309273972061117,4192122.7142857146,-0.1437108785367227
13.309273972061117,4341835.918367347,-0.1437108785367227
13.309273972061117,4491549.12244898,-0.1437108785367227
13.309273972061117,4641262.326530613,-0.1437108785367227
13.309273972061117,4790975.530612245,-0.1437108785367227
13.309273972061117,4940688.734693877,-0.1437108785367227
13.309273972061117,5090401.9387755105,-0.1437108785367227
13.309273972061117,5240115.142857144,-0.1437108785367227
13.309273972061117,5389828.346938776,-0.1437108785367227
13.309273972061117,5539541.551020408,-0.1437108785367227
13.309273972061117,5689254.755102041,-0.1437108785367227
13.309273972061117,5838967.959183674,-0.1437108785367227
13.309273972061117,5988681.1632653065,-0.1437108785367227
13.309273972061117,6138394.367346939,-0.1437108785367227
13.309273972061117,6288107.571428572,-0.1437108785367227
13.309273972061117,6437820.775510205,-0.1437108785367227
13.309273972061117,6587533.979591837,-0.1437108785367227
13.309273972061117,6737247.183673469,-0.1437108785367227
13.309273972061117,6886960.3877551025,-0.1437108785367227
13.309273972061117,7036673.591836736,-0.1437108785367227
13.309273972061117,7186386.795918368,-0.1437108785367227
13.309273972061117,7336100,-0.1437108785367227
11.02039851078378,153,-0.10629629396440032
11.588065102127262,149866.20408163266,-0.10629629396440032
11.588065102127262,299579.4081632653,-0.10629629396440032
13.3118308600342,449292.612244898,-0.10629629396440032
13.3118308600342,599005.8163265307,-0.10629629396440032
13.3118308600342,748719.0204081633,-0.10629629396440032
13.3118308600342,898432.224489796,-0.10629629396440032
13.3118308600342,1048145.4285714286,-0.10629629396440032
13.3118308600342,1197858.6326530613,-0.10629629396440032
13.3118308600342,1347571.836734694,-0.10629629396440032
13.3118308600342,1497285.0408163266,-0.10629629396440032
13.3118308600342,1646998.2448979593,-0.10629629396440032
13.3118308600342,1796711.448979592,-0.10629629396440032
13.3118308600342,1946424.6530612246,-0.10629629396440032
13.3118308600342,2096137.8571428573,-0.10629629396440032
13.3118308600342,2245851.06122449,-0.10629629396440032
13.3118308600342,2395564.2653061226,-0.10629629396440032
13.3118308600342,2545277.4693877553,-0.10629629396440032
13.3118308600342,2694990.673469388,-0.10629629396440032
13.3118308600342,2844703.8775510206,-0.10629629396440032
13.3118308600342,2994417.0816326533,-0.10629629396440032
13.3118308600342,3144130.285714286,-0.10629629396440032
13.3118308600342,3293843.4897959186,-0.10629629396440032
13.3118308600342,3443556.6938775512,-0.10629629396440032
13.3118308600342,3593269.897959184,-0.10629629396440032
13.309273972061117,3742983.1020408166,-0.10629629396440032
13.309273972061117,3892696.306122449,-0.10629629396440032
13.309273972061117,4042409.510204082,-0.10629629396440032
13.309273972061117,4192122.7142857146,-0.10629629396440032
13.309273972061117,4341835.918367347,-0.10629629396440032
13.309273972061117,4491549.12244898,-0.10629629396440032
13.309273972061117,4641262.326530613,-0.10629629396440032
13.309273972061117,4790975.530612245,-0.10629629396440032
13.309273972061117,4940688.734693877,-0.10629629396440032
13.309273972061117,5090401.9387755105,-0.10629629396440032
13.309273972061117,5240115.142857144,-0.10629629396440032
13.309273972061117,5389828.346938776,-0.10629629396440032
13.309273972061117,5539541.551020408,-0.10629629396440032
13.309273972061117,5689254.755102041,-0.10629629396440032
13.309273972061117,5838967.959183674,-0.10629629396440032
13.309273972061117,5988681.1632653065,-0.10629629396440032
13.309273972061117,6138394.367346939,-0.10629629396440032
13.309273972061117,6288107.571428572,-0.10629629396440032
13.309273972061117,6437820.775510205,-0.10629629396440032
13.309273972061117,6587533.979591837,-0.10629629396440032
13.309273972061117,6737247.183673469,-0.10629629396440032
13.309273972061117,6886960.3877551025,-0.10629629396440032
13.309273972061117,7036673.591836736,-0.10629629396440032
13.309273972061117,7186386.795918368,-0.10629629396440032
13.309273972061117,7336100,-0.10629629396440032
11.02039851078378,153,-0.06888170939207794
11.588065102127262,149866.20408163266,-0.06888170939207794
11.588065102127262,299579.4081632653,-0.06888170939207794
13.3118308600342,449292.612244898,-0.06888170939207794
13.3118308600342,599005.8163265307,-0.06888170939207794
13.3118308600342,748719.0204081633,-0.06888170939207794
13.3118308600342,898432.224489796,-0.06888170939207794
13.3118308600342,1048145.4285714286,-0.06888170939207794
13.3118308600342,1197858.6326530613,-0.06888170939207794
13.3118308600342,1347571.836734694,-0.06888170939207794
13.3118308600342,1497285.0408163266,-0.06888170939207794
13.3118308600342,1646998.2448979593,-0.06888170939207794
13.3118308600342,1796711.448979592,-0.06888170939207794
13.3118308600342,1946424.6530612246,-0.06888170939207794
13.3118308600342,2096137.8571428573,-0.06888170939207794
13.3118308600342,2245851.06122449,-0.06888170939207794
13.3118308600342,2395564.2653061226,-0.06888170939207794
13.3118308600342,2545277.4693877553,-0.06888170939207794
13.3118308600342,2694990.673469388,-0.06888170939207794
13.3118308600342,2844703.8775510206,-0.06888170939207794
13.3118308600342,2994417.0816326533,-0.06888170939207794
13.3118308600342,3144130.285714286,-0.06888170939207794
13.3118308600342,3293843.4897959186,-0.06888170939207794
13.3118308600342,3443556.6938775512,-0.06888170939207794
13.3118308600342,3593269.897959184,-0.06888170939207794
13.309273972061117,3742983.1020408166,-0.06888170939207794
13.309273972061117,3892696.306122449,-0.06888170939207794
13.309273972061117,4042409.510204082,-0.06888170939207794
13.309273972061117,4192122.7142857146,-0.06888170939207794
13.309273972061117,4341835.918367347,-0.06888170939207794
13.309273972061117,4491549.12244898,-0.06888170939207794
13.309273972061117,4641262.326530613,-0.06888170939207794
13.309273972061117,4790975.530612245,-0.06888170939207794
13.309273972061117,4940688.734693877,-0.06888170939207794
13.309273972061117,5090401.9387755105,-0.06888170939207794
13.309273972061117,5240115.142857144,-0.06888170939207794
13.309273972061117,5389828.346938776,-0.06888170939207794
13.309273972061117,5539541.551020408,-0.06888170939207794
13.309273972061117,5689254.755102041,-0.06888170939207794
13.309273972061117,5838967.959183674,-0.06888170939207794
13.309273972061117,5988681.1632653065,-0.06888170939207794
13.309273972061117,6138394.367346939,-0.06888170939207794
13.309273972061117,6288107.571428572,-0.06888170939207794
13.309273972061117,6437820.775510205,-0.06888170939207794
13.309273972061117,6587533.979591837,-0.06888170939207794
13.309273972061117,6737247.183673469,-0.06888170939207794
13.309273972061117,6886960.3877551025,-0.06888170939207794
13.309273972061117,7036673.591836736,-0.06888170939207794
13.309273972061117,7186386.795918368,-0.06888170939207794
13.309273972061117,7336100,-0.06888170939207794
11.02039851078378,153,-0.0314671248197555
11.588065102127262,149866.20408163266,-0.0314671248197555
11.588065102127262,299579.4081632653,-0.0314671248197555
13.3118308600342,449292.612244898,-0.0314671248197555
13.3118308600342,599005.8163265307,-0.0314671248197555
13.3118308600342,748719.0204081633,-0.0314671248197555
13.3118308600342,898432.224489796,-0.0314671248197555
13.3118308600342,1048145.4285714286,-0.0314671248197555
13.3118308600342,1197858.6326530613,-0.0314671248197555
13.3118308600342,1347571.836734694,-0.0314671248197555
13.3118308600342,1497285.0408163266,-0.0314671248197555
13.3118308600342,1646998.2448979593,-0.0314671248197555
13.3118308600342,1796711.448979592,-0.0314671248197555
13.3118308600342,1946424.6530612246,-0.0314671248197555
13.3118308600342,2096137.8571428573,-0.0314671248197555
13.3118308600342,2245851.06122449,-0.0314671248197555
13.3118308600342,2395564.2653061226,-0.0314671248197555
13.3118308600342,2545277.4693877553,-0.0314671248197555
13.3118308600342,2694990.673469388,-0.0314671248197555
13.3118308600342,2844703.8775510206,-0.0314671248197555
13.3118308600342,2994417.0816326533,-0.0314671248197555
13.3118308600342,3144130.285714286,-0.0314671248197555
13.3118308600342,3293843.4897959186,-0.0314671248197555
13.3118308600342,3443556.6938775512,-0.0314671248197555
13.3118308600342,3593269.897959184,-0.0314671248197555
13.309273972061117,3742983.1020408166,-0.0314671248197555
13.309273972061117,3892696.306122449,-0.0314671248197555
13.309273972061117,4042409.510204082,-0.0314671248197555
13.309273972061117,4192122.7142857146,-0.0314671248197555
13.309273972061117,4341835.918367347,-0.0314671248197555
13.309273972061117,4491549.12244898,-0.0314671248197555
13.309273972061117,4641262.326530613,-0.0314671248197555
13.309273972061117,4790975.530612245,-0.0314671248197555
13.309273972061117,4940688.734693877,-0.0314671248197555
13.309273972061117,5090401.9387755105,-0.0314671248197555
13.309273972061117,5240115.142857144,-0.0314671248197555
13.309273972061117,5389828.346938776,-0.0314671248197555
13.309273972061117,5539541.551020408,-0.0314671248197555
13.309273972061117,5689254.755102041,-0.0314671248197555
13.309273972061117,5838967.959183674,-0.0314671248197555
13.309273972061117,5988681.1632653065,-0.0314671248197555
13.309273972061117,6138394.367346939,-0.0314671248197555
13.309273972061117,6288107.571428572,-0.0314671248197555
13.309273972061117,6437820.775510205,-0.0314671248197555
13.309273972061117,6587533.979591837,-0.0314671248197555
13.309273972061117,6737247.183673469,-0.0314671248197555
13.309273972061117,6886960.3877551025,-0.0314671248197555
13.309273972061117,7036673.591836736,-0.0314671248197555
13.309273972061117,7186386.795918368,-0.0314671248197555
13.309273972061117,7336100,-0.0314671248197555
