Q,cumulative_landfalling_area,max_landfalling_v850hPa
0.010704080081865552,177,15.195411682128906
0.2850367020956842,149889.7142857143,15.195411682128906
0.37950530952776895,299602.4285714286,15.195411682128906
0.514618252181359,449315.14285714284,15.195411682128906
0.514618252181359,599027.8571428572,15.195411682128906
0.5542951824355477,748740.5714285715,15.195411682128906
0.5542951824355477,898453.2857142857,15.195411682128906
0.5542951824355477,1048166,15.195411682128906
0.6830142337126013,1197878.7142857143,15.195411682128906
0.6830142337126013,1347591.4285714286,15.195411682128906
0.6830142337126013,1497304.142857143,15.195411682128906
0.6830142337126013,1647016.8571428573,15.195411682128906
0.8828317360069242,1796729.5714285714,15.195411682128906
0.8828317360069242,1946442.2857142857,15.195411682128906
0.8828317360069242,2096155,15.195411682128906
0.8828317360069242,2245867.7142857146,15.195411682128906
0.8828317360069242,2395580.4285714286,15.195411682128906
0.9858644214405288,2545293.1428571427,15.195411682128906
27.627840515000997,2695005.8571428573,15.195411682128906
27.627840515000997,2844718.5714285714,15.195411682128906
27.627840515000997,2994431.285714286,15.195411682128906
27.627840515000997,3144144,15.195411682128906
27.627840515000997,3293856.7142857146,15.195411682128906
27.627840515000997,3443569.4285714286,15.195411682128906
27.627840515000997,3593282.1428571427,15.195411682128906
27.627840515000997,3742994.8571428573,15.195411682128906
27.627840515000997,3892707.5714285714,15.195411682128906
27.627840515000997,4042420.285714286,15.195411682128906
27.627840515000997,4192133,15.195411682128906
27.627840515000997,4341845.714285715,15.195411682128906
27.627840515000997,4491558.428571429,15.195411682128906
27.627840515000997,4641271.142857143,15.195411682128906
27.627840515000997,4790983.857142857,15.195411682128906
27.627840515000997,4940696.571428572,15.195411682128906
27.627840515000997,5090409.285714285,15.195411682128906
27.627840515000997,5240122,15.195411682128906
27.627840515000997,5389834.714285715,15.195411682128906
27.627840515000997,5539547.428571429,15.195411682128906
27.627840515000997,5689260.142857143,15.195411682128906
27.627840515000997,5838972.857142857,15.195411682128906
27.627840515000997,5988685.571428572,15.195411682128906
27.627840515000997,6138398.285714285,15.195411682128906
27.627840515000997,6288111,15.195411682128906
27.627840515000997,6437823.714285715,15.195411682128906
27.627840515000997,6587536.428571429,15.195411682128906
27.627840515000997,6737249.142857143,15.195411682128906
27.627840515000997,6886961.857142857,15.195411682128906
27.627840515000997,7036674.571428572,15.195411682128906
27.627840515000997,7186387.285714285,15.195411682128906
27.627840515000997,7336100,15.195411682128906
0.010704080081865552,177,15.901763526760803
0.2850367020956842,149889.7142857143,15.901763526760803
0.37950530952776895,299602.4285714286,15.901763526760803
0.514618252181359,449315.14285714284,15.901763526760803
0.514618252181359,599027.8571428572,15.901763526760803
0.5542951824355477,748740.5714285715,15.901763526760803
0.5542951824355477,898453.2857142857,15.901763526760803
0.5542951824355477,1048166,15.901763526760803
0.6830142337126013,1197878.7142857143,15.901763526760803
0.6830142337126013,1347591.4285714286,15.901763526760803
0.6830142337126013,1497304.142857143,15.901763526760803
0.6830142337126013,1647016.8571428573,15.901763526760803
0.8828317360069242,1796729.5714285714,15.901763526760803
0.8828317360069242,1946442.2857142857,15.901763526760803
0.8828317360069242,2096155,15.901763526760803
0.8828317360069242,2245867.7142857146,15.901763526760803
0.8828317360069242,2395580.4285714286,15.901763526760803
0.9858644214405288,2545293.1428571427,15.901763526760803
27.627840515000997,2695005.8571428573,15.901763526760803
27.627840515000997,2844718.5714285714,15.901763526760803
27.627840515000997,2994431.285714286,15.901763526760803
27.627840515000997,3144144,15.901763526760803
27.627840515000997,3293856.7142857146,15.901763526760803
27.627840515000997,3443569.4285714286,15.901763526760803
27.627840515000997,3593282.1428571427,15.901763526760803
27.627840515000997,3742994.8571428573,15.901763526760803
27.627840515000997,3892707.5714285714,15.901763526760803
27.627840515000997,4042420.285714286,15.901763526760803
27.627840515000997,4192133,15.901763526760803
27.627840515000997,4341845.714285715,15.901763526760803
27.627840515000997,4491558.428571429,15.901763526760803
27.627840515000997,4641271.142857143,15.901763526760803
27.627840515000997,4790983.857142857,15.901763526760803
27.627840515000997,4940696.571428572,15.901763526760803
27.627840515000997,5090409.285714285,15.901763526760803
27.627840515000997,5240122,15.901763526760803
27.627840515000997,5389834.714285715,15.901763526760803
27.627840515000997,5539547.428571429,15.901763526760803
27.627840515000997,5689260.142857143,15.901763526760803
27.627840515000997,5838972.857142857,15.901763526760803
27.627840515000997,5988685.571428572,15.901763526760803
27.627840515000997,6138398.285714285,15.901763526760803
27.627840515000997,6288111,15.901763526760803
27.627840515000997,6437823.714285715,15.901763526760803
27.627840515000997,6587536.428571429,15.901763526760803
27.627840515000997,6737249.142857143,15.901763526760803
27.627840515000997,6886961.857142857,15.901763526760803
27.627840515000997,7036674.571428572,15.901763526760803
27.627840515000997,7186387.285714285,15.901763526760803
27.627840515000997,7336100,15.901763526760803
0.010704080081865552,177,16.6081153713927
0.2850367020956842,149889.7142857143,16.6081153713927
0.37950530952776895,299602.4285714286,16.6081153713927
0.514618252181359,449315.14285714284,16.6081153713927
0.514618252181359,599027.8571428572,16.6081153713927
0.5542951824355477,748740.5714285715,16.6081153713927
0.5542951824355477,898453.2857142857,16.6081153713927
0.5542951824355477,1048166,16.6081153713927
0.6830142337126013,1197878.7142857143,16.6081153713927
0.6830142337126013,1347591.4285714286,16.6081153713927
0.6830142337126013,1497304.142857143,16.6081153713927
0.6830142337126013,1647016.8571428573,16.6081153713927
0.8828317360069242,1796729.5714285714,16.6081153713927
0.8828317360069242,1946442.2857142857,16.6081153713927
0.8828317360069242,2096155,16.6081153713927
0.8828317360069242,2245867.7142857146,16.6081153713927
0.8828317360069242,2395580.4285714286,16.6081153713927
0.9858644214405288,2545293.1428571427,16.6081153713927
27.627840515000997,2695005.8571428573,16.6081153713927
27.627840515000997,2844718.5714285714,16.6081153713927
27.627840515000997,2994431.285714286,16.6081153713927
27.627840515000997,3144144,16.6081153713927
27.627840515000997,3293856.7142857146,16.6081153713927
27.627840515000997,3443569.4285714286,16.6081153713927
27.627840515000997,3593282.1428571427,16.6081153713927
27.627840515000997,3742994.8571428573,16.6081153713927
27.627840515000997,3892707.5714285714,16.6081153713927
27.627840515000997,4042420.285714286,16.6081153713927
27.627840515000997,4192133,16.6081153713927
27.627840515000997,4341845.714285715,16.6081153713927
27.627840515000997,4491558.428571429,16.6081153713927
27.627840515000997,4641271.142857143,16.6081153713927
27.627840515000997,4790983.857142857,16.6081153713927
27.627840515000997,4940696.571428572,16.6081153713927
27.627840515000997,5090409.285714285,16.6081153713927
27.627840515000997,5240122,16.6081153713927
27.627840515000997,5389834.714285715,16.6081153713927
27.627840515000997,5539547.428571429,16.6081153713927
27.627840515000997,5689260.142857143,16.6081153713927
27.627840515000997,5838972.857142857,16.6081153713927
27.627840515000997,5988685.571428572,16.6081153713927
27.627840515000997,6138398.285714285,16.6081153713927
27.627840515000997,6288111,16.6081153713927
27.627840515000997,6437823.714285715,16.6081153713927
27.627840515000997,6587536.428571429,16.6081153713927
27.627840515000997,6737249.142857143,16.6081153713927
27.627840515000997,6886961.857142857,16.6081153713927
27.627840515000997,7036674.571428572,16.6081153713927
27.627840515000997,7186387.285714285,16.6081153713927
27.627840515000997,7336100,16.6081153713927
0.010704080081865552,177,17.314467216024592
0.2850367020956842,149889.7142857143,17.314467216024592
0.37950530952776895,299602.4285714286,17.314467216024592
0.514618252181359,449315.14285714284,17.314467216024592
0.514618252181359,599027.8571428572,17.314467216024592
0.5542951824355477,748740.5714285715,17.314467216024592
0.5542951824355477,898453.2857142857,17.314467216024592
0.5542951824355477,1048166,17.314467216024592
0.6830142337126013,1197878.7142857143,17.314467216024592
0.6830142337126013,1347591.4285714286,17.314467216024592
0.6830142337126013,1497304.142857143,17.314467216024592
0.6830142337126013,1647016.8571428573,17.314467216024592
0.8828317360069242,1796729.5714285714,17.314467216024592
0.8828317360069242,1946442.2857142857,17.314467216024592
0.8828317360069242,2096155,17.314467216024592
0.8828317360069242,2245867.7142857146,17.314467216024592
0.8828317360069242,2395580.4285714286,17.314467216024592
0.9858644214405288,2545293.1428571427,17.314467216024592
27.627840515000997,2695005.8571428573,17.314467216024592
27.627840515000997,2844718.5714285714,17.314467216024592
27.627840515000997,2994431.285714286,17.314467216024592
27.627840515000997,3144144,17.314467216024592
27.627840515000997,3293856.7142857146,17.314467216024592
27.627840515000997,3443569.4285714286,17.314467216024592
27.627840515000997,3593282.1428571427,17.314467216024592
27.627840515000997,3742994.8571428573,17.314467216024592
27.627840515000997,3892707.5714285714,17.314467216024592
27.627840515000997,4042420.285714286,17.314467216024592
27.627840515000997,4192133,17.314467216024592
27.627840515000997,4341845.714285715,17.314467216024592
27.627840515000997,4491558.428571429,17.314467216024592
27.627840515000997,4641271.142857143,17.314467216024592
27.627840515000997,4790983.857142857,17.314467216024592
27.627840515000997,4940696.571428572,17.314467216024592
27.627840515000997,5090409.285714285,17.314467216024592
27.627840515000997,5240122,17.314467216024592
27.627840515000997,5389834.714285715,17.314467216024592
27.627840515000997,5539547.428571429,17.314467216024592
27.627840515000997,5689260.142857143,17.314467216024592
27.627840515000997,5838972.857142857,17.314467216024592
27.627840515000997,5988685.571428572,17.314467216024592
27.627840515000997,6138398.285714285,17.314467216024592
27.627840515000997,6288111,17.314467216024592
27.627840515000997,6437823.714285715,17.314467216024592
27.627840515000997,6587536.428571429,17.314467216024592
27.627840515000997,6737249.142857143,17.314467216024592
27.627840515000997,6886961.857142857,17.314467216024592
27.627840515000997,7036674.571428572,17.314467216024592
27.627840515000997,7186387.285714285,17.314467216024592
27.627840515000997,7336100,17.314467216024592
0.010704080081865552,177,18.02081906065649
0.2850367020956842,149889.7142857143,18.02081906065649
0.37950530952776895,299602.4285714286,18.02081906065649
0.514618252181359,449315.14285714284,18.02081906065649
0.514618252181359,599027.8571428572,18.02081906065649
0.5542951824355477,748740.5714285715,18.02081906065649
0.5542951824355477,898453.2857142857,18.02081906065649
0.5542951824355477,1048166,18.02081906065649
0.6830142337126013,1197878.7142857143,18.02081906065649
0.6830142337126013,1347591.4285714286,18.02081906065649
0.6830142337126013,1497304.142857143,18.02081906065649
0.6830142337126013,1647016.8571428573,18.02081906065649
0.8828317360069242,1796729.5714285714,18.02081906065649
0.8828317360069242,1946442.2857142857,18.02081906065649
0.8828317360069242,2096155,18.02081906065649
0.8828317360069242,2245867.7142857146,18.02081906065649
0.8828317360069242,2395580.4285714286,18.02081906065649
0.9858644214405288,2545293.1428571427,18.02081906065649
27.627840515000997,2695005.8571428573,18.02081906065649
27.627840515000997,2844718.5714285714,18.02081906065649
27.627840515000997,2994431.285714286,18.02081906065649
27.627840515000997,3144144,18.02081906065649
27.627840515000997,3293856.7142857146,18.02081906065649
27.627840515000997,3443569.4285714286,18.02081906065649
27.627840515000997,3593282.1428571427,18.02081906065649
27.627840515000997,3742994.8571428573,18.02081906065649
27.627840515000997,3892707.5714285714,18.02081906065649
27.627840515000997,4042420.285714286,18.02081906065649
27.627840515000997,4192133,18.02081906065649
27.627840515000997,4341845.714285715,18.02081906065649
27.627840515000997,4491558.428571429,18.02081906065649
27.627840515000997,4641271.142857143,18.02081906065649
27.627840515000997,4790983.857142857,18.02081906065649
27.627840515000997,4940696.571428572,18.02081906065649
27.627840515000997,5090409.285714285,18.02081906065649
27.627840515000997,5240122,18.02081906065649
27.627840515000997,5389834.714285715,18.02081906065649
27.627840515000997,5539547.428571429,18.02081906065649
27.627840515000997,5689260.142857143,18.02081906065649
27.627840515000997,5838972.857142857,18.02081906065649
27.627840515000997,5988685.571428572,18.02081906065649
27.627840515000997,6138398.285714285,18.02081906065649
27.627840515000997,6288111,18.02081906065649
27.627840515000997,6437823.714285715,18.02081906065649
27.627840515000997,6587536.428571429,18.02081906065649
27.627840515000997,6737249.142857143,18.02081906065649
27.627840515000997,6886961.857142857,18.02081906065649
27.627840515000997,7036674.571428572,18.02081906065649
27.627840515000997,7186387.285714285,18.02081906065649
27.627840515000997,7336100,18.02081906065649
0.010704080081865552,177,18.727170905288386
0.2850367020956842,149889.7142857143,18.727170905288386
0.37950530952776895,299602.4285714286,18.727170905288386
0.514618252181359,449315.14285714284,18.727170905288386
0.514618252181359,599027.8571428572,18.727170905288386
0.5542951824355477,748740.5714285715,18.727170905288386
0.5542951824355477,898453.2857142857,18.727170905288386
0.5542951824355477,1048166,18.727170905288386
0.6830142337126013,1197878.7142857143,18.727170905288386
0.6830142337126013,1347591.4285714286,18.727170905288386
0.6830142337126013,1497304.142857143,18.727170905288386
0.6830142337126013,1647016.8571428573,18.727170905288386
0.8828317360069242,1796729.5714285714,18.727170905288386
0.8828317360069242,1946442.2857142857,18.727170905288386
0.8828317360069242,2096155,18.727170905288386
0.8828317360069242,2245867.7142857146,18.727170905288386
0.8828317360069242,2395580.4285714286,18.727170905288386
0.9858644214405288,2545293.1428571427,18.727170905288386
27.627840515000997,2695005.8571428573,18.727170905288386
27.627840515000997,2844718.5714285714,18.727170905288386
27.627840515000997,2994431.285714286,18.727170905288386
27.627840515000997,3144144,18.727170905288386
27.627840515000997,3293856.7142857146,18.727170905288386
27.627840515000997,3443569.4285714286,18.727170905288386
27.627840515000997,3593282.1428571427,18.727170905288386
27.627840515000997,3742994.8571428573,18.727170905288386
27.627840515000997,3892707.5714285714,18.727170905288386
27.627840515000997,4042420.285714286,18.727170905288386
27.627840515000997,4192133,18.727170905288386
27.627840515000997,4341845.714285715,18.727170905288386
27.627840515000997,4491558.428571429,18.727170905288386
27.627840515000997,4641271.142857143,18.727170905288386
27.627840515000997,4790983.857142857,18.727170905288386
27.627840515000997,4940696.571428572,18.727170905288386
27.627840515000997,5090409.285714285,18.727170905288386
27.627840515000997,5240122,18.727170905288386
27.627840515000997,5389834.714285715,18.727170905288386
27.627840515000997,5539547.428571429,18.727170905288386
27.627840515000997,5689260.142857143,18.727170905288386
27.627840515000997,5838972.857142857,18.727170905288386
27.627840515000997,5988685.571428572,18.727170905288386
27.627840515000997,6138398.285714285,18.727170905288386
27.627840515000997,6288111,18.727170905288386
27.627840515000997,6437823.714285715,18.727170905288386
27.627840515000997,6587536.428571429,18.727170905288386
27.627840515000997,6737249.142857143,18.727170905288386
27.627840515000997,6886961.857142857,18.727170905288386
27.627840515000997,7036674.571428572,18.727170905288386
27.627840515000997,7186387.285714285,18.727170905288386
27.627840515000997,7336100,18.727170905288386
0.010704080081865552,177,19.43352274992028
0.2850367020956842,149889.7142857143,19.43352274992028
0.37950530952776895,299602.4285714286,19.43352274992028
0.514618252181359,449315.14285714284,19.43352274992028
0.514618252181359,599027.8571428572,19.43352274992028
0.5542951824355477,748740.5714285715,19.43352274992028
0.5542951824355477,898453.2857142857,19.43352274992028
0.5542951824355477,1048166,19.43352274992028
0.6830142337126013,1197878.7142857143,19.43352274992028
0.6830142337126013,1347591.4285714286,19.43352274992028
0.6830142337126013,1497304.142857143,19.43352274992028
0.6830142337126013,1647016.8571428573,19.43352274992028
0.8828317360069242,1796729.5714285714,19.43352274992028
0.8828317360069242,1946442.2857142857,19.43352274992028
0.8828317360069242,2096155,19.43352274992028
0.8828317360069242,2245867.7142857146,19.43352274992028
0.8828317360069242,2395580.4285714286,19.43352274992028
0.9858644214405288,2545293.1428571427,19.43352274992028
27.627840515000997,2695005.8571428573,19.43352274992028
27.627840515000997,2844718.5714285714,19.43352274992028
27.627840515000997,2994431.285714286,19.43352274992028
27.627840515000997,3144144,19.43352274992028
27.627840515000997,3293856.7142857146,19.43352274992028
27.627840515000997,3443569.4285714286,19.43352274992028
27.627840515000997,3593282.1428571427,19.43352274992028
27.627840515000997,3742994.8571428573,19.43352274992028
27.627840515000997,3892707.5714285714,19.43352274992028
27.627840515000997,4042420.285714286,19.43352274992028
27.627840515000997,4192133,19.43352274992028
27.627840515000997,4341845.714285715,19.43352274992028
27.627840515000997,4491558.428571429,19.43352274992028
27.627840515000997,4641271.142857143,19.43352274992028
27.627840515000997,4790983.857142857,19.43352274992028
27.627840515000997,4940696.571428572,19.43352274992028
27.627840515000997,5090409.285714285,19.43352274992028
27.627840515000997,5240122,19.43352274992028
27.627840515000997,5389834.714285715,19.43352274992028
27.627840515000997,5539547.428571429,19.43352274992028
27.627840515000997,5689260.142857143,19.43352274992028
27.627840515000997,5838972.857142857,19.43352274992028
27.627840515000997,5988685.571428572,19.43352274992028
27.627840515000997,6138398.285714285,19.43352274992028
27.627840515000997,6288111,19.43352274992028
27.627840515000997,6437823.714285715,19.43352274992028
27.627840515000997,6587536.428571429,19.43352274992028
27.627840515000997,6737249.142857143,19.43352274992028
27.627840515000997,6886961.857142857,19.43352274992028
27.627840515000997,7036674.571428572,19.43352274992028
27.627840515000997,7186387.285714285,19.43352274992028
27.627840515000997,7336100,19.43352274992028
0.010704080081865552,177,20.139874594552175
0.2850367020956842,149889.7142857143,20.139874594552175
0.37950530952776895,299602.4285714286,20.139874594552175
0.514618252181359,449315.14285714284,20.139874594552175
0.514618252181359,599027.8571428572,20.139874594552175
0.5542951824355477,748740.5714285715,20.139874594552175
0.5542951824355477,898453.2857142857,20.139874594552175
0.5542951824355477,1048166,20.139874594552175
0.6830142337126013,1197878.7142857143,20.139874594552175
0.6830142337126013,1347591.4285714286,20.139874594552175
0.6830142337126013,1497304.142857143,20.139874594552175
0.6830142337126013,1647016.8571428573,20.139874594552175
0.8828317360069242,1796729.5714285714,20.139874594552175
0.8828317360069242,1946442.2857142857,20.139874594552175
0.8828317360069242,2096155,20.139874594552175
0.8828317360069242,2245867.7142857146,20.139874594552175
0.8828317360069242,2395580.4285714286,20.139874594552175
0.9858644214405288,2545293.1428571427,20.139874594552175
27.627840515000997,2695005.8571428573,20.139874594552175
27.627840515000997,2844718.5714285714,20.139874594552175
27.627840515000997,2994431.285714286,20.139874594552175
27.627840515000997,3144144,20.139874594552175
27.627840515000997,3293856.7142857146,20.139874594552175
27.627840515000997,3443569.4285714286,20.139874594552175
27.627840515000997,3593282.1428571427,20.139874594552175
27.627840515000997,3742994.8571428573,20.139874594552175
27.627840515000997,3892707.5714285714,20.139874594552175
27.627840515000997,4042420.285714286,20.139874594552175
27.627840515000997,4192133,20.139874594552175
27.627840515000997,4341845.714285715,20.139874594552175
27.627840515000997,4491558.428571429,20.139874594552175
27.627840515000997,4641271.142857143,20.139874594552175
27.627840515000997,4790983.857142857,20.139874594552175
27.627840515000997,4940696.571428572,20.139874594552175
27.627840515000997,5090409.285714285,20.139874594552175
27.627840515000997,5240122,20.139874594552175
27.627840515000997,5389834.714285715,20.139874594552175
27.627840515000997,5539547.428571429,20.139874594552175
27.627840515000997,5689260.142857143,20.139874594552175
27.627840515000997,5838972.857142857,20.139874594552175
27.627840515000997,5988685.571428572,20.139874594552175
27.627840515000997,6138398.285714285,20.139874594552175
27.627840515000997,6288111,20.139874594552175
27.627840515000997,6437823.714285715,20.139874594552175
27.627840515000997,6587536.428571429,20.139874594552175
27.627840515000997,6737249.142857143,20.139874594552175
27.627840515000997,6886961.857142857,20.139874594552175
27.627840515000997,7036674.571428572,20.139874594552175
27.627840515000997,7186387.285714285,20.139874594552175
27.627840515000997,7336100,20.139874594552175
0.013218463993893778,177,20.846226439184072
0.3519917036096549,149889.7142857143,20.846226439184072
0.468650947219935,299602.4285714286,20.846226439184072
0.6355018633113854,449315.14285714284,20.846226439184072
0.6355018633113854,599027.8571428572,20.846226439184072
0.6844988878050418,748740.5714285715,20.846226439184072
0.6844988878050418,898453.2857142857,20.846226439184072
0.6844988878050418,1048166,20.846226439184072
0.8434539901231257,1197878.7142857143,20.846226439184072
0.8434539901231257,1347591.4285714286,20.846226439184072
0.8434539901231257,1497304.142857143,20.846226439184072
0.8434539901231257,1647016.8571428573,20.846226439184072
1.0902085397179158,1796729.5714285714,20.846226439184072
1.0902085397179158,1946442.2857142857,20.846226439184072
1.0902085397179158,2096155,20.846226439184072
1.0902085397179158,2245867.7142857146,20.846226439184072
1.0902085397179158,2395580.4285714286,20.846226439184072
1.217443559652569,2545293.1428571427,20.846226439184072
34.11760863927808,2695005.8571428573,20.846226439184072
34.11760863927808,2844718.5714285714,20.846226439184072
34.11760863927808,2994431.285714286,20.846226439184072
34.11760863927808,3144144,20.846226439184072
34.11760863927808,3293856.7142857146,20.846226439184072
34.11760863927808,3443569.4285714286,20.846226439184072
34.11760863927808,3593282.1428571427,20.846226439184072
34.11760863927808,3742994.8571428573,20.846226439184072
34.11760863927808,3892707.5714285714,20.846226439184072
34.11760863927808,4042420.285714286,20.846226439184072
34.11760863927808,4192133,20.846226439184072
34.11760863927808,4341845.714285715,20.846226439184072
34.11760863927808,4491558.428571429,20.846226439184072
34.11760863927808,4641271.142857143,20.846226439184072
34.11760863927808,4790983.857142857,20.846226439184072
34.11760863927808,4940696.571428572,20.846226439184072
34.11760863927808,5090409.285714285,20.846226439184072
34.11760863927808,5240122,20.846226439184072
34.11760863927808,5389834.714285715,20.846226439184072
34.11760863927808,5539547.428571429,20.846226439184072
34.11760863927808,5689260.142857143,20.846226439184072
34.11760863927808,5838972.857142857,20.846226439184072
34.11760863927808,5988685.571428572,20.846226439184072
34.11760863927808,6138398.285714285,20.846226439184072
34.11760863927808,6288111,20.846226439184072
34.11760863927808,6437823.714285715,20.846226439184072
34.11760863927808,6587536.428571429,20.846226439184072
34.11760863927808,6737249.142857143,20.846226439184072
34.11760863927808,6886961.857142857,20.846226439184072
34.11760863927808,7036674.571428572,20.846226439184072
34.11760863927808,7186387.285714285,20.846226439184072
34.11760863927808,7336100,20.846226439184072
0.013218463993893778,177,21.55257828381597
0.3519917036096549,149889.7142857143,21.55257828381597
0.468650947219935,299602.4285714286,21.55257828381597
0.6355018633113854,449315.14285714284,21.55257828381597
0.6355018633113854,599027.8571428572,21.55257828381597
0.6844988878050418,748740.5714285715,21.55257828381597
0.6844988878050418,898453.2857142857,21.55257828381597
0.6844988878050418,1048166,21.55257828381597
0.8434539901231257,1197878.7142857143,21.55257828381597
0.8434539901231257,1347591.4285714286,21.55257828381597
0.8434539901231257,1497304.142857143,21.55257828381597
0.8434539901231257,1647016.8571428573,21.55257828381597
1.0902085397179158,1796729.5714285714,21.55257828381597
1.0902085397179158,1946442.2857142857,21.55257828381597
1.0902085397179158,2096155,21.55257828381597
1.0902085397179158,2245867.7142857146,21.55257828381597
1.0902085397179158,2395580.4285714286,21.55257828381597
1.217443559652569,2545293.1428571427,21.55257828381597
34.11760863927808,2695005.8571428573,21.55257828381597
34.11760863927808,2844718.5714285714,21.55257828381597
34.11760863927808,2994431.285714286,21.55257828381597
34.11760863927808,3144144,21.55257828381597
34.11760863927808,3293856.7142857146,21.55257828381597
34.11760863927808,3443569.4285714286,21.55257828381597
34.11760863927808,3593282.1428571427,21.55257828381597
34.11760863927808,3742994.8571428573,21.55257828381597
34.11760863927808,3892707.5714285714,21.55257828381597
34.11760863927808,4042420.285714286,21.55257828381597
34.11760863927808,4192133,21.55257828381597
34.11760863927808,4341845.714285715,21.55257828381597
34.11760863927808,4491558.428571429,21.55257828381597
34.11760863927808,4641271.142857143,21.55257828381597
34.11760863927808,4790983.857142857,21.55257828381597
34.11760863927808,4940696.571428572,21.55257828381597
34.11760863927808,5090409.285714285,21.55257828381597
34.11760863927808,5240122,21.55257828381597
34.11760863927808,5389834.714285715,21.55257828381597
34.11760863927808,5539547.428571429,21.55257828381597
34.11760863927808,5689260.142857143,21.55257828381597
34.11760863927808,5838972.857142857,21.55257828381597
34.11760863927808,5988685.571428572,21.55257828381597
34.11760863927808,6138398.285714285,21.55257828381597
34.11760863927808,6288111,21.55257828381597
34.11760863927808,6437823.714285715,21.55257828381597
34.11760863927808,6587536.428571429,21.55257828381597
34.11760863927808,6737249.142857143,21.55257828381597
34.11760863927808,6886961.857142857,21.55257828381597
34.11760863927808,7036674.571428572,21.55257828381597
34.11760863927808,7186387.285714285,21.55257828381597
34.11760863927808,7336100,21.55257828381597
0.013218463993893778,177,22.258930128447865
0.3519917036096549,149889.7142857143,22.258930128447865
0.468650947219935,299602.4285714286,22.258930128447865
0.6355018633113854,449315.14285714284,22.258930128447865
0.6355018633113854,599027.8571428572,22.258930128447865
0.6844988878050418,748740.5714285715,22.258930128447865
0.6844988878050418,898453.2857142857,22.258930128447865
0.6844988878050418,1048166,22.258930128447865
0.8434539901231257,1197878.7142857143,22.258930128447865
0.8434539901231257,1347591.4285714286,22.258930128447865
0.8434539901231257,1497304.142857143,22.258930128447865
0.8434539901231257,1647016.8571428573,22.258930128447865
1.0902085397179158,1796729.5714285714,22.258930128447865
1.0902085397179158,1946442.2857142857,22.258930128447865
1.0902085397179158,2096155,22.258930128447865
1.0902085397179158,2245867.7142857146,22.258930128447865
1.0902085397179158,2395580.4285714286,22.258930128447865
1.217443559652569,2545293.1428571427,22.258930128447865
34.11760863927808,2695005.8571428573,22.258930128447865
34.11760863927808,2844718.5714285714,22.258930128447865
34.11760863927808,2994431.285714286,22.258930128447865
34.11760863927808,3144144,22.258930128447865
34.11760863927808,3293856.7142857146,22.258930128447865
34.11760863927808,3443569.4285714286,22.258930128447865
34.11760863927808,3593282.1428571427,22.258930128447865
34.11760863927808,3742994.8571428573,22.258930128447865
34.11760863927808,3892707.5714285714,22.258930128447865
34.11760863927808,4042420.285714286,22.258930128447865
34.11760863927808,4192133,22.258930128447865
34.11760863927808,4341845.714285715,22.258930128447865
34.11760863927808,4491558.428571429,22.258930128447865
34.11760863927808,4641271.142857143,22.258930128447865
34.11760863927808,4790983.857142857,22.258930128447865
34.11760863927808,4940696.571428572,22.258930128447865
34.11760863927808,5090409.285714285,22.258930128447865
34.11760863927808,5240122,22.258930128447865
34.11760863927808,5389834.714285715,22.258930128447865
34.11760863927808,5539547.428571429,22.258930128447865
34.11760863927808,5689260.142857143,22.258930128447865
34.11760863927808,5838972.857142857,22.258930128447865
34.11760863927808,5988685.571428572,22.258930128447865
34.11760863927808,6138398.285714285,22.258930128447865
34.11760863927808,6288111,22.258930128447865
34.11760863927808,6437823.714285715,22.258930128447865
34.11760863927808,6587536.428571429,22.258930128447865
34.11760863927808,6737249.142857143,22.258930128447865
34.11760863927808,6886961.857142857,22.258930128447865
34.11760863927808,7036674.571428572,22.258930128447865
34.11760863927808,7186387.285714285,22.258930128447865
34.11760863927808,7336100,22.258930128447865
0.013218463993893778,177,22.965281973079758
0.3519917036096549,149889.7142857143,22.965281973079758
0.468650947219935,299602.4285714286,22.965281973079758
0.6355018633113854,449315.14285714284,22.965281973079758
0.6355018633113854,599027.8571428572,22.965281973079758
0.6844988878050418,748740.5714285715,22.965281973079758
0.6844988878050418,898453.2857142857,22.965281973079758
0.6844988878050418,1048166,22.965281973079758
0.8434539901231257,1197878.7142857143,22.965281973079758
0.8434539901231257,1347591.4285714286,22.965281973079758
0.8434539901231257,1497304.142857143,22.965281973079758
0.8434539901231257,1647016.8571428573,22.965281973079758
1.0902085397179158,1796729.5714285714,22.965281973079758
1.0902085397179158,1946442.2857142857,22.965281973079758
1.0902085397179158,2096155,22.965281973079758
1.0902085397179158,2245867.7142857146,22.965281973079758
1.0902085397179158,2395580.4285714286,22.965281973079758
1.217443559652569,2545293.1428571427,22.965281973079758
34.11760863927808,2695005.8571428573,22.965281973079758
34.11760863927808,2844718.5714285714,22.965281973079758
34.11760863927808,2994431.285714286,22.965281973079758
34.11760863927808,3144144,22.965281973079758
34.11760863927808,3293856.7142857146,22.965281973079758
34.11760863927808,3443569.4285714286,22.965281973079758
34.11760863927808,3593282.1428571427,22.965281973079758
34.11760863927808,3742994.8571428573,22.965281973079758
34.11760863927808,3892707.5714285714,22.965281973079758
34.11760863927808,4042420.285714286,22.965281973079758
34.11760863927808,4192133,22.965281973079758
34.11760863927808,4341845.714285715,22.965281973079758
34.11760863927808,4491558.428571429,22.965281973079758
34.11760863927808,4641271.142857143,22.965281973079758
34.11760863927808,4790983.857142857,22.965281973079758
34.11760863927808,4940696.571428572,22.965281973079758
34.11760863927808,5090409.285714285,22.965281973079758
34.11760863927808,5240122,22.965281973079758
34.11760863927808,5389834.714285715,22.965281973079758
34.11760863927808,5539547.428571429,22.965281973079758
34.11760863927808,5689260.142857143,22.965281973079758
34.11760863927808,5838972.857142857,22.965281973079758
34.11760863927808,5988685.571428572,22.965281973079758
34.11760863927808,6138398.285714285,22.965281973079758
34.11760863927808,6288111,22.965281973079758
34.11760863927808,6437823.714285715,22.965281973079758
34.11760863927808,6587536.428571429,22.965281973079758
34.11760863927808,6737249.142857143,22.965281973079758
34.11760863927808,6886961.857142857,22.965281973079758
34.11760863927808,7036674.571428572,22.965281973079758
34.11760863927808,7186387.285714285,22.965281973079758
34.11760863927808,7336100,22.965281973079758
0.01412546734368159,177,23.671633817711655
0.37614410546352806,149889.7142857143,23.671633817711655
0.5008080858410388,299602.4285714286,23.671633817711655
0.6791077103361296,449315.14285714284,23.671633817711655
0.6791077103361296,599027.8571428572,23.671633817711655
0.7314667340277193,748740.5714285715,23.671633817711655
0.7314667340277193,898453.2857142857,23.671633817711655
0.7314667340277193,1048166,23.671633817711655
0.9013287624708785,1197878.7142857143,23.671633817711655
0.9013287624708785,1347591.4285714286,23.671633817711655
0.9013287624708785,1497304.142857143,23.671633817711655
0.9013287624708785,1647016.8571428573,23.671633817711655
1.1650147197663852,1796729.5714285714,23.671633817711655
1.1650147197663852,1946442.2857142857,23.671633817711655
1.1650147197663852,2096155,23.671633817711655
1.1650147197663852,2245867.7142857146,23.671633817711655
1.1650147197663852,2395580.4285714286,23.671633817711655
1.3009801481164454,2545293.1428571427,23.671633817711655
36.45863595810042,2695005.8571428573,23.671633817711655
36.45863595810042,2844718.5714285714,23.671633817711655
36.45863595810042,2994431.285714286,23.671633817711655
36.45863595810042,3144144,23.671633817711655
36.45863595810042,3293856.7142857146,23.671633817711655
36.45863595810042,3443569.4285714286,23.671633817711655
36.45863595810042,3593282.1428571427,23.671633817711655
36.45863595810042,3742994.8571428573,23.671633817711655
36.45863595810042,3892707.5714285714,23.671633817711655
36.45863595810042,4042420.285714286,23.671633817711655
36.45863595810042,4192133,23.671633817711655
36.45863595810042,4341845.714285715,23.671633817711655
36.45863595810042,4491558.428571429,23.671633817711655
36.45863595810042,4641271.142857143,23.671633817711655
36.45863595810042,4790983.857142857,23.671633817711655
36.45863595810042,4940696.571428572,23.671633817711655
36.45863595810042,5090409.285714285,23.671633817711655
36.45863595810042,5240122,23.671633817711655
36.45863595810042,5389834.714285715,23.671633817711655
36.45863595810042,5539547.428571429,23.671633817711655
36.45863595810042,5689260.142857143,23.671633817711655
36.45863595810042,5838972.857142857,23.671633817711655
36.45863595810042,5988685.571428572,23.671633817711655
36.45863595810042,6138398.285714285,23.671633817711655
36.45863595810042,6288111,23.671633817711655
36.45863595810042,6437823.714285715,23.671633817711655
36.45863595810042,6587536.428571429,23.671633817711655
36.45863595810042,6737249.142857143,23.671633817711655
36.45863595810042,6886961.857142857,23.671633817711655
36.45863595810042,7036674.571428572,23.671633817711655
36.45863595810042,7186387.285714285,23.671633817711655
36.45863595810042,7336100,23.671633817711655
0.01412546734368159,177,24.37798566234355
0.37614410546352806,149889.7142857143,24.37798566234355
0.5008080858410388,299602.4285714286,24.37798566234355
0.6791077103361296,449315.14285714284,24.37798566234355
0.6791077103361296,599027.8571428572,24.37798566234355
0.7314667340277193,748740.5714285715,24.37798566234355
0.7314667340277193,898453.2857142857,24.37798566234355
0.7314667340277193,1048166,24.37798566234355
0.9013287624708785,1197878.7142857143,24.37798566234355
0.9013287624708785,1347591.4285714286,24.37798566234355
0.9013287624708785,1497304.142857143,24.37798566234355
0.9013287624708785,1647016.8571428573,24.37798566234355
1.1650147197663852,1796729.5714285714,24.37798566234355
1.1650147197663852,1946442.2857142857,24.37798566234355
1.1650147197663852,2096155,24.37798566234355
1.1650147197663852,2245867.7142857146,24.37798566234355
1.1650147197663852,2395580.4285714286,24.37798566234355
1.3009801481164454,2545293.1428571427,24.37798566234355
36.45863595810042,2695005.8571428573,24.37798566234355
36.45863595810042,2844718.5714285714,24.37798566234355
36.45863595810042,2994431.285714286,24.37798566234355
36.45863595810042,3144144,24.37798566234355
36.45863595810042,3293856.7142857146,24.37798566234355
36.45863595810042,3443569.4285714286,24.37798566234355
36.45863595810042,3593282.1428571427,24.37798566234355
36.45863595810042,3742994.8571428573,24.37798566234355
36.45863595810042,3892707.5714285714,24.37798566234355
36.45863595810042,4042420.285714286,24.37798566234355
36.45863595810042,4192133,24.37798566234355
36.45863595810042,4341845.714285715,24.37798566234355
36.45863595810042,4491558.428571429,24.37798566234355
36.45863595810042,4641271.142857143,24.37798566234355
36.45863595810042,4790983.857142857,24.37798566234355
36.45863595810042,4940696.571428572,24.37798566234355
36.45863595810042,5090409.285714285,24.37798566234355
36.45863595810042,5240122,24.37798566234355
36.45863595810042,5389834.714285715,24.37798566234355
36.45863595810042,5539547.428571429,24.37798566234355
36.45863595810042,5689260.142857143,24.37798566234355
36.45863595810042,5838972.857142857,24.37798566234355
36.45863595810042,5988685.571428572,24.37798566234355
36.45863595810042,6138398.285714285,24.37798566234355
36.45863595810042,6288111,24.37798566234355
36.45863595810042,6437823.714285715,24.37798566234355
36.45863595810042,6587536.428571429,24.37798566234355
36.45863595810042,6737249.142857143,24.37798566234355
36.45863595810042,6886961.857142857,24.37798566234355
36.45863595810042,7036674.571428572,24.37798566234355
36.45863595810042,7186387.285714285,24.37798566234355
36.45863595810042,7336100,24.37798566234355
0.01412546734368159,177,25.084337506975444
0.37614410546352806,149889.7142857143,25.084337506975444
0.5008080858410388,299602.4285714286,25.084337506975444
0.6791077103361296,449315.14285714284,25.084337506975444
0.6791077103361296,599027.8571428572,25.084337506975444
0.7314667340277193,748740.5714285715,25.084337506975444
0.7314667340277193,898453.2857142857,25.084337506975444
0.7314667340277193,1048166,25.084337506975444
0.9013287624708785,1197878.7142857143,25.084337506975444
0.9013287624708785,1347591.4285714286,25.084337506975444
0.9013287624708785,1497304.142857143,25.084337506975444
0.9013287624708785,1647016.8571428573,25.084337506975444
1.1650147197663852,1796729.5714285714,25.084337506975444
1.1650147197663852,1946442.2857142857,25.084337506975444
1.1650147197663852,2096155,25.084337506975444
1.1650147197663852,2245867.7142857146,25.084337506975444
1.1650147197663852,2395580.4285714286,25.084337506975444
1.3009801481164454,2545293.1428571427,25.084337506975444
36.45863595810042,2695005.8571428573,25.084337506975444
36.45863595810042,2844718.5714285714,25.084337506975444
36.45863595810042,2994431.285714286,25.084337506975444
36.45863595810042,3144144,25.084337506975444
36.45863595810042,3293856.7142857146,25.084337506975444
36.45863595810042,3443569.4285714286,25.084337506975444
36.45863595810042,3593282.1428571427,25.084337506975444
36.45863595810042,3742994.8571428573,25.084337506975444
36.45863595810042,3892707.5714285714,25.084337506975444
36.45863595810042,4042420.285714286,25.084337506975444
36.45863595810042,4192133,25.084337506975444
36.45863595810042,4341845.714285715,25.084337506975444
36.45863595810042,4491558.428571429,25.084337506975444
36.45863595810042,4641271.142857143,25.084337506975444
36.45863595810042,4790983.857142857,25.084337506975444
36.45863595810042,4940696.571428572,25.084337506975444
36.45863595810042,5090409.285714285,25.084337506975444
36.45863595810042,5240122,25.084337506975444
36.45863595810042,5389834.714285715,25.084337506975444
36.45863595810042,5539547.428571429,25.084337506975444
36.45863595810042,5689260.142857143,25.084337506975444
36.45863595810042,5838972.857142857,25.084337506975444
36.45863595810042,5988685.571428572,25.084337506975444
36.45863595810042,6138398.285714285,25.084337506975444
36.45863595810042,6288111,25.084337506975444
36.45863595810042,6437823.714285715,25.084337506975444
36.45863595810042,6587536.428571429,25.084337506975444
36.45863595810042,6737249.142857143,25.084337506975444
36.45863595810042,6886961.857142857,25.084337506975444
36.45863595810042,7036674.571428572,25.084337506975444
36.45863595810042,7186387.285714285,25.084337506975444
36.45863595810042,7336100,25.084337506975444
0.01412546734368159,177,25.79068935160734
0.37614410546352806,149889.7142857143,25.79068935160734
0.5008080858410388,299602.4285714286,25.79068935160734
0.6791077103361296,449315.14285714284,25.79068935160734
0.6791077103361296,599027.8571428572,25.79068935160734
0.7314667340277193,748740.5714285715,25.79068935160734
0.7314667340277193,898453.2857142857,25.79068935160734
0.7314667340277193,1048166,25.79068935160734
0.9013287624708785,1197878.7142857143,25.79068935160734
0.9013287624708785,1347591.4285714286,25.79068935160734
0.9013287624708785,1497304.142857143,25.79068935160734
0.9013287624708785,1647016.8571428573,25.79068935160734
1.1650147197663852,1796729.5714285714,25.79068935160734
1.1650147197663852,1946442.2857142857,25.79068935160734
1.1650147197663852,2096155,25.79068935160734
1.1650147197663852,2245867.7142857146,25.79068935160734
1.1650147197663852,2395580.4285714286,25.79068935160734
1.3009801481164454,2545293.1428571427,25.79068935160734
36.45863595810042,2695005.8571428573,25.79068935160734
36.45863595810042,2844718.5714285714,25.79068935160734
36.45863595810042,2994431.285714286,25.79068935160734
36.45863595810042,3144144,25.79068935160734
36.45863595810042,3293856.7142857146,25.79068935160734
36.45863595810042,3443569.4285714286,25.79068935160734
36.45863595810042,3593282.1428571427,25.79068935160734
36.45863595810042,3742994.8571428573,25.79068935160734
36.45863595810042,3892707.5714285714,25.79068935160734
36.45863595810042,4042420.285714286,25.79068935160734
36.45863595810042,4192133,25.79068935160734
36.45863595810042,4341845.714285715,25.79068935160734
36.45863595810042,4491558.428571429,25.79068935160734
36.45863595810042,4641271.142857143,25.79068935160734
36.45863595810042,4790983.857142857,25.79068935160734
36.45863595810042,4940696.571428572,25.79068935160734
36.45863595810042,5090409.285714285,25.79068935160734
36.45863595810042,5240122,25.79068935160734
36.45863595810042,5389834.714285715,25.79068935160734
36.45863595810042,5539547.428571429,25.79068935160734
36.45863595810042,5689260.142857143,25.79068935160734
36.45863595810042,5838972.857142857,25.79068935160734
36.45863595810042,5988685.571428572,25.79068935160734
36.45863595810042,6138398.285714285,25.79068935160734
36.45863595810042,6288111,25.79068935160734
36.45863595810042,6437823.714285715,25.79068935160734
36.45863595810042,6587536.428571429,25.79068935160734
36.45863595810042,6737249.142857143,25.79068935160734
36.45863595810042,6886961.857142857,25.79068935160734
36.45863595810042,7036674.571428572,25.79068935160734
36.45863595810042,7186387.285714285,25.79068935160734
36.45863595810042,7336100,25.79068935160734
0.014315339482124772,177,26.497041196239238
0.3812001707907475,149889.7142857143,26.497041196239238
0.5086352205333243,299602.4285714286,26.497041196239238
0.6897214916820196,449315.14285714284,26.497041196239238
0.6897214916820196,599027.8571428572,26.497041196239238
0.7428988350900381,748740.5714285715,26.497041196239238
0.7428988350900381,898453.2857142857,26.497041196239238
0.7428988350900381,1048166,26.497041196239238
0.9154156389118668,1197878.7142857143,26.497041196239238
0.9154156389118668,1347591.4285714286,26.497041196239238
0.9154156389118668,1497304.142857143,26.497041196239238
0.9154156389118668,1647016.8571428573,26.497041196239238
1.1980801071105116,1796729.5714285714,26.497041196239238
1.1980801071105116,1946442.2857142857,26.497041196239238
1.1980801071105116,2096155,26.497041196239238
1.1980801071105116,2245867.7142857146,26.497041196239238
1.1980801071105116,2395580.4285714286,26.497041196239238
1.3918172453764115,2545293.1428571427,26.497041196239238
184.07694541060042,2695005.8571428573,26.497041196239238
184.07694541060042,2844718.5714285714,26.497041196239238
184.07694541060042,2994431.285714286,26.497041196239238
184.07694541060042,3144144,26.497041196239238
184.07694541060042,3293856.7142857146,26.497041196239238
184.07694541060042,3443569.4285714286,26.497041196239238
184.07694541060042,3593282.1428571427,26.497041196239238
184.07694541060042,3742994.8571428573,26.497041196239238
184.07694541060042,3892707.5714285714,26.497041196239238
184.07694541060042,4042420.285714286,26.497041196239238
184.07694541060042,4192133,26.497041196239238
184.07694541060042,4341845.714285715,26.497041196239238
184.07694541060042,4491558.428571429,26.497041196239238
184.07694541060042,4641271.142857143,26.497041196239238
184.07694541060042,4790983.857142857,26.497041196239238
184.07694541060042,4940696.571428572,26.497041196239238
184.07694541060042,5090409.285714285,26.497041196239238
184.07694541060042,5240122,26.497041196239238
184.07694541060042,5389834.714285715,26.497041196239238
184.07694541060042,5539547.428571429,26.497041196239238
184.07694541060042,5689260.142857143,26.497041196239238
184.07694541060042,5838972.857142857,26.497041196239238
184.07694541060042,5988685.571428572,26.497041196239238
184.07694541060042,6138398.285714285,26.497041196239238
184.07694541060042,6288111,26.497041196239238
184.07694541060042,6437823.714285715,26.497041196239238
184.07694541060042,6587536.428571429,26.497041196239238
184.07694541060042,6737249.142857143,26.497041196239238
184.07694541060042,6886961.857142857,26.497041196239238
184.07694541060042,7036674.571428572,26.497041196239238
184.07694541060042,7186387.285714285,26.497041196239238
184.07694541060042,7336100,26.497041196239238
0.014315339482124772,177,27.203393040871134
0.3812001707907475,149889.7142857143,27.203393040871134
0.5086352205333243,299602.4285714286,27.203393040871134
0.6897214916820196,449315.14285714284,27.203393040871134
0.6897214916820196,599027.8571428572,27.203393040871134
0.7428988350900381,748740.5714285715,27.203393040871134
0.7428988350900381,898453.2857142857,27.203393040871134
0.7428988350900381,1048166,27.203393040871134
0.9154156389118668,1197878.7142857143,27.203393040871134
0.9154156389118668,1347591.4285714286,27.203393040871134
0.9154156389118668,1497304.142857143,27.203393040871134
0.9154156389118668,1647016.8571428573,27.203393040871134
1.1980801071105116,1796729.5714285714,27.203393040871134
1.1980801071105116,1946442.2857142857,27.203393040871134
1.1980801071105116,2096155,27.203393040871134
1.1980801071105116,2245867.7142857146,27.203393040871134
1.1980801071105116,2395580.4285714286,27.203393040871134
1.3918172453764115,2545293.1428571427,27.203393040871134
184.07694541060042,2695005.8571428573,27.203393040871134
184.07694541060042,2844718.5714285714,27.203393040871134
184.07694541060042,2994431.285714286,27.203393040871134
184.07694541060042,3144144,27.203393040871134
184.07694541060042,3293856.7142857146,27.203393040871134
184.07694541060042,3443569.4285714286,27.203393040871134
184.07694541060042,3593282.1428571427,27.203393040871134
184.07694541060042,3742994.8571428573,27.203393040871134
184.07694541060042,3892707.5714285714,27.203393040871134
184.07694541060042,4042420.285714286,27.203393040871134
184.07694541060042,4192133,27.203393040871134
184.07694541060042,4341845.714285715,27.203393040871134
184.07694541060042,4491558.428571429,27.203393040871134
184.07694541060042,4641271.142857143,27.203393040871134
184.07694541060042,4790983.857142857,27.203393040871134
184.07694541060042,4940696.571428572,27.203393040871134
184.07694541060042,5090409.285714285,27.203393040871134
184.07694541060042,5240122,27.203393040871134
184.07694541060042,5389834.714285715,27.203393040871134
184.07694541060042,5539547.428571429,27.203393040871134
184.07694541060042,5689260.142857143,27.203393040871134
184.07694541060042,5838972.857142857,27.203393040871134
184.07694541060042,5988685.571428572,27.203393040871134
184.07694541060042,6138398.285714285,27.203393040871134
184.07694541060042,6288111,27.203393040871134
184.07694541060042,6437823.714285715,27.203393040871134
184.07694541060042,6587536.428571429,27.203393040871134
184.07694541060042,6737249.142857143,27.203393040871134
184.07694541060042,6886961.857142857,27.203393040871134
184.07694541060042,7036674.571428572,27.203393040871134
184.07694541060042,7186387.285714285,27.203393040871134
184.07694541060042,7336100,27.203393040871134
0.014315339482124772,177,27.90974488550303
0.3812001707907475,149889.7142857143,27.90974488550303
0.5086352205333243,299602.4285714286,27.90974488550303
0.6897214916820196,449315.14285714284,27.90974488550303
0.6897214916820196,599027.8571428572,27.90974488550303
0.7428988350900381,748740.5714285715,27.90974488550303
0.7428988350900381,898453.2857142857,27.90974488550303
0.7428988350900381,1048166,27.90974488550303
0.9154156389118668,1197878.7142857143,27.90974488550303
0.9154156389118668,1347591.4285714286,27.90974488550303
0.9154156389118668,1497304.142857143,27.90974488550303
0.9154156389118668,1647016.8571428573,27.90974488550303
1.1980801071105116,1796729.5714285714,27.90974488550303
1.1980801071105116,1946442.2857142857,27.90974488550303
1.1980801071105116,2096155,27.90974488550303
1.1980801071105116,2245867.7142857146,27.90974488550303
1.1980801071105116,2395580.4285714286,27.90974488550303
1.3918172453764115,2545293.1428571427,27.90974488550303
184.07694541060042,2695005.8571428573,27.90974488550303
184.07694541060042,2844718.5714285714,27.90974488550303
184.07694541060042,2994431.285714286,27.90974488550303
184.07694541060042,3144144,27.90974488550303
184.07694541060042,3293856.7142857146,27.90974488550303
184.07694541060042,3443569.4285714286,27.90974488550303
184.07694541060042,3593282.1428571427,27.90974488550303
184.07694541060042,3742994.8571428573,27.90974488550303
184.07694541060042,3892707.5714285714,27.90974488550303
184.07694541060042,4042420.285714286,27.90974488550303
184.07694541060042,4192133,27.90974488550303
184.07694541060042,4341845.714285715,27.90974488550303
184.07694541060042,4491558.428571429,27.90974488550303
184.07694541060042,4641271.142857143,27.90974488550303
184.07694541060042,4790983.857142857,27.90974488550303
184.07694541060042,4940696.571428572,27.90974488550303
184.07694541060042,5090409.285714285,27.90974488550303
184.07694541060042,5240122,27.90974488550303
184.07694541060042,5389834.714285715,27.90974488550303
184.07694541060042,5539547.428571429,27.90974488550303
184.07694541060042,5689260.142857143,27.90974488550303
184.07694541060042,5838972.857142857,27.90974488550303
184.07694541060042,5988685.571428572,27.90974488550303
184.07694541060042,6138398.285714285,27.90974488550303
184.07694541060042,6288111,27.90974488550303
184.07694541060042,6437823.714285715,27.90974488550303
184.07694541060042,6587536.428571429,27.90974488550303
184.07694541060042,6737249.142857143,27.90974488550303
184.07694541060042,6886961.857142857,27.90974488550303
184.07694541060042,7036674.571428572,27.90974488550303
184.07694541060042,7186387.285714285,27.90974488550303
184.07694541060042,7336100,27.90974488550303
0.014315339482124772,177,28.616096730134924
0.3812001707907475,149889.7142857143,28.616096730134924
0.5086352205333243,299602.4285714286,28.616096730134924
0.6897214916820196,449315.14285714284,28.616096730134924
0.6897214916820196,599027.8571428572,28.616096730134924
0.7428988350900381,748740.5714285715,28.616096730134924
0.7428988350900381,898453.2857142857,28.616096730134924
0.7428988350900381,1048166,28.616096730134924
0.9154156389118668,1197878.7142857143,28.616096730134924
0.9154156389118668,1347591.4285714286,28.616096730134924
0.9154156389118668,1497304.142857143,28.616096730134924
0.9154156389118668,1647016.8571428573,28.616096730134924
1.1980801071105116,1796729.5714285714,28.616096730134924
1.1980801071105116,1946442.2857142857,28.616096730134924
1.1980801071105116,2096155,28.616096730134924
1.1980801071105116,2245867.7142857146,28.616096730134924
1.1980801071105116,2395580.4285714286,28.616096730134924
1.3918172453764115,2545293.1428571427,28.616096730134924
184.07694541060042,2695005.8571428573,28.616096730134924
184.07694541060042,2844718.5714285714,28.616096730134924
184.07694541060042,2994431.285714286,28.616096730134924
184.07694541060042,3144144,28.616096730134924
184.07694541060042,3293856.7142857146,28.616096730134924
184.07694541060042,3443569.4285714286,28.616096730134924
184.07694541060042,3593282.1428571427,28.616096730134924
184.07694541060042,3742994.8571428573,28.616096730134924
184.07694541060042,3892707.5714285714,28.616096730134924
184.07694541060042,4042420.285714286,28.616096730134924
184.07694541060042,4192133,28.616096730134924
184.07694541060042,4341845.714285715,28.616096730134924
184.07694541060042,4491558.428571429,28.616096730134924
184.07694541060042,4641271.142857143,28.616096730134924
184.07694541060042,4790983.857142857,28.616096730134924
184.07694541060042,4940696.571428572,28.616096730134924
184.07694541060042,5090409.285714285,28.616096730134924
184.07694541060042,5240122,28.616096730134924
184.07694541060042,5389834.714285715,28.616096730134924
184.07694541060042,5539547.428571429,28.616096730134924
184.07694541060042,5689260.142857143,28.616096730134924
184.07694541060042,5838972.857142857,28.616096730134924
184.07694541060042,5988685.571428572,28.616096730134924
184.07694541060042,6138398.285714285,28.616096730134924
184.07694541060042,6288111,28.616096730134924
184.07694541060042,6437823.714285715,28.616096730134924
184.07694541060042,6587536.428571429,28.616096730134924
184.07694541060042,6737249.142857143,28.616096730134924
184.07694541060042,6886961.857142857,28.616096730134924
184.07694541060042,7036674.571428572,28.616096730134924
184.07694541060042,7186387.285714285,28.616096730134924
184.07694541060042,7336100,28.616096730134924
0.014315339482124772,177,29.32244857476682
0.3812001707907475,149889.7142857143,29.32244857476682
0.5086352205333243,299602.4285714286,29.32244857476682
0.6897214916820196,449315.14285714284,29.32244857476682
0.6897214916820196,599027.8571428572,29.32244857476682
0.7428988350900381,748740.5714285715,29.32244857476682
0.7428988350900381,898453.2857142857,29.32244857476682
0.7428988350900381,1048166,29.32244857476682
0.9154156389118668,1197878.7142857143,29.32244857476682
0.9154156389118668,1347591.4285714286,29.32244857476682
0.9154156389118668,1497304.142857143,29.32244857476682
0.9154156389118668,1647016.8571428573,29.32244857476682
1.1980801071105116,1796729.5714285714,29.32244857476682
1.1980801071105116,1946442.2857142857,29.32244857476682
1.1980801071105116,2096155,29.32244857476682
1.1980801071105116,2245867.7142857146,29.32244857476682
1.1980801071105116,2395580.4285714286,29.32244857476682
1.3918172453764115,2545293.1428571427,29.32244857476682
184.07694541060042,2695005.8571428573,29.32244857476682
184.07694541060042,2844718.5714285714,29.32244857476682
184.07694541060042,2994431.285714286,29.32244857476682
184.07694541060042,3144144,29.32244857476682
184.07694541060042,3293856.7142857146,29.32244857476682
184.07694541060042,3443569.4285714286,29.32244857476682
184.07694541060042,3593282.1428571427,29.32244857476682
184.07694541060042,3742994.8571428573,29.32244857476682
184.07694541060042,3892707.5714285714,29.32244857476682
184.07694541060042,4042420.285714286,29.32244857476682
184.07694541060042,4192133,29.32244857476682
184.07694541060042,4341845.714285715,29.32244857476682
184.07694541060042,4491558.428571429,29.32244857476682
184.07694541060042,4641271.142857143,29.32244857476682
184.07694541060042,4790983.857142857,29.32244857476682
184.07694541060042,4940696.571428572,29.32244857476682
184.07694541060042,5090409.285714285,29.32244857476682
184.07694541060042,5240122,29.32244857476682
184.07694541060042,5389834.714285715,29.32244857476682
184.07694541060042,5539547.428571429,29.32244857476682
184.07694541060042,5689260.142857143,29.32244857476682
184.07694541060042,5838972.857142857,29.32244857476682
184.07694541060042,5988685.571428572,29.32244857476682
184.07694541060042,6138398.285714285,29.32244857476682
184.07694541060042,6288111,29.32244857476682
184.07694541060042,6437823.714285715,29.32244857476682
184.07694541060042,6587536.428571429,29.32244857476682
184.07694541060042,6737249.142857143,29.32244857476682
184.07694541060042,6886961.857142857,29.32244857476682
184.07694541060042,7036674.571428572,29.32244857476682
184.07694541060042,7186387.285714285,29.32244857476682
184.07694541060042,7336100,29.32244857476682
0.015203976110123293,177,30.028800419398717
0.4048634890646129,149889.7142857143,30.028800419398717
0.5465085776921312,299602.4285714286,30.028800419398717
0.741078667394681,449315.14285714284,30.028800419398717
0.741078667394681,599027.8571428572,30.028800419398717
0.7982156353791034,748740.5714285715,30.028800419398717
0.7982156353791034,898453.2857142857,30.028800419398717
0.7982156353791034,1048166,30.028800419398717
0.9835781688383509,1197878.7142857143,30.028800419398717
0.9835781688383509,1347591.4285714286,30.028800419398717
0.9835781688383509,1497304.142857143,30.028800419398717
0.9835781688383509,1647016.8571428573,30.028800419398717
1.3980788846227008,1796729.5714285714,30.028800419398717
1.3980788846227008,1946442.2857142857,30.028800419398717
1.3980788846227008,2096155,30.028800419398717
1.3980788846227008,2245867.7142857146,30.028800419398717
1.3980788846227008,2395580.4285714286,30.028800419398717
2.4507796703689615,2545293.1428571427,30.028800419398717
209957.20508213513,2695005.8571428573,30.028800419398717
209957.20508213513,2844718.5714285714,30.028800419398717
209957.20508213513,2994431.285714286,30.028800419398717
209957.20508213513,3144144,30.028800419398717
209957.20508213513,3293856.7142857146,30.028800419398717
209957.20508213513,3443569.4285714286,30.028800419398717
209957.20508213513,3593282.1428571427,30.028800419398717
209957.20508213513,3742994.8571428573,30.028800419398717
209957.20508213513,3892707.5714285714,30.028800419398717
209957.20508213513,4042420.285714286,30.028800419398717
209957.20508213513,4192133,30.028800419398717
209957.20508213513,4341845.714285715,30.028800419398717
209957.20508213513,4491558.428571429,30.028800419398717
209957.20508213513,4641271.142857143,30.028800419398717
209957.20508213513,4790983.857142857,30.028800419398717
209957.20508213513,4940696.571428572,30.028800419398717
209957.20508213513,5090409.285714285,30.028800419398717
209957.20508213513,5240122,30.028800419398717
209957.20508213513,5389834.714285715,30.028800419398717
209957.20508213513,5539547.428571429,30.028800419398717
209957.20508213513,5689260.142857143,30.028800419398717
209957.20508213513,5838972.857142857,30.028800419398717
209957.20508213513,5988685.571428572,30.028800419398717
209957.20508213513,6138398.285714285,30.028800419398717
209957.20508213513,6288111,30.028800419398717
209957.20508213513,6437823.714285715,30.028800419398717
209957.20508213513,6587536.428571429,30.028800419398717
209957.20508213513,6737249.142857143,30.028800419398717
209957.20508213513,6886961.857142857,30.028800419398717
209957.20508213513,7036674.571428572,30.028800419398717
209957.20508213513,7186387.285714285,30.028800419398717
209957.20508213513,7336100,30.028800419398717
0.015203976110123293,177,30.73515226403061
0.4048634890646129,149889.7142857143,30.73515226403061
0.5465085776921312,299602.4285714286,30.73515226403061
0.741078667394681,449315.14285714284,30.73515226403061
0.741078667394681,599027.8571428572,30.73515226403061
0.7982156353791034,748740.5714285715,30.73515226403061
0.7982156353791034,898453.2857142857,30.73515226403061
0.7982156353791034,1048166,30.73515226403061
0.9835781688383509,1197878.7142857143,30.73515226403061
0.9835781688383509,1347591.4285714286,30.73515226403061
0.9835781688383509,1497304.142857143,30.73515226403061
0.9835781688383509,1647016.8571428573,30.73515226403061
1.3980788846227008,1796729.5714285714,30.73515226403061
1.3980788846227008,1946442.2857142857,30.73515226403061
1.3980788846227008,2096155,30.73515226403061
1.3980788846227008,2245867.7142857146,30.73515226403061
1.3980788846227008,2395580.4285714286,30.73515226403061
2.4507796703689615,2545293.1428571427,30.73515226403061
209957.20508213513,2695005.8571428573,30.73515226403061
209957.20508213513,2844718.5714285714,30.73515226403061
209957.20508213513,2994431.285714286,30.73515226403061
209957.20508213513,3144144,30.73515226403061
209957.20508213513,3293856.7142857146,30.73515226403061
209957.20508213513,3443569.4285714286,30.73515226403061
209957.20508213513,3593282.1428571427,30.73515226403061
209957.20508213513,3742994.8571428573,30.73515226403061
209957.20508213513,3892707.5714285714,30.73515226403061
209957.20508213513,4042420.285714286,30.73515226403061
209957.20508213513,4192133,30.73515226403061
209957.20508213513,4341845.714285715,30.73515226403061
209957.20508213513,4491558.428571429,30.73515226403061
209957.20508213513,4641271.142857143,30.73515226403061
209957.20508213513,4790983.857142857,30.73515226403061
209957.20508213513,4940696.571428572,30.73515226403061
209957.20508213513,5090409.285714285,30.73515226403061
209957.20508213513,5240122,30.73515226403061
209957.20508213513,5389834.714285715,30.73515226403061
209957.20508213513,5539547.428571429,30.73515226403061
209957.20508213513,5689260.142857143,30.73515226403061
209957.20508213513,5838972.857142857,30.73515226403061
209957.20508213513,5988685.571428572,30.73515226403061
209957.20508213513,6138398.285714285,30.73515226403061
209957.20508213513,6288111,30.73515226403061
209957.20508213513,6437823.714285715,30.73515226403061
209957.20508213513,6587536.428571429,30.73515226403061
209957.20508213513,6737249.142857143,30.73515226403061
209957.20508213513,6886961.857142857,30.73515226403061
209957.20508213513,7036674.571428572,30.73515226403061
209957.20508213513,7186387.285714285,30.73515226403061
209957.20508213513,7336100,30.73515226403061
0.015203976110123293,177,31.441504108662507
0.4048634890646129,149889.7142857143,31.441504108662507
0.5465085776921312,299602.4285714286,31.441504108662507
0.741078667394681,449315.14285714284,31.441504108662507
0.741078667394681,599027.8571428572,31.441504108662507
0.7982156353791034,748740.5714285715,31.441504108662507
0.7982156353791034,898453.2857142857,31.441504108662507
0.7982156353791034,1048166,31.441504108662507
0.9835781688383509,1197878.7142857143,31.441504108662507
0.9835781688383509,1347591.4285714286,31.441504108662507
0.9835781688383509,1497304.142857143,31.441504108662507
0.9835781688383509,1647016.8571428573,31.441504108662507
1.3980788846227008,1796729.5714285714,31.441504108662507
1.3980788846227008,1946442.2857142857,31.441504108662507
1.3980788846227008,2096155,31.441504108662507
1.3980788846227008,2245867.7142857146,31.441504108662507
1.3980788846227008,2395580.4285714286,31.441504108662507
2.4507796703689615,2545293.1428571427,31.441504108662507
209957.20508213513,2695005.8571428573,31.441504108662507
209957.20508213513,2844718.5714285714,31.441504108662507
209957.20508213513,2994431.285714286,31.441504108662507
209957.20508213513,3144144,31.441504108662507
209957.20508213513,3293856.7142857146,31.441504108662507
209957.20508213513,3443569.4285714286,31.441504108662507
209957.20508213513,3593282.1428571427,31.441504108662507
209957.20508213513,3742994.8571428573,31.441504108662507
209957.20508213513,3892707.5714285714,31.441504108662507
209957.20508213513,4042420.285714286,31.441504108662507
209957.20508213513,4192133,31.441504108662507
209957.20508213513,4341845.714285715,31.441504108662507
209957.20508213513,4491558.428571429,31.441504108662507
209957.20508213513,4641271.142857143,31.441504108662507
209957.20508213513,4790983.857142857,31.441504108662507
209957.20508213513,4940696.571428572,31.441504108662507
209957.20508213513,5090409.285714285,31.441504108662507
209957.20508213513,5240122,31.441504108662507
209957.20508213513,5389834.714285715,31.441504108662507
209957.20508213513,5539547.428571429,31.441504108662507
209957.20508213513,5689260.142857143,31.441504108662507
209957.20508213513,5838972.857142857,31.441504108662507
209957.20508213513,5988685.571428572,31.441504108662507
209957.20508213513,6138398.285714285,31.441504108662507
209957.20508213513,6288111,31.441504108662507
209957.20508213513,6437823.714285715,31.441504108662507
209957.20508213513,6587536.428571429,31.441504108662507
209957.20508213513,6737249.142857143,31.441504108662507
209957.20508213513,6886961.857142857,31.441504108662507
209957.20508213513,7036674.571428572,31.441504108662507
209957.20508213513,7186387.285714285,31.441504108662507
209957.20508213513,7336100,31.441504108662507
0.015203976110123293,177,32.1478559532944
0.4048634890646129,149889.7142857143,32.1478559532944
0.5465085776921312,299602.4285714286,32.1478559532944
0.741078667394681,449315.14285714284,32.1478559532944
0.741078667394681,599027.8571428572,32.1478559532944
0.7982156353791034,748740.5714285715,32.1478559532944
0.7982156353791034,898453.2857142857,32.1478559532944
0.7982156353791034,1048166,32.1478559532944
0.9835781688383509,1197878.7142857143,32.1478559532944
0.9835781688383509,1347591.4285714286,32.1478559532944
0.9835781688383509,1497304.142857143,32.1478559532944
0.9835781688383509,1647016.8571428573,32.1478559532944
1.3980788846227008,1796729.5714285714,32.1478559532944
1.3980788846227008,1946442.2857142857,32.1478559532944
1.3980788846227008,2096155,32.1478559532944
1.3980788846227008,2245867.7142857146,32.1478559532944
1.3980788846227008,2395580.4285714286,32.1478559532944
2.4507796703689615,2545293.1428571427,32.1478559532944
209957.20508213513,2695005.8571428573,32.1478559532944
209957.20508213513,2844718.5714285714,32.1478559532944
209957.20508213513,2994431.285714286,32.1478559532944
209957.20508213513,3144144,32.1478559532944
209957.20508213513,3293856.7142857146,32.1478559532944
209957.20508213513,3443569.4285714286,32.1478559532944
209957.20508213513,3593282.1428571427,32.1478559532944
209957.20508213513,3742994.8571428573,32.1478559532944
209957.20508213513,3892707.5714285714,32.1478559532944
209957.20508213513,4042420.285714286,32.1478559532944
209957.20508213513,4192133,32.1478559532944
209957.20508213513,4341845.714285715,32.1478559532944
209957.20508213513,4491558.428571429,32.1478559532944
209957.20508213513,4641271.142857143,32.1478559532944
209957.20508213513,4790983.857142857,32.1478559532944
209957.20508213513,4940696.571428572,32.1478559532944
209957.20508213513,5090409.285714285,32.1478559532944
209957.20508213513,5240122,32.1478559532944
209957.20508213513,5389834.714285715,32.1478559532944
209957.20508213513,5539547.428571429,32.1478559532944
209957.20508213513,5689260.142857143,32.1478559532944
209957.20508213513,5838972.857142857,32.1478559532944
209957.20508213513,5988685.571428572,32.1478559532944
209957.20508213513,6138398.285714285,32.1478559532944
209957.20508213513,6288111,32.1478559532944
209957.20508213513,6437823.714285715,32.1478559532944
209957.20508213513,6587536.428571429,32.1478559532944
209957.20508213513,6737249.142857143,32.1478559532944
209957.20508213513,6886961.857142857,32.1478559532944
209957.20508213513,7036674.571428572,32.1478559532944
209957.20508213513,7186387.285714285,32.1478559532944
209957.20508213513,7336100,32.1478559532944
0.015203976110123293,177,32.8542077979263
0.4048634890646129,149889.7142857143,32.8542077979263
0.5465085776921312,299602.4285714286,32.8542077979263
0.741078667394681,449315.14285714284,32.8542077979263
0.741078667394681,599027.8571428572,32.8542077979263
0.7982156353791034,748740.5714285715,32.8542077979263
0.7982156353791034,898453.2857142857,32.8542077979263
0.7982156353791034,1048166,32.8542077979263
0.9835781688383509,1197878.7142857143,32.8542077979263
0.9835781688383509,1347591.4285714286,32.8542077979263
0.9835781688383509,1497304.142857143,32.8542077979263
0.9835781688383509,1647016.8571428573,32.8542077979263
1.3980788846227008,1796729.5714285714,32.8542077979263
1.3980788846227008,1946442.2857142857,32.8542077979263
1.3980788846227008,2096155,32.8542077979263
1.3980788846227008,2245867.7142857146,32.8542077979263
1.3980788846227008,2395580.4285714286,32.8542077979263
2.4507796703689615,2545293.1428571427,32.8542077979263
209957.20508213513,2695005.8571428573,32.8542077979263
209957.20508213513,2844718.5714285714,32.8542077979263
209957.20508213513,2994431.285714286,32.8542077979263
209957.20508213513,3144144,32.8542077979263
209957.20508213513,3293856.7142857146,32.8542077979263
209957.20508213513,3443569.4285714286,32.8542077979263
209957.20508213513,3593282.1428571427,32.8542077979263
209957.20508213513,3742994.8571428573,32.8542077979263
209957.20508213513,3892707.5714285714,32.8542077979263
209957.20508213513,4042420.285714286,32.8542077979263
209957.20508213513,4192133,32.8542077979263
209957.20508213513,4341845.714285715,32.8542077979263
209957.20508213513,4491558.428571429,32.8542077979263
209957.20508213513,4641271.142857143,32.8542077979263
209957.20508213513,4790983.857142857,32.8542077979263
209957.20508213513,4940696.571428572,32.8542077979263
209957.20508213513,5090409.285714285,32.8542077979263
209957.20508213513,5240122,32.8542077979263
209957.20508213513,5389834.714285715,32.8542077979263
209957.20508213513,5539547.428571429,32.8542077979263
209957.20508213513,5689260.142857143,32.8542077979263
209957.20508213513,5838972.857142857,32.8542077979263
209957.20508213513,5988685.571428572,32.8542077979263
209957.20508213513,6138398.285714285,32.8542077979263
209957.20508213513,6288111,32.8542077979263
209957.20508213513,6437823.714285715,32.8542077979263
209957.20508213513,6587536.428571429,32.8542077979263
209957.20508213513,6737249.142857143,32.8542077979263
209957.20508213513,6886961.857142857,32.8542077979263
209957.20508213513,7036674.571428572,32.8542077979263
209957.20508213513,7186387.285714285,32.8542077979263
209957.20508213513,7336100,32.8542077979263
0.015203976110123293,177,33.5605596425582
0.4048634890646129,149889.7142857143,33.5605596425582
0.5465085776921312,299602.4285714286,33.5605596425582
0.741078667394681,449315.14285714284,33.5605596425582
0.741078667394681,599027.8571428572,33.5605596425582
0.7982156353791034,748740.5714285715,33.5605596425582
0.7982156353791034,898453.2857142857,33.5605596425582
0.7982156353791034,1048166,33.5605596425582
0.9835781688383509,1197878.7142857143,33.5605596425582
0.9835781688383509,1347591.4285714286,33.5605596425582
0.9835781688383509,1497304.142857143,33.5605596425582
0.9835781688383509,1647016.8571428573,33.5605596425582
1.3980788846227008,1796729.5714285714,33.5605596425582
1.3980788846227008,1946442.2857142857,33.5605596425582
1.3980788846227008,2096155,33.5605596425582
1.3980788846227008,2245867.7142857146,33.5605596425582
1.3980788846227008,2395580.4285714286,33.5605596425582
2.4507796703689615,2545293.1428571427,33.5605596425582
209957.20508213513,2695005.8571428573,33.5605596425582
209957.20508213513,2844718.5714285714,33.5605596425582
209957.20508213513,2994431.285714286,33.5605596425582
209957.20508213513,3144144,33.5605596425582
209957.20508213513,3293856.7142857146,33.5605596425582
209957.20508213513,3443569.4285714286,33.5605596425582
209957.20508213513,3593282.1428571427,33.5605596425582
209957.20508213513,3742994.8571428573,33.5605596425582
209957.20508213513,3892707.5714285714,33.5605596425582
209957.20508213513,4042420.285714286,33.5605596425582
209957.20508213513,4192133,33.5605596425582
209957.20508213513,4341845.714285715,33.5605596425582
209957.20508213513,4491558.428571429,33.5605596425582
209957.20508213513,4641271.142857143,33.5605596425582
209957.20508213513,4790983.857142857,33.5605596425582
209957.20508213513,4940696.571428572,33.5605596425582
209957.20508213513,5090409.285714285,33.5605596425582
209957.20508213513,5240122,33.5605596425582
209957.20508213513,5389834.714285715,33.5605596425582
209957.20508213513,5539547.428571429,33.5605596425582
209957.20508213513,5689260.142857143,33.5605596425582
209957.20508213513,5838972.857142857,33.5605596425582
209957.20508213513,5988685.571428572,33.5605596425582
209957.20508213513,6138398.285714285,33.5605596425582
209957.20508213513,6288111,33.5605596425582
209957.20508213513,6437823.714285715,33.5605596425582
209957.20508213513,6587536.428571429,33.5605596425582
209957.20508213513,6737249.142857143,33.5605596425582
209957.20508213513,6886961.857142857,33.5605596425582
209957.20508213513,7036674.571428572,33.5605596425582
209957.20508213513,7186387.285714285,33.5605596425582
209957.20508213513,7336100,33.5605596425582
0.01426713690131502,177,34.266911487190086
0.37991659438236564,149889.7142857143,34.266911487190086
0.506640563623075,299602.4285714286,34.266911487190086
0.6870166893325313,449315.14285714284,34.266911487190086
0.6870166893325313,599027.8571428572,34.266911487190086
0.7399854931994102,748740.5714285715,34.266911487190086
0.7399854931994102,898453.2857142857,34.266911487190086
0.7399854931994102,1048166,34.266911487190086
0.9118257574876287,1197878.7142857143,34.266911487190086
0.9118257574876287,1347591.4285714286,34.266911487190086
0.9118257574876287,1497304.142857143,34.266911487190086
0.9118257574876287,1647016.8571428573,34.266911487190086
1.1894525114356709,1796729.5714285714,34.266911487190086
1.1894525114356709,1946442.2857142857,34.266911487190086
1.1894525114356709,2096155,34.266911487190086
1.1894525114356709,2245867.7142857146,34.266911487190086
1.1894525114356709,2395580.4285714286,34.266911487190086
1.3665471628664927,2545293.1428571427,34.266911487190086
121.76346281305074,2695005.8571428573,34.266911487190086
121.76346281305074,2844718.5714285714,34.266911487190086
121.76346281305074,2994431.285714286,34.266911487190086
121.76346281305074,3144144,34.266911487190086
121.76346281305074,3293856.7142857146,34.266911487190086
121.76346281305074,3443569.4285714286,34.266911487190086
121.76346281305074,3593282.1428571427,34.266911487190086
121.76346281305074,3742994.8571428573,34.266911487190086
121.76346281305074,3892707.5714285714,34.266911487190086
121.76346281305074,4042420.285714286,34.266911487190086
121.76346281305074,4192133,34.266911487190086
121.76346281305074,4341845.714285715,34.266911487190086
121.76346281305074,4491558.428571429,34.266911487190086
121.76346281305074,4641271.142857143,34.266911487190086
121.76346281305074,4790983.857142857,34.266911487190086
121.76346281305074,4940696.571428572,34.266911487190086
121.76346281305074,5090409.285714285,34.266911487190086
121.76346281305074,5240122,34.266911487190086
121.76346281305074,5389834.714285715,34.266911487190086
121.76346281305074,5539547.428571429,34.266911487190086
121.76346281305074,5689260.142857143,34.266911487190086
121.76346281305074,5838972.857142857,34.266911487190086
121.76346281305074,5988685.571428572,34.266911487190086
121.76346281305074,6138398.285714285,34.266911487190086
121.76346281305074,6288111,34.266911487190086
121.76346281305074,6437823.714285715,34.266911487190086
121.76346281305074,6587536.428571429,34.266911487190086
121.76346281305074,6737249.142857143,34.266911487190086
121.76346281305074,6886961.857142857,34.266911487190086
121.76346281305074,7036674.571428572,34.266911487190086
121.76346281305074,7186387.285714285,34.266911487190086
121.76346281305074,7336100,34.266911487190086
0.012853914852056501,177,34.97326333182198
0.3422842010175219,149889.7142857143,34.97326333182198
0.4564556091705177,299602.4285714286,34.97326333182198
0.6189646940170708,449315.14285714284,34.97326333182198
0.6189646940170708,599027.8571428572,34.97326333182198
0.6666867071602532,748740.5714285715,34.97326333182198
0.6666867071602532,898453.2857142857,34.97326333182198
0.6666867071602532,1048166,34.97326333182198
0.82150544483649,1197878.7142857143,34.97326333182198
0.82150544483649,1347591.4285714286,34.97326333182198
0.82150544483649,1497304.142857143,34.97326333182198
0.82150544483649,1647016.8571428573,34.97326333182198
1.0716320596285618,1796729.5714285714,34.97326333182198
1.0716320596285618,1946442.2857142857,34.97326333182198
1.0716320596285618,2096155,34.97326333182198
1.0716320596285618,2245867.7142857146,34.97326333182198
1.0716320596285618,2395580.4285714286,34.97326333182198
1.231184714515934,2545293.1428571427,34.97326333182198
109.70226149201953,2695005.8571428573,34.97326333182198
109.70226149201953,2844718.5714285714,34.97326333182198
109.70226149201953,2994431.285714286,34.97326333182198
109.70226149201953,3144144,34.97326333182198
109.70226149201953,3293856.7142857146,34.97326333182198
109.70226149201953,3443569.4285714286,34.97326333182198
109.70226149201953,3593282.1428571427,34.97326333182198
109.70226149201953,3742994.8571428573,34.97326333182198
109.70226149201953,3892707.5714285714,34.97326333182198
109.70226149201953,4042420.285714286,34.97326333182198
109.70226149201953,4192133,34.97326333182198
109.70226149201953,4341845.714285715,34.97326333182198
109.70226149201953,4491558.428571429,34.97326333182198
109.70226149201953,4641271.142857143,34.97326333182198
109.70226149201953,4790983.857142857,34.97326333182198
109.70226149201953,4940696.571428572,34.97326333182198
109.70226149201953,5090409.285714285,34.97326333182198
109.70226149201953,5240122,34.97326333182198
109.70226149201953,5389834.714285715,34.97326333182198
109.70226149201953,5539547.428571429,34.97326333182198
109.70226149201953,5689260.142857143,34.97326333182198
109.70226149201953,5838972.857142857,34.97326333182198
109.70226149201953,5988685.571428572,34.97326333182198
109.70226149201953,6138398.285714285,34.97326333182198
109.70226149201953,6288111,34.97326333182198
109.70226149201953,6437823.714285715,34.97326333182198
109.70226149201953,6587536.428571429,34.97326333182198
109.70226149201953,6737249.142857143,34.97326333182198
109.70226149201953,6886961.857142857,34.97326333182198
109.70226149201953,7036674.571428572,34.97326333182198
109.70226149201953,7186387.285714285,34.97326333182198
109.70226149201953,7336100,34.97326333182198
0.012853914852056501,177,35.67961517645388
0.3422842010175219,149889.7142857143,35.67961517645388
0.4564556091705177,299602.4285714286,35.67961517645388
0.6189646940170708,449315.14285714284,35.67961517645388
0.6189646940170708,599027.8571428572,35.67961517645388
0.6666867071602532,748740.5714285715,35.67961517645388
0.6666867071602532,898453.2857142857,35.67961517645388
0.6666867071602532,1048166,35.67961517645388
0.82150544483649,1197878.7142857143,35.67961517645388
0.82150544483649,1347591.4285714286,35.67961517645388
0.82150544483649,1497304.142857143,35.67961517645388
0.82150544483649,1647016.8571428573,35.67961517645388
1.0716320596285618,1796729.5714285714,35.67961517645388
1.0716320596285618,1946442.2857142857,35.67961517645388
1.0716320596285618,2096155,35.67961517645388
1.0716320596285618,2245867.7142857146,35.67961517645388
1.0716320596285618,2395580.4285714286,35.67961517645388
1.231184714515934,2545293.1428571427,35.67961517645388
109.70226149201953,2695005.8571428573,35.67961517645388
109.70226149201953,2844718.5714285714,35.67961517645388
109.70226149201953,2994431.285714286,35.67961517645388
109.70226149201953,3144144,35.67961517645388
109.70226149201953,3293856.7142857146,35.67961517645388
109.70226149201953,3443569.4285714286,35.67961517645388
109.70226149201953,3593282.1428571427,35.67961517645388
109.70226149201953,3742994.8571428573,35.67961517645388
109.70226149201953,3892707.5714285714,35.67961517645388
109.70226149201953,4042420.285714286,35.67961517645388
109.70226149201953,4192133,35.67961517645388
109.70226149201953,4341845.714285715,35.67961517645388
109.70226149201953,4491558.428571429,35.67961517645388
109.70226149201953,4641271.142857143,35.67961517645388
109.70226149201953,4790983.857142857,35.67961517645388
109.70226149201953,4940696.571428572,35.67961517645388
109.70226149201953,5090409.285714285,35.67961517645388
109.70226149201953,5240122,35.67961517645388
109.70226149201953,5389834.714285715,35.67961517645388
109.70226149201953,5539547.428571429,35.67961517645388
109.70226149201953,5689260.142857143,35.67961517645388
109.70226149201953,5838972.857142857,35.67961517645388
109.70226149201953,5988685.571428572,35.67961517645388
109.70226149201953,6138398.285714285,35.67961517645388
109.70226149201953,6288111,35.67961517645388
109.70226149201953,6437823.714285715,35.67961517645388
109.70226149201953,6587536.428571429,35.67961517645388
109.70226149201953,6737249.142857143,35.67961517645388
109.70226149201953,6886961.857142857,35.67961517645388
109.70226149201953,7036674.571428572,35.67961517645388
109.70226149201953,7186387.285714285,35.67961517645388
109.70226149201953,7336100,35.67961517645388
0.012853914852056501,177,36.385967021085776
0.3422842010175219,149889.7142857143,36.385967021085776
0.4564556091705177,299602.4285714286,36.385967021085776
0.6189646940170708,449315.14285714284,36.385967021085776
0.6189646940170708,599027.8571428572,36.385967021085776
0.6666867071602532,748740.5714285715,36.385967021085776
0.6666867071602532,898453.2857142857,36.385967021085776
0.6666867071602532,1048166,36.385967021085776
0.82150544483649,1197878.7142857143,36.385967021085776
0.82150544483649,1347591.4285714286,36.385967021085776
0.82150544483649,1497304.142857143,36.385967021085776
0.82150544483649,1647016.8571428573,36.385967021085776
1.0716320596285618,1796729.5714285714,36.385967021085776
1.0716320596285618,1946442.2857142857,36.385967021085776
1.0716320596285618,2096155,36.385967021085776
1.0716320596285618,2245867.7142857146,36.385967021085776
1.0716320596285618,2395580.4285714286,36.385967021085776
1.231184714515934,2545293.1428571427,36.385967021085776
109.70226149201953,2695005.8571428573,36.385967021085776
109.70226149201953,2844718.5714285714,36.385967021085776
109.70226149201953,2994431.285714286,36.385967021085776
109.70226149201953,3144144,36.385967021085776
109.70226149201953,3293856.7142857146,36.385967021085776
109.70226149201953,3443569.4285714286,36.385967021085776
109.70226149201953,3593282.1428571427,36.385967021085776
109.70226149201953,3742994.8571428573,36.385967021085776
109.70226149201953,3892707.5714285714,36.385967021085776
109.70226149201953,4042420.285714286,36.385967021085776
109.70226149201953,4192133,36.385967021085776
109.70226149201953,4341845.714285715,36.385967021085776
109.70226149201953,4491558.428571429,36.385967021085776
109.70226149201953,4641271.142857143,36.385967021085776
109.70226149201953,4790983.857142857,36.385967021085776
109.70226149201953,4940696.571428572,36.385967021085776
109.70226149201953,5090409.285714285,36.385967021085776
109.70226149201953,5240122,36.385967021085776
109.70226149201953,5389834.714285715,36.385967021085776
109.70226149201953,5539547.428571429,36.385967021085776
109.70226149201953,5689260.142857143,36.385967021085776
109.70226149201953,5838972.857142857,36.385967021085776
109.70226149201953,5988685.571428572,36.385967021085776
109.70226149201953,6138398.285714285,36.385967021085776
109.70226149201953,6288111,36.385967021085776
109.70226149201953,6437823.714285715,36.385967021085776
109.70226149201953,6587536.428571429,36.385967021085776
109.70226149201953,6737249.142857143,36.385967021085776
109.70226149201953,6886961.857142857,36.385967021085776
109.70226149201953,7036674.571428572,36.385967021085776
109.70226149201953,7186387.285714285,36.385967021085776
109.70226149201953,7336100,36.385967021085776
0.012853914852056501,177,37.09231886571767
0.3422842010175219,149889.7142857143,37.09231886571767
0.4564556091705177,299602.4285714286,37.09231886571767
0.6189646940170708,449315.14285714284,37.09231886571767
0.6189646940170708,599027.8571428572,37.09231886571767
0.6666867071602532,748740.5714285715,37.09231886571767
0.6666867071602532,898453.2857142857,37.09231886571767
0.6666867071602532,1048166,37.09231886571767
0.82150544483649,1197878.7142857143,37.09231886571767
0.82150544483649,1347591.4285714286,37.09231886571767
0.82150544483649,1497304.142857143,37.09231886571767
0.82150544483649,1647016.8571428573,37.09231886571767
1.0716320596285618,1796729.5714285714,37.09231886571767
1.0716320596285618,1946442.2857142857,37.09231886571767
1.0716320596285618,2096155,37.09231886571767
1.0716320596285618,2245867.7142857146,37.09231886571767
1.0716320596285618,2395580.4285714286,37.09231886571767
1.231184714515934,2545293.1428571427,37.09231886571767
109.70226149201953,2695005.8571428573,37.09231886571767
109.70226149201953,2844718.5714285714,37.09231886571767
109.70226149201953,2994431.285714286,37.09231886571767
109.70226149201953,3144144,37.09231886571767
109.70226149201953,3293856.7142857146,37.09231886571767
109.70226149201953,3443569.4285714286,37.09231886571767
109.70226149201953,3593282.1428571427,37.09231886571767
109.70226149201953,3742994.8571428573,37.09231886571767
109.70226149201953,3892707.5714285714,37.09231886571767
109.70226149201953,4042420.285714286,37.09231886571767
109.70226149201953,4192133,37.09231886571767
109.70226149201953,4341845.714285715,37.09231886571767
109.70226149201953,4491558.428571429,37.09231886571767
109.70226149201953,4641271.142857143,37.09231886571767
109.70226149201953,4790983.857142857,37.09231886571767
109.70226149201953,4940696.571428572,37.09231886571767
109.70226149201953,5090409.285714285,37.09231886571767
109.70226149201953,5240122,37.09231886571767
109.70226149201953,5389834.714285715,37.09231886571767
109.70226149201953,5539547.428571429,37.09231886571767
109.70226149201953,5689260.142857143,37.09231886571767
109.70226149201953,5838972.857142857,37.09231886571767
109.70226149201953,5988685.571428572,37.09231886571767
109.70226149201953,6138398.285714285,37.09231886571767
109.70226149201953,6288111,37.09231886571767
109.70226149201953,6437823.714285715,37.09231886571767
109.70226149201953,6587536.428571429,37.09231886571767
109.70226149201953,6737249.142857143,37.09231886571767
109.70226149201953,6886961.857142857,37.09231886571767
109.70226149201953,7036674.571428572,37.09231886571767
109.70226149201953,7186387.285714285,37.09231886571767
109.70226149201953,7336100,37.09231886571767
0.012853914852056501,177,37.79867071034957
0.3422842010175219,149889.7142857143,37.79867071034957
0.4564556091705177,299602.4285714286,37.79867071034957
0.6189646940170708,449315.14285714284,37.79867071034957
0.6189646940170708,599027.8571428572,37.79867071034957
0.6666867071602532,748740.5714285715,37.79867071034957
0.6666867071602532,898453.2857142857,37.79867071034957
0.6666867071602532,1048166,37.79867071034957
0.82150544483649,1197878.7142857143,37.79867071034957
0.82150544483649,1347591.4285714286,37.79867071034957
0.82150544483649,1497304.142857143,37.79867071034957
0.82150544483649,1647016.8571428573,37.79867071034957
1.0716320596285618,1796729.5714285714,37.79867071034957
1.0716320596285618,1946442.2857142857,37.79867071034957
1.0716320596285618,2096155,37.79867071034957
1.0716320596285618,2245867.7142857146,37.79867071034957
1.0716320596285618,2395580.4285714286,37.79867071034957
1.231184714515934,2545293.1428571427,37.79867071034957
109.70226149201953,2695005.8571428573,37.79867071034957
109.70226149201953,2844718.5714285714,37.79867071034957
109.70226149201953,2994431.285714286,37.79867071034957
109.70226149201953,3144144,37.79867071034957
109.70226149201953,3293856.7142857146,37.79867071034957
109.70226149201953,3443569.4285714286,37.79867071034957
109.70226149201953,3593282.1428571427,37.79867071034957
109.70226149201953,3742994.8571428573,37.79867071034957
109.70226149201953,3892707.5714285714,37.79867071034957
109.70226149201953,4042420.285714286,37.79867071034957
109.70226149201953,4192133,37.79867071034957
109.70226149201953,4341845.714285715,37.79867071034957
109.70226149201953,4491558.428571429,37.79867071034957
109.70226149201953,4641271.142857143,37.79867071034957
109.70226149201953,4790983.857142857,37.79867071034957
109.70226149201953,4940696.571428572,37.79867071034957
109.70226149201953,5090409.285714285,37.79867071034957
109.70226149201953,5240122,37.79867071034957
109.70226149201953,5389834.714285715,37.79867071034957
109.70226149201953,5539547.428571429,37.79867071034957
109.70226149201953,5689260.142857143,37.79867071034957
109.70226149201953,5838972.857142857,37.79867071034957
109.70226149201953,5988685.571428572,37.79867071034957
109.70226149201953,6138398.285714285,37.79867071034957
109.70226149201953,6288111,37.79867071034957
109.70226149201953,6437823.714285715,37.79867071034957
109.70226149201953,6587536.428571429,37.79867071034957
109.70226149201953,6737249.142857143,37.79867071034957
109.70226149201953,6886961.857142857,37.79867071034957
109.70226149201953,7036674.571428572,37.79867071034957
109.70226149201953,7186387.285714285,37.79867071034957
109.70226149201953,7336100,37.79867071034957
0.012853914852056501,177,38.505022554981466
0.3422842010175219,149889.7142857143,38.505022554981466
0.4564556091705177,299602.4285714286,38.505022554981466
0.6189646940170708,449315.14285714284,38.505022554981466
0.6189646940170708,599027.8571428572,38.505022554981466
0.6666867071602532,748740.5714285715,38.505022554981466
0.6666867071602532,898453.2857142857,38.505022554981466
0.6666867071602532,1048166,38.505022554981466
0.82150544483649,1197878.7142857143,38.505022554981466
0.82150544483649,1347591.4285714286,38.505022554981466
0.82150544483649,1497304.142857143,38.505022554981466
0.82150544483649,1647016.8571428573,38.505022554981466
1.0716320596285618,1796729.5714285714,38.505022554981466
1.0716320596285618,1946442.2857142857,38.505022554981466
1.0716320596285618,2096155,38.505022554981466
1.0716320596285618,2245867.7142857146,38.505022554981466
1.0716320596285618,2395580.4285714286,38.505022554981466
1.231184714515934,2545293.1428571427,38.505022554981466
109.70226149201953,2695005.8571428573,38.505022554981466
109.70226149201953,2844718.5714285714,38.505022554981466
109.70226149201953,2994431.285714286,38.505022554981466
109.70226149201953,3144144,38.505022554981466
109.70226149201953,3293856.7142857146,38.505022554981466
109.70226149201953,3443569.4285714286,38.505022554981466
109.70226149201953,3593282.1428571427,38.505022554981466
109.70226149201953,3742994.8571428573,38.505022554981466
109.70226149201953,3892707.5714285714,38.505022554981466
109.70226149201953,4042420.285714286,38.505022554981466
109.70226149201953,4192133,38.505022554981466
109.70226149201953,4341845.714285715,38.505022554981466
109.70226149201953,4491558.428571429,38.505022554981466
109.70226149201953,4641271.142857143,38.505022554981466
109.70226149201953,4790983.857142857,38.505022554981466
109.70226149201953,4940696.571428572,38.505022554981466
109.70226149201953,5090409.285714285,38.505022554981466
109.70226149201953,5240122,38.505022554981466
109.70226149201953,5389834.714285715,38.505022554981466
109.70226149201953,5539547.428571429,38.505022554981466
109.70226149201953,5689260.142857143,38.505022554981466
109.70226149201953,5838972.857142857,38.505022554981466
109.70226149201953,5988685.571428572,38.505022554981466
109.70226149201953,6138398.285714285,38.505022554981466
109.70226149201953,6288111,38.505022554981466
109.70226149201953,6437823.714285715,38.505022554981466
109.70226149201953,6587536.428571429,38.505022554981466
109.70226149201953,6737249.142857143,38.505022554981466
109.70226149201953,6886961.857142857,38.505022554981466
109.70226149201953,7036674.571428572,38.505022554981466
109.70226149201953,7186387.285714285,38.505022554981466
109.70226149201953,7336100,38.505022554981466
0.012853914852056501,177,39.21137439961336
0.3422842010175219,149889.7142857143,39.21137439961336
0.4564556091705177,299602.4285714286,39.21137439961336
0.6189646940170708,449315.14285714284,39.21137439961336
0.6189646940170708,599027.8571428572,39.21137439961336
0.6666867071602532,748740.5714285715,39.21137439961336
0.6666867071602532,898453.2857142857,39.21137439961336
0.6666867071602532,1048166,39.21137439961336
0.82150544483649,1197878.7142857143,39.21137439961336
0.82150544483649,1347591.4285714286,39.21137439961336
0.82150544483649,1497304.142857143,39.21137439961336
0.82150544483649,1647016.8571428573,39.21137439961336
1.0716320596285618,1796729.5714285714,39.21137439961336
1.0716320596285618,1946442.2857142857,39.21137439961336
1.0716320596285618,2096155,39.21137439961336
1.0716320596285618,2245867.7142857146,39.21137439961336
1.0716320596285618,2395580.4285714286,39.21137439961336
1.231184714515934,2545293.1428571427,39.21137439961336
109.70226149201953,2695005.8571428573,39.21137439961336
109.70226149201953,2844718.5714285714,39.21137439961336
109.70226149201953,2994431.285714286,39.21137439961336
109.70226149201953,3144144,39.21137439961336
109.70226149201953,3293856.7142857146,39.21137439961336
109.70226149201953,3443569.4285714286,39.21137439961336
109.70226149201953,3593282.1428571427,39.21137439961336
109.70226149201953,3742994.8571428573,39.21137439961336
109.70226149201953,3892707.5714285714,39.21137439961336
109.70226149201953,4042420.285714286,39.21137439961336
109.70226149201953,4192133,39.21137439961336
109.70226149201953,4341845.714285715,39.21137439961336
109.70226149201953,4491558.428571429,39.21137439961336
109.70226149201953,4641271.142857143,39.21137439961336
109.70226149201953,4790983.857142857,39.21137439961336
109.70226149201953,4940696.571428572,39.21137439961336
109.70226149201953,5090409.285714285,39.21137439961336
109.70226149201953,5240122,39.21137439961336
109.70226149201953,5389834.714285715,39.21137439961336
109.70226149201953,5539547.428571429,39.21137439961336
109.70226149201953,5689260.142857143,39.21137439961336
109.70226149201953,5838972.857142857,39.21137439961336
109.70226149201953,5988685.571428572,39.21137439961336
109.70226149201953,6138398.285714285,39.21137439961336
109.70226149201953,6288111,39.21137439961336
109.70226149201953,6437823.714285715,39.21137439961336
109.70226149201953,6587536.428571429,39.21137439961336
109.70226149201953,6737249.142857143,39.21137439961336
109.70226149201953,6886961.857142857,39.21137439961336
109.70226149201953,7036674.571428572,39.21137439961336
109.70226149201953,7186387.285714285,39.21137439961336
109.70226149201953,7336100,39.21137439961336
0.018222427943245464,177,39.91772624424526
0.48524120946353083,149889.7142857143,39.91772624424526
0.6470969773126523,299602.4285714286,39.91772624424526
0.8774789366474225,449315.14285714284,39.91772624424526
0.8774789366474225,599027.8571428572,39.91772624424526
0.9451323290821119,748740.5714285715,39.91772624424526
0.9451323290821119,898453.2857142857,39.91772624424526
0.9451323290821119,1048166,39.91772624424526
1.164612022548269,1197878.7142857143,39.91772624424526
1.164612022548269,1347591.4285714286,39.91772624424526
1.164612022548269,1497304.142857143,39.91772624424526
1.164612022548269,1647016.8571428573,39.91772624424526
1.5192054882119401,1796729.5714285714,39.91772624424526
1.5192054882119401,1946442.2857142857,39.91772624424526
1.5192054882119401,2096155,39.91772624424526
1.5192054882119401,2245867.7142857146,39.91772624424526
1.5192054882119401,2395580.4285714286,39.91772624424526
1.7453962472376616,2545293.1428571427,39.91772624424526
155.5200558162692,2695005.8571428573,39.91772624424526
155.5200558162692,2844718.5714285714,39.91772624424526
155.5200558162692,2994431.285714286,39.91772624424526
155.5200558162692,3144144,39.91772624424526
155.5200558162692,3293856.7142857146,39.91772624424526
155.5200558162692,3443569.4285714286,39.91772624424526
155.5200558162692,3593282.1428571427,39.91772624424526
155.5200558162692,3742994.8571428573,39.91772624424526
155.5200558162692,3892707.5714285714,39.91772624424526
155.5200558162692,4042420.285714286,39.91772624424526
155.5200558162692,4192133,39.91772624424526
155.5200558162692,4341845.714285715,39.91772624424526
155.5200558162692,4491558.428571429,39.91772624424526
155.5200558162692,4641271.142857143,39.91772624424526
155.5200558162692,4790983.857142857,39.91772624424526
155.5200558162692,4940696.571428572,39.91772624424526
155.5200558162692,5090409.285714285,39.91772624424526
155.5200558162692,5240122,39.91772624424526
155.5200558162692,5389834.714285715,39.91772624424526
155.5200558162692,5539547.428571429,39.91772624424526
155.5200558162692,5689260.142857143,39.91772624424526
155.5200558162692,5838972.857142857,39.91772624424526
155.5200558162692,5988685.571428572,39.91772624424526
155.5200558162692,6138398.285714285,39.91772624424526
155.5200558162692,6288111,39.91772624424526
155.5200558162692,6437823.714285715,39.91772624424526
155.5200558162692,6587536.428571429,39.91772624424526
155.5200558162692,6737249.142857143,39.91772624424526
155.5200558162692,6886961.857142857,39.91772624424526
155.5200558162692,7036674.571428572,39.91772624424526
155.5200558162692,7186387.285714285,39.91772624424526
155.5200558162692,7336100,39.91772624424526
0.018222427943245464,177,40.624078088877155
0.48524120946353083,149889.7142857143,40.624078088877155
0.6470969773126523,299602.4285714286,40.624078088877155
0.8774789366474225,449315.14285714284,40.624078088877155
0.8774789366474225,599027.8571428572,40.624078088877155
0.9451323290821119,748740.5714285715,40.624078088877155
0.9451323290821119,898453.2857142857,40.624078088877155
0.9451323290821119,1048166,40.624078088877155
1.164612022548269,1197878.7142857143,40.624078088877155
1.164612022548269,1347591.4285714286,40.624078088877155
1.164612022548269,1497304.142857143,40.624078088877155
1.164612022548269,1647016.8571428573,40.624078088877155
1.5192054882119401,1796729.5714285714,40.624078088877155
1.5192054882119401,1946442.2857142857,40.624078088877155
1.5192054882119401,2096155,40.624078088877155
1.5192054882119401,2245867.7142857146,40.624078088877155
1.5192054882119401,2395580.4285714286,40.624078088877155
1.7453962472376616,2545293.1428571427,40.624078088877155
155.5200558162692,2695005.8571428573,40.624078088877155
155.5200558162692,2844718.5714285714,40.624078088877155
155.5200558162692,2994431.285714286,40.624078088877155
155.5200558162692,3144144,40.624078088877155
155.5200558162692,3293856.7142857146,40.624078088877155
155.5200558162692,3443569.4285714286,40.624078088877155
155.5200558162692,3593282.1428571427,40.624078088877155
155.5200558162692,3742994.8571428573,40.624078088877155
155.5200558162692,3892707.5714285714,40.624078088877155
155.5200558162692,4042420.285714286,40.624078088877155
155.5200558162692,4192133,40.624078088877155
155.5200558162692,4341845.714285715,40.624078088877155
155.5200558162692,4491558.428571429,40.624078088877155
155.5200558162692,4641271.142857143,40.624078088877155
155.5200558162692,4790983.857142857,40.624078088877155
155.5200558162692,4940696.571428572,40.624078088877155
155.5200558162692,5090409.285714285,40.624078088877155
155.5200558162692,5240122,40.624078088877155
155.5200558162692,5389834.714285715,40.624078088877155
155.5200558162692,5539547.428571429,40.624078088877155
155.5200558162692,5689260.142857143,40.624078088877155
155.5200558162692,5838972.857142857,40.624078088877155
155.5200558162692,5988685.571428572,40.624078088877155
155.5200558162692,6138398.285714285,40.624078088877155
155.5200558162692,6288111,40.624078088877155
155.5200558162692,6437823.714285715,40.624078088877155
155.5200558162692,6587536.428571429,40.624078088877155
155.5200558162692,6737249.142857143,40.624078088877155
155.5200558162692,6886961.857142857,40.624078088877155
155.5200558162692,7036674.571428572,40.624078088877155
155.5200558162692,7186387.285714285,40.624078088877155
155.5200558162692,7336100,40.624078088877155
0.018222427943245464,177,41.33042993350905
0.48524120946353083,149889.7142857143,41.33042993350905
0.6470969773126523,299602.4285714286,41.33042993350905
0.8774789366474225,449315.14285714284,41.33042993350905
0.8774789366474225,599027.8571428572,41.33042993350905
0.9451323290821119,748740.5714285715,41.33042993350905
0.9451323290821119,898453.2857142857,41.33042993350905
0.9451323290821119,1048166,41.33042993350905
1.164612022548269,1197878.7142857143,41.33042993350905
1.164612022548269,1347591.4285714286,41.33042993350905
1.164612022548269,1497304.142857143,41.33042993350905
1.164612022548269,1647016.8571428573,41.33042993350905
1.5192054882119401,1796729.5714285714,41.33042993350905
1.5192054882119401,1946442.2857142857,41.33042993350905
1.5192054882119401,2096155,41.33042993350905
1.5192054882119401,2245867.7142857146,41.33042993350905
1.5192054882119401,2395580.4285714286,41.33042993350905
1.7453962472376616,2545293.1428571427,41.33042993350905
155.5200558162692,2695005.8571428573,41.33042993350905
155.5200558162692,2844718.5714285714,41.33042993350905
155.5200558162692,2994431.285714286,41.33042993350905
155.5200558162692,3144144,41.33042993350905
155.5200558162692,3293856.7142857146,41.33042993350905
155.5200558162692,3443569.4285714286,41.33042993350905
155.5200558162692,3593282.1428571427,41.33042993350905
155.5200558162692,3742994.8571428573,41.33042993350905
155.5200558162692,3892707.5714285714,41.33042993350905
155.5200558162692,4042420.285714286,41.33042993350905
155.5200558162692,4192133,41.33042993350905
155.5200558162692,4341845.714285715,41.33042993350905
155.5200558162692,4491558.428571429,41.33042993350905
155.5200558162692,4641271.142857143,41.33042993350905
155.5200558162692,4790983.857142857,41.33042993350905
155.5200558162692,4940696.571428572,41.33042993350905
155.5200558162692,5090409.285714285,41.33042993350905
155.5200558162692,5240122,41.33042993350905
155.5200558162692,5389834.714285715,41.33042993350905
155.5200558162692,5539547.428571429,41.33042993350905
155.5200558162692,5689260.142857143,41.33042993350905
155.5200558162692,5838972.857142857,41.33042993350905
155.5200558162692,5988685.571428572,41.33042993350905
155.5200558162692,6138398.285714285,41.33042993350905
155.5200558162692,6288111,41.33042993350905
155.5200558162692,6437823.714285715,41.33042993350905
155.5200558162692,6587536.428571429,41.33042993350905
155.5200558162692,6737249.142857143,41.33042993350905
155.5200558162692,6886961.857142857,41.33042993350905
155.5200558162692,7036674.571428572,41.33042993350905
155.5200558162692,7186387.285714285,41.33042993350905
155.5200558162692,7336100,41.33042993350905
0.018222427943245464,177,42.03678177814094
0.48524120946353083,149889.7142857143,42.03678177814094
0.6470969773126523,299602.4285714286,42.03678177814094
0.8774789366474225,449315.14285714284,42.03678177814094
0.8774789366474225,599027.8571428572,42.03678177814094
0.9451323290821119,748740.5714285715,42.03678177814094
0.9451323290821119,898453.2857142857,42.03678177814094
0.9451323290821119,1048166,42.03678177814094
1.164612022548269,1197878.7142857143,42.03678177814094
1.164612022548269,1347591.4285714286,42.03678177814094
1.164612022548269,1497304.142857143,42.03678177814094
1.164612022548269,1647016.8571428573,42.03678177814094
1.5192054882119401,1796729.5714285714,42.03678177814094
1.5192054882119401,1946442.2857142857,42.03678177814094
1.5192054882119401,2096155,42.03678177814094
1.5192054882119401,2245867.7142857146,42.03678177814094
1.5192054882119401,2395580.4285714286,42.03678177814094
1.7453962472376616,2545293.1428571427,42.03678177814094
155.5200558162692,2695005.8571428573,42.03678177814094
155.5200558162692,2844718.5714285714,42.03678177814094
155.5200558162692,2994431.285714286,42.03678177814094
155.5200558162692,3144144,42.03678177814094
155.5200558162692,3293856.7142857146,42.03678177814094
155.5200558162692,3443569.4285714286,42.03678177814094
155.5200558162692,3593282.1428571427,42.03678177814094
155.5200558162692,3742994.8571428573,42.03678177814094
155.5200558162692,3892707.5714285714,42.03678177814094
155.5200558162692,4042420.285714286,42.03678177814094
155.5200558162692,4192133,42.03678177814094
155.5200558162692,4341845.714285715,42.03678177814094
155.5200558162692,4491558.428571429,42.03678177814094
155.5200558162692,4641271.142857143,42.03678177814094
155.5200558162692,4790983.857142857,42.03678177814094
155.5200558162692,4940696.571428572,42.03678177814094
155.5200558162692,5090409.285714285,42.03678177814094
155.5200558162692,5240122,42.03678177814094
155.5200558162692,5389834.714285715,42.03678177814094
155.5200558162692,5539547.428571429,42.03678177814094
155.5200558162692,5689260.142857143,42.03678177814094
155.5200558162692,5838972.857142857,42.03678177814094
155.5200558162692,5988685.571428572,42.03678177814094
155.5200558162692,6138398.285714285,42.03678177814094
155.5200558162692,6288111,42.03678177814094
155.5200558162692,6437823.714285715,42.03678177814094
155.5200558162692,6587536.428571429,42.03678177814094
155.5200558162692,6737249.142857143,42.03678177814094
155.5200558162692,6886961.857142857,42.03678177814094
155.5200558162692,7036674.571428572,42.03678177814094
155.5200558162692,7186387.285714285,42.03678177814094
155.5200558162692,7336100,42.03678177814094
0.018222427943245464,177,42.74313362277284
0.48524120946353083,149889.7142857143,42.74313362277284
0.6470969773126523,299602.4285714286,42.74313362277284
0.8774789366474225,449315.14285714284,42.74313362277284
0.8774789366474225,599027.8571428572,42.74313362277284
0.9451323290821119,748740.5714285715,42.74313362277284
0.9451323290821119,898453.2857142857,42.74313362277284
0.9451323290821119,1048166,42.74313362277284
1.164612022548269,1197878.7142857143,42.74313362277284
1.164612022548269,1347591.4285714286,42.74313362277284
1.164612022548269,1497304.142857143,42.74313362277284
1.164612022548269,1647016.8571428573,42.74313362277284
1.5192054882119401,1796729.5714285714,42.74313362277284
1.5192054882119401,1946442.2857142857,42.74313362277284
1.5192054882119401,2096155,42.74313362277284
1.5192054882119401,2245867.7142857146,42.74313362277284
1.5192054882119401,2395580.4285714286,42.74313362277284
1.7453962472376616,2545293.1428571427,42.74313362277284
155.5200558162692,2695005.8571428573,42.74313362277284
155.5200558162692,2844718.5714285714,42.74313362277284
155.5200558162692,2994431.285714286,42.74313362277284
155.5200558162692,3144144,42.74313362277284
155.5200558162692,3293856.7142857146,42.74313362277284
155.5200558162692,3443569.4285714286,42.74313362277284
155.5200558162692,3593282.1428571427,42.74313362277284
155.5200558162692,3742994.8571428573,42.74313362277284
155.5200558162692,3892707.5714285714,42.74313362277284
155.5200558162692,4042420.285714286,42.74313362277284
155.5200558162692,4192133,42.74313362277284
155.5200558162692,4341845.714285715,42.74313362277284
155.5200558162692,4491558.428571429,42.74313362277284
155.5200558162692,4641271.142857143,42.74313362277284
155.5200558162692,4790983.857142857,42.74313362277284
155.5200558162692,4940696.571428572,42.74313362277284
155.5200558162692,5090409.285714285,42.74313362277284
155.5200558162692,5240122,42.74313362277284
155.5200558162692,5389834.714285715,42.74313362277284
155.5200558162692,5539547.428571429,42.74313362277284
155.5200558162692,5689260.142857143,42.74313362277284
155.5200558162692,5838972.857142857,42.74313362277284
155.5200558162692,5988685.571428572,42.74313362277284
155.5200558162692,6138398.285714285,42.74313362277284
155.5200558162692,6288111,42.74313362277284
155.5200558162692,6437823.714285715,42.74313362277284
155.5200558162692,6587536.428571429,42.74313362277284
155.5200558162692,6737249.142857143,42.74313362277284
155.5200558162692,6886961.857142857,42.74313362277284
155.5200558162692,7036674.571428572,42.74313362277284
155.5200558162692,7186387.285714285,42.74313362277284
155.5200558162692,7336100,42.74313362277284
0.018222427943245464,177,43.449485467404735
0.48524120946353083,149889.7142857143,43.449485467404735
0.6470969773126523,299602.4285714286,43.449485467404735
0.8774789366474225,449315.14285714284,43.449485467404735
0.8774789366474225,599027.8571428572,43.449485467404735
0.9451323290821119,748740.5714285715,43.449485467404735
0.9451323290821119,898453.2857142857,43.449485467404735
0.9451323290821119,1048166,43.449485467404735
1.164612022548269,1197878.7142857143,43.449485467404735
1.164612022548269,1347591.4285714286,43.449485467404735
1.164612022548269,1497304.142857143,43.449485467404735
1.164612022548269,1647016.8571428573,43.449485467404735
1.5192054882119401,1796729.5714285714,43.449485467404735
1.5192054882119401,1946442.2857142857,43.449485467404735
1.5192054882119401,2096155,43.449485467404735
1.5192054882119401,2245867.7142857146,43.449485467404735
1.5192054882119401,2395580.4285714286,43.449485467404735
1.7453962472376616,2545293.1428571427,43.449485467404735
155.5200558162692,2695005.8571428573,43.449485467404735
155.5200558162692,2844718.5714285714,43.449485467404735
155.5200558162692,2994431.285714286,43.449485467404735
155.5200558162692,3144144,43.449485467404735
155.5200558162692,3293856.7142857146,43.449485467404735
155.5200558162692,3443569.4285714286,43.449485467404735
155.5200558162692,3593282.1428571427,43.449485467404735
155.5200558162692,3742994.8571428573,43.449485467404735
155.5200558162692,3892707.5714285714,43.449485467404735
155.5200558162692,4042420.285714286,43.449485467404735
155.5200558162692,4192133,43.449485467404735
155.5200558162692,4341845.714285715,43.449485467404735
155.5200558162692,4491558.428571429,43.449485467404735
155.5200558162692,4641271.142857143,43.449485467404735
155.5200558162692,4790983.857142857,43.449485467404735
155.5200558162692,4940696.571428572,43.449485467404735
155.5200558162692,5090409.285714285,43.449485467404735
155.5200558162692,5240122,43.449485467404735
155.5200558162692,5389834.714285715,43.449485467404735
155.5200558162692,5539547.428571429,43.449485467404735
155.5200558162692,5689260.142857143,43.449485467404735
155.5200558162692,5838972.857142857,43.449485467404735
155.5200558162692,5988685.571428572,43.449485467404735
155.5200558162692,6138398.285714285,43.449485467404735
155.5200558162692,6288111,43.449485467404735
155.5200558162692,6437823.714285715,43.449485467404735
155.5200558162692,6587536.428571429,43.449485467404735
155.5200558162692,6737249.142857143,43.449485467404735
155.5200558162692,6886961.857142857,43.449485467404735
155.5200558162692,7036674.571428572,43.449485467404735
155.5200558162692,7186387.285714285,43.449485467404735
155.5200558162692,7336100,43.449485467404735
0.018222427943245464,177,44.15583731203663
0.48524120946353083,149889.7142857143,44.15583731203663
0.6470969773126523,299602.4285714286,44.15583731203663
0.8774789366474225,449315.14285714284,44.15583731203663
0.8774789366474225,599027.8571428572,44.15583731203663
0.9451323290821119,748740.5714285715,44.15583731203663
0.9451323290821119,898453.2857142857,44.15583731203663
0.9451323290821119,1048166,44.15583731203663
1.164612022548269,1197878.7142857143,44.15583731203663
1.164612022548269,1347591.4285714286,44.15583731203663
1.164612022548269,1497304.142857143,44.15583731203663
1.164612022548269,1647016.8571428573,44.15583731203663
1.5192054882119401,1796729.5714285714,44.15583731203663
1.5192054882119401,1946442.2857142857,44.15583731203663
1.5192054882119401,2096155,44.15583731203663
1.5192054882119401,2245867.7142857146,44.15583731203663
1.5192054882119401,2395580.4285714286,44.15583731203663
1.7453962472376616,2545293.1428571427,44.15583731203663
155.5200558162692,2695005.8571428573,44.15583731203663
155.5200558162692,2844718.5714285714,44.15583731203663
155.5200558162692,2994431.285714286,44.15583731203663
155.5200558162692,3144144,44.15583731203663
155.5200558162692,3293856.7142857146,44.15583731203663
155.5200558162692,3443569.4285714286,44.15583731203663
155.5200558162692,3593282.1428571427,44.15583731203663
155.5200558162692,3742994.8571428573,44.15583731203663
155.5200558162692,3892707.5714285714,44.15583731203663
155.5200558162692,4042420.285714286,44.15583731203663
155.5200558162692,4192133,44.15583731203663
155.5200558162692,4341845.714285715,44.15583731203663
155.5200558162692,4491558.428571429,44.15583731203663
155.5200558162692,4641271.142857143,44.15583731203663
155.5200558162692,4790983.857142857,44.15583731203663
155.5200558162692,4940696.571428572,44.15583731203663
155.5200558162692,5090409.285714285,44.15583731203663
155.5200558162692,5240122,44.15583731203663
155.5200558162692,5389834.714285715,44.15583731203663
155.5200558162692,5539547.428571429,44.15583731203663
155.5200558162692,5689260.142857143,44.15583731203663
155.5200558162692,5838972.857142857,44.15583731203663
155.5200558162692,5988685.571428572,44.15583731203663
155.5200558162692,6138398.285714285,44.15583731203663
155.5200558162692,6288111,44.15583731203663
155.5200558162692,6437823.714285715,44.15583731203663
155.5200558162692,6587536.428571429,44.15583731203663
155.5200558162692,6737249.142857143,44.15583731203663
155.5200558162692,6886961.857142857,44.15583731203663
155.5200558162692,7036674.571428572,44.15583731203663
155.5200558162692,7186387.285714285,44.15583731203663
155.5200558162692,7336100,44.15583731203663
0.018222427943245464,177,44.86218915666853
0.48524120946353083,149889.7142857143,44.86218915666853
0.6470969773126523,299602.4285714286,44.86218915666853
0.8774789366474225,449315.14285714284,44.86218915666853
0.8774789366474225,599027.8571428572,44.86218915666853
0.9451323290821119,748740.5714285715,44.86218915666853
0.9451323290821119,898453.2857142857,44.86218915666853
0.9451323290821119,1048166,44.86218915666853
1.164612022548269,1197878.7142857143,44.86218915666853
1.164612022548269,1347591.4285714286,44.86218915666853
1.164612022548269,1497304.142857143,44.86218915666853
1.164612022548269,1647016.8571428573,44.86218915666853
1.5192054882119401,1796729.5714285714,44.86218915666853
1.5192054882119401,1946442.2857142857,44.86218915666853
1.5192054882119401,2096155,44.86218915666853
1.5192054882119401,2245867.7142857146,44.86218915666853
1.5192054882119401,2395580.4285714286,44.86218915666853
1.7453962472376616,2545293.1428571427,44.86218915666853
155.5200558162692,2695005.8571428573,44.86218915666853
155.5200558162692,2844718.5714285714,44.86218915666853
155.5200558162692,2994431.285714286,44.86218915666853
155.5200558162692,3144144,44.86218915666853
155.5200558162692,3293856.7142857146,44.86218915666853
155.5200558162692,3443569.4285714286,44.86218915666853
155.5200558162692,3593282.1428571427,44.86218915666853
155.5200558162692,3742994.8571428573,44.86218915666853
155.5200558162692,3892707.5714285714,44.86218915666853
155.5200558162692,4042420.285714286,44.86218915666853
155.5200558162692,4192133,44.86218915666853
155.5200558162692,4341845.714285715,44.86218915666853
155.5200558162692,4491558.428571429,44.86218915666853
155.5200558162692,4641271.142857143,44.86218915666853
155.5200558162692,4790983.857142857,44.86218915666853
155.5200558162692,4940696.571428572,44.86218915666853
155.5200558162692,5090409.285714285,44.86218915666853
155.5200558162692,5240122,44.86218915666853
155.5200558162692,5389834.714285715,44.86218915666853
155.5200558162692,5539547.428571429,44.86218915666853
155.5200558162692,5689260.142857143,44.86218915666853
155.5200558162692,5838972.857142857,44.86218915666853
155.5200558162692,5988685.571428572,44.86218915666853
155.5200558162692,6138398.285714285,44.86218915666853
155.5200558162692,6288111,44.86218915666853
155.5200558162692,6437823.714285715,44.86218915666853
155.5200558162692,6587536.428571429,44.86218915666853
155.5200558162692,6737249.142857143,44.86218915666853
155.5200558162692,6886961.857142857,44.86218915666853
155.5200558162692,7036674.571428572,44.86218915666853
155.5200558162692,7186387.285714285,44.86218915666853
155.5200558162692,7336100,44.86218915666853
0.018222427943245464,177,45.56854100130042
0.48524120946353083,149889.7142857143,45.56854100130042
0.6470969773126523,299602.4285714286,45.56854100130042
0.8774789366474225,449315.14285714284,45.56854100130042
0.8774789366474225,599027.8571428572,45.56854100130042
0.9451323290821119,748740.5714285715,45.56854100130042
0.9451323290821119,898453.2857142857,45.56854100130042
0.9451323290821119,1048166,45.56854100130042
1.164612022548269,1197878.7142857143,45.56854100130042
1.164612022548269,1347591.4285714286,45.56854100130042
1.164612022548269,1497304.142857143,45.56854100130042
1.164612022548269,1647016.8571428573,45.56854100130042
1.5192054882119401,1796729.5714285714,45.56854100130042
1.5192054882119401,1946442.2857142857,45.56854100130042
1.5192054882119401,2096155,45.56854100130042
1.5192054882119401,2245867.7142857146,45.56854100130042
1.5192054882119401,2395580.4285714286,45.56854100130042
1.7453962472376616,2545293.1428571427,45.56854100130042
155.5200558162692,2695005.8571428573,45.56854100130042
155.5200558162692,2844718.5714285714,45.56854100130042
155.5200558162692,2994431.285714286,45.56854100130042
155.5200558162692,3144144,45.56854100130042
155.5200558162692,3293856.7142857146,45.56854100130042
155.5200558162692,3443569.4285714286,45.56854100130042
155.5200558162692,3593282.1428571427,45.56854100130042
155.5200558162692,3742994.8571428573,45.56854100130042
155.5200558162692,3892707.5714285714,45.56854100130042
155.5200558162692,4042420.285714286,45.56854100130042
155.5200558162692,4192133,45.56854100130042
155.5200558162692,4341845.714285715,45.56854100130042
155.5200558162692,4491558.428571429,45.56854100130042
155.5200558162692,4641271.142857143,45.56854100130042
155.5200558162692,4790983.857142857,45.56854100130042
155.5200558162692,4940696.571428572,45.56854100130042
155.5200558162692,5090409.285714285,45.56854100130042
155.5200558162692,5240122,45.56854100130042
155.5200558162692,5389834.714285715,45.56854100130042
155.5200558162692,5539547.428571429,45.56854100130042
155.5200558162692,5689260.142857143,45.56854100130042
155.5200558162692,5838972.857142857,45.56854100130042
155.5200558162692,5988685.571428572,45.56854100130042
155.5200558162692,6138398.285714285,45.56854100130042
155.5200558162692,6288111,45.56854100130042
155.5200558162692,6437823.714285715,45.56854100130042
155.5200558162692,6587536.428571429,45.56854100130042
155.5200558162692,6737249.142857143,45.56854100130042
155.5200558162692,6886961.857142857,45.56854100130042
155.5200558162692,7036674.571428572,45.56854100130042
155.5200558162692,7186387.285714285,45.56854100130042
155.5200558162692,7336100,45.56854100130042
0.018222427943245464,177,46.274892845932314
0.48524120946353083,149889.7142857143,46.274892845932314
0.6470969773126523,299602.4285714286,46.274892845932314
0.8774789366474225,449315.14285714284,46.274892845932314
0.8774789366474225,599027.8571428572,46.274892845932314
0.9451323290821119,748740.5714285715,46.274892845932314
0.9451323290821119,898453.2857142857,46.274892845932314
0.9451323290821119,1048166,46.274892845932314
1.164612022548269,1197878.7142857143,46.274892845932314
1.164612022548269,1347591.4285714286,46.274892845932314
1.164612022548269,1497304.142857143,46.274892845932314
1.164612022548269,1647016.8571428573,46.274892845932314
1.5192054882119401,1796729.5714285714,46.274892845932314
1.5192054882119401,1946442.2857142857,46.274892845932314
1.5192054882119401,2096155,46.274892845932314
1.5192054882119401,2245867.7142857146,46.274892845932314
1.5192054882119401,2395580.4285714286,46.274892845932314
1.7453962472376616,2545293.1428571427,46.274892845932314
155.5200558162692,2695005.8571428573,46.274892845932314
155.5200558162692,2844718.5714285714,46.274892845932314
155.5200558162692,2994431.285714286,46.274892845932314
155.5200558162692,3144144,46.274892845932314
155.5200558162692,3293856.7142857146,46.274892845932314
155.5200558162692,3443569.4285714286,46.274892845932314
155.5200558162692,3593282.1428571427,46.274892845932314
155.5200558162692,3742994.8571428573,46.274892845932314
155.5200558162692,3892707.5714285714,46.274892845932314
155.5200558162692,4042420.285714286,46.274892845932314
155.5200558162692,4192133,46.274892845932314
155.5200558162692,4341845.714285715,46.274892845932314
155.5200558162692,4491558.428571429,46.274892845932314
155.5200558162692,4641271.142857143,46.274892845932314
155.5200558162692,4790983.857142857,46.274892845932314
155.5200558162692,4940696.571428572,46.274892845932314
155.5200558162692,5090409.285714285,46.274892845932314
155.5200558162692,5240122,46.274892845932314
155.5200558162692,5389834.714285715,46.274892845932314
155.5200558162692,5539547.428571429,46.274892845932314
155.5200558162692,5689260.142857143,46.274892845932314
155.5200558162692,5838972.857142857,46.274892845932314
155.5200558162692,5988685.571428572,46.274892845932314
155.5200558162692,6138398.285714285,46.274892845932314
155.5200558162692,6288111,46.274892845932314
155.5200558162692,6437823.714285715,46.274892845932314
155.5200558162692,6587536.428571429,46.274892845932314
155.5200558162692,6737249.142857143,46.274892845932314
155.5200558162692,6886961.857142857,46.274892845932314
155.5200558162692,7036674.571428572,46.274892845932314
155.5200558162692,7186387.285714285,46.274892845932314
155.5200558162692,7336100,46.274892845932314
0.018222427943245464,177,46.98124469056421
0.48524120946353083,149889.7142857143,46.98124469056421
0.6470969773126523,299602.4285714286,46.98124469056421
0.8774789366474225,449315.14285714284,46.98124469056421
0.8774789366474225,599027.8571428572,46.98124469056421
0.9451323290821119,748740.5714285715,46.98124469056421
0.9451323290821119,898453.2857142857,46.98124469056421
0.9451323290821119,1048166,46.98124469056421
1.164612022548269,1197878.7142857143,46.98124469056421
1.164612022548269,1347591.4285714286,46.98124469056421
1.164612022548269,1497304.142857143,46.98124469056421
1.164612022548269,1647016.8571428573,46.98124469056421
1.5192054882119401,1796729.5714285714,46.98124469056421
1.5192054882119401,1946442.2857142857,46.98124469056421
1.5192054882119401,2096155,46.98124469056421
1.5192054882119401,2245867.7142857146,46.98124469056421
1.5192054882119401,2395580.4285714286,46.98124469056421
1.7453962472376616,2545293.1428571427,46.98124469056421
155.5200558162692,2695005.8571428573,46.98124469056421
155.5200558162692,2844718.5714285714,46.98124469056421
155.5200558162692,2994431.285714286,46.98124469056421
155.5200558162692,3144144,46.98124469056421
155.5200558162692,3293856.7142857146,46.98124469056421
155.5200558162692,3443569.4285714286,46.98124469056421
155.5200558162692,3593282.1428571427,46.98124469056421
155.5200558162692,3742994.8571428573,46.98124469056421
155.5200558162692,3892707.5714285714,46.98124469056421
155.5200558162692,4042420.285714286,46.98124469056421
155.5200558162692,4192133,46.98124469056421
155.5200558162692,4341845.714285715,46.98124469056421
155.5200558162692,4491558.428571429,46.98124469056421
155.5200558162692,4641271.142857143,46.98124469056421
155.5200558162692,4790983.857142857,46.98124469056421
155.5200558162692,4940696.571428572,46.98124469056421
155.5200558162692,5090409.285714285,46.98124469056421
155.5200558162692,5240122,46.98124469056421
155.5200558162692,5389834.714285715,46.98124469056421
155.5200558162692,5539547.428571429,46.98124469056421
155.5200558162692,5689260.142857143,46.98124469056421
155.5200558162692,5838972.857142857,46.98124469056421
155.5200558162692,5988685.571428572,46.98124469056421
155.5200558162692,6138398.285714285,46.98124469056421
155.5200558162692,6288111,46.98124469056421
155.5200558162692,6437823.714285715,46.98124469056421
155.5200558162692,6587536.428571429,46.98124469056421
155.5200558162692,6737249.142857143,46.98124469056421
155.5200558162692,6886961.857142857,46.98124469056421
155.5200558162692,7036674.571428572,46.98124469056421
155.5200558162692,7186387.285714285,46.98124469056421
155.5200558162692,7336100,46.98124469056421
0.018222427943245464,177,47.68759653519611
0.48524120946353083,149889.7142857143,47.68759653519611
0.6470969773126523,299602.4285714286,47.68759653519611
0.8774789366474225,449315.14285714284,47.68759653519611
0.8774789366474225,599027.8571428572,47.68759653519611
0.9451323290821119,748740.5714285715,47.68759653519611
0.9451323290821119,898453.2857142857,47.68759653519611
0.9451323290821119,1048166,47.68759653519611
1.164612022548269,1197878.7142857143,47.68759653519611
1.164612022548269,1347591.4285714286,47.68759653519611
1.164612022548269,1497304.142857143,47.68759653519611
1.164612022548269,1647016.8571428573,47.68759653519611
1.5192054882119401,1796729.5714285714,47.68759653519611
1.5192054882119401,1946442.2857142857,47.68759653519611
1.5192054882119401,2096155,47.68759653519611
1.5192054882119401,2245867.7142857146,47.68759653519611
1.5192054882119401,2395580.4285714286,47.68759653519611
1.7453962472376616,2545293.1428571427,47.68759653519611
155.5200558162692,2695005.8571428573,47.68759653519611
155.5200558162692,2844718.5714285714,47.68759653519611
155.5200558162692,2994431.285714286,47.68759653519611
155.5200558162692,3144144,47.68759653519611
155.5200558162692,3293856.7142857146,47.68759653519611
155.5200558162692,3443569.4285714286,47.68759653519611
155.5200558162692,3593282.1428571427,47.68759653519611
155.5200558162692,3742994.8571428573,47.68759653519611
155.5200558162692,3892707.5714285714,47.68759653519611
155.5200558162692,4042420.285714286,47.68759653519611
155.5200558162692,4192133,47.68759653519611
155.5200558162692,4341845.714285715,47.68759653519611
155.5200558162692,4491558.428571429,47.68759653519611
155.5200558162692,4641271.142857143,47.68759653519611
155.5200558162692,4790983.857142857,47.68759653519611
155.5200558162692,4940696.571428572,47.68759653519611
155.5200558162692,5090409.285714285,47.68759653519611
155.5200558162692,5240122,47.68759653519611
155.5200558162692,5389834.714285715,47.68759653519611
155.5200558162692,5539547.428571429,47.68759653519611
155.5200558162692,5689260.142857143,47.68759653519611
155.5200558162692,5838972.857142857,47.68759653519611
155.5200558162692,5988685.571428572,47.68759653519611
155.5200558162692,6138398.285714285,47.68759653519611
155.5200558162692,6288111,47.68759653519611
155.5200558162692,6437823.714285715,47.68759653519611
155.5200558162692,6587536.428571429,47.68759653519611
155.5200558162692,6737249.142857143,47.68759653519611
155.5200558162692,6886961.857142857,47.68759653519611
155.5200558162692,7036674.571428572,47.68759653519611
155.5200558162692,7186387.285714285,47.68759653519611
155.5200558162692,7336100,47.68759653519611
0.018222427943245464,177,48.393948379828004
0.48524120946353083,149889.7142857143,48.393948379828004
0.6470969773126523,299602.4285714286,48.393948379828004
0.8774789366474225,449315.14285714284,48.393948379828004
0.8774789366474225,599027.8571428572,48.393948379828004
0.9451323290821119,748740.5714285715,48.393948379828004
0.9451323290821119,898453.2857142857,48.393948379828004
0.9451323290821119,1048166,48.393948379828004
1.164612022548269,1197878.7142857143,48.393948379828004
1.164612022548269,1347591.4285714286,48.393948379828004
1.164612022548269,1497304.142857143,48.393948379828004
1.164612022548269,1647016.8571428573,48.393948379828004
1.5192054882119401,1796729.5714285714,48.393948379828004
1.5192054882119401,1946442.2857142857,48.393948379828004
1.5192054882119401,2096155,48.393948379828004
1.5192054882119401,2245867.7142857146,48.393948379828004
1.5192054882119401,2395580.4285714286,48.393948379828004
1.7453962472376616,2545293.1428571427,48.393948379828004
155.5200558162692,2695005.8571428573,48.393948379828004
155.5200558162692,2844718.5714285714,48.393948379828004
155.5200558162692,2994431.285714286,48.393948379828004
155.5200558162692,3144144,48.393948379828004
155.5200558162692,3293856.7142857146,48.393948379828004
155.5200558162692,3443569.4285714286,48.393948379828004
155.5200558162692,3593282.1428571427,48.393948379828004
155.5200558162692,3742994.8571428573,48.393948379828004
155.5200558162692,3892707.5714285714,48.393948379828004
155.5200558162692,4042420.285714286,48.393948379828004
155.5200558162692,4192133,48.393948379828004
155.5200558162692,4341845.714285715,48.393948379828004
155.5200558162692,4491558.428571429,48.393948379828004
155.5200558162692,4641271.142857143,48.393948379828004
155.5200558162692,4790983.857142857,48.393948379828004
155.5200558162692,4940696.571428572,48.393948379828004
155.5200558162692,5090409.285714285,48.393948379828004
155.5200558162692,5240122,48.393948379828004
155.5200558162692,5389834.714285715,48.393948379828004
155.5200558162692,5539547.428571429,48.393948379828004
155.5200558162692,5689260.142857143,48.393948379828004
155.5200558162692,5838972.857142857,48.393948379828004
155.5200558162692,5988685.571428572,48.393948379828004
155.5200558162692,6138398.285714285,48.393948379828004
155.5200558162692,6288111,48.393948379828004
155.5200558162692,6437823.714285715,48.393948379828004
155.5200558162692,6587536.428571429,48.393948379828004
155.5200558162692,6737249.142857143,48.393948379828004
155.5200558162692,6886961.857142857,48.393948379828004
155.5200558162692,7036674.571428572,48.393948379828004
155.5200558162692,7186387.285714285,48.393948379828004
155.5200558162692,7336100,48.393948379828004
0.018222427943245464,177,49.1003002244599
0.48524120946353083,149889.7142857143,49.1003002244599
0.6470969773126523,299602.4285714286,49.1003002244599
0.8774789366474225,449315.14285714284,49.1003002244599
0.8774789366474225,599027.8571428572,49.1003002244599
0.9451323290821119,748740.5714285715,49.1003002244599
0.9451323290821119,898453.2857142857,49.1003002244599
0.9451323290821119,1048166,49.1003002244599
1.164612022548269,1197878.7142857143,49.1003002244599
1.164612022548269,1347591.4285714286,49.1003002244599
1.164612022548269,1497304.142857143,49.1003002244599
1.164612022548269,1647016.8571428573,49.1003002244599
1.5192054882119401,1796729.5714285714,49.1003002244599
1.5192054882119401,1946442.2857142857,49.1003002244599
1.5192054882119401,2096155,49.1003002244599
1.5192054882119401,2245867.7142857146,49.1003002244599
1.5192054882119401,2395580.4285714286,49.1003002244599
1.7453962472376616,2545293.1428571427,49.1003002244599
155.5200558162692,2695005.8571428573,49.1003002244599
155.5200558162692,2844718.5714285714,49.1003002244599
155.5200558162692,2994431.285714286,49.1003002244599
155.5200558162692,3144144,49.1003002244599
155.5200558162692,3293856.7142857146,49.1003002244599
155.5200558162692,3443569.4285714286,49.1003002244599
155.5200558162692,3593282.1428571427,49.1003002244599
155.5200558162692,3742994.8571428573,49.1003002244599
155.5200558162692,3892707.5714285714,49.1003002244599
155.5200558162692,4042420.285714286,49.1003002244599
155.5200558162692,4192133,49.1003002244599
155.5200558162692,4341845.714285715,49.1003002244599
155.5200558162692,4491558.428571429,49.1003002244599
155.5200558162692,4641271.142857143,49.1003002244599
155.5200558162692,4790983.857142857,49.1003002244599
155.5200558162692,4940696.571428572,49.1003002244599
155.5200558162692,5090409.285714285,49.1003002244599
155.5200558162692,5240122,49.1003002244599
155.5200558162692,5389834.714285715,49.1003002244599
155.5200558162692,5539547.428571429,49.1003002244599
155.5200558162692,5689260.142857143,49.1003002244599
155.5200558162692,5838972.857142857,49.1003002244599
155.5200558162692,5988685.571428572,49.1003002244599
155.5200558162692,6138398.285714285,49.1003002244599
155.5200558162692,6288111,49.1003002244599
155.5200558162692,6437823.714285715,49.1003002244599
155.5200558162692,6587536.428571429,49.1003002244599
155.5200558162692,6737249.142857143,49.1003002244599
155.5200558162692,6886961.857142857,49.1003002244599
155.5200558162692,7036674.571428572,49.1003002244599
155.5200558162692,7186387.285714285,49.1003002244599
155.5200558162692,7336100,49.1003002244599
0.018222427943245464,177,49.8066520690918
0.48524120946353083,149889.7142857143,49.8066520690918
0.6470969773126523,299602.4285714286,49.8066520690918
0.8774789366474225,449315.14285714284,49.8066520690918
0.8774789366474225,599027.8571428572,49.8066520690918
0.9451323290821119,748740.5714285715,49.8066520690918
0.9451323290821119,898453.2857142857,49.8066520690918
0.9451323290821119,1048166,49.8066520690918
1.164612022548269,1197878.7142857143,49.8066520690918
1.164612022548269,1347591.4285714286,49.8066520690918
1.164612022548269,1497304.142857143,49.8066520690918
1.164612022548269,1647016.8571428573,49.8066520690918
1.5192054882119401,1796729.5714285714,49.8066520690918
1.5192054882119401,1946442.2857142857,49.8066520690918
1.5192054882119401,2096155,49.8066520690918
1.5192054882119401,2245867.7142857146,49.8066520690918
1.5192054882119401,2395580.4285714286,49.8066520690918
1.7453962472376616,2545293.1428571427,49.8066520690918
155.5200558162692,2695005.8571428573,49.8066520690918
155.5200558162692,2844718.5714285714,49.8066520690918
155.5200558162692,2994431.285714286,49.8066520690918
155.5200558162692,3144144,49.8066520690918
155.5200558162692,3293856.7142857146,49.8066520690918
155.5200558162692,3443569.4285714286,49.8066520690918
155.5200558162692,3593282.1428571427,49.8066520690918
155.5200558162692,3742994.8571428573,49.8066520690918
155.5200558162692,3892707.5714285714,49.8066520690918
155.5200558162692,4042420.285714286,49.8066520690918
155.5200558162692,4192133,49.8066520690918
155.5200558162692,4341845.714285715,49.8066520690918
155.5200558162692,4491558.428571429,49.8066520690918
155.5200558162692,4641271.142857143,49.8066520690918
155.5200558162692,4790983.857142857,49.8066520690918
155.5200558162692,4940696.571428572,49.8066520690918
155.5200558162692,5090409.285714285,49.8066520690918
155.5200558162692,5240122,49.8066520690918
155.5200558162692,5389834.714285715,49.8066520690918
155.5200558162692,5539547.428571429,49.8066520690918
155.5200558162692,5689260.142857143,49.8066520690918
155.5200558162692,5838972.857142857,49.8066520690918
155.5200558162692,5988685.571428572,49.8066520690918
155.5200558162692,6138398.285714285,49.8066520690918
155.5200558162692,6288111,49.8066520690918
155.5200558162692,6437823.714285715,49.8066520690918
155.5200558162692,6587536.428571429,49.8066520690918
155.5200558162692,6737249.142857143,49.8066520690918
155.5200558162692,6886961.857142857,49.8066520690918
155.5200558162692,7036674.571428572,49.8066520690918
155.5200558162692,7186387.285714285,49.8066520690918
155.5200558162692,7336100,49.8066520690918
