Q,cumulative_landfalling_area,max_ocean_SLP_gradient
0.013926352515751477,177,1.9763417045365497
0.37084191849767184,149889.7142857143,1.9763417045365497
0.4958550237842977,299602.4285714286,1.9763417045365497
0.672391240040213,449315.14285714284,1.9763417045365497
0.672391240040213,599027.8571428572,1.9763417045365497
0.7242324256598809,748740.5714285715,1.9763417045365497
0.7242324256598809,898453.2857142857,1.9763417045365497
0.7242324256598809,1048166,1.9763417045365497
0.8924144948696543,1197878.7142857143,1.9763417045365497
0.8924144948696543,1347591.4285714286,1.9763417045365497
0.8924144948696543,1497304.142857143,1.9763417045365497
0.8924144948696543,1647016.8571428573,1.9763417045365497
1.1900672035192155,1796729.5714285714,1.9763417045365497
1.1900672035192155,1946442.2857142857,1.9763417045365497
1.1900672035192155,2096155,1.9763417045365497
1.1900672035192155,2245867.7142857146,1.9763417045365497
1.1900672035192155,2395580.4285714286,1.9763417045365497
1.5924900611544321,2545293.1428571427,1.9763417045365497
19896.851116920592,2695005.8571428573,1.9763417045365497
19896.851116920592,2844718.5714285714,1.9763417045365497
19896.851116920592,2994431.285714286,1.9763417045365497
19896.851116920592,3144144,1.9763417045365497
19896.851116920592,3293856.7142857146,1.9763417045365497
19896.851116920592,3443569.4285714286,1.9763417045365497
19896.851116920592,3593282.1428571427,1.9763417045365497
19896.851116920592,3742994.8571428573,1.9763417045365497
19896.851116920592,3892707.5714285714,1.9763417045365497
19896.851116920592,4042420.285714286,1.9763417045365497
19896.851116920592,4192133,1.9763417045365497
19896.851116920592,4341845.714285715,1.9763417045365497
19896.851116920592,4491558.428571429,1.9763417045365497
19896.851116920592,4641271.142857143,1.9763417045365497
19896.851116920592,4790983.857142857,1.9763417045365497
19896.851116920592,4940696.571428572,1.9763417045365497
19896.851116920592,5090409.285714285,1.9763417045365497
19896.851116920592,5240122,1.9763417045365497
19896.851116920592,5389834.714285715,1.9763417045365497
19896.851116920592,5539547.428571429,1.9763417045365497
19896.851116920592,5689260.142857143,1.9763417045365497
19896.851116920592,5838972.857142857,1.9763417045365497
19896.851116920592,5988685.571428572,1.9763417045365497
19896.851116920592,6138398.285714285,1.9763417045365497
19896.851116920592,6288111,1.9763417045365497
19896.851116920592,6437823.714285715,1.9763417045365497
19896.851116920592,6587536.428571429,1.9763417045365497
19896.851116920592,6737249.142857143,1.9763417045365497
19896.851116920592,6886961.857142857,1.9763417045365497
19896.851116920592,7036674.571428572,1.9763417045365497
19896.851116920592,7186387.285714285,1.9763417045365497
19896.851116920592,7336100,1.9763417045365497
0.013926352515751477,177,2.2013399121739883
0.37084191849767184,149889.7142857143,2.2013399121739883
0.4958550237842977,299602.4285714286,2.2013399121739883
0.672391240040213,449315.14285714284,2.2013399121739883
0.672391240040213,599027.8571428572,2.2013399121739883
0.7242324256598809,748740.5714285715,2.2013399121739883
0.7242324256598809,898453.2857142857,2.2013399121739883
0.7242324256598809,1048166,2.2013399121739883
0.8924144948696543,1197878.7142857143,2.2013399121739883
0.8924144948696543,1347591.4285714286,2.2013399121739883
0.8924144948696543,1497304.142857143,2.2013399121739883
0.8924144948696543,1647016.8571428573,2.2013399121739883
1.1900672035192155,1796729.5714285714,2.2013399121739883
1.1900672035192155,1946442.2857142857,2.2013399121739883
1.1900672035192155,2096155,2.2013399121739883
1.1900672035192155,2245867.7142857146,2.2013399121739883
1.1900672035192155,2395580.4285714286,2.2013399121739883
1.5924900611544321,2545293.1428571427,2.2013399121739883
19896.851116920592,2695005.8571428573,2.2013399121739883
19896.851116920592,2844718.5714285714,2.2013399121739883
19896.851116920592,2994431.285714286,2.2013399121739883
19896.851116920592,3144144,2.2013399121739883
19896.851116920592,3293856.7142857146,2.2013399121739883
19896.851116920592,3443569.4285714286,2.2013399121739883
19896.851116920592,3593282.1428571427,2.2013399121739883
19896.851116920592,3742994.8571428573,2.2013399121739883
19896.851116920592,3892707.5714285714,2.2013399121739883
19896.851116920592,4042420.285714286,2.2013399121739883
19896.851116920592,4192133,2.2013399121739883
19896.851116920592,4341845.714285715,2.2013399121739883
19896.851116920592,4491558.428571429,2.2013399121739883
19896.851116920592,4641271.142857143,2.2013399121739883
19896.851116920592,4790983.857142857,2.2013399121739883
19896.851116920592,4940696.571428572,2.2013399121739883
19896.851116920592,5090409.285714285,2.2013399121739883
19896.851116920592,5240122,2.2013399121739883
19896.851116920592,5389834.714285715,2.2013399121739883
19896.851116920592,5539547.428571429,2.2013399121739883
19896.851116920592,5689260.142857143,2.2013399121739883
19896.851116920592,5838972.857142857,2.2013399121739883
19896.851116920592,5988685.571428572,2.2013399121739883
19896.851116920592,6138398.285714285,2.2013399121739883
19896.851116920592,6288111,2.2013399121739883
19896.851116920592,6437823.714285715,2.2013399121739883
19896.851116920592,6587536.428571429,2.2013399121739883
19896.851116920592,6737249.142857143,2.2013399121739883
19896.851116920592,6886961.857142857,2.2013399121739883
19896.851116920592,7036674.571428572,2.2013399121739883
19896.851116920592,7186387.285714285,2.2013399121739883
19896.851116920592,7336100,2.2013399121739883
0.013926352515751477,177,2.426338119811427
0.37084191849767184,149889.7142857143,2.426338119811427
0.4958550237842977,299602.4285714286,2.426338119811427
0.672391240040213,449315.14285714284,2.426338119811427
0.672391240040213,599027.8571428572,2.426338119811427
0.7242324256598809,748740.5714285715,2.426338119811427
0.7242324256598809,898453.2857142857,2.426338119811427
0.7242324256598809,1048166,2.426338119811427
0.8924144948696543,1197878.7142857143,2.426338119811427
0.8924144948696543,1347591.4285714286,2.426338119811427
0.8924144948696543,1497304.142857143,2.426338119811427
0.8924144948696543,1647016.8571428573,2.426338119811427
1.1900672035192155,1796729.5714285714,2.426338119811427
1.1900672035192155,1946442.2857142857,2.426338119811427
1.1900672035192155,2096155,2.426338119811427
1.1900672035192155,2245867.7142857146,2.426338119811427
1.1900672035192155,2395580.4285714286,2.426338119811427
1.5924900611544321,2545293.1428571427,2.426338119811427
19896.851116920592,2695005.8571428573,2.426338119811427
19896.851116920592,2844718.5714285714,2.426338119811427
19896.851116920592,2994431.285714286,2.426338119811427
19896.851116920592,3144144,2.426338119811427
19896.851116920592,3293856.7142857146,2.426338119811427
19896.851116920592,3443569.4285714286,2.426338119811427
19896.851116920592,3593282.1428571427,2.426338119811427
19896.851116920592,3742994.8571428573,2.426338119811427
19896.851116920592,3892707.5714285714,2.426338119811427
19896.851116920592,4042420.285714286,2.426338119811427
19896.851116920592,4192133,2.426338119811427
19896.851116920592,4341845.714285715,2.426338119811427
19896.851116920592,4491558.428571429,2.426338119811427
19896.851116920592,4641271.142857143,2.426338119811427
19896.851116920592,4790983.857142857,2.426338119811427
19896.851116920592,4940696.571428572,2.426338119811427
19896.851116920592,5090409.285714285,2.426338119811427
19896.851116920592,5240122,2.426338119811427
19896.851116920592,5389834.714285715,2.426338119811427
19896.851116920592,5539547.428571429,2.426338119811427
19896.851116920592,5689260.142857143,2.426338119811427
19896.851116920592,5838972.857142857,2.426338119811427
19896.851116920592,5988685.571428572,2.426338119811427
19896.851116920592,6138398.285714285,2.426338119811427
19896.851116920592,6288111,2.426338119811427
19896.851116920592,6437823.714285715,2.426338119811427
19896.851116920592,6587536.428571429,2.426338119811427
19896.851116920592,6737249.142857143,2.426338119811427
19896.851116920592,6886961.857142857,2.426338119811427
19896.851116920592,7036674.571428572,2.426338119811427
19896.851116920592,7186387.285714285,2.426338119811427
19896.851116920592,7336100,2.426338119811427
0.013926352515751477,177,2.651336327448866
0.37084191849767184,149889.7142857143,2.651336327448866
0.4958550237842977,299602.4285714286,2.651336327448866
0.672391240040213,449315.14285714284,2.651336327448866
0.672391240040213,599027.8571428572,2.651336327448866
0.7242324256598809,748740.5714285715,2.651336327448866
0.7242324256598809,898453.2857142857,2.651336327448866
0.7242324256598809,1048166,2.651336327448866
0.8924144948696543,1197878.7142857143,2.651336327448866
0.8924144948696543,1347591.4285714286,2.651336327448866
0.8924144948696543,1497304.142857143,2.651336327448866
0.8924144948696543,1647016.8571428573,2.651336327448866
1.1900672035192155,1796729.5714285714,2.651336327448866
1.1900672035192155,1946442.2857142857,2.651336327448866
1.1900672035192155,2096155,2.651336327448866
1.1900672035192155,2245867.7142857146,2.651336327448866
1.1900672035192155,2395580.4285714286,2.651336327448866
1.5924900611544321,2545293.1428571427,2.651336327448866
19896.851116920592,2695005.8571428573,2.651336327448866
19896.851116920592,2844718.5714285714,2.651336327448866
19896.851116920592,2994431.285714286,2.651336327448866
19896.851116920592,3144144,2.651336327448866
19896.851116920592,3293856.7142857146,2.651336327448866
19896.851116920592,3443569.4285714286,2.651336327448866
19896.851116920592,3593282.1428571427,2.651336327448866
19896.851116920592,3742994.8571428573,2.651336327448866
19896.851116920592,3892707.5714285714,2.651336327448866
19896.851116920592,4042420.285714286,2.651336327448866
19896.851116920592,4192133,2.651336327448866
19896.851116920592,4341845.714285715,2.651336327448866
19896.851116920592,4491558.428571429,2.651336327448866
19896.851116920592,4641271.142857143,2.651336327448866
19896.851116920592,4790983.857142857,2.651336327448866
19896.851116920592,4940696.571428572,2.651336327448866
19896.851116920592,5090409.285714285,2.651336327448866
19896.851116920592,5240122,2.651336327448866
19896.851116920592,5389834.714285715,2.651336327448866
19896.851116920592,5539547.428571429,2.651336327448866
19896.851116920592,5689260.142857143,2.651336327448866
19896.851116920592,5838972.857142857,2.651336327448866
19896.851116920592,5988685.571428572,2.651336327448866
19896.851116920592,6138398.285714285,2.651336327448866
19896.851116920592,6288111,2.651336327448866
19896.851116920592,6437823.714285715,2.651336327448866
19896.851116920592,6587536.428571429,2.651336327448866
19896.851116920592,6737249.142857143,2.651336327448866
19896.851116920592,6886961.857142857,2.651336327448866
19896.851116920592,7036674.571428572,2.651336327448866
19896.851116920592,7186387.285714285,2.651336327448866
19896.851116920592,7336100,2.651336327448866
0.013926352515751477,177,2.8763345350863045
0.37084191849767184,149889.7142857143,2.8763345350863045
0.4958550237842977,299602.4285714286,2.8763345350863045
0.672391240040213,449315.14285714284,2.8763345350863045
0.672391240040213,599027.8571428572,2.8763345350863045
0.7242324256598809,748740.5714285715,2.8763345350863045
0.7242324256598809,898453.2857142857,2.8763345350863045
0.7242324256598809,1048166,2.8763345350863045
0.8924144948696543,1197878.7142857143,2.8763345350863045
0.8924144948696543,1347591.4285714286,2.8763345350863045
0.8924144948696543,1497304.142857143,2.8763345350863045
0.8924144948696543,1647016.8571428573,2.8763345350863045
1.1900672035192155,1796729.5714285714,2.8763345350863045
1.1900672035192155,1946442.2857142857,2.8763345350863045
1.1900672035192155,2096155,2.8763345350863045
1.1900672035192155,2245867.7142857146,2.8763345350863045
1.1900672035192155,2395580.4285714286,2.8763345350863045
1.5924900611544321,2545293.1428571427,2.8763345350863045
19896.851116920592,2695005.8571428573,2.8763345350863045
19896.851116920592,2844718.5714285714,2.8763345350863045
19896.851116920592,2994431.285714286,2.8763345350863045
19896.851116920592,3144144,2.8763345350863045
19896.851116920592,3293856.7142857146,2.8763345350863045
19896.851116920592,3443569.4285714286,2.8763345350863045
19896.851116920592,3593282.1428571427,2.8763345350863045
19896.851116920592,3742994.8571428573,2.8763345350863045
19896.851116920592,3892707.5714285714,2.8763345350863045
19896.851116920592,4042420.285714286,2.8763345350863045
19896.851116920592,4192133,2.8763345350863045
19896.851116920592,4341845.714285715,2.8763345350863045
19896.851116920592,4491558.428571429,2.8763345350863045
19896.851116920592,4641271.142857143,2.8763345350863045
19896.851116920592,4790983.857142857,2.8763345350863045
19896.851116920592,4940696.571428572,2.8763345350863045
19896.851116920592,5090409.285714285,2.8763345350863045
19896.851116920592,5240122,2.8763345350863045
19896.851116920592,5389834.714285715,2.8763345350863045
19896.851116920592,5539547.428571429,2.8763345350863045
19896.851116920592,5689260.142857143,2.8763345350863045
19896.851116920592,5838972.857142857,2.8763345350863045
19896.851116920592,5988685.571428572,2.8763345350863045
19896.851116920592,6138398.285714285,2.8763345350863045
19896.851116920592,6288111,2.8763345350863045
19896.851116920592,6437823.714285715,2.8763345350863045
19896.851116920592,6587536.428571429,2.8763345350863045
19896.851116920592,6737249.142857143,2.8763345350863045
19896.851116920592,6886961.857142857,2.8763345350863045
19896.851116920592,7036674.571428572,2.8763345350863045
19896.851116920592,7186387.285714285,2.8763345350863045
19896.851116920592,7336100,2.8763345350863045
0.013926352515751477,177,3.101332742723743
0.37084191849767184,149889.7142857143,3.101332742723743
0.4958550237842977,299602.4285714286,3.101332742723743
0.672391240040213,449315.14285714284,3.101332742723743
0.672391240040213,599027.8571428572,3.101332742723743
0.7242324256598809,748740.5714285715,3.101332742723743
0.7242324256598809,898453.2857142857,3.101332742723743
0.7242324256598809,1048166,3.101332742723743
0.8924144948696543,1197878.7142857143,3.101332742723743
0.8924144948696543,1347591.4285714286,3.101332742723743
0.8924144948696543,1497304.142857143,3.101332742723743
0.8924144948696543,1647016.8571428573,3.101332742723743
1.1900672035192155,1796729.5714285714,3.101332742723743
1.1900672035192155,1946442.2857142857,3.101332742723743
1.1900672035192155,2096155,3.101332742723743
1.1900672035192155,2245867.7142857146,3.101332742723743
1.1900672035192155,2395580.4285714286,3.101332742723743
1.5924900611544321,2545293.1428571427,3.101332742723743
19896.851116920592,2695005.8571428573,3.101332742723743
19896.851116920592,2844718.5714285714,3.101332742723743
19896.851116920592,2994431.285714286,3.101332742723743
19896.851116920592,3144144,3.101332742723743
19896.851116920592,3293856.7142857146,3.101332742723743
19896.851116920592,3443569.4285714286,3.101332742723743
19896.851116920592,3593282.1428571427,3.101332742723743
19896.851116920592,3742994.8571428573,3.101332742723743
19896.851116920592,3892707.5714285714,3.101332742723743
19896.851116920592,4042420.285714286,3.101332742723743
19896.851116920592,4192133,3.101332742723743
19896.851116920592,4341845.714285715,3.101332742723743
19896.851116920592,4491558.428571429,3.101332742723743
19896.851116920592,4641271.142857143,3.101332742723743
19896.851116920592,4790983.857142857,3.101332742723743
19896.851116920592,4940696.571428572,3.101332742723743
19896.851116920592,5090409.285714285,3.101332742723743
19896.851116920592,5240122,3.101332742723743
19896.851116920592,5389834.714285715,3.101332742723743
19896.851116920592,5539547.428571429,3.101332742723743
19896.851116920592,5689260.142857143,3.101332742723743
19896.851116920592,5838972.857142857,3.101332742723743
19896.851116920592,5988685.571428572,3.101332742723743
19896.851116920592,6138398.285714285,3.101332742723743
19896.851116920592,6288111,3.101332742723743
19896.851116920592,6437823.714285715,3.101332742723743
19896.851116920592,6587536.428571429,3.101332742723743
19896.851116920592,6737249.142857143,3.101332742723743
19896.851116920592,6886961.857142857,3.101332742723743
19896.851116920592,7036674.571428572,3.101332742723743
19896.851116920592,7186387.285714285,3.101332742723743
19896.851116920592,7336100,3.101332742723743
0.013926352515751477,177,3.326330950361182
0.37084191849767184,149889.7142857143,3.326330950361182
0.4958550237842977,299602.4285714286,3.326330950361182
0.672391240040213,449315.14285714284,3.326330950361182
0.672391240040213,599027.8571428572,3.326330950361182
0.7242324256598809,748740.5714285715,3.326330950361182
0.7242324256598809,898453.2857142857,3.326330950361182
0.7242324256598809,1048166,3.326330950361182
0.8924144948696543,1197878.7142857143,3.326330950361182
0.8924144948696543,1347591.4285714286,3.326330950361182
0.8924144948696543,1497304.142857143,3.326330950361182
0.8924144948696543,1647016.8571428573,3.326330950361182
1.1900672035192155,1796729.5714285714,3.326330950361182
1.1900672035192155,1946442.2857142857,3.326330950361182
1.1900672035192155,2096155,3.326330950361182
1.1900672035192155,2245867.7142857146,3.326330950361182
1.1900672035192155,2395580.4285714286,3.326330950361182
1.5924900611544321,2545293.1428571427,3.326330950361182
19896.851116920592,2695005.8571428573,3.326330950361182
19896.851116920592,2844718.5714285714,3.326330950361182
19896.851116920592,2994431.285714286,3.326330950361182
19896.851116920592,3144144,3.326330950361182
19896.851116920592,3293856.7142857146,3.326330950361182
19896.851116920592,3443569.4285714286,3.326330950361182
19896.851116920592,3593282.1428571427,3.326330950361182
19896.851116920592,3742994.8571428573,3.326330950361182
19896.851116920592,3892707.5714285714,3.326330950361182
19896.851116920592,4042420.285714286,3.326330950361182
19896.851116920592,4192133,3.326330950361182
19896.851116920592,4341845.714285715,3.326330950361182
19896.851116920592,4491558.428571429,3.326330950361182
19896.851116920592,4641271.142857143,3.326330950361182
19896.851116920592,4790983.857142857,3.326330950361182
19896.851116920592,4940696.571428572,3.326330950361182
19896.851116920592,5090409.285714285,3.326330950361182
19896.851116920592,5240122,3.326330950361182
19896.851116920592,5389834.714285715,3.326330950361182
19896.851116920592,5539547.428571429,3.326330950361182
19896.851116920592,5689260.142857143,3.326330950361182
19896.851116920592,5838972.857142857,3.326330950361182
19896.851116920592,5988685.571428572,3.326330950361182
19896.851116920592,6138398.285714285,3.326330950361182
19896.851116920592,6288111,3.326330950361182
19896.851116920592,6437823.714285715,3.326330950361182
19896.851116920592,6587536.428571429,3.326330950361182
19896.851116920592,6737249.142857143,3.326330950361182
19896.851116920592,6886961.857142857,3.326330950361182
19896.851116920592,7036674.571428572,3.326330950361182
19896.851116920592,7186387.285714285,3.326330950361182
19896.851116920592,7336100,3.326330950361182
0.013926352515751477,177,3.551329157998621
0.37084191849767184,149889.7142857143,3.551329157998621
0.4958550237842977,299602.4285714286,3.551329157998621
0.672391240040213,449315.14285714284,3.551329157998621
0.672391240040213,599027.8571428572,3.551329157998621
0.7242324256598809,748740.5714285715,3.551329157998621
0.7242324256598809,898453.2857142857,3.551329157998621
0.7242324256598809,1048166,3.551329157998621
0.8924144948696543,1197878.7142857143,3.551329157998621
0.8924144948696543,1347591.4285714286,3.551329157998621
0.8924144948696543,1497304.142857143,3.551329157998621
0.8924144948696543,1647016.8571428573,3.551329157998621
1.1900672035192155,1796729.5714285714,3.551329157998621
1.1900672035192155,1946442.2857142857,3.551329157998621
1.1900672035192155,2096155,3.551329157998621
1.1900672035192155,2245867.7142857146,3.551329157998621
1.1900672035192155,2395580.4285714286,3.551329157998621
1.5924900611544321,2545293.1428571427,3.551329157998621
19896.851116920592,2695005.8571428573,3.551329157998621
19896.851116920592,2844718.5714285714,3.551329157998621
19896.851116920592,2994431.285714286,3.551329157998621
19896.851116920592,3144144,3.551329157998621
19896.851116920592,3293856.7142857146,3.551329157998621
19896.851116920592,3443569.4285714286,3.551329157998621
19896.851116920592,3593282.1428571427,3.551329157998621
19896.851116920592,3742994.8571428573,3.551329157998621
19896.851116920592,3892707.5714285714,3.551329157998621
19896.851116920592,4042420.285714286,3.551329157998621
19896.851116920592,4192133,3.551329157998621
19896.851116920592,4341845.714285715,3.551329157998621
19896.851116920592,4491558.428571429,3.551329157998621
19896.851116920592,4641271.142857143,3.551329157998621
19896.851116920592,4790983.857142857,3.551329157998621
19896.851116920592,4940696.571428572,3.551329157998621
19896.851116920592,5090409.285714285,3.551329157998621
19896.851116920592,5240122,3.551329157998621
19896.851116920592,5389834.714285715,3.551329157998621
19896.851116920592,5539547.428571429,3.551329157998621
19896.851116920592,5689260.142857143,3.551329157998621
19896.851116920592,5838972.857142857,3.551329157998621
19896.851116920592,5988685.571428572,3.551329157998621
19896.851116920592,6138398.285714285,3.551329157998621
19896.851116920592,6288111,3.551329157998621
19896.851116920592,6437823.714285715,3.551329157998621
19896.851116920592,6587536.428571429,3.551329157998621
19896.851116920592,6737249.142857143,3.551329157998621
19896.851116920592,6886961.857142857,3.551329157998621
19896.851116920592,7036674.571428572,3.551329157998621
19896.851116920592,7186387.285714285,3.551329157998621
19896.851116920592,7336100,3.551329157998621
0.013926352515751477,177,3.7763273656360594
0.37084191849767184,149889.7142857143,3.7763273656360594
0.4958550237842977,299602.4285714286,3.7763273656360594
0.672391240040213,449315.14285714284,3.7763273656360594
0.672391240040213,599027.8571428572,3.7763273656360594
0.7242324256598809,748740.5714285715,3.7763273656360594
0.7242324256598809,898453.2857142857,3.7763273656360594
0.7242324256598809,1048166,3.7763273656360594
0.8924144948696543,1197878.7142857143,3.7763273656360594
0.8924144948696543,1347591.4285714286,3.7763273656360594
0.8924144948696543,1497304.142857143,3.7763273656360594
0.8924144948696543,1647016.8571428573,3.7763273656360594
1.1900672035192155,1796729.5714285714,3.7763273656360594
1.1900672035192155,1946442.2857142857,3.7763273656360594
1.1900672035192155,2096155,3.7763273656360594
1.1900672035192155,2245867.7142857146,3.7763273656360594
1.1900672035192155,2395580.4285714286,3.7763273656360594
1.5924900611544321,2545293.1428571427,3.7763273656360594
19896.851116920592,2695005.8571428573,3.7763273656360594
19896.851116920592,2844718.5714285714,3.7763273656360594
19896.851116920592,2994431.285714286,3.7763273656360594
19896.851116920592,3144144,3.7763273656360594
19896.851116920592,3293856.7142857146,3.7763273656360594
19896.851116920592,3443569.4285714286,3.7763273656360594
19896.851116920592,3593282.1428571427,3.7763273656360594
19896.851116920592,3742994.8571428573,3.7763273656360594
19896.851116920592,3892707.5714285714,3.7763273656360594
19896.851116920592,4042420.285714286,3.7763273656360594
19896.851116920592,4192133,3.7763273656360594
19896.851116920592,4341845.714285715,3.7763273656360594
19896.851116920592,4491558.428571429,3.7763273656360594
19896.851116920592,4641271.142857143,3.7763273656360594
19896.851116920592,4790983.857142857,3.7763273656360594
19896.851116920592,4940696.571428572,3.7763273656360594
19896.851116920592,5090409.285714285,3.7763273656360594
19896.851116920592,5240122,3.7763273656360594
19896.851116920592,5389834.714285715,3.7763273656360594
19896.851116920592,5539547.428571429,3.7763273656360594
19896.851116920592,5689260.142857143,3.7763273656360594
19896.851116920592,5838972.857142857,3.7763273656360594
19896.851116920592,5988685.571428572,3.7763273656360594
19896.851116920592,6138398.285714285,3.7763273656360594
19896.851116920592,6288111,3.7763273656360594
19896.851116920592,6437823.714285715,3.7763273656360594
19896.851116920592,6587536.428571429,3.7763273656360594
19896.851116920592,6737249.142857143,3.7763273656360594
19896.851116920592,6886961.857142857,3.7763273656360594
19896.851116920592,7036674.571428572,3.7763273656360594
19896.851116920592,7186387.285714285,3.7763273656360594
19896.851116920592,7336100,3.7763273656360594
0.013926352515751477,177,4.001325573273498
0.37084191849767184,149889.7142857143,4.001325573273498
0.4958550237842977,299602.4285714286,4.001325573273498
0.672391240040213,449315.14285714284,4.001325573273498
0.672391240040213,599027.8571428572,4.001325573273498
0.7242324256598809,748740.5714285715,4.001325573273498
0.7242324256598809,898453.2857142857,4.001325573273498
0.7242324256598809,1048166,4.001325573273498
0.8924144948696543,1197878.7142857143,4.001325573273498
0.8924144948696543,1347591.4285714286,4.001325573273498
0.8924144948696543,1497304.142857143,4.001325573273498
0.8924144948696543,1647016.8571428573,4.001325573273498
1.1900672035192155,1796729.5714285714,4.001325573273498
1.1900672035192155,1946442.2857142857,4.001325573273498
1.1900672035192155,2096155,4.001325573273498
1.1900672035192155,2245867.7142857146,4.001325573273498
1.1900672035192155,2395580.4285714286,4.001325573273498
1.5924900611544321,2545293.1428571427,4.001325573273498
19896.851116920592,2695005.8571428573,4.001325573273498
19896.851116920592,2844718.5714285714,4.001325573273498
19896.851116920592,2994431.285714286,4.001325573273498
19896.851116920592,3144144,4.001325573273498
19896.851116920592,3293856.7142857146,4.001325573273498
19896.851116920592,3443569.4285714286,4.001325573273498
19896.851116920592,3593282.1428571427,4.001325573273498
19896.851116920592,3742994.8571428573,4.001325573273498
19896.851116920592,3892707.5714285714,4.001325573273498
19896.851116920592,4042420.285714286,4.001325573273498
19896.851116920592,4192133,4.001325573273498
19896.851116920592,4341845.714285715,4.001325573273498
19896.851116920592,4491558.428571429,4.001325573273498
19896.851116920592,4641271.142857143,4.001325573273498
19896.851116920592,4790983.857142857,4.001325573273498
19896.851116920592,4940696.571428572,4.001325573273498
19896.851116920592,5090409.285714285,4.001325573273498
19896.851116920592,5240122,4.001325573273498
19896.851116920592,5389834.714285715,4.001325573273498
19896.851116920592,5539547.428571429,4.001325573273498
19896.851116920592,5689260.142857143,4.001325573273498
19896.851116920592,5838972.857142857,4.001325573273498
19896.851116920592,5988685.571428572,4.001325573273498
19896.851116920592,6138398.285714285,4.001325573273498
19896.851116920592,6288111,4.001325573273498
19896.851116920592,6437823.714285715,4.001325573273498
19896.851116920592,6587536.428571429,4.001325573273498
19896.851116920592,6737249.142857143,4.001325573273498
19896.851116920592,6886961.857142857,4.001325573273498
19896.851116920592,7036674.571428572,4.001325573273498
19896.851116920592,7186387.285714285,4.001325573273498
19896.851116920592,7336100,4.001325573273498
0.013926352515751477,177,4.226323780910937
0.37084191849767184,149889.7142857143,4.226323780910937
0.4958550237842977,299602.4285714286,4.226323780910937
0.672391240040213,449315.14285714284,4.226323780910937
0.672391240040213,599027.8571428572,4.226323780910937
0.7242324256598809,748740.5714285715,4.226323780910937
0.7242324256598809,898453.2857142857,4.226323780910937
0.7242324256598809,1048166,4.226323780910937
0.8924144948696543,1197878.7142857143,4.226323780910937
0.8924144948696543,1347591.4285714286,4.226323780910937
0.8924144948696543,1497304.142857143,4.226323780910937
0.8924144948696543,1647016.8571428573,4.226323780910937
1.1900672035192155,1796729.5714285714,4.226323780910937
1.1900672035192155,1946442.2857142857,4.226323780910937
1.1900672035192155,2096155,4.226323780910937
1.1900672035192155,2245867.7142857146,4.226323780910937
1.1900672035192155,2395580.4285714286,4.226323780910937
1.5924900611544321,2545293.1428571427,4.226323780910937
19896.851116920592,2695005.8571428573,4.226323780910937
19896.851116920592,2844718.5714285714,4.226323780910937
19896.851116920592,2994431.285714286,4.226323780910937
19896.851116920592,3144144,4.226323780910937
19896.851116920592,3293856.7142857146,4.226323780910937
19896.851116920592,3443569.4285714286,4.226323780910937
19896.851116920592,3593282.1428571427,4.226323780910937
19896.851116920592,3742994.8571428573,4.226323780910937
19896.851116920592,3892707.5714285714,4.226323780910937
19896.851116920592,4042420.285714286,4.226323780910937
19896.851116920592,4192133,4.226323780910937
19896.851116920592,4341845.714285715,4.226323780910937
19896.851116920592,4491558.428571429,4.226323780910937
19896.851116920592,4641271.142857143,4.226323780910937
19896.851116920592,4790983.857142857,4.226323780910937
19896.851116920592,4940696.571428572,4.226323780910937
19896.851116920592,5090409.285714285,4.226323780910937
19896.851116920592,5240122,4.226323780910937
19896.851116920592,5389834.714285715,4.226323780910937
19896.851116920592,5539547.428571429,4.226323780910937
19896.851116920592,5689260.142857143,4.226323780910937
19896.851116920592,5838972.857142857,4.226323780910937
19896.851116920592,5988685.571428572,4.226323780910937
19896.851116920592,6138398.285714285,4.226323780910937
19896.851116920592,6288111,4.226323780910937
19896.851116920592,6437823.714285715,4.226323780910937
19896.851116920592,6587536.428571429,4.226323780910937
19896.851116920592,6737249.142857143,4.226323780910937
19896.851116920592,6886961.857142857,4.226323780910937
19896.851116920592,7036674.571428572,4.226323780910937
19896.851116920592,7186387.285714285,4.226323780910937
19896.851116920592,7336100,4.226323780910937
0.013926352515751477,177,4.451321988548376
0.37084191849767184,149889.7142857143,4.451321988548376
0.4958550237842977,299602.4285714286,4.451321988548376
0.672391240040213,449315.14285714284,4.451321988548376
0.672391240040213,599027.8571428572,4.451321988548376
0.7242324256598809,748740.5714285715,4.451321988548376
0.7242324256598809,898453.2857142857,4.451321988548376
0.7242324256598809,1048166,4.451321988548376
0.8924144948696543,1197878.7142857143,4.451321988548376
0.8924144948696543,1347591.4285714286,4.451321988548376
0.8924144948696543,1497304.142857143,4.451321988548376
0.8924144948696543,1647016.8571428573,4.451321988548376
1.1900672035192155,1796729.5714285714,4.451321988548376
1.1900672035192155,1946442.2857142857,4.451321988548376
1.1900672035192155,2096155,4.451321988548376
1.1900672035192155,2245867.7142857146,4.451321988548376
1.1900672035192155,2395580.4285714286,4.451321988548376
1.5924900611544321,2545293.1428571427,4.451321988548376
19896.851116920592,2695005.8571428573,4.451321988548376
19896.851116920592,2844718.5714285714,4.451321988548376
19896.851116920592,2994431.285714286,4.451321988548376
19896.851116920592,3144144,4.451321988548376
19896.851116920592,3293856.7142857146,4.451321988548376
19896.851116920592,3443569.4285714286,4.451321988548376
19896.851116920592,3593282.1428571427,4.451321988548376
19896.851116920592,3742994.8571428573,4.451321988548376
19896.851116920592,3892707.5714285714,4.451321988548376
19896.851116920592,4042420.285714286,4.451321988548376
19896.851116920592,4192133,4.451321988548376
19896.851116920592,4341845.714285715,4.451321988548376
19896.851116920592,4491558.428571429,4.451321988548376
19896.851116920592,4641271.142857143,4.451321988548376
19896.851116920592,4790983.857142857,4.451321988548376
19896.851116920592,4940696.571428572,4.451321988548376
19896.851116920592,5090409.285714285,4.451321988548376
19896.851116920592,5240122,4.451321988548376
19896.851116920592,5389834.714285715,4.451321988548376
19896.851116920592,5539547.428571429,4.451321988548376
19896.851116920592,5689260.142857143,4.451321988548376
19896.851116920592,5838972.857142857,4.451321988548376
19896.851116920592,5988685.571428572,4.451321988548376
19896.851116920592,6138398.285714285,4.451321988548376
19896.851116920592,6288111,4.451321988548376
19896.851116920592,6437823.714285715,4.451321988548376
19896.851116920592,6587536.428571429,4.451321988548376
19896.851116920592,6737249.142857143,4.451321988548376
19896.851116920592,6886961.857142857,4.451321988548376
19896.851116920592,7036674.571428572,4.451321988548376
19896.851116920592,7186387.285714285,4.451321988548376
19896.851116920592,7336100,4.451321988548376
0.013926352515751477,177,4.676320196185815
0.37084191849767184,149889.7142857143,4.676320196185815
0.4958550237842977,299602.4285714286,4.676320196185815
0.672391240040213,449315.14285714284,4.676320196185815
0.672391240040213,599027.8571428572,4.676320196185815
0.7242324256598809,748740.5714285715,4.676320196185815
0.7242324256598809,898453.2857142857,4.676320196185815
0.7242324256598809,1048166,4.676320196185815
0.8924144948696543,1197878.7142857143,4.676320196185815
0.8924144948696543,1347591.4285714286,4.676320196185815
0.8924144948696543,1497304.142857143,4.676320196185815
0.8924144948696543,1647016.8571428573,4.676320196185815
1.1900672035192155,1796729.5714285714,4.676320196185815
1.1900672035192155,1946442.2857142857,4.676320196185815
1.1900672035192155,2096155,4.676320196185815
1.1900672035192155,2245867.7142857146,4.676320196185815
1.1900672035192155,2395580.4285714286,4.676320196185815
1.5924900611544321,2545293.1428571427,4.676320196185815
19896.851116920592,2695005.8571428573,4.676320196185815
19896.851116920592,2844718.5714285714,4.676320196185815
19896.851116920592,2994431.285714286,4.676320196185815
19896.851116920592,3144144,4.676320196185815
19896.851116920592,3293856.7142857146,4.676320196185815
19896.851116920592,3443569.4285714286,4.676320196185815
19896.851116920592,3593282.1428571427,4.676320196185815
19896.851116920592,3742994.8571428573,4.676320196185815
19896.851116920592,3892707.5714285714,4.676320196185815
19896.851116920592,4042420.285714286,4.676320196185815
19896.851116920592,4192133,4.676320196185815
19896.851116920592,4341845.714285715,4.676320196185815
19896.851116920592,4491558.428571429,4.676320196185815
19896.851116920592,4641271.142857143,4.676320196185815
19896.851116920592,4790983.857142857,4.676320196185815
19896.851116920592,4940696.571428572,4.676320196185815
19896.851116920592,5090409.285714285,4.676320196185815
19896.851116920592,5240122,4.676320196185815
19896.851116920592,5389834.714285715,4.676320196185815
19896.851116920592,5539547.428571429,4.676320196185815
19896.851116920592,5689260.142857143,4.676320196185815
19896.851116920592,5838972.857142857,4.676320196185815
19896.851116920592,5988685.571428572,4.676320196185815
19896.851116920592,6138398.285714285,4.676320196185815
19896.851116920592,6288111,4.676320196185815
19896.851116920592,6437823.714285715,4.676320196185815
19896.851116920592,6587536.428571429,4.676320196185815
19896.851116920592,6737249.142857143,4.676320196185815
19896.851116920592,6886961.857142857,4.676320196185815
19896.851116920592,7036674.571428572,4.676320196185815
19896.851116920592,7186387.285714285,4.676320196185815
19896.851116920592,7336100,4.676320196185815
0.013926352515751477,177,4.901318403823253
0.37084191849767184,149889.7142857143,4.901318403823253
0.4958550237842977,299602.4285714286,4.901318403823253
0.672391240040213,449315.14285714284,4.901318403823253
0.672391240040213,599027.8571428572,4.901318403823253
0.7242324256598809,748740.5714285715,4.901318403823253
0.7242324256598809,898453.2857142857,4.901318403823253
0.7242324256598809,1048166,4.901318403823253
0.8924144948696543,1197878.7142857143,4.901318403823253
0.8924144948696543,1347591.4285714286,4.901318403823253
0.8924144948696543,1497304.142857143,4.901318403823253
0.8924144948696543,1647016.8571428573,4.901318403823253
1.1900672035192155,1796729.5714285714,4.901318403823253
1.1900672035192155,1946442.2857142857,4.901318403823253
1.1900672035192155,2096155,4.901318403823253
1.1900672035192155,2245867.7142857146,4.901318403823253
1.1900672035192155,2395580.4285714286,4.901318403823253
1.5924900611544321,2545293.1428571427,4.901318403823253
19896.851116920592,2695005.8571428573,4.901318403823253
19896.851116920592,2844718.5714285714,4.901318403823253
19896.851116920592,2994431.285714286,4.901318403823253
19896.851116920592,3144144,4.901318403823253
19896.851116920592,3293856.7142857146,4.901318403823253
19896.851116920592,3443569.4285714286,4.901318403823253
19896.851116920592,3593282.1428571427,4.901318403823253
19896.851116920592,3742994.8571428573,4.901318403823253
19896.851116920592,3892707.5714285714,4.901318403823253
19896.851116920592,4042420.285714286,4.901318403823253
19896.851116920592,4192133,4.901318403823253
19896.851116920592,4341845.714285715,4.901318403823253
19896.851116920592,4491558.428571429,4.901318403823253
19896.851116920592,4641271.142857143,4.901318403823253
19896.851116920592,4790983.857142857,4.901318403823253
19896.851116920592,4940696.571428572,4.901318403823253
19896.851116920592,5090409.285714285,4.901318403823253
19896.851116920592,5240122,4.901318403823253
19896.851116920592,5389834.714285715,4.901318403823253
19896.851116920592,5539547.428571429,4.901318403823253
19896.851116920592,5689260.142857143,4.901318403823253
19896.851116920592,5838972.857142857,4.901318403823253
19896.851116920592,5988685.571428572,4.901318403823253
19896.851116920592,6138398.285714285,4.901318403823253
19896.851116920592,6288111,4.901318403823253
19896.851116920592,6437823.714285715,4.901318403823253
19896.851116920592,6587536.428571429,4.901318403823253
19896.851116920592,6737249.142857143,4.901318403823253
19896.851116920592,6886961.857142857,4.901318403823253
19896.851116920592,7036674.571428572,4.901318403823253
19896.851116920592,7186387.285714285,4.901318403823253
19896.851116920592,7336100,4.901318403823253
0.013781790954430986,177,5.126316611460692
0.3669924190195798,149889.7142857143,5.126316611460692
0.4907078342136048,299602.4285714286,5.126316611460692
0.6654115282047919,449315.14285714284,5.126316611460692
0.6654115282047919,599027.8571428572,5.126316611460692
0.7167145798999158,748740.5714285715,5.126316611460692
0.7167145798999158,898453.2857142857,5.126316611460692
0.7167145798999158,1048166,5.126316611460692
0.8831508465039044,1197878.7142857143,5.126316611460692
0.8831508465039044,1347591.4285714286,5.126316611460692
0.8831508465039044,1497304.142857143,5.126316611460692
0.8831508465039044,1647016.8571428573,5.126316611460692
1.1777137913229878,1796729.5714285714,5.126316611460692
1.1777137913229878,1946442.2857142857,5.126316611460692
1.1777137913229878,2096155,5.126316611460692
1.1777137913229878,2245867.7142857146,5.126316611460692
1.1777137913229878,2395580.4285714286,5.126316611460692
1.5759593256752413,2545293.1428571427,5.126316611460692
19690.31319828252,2695005.8571428573,5.126316611460692
19690.31319828252,2844718.5714285714,5.126316611460692
19690.31319828252,2994431.285714286,5.126316611460692
19690.31319828252,3144144,5.126316611460692
19690.31319828252,3293856.7142857146,5.126316611460692
19690.31319828252,3443569.4285714286,5.126316611460692
19690.31319828252,3593282.1428571427,5.126316611460692
19690.31319828252,3742994.8571428573,5.126316611460692
19690.31319828252,3892707.5714285714,5.126316611460692
19690.31319828252,4042420.285714286,5.126316611460692
19690.31319828252,4192133,5.126316611460692
19690.31319828252,4341845.714285715,5.126316611460692
19690.31319828252,4491558.428571429,5.126316611460692
19690.31319828252,4641271.142857143,5.126316611460692
19690.31319828252,4790983.857142857,5.126316611460692
19690.31319828252,4940696.571428572,5.126316611460692
19690.31319828252,5090409.285714285,5.126316611460692
19690.31319828252,5240122,5.126316611460692
19690.31319828252,5389834.714285715,5.126316611460692
19690.31319828252,5539547.428571429,5.126316611460692
19690.31319828252,5689260.142857143,5.126316611460692
19690.31319828252,5838972.857142857,5.126316611460692
19690.31319828252,5988685.571428572,5.126316611460692
19690.31319828252,6138398.285714285,5.126316611460692
19690.31319828252,6288111,5.126316611460692
19690.31319828252,6437823.714285715,5.126316611460692
19690.31319828252,6587536.428571429,5.126316611460692
19690.31319828252,6737249.142857143,5.126316611460692
19690.31319828252,6886961.857142857,5.126316611460692
19690.31319828252,7036674.571428572,5.126316611460692
19690.31319828252,7186387.285714285,5.126316611460692
19690.31319828252,7336100,5.126316611460692
0.013781790954430986,177,5.35131481909813
0.3669924190195798,149889.7142857143,5.35131481909813
0.4907078342136048,299602.4285714286,5.35131481909813
0.6654115282047919,449315.14285714284,5.35131481909813
0.6654115282047919,599027.8571428572,5.35131481909813
0.7167145798999158,748740.5714285715,5.35131481909813
0.7167145798999158,898453.2857142857,5.35131481909813
0.7167145798999158,1048166,5.35131481909813
0.8831508465039044,1197878.7142857143,5.35131481909813
0.8831508465039044,1347591.4285714286,5.35131481909813
0.8831508465039044,1497304.142857143,5.35131481909813
0.8831508465039044,1647016.8571428573,5.35131481909813
1.1777137913229878,1796729.5714285714,5.35131481909813
1.1777137913229878,1946442.2857142857,5.35131481909813
1.1777137913229878,2096155,5.35131481909813
1.1777137913229878,2245867.7142857146,5.35131481909813
1.1777137913229878,2395580.4285714286,5.35131481909813
1.5759593256752413,2545293.1428571427,5.35131481909813
19690.31319828252,2695005.8571428573,5.35131481909813
19690.31319828252,2844718.5714285714,5.35131481909813
19690.31319828252,2994431.285714286,5.35131481909813
19690.31319828252,3144144,5.35131481909813
19690.31319828252,3293856.7142857146,5.35131481909813
19690.31319828252,3443569.4285714286,5.35131481909813
19690.31319828252,3593282.1428571427,5.35131481909813
19690.31319828252,3742994.8571428573,5.35131481909813
19690.31319828252,3892707.5714285714,5.35131481909813
19690.31319828252,4042420.285714286,5.35131481909813
19690.31319828252,4192133,5.35131481909813
19690.31319828252,4341845.714285715,5.35131481909813
19690.31319828252,4491558.428571429,5.35131481909813
19690.31319828252,4641271.142857143,5.35131481909813
19690.31319828252,4790983.857142857,5.35131481909813
19690.31319828252,4940696.571428572,5.35131481909813
19690.31319828252,5090409.285714285,5.35131481909813
19690.31319828252,5240122,5.35131481909813
19690.31319828252,5389834.714285715,5.35131481909813
19690.31319828252,5539547.428571429,5.35131481909813
19690.31319828252,5689260.142857143,5.35131481909813
19690.31319828252,5838972.857142857,5.35131481909813
19690.31319828252,5988685.571428572,5.35131481909813
19690.31319828252,6138398.285714285,5.35131481909813
19690.31319828252,6288111,5.35131481909813
19690.31319828252,6437823.714285715,5.35131481909813
19690.31319828252,6587536.428571429,5.35131481909813
19690.31319828252,6737249.142857143,5.35131481909813
19690.31319828252,6886961.857142857,5.35131481909813
19690.31319828252,7036674.571428572,5.35131481909813
19690.31319828252,7186387.285714285,5.35131481909813
19690.31319828252,7336100,5.35131481909813
0.013781790954430986,177,5.576313026735569
0.3669924190195798,149889.7142857143,5.576313026735569
0.4907078342136048,299602.4285714286,5.576313026735569
0.6654115282047919,449315.14285714284,5.576313026735569
0.6654115282047919,599027.8571428572,5.576313026735569
0.7167145798999158,748740.5714285715,5.576313026735569
0.7167145798999158,898453.2857142857,5.576313026735569
0.7167145798999158,1048166,5.576313026735569
0.8831508465039044,1197878.7142857143,5.576313026735569
0.8831508465039044,1347591.4285714286,5.576313026735569
0.8831508465039044,1497304.142857143,5.576313026735569
0.8831508465039044,1647016.8571428573,5.576313026735569
1.1777137913229878,1796729.5714285714,5.576313026735569
1.1777137913229878,1946442.2857142857,5.576313026735569
1.1777137913229878,2096155,5.576313026735569
1.1777137913229878,2245867.7142857146,5.576313026735569
1.1777137913229878,2395580.4285714286,5.576313026735569
1.5759593256752413,2545293.1428571427,5.576313026735569
19690.31319828252,2695005.8571428573,5.576313026735569
19690.31319828252,2844718.5714285714,5.576313026735569
19690.31319828252,2994431.285714286,5.576313026735569
19690.31319828252,3144144,5.576313026735569
19690.31319828252,3293856.7142857146,5.576313026735569
19690.31319828252,3443569.4285714286,5.576313026735569
19690.31319828252,3593282.1428571427,5.576313026735569
19690.31319828252,3742994.8571428573,5.576313026735569
19690.31319828252,3892707.5714285714,5.576313026735569
19690.31319828252,4042420.285714286,5.576313026735569
19690.31319828252,4192133,5.576313026735569
19690.31319828252,4341845.714285715,5.576313026735569
19690.31319828252,4491558.428571429,5.576313026735569
19690.31319828252,4641271.142857143,5.576313026735569
19690.31319828252,4790983.857142857,5.576313026735569
19690.31319828252,4940696.571428572,5.576313026735569
19690.31319828252,5090409.285714285,5.576313026735569
19690.31319828252,5240122,5.576313026735569
19690.31319828252,5389834.714285715,5.576313026735569
19690.31319828252,5539547.428571429,5.576313026735569
19690.31319828252,5689260.142857143,5.576313026735569
19690.31319828252,5838972.857142857,5.576313026735569
19690.31319828252,5988685.571428572,5.576313026735569
19690.31319828252,6138398.285714285,5.576313026735569
19690.31319828252,6288111,5.576313026735569
19690.31319828252,6437823.714285715,5.576313026735569
19690.31319828252,6587536.428571429,5.576313026735569
19690.31319828252,6737249.142857143,5.576313026735569
19690.31319828252,6886961.857142857,5.576313026735569
19690.31319828252,7036674.571428572,5.576313026735569
19690.31319828252,7186387.285714285,5.576313026735569
19690.31319828252,7336100,5.576313026735569
0.013781790954430986,177,5.801311234373008
0.3669924190195798,149889.7142857143,5.801311234373008
0.4907078342136048,299602.4285714286,5.801311234373008
0.6654115282047919,449315.14285714284,5.801311234373008
0.6654115282047919,599027.8571428572,5.801311234373008
0.7167145798999158,748740.5714285715,5.801311234373008
0.7167145798999158,898453.2857142857,5.801311234373008
0.7167145798999158,1048166,5.801311234373008
0.8831508465039044,1197878.7142857143,5.801311234373008
0.8831508465039044,1347591.4285714286,5.801311234373008
0.8831508465039044,1497304.142857143,5.801311234373008
0.8831508465039044,1647016.8571428573,5.801311234373008
1.1777137913229878,1796729.5714285714,5.801311234373008
1.1777137913229878,1946442.2857142857,5.801311234373008
1.1777137913229878,2096155,5.801311234373008
1.1777137913229878,2245867.7142857146,5.801311234373008
1.1777137913229878,2395580.4285714286,5.801311234373008
1.5759593256752413,2545293.1428571427,5.801311234373008
19690.31319828252,2695005.8571428573,5.801311234373008
19690.31319828252,2844718.5714285714,5.801311234373008
19690.31319828252,2994431.285714286,5.801311234373008
19690.31319828252,3144144,5.801311234373008
19690.31319828252,3293856.7142857146,5.801311234373008
19690.31319828252,3443569.4285714286,5.801311234373008
19690.31319828252,3593282.1428571427,5.801311234373008
19690.31319828252,3742994.8571428573,5.801311234373008
19690.31319828252,3892707.5714285714,5.801311234373008
19690.31319828252,4042420.285714286,5.801311234373008
19690.31319828252,4192133,5.801311234373008
19690.31319828252,4341845.714285715,5.801311234373008
19690.31319828252,4491558.428571429,5.801311234373008
19690.31319828252,4641271.142857143,5.801311234373008
19690.31319828252,4790983.857142857,5.801311234373008
19690.31319828252,4940696.571428572,5.801311234373008
19690.31319828252,5090409.285714285,5.801311234373008
19690.31319828252,5240122,5.801311234373008
19690.31319828252,5389834.714285715,5.801311234373008
19690.31319828252,5539547.428571429,5.801311234373008
19690.31319828252,5689260.142857143,5.801311234373008
19690.31319828252,5838972.857142857,5.801311234373008
19690.31319828252,5988685.571428572,5.801311234373008
19690.31319828252,6138398.285714285,5.801311234373008
19690.31319828252,6288111,5.801311234373008
19690.31319828252,6437823.714285715,5.801311234373008
19690.31319828252,6587536.428571429,5.801311234373008
19690.31319828252,6737249.142857143,5.801311234373008
19690.31319828252,6886961.857142857,5.801311234373008
19690.31319828252,7036674.571428572,5.801311234373008
19690.31319828252,7186387.285714285,5.801311234373008
19690.31319828252,7336100,5.801311234373008
0.013781790954430986,177,6.026309442010446
0.3669924190195798,149889.7142857143,6.026309442010446
0.4907078342136048,299602.4285714286,6.026309442010446
0.6654115282047919,449315.14285714284,6.026309442010446
0.6654115282047919,599027.8571428572,6.026309442010446
0.7167145798999158,748740.5714285715,6.026309442010446
0.7167145798999158,898453.2857142857,6.026309442010446
0.7167145798999158,1048166,6.026309442010446
0.8831508465039044,1197878.7142857143,6.026309442010446
0.8831508465039044,1347591.4285714286,6.026309442010446
0.8831508465039044,1497304.142857143,6.026309442010446
0.8831508465039044,1647016.8571428573,6.026309442010446
1.1777137913229878,1796729.5714285714,6.026309442010446
1.1777137913229878,1946442.2857142857,6.026309442010446
1.1777137913229878,2096155,6.026309442010446
1.1777137913229878,2245867.7142857146,6.026309442010446
1.1777137913229878,2395580.4285714286,6.026309442010446
1.5759593256752413,2545293.1428571427,6.026309442010446
19690.31319828252,2695005.8571428573,6.026309442010446
19690.31319828252,2844718.5714285714,6.026309442010446
19690.31319828252,2994431.285714286,6.026309442010446
19690.31319828252,3144144,6.026309442010446
19690.31319828252,3293856.7142857146,6.026309442010446
19690.31319828252,3443569.4285714286,6.026309442010446
19690.31319828252,3593282.1428571427,6.026309442010446
19690.31319828252,3742994.8571428573,6.026309442010446
19690.31319828252,3892707.5714285714,6.026309442010446
19690.31319828252,4042420.285714286,6.026309442010446
19690.31319828252,4192133,6.026309442010446
19690.31319828252,4341845.714285715,6.026309442010446
19690.31319828252,4491558.428571429,6.026309442010446
19690.31319828252,4641271.142857143,6.026309442010446
19690.31319828252,4790983.857142857,6.026309442010446
19690.31319828252,4940696.571428572,6.026309442010446
19690.31319828252,5090409.285714285,6.026309442010446
19690.31319828252,5240122,6.026309442010446
19690.31319828252,5389834.714285715,6.026309442010446
19690.31319828252,5539547.428571429,6.026309442010446
19690.31319828252,5689260.142857143,6.026309442010446
19690.31319828252,5838972.857142857,6.026309442010446
19690.31319828252,5988685.571428572,6.026309442010446
19690.31319828252,6138398.285714285,6.026309442010446
19690.31319828252,6288111,6.026309442010446
19690.31319828252,6437823.714285715,6.026309442010446
19690.31319828252,6587536.428571429,6.026309442010446
19690.31319828252,6737249.142857143,6.026309442010446
19690.31319828252,6886961.857142857,6.026309442010446
19690.31319828252,7036674.571428572,6.026309442010446
19690.31319828252,7186387.285714285,6.026309442010446
19690.31319828252,7336100,6.026309442010446
0.013781790954430986,177,6.251307649647885
0.3669924190195798,149889.7142857143,6.251307649647885
0.4907078342136048,299602.4285714286,6.251307649647885
0.6654115282047919,449315.14285714284,6.251307649647885
0.6654115282047919,599027.8571428572,6.251307649647885
0.7167145798999158,748740.5714285715,6.251307649647885
0.7167145798999158,898453.2857142857,6.251307649647885
0.7167145798999158,1048166,6.251307649647885
0.8831508465039044,1197878.7142857143,6.251307649647885
0.8831508465039044,1347591.4285714286,6.251307649647885
0.8831508465039044,1497304.142857143,6.251307649647885
0.8831508465039044,1647016.8571428573,6.251307649647885
1.1777137913229878,1796729.5714285714,6.251307649647885
1.1777137913229878,1946442.2857142857,6.251307649647885
1.1777137913229878,2096155,6.251307649647885
1.1777137913229878,2245867.7142857146,6.251307649647885
1.1777137913229878,2395580.4285714286,6.251307649647885
1.5759593256752413,2545293.1428571427,6.251307649647885
19690.31319828252,2695005.8571428573,6.251307649647885
19690.31319828252,2844718.5714285714,6.251307649647885
19690.31319828252,2994431.285714286,6.251307649647885
19690.31319828252,3144144,6.251307649647885
19690.31319828252,3293856.7142857146,6.251307649647885
19690.31319828252,3443569.4285714286,6.251307649647885
19690.31319828252,3593282.1428571427,6.251307649647885
19690.31319828252,3742994.8571428573,6.251307649647885
19690.31319828252,3892707.5714285714,6.251307649647885
19690.31319828252,4042420.285714286,6.251307649647885
19690.31319828252,4192133,6.251307649647885
19690.31319828252,4341845.714285715,6.251307649647885
19690.31319828252,4491558.428571429,6.251307649647885
19690.31319828252,4641271.142857143,6.251307649647885
19690.31319828252,4790983.857142857,6.251307649647885
19690.31319828252,4940696.571428572,6.251307649647885
19690.31319828252,5090409.285714285,6.251307649647885
19690.31319828252,5240122,6.251307649647885
19690.31319828252,5389834.714285715,6.251307649647885
19690.31319828252,5539547.428571429,6.251307649647885
19690.31319828252,5689260.142857143,6.251307649647885
19690.31319828252,5838972.857142857,6.251307649647885
19690.31319828252,5988685.571428572,6.251307649647885
19690.31319828252,6138398.285714285,6.251307649647885
19690.31319828252,6288111,6.251307649647885
19690.31319828252,6437823.714285715,6.251307649647885
19690.31319828252,6587536.428571429,6.251307649647885
19690.31319828252,6737249.142857143,6.251307649647885
19690.31319828252,6886961.857142857,6.251307649647885
19690.31319828252,7036674.571428572,6.251307649647885
19690.31319828252,7186387.285714285,6.251307649647885
19690.31319828252,7336100,6.251307649647885
0.014001478199400032,177,6.476305857285324
0.37284242456134986,149889.7142857143,6.476305857285324
0.5001577526572853,299602.4285714286,6.476305857285324
0.6782258430263542,449315.14285714284,6.476305857285324
0.6782258430263542,599027.8571428572,6.476305857285324
0.7305168749831094,748740.5714285715,6.476305857285324
0.7305168749831094,898453.2857142857,6.476305857285324
0.7305168749831094,1048166,6.476305857285324
0.9001583260896012,1197878.7142857143,6.476305857285324
0.9001583260896012,1347591.4285714286,6.476305857285324
0.9001583260896012,1497304.142857143,6.476305857285324
0.9001583260896012,1647016.8571428573,6.476305857285324
1.2330091467055753,1796729.5714285714,6.476305857285324
1.2330091467055753,1946442.2857142857,6.476305857285324
1.2330091467055753,2096155,6.476305857285324
1.2330091467055753,2245867.7142857146,6.476305857285324
1.2330091467055753,2395580.4285714286,6.476305857285324
1.9988880987274478,2545293.1428571427,6.476305857285324
209077.79453763063,2695005.8571428573,6.476305857285324
209077.79453763063,2844718.5714285714,6.476305857285324
209077.79453763063,2994431.285714286,6.476305857285324
209077.79453763063,3144144,6.476305857285324
209077.79453763063,3293856.7142857146,6.476305857285324
209077.79453763063,3443569.4285714286,6.476305857285324
209077.79453763063,3593282.1428571427,6.476305857285324
209077.79453763063,3742994.8571428573,6.476305857285324
209077.79453763063,3892707.5714285714,6.476305857285324
209077.79453763063,4042420.285714286,6.476305857285324
209077.79453763063,4192133,6.476305857285324
209077.79453763063,4341845.714285715,6.476305857285324
209077.79453763063,4491558.428571429,6.476305857285324
209077.79453763063,4641271.142857143,6.476305857285324
209077.79453763063,4790983.857142857,6.476305857285324
209077.79453763063,4940696.571428572,6.476305857285324
209077.79453763063,5090409.285714285,6.476305857285324
209077.79453763063,5240122,6.476305857285324
209077.79453763063,5389834.714285715,6.476305857285324
209077.79453763063,5539547.428571429,6.476305857285324
209077.79453763063,5689260.142857143,6.476305857285324
209077.79453763063,5838972.857142857,6.476305857285324
209077.79453763063,5988685.571428572,6.476305857285324
209077.79453763063,6138398.285714285,6.476305857285324
209077.79453763063,6288111,6.476305857285324
209077.79453763063,6437823.714285715,6.476305857285324
209077.79453763063,6587536.428571429,6.476305857285324
209077.79453763063,6737249.142857143,6.476305857285324
209077.79453763063,6886961.857142857,6.476305857285324
209077.79453763063,7036674.571428572,6.476305857285324
209077.79453763063,7186387.285714285,6.476305857285324
209077.79453763063,7336100,6.476305857285324
0.014001478199400032,177,6.701304064922763
0.37284242456134986,149889.7142857143,6.701304064922763
0.5001577526572853,299602.4285714286,6.701304064922763
0.6782258430263542,449315.14285714284,6.701304064922763
0.6782258430263542,599027.8571428572,6.701304064922763
0.7305168749831094,748740.5714285715,6.701304064922763
0.7305168749831094,898453.2857142857,6.701304064922763
0.7305168749831094,1048166,6.701304064922763
0.9001583260896012,1197878.7142857143,6.701304064922763
0.9001583260896012,1347591.4285714286,6.701304064922763
0.9001583260896012,1497304.142857143,6.701304064922763
0.9001583260896012,1647016.8571428573,6.701304064922763
1.2330091467055753,1796729.5714285714,6.701304064922763
1.2330091467055753,1946442.2857142857,6.701304064922763
1.2330091467055753,2096155,6.701304064922763
1.2330091467055753,2245867.7142857146,6.701304064922763
1.2330091467055753,2395580.4285714286,6.701304064922763
1.9988880987274478,2545293.1428571427,6.701304064922763
209077.79453763063,2695005.8571428573,6.701304064922763
209077.79453763063,2844718.5714285714,6.701304064922763
209077.79453763063,2994431.285714286,6.701304064922763
209077.79453763063,3144144,6.701304064922763
209077.79453763063,3293856.7142857146,6.701304064922763
209077.79453763063,3443569.4285714286,6.701304064922763
209077.79453763063,3593282.1428571427,6.701304064922763
209077.79453763063,3742994.8571428573,6.701304064922763
209077.79453763063,3892707.5714285714,6.701304064922763
209077.79453763063,4042420.285714286,6.701304064922763
209077.79453763063,4192133,6.701304064922763
209077.79453763063,4341845.714285715,6.701304064922763
209077.79453763063,4491558.428571429,6.701304064922763
209077.79453763063,4641271.142857143,6.701304064922763
209077.79453763063,4790983.857142857,6.701304064922763
209077.79453763063,4940696.571428572,6.701304064922763
209077.79453763063,5090409.285714285,6.701304064922763
209077.79453763063,5240122,6.701304064922763
209077.79453763063,5389834.714285715,6.701304064922763
209077.79453763063,5539547.428571429,6.701304064922763
209077.79453763063,5689260.142857143,6.701304064922763
209077.79453763063,5838972.857142857,6.701304064922763
209077.79453763063,5988685.571428572,6.701304064922763
209077.79453763063,6138398.285714285,6.701304064922763
209077.79453763063,6288111,6.701304064922763
209077.79453763063,6437823.714285715,6.701304064922763
209077.79453763063,6587536.428571429,6.701304064922763
209077.79453763063,6737249.142857143,6.701304064922763
209077.79453763063,6886961.857142857,6.701304064922763
209077.79453763063,7036674.571428572,6.701304064922763
209077.79453763063,7186387.285714285,6.701304064922763
209077.79453763063,7336100,6.701304064922763
0.014001478199400032,177,6.926302272560202
0.37284242456134986,149889.7142857143,6.926302272560202
0.5001577526572853,299602.4285714286,6.926302272560202
0.6782258430263542,449315.14285714284,6.926302272560202
0.6782258430263542,599027.8571428572,6.926302272560202
0.7305168749831094,748740.5714285715,6.926302272560202
0.7305168749831094,898453.2857142857,6.926302272560202
0.7305168749831094,1048166,6.926302272560202
0.9001583260896012,1197878.7142857143,6.926302272560202
0.9001583260896012,1347591.4285714286,6.926302272560202
0.9001583260896012,1497304.142857143,6.926302272560202
0.9001583260896012,1647016.8571428573,6.926302272560202
1.2330091467055753,1796729.5714285714,6.926302272560202
1.2330091467055753,1946442.2857142857,6.926302272560202
1.2330091467055753,2096155,6.926302272560202
1.2330091467055753,2245867.7142857146,6.926302272560202
1.2330091467055753,2395580.4285714286,6.926302272560202
1.9988880987274478,2545293.1428571427,6.926302272560202
209077.79453763063,2695005.8571428573,6.926302272560202
209077.79453763063,2844718.5714285714,6.926302272560202
209077.79453763063,2994431.285714286,6.926302272560202
209077.79453763063,3144144,6.926302272560202
209077.79453763063,3293856.7142857146,6.926302272560202
209077.79453763063,3443569.4285714286,6.926302272560202
209077.79453763063,3593282.1428571427,6.926302272560202
209077.79453763063,3742994.8571428573,6.926302272560202
209077.79453763063,3892707.5714285714,6.926302272560202
209077.79453763063,4042420.285714286,6.926302272560202
209077.79453763063,4192133,6.926302272560202
209077.79453763063,4341845.714285715,6.926302272560202
209077.79453763063,4491558.428571429,6.926302272560202
209077.79453763063,4641271.142857143,6.926302272560202
209077.79453763063,4790983.857142857,6.926302272560202
209077.79453763063,4940696.571428572,6.926302272560202
209077.79453763063,5090409.285714285,6.926302272560202
209077.79453763063,5240122,6.926302272560202
209077.79453763063,5389834.714285715,6.926302272560202
209077.79453763063,5539547.428571429,6.926302272560202
209077.79453763063,5689260.142857143,6.926302272560202
209077.79453763063,5838972.857142857,6.926302272560202
209077.79453763063,5988685.571428572,6.926302272560202
209077.79453763063,6138398.285714285,6.926302272560202
209077.79453763063,6288111,6.926302272560202
209077.79453763063,6437823.714285715,6.926302272560202
209077.79453763063,6587536.428571429,6.926302272560202
209077.79453763063,6737249.142857143,6.926302272560202
209077.79453763063,6886961.857142857,6.926302272560202
209077.79453763063,7036674.571428572,6.926302272560202
209077.79453763063,7186387.285714285,6.926302272560202
209077.79453763063,7336100,6.926302272560202
0.014001478199400032,177,7.15130048019764
0.37284242456134986,149889.7142857143,7.15130048019764
0.5001577526572853,299602.4285714286,7.15130048019764
0.6782258430263542,449315.14285714284,7.15130048019764
0.6782258430263542,599027.8571428572,7.15130048019764
0.7305168749831094,748740.5714285715,7.15130048019764
0.7305168749831094,898453.2857142857,7.15130048019764
0.7305168749831094,1048166,7.15130048019764
0.9001583260896012,1197878.7142857143,7.15130048019764
0.9001583260896012,1347591.4285714286,7.15130048019764
0.9001583260896012,1497304.142857143,7.15130048019764
0.9001583260896012,1647016.8571428573,7.15130048019764
1.2330091467055753,1796729.5714285714,7.15130048019764
1.2330091467055753,1946442.2857142857,7.15130048019764
1.2330091467055753,2096155,7.15130048019764
1.2330091467055753,2245867.7142857146,7.15130048019764
1.2330091467055753,2395580.4285714286,7.15130048019764
1.9988880987274478,2545293.1428571427,7.15130048019764
209077.79453763063,2695005.8571428573,7.15130048019764
209077.79453763063,2844718.5714285714,7.15130048019764
209077.79453763063,2994431.285714286,7.15130048019764
209077.79453763063,3144144,7.15130048019764
209077.79453763063,3293856.7142857146,7.15130048019764
209077.79453763063,3443569.4285714286,7.15130048019764
209077.79453763063,3593282.1428571427,7.15130048019764
209077.79453763063,3742994.8571428573,7.15130048019764
209077.79453763063,3892707.5714285714,7.15130048019764
209077.79453763063,4042420.285714286,7.15130048019764
209077.79453763063,4192133,7.15130048019764
209077.79453763063,4341845.714285715,7.15130048019764
209077.79453763063,4491558.428571429,7.15130048019764
209077.79453763063,4641271.142857143,7.15130048019764
209077.79453763063,4790983.857142857,7.15130048019764
209077.79453763063,4940696.571428572,7.15130048019764
209077.79453763063,5090409.285714285,7.15130048019764
209077.79453763063,5240122,7.15130048019764
209077.79453763063,5389834.714285715,7.15130048019764
209077.79453763063,5539547.428571429,7.15130048019764
209077.79453763063,5689260.142857143,7.15130048019764
209077.79453763063,5838972.857142857,7.15130048019764
209077.79453763063,5988685.571428572,7.15130048019764
209077.79453763063,6138398.285714285,7.15130048019764
209077.79453763063,6288111,7.15130048019764
209077.79453763063,6437823.714285715,7.15130048019764
209077.79453763063,6587536.428571429,7.15130048019764
209077.79453763063,6737249.142857143,7.15130048019764
209077.79453763063,6886961.857142857,7.15130048019764
209077.79453763063,7036674.571428572,7.15130048019764
209077.79453763063,7186387.285714285,7.15130048019764
209077.79453763063,7336100,7.15130048019764
0.014001478199400032,177,7.376298687835079
0.37284242456134986,149889.7142857143,7.376298687835079
0.5001577526572853,299602.4285714286,7.376298687835079
0.6782258430263542,449315.14285714284,7.376298687835079
0.6782258430263542,599027.8571428572,7.376298687835079
0.7305168749831094,748740.5714285715,7.376298687835079
0.7305168749831094,898453.2857142857,7.376298687835079
0.7305168749831094,1048166,7.376298687835079
0.9001583260896012,1197878.7142857143,7.376298687835079
0.9001583260896012,1347591.4285714286,7.376298687835079
0.9001583260896012,1497304.142857143,7.376298687835079
0.9001583260896012,1647016.8571428573,7.376298687835079
1.2330091467055753,1796729.5714285714,7.376298687835079
1.2330091467055753,1946442.2857142857,7.376298687835079
1.2330091467055753,2096155,7.376298687835079
1.2330091467055753,2245867.7142857146,7.376298687835079
1.2330091467055753,2395580.4285714286,7.376298687835079
1.9988880987274478,2545293.1428571427,7.376298687835079
209077.79453763063,2695005.8571428573,7.376298687835079
209077.79453763063,2844718.5714285714,7.376298687835079
209077.79453763063,2994431.285714286,7.376298687835079
209077.79453763063,3144144,7.376298687835079
209077.79453763063,3293856.7142857146,7.376298687835079
209077.79453763063,3443569.4285714286,7.376298687835079
209077.79453763063,3593282.1428571427,7.376298687835079
209077.79453763063,3742994.8571428573,7.376298687835079
209077.79453763063,3892707.5714285714,7.376298687835079
209077.79453763063,4042420.285714286,7.376298687835079
209077.79453763063,4192133,7.376298687835079
209077.79453763063,4341845.714285715,7.376298687835079
209077.79453763063,4491558.428571429,7.376298687835079
209077.79453763063,4641271.142857143,7.376298687835079
209077.79453763063,4790983.857142857,7.376298687835079
209077.79453763063,4940696.571428572,7.376298687835079
209077.79453763063,5090409.285714285,7.376298687835079
209077.79453763063,5240122,7.376298687835079
209077.79453763063,5389834.714285715,7.376298687835079
209077.79453763063,5539547.428571429,7.376298687835079
209077.79453763063,5689260.142857143,7.376298687835079
209077.79453763063,5838972.857142857,7.376298687835079
209077.79453763063,5988685.571428572,7.376298687835079
209077.79453763063,6138398.285714285,7.376298687835079
209077.79453763063,6288111,7.376298687835079
209077.79453763063,6437823.714285715,7.376298687835079
209077.79453763063,6587536.428571429,7.376298687835079
209077.79453763063,6737249.142857143,7.376298687835079
209077.79453763063,6886961.857142857,7.376298687835079
209077.79453763063,7036674.571428572,7.376298687835079
209077.79453763063,7186387.285714285,7.376298687835079
209077.79453763063,7336100,7.376298687835079
0.014001478199400032,177,7.601296895472518
0.37284242456134986,149889.7142857143,7.601296895472518
0.5001577526572853,299602.4285714286,7.601296895472518
0.6782258430263542,449315.14285714284,7.601296895472518
0.6782258430263542,599027.8571428572,7.601296895472518
0.7305168749831094,748740.5714285715,7.601296895472518
0.7305168749831094,898453.2857142857,7.601296895472518
0.7305168749831094,1048166,7.601296895472518
0.9001583260896012,1197878.7142857143,7.601296895472518
0.9001583260896012,1347591.4285714286,7.601296895472518
0.9001583260896012,1497304.142857143,7.601296895472518
0.9001583260896012,1647016.8571428573,7.601296895472518
1.2330091467055753,1796729.5714285714,7.601296895472518
1.2330091467055753,1946442.2857142857,7.601296895472518
1.2330091467055753,2096155,7.601296895472518
1.2330091467055753,2245867.7142857146,7.601296895472518
1.2330091467055753,2395580.4285714286,7.601296895472518
1.9988880987274478,2545293.1428571427,7.601296895472518
209077.79453763063,2695005.8571428573,7.601296895472518
209077.79453763063,2844718.5714285714,7.601296895472518
209077.79453763063,2994431.285714286,7.601296895472518
209077.79453763063,3144144,7.601296895472518
209077.79453763063,3293856.7142857146,7.601296895472518
209077.79453763063,3443569.4285714286,7.601296895472518
209077.79453763063,3593282.1428571427,7.601296895472518
209077.79453763063,3742994.8571428573,7.601296895472518
209077.79453763063,3892707.5714285714,7.601296895472518
209077.79453763063,4042420.285714286,7.601296895472518
209077.79453763063,4192133,7.601296895472518
209077.79453763063,4341845.714285715,7.601296895472518
209077.79453763063,4491558.428571429,7.601296895472518
209077.79453763063,4641271.142857143,7.601296895472518
209077.79453763063,4790983.857142857,7.601296895472518
209077.79453763063,4940696.571428572,7.601296895472518
209077.79453763063,5090409.285714285,7.601296895472518
209077.79453763063,5240122,7.601296895472518
209077.79453763063,5389834.714285715,7.601296895472518
209077.79453763063,5539547.428571429,7.601296895472518
209077.79453763063,5689260.142857143,7.601296895472518
209077.79453763063,5838972.857142857,7.601296895472518
209077.79453763063,5988685.571428572,7.601296895472518
209077.79453763063,6138398.285714285,7.601296895472518
209077.79453763063,6288111,7.601296895472518
209077.79453763063,6437823.714285715,7.601296895472518
209077.79453763063,6587536.428571429,7.601296895472518
209077.79453763063,6737249.142857143,7.601296895472518
209077.79453763063,6886961.857142857,7.601296895472518
209077.79453763063,7036674.571428572,7.601296895472518
209077.79453763063,7186387.285714285,7.601296895472518
209077.79453763063,7336100,7.601296895472518
0.014001478199400032,177,7.826295103109956
0.37284242456134986,149889.7142857143,7.826295103109956
0.5001577526572853,299602.4285714286,7.826295103109956
0.6782258430263542,449315.14285714284,7.826295103109956
0.6782258430263542,599027.8571428572,7.826295103109956
0.7305168749831094,748740.5714285715,7.826295103109956
0.7305168749831094,898453.2857142857,7.826295103109956
0.7305168749831094,1048166,7.826295103109956
0.9001583260896012,1197878.7142857143,7.826295103109956
0.9001583260896012,1347591.4285714286,7.826295103109956
0.9001583260896012,1497304.142857143,7.826295103109956
0.9001583260896012,1647016.8571428573,7.826295103109956
1.2330091467055753,1796729.5714285714,7.826295103109956
1.2330091467055753,1946442.2857142857,7.826295103109956
1.2330091467055753,2096155,7.826295103109956
1.2330091467055753,2245867.7142857146,7.826295103109956
1.2330091467055753,2395580.4285714286,7.826295103109956
1.9988880987274478,2545293.1428571427,7.826295103109956
209077.79453763063,2695005.8571428573,7.826295103109956
209077.79453763063,2844718.5714285714,7.826295103109956
209077.79453763063,2994431.285714286,7.826295103109956
209077.79453763063,3144144,7.826295103109956
209077.79453763063,3293856.7142857146,7.826295103109956
209077.79453763063,3443569.4285714286,7.826295103109956
209077.79453763063,3593282.1428571427,7.826295103109956
209077.79453763063,3742994.8571428573,7.826295103109956
209077.79453763063,3892707.5714285714,7.826295103109956
209077.79453763063,4042420.285714286,7.826295103109956
209077.79453763063,4192133,7.826295103109956
209077.79453763063,4341845.714285715,7.826295103109956
209077.79453763063,4491558.428571429,7.826295103109956
209077.79453763063,4641271.142857143,7.826295103109956
209077.79453763063,4790983.857142857,7.826295103109956
209077.79453763063,4940696.571428572,7.826295103109956
209077.79453763063,5090409.285714285,7.826295103109956
209077.79453763063,5240122,7.826295103109956
209077.79453763063,5389834.714285715,7.826295103109956
209077.79453763063,5539547.428571429,7.826295103109956
209077.79453763063,5689260.142857143,7.826295103109956
209077.79453763063,5838972.857142857,7.826295103109956
209077.79453763063,5988685.571428572,7.826295103109956
209077.79453763063,6138398.285714285,7.826295103109956
209077.79453763063,6288111,7.826295103109956
209077.79453763063,6437823.714285715,7.826295103109956
209077.79453763063,6587536.428571429,7.826295103109956
209077.79453763063,6737249.142857143,7.826295103109956
209077.79453763063,6886961.857142857,7.826295103109956
209077.79453763063,7036674.571428572,7.826295103109956
209077.79453763063,7186387.285714285,7.826295103109956
209077.79453763063,7336100,7.826295103109956
0.017216517775727726,177,8.051293310747395
0.45845503871733817,149889.7142857143,8.051293310747395
0.6156808695369422,299602.4285714286,8.051293310747395
0.834877945125078,449315.14285714284,8.051293310747395
0.834877945125078,599027.8571428572,8.051293310747395
0.899246812453581,748740.5714285715,8.051293310747395
0.899246812453581,898453.2857142857,8.051293310747395
0.899246812453581,1048166,8.051293310747395
1.1080709195914757,1197878.7142857143,8.051293310747395
1.1080709195914757,1347591.4285714286,8.051293310747395
1.1080709195914757,1497304.142857143,8.051293310747395
1.1080709195914757,1647016.8571428573,8.051293310747395
1.5329462227816906,1796729.5714285714,8.051293310747395
1.5329462227816906,1946442.2857142857,8.051293310747395
1.5329462227816906,2096155,8.051293310747395
1.5329462227816906,2245867.7142857146,8.051293310747395
1.5329462227816906,2395580.4285714286,8.051293310747395
2.6864505369802303,2545293.1428571427,8.051293310747395
520118.7882408463,2695005.8571428573,8.051293310747395
520118.7882408463,2844718.5714285714,8.051293310747395
520118.7882408463,2994431.285714286,8.051293310747395
520118.7882408463,3144144,8.051293310747395
520118.7882408463,3293856.7142857146,8.051293310747395
520118.7882408463,3443569.4285714286,8.051293310747395
520118.7882408463,3593282.1428571427,8.051293310747395
520118.7882408463,3742994.8571428573,8.051293310747395
520118.7882408463,3892707.5714285714,8.051293310747395
520118.7882408463,4042420.285714286,8.051293310747395
520118.7882408463,4192133,8.051293310747395
520118.7882408463,4341845.714285715,8.051293310747395
520118.7882408463,4491558.428571429,8.051293310747395
520118.7882408463,4641271.142857143,8.051293310747395
520118.7882408463,4790983.857142857,8.051293310747395
520118.7882408463,4940696.571428572,8.051293310747395
520118.7882408463,5090409.285714285,8.051293310747395
520118.7882408463,5240122,8.051293310747395
520118.7882408463,5389834.714285715,8.051293310747395
520118.7882408463,5539547.428571429,8.051293310747395
520118.7882408463,5689260.142857143,8.051293310747395
520118.7882408463,5838972.857142857,8.051293310747395
520118.7882408463,5988685.571428572,8.051293310747395
520118.7882408463,6138398.285714285,8.051293310747395
520118.7882408463,6288111,8.051293310747395
520118.7882408463,6437823.714285715,8.051293310747395
520118.7882408463,6587536.428571429,8.051293310747395
520118.7882408463,6737249.142857143,8.051293310747395
520118.7882408463,6886961.857142857,8.051293310747395
520118.7882408463,7036674.571428572,8.051293310747395
520118.7882408463,7186387.285714285,8.051293310747395
520118.7882408463,7336100,8.051293310747395
0.017216517775727726,177,8.276291518384834
0.45845503871733817,149889.7142857143,8.276291518384834
0.6156808695369422,299602.4285714286,8.276291518384834
0.834877945125078,449315.14285714284,8.276291518384834
0.834877945125078,599027.8571428572,8.276291518384834
0.899246812453581,748740.5714285715,8.276291518384834
0.899246812453581,898453.2857142857,8.276291518384834
0.899246812453581,1048166,8.276291518384834
1.1080709195914757,1197878.7142857143,8.276291518384834
1.1080709195914757,1347591.4285714286,8.276291518384834
1.1080709195914757,1497304.142857143,8.276291518384834
1.1080709195914757,1647016.8571428573,8.276291518384834
1.5329462227816906,1796729.5714285714,8.276291518384834
1.5329462227816906,1946442.2857142857,8.276291518384834
1.5329462227816906,2096155,8.276291518384834
1.5329462227816906,2245867.7142857146,8.276291518384834
1.5329462227816906,2395580.4285714286,8.276291518384834
2.6864505369802303,2545293.1428571427,8.276291518384834
520118.7882408463,2695005.8571428573,8.276291518384834
520118.7882408463,2844718.5714285714,8.276291518384834
520118.7882408463,2994431.285714286,8.276291518384834
520118.7882408463,3144144,8.276291518384834
520118.7882408463,3293856.7142857146,8.276291518384834
520118.7882408463,3443569.4285714286,8.276291518384834
520118.7882408463,3593282.1428571427,8.276291518384834
520118.7882408463,3742994.8571428573,8.276291518384834
520118.7882408463,3892707.5714285714,8.276291518384834
520118.7882408463,4042420.285714286,8.276291518384834
520118.7882408463,4192133,8.276291518384834
520118.7882408463,4341845.714285715,8.276291518384834
520118.7882408463,4491558.428571429,8.276291518384834
520118.7882408463,4641271.142857143,8.276291518384834
520118.7882408463,4790983.857142857,8.276291518384834
520118.7882408463,4940696.571428572,8.276291518384834
520118.7882408463,5090409.285714285,8.276291518384834
520118.7882408463,5240122,8.276291518384834
520118.7882408463,5389834.714285715,8.276291518384834
520118.7882408463,5539547.428571429,8.276291518384834
520118.7882408463,5689260.142857143,8.276291518384834
520118.7882408463,5838972.857142857,8.276291518384834
520118.7882408463,5988685.571428572,8.276291518384834
520118.7882408463,6138398.285714285,8.276291518384834
520118.7882408463,6288111,8.276291518384834
520118.7882408463,6437823.714285715,8.276291518384834
520118.7882408463,6587536.428571429,8.276291518384834
520118.7882408463,6737249.142857143,8.276291518384834
520118.7882408463,6886961.857142857,8.276291518384834
520118.7882408463,7036674.571428572,8.276291518384834
520118.7882408463,7186387.285714285,8.276291518384834
520118.7882408463,7336100,8.276291518384834
0.017216517775727726,177,8.501289726022272
0.45845503871733817,149889.7142857143,8.501289726022272
0.6156808695369422,299602.4285714286,8.501289726022272
0.834877945125078,449315.14285714284,8.501289726022272
0.834877945125078,599027.8571428572,8.501289726022272
0.899246812453581,748740.5714285715,8.501289726022272
0.899246812453581,898453.2857142857,8.501289726022272
0.899246812453581,1048166,8.501289726022272
1.1080709195914757,1197878.7142857143,8.501289726022272
1.1080709195914757,1347591.4285714286,8.501289726022272
1.1080709195914757,1497304.142857143,8.501289726022272
1.1080709195914757,1647016.8571428573,8.501289726022272
1.5329462227816906,1796729.5714285714,8.501289726022272
1.5329462227816906,1946442.2857142857,8.501289726022272
1.5329462227816906,2096155,8.501289726022272
1.5329462227816906,2245867.7142857146,8.501289726022272
1.5329462227816906,2395580.4285714286,8.501289726022272
2.6864505369802303,2545293.1428571427,8.501289726022272
520118.7882408463,2695005.8571428573,8.501289726022272
520118.7882408463,2844718.5714285714,8.501289726022272
520118.7882408463,2994431.285714286,8.501289726022272
520118.7882408463,3144144,8.501289726022272
520118.7882408463,3293856.7142857146,8.501289726022272
520118.7882408463,3443569.4285714286,8.501289726022272
520118.7882408463,3593282.1428571427,8.501289726022272
520118.7882408463,3742994.8571428573,8.501289726022272
520118.7882408463,3892707.5714285714,8.501289726022272
520118.7882408463,4042420.285714286,8.501289726022272
520118.7882408463,4192133,8.501289726022272
520118.7882408463,4341845.714285715,8.501289726022272
520118.7882408463,4491558.428571429,8.501289726022272
520118.7882408463,4641271.142857143,8.501289726022272
520118.7882408463,4790983.857142857,8.501289726022272
520118.7882408463,4940696.571428572,8.501289726022272
520118.7882408463,5090409.285714285,8.501289726022272
520118.7882408463,5240122,8.501289726022272
520118.7882408463,5389834.714285715,8.501289726022272
520118.7882408463,5539547.428571429,8.501289726022272
520118.7882408463,5689260.142857143,8.501289726022272
520118.7882408463,5838972.857142857,8.501289726022272
520118.7882408463,5988685.571428572,8.501289726022272
520118.7882408463,6138398.285714285,8.501289726022272
520118.7882408463,6288111,8.501289726022272
520118.7882408463,6437823.714285715,8.501289726022272
520118.7882408463,6587536.428571429,8.501289726022272
520118.7882408463,6737249.142857143,8.501289726022272
520118.7882408463,6886961.857142857,8.501289726022272
520118.7882408463,7036674.571428572,8.501289726022272
520118.7882408463,7186387.285714285,8.501289726022272
520118.7882408463,7336100,8.501289726022272
0.017216517775727726,177,8.726287933659712
0.45845503871733817,149889.7142857143,8.726287933659712
0.6156808695369422,299602.4285714286,8.726287933659712
0.834877945125078,449315.14285714284,8.726287933659712
0.834877945125078,599027.8571428572,8.726287933659712
0.899246812453581,748740.5714285715,8.726287933659712
0.899246812453581,898453.2857142857,8.726287933659712
0.899246812453581,1048166,8.726287933659712
1.1080709195914757,1197878.7142857143,8.726287933659712
1.1080709195914757,1347591.4285714286,8.726287933659712
1.1080709195914757,1497304.142857143,8.726287933659712
1.1080709195914757,1647016.8571428573,8.726287933659712
1.5329462227816906,1796729.5714285714,8.726287933659712
1.5329462227816906,1946442.2857142857,8.726287933659712
1.5329462227816906,2096155,8.726287933659712
1.5329462227816906,2245867.7142857146,8.726287933659712
1.5329462227816906,2395580.4285714286,8.726287933659712
2.6864505369802303,2545293.1428571427,8.726287933659712
520118.7882408463,2695005.8571428573,8.726287933659712
520118.7882408463,2844718.5714285714,8.726287933659712
520118.7882408463,2994431.285714286,8.726287933659712
520118.7882408463,3144144,8.726287933659712
520118.7882408463,3293856.7142857146,8.726287933659712
520118.7882408463,3443569.4285714286,8.726287933659712
520118.7882408463,3593282.1428571427,8.726287933659712
520118.7882408463,3742994.8571428573,8.726287933659712
520118.7882408463,3892707.5714285714,8.726287933659712
520118.7882408463,4042420.285714286,8.726287933659712
520118.7882408463,4192133,8.726287933659712
520118.7882408463,4341845.714285715,8.726287933659712
520118.7882408463,4491558.428571429,8.726287933659712
520118.7882408463,4641271.142857143,8.726287933659712
520118.7882408463,4790983.857142857,8.726287933659712
520118.7882408463,4940696.571428572,8.726287933659712
520118.7882408463,5090409.285714285,8.726287933659712
520118.7882408463,5240122,8.726287933659712
520118.7882408463,5389834.714285715,8.726287933659712
520118.7882408463,5539547.428571429,8.726287933659712
520118.7882408463,5689260.142857143,8.726287933659712
520118.7882408463,5838972.857142857,8.726287933659712
520118.7882408463,5988685.571428572,8.726287933659712
520118.7882408463,6138398.285714285,8.726287933659712
520118.7882408463,6288111,8.726287933659712
520118.7882408463,6437823.714285715,8.726287933659712
520118.7882408463,6587536.428571429,8.726287933659712
520118.7882408463,6737249.142857143,8.726287933659712
520118.7882408463,6886961.857142857,8.726287933659712
520118.7882408463,7036674.571428572,8.726287933659712
520118.7882408463,7186387.285714285,8.726287933659712
520118.7882408463,7336100,8.726287933659712
0.017216517775727726,177,8.95128614129715
0.45845503871733817,149889.7142857143,8.95128614129715
0.6156808695369422,299602.4285714286,8.95128614129715
0.834877945125078,449315.14285714284,8.95128614129715
0.834877945125078,599027.8571428572,8.95128614129715
0.899246812453581,748740.5714285715,8.95128614129715
0.899246812453581,898453.2857142857,8.95128614129715
0.899246812453581,1048166,8.95128614129715
1.1080709195914757,1197878.7142857143,8.95128614129715
1.1080709195914757,1347591.4285714286,8.95128614129715
1.1080709195914757,1497304.142857143,8.95128614129715
1.1080709195914757,1647016.8571428573,8.95128614129715
1.5329462227816906,1796729.5714285714,8.95128614129715
1.5329462227816906,1946442.2857142857,8.95128614129715
1.5329462227816906,2096155,8.95128614129715
1.5329462227816906,2245867.7142857146,8.95128614129715
1.5329462227816906,2395580.4285714286,8.95128614129715
2.6864505369802303,2545293.1428571427,8.95128614129715
520118.7882408463,2695005.8571428573,8.95128614129715
520118.7882408463,2844718.5714285714,8.95128614129715
520118.7882408463,2994431.285714286,8.95128614129715
520118.7882408463,3144144,8.95128614129715
520118.7882408463,3293856.7142857146,8.95128614129715
520118.7882408463,3443569.4285714286,8.95128614129715
520118.7882408463,3593282.1428571427,8.95128614129715
520118.7882408463,3742994.8571428573,8.95128614129715
520118.7882408463,3892707.5714285714,8.95128614129715
520118.7882408463,4042420.285714286,8.95128614129715
520118.7882408463,4192133,8.95128614129715
520118.7882408463,4341845.714285715,8.95128614129715
520118.7882408463,4491558.428571429,8.95128614129715
520118.7882408463,4641271.142857143,8.95128614129715
520118.7882408463,4790983.857142857,8.95128614129715
520118.7882408463,4940696.571428572,8.95128614129715
520118.7882408463,5090409.285714285,8.95128614129715
520118.7882408463,5240122,8.95128614129715
520118.7882408463,5389834.714285715,8.95128614129715
520118.7882408463,5539547.428571429,8.95128614129715
520118.7882408463,5689260.142857143,8.95128614129715
520118.7882408463,5838972.857142857,8.95128614129715
520118.7882408463,5988685.571428572,8.95128614129715
520118.7882408463,6138398.285714285,8.95128614129715
520118.7882408463,6288111,8.95128614129715
520118.7882408463,6437823.714285715,8.95128614129715
520118.7882408463,6587536.428571429,8.95128614129715
520118.7882408463,6737249.142857143,8.95128614129715
520118.7882408463,6886961.857142857,8.95128614129715
520118.7882408463,7036674.571428572,8.95128614129715
520118.7882408463,7186387.285714285,8.95128614129715
520118.7882408463,7336100,8.95128614129715
0.017216517775727726,177,9.176284348934589
0.45845503871733817,149889.7142857143,9.176284348934589
0.6156808695369422,299602.4285714286,9.176284348934589
0.834877945125078,449315.14285714284,9.176284348934589
0.834877945125078,599027.8571428572,9.176284348934589
0.899246812453581,748740.5714285715,9.176284348934589
0.899246812453581,898453.2857142857,9.176284348934589
0.899246812453581,1048166,9.176284348934589
1.1080709195914757,1197878.7142857143,9.176284348934589
1.1080709195914757,1347591.4285714286,9.176284348934589
1.1080709195914757,1497304.142857143,9.176284348934589
1.1080709195914757,1647016.8571428573,9.176284348934589
1.5329462227816906,1796729.5714285714,9.176284348934589
1.5329462227816906,1946442.2857142857,9.176284348934589
1.5329462227816906,2096155,9.176284348934589
1.5329462227816906,2245867.7142857146,9.176284348934589
1.5329462227816906,2395580.4285714286,9.176284348934589
2.6864505369802303,2545293.1428571427,9.176284348934589
520118.7882408463,2695005.8571428573,9.176284348934589
520118.7882408463,2844718.5714285714,9.176284348934589
520118.7882408463,2994431.285714286,9.176284348934589
520118.7882408463,3144144,9.176284348934589
520118.7882408463,3293856.7142857146,9.176284348934589
520118.7882408463,3443569.4285714286,9.176284348934589
520118.7882408463,3593282.1428571427,9.176284348934589
520118.7882408463,3742994.8571428573,9.176284348934589
520118.7882408463,3892707.5714285714,9.176284348934589
520118.7882408463,4042420.285714286,9.176284348934589
520118.7882408463,4192133,9.176284348934589
520118.7882408463,4341845.714285715,9.176284348934589
520118.7882408463,4491558.428571429,9.176284348934589
520118.7882408463,4641271.142857143,9.176284348934589
520118.7882408463,4790983.857142857,9.176284348934589
520118.7882408463,4940696.571428572,9.176284348934589
520118.7882408463,5090409.285714285,9.176284348934589
520118.7882408463,5240122,9.176284348934589
520118.7882408463,5389834.714285715,9.176284348934589
520118.7882408463,5539547.428571429,9.176284348934589
520118.7882408463,5689260.142857143,9.176284348934589
520118.7882408463,5838972.857142857,9.176284348934589
520118.7882408463,5988685.571428572,9.176284348934589
520118.7882408463,6138398.285714285,9.176284348934589
520118.7882408463,6288111,9.176284348934589
520118.7882408463,6437823.714285715,9.176284348934589
520118.7882408463,6587536.428571429,9.176284348934589
520118.7882408463,6737249.142857143,9.176284348934589
520118.7882408463,6886961.857142857,9.176284348934589
520118.7882408463,7036674.571428572,9.176284348934589
520118.7882408463,7186387.285714285,9.176284348934589
520118.7882408463,7336100,9.176284348934589
0.017216517775727726,177,9.401282556572028
0.45845503871733817,149889.7142857143,9.401282556572028
0.6156808695369422,299602.4285714286,9.401282556572028
0.834877945125078,449315.14285714284,9.401282556572028
0.834877945125078,599027.8571428572,9.401282556572028
0.899246812453581,748740.5714285715,9.401282556572028
0.899246812453581,898453.2857142857,9.401282556572028
0.899246812453581,1048166,9.401282556572028
1.1080709195914757,1197878.7142857143,9.401282556572028
1.1080709195914757,1347591.4285714286,9.401282556572028
1.1080709195914757,1497304.142857143,9.401282556572028
1.1080709195914757,1647016.8571428573,9.401282556572028
1.5329462227816906,1796729.5714285714,9.401282556572028
1.5329462227816906,1946442.2857142857,9.401282556572028
1.5329462227816906,2096155,9.401282556572028
1.5329462227816906,2245867.7142857146,9.401282556572028
1.5329462227816906,2395580.4285714286,9.401282556572028
2.6864505369802303,2545293.1428571427,9.401282556572028
520118.7882408463,2695005.8571428573,9.401282556572028
520118.7882408463,2844718.5714285714,9.401282556572028
520118.7882408463,2994431.285714286,9.401282556572028
520118.7882408463,3144144,9.401282556572028
520118.7882408463,3293856.7142857146,9.401282556572028
520118.7882408463,3443569.4285714286,9.401282556572028
520118.7882408463,3593282.1428571427,9.401282556572028
520118.7882408463,3742994.8571428573,9.401282556572028
520118.7882408463,3892707.5714285714,9.401282556572028
520118.7882408463,4042420.285714286,9.401282556572028
520118.7882408463,4192133,9.401282556572028
520118.7882408463,4341845.714285715,9.401282556572028
520118.7882408463,4491558.428571429,9.401282556572028
520118.7882408463,4641271.142857143,9.401282556572028
520118.7882408463,4790983.857142857,9.401282556572028
520118.7882408463,4940696.571428572,9.401282556572028
520118.7882408463,5090409.285714285,9.401282556572028
520118.7882408463,5240122,9.401282556572028
520118.7882408463,5389834.714285715,9.401282556572028
520118.7882408463,5539547.428571429,9.401282556572028
520118.7882408463,5689260.142857143,9.401282556572028
520118.7882408463,5838972.857142857,9.401282556572028
520118.7882408463,5988685.571428572,9.401282556572028
520118.7882408463,6138398.285714285,9.401282556572028
520118.7882408463,6288111,9.401282556572028
520118.7882408463,6437823.714285715,9.401282556572028
520118.7882408463,6587536.428571429,9.401282556572028
520118.7882408463,6737249.142857143,9.401282556572028
520118.7882408463,6886961.857142857,9.401282556572028
520118.7882408463,7036674.571428572,9.401282556572028
520118.7882408463,7186387.285714285,9.401282556572028
520118.7882408463,7336100,9.401282556572028
0.017216517775727726,177,9.626280764209465
0.45845503871733817,149889.7142857143,9.626280764209465
0.6156808695369422,299602.4285714286,9.626280764209465
0.834877945125078,449315.14285714284,9.626280764209465
0.834877945125078,599027.8571428572,9.626280764209465
0.899246812453581,748740.5714285715,9.626280764209465
0.899246812453581,898453.2857142857,9.626280764209465
0.899246812453581,1048166,9.626280764209465
1.1080709195914757,1197878.7142857143,9.626280764209465
1.1080709195914757,1347591.4285714286,9.626280764209465
1.1080709195914757,1497304.142857143,9.626280764209465
1.1080709195914757,1647016.8571428573,9.626280764209465
1.5329462227816906,1796729.5714285714,9.626280764209465
1.5329462227816906,1946442.2857142857,9.626280764209465
1.5329462227816906,2096155,9.626280764209465
1.5329462227816906,2245867.7142857146,9.626280764209465
1.5329462227816906,2395580.4285714286,9.626280764209465
2.6864505369802303,2545293.1428571427,9.626280764209465
520118.7882408463,2695005.8571428573,9.626280764209465
520118.7882408463,2844718.5714285714,9.626280764209465
520118.7882408463,2994431.285714286,9.626280764209465
520118.7882408463,3144144,9.626280764209465
520118.7882408463,3293856.7142857146,9.626280764209465
520118.7882408463,3443569.4285714286,9.626280764209465
520118.7882408463,3593282.1428571427,9.626280764209465
520118.7882408463,3742994.8571428573,9.626280764209465
520118.7882408463,3892707.5714285714,9.626280764209465
520118.7882408463,4042420.285714286,9.626280764209465
520118.7882408463,4192133,9.626280764209465
520118.7882408463,4341845.714285715,9.626280764209465
520118.7882408463,4491558.428571429,9.626280764209465
520118.7882408463,4641271.142857143,9.626280764209465
520118.7882408463,4790983.857142857,9.626280764209465
520118.7882408463,4940696.571428572,9.626280764209465
520118.7882408463,5090409.285714285,9.626280764209465
520118.7882408463,5240122,9.626280764209465
520118.7882408463,5389834.714285715,9.626280764209465
520118.7882408463,5539547.428571429,9.626280764209465
520118.7882408463,5689260.142857143,9.626280764209465
520118.7882408463,5838972.857142857,9.626280764209465
520118.7882408463,5988685.571428572,9.626280764209465
520118.7882408463,6138398.285714285,9.626280764209465
520118.7882408463,6288111,9.626280764209465
520118.7882408463,6437823.714285715,9.626280764209465
520118.7882408463,6587536.428571429,9.626280764209465
520118.7882408463,6737249.142857143,9.626280764209465
520118.7882408463,6886961.857142857,9.626280764209465
520118.7882408463,7036674.571428572,9.626280764209465
520118.7882408463,7186387.285714285,9.626280764209465
520118.7882408463,7336100,9.626280764209465
0.017216517775727726,177,9.851278971846906
0.45845503871733817,149889.7142857143,9.851278971846906
0.6156808695369422,299602.4285714286,9.851278971846906
0.834877945125078,449315.14285714284,9.851278971846906
0.834877945125078,599027.8571428572,9.851278971846906
0.899246812453581,748740.5714285715,9.851278971846906
0.899246812453581,898453.2857142857,9.851278971846906
0.899246812453581,1048166,9.851278971846906
1.1080709195914757,1197878.7142857143,9.851278971846906
1.1080709195914757,1347591.4285714286,9.851278971846906
1.1080709195914757,1497304.142857143,9.851278971846906
1.1080709195914757,1647016.8571428573,9.851278971846906
1.5329462227816906,1796729.5714285714,9.851278971846906
1.5329462227816906,1946442.2857142857,9.851278971846906
1.5329462227816906,2096155,9.851278971846906
1.5329462227816906,2245867.7142857146,9.851278971846906
1.5329462227816906,2395580.4285714286,9.851278971846906
2.6864505369802303,2545293.1428571427,9.851278971846906
520118.7882408463,2695005.8571428573,9.851278971846906
520118.7882408463,2844718.5714285714,9.851278971846906
520118.7882408463,2994431.285714286,9.851278971846906
520118.7882408463,3144144,9.851278971846906
520118.7882408463,3293856.7142857146,9.851278971846906
520118.7882408463,3443569.4285714286,9.851278971846906
520118.7882408463,3593282.1428571427,9.851278971846906
520118.7882408463,3742994.8571428573,9.851278971846906
520118.7882408463,3892707.5714285714,9.851278971846906
520118.7882408463,4042420.285714286,9.851278971846906
520118.7882408463,4192133,9.851278971846906
520118.7882408463,4341845.714285715,9.851278971846906
520118.7882408463,4491558.428571429,9.851278971846906
520118.7882408463,4641271.142857143,9.851278971846906
520118.7882408463,4790983.857142857,9.851278971846906
520118.7882408463,4940696.571428572,9.851278971846906
520118.7882408463,5090409.285714285,9.851278971846906
520118.7882408463,5240122,9.851278971846906
520118.7882408463,5389834.714285715,9.851278971846906
520118.7882408463,5539547.428571429,9.851278971846906
520118.7882408463,5689260.142857143,9.851278971846906
520118.7882408463,5838972.857142857,9.851278971846906
520118.7882408463,5988685.571428572,9.851278971846906
520118.7882408463,6138398.285714285,9.851278971846906
520118.7882408463,6288111,9.851278971846906
520118.7882408463,6437823.714285715,9.851278971846906
520118.7882408463,6587536.428571429,9.851278971846906
520118.7882408463,6737249.142857143,9.851278971846906
520118.7882408463,6886961.857142857,9.851278971846906
520118.7882408463,7036674.571428572,9.851278971846906
520118.7882408463,7186387.285714285,9.851278971846906
520118.7882408463,7336100,9.851278971846906
0.018556323616464556,177,10.076277179484343
0.4941324472728994,149889.7142857143,10.076277179484343
0.6635937422665531,299602.4285714286,10.076277179484343
0.8998489434275303,449315.14285714284,10.076277179484343
0.8998489434275303,599027.8571428572,10.076277179484343
0.9692270574301737,748740.5714285715,10.076277179484343
0.9692270574301737,898453.2857142857,10.076277179484343
0.9692270574301737,1048166,10.076277179484343
1.1943020558385697,1197878.7142857143,10.076277179484343
1.1943020558385697,1347591.4285714286,10.076277179484343
1.1943020558385697,1497304.142857143,10.076277179484343
1.1943020558385697,1647016.8571428573,10.076277179484343
1.6522415605249565,1796729.5714285714,10.076277179484343
1.6522415605249565,1946442.2857142857,10.076277179484343
1.6522415605249565,2096155,10.076277179484343
1.6522415605249565,2245867.7142857146,10.076277179484343
1.6522415605249565,2395580.4285714286,10.076277179484343
2.895512681089949,2545293.1428571427,10.076277179484343
560594.9286218297,2695005.8571428573,10.076277179484343
560594.9286218297,2844718.5714285714,10.076277179484343
560594.9286218297,2994431.285714286,10.076277179484343
560594.9286218297,3144144,10.076277179484343
560594.9286218297,3293856.7142857146,10.076277179484343
560594.9286218297,3443569.4285714286,10.076277179484343
560594.9286218297,3593282.1428571427,10.076277179484343
560594.9286218297,3742994.8571428573,10.076277179484343
560594.9286218297,3892707.5714285714,10.076277179484343
560594.9286218297,4042420.285714286,10.076277179484343
560594.9286218297,4192133,10.076277179484343
560594.9286218297,4341845.714285715,10.076277179484343
560594.9286218297,4491558.428571429,10.076277179484343
560594.9286218297,4641271.142857143,10.076277179484343
560594.9286218297,4790983.857142857,10.076277179484343
560594.9286218297,4940696.571428572,10.076277179484343
560594.9286218297,5090409.285714285,10.076277179484343
560594.9286218297,5240122,10.076277179484343
560594.9286218297,5389834.714285715,10.076277179484343
560594.9286218297,5539547.428571429,10.076277179484343
560594.9286218297,5689260.142857143,10.076277179484343
560594.9286218297,5838972.857142857,10.076277179484343
560594.9286218297,5988685.571428572,10.076277179484343
560594.9286218297,6138398.285714285,10.076277179484343
560594.9286218297,6288111,10.076277179484343
560594.9286218297,6437823.714285715,10.076277179484343
560594.9286218297,6587536.428571429,10.076277179484343
560594.9286218297,6737249.142857143,10.076277179484343
560594.9286218297,6886961.857142857,10.076277179484343
560594.9286218297,7036674.571428572,10.076277179484343
560594.9286218297,7186387.285714285,10.076277179484343
560594.9286218297,7336100,10.076277179484343
0.023460251719630804,177,10.301275387121782
0.6247181195726563,149889.7142857143,10.301275387121782
0.8389633935534502,299602.4285714286,10.301275387121782
1.1376543737210258,449315.14285714284,10.301275387121782
1.1376543737210258,599027.8571428572,10.301275387121782
1.2253672230965942,748740.5714285715,10.301275387121782
1.2253672230965942,898453.2857142857,10.301275387121782
1.2253672230965942,1048166,10.301275387121782
1.5099233791323396,1197878.7142857143,10.301275387121782
1.5099233791323396,1347591.4285714286,10.301275387121782
1.5099233791323396,1497304.142857143,10.301275387121782
1.5099233791323396,1647016.8571428573,10.301275387121782
2.0888837526609274,1796729.5714285714,10.301275387121782
2.0888837526609274,1946442.2857142857,10.301275387121782
2.0888837526609274,2096155,10.301275387121782
2.0888837526609274,2245867.7142857146,10.301275387121782
2.0888837526609274,2395580.4285714286,10.301275387121782
3.6607173791408307,2545293.1428571427,10.301275387121782
708744.8144387509,2695005.8571428573,10.301275387121782
708744.8144387509,2844718.5714285714,10.301275387121782
708744.8144387509,2994431.285714286,10.301275387121782
708744.8144387509,3144144,10.301275387121782
708744.8144387509,3293856.7142857146,10.301275387121782
708744.8144387509,3443569.4285714286,10.301275387121782
708744.8144387509,3593282.1428571427,10.301275387121782
708744.8144387509,3742994.8571428573,10.301275387121782
708744.8144387509,3892707.5714285714,10.301275387121782
708744.8144387509,4042420.285714286,10.301275387121782
708744.8144387509,4192133,10.301275387121782
708744.8144387509,4341845.714285715,10.301275387121782
708744.8144387509,4491558.428571429,10.301275387121782
708744.8144387509,4641271.142857143,10.301275387121782
708744.8144387509,4790983.857142857,10.301275387121782
708744.8144387509,4940696.571428572,10.301275387121782
708744.8144387509,5090409.285714285,10.301275387121782
708744.8144387509,5240122,10.301275387121782
708744.8144387509,5389834.714285715,10.301275387121782
708744.8144387509,5539547.428571429,10.301275387121782
708744.8144387509,5689260.142857143,10.301275387121782
708744.8144387509,5838972.857142857,10.301275387121782
708744.8144387509,5988685.571428572,10.301275387121782
708744.8144387509,6138398.285714285,10.301275387121782
708744.8144387509,6288111,10.301275387121782
708744.8144387509,6437823.714285715,10.301275387121782
708744.8144387509,6587536.428571429,10.301275387121782
708744.8144387509,6737249.142857143,10.301275387121782
708744.8144387509,6886961.857142857,10.301275387121782
708744.8144387509,7036674.571428572,10.301275387121782
708744.8144387509,7186387.285714285,10.301275387121782
708744.8144387509,7336100,10.301275387121782
0.023460251719630804,177,10.526273594759221
0.6247181195726563,149889.7142857143,10.526273594759221
0.8389633935534502,299602.4285714286,10.526273594759221
1.1376543737210258,449315.14285714284,10.526273594759221
1.1376543737210258,599027.8571428572,10.526273594759221
1.2253672230965942,748740.5714285715,10.526273594759221
1.2253672230965942,898453.2857142857,10.526273594759221
1.2253672230965942,1048166,10.526273594759221
1.5099233791323396,1197878.7142857143,10.526273594759221
1.5099233791323396,1347591.4285714286,10.526273594759221
1.5099233791323396,1497304.142857143,10.526273594759221
1.5099233791323396,1647016.8571428573,10.526273594759221
2.0888837526609274,1796729.5714285714,10.526273594759221
2.0888837526609274,1946442.2857142857,10.526273594759221
2.0888837526609274,2096155,10.526273594759221
2.0888837526609274,2245867.7142857146,10.526273594759221
2.0888837526609274,2395580.4285714286,10.526273594759221
3.6607173791408307,2545293.1428571427,10.526273594759221
708744.8144387509,2695005.8571428573,10.526273594759221
708744.8144387509,2844718.5714285714,10.526273594759221
708744.8144387509,2994431.285714286,10.526273594759221
708744.8144387509,3144144,10.526273594759221
708744.8144387509,3293856.7142857146,10.526273594759221
708744.8144387509,3443569.4285714286,10.526273594759221
708744.8144387509,3593282.1428571427,10.526273594759221
708744.8144387509,3742994.8571428573,10.526273594759221
708744.8144387509,3892707.5714285714,10.526273594759221
708744.8144387509,4042420.285714286,10.526273594759221
708744.8144387509,4192133,10.526273594759221
708744.8144387509,4341845.714285715,10.526273594759221
708744.8144387509,4491558.428571429,10.526273594759221
708744.8144387509,4641271.142857143,10.526273594759221
708744.8144387509,4790983.857142857,10.526273594759221
708744.8144387509,4940696.571428572,10.526273594759221
708744.8144387509,5090409.285714285,10.526273594759221
708744.8144387509,5240122,10.526273594759221
708744.8144387509,5389834.714285715,10.526273594759221
708744.8144387509,5539547.428571429,10.526273594759221
708744.8144387509,5689260.142857143,10.526273594759221
708744.8144387509,5838972.857142857,10.526273594759221
708744.8144387509,5988685.571428572,10.526273594759221
708744.8144387509,6138398.285714285,10.526273594759221
708744.8144387509,6288111,10.526273594759221
708744.8144387509,6437823.714285715,10.526273594759221
708744.8144387509,6587536.428571429,10.526273594759221
708744.8144387509,6737249.142857143,10.526273594759221
708744.8144387509,6886961.857142857,10.526273594759221
708744.8144387509,7036674.571428572,10.526273594759221
708744.8144387509,7186387.285714285,10.526273594759221
708744.8144387509,7336100,10.526273594759221
0.023460251719630804,177,10.75127180239666
0.6247181195726563,149889.7142857143,10.75127180239666
0.8389633935534502,299602.4285714286,10.75127180239666
1.1376543737210258,449315.14285714284,10.75127180239666
1.1376543737210258,599027.8571428572,10.75127180239666
1.2253672230965942,748740.5714285715,10.75127180239666
1.2253672230965942,898453.2857142857,10.75127180239666
1.2253672230965942,1048166,10.75127180239666
1.5099233791323396,1197878.7142857143,10.75127180239666
1.5099233791323396,1347591.4285714286,10.75127180239666
1.5099233791323396,1497304.142857143,10.75127180239666
1.5099233791323396,1647016.8571428573,10.75127180239666
2.0888837526609274,1796729.5714285714,10.75127180239666
2.0888837526609274,1946442.2857142857,10.75127180239666
2.0888837526609274,2096155,10.75127180239666
2.0888837526609274,2245867.7142857146,10.75127180239666
2.0888837526609274,2395580.4285714286,10.75127180239666
3.6607173791408307,2545293.1428571427,10.75127180239666
708744.8144387509,2695005.8571428573,10.75127180239666
708744.8144387509,2844718.5714285714,10.75127180239666
708744.8144387509,2994431.285714286,10.75127180239666
708744.8144387509,3144144,10.75127180239666
708744.8144387509,3293856.7142857146,10.75127180239666
708744.8144387509,3443569.4285714286,10.75127180239666
708744.8144387509,3593282.1428571427,10.75127180239666
708744.8144387509,3742994.8571428573,10.75127180239666
708744.8144387509,3892707.5714285714,10.75127180239666
708744.8144387509,4042420.285714286,10.75127180239666
708744.8144387509,4192133,10.75127180239666
708744.8144387509,4341845.714285715,10.75127180239666
708744.8144387509,4491558.428571429,10.75127180239666
708744.8144387509,4641271.142857143,10.75127180239666
708744.8144387509,4790983.857142857,10.75127180239666
708744.8144387509,4940696.571428572,10.75127180239666
708744.8144387509,5090409.285714285,10.75127180239666
708744.8144387509,5240122,10.75127180239666
708744.8144387509,5389834.714285715,10.75127180239666
708744.8144387509,5539547.428571429,10.75127180239666
708744.8144387509,5689260.142857143,10.75127180239666
708744.8144387509,5838972.857142857,10.75127180239666
708744.8144387509,5988685.571428572,10.75127180239666
708744.8144387509,6138398.285714285,10.75127180239666
708744.8144387509,6288111,10.75127180239666
708744.8144387509,6437823.714285715,10.75127180239666
708744.8144387509,6587536.428571429,10.75127180239666
708744.8144387509,6737249.142857143,10.75127180239666
708744.8144387509,6886961.857142857,10.75127180239666
708744.8144387509,7036674.571428572,10.75127180239666
708744.8144387509,7186387.285714285,10.75127180239666
708744.8144387509,7336100,10.75127180239666
0.023460251719630804,177,10.976270010034098
0.6247181195726563,149889.7142857143,10.976270010034098
0.8389633935534502,299602.4285714286,10.976270010034098
1.1376543737210258,449315.14285714284,10.976270010034098
1.1376543737210258,599027.8571428572,10.976270010034098
1.2253672230965942,748740.5714285715,10.976270010034098
1.2253672230965942,898453.2857142857,10.976270010034098
1.2253672230965942,1048166,10.976270010034098
1.5099233791323396,1197878.7142857143,10.976270010034098
1.5099233791323396,1347591.4285714286,10.976270010034098
1.5099233791323396,1497304.142857143,10.976270010034098
1.5099233791323396,1647016.8571428573,10.976270010034098
2.0888837526609274,1796729.5714285714,10.976270010034098
2.0888837526609274,1946442.2857142857,10.976270010034098
2.0888837526609274,2096155,10.976270010034098
2.0888837526609274,2245867.7142857146,10.976270010034098
2.0888837526609274,2395580.4285714286,10.976270010034098
3.6607173791408307,2545293.1428571427,10.976270010034098
708744.8144387509,2695005.8571428573,10.976270010034098
708744.8144387509,2844718.5714285714,10.976270010034098
708744.8144387509,2994431.285714286,10.976270010034098
708744.8144387509,3144144,10.976270010034098
708744.8144387509,3293856.7142857146,10.976270010034098
708744.8144387509,3443569.4285714286,10.976270010034098
708744.8144387509,3593282.1428571427,10.976270010034098
708744.8144387509,3742994.8571428573,10.976270010034098
708744.8144387509,3892707.5714285714,10.976270010034098
708744.8144387509,4042420.285714286,10.976270010034098
708744.8144387509,4192133,10.976270010034098
708744.8144387509,4341845.714285715,10.976270010034098
708744.8144387509,4491558.428571429,10.976270010034098
708744.8144387509,4641271.142857143,10.976270010034098
708744.8144387509,4790983.857142857,10.976270010034098
708744.8144387509,4940696.571428572,10.976270010034098
708744.8144387509,5090409.285714285,10.976270010034098
708744.8144387509,5240122,10.976270010034098
708744.8144387509,5389834.714285715,10.976270010034098
708744.8144387509,5539547.428571429,10.976270010034098
708744.8144387509,5689260.142857143,10.976270010034098
708744.8144387509,5838972.857142857,10.976270010034098
708744.8144387509,5988685.571428572,10.976270010034098
708744.8144387509,6138398.285714285,10.976270010034098
708744.8144387509,6288111,10.976270010034098
708744.8144387509,6437823.714285715,10.976270010034098
708744.8144387509,6587536.428571429,10.976270010034098
708744.8144387509,6737249.142857143,10.976270010034098
708744.8144387509,6886961.857142857,10.976270010034098
708744.8144387509,7036674.571428572,10.976270010034098
708744.8144387509,7186387.285714285,10.976270010034098
708744.8144387509,7336100,10.976270010034098
0.023460251719630804,177,11.201268217671537
0.6247181195726563,149889.7142857143,11.201268217671537
0.8389633935534502,299602.4285714286,11.201268217671537
1.1376543737210258,449315.14285714284,11.201268217671537
1.1376543737210258,599027.8571428572,11.201268217671537
1.2253672230965942,748740.5714285715,11.201268217671537
1.2253672230965942,898453.2857142857,11.201268217671537
1.2253672230965942,1048166,11.201268217671537
1.5099233791323396,1197878.7142857143,11.201268217671537
1.5099233791323396,1347591.4285714286,11.201268217671537
1.5099233791323396,1497304.142857143,11.201268217671537
1.5099233791323396,1647016.8571428573,11.201268217671537
2.0888837526609274,1796729.5714285714,11.201268217671537
2.0888837526609274,1946442.2857142857,11.201268217671537
2.0888837526609274,2096155,11.201268217671537
2.0888837526609274,2245867.7142857146,11.201268217671537
2.0888837526609274,2395580.4285714286,11.201268217671537
3.6607173791408307,2545293.1428571427,11.201268217671537
708744.8144387509,2695005.8571428573,11.201268217671537
708744.8144387509,2844718.5714285714,11.201268217671537
708744.8144387509,2994431.285714286,11.201268217671537
708744.8144387509,3144144,11.201268217671537
708744.8144387509,3293856.7142857146,11.201268217671537
708744.8144387509,3443569.4285714286,11.201268217671537
708744.8144387509,3593282.1428571427,11.201268217671537
708744.8144387509,3742994.8571428573,11.201268217671537
708744.8144387509,3892707.5714285714,11.201268217671537
708744.8144387509,4042420.285714286,11.201268217671537
708744.8144387509,4192133,11.201268217671537
708744.8144387509,4341845.714285715,11.201268217671537
708744.8144387509,4491558.428571429,11.201268217671537
708744.8144387509,4641271.142857143,11.201268217671537
708744.8144387509,4790983.857142857,11.201268217671537
708744.8144387509,4940696.571428572,11.201268217671537
708744.8144387509,5090409.285714285,11.201268217671537
708744.8144387509,5240122,11.201268217671537
708744.8144387509,5389834.714285715,11.201268217671537
708744.8144387509,5539547.428571429,11.201268217671537
708744.8144387509,5689260.142857143,11.201268217671537
708744.8144387509,5838972.857142857,11.201268217671537
708744.8144387509,5988685.571428572,11.201268217671537
708744.8144387509,6138398.285714285,11.201268217671537
708744.8144387509,6288111,11.201268217671537
708744.8144387509,6437823.714285715,11.201268217671537
708744.8144387509,6587536.428571429,11.201268217671537
708744.8144387509,6737249.142857143,11.201268217671537
708744.8144387509,6886961.857142857,11.201268217671537
708744.8144387509,7036674.571428572,11.201268217671537
708744.8144387509,7186387.285714285,11.201268217671537
708744.8144387509,7336100,11.201268217671537
0.023460251719630804,177,11.426266425308976
0.6247181195726563,149889.7142857143,11.426266425308976
0.8389633935534502,299602.4285714286,11.426266425308976
1.1376543737210258,449315.14285714284,11.426266425308976
1.1376543737210258,599027.8571428572,11.426266425308976
1.2253672230965942,748740.5714285715,11.426266425308976
1.2253672230965942,898453.2857142857,11.426266425308976
1.2253672230965942,1048166,11.426266425308976
1.5099233791323396,1197878.7142857143,11.426266425308976
1.5099233791323396,1347591.4285714286,11.426266425308976
1.5099233791323396,1497304.142857143,11.426266425308976
1.5099233791323396,1647016.8571428573,11.426266425308976
2.0888837526609274,1796729.5714285714,11.426266425308976
2.0888837526609274,1946442.2857142857,11.426266425308976
2.0888837526609274,2096155,11.426266425308976
2.0888837526609274,2245867.7142857146,11.426266425308976
2.0888837526609274,2395580.4285714286,11.426266425308976
3.6607173791408307,2545293.1428571427,11.426266425308976
708744.8144387509,2695005.8571428573,11.426266425308976
708744.8144387509,2844718.5714285714,11.426266425308976
708744.8144387509,2994431.285714286,11.426266425308976
708744.8144387509,3144144,11.426266425308976
708744.8144387509,3293856.7142857146,11.426266425308976
708744.8144387509,3443569.4285714286,11.426266425308976
708744.8144387509,3593282.1428571427,11.426266425308976
708744.8144387509,3742994.8571428573,11.426266425308976
708744.8144387509,3892707.5714285714,11.426266425308976
708744.8144387509,4042420.285714286,11.426266425308976
708744.8144387509,4192133,11.426266425308976
708744.8144387509,4341845.714285715,11.426266425308976
708744.8144387509,4491558.428571429,11.426266425308976
708744.8144387509,4641271.142857143,11.426266425308976
708744.8144387509,4790983.857142857,11.426266425308976
708744.8144387509,4940696.571428572,11.426266425308976
708744.8144387509,5090409.285714285,11.426266425308976
708744.8144387509,5240122,11.426266425308976
708744.8144387509,5389834.714285715,11.426266425308976
708744.8144387509,5539547.428571429,11.426266425308976
708744.8144387509,5689260.142857143,11.426266425308976
708744.8144387509,5838972.857142857,11.426266425308976
708744.8144387509,5988685.571428572,11.426266425308976
708744.8144387509,6138398.285714285,11.426266425308976
708744.8144387509,6288111,11.426266425308976
708744.8144387509,6437823.714285715,11.426266425308976
708744.8144387509,6587536.428571429,11.426266425308976
708744.8144387509,6737249.142857143,11.426266425308976
708744.8144387509,6886961.857142857,11.426266425308976
708744.8144387509,7036674.571428572,11.426266425308976
708744.8144387509,7186387.285714285,11.426266425308976
708744.8144387509,7336100,11.426266425308976
0.023460251719630804,177,11.651264632946415
0.6247181195726563,149889.7142857143,11.651264632946415
0.8389633935534502,299602.4285714286,11.651264632946415
1.1376543737210258,449315.14285714284,11.651264632946415
1.1376543737210258,599027.8571428572,11.651264632946415
1.2253672230965942,748740.5714285715,11.651264632946415
1.2253672230965942,898453.2857142857,11.651264632946415
1.2253672230965942,1048166,11.651264632946415
1.5099233791323396,1197878.7142857143,11.651264632946415
1.5099233791323396,1347591.4285714286,11.651264632946415
1.5099233791323396,1497304.142857143,11.651264632946415
1.5099233791323396,1647016.8571428573,11.651264632946415
2.0888837526609274,1796729.5714285714,11.651264632946415
2.0888837526609274,1946442.2857142857,11.651264632946415
2.0888837526609274,2096155,11.651264632946415
2.0888837526609274,2245867.7142857146,11.651264632946415
2.0888837526609274,2395580.4285714286,11.651264632946415
3.6607173791408307,2545293.1428571427,11.651264632946415
708744.8144387509,2695005.8571428573,11.651264632946415
708744.8144387509,2844718.5714285714,11.651264632946415
708744.8144387509,2994431.285714286,11.651264632946415
708744.8144387509,3144144,11.651264632946415
708744.8144387509,3293856.7142857146,11.651264632946415
708744.8144387509,3443569.4285714286,11.651264632946415
708744.8144387509,3593282.1428571427,11.651264632946415
708744.8144387509,3742994.8571428573,11.651264632946415
708744.8144387509,3892707.5714285714,11.651264632946415
708744.8144387509,4042420.285714286,11.651264632946415
708744.8144387509,4192133,11.651264632946415
708744.8144387509,4341845.714285715,11.651264632946415
708744.8144387509,4491558.428571429,11.651264632946415
708744.8144387509,4641271.142857143,11.651264632946415
708744.8144387509,4790983.857142857,11.651264632946415
708744.8144387509,4940696.571428572,11.651264632946415
708744.8144387509,5090409.285714285,11.651264632946415
708744.8144387509,5240122,11.651264632946415
708744.8144387509,5389834.714285715,11.651264632946415
708744.8144387509,5539547.428571429,11.651264632946415
708744.8144387509,5689260.142857143,11.651264632946415
708744.8144387509,5838972.857142857,11.651264632946415
708744.8144387509,5988685.571428572,11.651264632946415
708744.8144387509,6138398.285714285,11.651264632946415
708744.8144387509,6288111,11.651264632946415
708744.8144387509,6437823.714285715,11.651264632946415
708744.8144387509,6587536.428571429,11.651264632946415
708744.8144387509,6737249.142857143,11.651264632946415
708744.8144387509,6886961.857142857,11.651264632946415
708744.8144387509,7036674.571428572,11.651264632946415
708744.8144387509,7186387.285714285,11.651264632946415
708744.8144387509,7336100,11.651264632946415
0.023460251719630804,177,11.876262840583854
0.6247181195726563,149889.7142857143,11.876262840583854
0.8389633935534502,299602.4285714286,11.876262840583854
1.1376543737210258,449315.14285714284,11.876262840583854
1.1376543737210258,599027.8571428572,11.876262840583854
1.2253672230965942,748740.5714285715,11.876262840583854
1.2253672230965942,898453.2857142857,11.876262840583854
1.2253672230965942,1048166,11.876262840583854
1.5099233791323396,1197878.7142857143,11.876262840583854
1.5099233791323396,1347591.4285714286,11.876262840583854
1.5099233791323396,1497304.142857143,11.876262840583854
1.5099233791323396,1647016.8571428573,11.876262840583854
2.0888837526609274,1796729.5714285714,11.876262840583854
2.0888837526609274,1946442.2857142857,11.876262840583854
2.0888837526609274,2096155,11.876262840583854
2.0888837526609274,2245867.7142857146,11.876262840583854
2.0888837526609274,2395580.4285714286,11.876262840583854
3.6607173791408307,2545293.1428571427,11.876262840583854
708744.8144387509,2695005.8571428573,11.876262840583854
708744.8144387509,2844718.5714285714,11.876262840583854
708744.8144387509,2994431.285714286,11.876262840583854
708744.8144387509,3144144,11.876262840583854
708744.8144387509,3293856.7142857146,11.876262840583854
708744.8144387509,3443569.4285714286,11.876262840583854
708744.8144387509,3593282.1428571427,11.876262840583854
708744.8144387509,3742994.8571428573,11.876262840583854
708744.8144387509,3892707.5714285714,11.876262840583854
708744.8144387509,4042420.285714286,11.876262840583854
708744.8144387509,4192133,11.876262840583854
708744.8144387509,4341845.714285715,11.876262840583854
708744.8144387509,4491558.428571429,11.876262840583854
708744.8144387509,4641271.142857143,11.876262840583854
708744.8144387509,4790983.857142857,11.876262840583854
708744.8144387509,4940696.571428572,11.876262840583854
708744.8144387509,5090409.285714285,11.876262840583854
708744.8144387509,5240122,11.876262840583854
708744.8144387509,5389834.714285715,11.876262840583854
708744.8144387509,5539547.428571429,11.876262840583854
708744.8144387509,5689260.142857143,11.876262840583854
708744.8144387509,5838972.857142857,11.876262840583854
708744.8144387509,5988685.571428572,11.876262840583854
708744.8144387509,6138398.285714285,11.876262840583854
708744.8144387509,6288111,11.876262840583854
708744.8144387509,6437823.714285715,11.876262840583854
708744.8144387509,6587536.428571429,11.876262840583854
708744.8144387509,6737249.142857143,11.876262840583854
708744.8144387509,6886961.857142857,11.876262840583854
708744.8144387509,7036674.571428572,11.876262840583854
708744.8144387509,7186387.285714285,11.876262840583854
708744.8144387509,7336100,11.876262840583854
0.023460251719630804,177,12.101261048221293
0.6247181195726563,149889.7142857143,12.101261048221293
0.8389633935534502,299602.4285714286,12.101261048221293
1.1376543737210258,449315.14285714284,12.101261048221293
1.1376543737210258,599027.8571428572,12.101261048221293
1.2253672230965942,748740.5714285715,12.101261048221293
1.2253672230965942,898453.2857142857,12.101261048221293
1.2253672230965942,1048166,12.101261048221293
1.5099233791323396,1197878.7142857143,12.101261048221293
1.5099233791323396,1347591.4285714286,12.101261048221293
1.5099233791323396,1497304.142857143,12.101261048221293
1.5099233791323396,1647016.8571428573,12.101261048221293
2.0888837526609274,1796729.5714285714,12.101261048221293
2.0888837526609274,1946442.2857142857,12.101261048221293
2.0888837526609274,2096155,12.101261048221293
2.0888837526609274,2245867.7142857146,12.101261048221293
2.0888837526609274,2395580.4285714286,12.101261048221293
3.6607173791408307,2545293.1428571427,12.101261048221293
708744.8144387509,2695005.8571428573,12.101261048221293
708744.8144387509,2844718.5714285714,12.101261048221293
708744.8144387509,2994431.285714286,12.101261048221293
708744.8144387509,3144144,12.101261048221293
708744.8144387509,3293856.7142857146,12.101261048221293
708744.8144387509,3443569.4285714286,12.101261048221293
708744.8144387509,3593282.1428571427,12.101261048221293
708744.8144387509,3742994.8571428573,12.101261048221293
708744.8144387509,3892707.5714285714,12.101261048221293
708744.8144387509,4042420.285714286,12.101261048221293
708744.8144387509,4192133,12.101261048221293
708744.8144387509,4341845.714285715,12.101261048221293
708744.8144387509,4491558.428571429,12.101261048221293
708744.8144387509,4641271.142857143,12.101261048221293
708744.8144387509,4790983.857142857,12.101261048221293
708744.8144387509,4940696.571428572,12.101261048221293
708744.8144387509,5090409.285714285,12.101261048221293
708744.8144387509,5240122,12.101261048221293
708744.8144387509,5389834.714285715,12.101261048221293
708744.8144387509,5539547.428571429,12.101261048221293
708744.8144387509,5689260.142857143,12.101261048221293
708744.8144387509,5838972.857142857,12.101261048221293
708744.8144387509,5988685.571428572,12.101261048221293
708744.8144387509,6138398.285714285,12.101261048221293
708744.8144387509,6288111,12.101261048221293
708744.8144387509,6437823.714285715,12.101261048221293
708744.8144387509,6587536.428571429,12.101261048221293
708744.8144387509,6737249.142857143,12.101261048221293
708744.8144387509,6886961.857142857,12.101261048221293
708744.8144387509,7036674.571428572,12.101261048221293
708744.8144387509,7186387.285714285,12.101261048221293
708744.8144387509,7336100,12.101261048221293
0.023460251719630804,177,12.32625925585873
0.6247181195726563,149889.7142857143,12.32625925585873
0.8389633935534502,299602.4285714286,12.32625925585873
1.1376543737210258,449315.14285714284,12.32625925585873
1.1376543737210258,599027.8571428572,12.32625925585873
1.2253672230965942,748740.5714285715,12.32625925585873
1.2253672230965942,898453.2857142857,12.32625925585873
1.2253672230965942,1048166,12.32625925585873
1.5099233791323396,1197878.7142857143,12.32625925585873
1.5099233791323396,1347591.4285714286,12.32625925585873
1.5099233791323396,1497304.142857143,12.32625925585873
1.5099233791323396,1647016.8571428573,12.32625925585873
2.0888837526609274,1796729.5714285714,12.32625925585873
2.0888837526609274,1946442.2857142857,12.32625925585873
2.0888837526609274,2096155,12.32625925585873
2.0888837526609274,2245867.7142857146,12.32625925585873
2.0888837526609274,2395580.4285714286,12.32625925585873
3.6607173791408307,2545293.1428571427,12.32625925585873
708744.8144387509,2695005.8571428573,12.32625925585873
708744.8144387509,2844718.5714285714,12.32625925585873
708744.8144387509,2994431.285714286,12.32625925585873
708744.8144387509,3144144,12.32625925585873
708744.8144387509,3293856.7142857146,12.32625925585873
708744.8144387509,3443569.4285714286,12.32625925585873
708744.8144387509,3593282.1428571427,12.32625925585873
708744.8144387509,3742994.8571428573,12.32625925585873
708744.8144387509,3892707.5714285714,12.32625925585873
708744.8144387509,4042420.285714286,12.32625925585873
708744.8144387509,4192133,12.32625925585873
708744.8144387509,4341845.714285715,12.32625925585873
708744.8144387509,4491558.428571429,12.32625925585873
708744.8144387509,4641271.142857143,12.32625925585873
708744.8144387509,4790983.857142857,12.32625925585873
708744.8144387509,4940696.571428572,12.32625925585873
708744.8144387509,5090409.285714285,12.32625925585873
708744.8144387509,5240122,12.32625925585873
708744.8144387509,5389834.714285715,12.32625925585873
708744.8144387509,5539547.428571429,12.32625925585873
708744.8144387509,5689260.142857143,12.32625925585873
708744.8144387509,5838972.857142857,12.32625925585873
708744.8144387509,5988685.571428572,12.32625925585873
708744.8144387509,6138398.285714285,12.32625925585873
708744.8144387509,6288111,12.32625925585873
708744.8144387509,6437823.714285715,12.32625925585873
708744.8144387509,6587536.428571429,12.32625925585873
708744.8144387509,6737249.142857143,12.32625925585873
708744.8144387509,6886961.857142857,12.32625925585873
708744.8144387509,7036674.571428572,12.32625925585873
708744.8144387509,7186387.285714285,12.32625925585873
708744.8144387509,7336100,12.32625925585873
0.023460251719630804,177,12.551257463496169
0.6247181195726563,149889.7142857143,12.551257463496169
0.8389633935534502,299602.4285714286,12.551257463496169
1.1376543737210258,449315.14285714284,12.551257463496169
1.1376543737210258,599027.8571428572,12.551257463496169
1.2253672230965942,748740.5714285715,12.551257463496169
1.2253672230965942,898453.2857142857,12.551257463496169
1.2253672230965942,1048166,12.551257463496169
1.5099233791323396,1197878.7142857143,12.551257463496169
1.5099233791323396,1347591.4285714286,12.551257463496169
1.5099233791323396,1497304.142857143,12.551257463496169
1.5099233791323396,1647016.8571428573,12.551257463496169
2.0888837526609274,1796729.5714285714,12.551257463496169
2.0888837526609274,1946442.2857142857,12.551257463496169
2.0888837526609274,2096155,12.551257463496169
2.0888837526609274,2245867.7142857146,12.551257463496169
2.0888837526609274,2395580.4285714286,12.551257463496169
3.6607173791408307,2545293.1428571427,12.551257463496169
708744.8144387509,2695005.8571428573,12.551257463496169
708744.8144387509,2844718.5714285714,12.551257463496169
708744.8144387509,2994431.285714286,12.551257463496169
708744.8144387509,3144144,12.551257463496169
708744.8144387509,3293856.7142857146,12.551257463496169
708744.8144387509,3443569.4285714286,12.551257463496169
708744.8144387509,3593282.1428571427,12.551257463496169
708744.8144387509,3742994.8571428573,12.551257463496169
708744.8144387509,3892707.5714285714,12.551257463496169
708744.8144387509,4042420.285714286,12.551257463496169
708744.8144387509,4192133,12.551257463496169
708744.8144387509,4341845.714285715,12.551257463496169
708744.8144387509,4491558.428571429,12.551257463496169
708744.8144387509,4641271.142857143,12.551257463496169
708744.8144387509,4790983.857142857,12.551257463496169
708744.8144387509,4940696.571428572,12.551257463496169
708744.8144387509,5090409.285714285,12.551257463496169
708744.8144387509,5240122,12.551257463496169
708744.8144387509,5389834.714285715,12.551257463496169
708744.8144387509,5539547.428571429,12.551257463496169
708744.8144387509,5689260.142857143,12.551257463496169
708744.8144387509,5838972.857142857,12.551257463496169
708744.8144387509,5988685.571428572,12.551257463496169
708744.8144387509,6138398.285714285,12.551257463496169
708744.8144387509,6288111,12.551257463496169
708744.8144387509,6437823.714285715,12.551257463496169
708744.8144387509,6587536.428571429,12.551257463496169
708744.8144387509,6737249.142857143,12.551257463496169
708744.8144387509,6886961.857142857,12.551257463496169
708744.8144387509,7036674.571428572,12.551257463496169
708744.8144387509,7186387.285714285,12.551257463496169
708744.8144387509,7336100,12.551257463496169
0.023460251719630804,177,12.776255671133608
0.6247181195726563,149889.7142857143,12.776255671133608
0.8389633935534502,299602.4285714286,12.776255671133608
1.1376543737210258,449315.14285714284,12.776255671133608
1.1376543737210258,599027.8571428572,12.776255671133608
1.2253672230965942,748740.5714285715,12.776255671133608
1.2253672230965942,898453.2857142857,12.776255671133608
1.2253672230965942,1048166,12.776255671133608
1.5099233791323396,1197878.7142857143,12.776255671133608
1.5099233791323396,1347591.4285714286,12.776255671133608
1.5099233791323396,1497304.142857143,12.776255671133608
1.5099233791323396,1647016.8571428573,12.776255671133608
2.0888837526609274,1796729.5714285714,12.776255671133608
2.0888837526609274,1946442.2857142857,12.776255671133608
2.0888837526609274,2096155,12.776255671133608
2.0888837526609274,2245867.7142857146,12.776255671133608
2.0888837526609274,2395580.4285714286,12.776255671133608
3.6607173791408307,2545293.1428571427,12.776255671133608
708744.8144387509,2695005.8571428573,12.776255671133608
708744.8144387509,2844718.5714285714,12.776255671133608
708744.8144387509,2994431.285714286,12.776255671133608
708744.8144387509,3144144,12.776255671133608
708744.8144387509,3293856.7142857146,12.776255671133608
708744.8144387509,3443569.4285714286,12.776255671133608
708744.8144387509,3593282.1428571427,12.776255671133608
708744.8144387509,3742994.8571428573,12.776255671133608
708744.8144387509,3892707.5714285714,12.776255671133608
708744.8144387509,4042420.285714286,12.776255671133608
708744.8144387509,4192133,12.776255671133608
708744.8144387509,4341845.714285715,12.776255671133608
708744.8144387509,4491558.428571429,12.776255671133608
708744.8144387509,4641271.142857143,12.776255671133608
708744.8144387509,4790983.857142857,12.776255671133608
708744.8144387509,4940696.571428572,12.776255671133608
708744.8144387509,5090409.285714285,12.776255671133608
708744.8144387509,5240122,12.776255671133608
708744.8144387509,5389834.714285715,12.776255671133608
708744.8144387509,5539547.428571429,12.776255671133608
708744.8144387509,5689260.142857143,12.776255671133608
708744.8144387509,5838972.857142857,12.776255671133608
708744.8144387509,5988685.571428572,12.776255671133608
708744.8144387509,6138398.285714285,12.776255671133608
708744.8144387509,6288111,12.776255671133608
708744.8144387509,6437823.714285715,12.776255671133608
708744.8144387509,6587536.428571429,12.776255671133608
708744.8144387509,6737249.142857143,12.776255671133608
708744.8144387509,6886961.857142857,12.776255671133608
708744.8144387509,7036674.571428572,12.776255671133608
708744.8144387509,7186387.285714285,12.776255671133608
708744.8144387509,7336100,12.776255671133608
0.023460251719630804,177,13.001253878771047
0.6247181195726563,149889.7142857143,13.001253878771047
0.8389633935534502,299602.4285714286,13.001253878771047
1.1376543737210258,449315.14285714284,13.001253878771047
1.1376543737210258,599027.8571428572,13.001253878771047
1.2253672230965942,748740.5714285715,13.001253878771047
1.2253672230965942,898453.2857142857,13.001253878771047
1.2253672230965942,1048166,13.001253878771047
1.5099233791323396,1197878.7142857143,13.001253878771047
1.5099233791323396,1347591.4285714286,13.001253878771047
1.5099233791323396,1497304.142857143,13.001253878771047
1.5099233791323396,1647016.8571428573,13.001253878771047
2.0888837526609274,1796729.5714285714,13.001253878771047
2.0888837526609274,1946442.2857142857,13.001253878771047
2.0888837526609274,2096155,13.001253878771047
2.0888837526609274,2245867.7142857146,13.001253878771047
2.0888837526609274,2395580.4285714286,13.001253878771047
3.6607173791408307,2545293.1428571427,13.001253878771047
708744.8144387509,2695005.8571428573,13.001253878771047
708744.8144387509,2844718.5714285714,13.001253878771047
708744.8144387509,2994431.285714286,13.001253878771047
708744.8144387509,3144144,13.001253878771047
708744.8144387509,3293856.7142857146,13.001253878771047
708744.8144387509,3443569.4285714286,13.001253878771047
708744.8144387509,3593282.1428571427,13.001253878771047
708744.8144387509,3742994.8571428573,13.001253878771047
708744.8144387509,3892707.5714285714,13.001253878771047
708744.8144387509,4042420.285714286,13.001253878771047
708744.8144387509,4192133,13.001253878771047
708744.8144387509,4341845.714285715,13.001253878771047
708744.8144387509,4491558.428571429,13.001253878771047
708744.8144387509,4641271.142857143,13.001253878771047
708744.8144387509,4790983.857142857,13.001253878771047
708744.8144387509,4940696.571428572,13.001253878771047
708744.8144387509,5090409.285714285,13.001253878771047
708744.8144387509,5240122,13.001253878771047
708744.8144387509,5389834.714285715,13.001253878771047
708744.8144387509,5539547.428571429,13.001253878771047
708744.8144387509,5689260.142857143,13.001253878771047
708744.8144387509,5838972.857142857,13.001253878771047
708744.8144387509,5988685.571428572,13.001253878771047
708744.8144387509,6138398.285714285,13.001253878771047
708744.8144387509,6288111,13.001253878771047
708744.8144387509,6437823.714285715,13.001253878771047
708744.8144387509,6587536.428571429,13.001253878771047
708744.8144387509,6737249.142857143,13.001253878771047
708744.8144387509,6886961.857142857,13.001253878771047
708744.8144387509,7036674.571428572,13.001253878771047
708744.8144387509,7186387.285714285,13.001253878771047
708744.8144387509,7336100,13.001253878771047
