Q,max_IWV_ais,avg_landfalling_minomega
13.158605369745558,3.6118316650390634,-1.8647817688635515
13.158605369745558,4.009729307525013,-1.8647817688635515
11.946629522863205,4.407626950010962,-1.8647817688635515
11.946629522863205,4.805524592496912,-1.8647817688635515
11.946629522863205,5.203422234982861,-1.8647817688635515
11.946629522863205,5.601319877468811,-1.8647817688635515
11.946629522863205,5.99921751995476,-1.8647817688635515
11.946629522863205,6.397115162440709,-1.8647817688635515
11.946629522863205,6.7950128049266585,-1.8647817688635515
11.946629522863205,7.192910447412608,-1.8647817688635515
11.946629522863205,7.590808089898557,-1.8647817688635515
11.946629522863205,7.988705732384506,-1.8647817688635515
12.01218667949408,8.386603374870457,-1.8647817688635515
12.01218667949408,8.784501017356405,-1.8647817688635515
12.01218667949408,9.182398659842356,-1.8647817688635515
12.01218667949408,9.580296302328303,-1.8647817688635515
12.010108266206226,9.978193944814254,-1.8647817688635515
12.010108266206226,10.376091587300202,-1.8647817688635515
12.010108266206226,10.773989229786153,-1.8647817688635515
12.009915086508986,11.1718868722721,-1.8647817688635515
12.009915086508986,11.569784514758052,-1.8647817688635515
12.009915086508986,11.967682157243999,-1.8647817688635515
12.009915086508986,12.36557979972995,-1.8647817688635515
12.009915086508986,12.763477442215898,-1.8647817688635515
12.009915086508986,13.161375084701849,-1.8647817688635515
12.009915086508986,13.5592727271878,-1.8647817688635515
12.009915086508986,13.957170369673747,-1.8647817688635515
12.009915086508986,14.355068012159698,-1.8647817688635515
12.009915086508986,14.752965654645646,-1.8647817688635515
12.009915086508986,15.150863297131597,-1.8647817688635515
12.009915086508986,15.548760939617544,-1.8647817688635515
12.009915086508986,15.946658582103495,-1.8647817688635515
12.009915086508986,16.344556224589443,-1.8647817688635515
12.009915086508986,16.742453867075394,-1.8647817688635515
12.009915086508986,17.14035150956134,-1.8647817688635515
12.009915086508986,17.538249152047293,-1.8647817688635515
12.009915086508986,17.93614679453324,-1.8647817688635515
12.009915086508986,18.33404443701919,-1.8647817688635515
12.009915086508986,18.73194207950514,-1.8647817688635515
12.009915086508986,19.12983972199109,-1.8647817688635515
12.009915086508986,19.527737364477037,-1.8647817688635515
12.009915086508986,19.925635006962988,-1.8647817688635515
12.009915086508986,20.323532649448936,-1.8647817688635515
12.009915086508986,20.721430291934887,-1.8647817688635515
12.009915086508986,21.119327934420834,-1.8647817688635515
12.009915086508986,21.517225576906785,-1.8647817688635515
12.009915086508986,21.915123219392733,-1.8647817688635515
12.009915086508986,22.313020861878684,-1.8647817688635515
12.009915086508986,22.710918504364635,-1.8647817688635515
12.009915086508986,23.108816146850582,-1.8647817688635515
13.158605369745558,3.6118316650390634,-1.8273671842912291
13.158605369745558,4.009729307525013,-1.8273671842912291
11.946629522863205,4.407626950010962,-1.8273671842912291
11.946629522863205,4.805524592496912,-1.8273671842912291
11.946629522863205,5.203422234982861,-1.8273671842912291
11.946629522863205,5.601319877468811,-1.8273671842912291
11.946629522863205,5.99921751995476,-1.8273671842912291
11.946629522863205,6.397115162440709,-1.8273671842912291
11.946629522863205,6.7950128049266585,-1.8273671842912291
11.946629522863205,7.192910447412608,-1.8273671842912291
11.946629522863205,7.590808089898557,-1.8273671842912291
11.946629522863205,7.988705732384506,-1.8273671842912291
12.01218667949408,8.386603374870457,-1.8273671842912291
12.01218667949408,8.784501017356405,-1.8273671842912291
12.01218667949408,9.182398659842356,-1.8273671842912291
12.01218667949408,9.580296302328303,-1.8273671842912291
12.010108266206226,9.978193944814254,-1.8273671842912291
12.010108266206226,10.376091587300202,-1.8273671842912291
12.010108266206226,10.773989229786153,-1.8273671842912291
12.009915086508986,11.1718868722721,-1.8273671842912291
12.009915086508986,11.569784514758052,-1.8273671842912291
12.009915086508986,11.967682157243999,-1.8273671842912291
12.009915086508986,12.36557979972995,-1.8273671842912291
12.009915086508986,12.763477442215898,-1.8273671842912291
12.009915086508986,13.161375084701849,-1.8273671842912291
12.009915086508986,13.5592727271878,-1.8273671842912291
12.009915086508986,13.957170369673747,-1.8273671842912291
12.009915086508986,14.355068012159698,-1.8273671842912291
12.009915086508986,14.752965654645646,-1.8273671842912291
12.009915086508986,15.150863297131597,-1.8273671842912291
12.009915086508986,15.548760939617544,-1.8273671842912291
12.009915086508986,15.946658582103495,-1.8273671842912291
12.009915086508986,16.344556224589443,-1.8273671842912291
12.009915086508986,16.742453867075394,-1.8273671842912291
12.009915086508986,17.14035150956134,-1.8273671842912291
12.009915086508986,17.538249152047293,-1.8273671842912291
12.009915086508986,17.93614679453324,-1.8273671842912291
12.009915086508986,18.33404443701919,-1.8273671842912291
12.009915086508986,18.73194207950514,-1.8273671842912291
12.009915086508986,19.12983972199109,-1.8273671842912291
12.009915086508986,19.527737364477037,-1.8273671842912291
12.009915086508986,19.925635006962988,-1.8273671842912291
12.009915086508986,20.323532649448936,-1.8273671842912291
12.009915086508986,20.721430291934887,-1.8273671842912291
12.009915086508986,21.119327934420834,-1.8273671842912291
12.009915086508986,21.517225576906785,-1.8273671842912291
12.009915086508986,21.915123219392733,-1.8273671842912291
12.009915086508986,22.313020861878684,-1.8273671842912291
12.009915086508986,22.710918504364635,-1.8273671842912291
12.009915086508986,23.108816146850582,-1.8273671842912291
13.158605369745558,3.6118316650390634,-1.7899525997189067
13.158605369745558,4.009729307525013,-1.7899525997189067
11.946629522863205,4.407626950010962,-1.7899525997189067
11.946629522863205,4.805524592496912,-1.7899525997189067
11.946629522863205,5.203422234982861,-1.7899525997189067
11.946629522863205,5.601319877468811,-1.7899525997189067
11.946629522863205,5.99921751995476,-1.7899525997189067
11.946629522863205,6.397115162440709,-1.7899525997189067
11.946629522863205,6.7950128049266585,-1.7899525997189067
11.946629522863205,7.192910447412608,-1.7899525997189067
11.946629522863205,7.590808089898557,-1.7899525997189067
11.946629522863205,7.988705732384506,-1.7899525997189067
12.01218667949408,8.386603374870457,-1.7899525997189067
12.01218667949408,8.784501017356405,-1.7899525997189067
12.01218667949408,9.182398659842356,-1.7899525997189067
12.01218667949408,9.580296302328303,-1.7899525997189067
12.010108266206226,9.978193944814254,-1.7899525997189067
12.010108266206226,10.376091587300202,-1.7899525997189067
12.010108266206226,10.773989229786153,-1.7899525997189067
12.009915086508986,11.1718868722721,-1.7899525997189067
12.009915086508986,11.569784514758052,-1.7899525997189067
12.009915086508986,11.967682157243999,-1.7899525997189067
12.009915086508986,12.36557979972995,-1.7899525997189067
12.009915086508986,12.763477442215898,-1.7899525997189067
12.009915086508986,13.161375084701849,-1.7899525997189067
12.009915086508986,13.5592727271878,-1.7899525997189067
12.009915086508986,13.957170369673747,-1.7899525997189067
12.009915086508986,14.355068012159698,-1.7899525997189067
12.009915086508986,14.752965654645646,-1.7899525997189067
12.009915086508986,15.150863297131597,-1.7899525997189067
12.009915086508986,15.548760939617544,-1.7899525997189067
12.009915086508986,15.946658582103495,-1.7899525997189067
12.009915086508986,16.344556224589443,-1.7899525997189067
12.009915086508986,16.742453867075394,-1.7899525997189067
12.009915086508986,17.14035150956134,-1.7899525997189067
12.009915086508986,17.538249152047293,-1.7899525997189067
12.009915086508986,17.93614679453324,-1.7899525997189067
12.009915086508986,18.33404443701919,-1.7899525997189067
12.009915086508986,18.73194207950514,-1.7899525997189067
12.009915086508986,19.12983972199109,-1.7899525997189067
12.009915086508986,19.527737364477037,-1.7899525997189067
12.009915086508986,19.925635006962988,-1.7899525997189067
12.009915086508986,20.323532649448936,-1.7899525997189067
12.009915086508986,20.721430291934887,-1.7899525997189067
12.009915086508986,21.119327934420834,-1.7899525997189067
12.009915086508986,21.517225576906785,-1.7899525997189067
12.009915086508986,21.915123219392733,-1.7899525997189067
12.009915086508986,22.313020861878684,-1.7899525997189067
12.009915086508986,22.710918504364635,-1.7899525997189067
12.009915086508986,23.108816146850582,-1.7899525997189067
13.158605369745558,3.6118316650390634,-1.7525380151465844
13.158605369745558,4.009729307525013,-1.7525380151465844
11.946629522863205,4.407626950010962,-1.7525380151465844
11.946629522863205,4.805524592496912,-1.7525380151465844
11.946629522863205,5.203422234982861,-1.7525380151465844
11.946629522863205,5.601319877468811,-1.7525380151465844
11.946629522863205,5.99921751995476,-1.7525380151465844
11.946629522863205,6.397115162440709,-1.7525380151465844
11.946629522863205,6.7950128049266585,-1.7525380151465844
11.946629522863205,7.192910447412608,-1.7525380151465844
11.946629522863205,7.590808089898557,-1.7525380151465844
11.946629522863205,7.988705732384506,-1.7525380151465844
12.01218667949408,8.386603374870457,-1.7525380151465844
12.01218667949408,8.784501017356405,-1.7525380151465844
12.01218667949408,9.182398659842356,-1.7525380151465844
12.01218667949408,9.580296302328303,-1.7525380151465844
12.010108266206226,9.978193944814254,-1.7525380151465844
12.010108266206226,10.376091587300202,-1.7525380151465844
12.010108266206226,10.773989229786153,-1.7525380151465844
12.009915086508986,11.1718868722721,-1.7525380151465844
12.009915086508986,11.569784514758052,-1.7525380151465844
12.009915086508986,11.967682157243999,-1.7525380151465844
12.009915086508986,12.36557979972995,-1.7525380151465844
12.009915086508986,12.763477442215898,-1.7525380151465844
12.009915086508986,13.161375084701849,-1.7525380151465844
12.009915086508986,13.5592727271878,-1.7525380151465844
12.009915086508986,13.957170369673747,-1.7525380151465844
12.009915086508986,14.355068012159698,-1.7525380151465844
12.009915086508986,14.752965654645646,-1.7525380151465844
12.009915086508986,15.150863297131597,-1.7525380151465844
12.009915086508986,15.548760939617544,-1.7525380151465844
12.009915086508986,15.946658582103495,-1.7525380151465844
12.009915086508986,16.344556224589443,-1.7525380151465844
12.009915086508986,16.742453867075394,-1.7525380151465844
12.009915086508986,17.14035150956134,-1.7525380151465844
12.009915086508986,17.538249152047293,-1.7525380151465844
12.009915086508986,17.93614679453324,-1.7525380151465844
12.009915086508986,18.33404443701919,-1.7525380151465844
12.009915086508986,18.73194207950514,-1.7525380151465844
12.009915086508986,19.12983972199109,-1.7525380151465844
12.009915086508986,19.527737364477037,-1.7525380151465844
12.009915086508986,19.925635006962988,-1.7525380151465844
12.009915086508986,20.323532649448936,-1.7525380151465844
12.009915086508986,20.721430291934887,-1.7525380151465844
12.009915086508986,21.119327934420834,-1.7525380151465844
12.009915086508986,21.517225576906785,-1.7525380151465844
12.009915086508986,21.915123219392733,-1.7525380151465844
12.009915086508986,22.313020861878684,-1.7525380151465844
12.009915086508986,22.710918504364635,-1.7525380151465844
12.009915086508986,23.108816146850582,-1.7525380151465844
13.158605369745558,3.6118316650390634,-1.715123430574262
13.158605369745558,4.009729307525013,-1.715123430574262
11.946629522863205,4.407626950010962,-1.715123430574262
11.946629522863205,4.805524592496912,-1.715123430574262
11.946629522863205,5.203422234982861,-1.715123430574262
11.946629522863205,5.601319877468811,-1.715123430574262
11.946629522863205,5.99921751995476,-1.715123430574262
11.946629522863205,6.397115162440709,-1.715123430574262
11.946629522863205,6.7950128049266585,-1.715123430574262
11.946629522863205,7.192910447412608,-1.715123430574262
11.946629522863205,7.590808089898557,-1.715123430574262
11.946629522863205,7.988705732384506,-1.715123430574262
12.01218667949408,8.386603374870457,-1.715123430574262
12.01218667949408,8.784501017356405,-1.715123430574262
12.01218667949408,9.182398659842356,-1.715123430574262
12.01218667949408,9.580296302328303,-1.715123430574262
12.010108266206226,9.978193944814254,-1.715123430574262
12.010108266206226,10.376091587300202,-1.715123430574262
12.010108266206226,10.773989229786153,-1.715123430574262
12.009915086508986,11.1718868722721,-1.715123430574262
12.009915086508986,11.569784514758052,-1.715123430574262
12.009915086508986,11.967682157243999,-1.715123430574262
12.009915086508986,12.36557979972995,-1.715123430574262
12.009915086508986,12.763477442215898,-1.715123430574262
12.009915086508986,13.161375084701849,-1.715123430574262
12.009915086508986,13.5592727271878,-1.715123430574262
12.009915086508986,13.957170369673747,-1.715123430574262
12.009915086508986,14.355068012159698,-1.715123430574262
12.009915086508986,14.752965654645646,-1.715123430574262
12.009915086508986,15.150863297131597,-1.715123430574262
12.009915086508986,15.548760939617544,-1.715123430574262
12.009915086508986,15.946658582103495,-1.715123430574262
12.009915086508986,16.344556224589443,-1.715123430574262
12.009915086508986,16.742453867075394,-1.715123430574262
12.009915086508986,17.14035150956134,-1.715123430574262
12.009915086508986,17.538249152047293,-1.715123430574262
12.009915086508986,17.93614679453324,-1.715123430574262
12.009915086508986,18.33404443701919,-1.715123430574262
12.009915086508986,18.73194207950514,-1.715123430574262
12.009915086508986,19.12983972199109,-1.715123430574262
12.009915086508986,19.527737364477037,-1.715123430574262
12.009915086508986,19.925635006962988,-1.715123430574262
12.009915086508986,20.323532649448936,-1.715123430574262
12.009915086508986,20.721430291934887,-1.715123430574262
12.009915086508986,21.119327934420834,-1.715123430574262
12.009915086508986,21.517225576906785,-1.715123430574262
12.009915086508986,21.915123219392733,-1.715123430574262
12.009915086508986,22.313020861878684,-1.715123430574262
12.009915086508986,22.710918504364635,-1.715123430574262
12.009915086508986,23.108816146850582,-1.715123430574262
13.158605369745558,3.6118316650390634,-1.6777088460019396
13.158605369745558,4.009729307525013,-1.6777088460019396
11.946629522863205,4.407626950010962,-1.6777088460019396
11.946629522863205,4.805524592496912,-1.6777088460019396
11.946629522863205,5.203422234982861,-1.6777088460019396
11.946629522863205,5.601319877468811,-1.6777088460019396
11.946629522863205,5.99921751995476,-1.6777088460019396
11.946629522863205,6.397115162440709,-1.6777088460019396
11.946629522863205,6.7950128049266585,-1.6777088460019396
11.946629522863205,7.192910447412608,-1.6777088460019396
11.946629522863205,7.590808089898557,-1.6777088460019396
11.946629522863205,7.988705732384506,-1.6777088460019396
12.01218667949408,8.386603374870457,-1.6777088460019396
12.01218667949408,8.784501017356405,-1.6777088460019396
12.01218667949408,9.182398659842356,-1.6777088460019396
12.01218667949408,9.580296302328303,-1.6777088460019396
12.010108266206226,9.978193944814254,-1.6777088460019396
12.010108266206226,10.376091587300202,-1.6777088460019396
12.010108266206226,10.773989229786153,-1.6777088460019396
12.009915086508986,11.1718868722721,-1.6777088460019396
12.009915086508986,11.569784514758052,-1.6777088460019396
12.009915086508986,11.967682157243999,-1.6777088460019396
12.009915086508986,12.36557979972995,-1.6777088460019396
12.009915086508986,12.763477442215898,-1.6777088460019396
12.009915086508986,13.161375084701849,-1.6777088460019396
12.009915086508986,13.5592727271878,-1.6777088460019396
12.009915086508986,13.957170369673747,-1.6777088460019396
12.009915086508986,14.355068012159698,-1.6777088460019396
12.009915086508986,14.752965654645646,-1.6777088460019396
12.009915086508986,15.150863297131597,-1.6777088460019396
12.009915086508986,15.548760939617544,-1.6777088460019396
12.009915086508986,15.946658582103495,-1.6777088460019396
12.009915086508986,16.344556224589443,-1.6777088460019396
12.009915086508986,16.742453867075394,-1.6777088460019396
12.009915086508986,17.14035150956134,-1.6777088460019396
12.009915086508986,17.538249152047293,-1.6777088460019396
12.009915086508986,17.93614679453324,-1.6777088460019396
12.009915086508986,18.33404443701919,-1.6777088460019396
12.009915086508986,18.73194207950514,-1.6777088460019396
12.009915086508986,19.12983972199109,-1.6777088460019396
12.009915086508986,19.527737364477037,-1.6777088460019396
12.009915086508986,19.925635006962988,-1.6777088460019396
12.009915086508986,20.323532649448936,-1.6777088460019396
12.009915086508986,20.721430291934887,-1.6777088460019396
12.009915086508986,21.119327934420834,-1.6777088460019396
12.009915086508986,21.517225576906785,-1.6777088460019396
12.009915086508986,21.915123219392733,-1.6777088460019396
12.009915086508986,22.313020861878684,-1.6777088460019396
12.009915086508986,22.710918504364635,-1.6777088460019396
12.009915086508986,23.108816146850582,-1.6777088460019396
13.158605369745558,3.6118316650390634,-1.6402942614296174
13.158605369745558,4.009729307525013,-1.6402942614296174
11.946629522863205,4.407626950010962,-1.6402942614296174
11.946629522863205,4.805524592496912,-1.6402942614296174
11.946629522863205,5.203422234982861,-1.6402942614296174
11.946629522863205,5.601319877468811,-1.6402942614296174
11.946629522863205,5.99921751995476,-1.6402942614296174
11.946629522863205,6.397115162440709,-1.6402942614296174
11.946629522863205,6.7950128049266585,-1.6402942614296174
11.946629522863205,7.192910447412608,-1.6402942614296174
11.946629522863205,7.590808089898557,-1.6402942614296174
11.946629522863205,7.988705732384506,-1.6402942614296174
12.01218667949408,8.386603374870457,-1.6402942614296174
12.01218667949408,8.784501017356405,-1.6402942614296174
12.01218667949408,9.182398659842356,-1.6402942614296174
12.01218667949408,9.580296302328303,-1.6402942614296174
12.010108266206226,9.978193944814254,-1.6402942614296174
12.010108266206226,10.376091587300202,-1.6402942614296174
12.010108266206226,10.773989229786153,-1.6402942614296174
12.009915086508986,11.1718868722721,-1.6402942614296174
12.009915086508986,11.569784514758052,-1.6402942614296174
12.009915086508986,11.967682157243999,-1.6402942614296174
12.009915086508986,12.36557979972995,-1.6402942614296174
12.009915086508986,12.763477442215898,-1.6402942614296174
12.009915086508986,13.161375084701849,-1.6402942614296174
12.009915086508986,13.5592727271878,-1.6402942614296174
12.009915086508986,13.957170369673747,-1.6402942614296174
12.009915086508986,14.355068012159698,-1.6402942614296174
12.009915086508986,14.752965654645646,-1.6402942614296174
12.009915086508986,15.150863297131597,-1.6402942614296174
12.009915086508986,15.548760939617544,-1.6402942614296174
12.009915086508986,15.946658582103495,-1.6402942614296174
12.009915086508986,16.344556224589443,-1.6402942614296174
12.009915086508986,16.742453867075394,-1.6402942614296174
12.009915086508986,17.14035150956134,-1.6402942614296174
12.009915086508986,17.538249152047293,-1.6402942614296174
12.009915086508986,17.93614679453324,-1.6402942614296174
12.009915086508986,18.33404443701919,-1.6402942614296174
12.009915086508986,18.73194207950514,-1.6402942614296174
12.009915086508986,19.12983972199109,-1.6402942614296174
12.009915086508986,19.527737364477037,-1.6402942614296174
12.009915086508986,19.925635006962988,-1.6402942614296174
12.009915086508986,20.323532649448936,-1.6402942614296174
12.009915086508986,20.721430291934887,-1.6402942614296174
12.009915086508986,21.119327934420834,-1.6402942614296174
12.009915086508986,21.517225576906785,-1.6402942614296174
12.009915086508986,21.915123219392733,-1.6402942614296174
12.009915086508986,22.313020861878684,-1.6402942614296174
12.009915086508986,22.710918504364635,-1.6402942614296174
12.009915086508986,23.108816146850582,-1.6402942614296174
13.158605369745558,3.6118316650390634,-1.602879676857295
13.158605369745558,4.009729307525013,-1.602879676857295
11.946629522863205,4.407626950010962,-1.602879676857295
11.946629522863205,4.805524592496912,-1.602879676857295
11.946629522863205,5.203422234982861,-1.602879676857295
11.946629522863205,5.601319877468811,-1.602879676857295
11.946629522863205,5.99921751995476,-1.602879676857295
11.946629522863205,6.397115162440709,-1.602879676857295
11.946629522863205,6.7950128049266585,-1.602879676857295
11.946629522863205,7.192910447412608,-1.602879676857295
11.946629522863205,7.590808089898557,-1.602879676857295
11.946629522863205,7.988705732384506,-1.602879676857295
12.01218667949408,8.386603374870457,-1.602879676857295
12.01218667949408,8.784501017356405,-1.602879676857295
12.01218667949408,9.182398659842356,-1.602879676857295
12.01218667949408,9.580296302328303,-1.602879676857295
12.010108266206226,9.978193944814254,-1.602879676857295
12.010108266206226,10.376091587300202,-1.602879676857295
12.010108266206226,10.773989229786153,-1.602879676857295
12.009915086508986,11.1718868722721,-1.602879676857295
12.009915086508986,11.569784514758052,-1.602879676857295
12.009915086508986,11.967682157243999,-1.602879676857295
12.009915086508986,12.36557979972995,-1.602879676857295
12.009915086508986,12.763477442215898,-1.602879676857295
12.009915086508986,13.161375084701849,-1.602879676857295
12.009915086508986,13.5592727271878,-1.602879676857295
12.009915086508986,13.957170369673747,-1.602879676857295
12.009915086508986,14.355068012159698,-1.602879676857295
12.009915086508986,14.752965654645646,-1.602879676857295
12.009915086508986,15.150863297131597,-1.602879676857295
12.009915086508986,15.548760939617544,-1.602879676857295
12.009915086508986,15.946658582103495,-1.602879676857295
12.009915086508986,16.344556224589443,-1.602879676857295
12.009915086508986,16.742453867075394,-1.602879676857295
12.009915086508986,17.14035150956134,-1.602879676857295
12.009915086508986,17.538249152047293,-1.602879676857295
12.009915086508986,17.93614679453324,-1.602879676857295
12.009915086508986,18.33404443701919,-1.602879676857295
12.009915086508986,18.73194207950514,-1.602879676857295
12.009915086508986,19.12983972199109,-1.602879676857295
12.009915086508986,19.527737364477037,-1.602879676857295
12.009915086508986,19.925635006962988,-1.602879676857295
12.009915086508986,20.323532649448936,-1.602879676857295
12.009915086508986,20.721430291934887,-1.602879676857295
12.009915086508986,21.119327934420834,-1.602879676857295
12.009915086508986,21.517225576906785,-1.602879676857295
12.009915086508986,21.915123219392733,-1.602879676857295
12.009915086508986,22.313020861878684,-1.602879676857295
12.009915086508986,22.710918504364635,-1.602879676857295
12.009915086508986,23.108816146850582,-1.602879676857295
13.158605369745558,3.6118316650390634,-1.5654650922849727
13.158605369745558,4.009729307525013,-1.5654650922849727
11.946629522863205,4.407626950010962,-1.5654650922849727
11.946629522863205,4.805524592496912,-1.5654650922849727
11.946629522863205,5.203422234982861,-1.5654650922849727
11.946629522863205,5.601319877468811,-1.5654650922849727
11.946629522863205,5.99921751995476,-1.5654650922849727
11.946629522863205,6.397115162440709,-1.5654650922849727
11.946629522863205,6.7950128049266585,-1.5654650922849727
11.946629522863205,7.192910447412608,-1.5654650922849727
11.946629522863205,7.590808089898557,-1.5654650922849727
11.946629522863205,7.988705732384506,-1.5654650922849727
12.01218667949408,8.386603374870457,-1.5654650922849727
12.01218667949408,8.784501017356405,-1.5654650922849727
12.01218667949408,9.182398659842356,-1.5654650922849727
12.01218667949408,9.580296302328303,-1.5654650922849727
12.010108266206226,9.978193944814254,-1.5654650922849727
12.010108266206226,10.376091587300202,-1.5654650922849727
12.010108266206226,10.773989229786153,-1.5654650922849727
12.009915086508986,11.1718868722721,-1.5654650922849727
12.009915086508986,11.569784514758052,-1.5654650922849727
12.009915086508986,11.967682157243999,-1.5654650922849727
12.009915086508986,12.36557979972995,-1.5654650922849727
12.009915086508986,12.763477442215898,-1.5654650922849727
12.009915086508986,13.161375084701849,-1.5654650922849727
12.009915086508986,13.5592727271878,-1.5654650922849727
12.009915086508986,13.957170369673747,-1.5654650922849727
12.009915086508986,14.355068012159698,-1.5654650922849727
12.009915086508986,14.752965654645646,-1.5654650922849727
12.009915086508986,15.150863297131597,-1.5654650922849727
12.009915086508986,15.548760939617544,-1.5654650922849727
12.009915086508986,15.946658582103495,-1.5654650922849727
12.009915086508986,16.344556224589443,-1.5654650922849727
12.009915086508986,16.742453867075394,-1.5654650922849727
12.009915086508986,17.14035150956134,-1.5654650922849727
12.009915086508986,17.538249152047293,-1.5654650922849727
12.009915086508986,17.93614679453324,-1.5654650922849727
12.009915086508986,18.33404443701919,-1.5654650922849727
12.009915086508986,18.73194207950514,-1.5654650922849727
12.009915086508986,19.12983972199109,-1.5654650922849727
12.009915086508986,19.527737364477037,-1.5654650922849727
12.009915086508986,19.925635006962988,-1.5654650922849727
12.009915086508986,20.323532649448936,-1.5654650922849727
12.009915086508986,20.721430291934887,-1.5654650922849727
12.009915086508986,21.119327934420834,-1.5654650922849727
12.009915086508986,21.517225576906785,-1.5654650922849727
12.009915086508986,21.915123219392733,-1.5654650922849727
12.009915086508986,22.313020861878684,-1.5654650922849727
12.009915086508986,22.710918504364635,-1.5654650922849727
12.009915086508986,23.108816146850582,-1.5654650922849727
13.158605369745558,3.6118316650390634,-1.5280505077126503
13.158605369745558,4.009729307525013,-1.5280505077126503
11.946629522863205,4.407626950010962,-1.5280505077126503
11.946629522863205,4.805524592496912,-1.5280505077126503
11.946629522863205,5.203422234982861,-1.5280505077126503
11.946629522863205,5.601319877468811,-1.5280505077126503
11.946629522863205,5.99921751995476,-1.5280505077126503
11.946629522863205,6.397115162440709,-1.5280505077126503
11.946629522863205,6.7950128049266585,-1.5280505077126503
11.946629522863205,7.192910447412608,-1.5280505077126503
11.946629522863205,7.590808089898557,-1.5280505077126503
11.946629522863205,7.988705732384506,-1.5280505077126503
12.01218667949408,8.386603374870457,-1.5280505077126503
12.01218667949408,8.784501017356405,-1.5280505077126503
12.01218667949408,9.182398659842356,-1.5280505077126503
12.01218667949408,9.580296302328303,-1.5280505077126503
12.010108266206226,9.978193944814254,-1.5280505077126503
12.010108266206226,10.376091587300202,-1.5280505077126503
12.010108266206226,10.773989229786153,-1.5280505077126503
12.009915086508986,11.1718868722721,-1.5280505077126503
12.009915086508986,11.569784514758052,-1.5280505077126503
12.009915086508986,11.967682157243999,-1.5280505077126503
12.009915086508986,12.36557979972995,-1.5280505077126503
12.009915086508986,12.763477442215898,-1.5280505077126503
12.009915086508986,13.161375084701849,-1.5280505077126503
12.009915086508986,13.5592727271878,-1.5280505077126503
12.009915086508986,13.957170369673747,-1.5280505077126503
12.009915086508986,14.355068012159698,-1.5280505077126503
12.009915086508986,14.752965654645646,-1.5280505077126503
12.009915086508986,15.150863297131597,-1.5280505077126503
12.009915086508986,15.548760939617544,-1.5280505077126503
12.009915086508986,15.946658582103495,-1.5280505077126503
12.009915086508986,16.344556224589443,-1.5280505077126503
12.009915086508986,16.742453867075394,-1.5280505077126503
12.009915086508986,17.14035150956134,-1.5280505077126503
12.009915086508986,17.538249152047293,-1.5280505077126503
12.009915086508986,17.93614679453324,-1.5280505077126503
12.009915086508986,18.33404443701919,-1.5280505077126503
12.009915086508986,18.73194207950514,-1.5280505077126503
12.009915086508986,19.12983972199109,-1.5280505077126503
12.009915086508986,19.527737364477037,-1.5280505077126503
12.009915086508986,19.925635006962988,-1.5280505077126503
12.009915086508986,20.323532649448936,-1.5280505077126503
12.009915086508986,20.721430291934887,-1.5280505077126503
12.009915086508986,21.119327934420834,-1.5280505077126503
12.009915086508986,21.517225576906785,-1.5280505077126503
12.009915086508986,21.915123219392733,-1.5280505077126503
12.009915086508986,22.313020861878684,-1.5280505077126503
12.009915086508986,22.710918504364635,-1.5280505077126503
12.009915086508986,23.108816146850582,-1.5280505077126503
13.158605369745558,3.6118316650390634,-1.490635923140328
13.158605369745558,4.009729307525013,-1.490635923140328
11.946629522863205,4.407626950010962,-1.490635923140328
11.946629522863205,4.805524592496912,-1.490635923140328
11.946629522863205,5.203422234982861,-1.490635923140328
11.946629522863205,5.601319877468811,-1.490635923140328
11.946629522863205,5.99921751995476,-1.490635923140328
11.946629522863205,6.397115162440709,-1.490635923140328
11.946629522863205,6.7950128049266585,-1.490635923140328
11.946629522863205,7.192910447412608,-1.490635923140328
11.946629522863205,7.590808089898557,-1.490635923140328
11.946629522863205,7.988705732384506,-1.490635923140328
12.01218667949408,8.386603374870457,-1.490635923140328
12.01218667949408,8.784501017356405,-1.490635923140328
12.01218667949408,9.182398659842356,-1.490635923140328
12.01218667949408,9.580296302328303,-1.490635923140328
12.010108266206226,9.978193944814254,-1.490635923140328
12.010108266206226,10.376091587300202,-1.490635923140328
12.010108266206226,10.773989229786153,-1.490635923140328
12.009915086508986,11.1718868722721,-1.490635923140328
12.009915086508986,11.569784514758052,-1.490635923140328
12.009915086508986,11.967682157243999,-1.490635923140328
12.009915086508986,12.36557979972995,-1.490635923140328
12.009915086508986,12.763477442215898,-1.490635923140328
12.009915086508986,13.161375084701849,-1.490635923140328
12.009915086508986,13.5592727271878,-1.490635923140328
12.009915086508986,13.957170369673747,-1.490635923140328
12.009915086508986,14.355068012159698,-1.490635923140328
12.009915086508986,14.752965654645646,-1.490635923140328
12.009915086508986,15.150863297131597,-1.490635923140328
12.009915086508986,15.548760939617544,-1.490635923140328
12.009915086508986,15.946658582103495,-1.490635923140328
12.009915086508986,16.344556224589443,-1.490635923140328
12.009915086508986,16.742453867075394,-1.490635923140328
12.009915086508986,17.14035150956134,-1.490635923140328
12.009915086508986,17.538249152047293,-1.490635923140328
12.009915086508986,17.93614679453324,-1.490635923140328
12.009915086508986,18.33404443701919,-1.490635923140328
12.009915086508986,18.73194207950514,-1.490635923140328
12.009915086508986,19.12983972199109,-1.490635923140328
12.009915086508986,19.527737364477037,-1.490635923140328
12.009915086508986,19.925635006962988,-1.490635923140328
12.009915086508986,20.323532649448936,-1.490635923140328
12.009915086508986,20.721430291934887,-1.490635923140328
12.009915086508986,21.119327934420834,-1.490635923140328
12.009915086508986,21.517225576906785,-1.490635923140328
12.009915086508986,21.915123219392733,-1.490635923140328
12.009915086508986,22.313020861878684,-1.490635923140328
12.009915086508986,22.710918504364635,-1.490635923140328
12.009915086508986,23.108816146850582,-1.490635923140328
13.158605369745558,3.6118316650390634,-1.4532213385680055
13.158605369745558,4.009729307525013,-1.4532213385680055
11.946629522863205,4.407626950010962,-1.4532213385680055
11.946629522863205,4.805524592496912,-1.4532213385680055
11.946629522863205,5.203422234982861,-1.4532213385680055
11.946629522863205,5.601319877468811,-1.4532213385680055
11.946629522863205,5.99921751995476,-1.4532213385680055
11.946629522863205,6.397115162440709,-1.4532213385680055
11.946629522863205,6.7950128049266585,-1.4532213385680055
11.946629522863205,7.192910447412608,-1.4532213385680055
11.946629522863205,7.590808089898557,-1.4532213385680055
11.946629522863205,7.988705732384506,-1.4532213385680055
12.01218667949408,8.386603374870457,-1.4532213385680055
12.01218667949408,8.784501017356405,-1.4532213385680055
12.01218667949408,9.182398659842356,-1.4532213385680055
12.01218667949408,9.580296302328303,-1.4532213385680055
12.010108266206226,9.978193944814254,-1.4532213385680055
12.010108266206226,10.376091587300202,-1.4532213385680055
12.010108266206226,10.773989229786153,-1.4532213385680055
12.009915086508986,11.1718868722721,-1.4532213385680055
12.009915086508986,11.569784514758052,-1.4532213385680055
12.009915086508986,11.967682157243999,-1.4532213385680055
12.009915086508986,12.36557979972995,-1.4532213385680055
12.009915086508986,12.763477442215898,-1.4532213385680055
12.009915086508986,13.161375084701849,-1.4532213385680055
12.009915086508986,13.5592727271878,-1.4532213385680055
12.009915086508986,13.957170369673747,-1.4532213385680055
12.009915086508986,14.355068012159698,-1.4532213385680055
12.009915086508986,14.752965654645646,-1.4532213385680055
12.009915086508986,15.150863297131597,-1.4532213385680055
12.009915086508986,15.548760939617544,-1.4532213385680055
12.009915086508986,15.946658582103495,-1.4532213385680055
12.009915086508986,16.344556224589443,-1.4532213385680055
12.009915086508986,16.742453867075394,-1.4532213385680055
12.009915086508986,17.14035150956134,-1.4532213385680055
12.009915086508986,17.538249152047293,-1.4532213385680055
12.009915086508986,17.93614679453324,-1.4532213385680055
12.009915086508986,18.33404443701919,-1.4532213385680055
12.009915086508986,18.73194207950514,-1.4532213385680055
12.009915086508986,19.12983972199109,-1.4532213385680055
12.009915086508986,19.527737364477037,-1.4532213385680055
12.009915086508986,19.925635006962988,-1.4532213385680055
12.009915086508986,20.323532649448936,-1.4532213385680055
12.009915086508986,20.721430291934887,-1.4532213385680055
12.009915086508986,21.119327934420834,-1.4532213385680055
12.009915086508986,21.517225576906785,-1.4532213385680055
12.009915086508986,21.915123219392733,-1.4532213385680055
12.009915086508986,22.313020861878684,-1.4532213385680055
12.009915086508986,22.710918504364635,-1.4532213385680055
12.009915086508986,23.108816146850582,-1.4532213385680055
13.158605369745558,3.6118316650390634,-1.4158067539956831
13.158605369745558,4.009729307525013,-1.4158067539956831
11.946629522863205,4.407626950010962,-1.4158067539956831
11.946629522863205,4.805524592496912,-1.4158067539956831
11.946629522863205,5.203422234982861,-1.4158067539956831
11.946629522863205,5.601319877468811,-1.4158067539956831
11.946629522863205,5.99921751995476,-1.4158067539956831
11.946629522863205,6.397115162440709,-1.4158067539956831
11.946629522863205,6.7950128049266585,-1.4158067539956831
11.946629522863205,7.192910447412608,-1.4158067539956831
11.946629522863205,7.590808089898557,-1.4158067539956831
11.946629522863205,7.988705732384506,-1.4158067539956831
12.01218667949408,8.386603374870457,-1.4158067539956831
12.01218667949408,8.784501017356405,-1.4158067539956831
12.01218667949408,9.182398659842356,-1.4158067539956831
12.01218667949408,9.580296302328303,-1.4158067539956831
12.010108266206226,9.978193944814254,-1.4158067539956831
12.010108266206226,10.376091587300202,-1.4158067539956831
12.010108266206226,10.773989229786153,-1.4158067539956831
12.009915086508986,11.1718868722721,-1.4158067539956831
12.009915086508986,11.569784514758052,-1.4158067539956831
12.009915086508986,11.967682157243999,-1.4158067539956831
12.009915086508986,12.36557979972995,-1.4158067539956831
12.009915086508986,12.763477442215898,-1.4158067539956831
12.009915086508986,13.161375084701849,-1.4158067539956831
12.009915086508986,13.5592727271878,-1.4158067539956831
12.009915086508986,13.957170369673747,-1.4158067539956831
12.009915086508986,14.355068012159698,-1.4158067539956831
12.009915086508986,14.752965654645646,-1.4158067539956831
12.009915086508986,15.150863297131597,-1.4158067539956831
12.009915086508986,15.548760939617544,-1.4158067539956831
12.009915086508986,15.946658582103495,-1.4158067539956831
12.009915086508986,16.344556224589443,-1.4158067539956831
12.009915086508986,16.742453867075394,-1.4158067539956831
12.009915086508986,17.14035150956134,-1.4158067539956831
12.009915086508986,17.538249152047293,-1.4158067539956831
12.009915086508986,17.93614679453324,-1.4158067539956831
12.009915086508986,18.33404443701919,-1.4158067539956831
12.009915086508986,18.73194207950514,-1.4158067539956831
12.009915086508986,19.12983972199109,-1.4158067539956831
12.009915086508986,19.527737364477037,-1.4158067539956831
12.009915086508986,19.925635006962988,-1.4158067539956831
12.009915086508986,20.323532649448936,-1.4158067539956831
12.009915086508986,20.721430291934887,-1.4158067539956831
12.009915086508986,21.119327934420834,-1.4158067539956831
12.009915086508986,21.517225576906785,-1.4158067539956831
12.009915086508986,21.915123219392733,-1.4158067539956831
12.009915086508986,22.313020861878684,-1.4158067539956831
12.009915086508986,22.710918504364635,-1.4158067539956831
12.009915086508986,23.108816146850582,-1.4158067539956831
13.158605369745558,3.6118316650390634,-1.3783921694233607
13.158605369745558,4.009729307525013,-1.3783921694233607
11.946629522863205,4.407626950010962,-1.3783921694233607
11.946629522863205,4.805524592496912,-1.3783921694233607
11.946629522863205,5.203422234982861,-1.3783921694233607
11.946629522863205,5.601319877468811,-1.3783921694233607
11.946629522863205,5.99921751995476,-1.3783921694233607
11.946629522863205,6.397115162440709,-1.3783921694233607
11.946629522863205,6.7950128049266585,-1.3783921694233607
11.946629522863205,7.192910447412608,-1.3783921694233607
11.946629522863205,7.590808089898557,-1.3783921694233607
11.946629522863205,7.988705732384506,-1.3783921694233607
12.01218667949408,8.386603374870457,-1.3783921694233607
12.01218667949408,8.784501017356405,-1.3783921694233607
12.01218667949408,9.182398659842356,-1.3783921694233607
12.01218667949408,9.580296302328303,-1.3783921694233607
12.010108266206226,9.978193944814254,-1.3783921694233607
12.010108266206226,10.376091587300202,-1.3783921694233607
12.010108266206226,10.773989229786153,-1.3783921694233607
12.009915086508986,11.1718868722721,-1.3783921694233607
12.009915086508986,11.569784514758052,-1.3783921694233607
12.009915086508986,11.967682157243999,-1.3783921694233607
12.009915086508986,12.36557979972995,-1.3783921694233607
12.009915086508986,12.763477442215898,-1.3783921694233607
12.009915086508986,13.161375084701849,-1.3783921694233607
12.009915086508986,13.5592727271878,-1.3783921694233607
12.009915086508986,13.957170369673747,-1.3783921694233607
12.009915086508986,14.355068012159698,-1.3783921694233607
12.009915086508986,14.752965654645646,-1.3783921694233607
12.009915086508986,15.150863297131597,-1.3783921694233607
12.009915086508986,15.548760939617544,-1.3783921694233607
12.009915086508986,15.946658582103495,-1.3783921694233607
12.009915086508986,16.344556224589443,-1.3783921694233607
12.009915086508986,16.742453867075394,-1.3783921694233607
12.009915086508986,17.14035150956134,-1.3783921694233607
12.009915086508986,17.538249152047293,-1.3783921694233607
12.009915086508986,17.93614679453324,-1.3783921694233607
12.009915086508986,18.33404443701919,-1.3783921694233607
12.009915086508986,18.73194207950514,-1.3783921694233607
12.009915086508986,19.12983972199109,-1.3783921694233607
12.009915086508986,19.527737364477037,-1.3783921694233607
12.009915086508986,19.925635006962988,-1.3783921694233607
12.009915086508986,20.323532649448936,-1.3783921694233607
12.009915086508986,20.721430291934887,-1.3783921694233607
12.009915086508986,21.119327934420834,-1.3783921694233607
12.009915086508986,21.517225576906785,-1.3783921694233607
12.009915086508986,21.915123219392733,-1.3783921694233607
12.009915086508986,22.313020861878684,-1.3783921694233607
12.009915086508986,22.710918504364635,-1.3783921694233607
12.009915086508986,23.108816146850582,-1.3783921694233607
13.158605369745558,3.6118316650390634,-1.3409775848510384
13.158605369745558,4.009729307525013,-1.3409775848510384
11.946629522863205,4.407626950010962,-1.3409775848510384
11.946629522863205,4.805524592496912,-1.3409775848510384
11.946629522863205,5.203422234982861,-1.3409775848510384
11.946629522863205,5.601319877468811,-1.3409775848510384
11.946629522863205,5.99921751995476,-1.3409775848510384
11.946629522863205,6.397115162440709,-1.3409775848510384
11.946629522863205,6.7950128049266585,-1.3409775848510384
11.946629522863205,7.192910447412608,-1.3409775848510384
11.946629522863205,7.590808089898557,-1.3409775848510384
11.946629522863205,7.988705732384506,-1.3409775848510384
12.01218667949408,8.386603374870457,-1.3409775848510384
12.01218667949408,8.784501017356405,-1.3409775848510384
12.01218667949408,9.182398659842356,-1.3409775848510384
12.01218667949408,9.580296302328303,-1.3409775848510384
12.010108266206226,9.978193944814254,-1.3409775848510384
12.010108266206226,10.376091587300202,-1.3409775848510384
12.010108266206226,10.773989229786153,-1.3409775848510384
12.009915086508986,11.1718868722721,-1.3409775848510384
12.009915086508986,11.569784514758052,-1.3409775848510384
12.009915086508986,11.967682157243999,-1.3409775848510384
12.009915086508986,12.36557979972995,-1.3409775848510384
12.009915086508986,12.763477442215898,-1.3409775848510384
12.009915086508986,13.161375084701849,-1.3409775848510384
12.009915086508986,13.5592727271878,-1.3409775848510384
12.009915086508986,13.957170369673747,-1.3409775848510384
12.009915086508986,14.355068012159698,-1.3409775848510384
12.009915086508986,14.752965654645646,-1.3409775848510384
12.009915086508986,15.150863297131597,-1.3409775848510384
12.009915086508986,15.548760939617544,-1.3409775848510384
12.009915086508986,15.946658582103495,-1.3409775848510384
12.009915086508986,16.344556224589443,-1.3409775848510384
12.009915086508986,16.742453867075394,-1.3409775848510384
12.009915086508986,17.14035150956134,-1.3409775848510384
12.009915086508986,17.538249152047293,-1.3409775848510384
12.009915086508986,17.93614679453324,-1.3409775848510384
12.009915086508986,18.33404443701919,-1.3409775848510384
12.009915086508986,18.73194207950514,-1.3409775848510384
12.009915086508986,19.12983972199109,-1.3409775848510384
12.009915086508986,19.527737364477037,-1.3409775848510384
12.009915086508986,19.925635006962988,-1.3409775848510384
12.009915086508986,20.323532649448936,-1.3409775848510384
12.009915086508986,20.721430291934887,-1.3409775848510384
12.009915086508986,21.119327934420834,-1.3409775848510384
12.009915086508986,21.517225576906785,-1.3409775848510384
12.009915086508986,21.915123219392733,-1.3409775848510384
12.009915086508986,22.313020861878684,-1.3409775848510384
12.009915086508986,22.710918504364635,-1.3409775848510384
12.009915086508986,23.108816146850582,-1.3409775848510384
13.158605369745558,3.6118316650390634,-1.3035630002787162
13.158605369745558,4.009729307525013,-1.3035630002787162
11.946629522863205,4.407626950010962,-1.3035630002787162
11.946629522863205,4.805524592496912,-1.3035630002787162
11.946629522863205,5.203422234982861,-1.3035630002787162
11.946629522863205,5.601319877468811,-1.3035630002787162
11.946629522863205,5.99921751995476,-1.3035630002787162
11.946629522863205,6.397115162440709,-1.3035630002787162
11.946629522863205,6.7950128049266585,-1.3035630002787162
11.946629522863205,7.192910447412608,-1.3035630002787162
11.946629522863205,7.590808089898557,-1.3035630002787162
11.946629522863205,7.988705732384506,-1.3035630002787162
12.01218667949408,8.386603374870457,-1.3035630002787162
12.01218667949408,8.784501017356405,-1.3035630002787162
12.01218667949408,9.182398659842356,-1.3035630002787162
12.01218667949408,9.580296302328303,-1.3035630002787162
12.010108266206226,9.978193944814254,-1.3035630002787162
12.010108266206226,10.376091587300202,-1.3035630002787162
12.010108266206226,10.773989229786153,-1.3035630002787162
12.009915086508986,11.1718868722721,-1.3035630002787162
12.009915086508986,11.569784514758052,-1.3035630002787162
12.009915086508986,11.967682157243999,-1.3035630002787162
12.009915086508986,12.36557979972995,-1.3035630002787162
12.009915086508986,12.763477442215898,-1.3035630002787162
12.009915086508986,13.161375084701849,-1.3035630002787162
12.009915086508986,13.5592727271878,-1.3035630002787162
12.009915086508986,13.957170369673747,-1.3035630002787162
12.009915086508986,14.355068012159698,-1.3035630002787162
12.009915086508986,14.752965654645646,-1.3035630002787162
12.009915086508986,15.150863297131597,-1.3035630002787162
12.009915086508986,15.548760939617544,-1.3035630002787162
12.009915086508986,15.946658582103495,-1.3035630002787162
12.009915086508986,16.344556224589443,-1.3035630002787162
12.009915086508986,16.742453867075394,-1.3035630002787162
12.009915086508986,17.14035150956134,-1.3035630002787162
12.009915086508986,17.538249152047293,-1.3035630002787162
12.009915086508986,17.93614679453324,-1.3035630002787162
12.009915086508986,18.33404443701919,-1.3035630002787162
12.009915086508986,18.73194207950514,-1.3035630002787162
12.009915086508986,19.12983972199109,-1.3035630002787162
12.009915086508986,19.527737364477037,-1.3035630002787162
12.009915086508986,19.925635006962988,-1.3035630002787162
12.009915086508986,20.323532649448936,-1.3035630002787162
12.009915086508986,20.721430291934887,-1.3035630002787162
12.009915086508986,21.119327934420834,-1.3035630002787162
12.009915086508986,21.517225576906785,-1.3035630002787162
12.009915086508986,21.915123219392733,-1.3035630002787162
12.009915086508986,22.313020861878684,-1.3035630002787162
12.009915086508986,22.710918504364635,-1.3035630002787162
12.009915086508986,23.108816146850582,-1.3035630002787162
13.158605369745558,3.6118316650390634,-1.2661484157063936
13.158605369745558,4.009729307525013,-1.2661484157063936
11.946629522863205,4.407626950010962,-1.2661484157063936
11.946629522863205,4.805524592496912,-1.2661484157063936
11.946629522863205,5.203422234982861,-1.2661484157063936
11.946629522863205,5.601319877468811,-1.2661484157063936
11.946629522863205,5.99921751995476,-1.2661484157063936
11.946629522863205,6.397115162440709,-1.2661484157063936
11.946629522863205,6.7950128049266585,-1.2661484157063936
11.946629522863205,7.192910447412608,-1.2661484157063936
11.946629522863205,7.590808089898557,-1.2661484157063936
11.946629522863205,7.988705732384506,-1.2661484157063936
12.01218667949408,8.386603374870457,-1.2661484157063936
12.01218667949408,8.784501017356405,-1.2661484157063936
12.01218667949408,9.182398659842356,-1.2661484157063936
12.01218667949408,9.580296302328303,-1.2661484157063936
12.010108266206226,9.978193944814254,-1.2661484157063936
12.010108266206226,10.376091587300202,-1.2661484157063936
12.010108266206226,10.773989229786153,-1.2661484157063936
12.009915086508986,11.1718868722721,-1.2661484157063936
12.009915086508986,11.569784514758052,-1.2661484157063936
12.009915086508986,11.967682157243999,-1.2661484157063936
12.009915086508986,12.36557979972995,-1.2661484157063936
12.009915086508986,12.763477442215898,-1.2661484157063936
12.009915086508986,13.161375084701849,-1.2661484157063936
12.009915086508986,13.5592727271878,-1.2661484157063936
12.009915086508986,13.957170369673747,-1.2661484157063936
12.009915086508986,14.355068012159698,-1.2661484157063936
12.009915086508986,14.752965654645646,-1.2661484157063936
12.009915086508986,15.150863297131597,-1.2661484157063936
12.009915086508986,15.548760939617544,-1.2661484157063936
12.009915086508986,15.946658582103495,-1.2661484157063936
12.009915086508986,16.344556224589443,-1.2661484157063936
12.009915086508986,16.742453867075394,-1.2661484157063936
12.009915086508986,17.14035150956134,-1.2661484157063936
12.009915086508986,17.538249152047293,-1.2661484157063936
12.009915086508986,17.93614679453324,-1.2661484157063936
12.009915086508986,18.33404443701919,-1.2661484157063936
12.009915086508986,18.73194207950514,-1.2661484157063936
12.009915086508986,19.12983972199109,-1.2661484157063936
12.009915086508986,19.527737364477037,-1.2661484157063936
12.009915086508986,19.925635006962988,-1.2661484157063936
12.009915086508986,20.323532649448936,-1.2661484157063936
12.009915086508986,20.721430291934887,-1.2661484157063936
12.009915086508986,21.119327934420834,-1.2661484157063936
12.009915086508986,21.517225576906785,-1.2661484157063936
12.009915086508986,21.915123219392733,-1.2661484157063936
12.009915086508986,22.313020861878684,-1.2661484157063936
12.009915086508986,22.710918504364635,-1.2661484157063936
12.009915086508986,23.108816146850582,-1.2661484157063936
13.158605369745558,3.6118316650390634,-1.2287338311340714
13.158605369745558,4.009729307525013,-1.2287338311340714
11.946629522863205,4.407626950010962,-1.2287338311340714
11.946629522863205,4.805524592496912,-1.2287338311340714
11.946629522863205,5.203422234982861,-1.2287338311340714
11.946629522863205,5.601319877468811,-1.2287338311340714
11.946629522863205,5.99921751995476,-1.2287338311340714
11.946629522863205,6.397115162440709,-1.2287338311340714
11.946629522863205,6.7950128049266585,-1.2287338311340714
11.946629522863205,7.192910447412608,-1.2287338311340714
11.946629522863205,7.590808089898557,-1.2287338311340714
11.946629522863205,7.988705732384506,-1.2287338311340714
12.01218667949408,8.386603374870457,-1.2287338311340714
12.01218667949408,8.784501017356405,-1.2287338311340714
12.01218667949408,9.182398659842356,-1.2287338311340714
12.01218667949408,9.580296302328303,-1.2287338311340714
12.010108266206226,9.978193944814254,-1.2287338311340714
12.010108266206226,10.376091587300202,-1.2287338311340714
12.010108266206226,10.773989229786153,-1.2287338311340714
12.009915086508986,11.1718868722721,-1.2287338311340714
12.009915086508986,11.569784514758052,-1.2287338311340714
12.009915086508986,11.967682157243999,-1.2287338311340714
12.009915086508986,12.36557979972995,-1.2287338311340714
12.009915086508986,12.763477442215898,-1.2287338311340714
12.009915086508986,13.161375084701849,-1.2287338311340714
12.009915086508986,13.5592727271878,-1.2287338311340714
12.009915086508986,13.957170369673747,-1.2287338311340714
12.009915086508986,14.355068012159698,-1.2287338311340714
12.009915086508986,14.752965654645646,-1.2287338311340714
12.009915086508986,15.150863297131597,-1.2287338311340714
12.009915086508986,15.548760939617544,-1.2287338311340714
12.009915086508986,15.946658582103495,-1.2287338311340714
12.009915086508986,16.344556224589443,-1.2287338311340714
12.009915086508986,16.742453867075394,-1.2287338311340714
12.009915086508986,17.14035150956134,-1.2287338311340714
12.009915086508986,17.538249152047293,-1.2287338311340714
12.009915086508986,17.93614679453324,-1.2287338311340714
12.009915086508986,18.33404443701919,-1.2287338311340714
12.009915086508986,18.73194207950514,-1.2287338311340714
12.009915086508986,19.12983972199109,-1.2287338311340714
12.009915086508986,19.527737364477037,-1.2287338311340714
12.009915086508986,19.925635006962988,-1.2287338311340714
12.009915086508986,20.323532649448936,-1.2287338311340714
12.009915086508986,20.721430291934887,-1.2287338311340714
12.009915086508986,21.119327934420834,-1.2287338311340714
12.009915086508986,21.517225576906785,-1.2287338311340714
12.009915086508986,21.915123219392733,-1.2287338311340714
12.009915086508986,22.313020861878684,-1.2287338311340714
12.009915086508986,22.710918504364635,-1.2287338311340714
12.009915086508986,23.108816146850582,-1.2287338311340714
13.158605369745558,3.6118316650390634,-1.1913192465617488
13.158605369745558,4.009729307525013,-1.1913192465617488
11.946629522863205,4.407626950010962,-1.1913192465617488
11.946629522863205,4.805524592496912,-1.1913192465617488
11.946629522863205,5.203422234982861,-1.1913192465617488
11.946629522863205,5.601319877468811,-1.1913192465617488
11.946629522863205,5.99921751995476,-1.1913192465617488
11.946629522863205,6.397115162440709,-1.1913192465617488
11.946629522863205,6.7950128049266585,-1.1913192465617488
11.946629522863205,7.192910447412608,-1.1913192465617488
11.946629522863205,7.590808089898557,-1.1913192465617488
11.946629522863205,7.988705732384506,-1.1913192465617488
12.01218667949408,8.386603374870457,-1.1913192465617488
12.01218667949408,8.784501017356405,-1.1913192465617488
12.01218667949408,9.182398659842356,-1.1913192465617488
12.01218667949408,9.580296302328303,-1.1913192465617488
12.010108266206226,9.978193944814254,-1.1913192465617488
12.010108266206226,10.376091587300202,-1.1913192465617488
12.010108266206226,10.773989229786153,-1.1913192465617488
12.009915086508986,11.1718868722721,-1.1913192465617488
12.009915086508986,11.569784514758052,-1.1913192465617488
12.009915086508986,11.967682157243999,-1.1913192465617488
12.009915086508986,12.36557979972995,-1.1913192465617488
12.009915086508986,12.763477442215898,-1.1913192465617488
12.009915086508986,13.161375084701849,-1.1913192465617488
12.009915086508986,13.5592727271878,-1.1913192465617488
12.009915086508986,13.957170369673747,-1.1913192465617488
12.009915086508986,14.355068012159698,-1.1913192465617488
12.009915086508986,14.752965654645646,-1.1913192465617488
12.009915086508986,15.150863297131597,-1.1913192465617488
12.009915086508986,15.548760939617544,-1.1913192465617488
12.009915086508986,15.946658582103495,-1.1913192465617488
12.009915086508986,16.344556224589443,-1.1913192465617488
12.009915086508986,16.742453867075394,-1.1913192465617488
12.009915086508986,17.14035150956134,-1.1913192465617488
12.009915086508986,17.538249152047293,-1.1913192465617488
12.009915086508986,17.93614679453324,-1.1913192465617488
12.009915086508986,18.33404443701919,-1.1913192465617488
12.009915086508986,18.73194207950514,-1.1913192465617488
12.009915086508986,19.12983972199109,-1.1913192465617488
12.009915086508986,19.527737364477037,-1.1913192465617488
12.009915086508986,19.925635006962988,-1.1913192465617488
12.009915086508986,20.323532649448936,-1.1913192465617488
12.009915086508986,20.721430291934887,-1.1913192465617488
12.009915086508986,21.119327934420834,-1.1913192465617488
12.009915086508986,21.517225576906785,-1.1913192465617488
12.009915086508986,21.915123219392733,-1.1913192465617488
12.009915086508986,22.313020861878684,-1.1913192465617488
12.009915086508986,22.710918504364635,-1.1913192465617488
12.009915086508986,23.108816146850582,-1.1913192465617488
13.158605369745558,3.6118316650390634,-1.1539046619894266
13.158605369745558,4.009729307525013,-1.1539046619894266
11.946629522863205,4.407626950010962,-1.1539046619894266
11.946629522863205,4.805524592496912,-1.1539046619894266
11.946629522863205,5.203422234982861,-1.1539046619894266
11.946629522863205,5.601319877468811,-1.1539046619894266
11.946629522863205,5.99921751995476,-1.1539046619894266
11.946629522863205,6.397115162440709,-1.1539046619894266
11.946629522863205,6.7950128049266585,-1.1539046619894266
11.946629522863205,7.192910447412608,-1.1539046619894266
11.946629522863205,7.590808089898557,-1.1539046619894266
11.946629522863205,7.988705732384506,-1.1539046619894266
12.01218667949408,8.386603374870457,-1.1539046619894266
12.01218667949408,8.784501017356405,-1.1539046619894266
12.01218667949408,9.182398659842356,-1.1539046619894266
12.01218667949408,9.580296302328303,-1.1539046619894266
12.010108266206226,9.978193944814254,-1.1539046619894266
12.010108266206226,10.376091587300202,-1.1539046619894266
12.010108266206226,10.773989229786153,-1.1539046619894266
12.009915086508986,11.1718868722721,-1.1539046619894266
12.009915086508986,11.569784514758052,-1.1539046619894266
12.009915086508986,11.967682157243999,-1.1539046619894266
12.009915086508986,12.36557979972995,-1.1539046619894266
12.009915086508986,12.763477442215898,-1.1539046619894266
12.009915086508986,13.161375084701849,-1.1539046619894266
12.009915086508986,13.5592727271878,-1.1539046619894266
12.009915086508986,13.957170369673747,-1.1539046619894266
12.009915086508986,14.355068012159698,-1.1539046619894266
12.009915086508986,14.752965654645646,-1.1539046619894266
12.009915086508986,15.150863297131597,-1.1539046619894266
12.009915086508986,15.548760939617544,-1.1539046619894266
12.009915086508986,15.946658582103495,-1.1539046619894266
12.009915086508986,16.344556224589443,-1.1539046619894266
12.009915086508986,16.742453867075394,-1.1539046619894266
12.009915086508986,17.14035150956134,-1.1539046619894266
12.009915086508986,17.538249152047293,-1.1539046619894266
12.009915086508986,17.93614679453324,-1.1539046619894266
12.009915086508986,18.33404443701919,-1.1539046619894266
12.009915086508986,18.73194207950514,-1.1539046619894266
12.009915086508986,19.12983972199109,-1.1539046619894266
12.009915086508986,19.527737364477037,-1.1539046619894266
12.009915086508986,19.925635006962988,-1.1539046619894266
12.009915086508986,20.323532649448936,-1.1539046619894266
12.009915086508986,20.721430291934887,-1.1539046619894266
12.009915086508986,21.119327934420834,-1.1539046619894266
12.009915086508986,21.517225576906785,-1.1539046619894266
12.009915086508986,21.915123219392733,-1.1539046619894266
12.009915086508986,22.313020861878684,-1.1539046619894266
12.009915086508986,22.710918504364635,-1.1539046619894266
12.009915086508986,23.108816146850582,-1.1539046619894266
13.158605369745558,3.6118316650390634,-1.1164900774171043
13.158605369745558,4.009729307525013,-1.1164900774171043
11.946629522863205,4.407626950010962,-1.1164900774171043
11.946629522863205,4.805524592496912,-1.1164900774171043
11.946629522863205,5.203422234982861,-1.1164900774171043
11.946629522863205,5.601319877468811,-1.1164900774171043
11.946629522863205,5.99921751995476,-1.1164900774171043
11.946629522863205,6.397115162440709,-1.1164900774171043
11.946629522863205,6.7950128049266585,-1.1164900774171043
11.946629522863205,7.192910447412608,-1.1164900774171043
11.946629522863205,7.590808089898557,-1.1164900774171043
11.946629522863205,7.988705732384506,-1.1164900774171043
12.01218667949408,8.386603374870457,-1.1164900774171043
12.01218667949408,8.784501017356405,-1.1164900774171043
12.01218667949408,9.182398659842356,-1.1164900774171043
12.01218667949408,9.580296302328303,-1.1164900774171043
12.010108266206226,9.978193944814254,-1.1164900774171043
12.010108266206226,10.376091587300202,-1.1164900774171043
12.010108266206226,10.773989229786153,-1.1164900774171043
12.009915086508986,11.1718868722721,-1.1164900774171043
12.009915086508986,11.569784514758052,-1.1164900774171043
12.009915086508986,11.967682157243999,-1.1164900774171043
12.009915086508986,12.36557979972995,-1.1164900774171043
12.009915086508986,12.763477442215898,-1.1164900774171043
12.009915086508986,13.161375084701849,-1.1164900774171043
12.009915086508986,13.5592727271878,-1.1164900774171043
12.009915086508986,13.957170369673747,-1.1164900774171043
12.009915086508986,14.355068012159698,-1.1164900774171043
12.009915086508986,14.752965654645646,-1.1164900774171043
12.009915086508986,15.150863297131597,-1.1164900774171043
12.009915086508986,15.548760939617544,-1.1164900774171043
12.009915086508986,15.946658582103495,-1.1164900774171043
12.009915086508986,16.344556224589443,-1.1164900774171043
12.009915086508986,16.742453867075394,-1.1164900774171043
12.009915086508986,17.14035150956134,-1.1164900774171043
12.009915086508986,17.538249152047293,-1.1164900774171043
12.009915086508986,17.93614679453324,-1.1164900774171043
12.009915086508986,18.33404443701919,-1.1164900774171043
12.009915086508986,18.73194207950514,-1.1164900774171043
12.009915086508986,19.12983972199109,-1.1164900774171043
12.009915086508986,19.527737364477037,-1.1164900774171043
12.009915086508986,19.925635006962988,-1.1164900774171043
12.009915086508986,20.323532649448936,-1.1164900774171043
12.009915086508986,20.721430291934887,-1.1164900774171043
12.009915086508986,21.119327934420834,-1.1164900774171043
12.009915086508986,21.517225576906785,-1.1164900774171043
12.009915086508986,21.915123219392733,-1.1164900774171043
12.009915086508986,22.313020861878684,-1.1164900774171043
12.009915086508986,22.710918504364635,-1.1164900774171043
12.009915086508986,23.108816146850582,-1.1164900774171043
13.158605369745558,3.6118316650390634,-1.0790754928447819
13.158605369745558,4.009729307525013,-1.0790754928447819
11.946629522863205,4.407626950010962,-1.0790754928447819
11.946629522863205,4.805524592496912,-1.0790754928447819
11.946629522863205,5.203422234982861,-1.0790754928447819
11.946629522863205,5.601319877468811,-1.0790754928447819
11.946629522863205,5.99921751995476,-1.0790754928447819
11.946629522863205,6.397115162440709,-1.0790754928447819
11.946629522863205,6.7950128049266585,-1.0790754928447819
11.946629522863205,7.192910447412608,-1.0790754928447819
11.946629522863205,7.590808089898557,-1.0790754928447819
11.946629522863205,7.988705732384506,-1.0790754928447819
12.01218667949408,8.386603374870457,-1.0790754928447819
12.01218667949408,8.784501017356405,-1.0790754928447819
12.01218667949408,9.182398659842356,-1.0790754928447819
12.01218667949408,9.580296302328303,-1.0790754928447819
12.010108266206226,9.978193944814254,-1.0790754928447819
12.010108266206226,10.376091587300202,-1.0790754928447819
12.010108266206226,10.773989229786153,-1.0790754928447819
12.009915086508986,11.1718868722721,-1.0790754928447819
12.009915086508986,11.569784514758052,-1.0790754928447819
12.009915086508986,11.967682157243999,-1.0790754928447819
12.009915086508986,12.36557979972995,-1.0790754928447819
12.009915086508986,12.763477442215898,-1.0790754928447819
12.009915086508986,13.161375084701849,-1.0790754928447819
12.009915086508986,13.5592727271878,-1.0790754928447819
12.009915086508986,13.957170369673747,-1.0790754928447819
12.009915086508986,14.355068012159698,-1.0790754928447819
12.009915086508986,14.752965654645646,-1.0790754928447819
12.009915086508986,15.150863297131597,-1.0790754928447819
12.009915086508986,15.548760939617544,-1.0790754928447819
12.009915086508986,15.946658582103495,-1.0790754928447819
12.009915086508986,16.344556224589443,-1.0790754928447819
12.009915086508986,16.742453867075394,-1.0790754928447819
12.009915086508986,17.14035150956134,-1.0790754928447819
12.009915086508986,17.538249152047293,-1.0790754928447819
12.009915086508986,17.93614679453324,-1.0790754928447819
12.009915086508986,18.33404443701919,-1.0790754928447819
12.009915086508986,18.73194207950514,-1.0790754928447819
12.009915086508986,19.12983972199109,-1.0790754928447819
12.009915086508986,19.527737364477037,-1.0790754928447819
12.009915086508986,19.925635006962988,-1.0790754928447819
12.009915086508986,20.323532649448936,-1.0790754928447819
12.009915086508986,20.721430291934887,-1.0790754928447819
12.009915086508986,21.119327934420834,-1.0790754928447819
12.009915086508986,21.517225576906785,-1.0790754928447819
12.009915086508986,21.915123219392733,-1.0790754928447819
12.009915086508986,22.313020861878684,-1.0790754928447819
12.009915086508986,22.710918504364635,-1.0790754928447819
12.009915086508986,23.108816146850582,-1.0790754928447819
13.158605369745558,3.6118316650390634,-1.0416609082724595
13.158605369745558,4.009729307525013,-1.0416609082724595
11.946629522863205,4.407626950010962,-1.0416609082724595
11.946629522863205,4.805524592496912,-1.0416609082724595
11.946629522863205,5.203422234982861,-1.0416609082724595
11.946629522863205,5.601319877468811,-1.0416609082724595
11.946629522863205,5.99921751995476,-1.0416609082724595
11.946629522863205,6.397115162440709,-1.0416609082724595
11.946629522863205,6.7950128049266585,-1.0416609082724595
11.946629522863205,7.192910447412608,-1.0416609082724595
11.946629522863205,7.590808089898557,-1.0416609082724595
11.946629522863205,7.988705732384506,-1.0416609082724595
12.01218667949408,8.386603374870457,-1.0416609082724595
12.01218667949408,8.784501017356405,-1.0416609082724595
12.01218667949408,9.182398659842356,-1.0416609082724595
12.01218667949408,9.580296302328303,-1.0416609082724595
12.010108266206226,9.978193944814254,-1.0416609082724595
12.010108266206226,10.376091587300202,-1.0416609082724595
12.010108266206226,10.773989229786153,-1.0416609082724595
12.009915086508986,11.1718868722721,-1.0416609082724595
12.009915086508986,11.569784514758052,-1.0416609082724595
12.009915086508986,11.967682157243999,-1.0416609082724595
12.009915086508986,12.36557979972995,-1.0416609082724595
12.009915086508986,12.763477442215898,-1.0416609082724595
12.009915086508986,13.161375084701849,-1.0416609082724595
12.009915086508986,13.5592727271878,-1.0416609082724595
12.009915086508986,13.957170369673747,-1.0416609082724595
12.009915086508986,14.355068012159698,-1.0416609082724595
12.009915086508986,14.752965654645646,-1.0416609082724595
12.009915086508986,15.150863297131597,-1.0416609082724595
12.009915086508986,15.548760939617544,-1.0416609082724595
12.009915086508986,15.946658582103495,-1.0416609082724595
12.009915086508986,16.344556224589443,-1.0416609082724595
12.009915086508986,16.742453867075394,-1.0416609082724595
12.009915086508986,17.14035150956134,-1.0416609082724595
12.009915086508986,17.538249152047293,-1.0416609082724595
12.009915086508986,17.93614679453324,-1.0416609082724595
12.009915086508986,18.33404443701919,-1.0416609082724595
12.009915086508986,18.73194207950514,-1.0416609082724595
12.009915086508986,19.12983972199109,-1.0416609082724595
12.009915086508986,19.527737364477037,-1.0416609082724595
12.009915086508986,19.925635006962988,-1.0416609082724595
12.009915086508986,20.323532649448936,-1.0416609082724595
12.009915086508986,20.721430291934887,-1.0416609082724595
12.009915086508986,21.119327934420834,-1.0416609082724595
12.009915086508986,21.517225576906785,-1.0416609082724595
12.009915086508986,21.915123219392733,-1.0416609082724595
12.009915086508986,22.313020861878684,-1.0416609082724595
12.009915086508986,22.710918504364635,-1.0416609082724595
12.009915086508986,23.108816146850582,-1.0416609082724595
13.158605369745558,3.6118316650390634,-1.0042463237001371
13.158605369745558,4.009729307525013,-1.0042463237001371
11.946629522863205,4.407626950010962,-1.0042463237001371
11.946629522863205,4.805524592496912,-1.0042463237001371
11.946629522863205,5.203422234982861,-1.0042463237001371
11.946629522863205,5.601319877468811,-1.0042463237001371
11.946629522863205,5.99921751995476,-1.0042463237001371
11.946629522863205,6.397115162440709,-1.0042463237001371
11.946629522863205,6.7950128049266585,-1.0042463237001371
11.946629522863205,7.192910447412608,-1.0042463237001371
11.946629522863205,7.590808089898557,-1.0042463237001371
11.946629522863205,7.988705732384506,-1.0042463237001371
12.01218667949408,8.386603374870457,-1.0042463237001371
12.01218667949408,8.784501017356405,-1.0042463237001371
12.01218667949408,9.182398659842356,-1.0042463237001371
12.01218667949408,9.580296302328303,-1.0042463237001371
12.010108266206226,9.978193944814254,-1.0042463237001371
12.010108266206226,10.376091587300202,-1.0042463237001371
12.010108266206226,10.773989229786153,-1.0042463237001371
12.009915086508986,11.1718868722721,-1.0042463237001371
12.009915086508986,11.569784514758052,-1.0042463237001371
12.009915086508986,11.967682157243999,-1.0042463237001371
12.009915086508986,12.36557979972995,-1.0042463237001371
12.009915086508986,12.763477442215898,-1.0042463237001371
12.009915086508986,13.161375084701849,-1.0042463237001371
12.009915086508986,13.5592727271878,-1.0042463237001371
12.009915086508986,13.957170369673747,-1.0042463237001371
12.009915086508986,14.355068012159698,-1.0042463237001371
12.009915086508986,14.752965654645646,-1.0042463237001371
12.009915086508986,15.150863297131597,-1.0042463237001371
12.009915086508986,15.548760939617544,-1.0042463237001371
12.009915086508986,15.946658582103495,-1.0042463237001371
12.009915086508986,16.344556224589443,-1.0042463237001371
12.009915086508986,16.742453867075394,-1.0042463237001371
12.009915086508986,17.14035150956134,-1.0042463237001371
12.009915086508986,17.538249152047293,-1.0042463237001371
12.009915086508986,17.93614679453324,-1.0042463237001371
12.009915086508986,18.33404443701919,-1.0042463237001371
12.009915086508986,18.73194207950514,-1.0042463237001371
12.009915086508986,19.12983972199109,-1.0042463237001371
12.009915086508986,19.527737364477037,-1.0042463237001371
12.009915086508986,19.925635006962988,-1.0042463237001371
12.009915086508986,20.323532649448936,-1.0042463237001371
12.009915086508986,20.721430291934887,-1.0042463237001371
12.009915086508986,21.119327934420834,-1.0042463237001371
12.009915086508986,21.517225576906785,-1.0042463237001371
12.009915086508986,21.915123219392733,-1.0042463237001371
12.009915086508986,22.313020861878684,-1.0042463237001371
12.009915086508986,22.710918504364635,-1.0042463237001371
12.009915086508986,23.108816146850582,-1.0042463237001371
13.158605369745558,3.6118316650390634,-0.9668317391278147
13.158605369745558,4.009729307525013,-0.9668317391278147
11.946629522863205,4.407626950010962,-0.9668317391278147
11.946629522863205,4.805524592496912,-0.9668317391278147
11.946629522863205,5.203422234982861,-0.9668317391278147
11.946629522863205,5.601319877468811,-0.9668317391278147
11.946629522863205,5.99921751995476,-0.9668317391278147
11.946629522863205,6.397115162440709,-0.9668317391278147
11.946629522863205,6.7950128049266585,-0.9668317391278147
11.946629522863205,7.192910447412608,-0.9668317391278147
11.946629522863205,7.590808089898557,-0.9668317391278147
11.946629522863205,7.988705732384506,-0.9668317391278147
12.01218667949408,8.386603374870457,-0.9668317391278147
12.01218667949408,8.784501017356405,-0.9668317391278147
12.01218667949408,9.182398659842356,-0.9668317391278147
12.01218667949408,9.580296302328303,-0.9668317391278147
12.010108266206226,9.978193944814254,-0.9668317391278147
12.010108266206226,10.376091587300202,-0.9668317391278147
12.010108266206226,10.773989229786153,-0.9668317391278147
12.009915086508986,11.1718868722721,-0.9668317391278147
12.009915086508986,11.569784514758052,-0.9668317391278147
12.009915086508986,11.967682157243999,-0.9668317391278147
12.009915086508986,12.36557979972995,-0.9668317391278147
12.009915086508986,12.763477442215898,-0.9668317391278147
12.009915086508986,13.161375084701849,-0.9668317391278147
12.009915086508986,13.5592727271878,-0.9668317391278147
12.009915086508986,13.957170369673747,-0.9668317391278147
12.009915086508986,14.355068012159698,-0.9668317391278147
12.009915086508986,14.752965654645646,-0.9668317391278147
12.009915086508986,15.150863297131597,-0.9668317391278147
12.009915086508986,15.548760939617544,-0.9668317391278147
12.009915086508986,15.946658582103495,-0.9668317391278147
12.009915086508986,16.344556224589443,-0.9668317391278147
12.009915086508986,16.742453867075394,-0.9668317391278147
12.009915086508986,17.14035150956134,-0.9668317391278147
12.009915086508986,17.538249152047293,-0.9668317391278147
12.009915086508986,17.93614679453324,-0.9668317391278147
12.009915086508986,18.33404443701919,-0.9668317391278147
12.009915086508986,18.73194207950514,-0.9668317391278147
12.009915086508986,19.12983972199109,-0.9668317391278147
12.009915086508986,19.527737364477037,-0.9668317391278147
12.009915086508986,19.925635006962988,-0.9668317391278147
12.009915086508986,20.323532649448936,-0.9668317391278147
12.009915086508986,20.721430291934887,-0.9668317391278147
12.009915086508986,21.119327934420834,-0.9668317391278147
12.009915086508986,21.517225576906785,-0.9668317391278147
12.009915086508986,21.915123219392733,-0.9668317391278147
12.009915086508986,22.313020861878684,-0.9668317391278147
12.009915086508986,22.710918504364635,-0.9668317391278147
12.009915086508986,23.108816146850582,-0.9668317391278147
13.158605369745558,3.6118316650390634,-0.9294171545554925
13.158605369745558,4.009729307525013,-0.9294171545554925
11.946629522863205,4.407626950010962,-0.9294171545554925
11.946629522863205,4.805524592496912,-0.9294171545554925
11.946629522863205,5.203422234982861,-0.9294171545554925
11.946629522863205,5.601319877468811,-0.9294171545554925
11.946629522863205,5.99921751995476,-0.9294171545554925
11.946629522863205,6.397115162440709,-0.9294171545554925
11.946629522863205,6.7950128049266585,-0.9294171545554925
11.946629522863205,7.192910447412608,-0.9294171545554925
11.946629522863205,7.590808089898557,-0.9294171545554925
11.946629522863205,7.988705732384506,-0.9294171545554925
12.01218667949408,8.386603374870457,-0.9294171545554925
12.01218667949408,8.784501017356405,-0.9294171545554925
12.01218667949408,9.182398659842356,-0.9294171545554925
12.01218667949408,9.580296302328303,-0.9294171545554925
12.010108266206226,9.978193944814254,-0.9294171545554925
12.010108266206226,10.376091587300202,-0.9294171545554925
12.010108266206226,10.773989229786153,-0.9294171545554925
12.009915086508986,11.1718868722721,-0.9294171545554925
12.009915086508986,11.569784514758052,-0.9294171545554925
12.009915086508986,11.967682157243999,-0.9294171545554925
12.009915086508986,12.36557979972995,-0.9294171545554925
12.009915086508986,12.763477442215898,-0.9294171545554925
12.009915086508986,13.161375084701849,-0.9294171545554925
12.009915086508986,13.5592727271878,-0.9294171545554925
12.009915086508986,13.957170369673747,-0.9294171545554925
12.009915086508986,14.355068012159698,-0.9294171545554925
12.009915086508986,14.752965654645646,-0.9294171545554925
12.009915086508986,15.150863297131597,-0.9294171545554925
12.009915086508986,15.548760939617544,-0.9294171545554925
12.009915086508986,15.946658582103495,-0.9294171545554925
12.009915086508986,16.344556224589443,-0.9294171545554925
12.009915086508986,16.742453867075394,-0.9294171545554925
12.009915086508986,17.14035150956134,-0.9294171545554925
12.009915086508986,17.538249152047293,-0.9294171545554925
12.009915086508986,17.93614679453324,-0.9294171545554925
12.009915086508986,18.33404443701919,-0.9294171545554925
12.009915086508986,18.73194207950514,-0.9294171545554925
12.009915086508986,19.12983972199109,-0.9294171545554925
12.009915086508986,19.527737364477037,-0.9294171545554925
12.009915086508986,19.925635006962988,-0.9294171545554925
12.009915086508986,20.323532649448936,-0.9294171545554925
12.009915086508986,20.721430291934887,-0.9294171545554925
12.009915086508986,21.119327934420834,-0.9294171545554925
12.009915086508986,21.517225576906785,-0.9294171545554925
12.009915086508986,21.915123219392733,-0.9294171545554925
12.009915086508986,22.313020861878684,-0.9294171545554925
12.009915086508986,22.710918504364635,-0.9294171545554925
12.009915086508986,23.108816146850582,-0.9294171545554925
13.158605369745558,3.6118316650390634,-0.8920025699831701
13.158605369745558,4.009729307525013,-0.8920025699831701
11.946629522863205,4.407626950010962,-0.8920025699831701
11.946629522863205,4.805524592496912,-0.8920025699831701
11.946629522863205,5.203422234982861,-0.8920025699831701
11.946629522863205,5.601319877468811,-0.8920025699831701
11.946629522863205,5.99921751995476,-0.8920025699831701
11.946629522863205,6.397115162440709,-0.8920025699831701
11.946629522863205,6.7950128049266585,-0.8920025699831701
11.946629522863205,7.192910447412608,-0.8920025699831701
11.946629522863205,7.590808089898557,-0.8920025699831701
11.946629522863205,7.988705732384506,-0.8920025699831701
12.01218667949408,8.386603374870457,-0.8920025699831701
12.01218667949408,8.784501017356405,-0.8920025699831701
12.01218667949408,9.182398659842356,-0.8920025699831701
12.01218667949408,9.580296302328303,-0.8920025699831701
12.010108266206226,9.978193944814254,-0.8920025699831701
12.010108266206226,10.376091587300202,-0.8920025699831701
12.010108266206226,10.773989229786153,-0.8920025699831701
12.009915086508986,11.1718868722721,-0.8920025699831701
12.009915086508986,11.569784514758052,-0.8920025699831701
12.009915086508986,11.967682157243999,-0.8920025699831701
12.009915086508986,12.36557979972995,-0.8920025699831701
12.009915086508986,12.763477442215898,-0.8920025699831701
12.009915086508986,13.161375084701849,-0.8920025699831701
12.009915086508986,13.5592727271878,-0.8920025699831701
12.009915086508986,13.957170369673747,-0.8920025699831701
12.009915086508986,14.355068012159698,-0.8920025699831701
12.009915086508986,14.752965654645646,-0.8920025699831701
12.009915086508986,15.150863297131597,-0.8920025699831701
12.009915086508986,15.548760939617544,-0.8920025699831701
12.009915086508986,15.946658582103495,-0.8920025699831701
12.009915086508986,16.344556224589443,-0.8920025699831701
12.009915086508986,16.742453867075394,-0.8920025699831701
12.009915086508986,17.14035150956134,-0.8920025699831701
12.009915086508986,17.538249152047293,-0.8920025699831701
12.009915086508986,17.93614679453324,-0.8920025699831701
12.009915086508986,18.33404443701919,-0.8920025699831701
12.009915086508986,18.73194207950514,-0.8920025699831701
12.009915086508986,19.12983972199109,-0.8920025699831701
12.009915086508986,19.527737364477037,-0.8920025699831701
12.009915086508986,19.925635006962988,-0.8920025699831701
12.009915086508986,20.323532649448936,-0.8920025699831701
12.009915086508986,20.721430291934887,-0.8920025699831701
12.009915086508986,21.119327934420834,-0.8920025699831701
12.009915086508986,21.517225576906785,-0.8920025699831701
12.009915086508986,21.915123219392733,-0.8920025699831701
12.009915086508986,22.313020861878684,-0.8920025699831701
12.009915086508986,22.710918504364635,-0.8920025699831701
12.009915086508986,23.108816146850582,-0.8920025699831701
13.158605369745558,3.6118316650390634,-0.8545879854108478
13.158605369745558,4.009729307525013,-0.8545879854108478
11.946629522863205,4.407626950010962,-0.8545879854108478
11.946629522863205,4.805524592496912,-0.8545879854108478
11.946629522863205,5.203422234982861,-0.8545879854108478
11.946629522863205,5.601319877468811,-0.8545879854108478
11.946629522863205,5.99921751995476,-0.8545879854108478
11.946629522863205,6.397115162440709,-0.8545879854108478
11.946629522863205,6.7950128049266585,-0.8545879854108478
11.946629522863205,7.192910447412608,-0.8545879854108478
11.946629522863205,7.590808089898557,-0.8545879854108478
11.946629522863205,7.988705732384506,-0.8545879854108478
12.01218667949408,8.386603374870457,-0.8545879854108478
12.01218667949408,8.784501017356405,-0.8545879854108478
12.01218667949408,9.182398659842356,-0.8545879854108478
12.01218667949408,9.580296302328303,-0.8545879854108478
12.010108266206226,9.978193944814254,-0.8545879854108478
12.010108266206226,10.376091587300202,-0.8545879854108478
12.010108266206226,10.773989229786153,-0.8545879854108478
12.009915086508986,11.1718868722721,-0.8545879854108478
12.009915086508986,11.569784514758052,-0.8545879854108478
12.009915086508986,11.967682157243999,-0.8545879854108478
12.009915086508986,12.36557979972995,-0.8545879854108478
12.009915086508986,12.763477442215898,-0.8545879854108478
12.009915086508986,13.161375084701849,-0.8545879854108478
12.009915086508986,13.5592727271878,-0.8545879854108478
12.009915086508986,13.957170369673747,-0.8545879854108478
12.009915086508986,14.355068012159698,-0.8545879854108478
12.009915086508986,14.752965654645646,-0.8545879854108478
12.009915086508986,15.150863297131597,-0.8545879854108478
12.009915086508986,15.548760939617544,-0.8545879854108478
12.009915086508986,15.946658582103495,-0.8545879854108478
12.009915086508986,16.344556224589443,-0.8545879854108478
12.009915086508986,16.742453867075394,-0.8545879854108478
12.009915086508986,17.14035150956134,-0.8545879854108478
12.009915086508986,17.538249152047293,-0.8545879854108478
12.009915086508986,17.93614679453324,-0.8545879854108478
12.009915086508986,18.33404443701919,-0.8545879854108478
12.009915086508986,18.73194207950514,-0.8545879854108478
12.009915086508986,19.12983972199109,-0.8545879854108478
12.009915086508986,19.527737364477037,-0.8545879854108478
12.009915086508986,19.925635006962988,-0.8545879854108478
12.009915086508986,20.323532649448936,-0.8545879854108478
12.009915086508986,20.721430291934887,-0.8545879854108478
12.009915086508986,21.119327934420834,-0.8545879854108478
12.009915086508986,21.517225576906785,-0.8545879854108478
12.009915086508986,21.915123219392733,-0.8545879854108478
12.009915086508986,22.313020861878684,-0.8545879854108478
12.009915086508986,22.710918504364635,-0.8545879854108478
12.009915086508986,23.108816146850582,-0.8545879854108478
13.158605369745558,3.6118316650390634,-0.8171734008385254
13.158605369745558,4.009729307525013,-0.8171734008385254
11.946629522863205,4.407626950010962,-0.8171734008385254
11.946629522863205,4.805524592496912,-0.8171734008385254
11.946629522863205,5.203422234982861,-0.8171734008385254
11.946629522863205,5.601319877468811,-0.8171734008385254
11.946629522863205,5.99921751995476,-0.8171734008385254
11.946629522863205,6.397115162440709,-0.8171734008385254
11.946629522863205,6.7950128049266585,-0.8171734008385254
11.946629522863205,7.192910447412608,-0.8171734008385254
11.946629522863205,7.590808089898557,-0.8171734008385254
11.946629522863205,7.988705732384506,-0.8171734008385254
12.01218667949408,8.386603374870457,-0.8171734008385254
12.01218667949408,8.784501017356405,-0.8171734008385254
12.01218667949408,9.182398659842356,-0.8171734008385254
12.01218667949408,9.580296302328303,-0.8171734008385254
12.010108266206226,9.978193944814254,-0.8171734008385254
12.010108266206226,10.376091587300202,-0.8171734008385254
12.010108266206226,10.773989229786153,-0.8171734008385254
12.009915086508986,11.1718868722721,-0.8171734008385254
12.009915086508986,11.569784514758052,-0.8171734008385254
12.009915086508986,11.967682157243999,-0.8171734008385254
12.009915086508986,12.36557979972995,-0.8171734008385254
12.009915086508986,12.763477442215898,-0.8171734008385254
12.009915086508986,13.161375084701849,-0.8171734008385254
12.009915086508986,13.5592727271878,-0.8171734008385254
12.009915086508986,13.957170369673747,-0.8171734008385254
12.009915086508986,14.355068012159698,-0.8171734008385254
12.009915086508986,14.752965654645646,-0.8171734008385254
12.009915086508986,15.150863297131597,-0.8171734008385254
12.009915086508986,15.548760939617544,-0.8171734008385254
12.009915086508986,15.946658582103495,-0.8171734008385254
12.009915086508986,16.344556224589443,-0.8171734008385254
12.009915086508986,16.742453867075394,-0.8171734008385254
12.009915086508986,17.14035150956134,-0.8171734008385254
12.009915086508986,17.538249152047293,-0.8171734008385254
12.009915086508986,17.93614679453324,-0.8171734008385254
12.009915086508986,18.33404443701919,-0.8171734008385254
12.009915086508986,18.73194207950514,-0.8171734008385254
12.009915086508986,19.12983972199109,-0.8171734008385254
12.009915086508986,19.527737364477037,-0.8171734008385254
12.009915086508986,19.925635006962988,-0.8171734008385254
12.009915086508986,20.323532649448936,-0.8171734008385254
12.009915086508986,20.721430291934887,-0.8171734008385254
12.009915086508986,21.119327934420834,-0.8171734008385254
12.009915086508986,21.517225576906785,-0.8171734008385254
12.009915086508986,21.915123219392733,-0.8171734008385254
12.009915086508986,22.313020861878684,-0.8171734008385254
12.009915086508986,22.710918504364635,-0.8171734008385254
12.009915086508986,23.108816146850582,-0.8171734008385254
13.158605369745558,3.6118316650390634,-0.779758816266203
13.158605369745558,4.009729307525013,-0.779758816266203
11.946629522863205,4.407626950010962,-0.779758816266203
11.946629522863205,4.805524592496912,-0.779758816266203
11.946629522863205,5.203422234982861,-0.779758816266203
11.946629522863205,5.601319877468811,-0.779758816266203
11.946629522863205,5.99921751995476,-0.779758816266203
11.946629522863205,6.397115162440709,-0.779758816266203
11.946629522863205,6.7950128049266585,-0.779758816266203
11.946629522863205,7.192910447412608,-0.779758816266203
11.946629522863205,7.590808089898557,-0.779758816266203
11.946629522863205,7.988705732384506,-0.779758816266203
12.01218667949408,8.386603374870457,-0.779758816266203
12.01218667949408,8.784501017356405,-0.779758816266203
12.01218667949408,9.182398659842356,-0.779758816266203
12.01218667949408,9.580296302328303,-0.779758816266203
12.010108266206226,9.978193944814254,-0.779758816266203
12.010108266206226,10.376091587300202,-0.779758816266203
12.010108266206226,10.773989229786153,-0.779758816266203
12.009915086508986,11.1718868722721,-0.779758816266203
12.009915086508986,11.569784514758052,-0.779758816266203
12.009915086508986,11.967682157243999,-0.779758816266203
12.009915086508986,12.36557979972995,-0.779758816266203
12.009915086508986,12.763477442215898,-0.779758816266203
12.009915086508986,13.161375084701849,-0.779758816266203
12.009915086508986,13.5592727271878,-0.779758816266203
12.009915086508986,13.957170369673747,-0.779758816266203
12.009915086508986,14.355068012159698,-0.779758816266203
12.009915086508986,14.752965654645646,-0.779758816266203
12.009915086508986,15.150863297131597,-0.779758816266203
12.009915086508986,15.548760939617544,-0.779758816266203
12.009915086508986,15.946658582103495,-0.779758816266203
12.009915086508986,16.344556224589443,-0.779758816266203
12.009915086508986,16.742453867075394,-0.779758816266203
12.009915086508986,17.14035150956134,-0.779758816266203
12.009915086508986,17.538249152047293,-0.779758816266203
12.009915086508986,17.93614679453324,-0.779758816266203
12.009915086508986,18.33404443701919,-0.779758816266203
12.009915086508986,18.73194207950514,-0.779758816266203
12.009915086508986,19.12983972199109,-0.779758816266203
12.009915086508986,19.527737364477037,-0.779758816266203
12.009915086508986,19.925635006962988,-0.779758816266203
12.009915086508986,20.323532649448936,-0.779758816266203
12.009915086508986,20.721430291934887,-0.779758816266203
12.009915086508986,21.119327934420834,-0.779758816266203
12.009915086508986,21.517225576906785,-0.779758816266203
12.009915086508986,21.915123219392733,-0.779758816266203
12.009915086508986,22.313020861878684,-0.779758816266203
12.009915086508986,22.710918504364635,-0.779758816266203
12.009915086508986,23.108816146850582,-0.779758816266203
13.158605369745558,3.6118316650390634,-0.7423442316938806
13.158605369745558,4.009729307525013,-0.7423442316938806
11.946629522863205,4.407626950010962,-0.7423442316938806
11.946629522863205,4.805524592496912,-0.7423442316938806
11.946629522863205,5.203422234982861,-0.7423442316938806
11.946629522863205,5.601319877468811,-0.7423442316938806
11.946629522863205,5.99921751995476,-0.7423442316938806
11.946629522863205,6.397115162440709,-0.7423442316938806
11.946629522863205,6.7950128049266585,-0.7423442316938806
11.946629522863205,7.192910447412608,-0.7423442316938806
11.946629522863205,7.590808089898557,-0.7423442316938806
11.946629522863205,7.988705732384506,-0.7423442316938806
12.01218667949408,8.386603374870457,-0.7423442316938806
12.01218667949408,8.784501017356405,-0.7423442316938806
12.01218667949408,9.182398659842356,-0.7423442316938806
12.01218667949408,9.580296302328303,-0.7423442316938806
12.010108266206226,9.978193944814254,-0.7423442316938806
12.010108266206226,10.376091587300202,-0.7423442316938806
12.010108266206226,10.773989229786153,-0.7423442316938806
12.009915086508986,11.1718868722721,-0.7423442316938806
12.009915086508986,11.569784514758052,-0.7423442316938806
12.009915086508986,11.967682157243999,-0.7423442316938806
12.009915086508986,12.36557979972995,-0.7423442316938806
12.009915086508986,12.763477442215898,-0.7423442316938806
12.009915086508986,13.161375084701849,-0.7423442316938806
12.009915086508986,13.5592727271878,-0.7423442316938806
12.009915086508986,13.957170369673747,-0.7423442316938806
12.009915086508986,14.355068012159698,-0.7423442316938806
12.009915086508986,14.752965654645646,-0.7423442316938806
12.009915086508986,15.150863297131597,-0.7423442316938806
12.009915086508986,15.548760939617544,-0.7423442316938806
12.009915086508986,15.946658582103495,-0.7423442316938806
12.009915086508986,16.344556224589443,-0.7423442316938806
12.009915086508986,16.742453867075394,-0.7423442316938806
12.009915086508986,17.14035150956134,-0.7423442316938806
12.009915086508986,17.538249152047293,-0.7423442316938806
12.009915086508986,17.93614679453324,-0.7423442316938806
12.009915086508986,18.33404443701919,-0.7423442316938806
12.009915086508986,18.73194207950514,-0.7423442316938806
12.009915086508986,19.12983972199109,-0.7423442316938806
12.009915086508986,19.527737364477037,-0.7423442316938806
12.009915086508986,19.925635006962988,-0.7423442316938806
12.009915086508986,20.323532649448936,-0.7423442316938806
12.009915086508986,20.721430291934887,-0.7423442316938806
12.009915086508986,21.119327934420834,-0.7423442316938806
12.009915086508986,21.517225576906785,-0.7423442316938806
12.009915086508986,21.915123219392733,-0.7423442316938806
12.009915086508986,22.313020861878684,-0.7423442316938806
12.009915086508986,22.710918504364635,-0.7423442316938806
12.009915086508986,23.108816146850582,-0.7423442316938806
13.158605369745558,3.6118316650390634,-0.7049296471215583
13.158605369745558,4.009729307525013,-0.7049296471215583
11.946629522863205,4.407626950010962,-0.7049296471215583
11.946629522863205,4.805524592496912,-0.7049296471215583
11.946629522863205,5.203422234982861,-0.7049296471215583
11.946629522863205,5.601319877468811,-0.7049296471215583
11.946629522863205,5.99921751995476,-0.7049296471215583
11.946629522863205,6.397115162440709,-0.7049296471215583
11.946629522863205,6.7950128049266585,-0.7049296471215583
11.946629522863205,7.192910447412608,-0.7049296471215583
11.946629522863205,7.590808089898557,-0.7049296471215583
11.946629522863205,7.988705732384506,-0.7049296471215583
12.01218667949408,8.386603374870457,-0.7049296471215583
12.01218667949408,8.784501017356405,-0.7049296471215583
12.01218667949408,9.182398659842356,-0.7049296471215583
12.01218667949408,9.580296302328303,-0.7049296471215583
12.010108266206226,9.978193944814254,-0.7049296471215583
12.010108266206226,10.376091587300202,-0.7049296471215583
12.010108266206226,10.773989229786153,-0.7049296471215583
12.009915086508986,11.1718868722721,-0.7049296471215583
12.009915086508986,11.569784514758052,-0.7049296471215583
12.009915086508986,11.967682157243999,-0.7049296471215583
12.009915086508986,12.36557979972995,-0.7049296471215583
12.009915086508986,12.763477442215898,-0.7049296471215583
12.009915086508986,13.161375084701849,-0.7049296471215583
12.009915086508986,13.5592727271878,-0.7049296471215583
12.009915086508986,13.957170369673747,-0.7049296471215583
12.009915086508986,14.355068012159698,-0.7049296471215583
12.009915086508986,14.752965654645646,-0.7049296471215583
12.009915086508986,15.150863297131597,-0.7049296471215583
12.009915086508986,15.548760939617544,-0.7049296471215583
12.009915086508986,15.946658582103495,-0.7049296471215583
12.009915086508986,16.344556224589443,-0.7049296471215583
12.009915086508986,16.742453867075394,-0.7049296471215583
12.009915086508986,17.14035150956134,-0.7049296471215583
12.009915086508986,17.538249152047293,-0.7049296471215583
12.009915086508986,17.93614679453324,-0.7049296471215583
12.009915086508986,18.33404443701919,-0.7049296471215583
12.009915086508986,18.73194207950514,-0.7049296471215583
12.009915086508986,19.12983972199109,-0.7049296471215583
12.009915086508986,19.527737364477037,-0.7049296471215583
12.009915086508986,19.925635006962988,-0.7049296471215583
12.009915086508986,20.323532649448936,-0.7049296471215583
12.009915086508986,20.721430291934887,-0.7049296471215583
12.009915086508986,21.119327934420834,-0.7049296471215583
12.009915086508986,21.517225576906785,-0.7049296471215583
12.009915086508986,21.915123219392733,-0.7049296471215583
12.009915086508986,22.313020861878684,-0.7049296471215583
12.009915086508986,22.710918504364635,-0.7049296471215583
12.009915086508986,23.108816146850582,-0.7049296471215583
13.158605369745558,3.6118316650390634,-0.6675150625492359
13.158605369745558,4.009729307525013,-0.6675150625492359
11.946629522863205,4.407626950010962,-0.6675150625492359
11.946629522863205,4.805524592496912,-0.6675150625492359
11.946629522863205,5.203422234982861,-0.6675150625492359
11.946629522863205,5.601319877468811,-0.6675150625492359
11.946629522863205,5.99921751995476,-0.6675150625492359
11.946629522863205,6.397115162440709,-0.6675150625492359
11.946629522863205,6.7950128049266585,-0.6675150625492359
11.946629522863205,7.192910447412608,-0.6675150625492359
11.946629522863205,7.590808089898557,-0.6675150625492359
11.946629522863205,7.988705732384506,-0.6675150625492359
12.01218667949408,8.386603374870457,-0.6675150625492359
12.01218667949408,8.784501017356405,-0.6675150625492359
12.01218667949408,9.182398659842356,-0.6675150625492359
12.01218667949408,9.580296302328303,-0.6675150625492359
12.010108266206226,9.978193944814254,-0.6675150625492359
12.010108266206226,10.376091587300202,-0.6675150625492359
12.010108266206226,10.773989229786153,-0.6675150625492359
12.009915086508986,11.1718868722721,-0.6675150625492359
12.009915086508986,11.569784514758052,-0.6675150625492359
12.009915086508986,11.967682157243999,-0.6675150625492359
12.009915086508986,12.36557979972995,-0.6675150625492359
12.009915086508986,12.763477442215898,-0.6675150625492359
12.009915086508986,13.161375084701849,-0.6675150625492359
12.009915086508986,13.5592727271878,-0.6675150625492359
12.009915086508986,13.957170369673747,-0.6675150625492359
12.009915086508986,14.355068012159698,-0.6675150625492359
12.009915086508986,14.752965654645646,-0.6675150625492359
12.009915086508986,15.150863297131597,-0.6675150625492359
12.009915086508986,15.548760939617544,-0.6675150625492359
12.009915086508986,15.946658582103495,-0.6675150625492359
12.009915086508986,16.344556224589443,-0.6675150625492359
12.009915086508986,16.742453867075394,-0.6675150625492359
12.009915086508986,17.14035150956134,-0.6675150625492359
12.009915086508986,17.538249152047293,-0.6675150625492359
12.009915086508986,17.93614679453324,-0.6675150625492359
12.009915086508986,18.33404443701919,-0.6675150625492359
12.009915086508986,18.73194207950514,-0.6675150625492359
12.009915086508986,19.12983972199109,-0.6675150625492359
12.009915086508986,19.527737364477037,-0.6675150625492359
12.009915086508986,19.925635006962988,-0.6675150625492359
12.009915086508986,20.323532649448936,-0.6675150625492359
12.009915086508986,20.721430291934887,-0.6675150625492359
12.009915086508986,21.119327934420834,-0.6675150625492359
12.009915086508986,21.517225576906785,-0.6675150625492359
12.009915086508986,21.915123219392733,-0.6675150625492359
12.009915086508986,22.313020861878684,-0.6675150625492359
12.009915086508986,22.710918504364635,-0.6675150625492359
12.009915086508986,23.108816146850582,-0.6675150625492359
13.158605369745558,3.6118316650390634,-0.6301004779769135
13.158605369745558,4.009729307525013,-0.6301004779769135
11.946629522863205,4.407626950010962,-0.6301004779769135
11.946629522863205,4.805524592496912,-0.6301004779769135
11.946629522863205,5.203422234982861,-0.6301004779769135
11.946629522863205,5.601319877468811,-0.6301004779769135
11.946629522863205,5.99921751995476,-0.6301004779769135
11.946629522863205,6.397115162440709,-0.6301004779769135
11.946629522863205,6.7950128049266585,-0.6301004779769135
11.946629522863205,7.192910447412608,-0.6301004779769135
11.946629522863205,7.590808089898557,-0.6301004779769135
11.946629522863205,7.988705732384506,-0.6301004779769135
12.01218667949408,8.386603374870457,-0.6301004779769135
12.01218667949408,8.784501017356405,-0.6301004779769135
12.01218667949408,9.182398659842356,-0.6301004779769135
12.01218667949408,9.580296302328303,-0.6301004779769135
12.010108266206226,9.978193944814254,-0.6301004779769135
12.010108266206226,10.376091587300202,-0.6301004779769135
12.010108266206226,10.773989229786153,-0.6301004779769135
12.009915086508986,11.1718868722721,-0.6301004779769135
12.009915086508986,11.569784514758052,-0.6301004779769135
12.009915086508986,11.967682157243999,-0.6301004779769135
12.009915086508986,12.36557979972995,-0.6301004779769135
12.009915086508986,12.763477442215898,-0.6301004779769135
12.009915086508986,13.161375084701849,-0.6301004779769135
12.009915086508986,13.5592727271878,-0.6301004779769135
12.009915086508986,13.957170369673747,-0.6301004779769135
12.009915086508986,14.355068012159698,-0.6301004779769135
12.009915086508986,14.752965654645646,-0.6301004779769135
12.009915086508986,15.150863297131597,-0.6301004779769135
12.009915086508986,15.548760939617544,-0.6301004779769135
12.009915086508986,15.946658582103495,-0.6301004779769135
12.009915086508986,16.344556224589443,-0.6301004779769135
12.009915086508986,16.742453867075394,-0.6301004779769135
12.009915086508986,17.14035150956134,-0.6301004779769135
12.009915086508986,17.538249152047293,-0.6301004779769135
12.009915086508986,17.93614679453324,-0.6301004779769135
12.009915086508986,18.33404443701919,-0.6301004779769135
12.009915086508986,18.73194207950514,-0.6301004779769135
12.009915086508986,19.12983972199109,-0.6301004779769135
12.009915086508986,19.527737364477037,-0.6301004779769135
12.009915086508986,19.925635006962988,-0.6301004779769135
12.009915086508986,20.323532649448936,-0.6301004779769135
12.009915086508986,20.721430291934887,-0.6301004779769135
12.009915086508986,21.119327934420834,-0.6301004779769135
12.009915086508986,21.517225576906785,-0.6301004779769135
12.009915086508986,21.915123219392733,-0.6301004779769135
12.009915086508986,22.313020861878684,-0.6301004779769135
12.009915086508986,22.710918504364635,-0.6301004779769135
12.009915086508986,23.108816146850582,-0.6301004779769135
13.158605369745558,3.6118316650390634,-0.5926858934045911
13.158605369745558,4.009729307525013,-0.5926858934045911
11.946629522863205,4.407626950010962,-0.5926858934045911
11.946629522863205,4.805524592496912,-0.5926858934045911
11.946629522863205,5.203422234982861,-0.5926858934045911
11.946629522863205,5.601319877468811,-0.5926858934045911
11.946629522863205,5.99921751995476,-0.5926858934045911
11.946629522863205,6.397115162440709,-0.5926858934045911
11.946629522863205,6.7950128049266585,-0.5926858934045911
11.946629522863205,7.192910447412608,-0.5926858934045911
11.946629522863205,7.590808089898557,-0.5926858934045911
11.946629522863205,7.988705732384506,-0.5926858934045911
12.01218667949408,8.386603374870457,-0.5926858934045911
12.01218667949408,8.784501017356405,-0.5926858934045911
12.01218667949408,9.182398659842356,-0.5926858934045911
12.01218667949408,9.580296302328303,-0.5926858934045911
12.010108266206226,9.978193944814254,-0.5926858934045911
12.010108266206226,10.376091587300202,-0.5926858934045911
12.010108266206226,10.773989229786153,-0.5926858934045911
12.009915086508986,11.1718868722721,-0.5926858934045911
12.009915086508986,11.569784514758052,-0.5926858934045911
12.009915086508986,11.967682157243999,-0.5926858934045911
12.009915086508986,12.36557979972995,-0.5926858934045911
12.009915086508986,12.763477442215898,-0.5926858934045911
12.009915086508986,13.161375084701849,-0.5926858934045911
12.009915086508986,13.5592727271878,-0.5926858934045911
12.009915086508986,13.957170369673747,-0.5926858934045911
12.009915086508986,14.355068012159698,-0.5926858934045911
12.009915086508986,14.752965654645646,-0.5926858934045911
12.009915086508986,15.150863297131597,-0.5926858934045911
12.009915086508986,15.548760939617544,-0.5926858934045911
12.009915086508986,15.946658582103495,-0.5926858934045911
12.009915086508986,16.344556224589443,-0.5926858934045911
12.009915086508986,16.742453867075394,-0.5926858934045911
12.009915086508986,17.14035150956134,-0.5926858934045911
12.009915086508986,17.538249152047293,-0.5926858934045911
12.009915086508986,17.93614679453324,-0.5926858934045911
12.009915086508986,18.33404443701919,-0.5926858934045911
12.009915086508986,18.73194207950514,-0.5926858934045911
12.009915086508986,19.12983972199109,-0.5926858934045911
12.009915086508986,19.527737364477037,-0.5926858934045911
12.009915086508986,19.925635006962988,-0.5926858934045911
12.009915086508986,20.323532649448936,-0.5926858934045911
12.009915086508986,20.721430291934887,-0.5926858934045911
12.009915086508986,21.119327934420834,-0.5926858934045911
12.009915086508986,21.517225576906785,-0.5926858934045911
12.009915086508986,21.915123219392733,-0.5926858934045911
12.009915086508986,22.313020861878684,-0.5926858934045911
12.009915086508986,22.710918504364635,-0.5926858934045911
12.009915086508986,23.108816146850582,-0.5926858934045911
13.158605369745558,3.6118316650390634,-0.5552713088322687
13.158605369745558,4.009729307525013,-0.5552713088322687
11.946629522863205,4.407626950010962,-0.5552713088322687
11.946629522863205,4.805524592496912,-0.5552713088322687
11.946629522863205,5.203422234982861,-0.5552713088322687
11.946629522863205,5.601319877468811,-0.5552713088322687
11.946629522863205,5.99921751995476,-0.5552713088322687
11.946629522863205,6.397115162440709,-0.5552713088322687
11.946629522863205,6.7950128049266585,-0.5552713088322687
11.946629522863205,7.192910447412608,-0.5552713088322687
11.946629522863205,7.590808089898557,-0.5552713088322687
11.946629522863205,7.988705732384506,-0.5552713088322687
12.01218667949408,8.386603374870457,-0.5552713088322687
12.01218667949408,8.784501017356405,-0.5552713088322687
12.01218667949408,9.182398659842356,-0.5552713088322687
12.01218667949408,9.580296302328303,-0.5552713088322687
12.010108266206226,9.978193944814254,-0.5552713088322687
12.010108266206226,10.376091587300202,-0.5552713088322687
12.010108266206226,10.773989229786153,-0.5552713088322687
12.009915086508986,11.1718868722721,-0.5552713088322687
12.009915086508986,11.569784514758052,-0.5552713088322687
12.009915086508986,11.967682157243999,-0.5552713088322687
12.009915086508986,12.36557979972995,-0.5552713088322687
12.009915086508986,12.763477442215898,-0.5552713088322687
12.009915086508986,13.161375084701849,-0.5552713088322687
12.009915086508986,13.5592727271878,-0.5552713088322687
12.009915086508986,13.957170369673747,-0.5552713088322687
12.009915086508986,14.355068012159698,-0.5552713088322687
12.009915086508986,14.752965654645646,-0.5552713088322687
12.009915086508986,15.150863297131597,-0.5552713088322687
12.009915086508986,15.548760939617544,-0.5552713088322687
12.009915086508986,15.946658582103495,-0.5552713088322687
12.009915086508986,16.344556224589443,-0.5552713088322687
12.009915086508986,16.742453867075394,-0.5552713088322687
12.009915086508986,17.14035150956134,-0.5552713088322687
12.009915086508986,17.538249152047293,-0.5552713088322687
12.009915086508986,17.93614679453324,-0.5552713088322687
12.009915086508986,18.33404443701919,-0.5552713088322687
12.009915086508986,18.73194207950514,-0.5552713088322687
12.009915086508986,19.12983972199109,-0.5552713088322687
12.009915086508986,19.527737364477037,-0.5552713088322687
12.009915086508986,19.925635006962988,-0.5552713088322687
12.009915086508986,20.323532649448936,-0.5552713088322687
12.009915086508986,20.721430291934887,-0.5552713088322687
12.009915086508986,21.119327934420834,-0.5552713088322687
12.009915086508986,21.517225576906785,-0.5552713088322687
12.009915086508986,21.915123219392733,-0.5552713088322687
12.009915086508986,22.313020861878684,-0.5552713088322687
12.009915086508986,22.710918504364635,-0.5552713088322687
12.009915086508986,23.108816146850582,-0.5552713088322687
13.158605369745558,3.6118316650390634,-0.5178567242599463
13.158605369745558,4.009729307525013,-0.5178567242599463
11.946629522863205,4.407626950010962,-0.5178567242599463
11.946629522863205,4.805524592496912,-0.5178567242599463
11.946629522863205,5.203422234982861,-0.5178567242599463
11.946629522863205,5.601319877468811,-0.5178567242599463
11.946629522863205,5.99921751995476,-0.5178567242599463
11.946629522863205,6.397115162440709,-0.5178567242599463
11.946629522863205,6.7950128049266585,-0.5178567242599463
11.946629522863205,7.192910447412608,-0.5178567242599463
11.946629522863205,7.590808089898557,-0.5178567242599463
11.946629522863205,7.988705732384506,-0.5178567242599463
12.01218667949408,8.386603374870457,-0.5178567242599463
12.01218667949408,8.784501017356405,-0.5178567242599463
12.01218667949408,9.182398659842356,-0.5178567242599463
12.01218667949408,9.580296302328303,-0.5178567242599463
12.010108266206226,9.978193944814254,-0.5178567242599463
12.010108266206226,10.376091587300202,-0.5178567242599463
12.010108266206226,10.773989229786153,-0.5178567242599463
12.009915086508986,11.1718868722721,-0.5178567242599463
12.009915086508986,11.569784514758052,-0.5178567242599463
12.009915086508986,11.967682157243999,-0.5178567242599463
12.009915086508986,12.36557979972995,-0.5178567242599463
12.009915086508986,12.763477442215898,-0.5178567242599463
12.009915086508986,13.161375084701849,-0.5178567242599463
12.009915086508986,13.5592727271878,-0.5178567242599463
12.009915086508986,13.957170369673747,-0.5178567242599463
12.009915086508986,14.355068012159698,-0.5178567242599463
12.009915086508986,14.752965654645646,-0.5178567242599463
12.009915086508986,15.150863297131597,-0.5178567242599463
12.009915086508986,15.548760939617544,-0.5178567242599463
12.009915086508986,15.946658582103495,-0.5178567242599463
12.009915086508986,16.344556224589443,-0.5178567242599463
12.009915086508986,16.742453867075394,-0.5178567242599463
12.009915086508986,17.14035150956134,-0.5178567242599463
12.009915086508986,17.538249152047293,-0.5178567242599463
12.009915086508986,17.93614679453324,-0.5178567242599463
12.009915086508986,18.33404443701919,-0.5178567242599463
12.009915086508986,18.73194207950514,-0.5178567242599463
12.009915086508986,19.12983972199109,-0.5178567242599463
12.009915086508986,19.527737364477037,-0.5178567242599463
12.009915086508986,19.925635006962988,-0.5178567242599463
12.009915086508986,20.323532649448936,-0.5178567242599463
12.009915086508986,20.721430291934887,-0.5178567242599463
12.009915086508986,21.119327934420834,-0.5178567242599463
12.009915086508986,21.517225576906785,-0.5178567242599463
12.009915086508986,21.915123219392733,-0.5178567242599463
12.009915086508986,22.313020861878684,-0.5178567242599463
12.009915086508986,22.710918504364635,-0.5178567242599463
12.009915086508986,23.108816146850582,-0.5178567242599463
13.158605369745558,3.6118316650390634,-0.48044213968762395
13.158605369745558,4.009729307525013,-0.48044213968762395
11.946629522863205,4.407626950010962,-0.48044213968762395
11.946629522863205,4.805524592496912,-0.48044213968762395
11.946629522863205,5.203422234982861,-0.48044213968762395
11.946629522863205,5.601319877468811,-0.48044213968762395
11.946629522863205,5.99921751995476,-0.48044213968762395
11.946629522863205,6.397115162440709,-0.48044213968762395
11.946629522863205,6.7950128049266585,-0.48044213968762395
11.946629522863205,7.192910447412608,-0.48044213968762395
11.946629522863205,7.590808089898557,-0.48044213968762395
11.946629522863205,7.988705732384506,-0.48044213968762395
12.01218667949408,8.386603374870457,-0.48044213968762395
12.01218667949408,8.784501017356405,-0.48044213968762395
12.01218667949408,9.182398659842356,-0.48044213968762395
12.01218667949408,9.580296302328303,-0.48044213968762395
12.010108266206226,9.978193944814254,-0.48044213968762395
12.010108266206226,10.376091587300202,-0.48044213968762395
12.010108266206226,10.773989229786153,-0.48044213968762395
12.009915086508986,11.1718868722721,-0.48044213968762395
12.009915086508986,11.569784514758052,-0.48044213968762395
12.009915086508986,11.967682157243999,-0.48044213968762395
12.009915086508986,12.36557979972995,-0.48044213968762395
12.009915086508986,12.763477442215898,-0.48044213968762395
12.009915086508986,13.161375084701849,-0.48044213968762395
12.009915086508986,13.5592727271878,-0.48044213968762395
12.009915086508986,13.957170369673747,-0.48044213968762395
12.009915086508986,14.355068012159698,-0.48044213968762395
12.009915086508986,14.752965654645646,-0.48044213968762395
12.009915086508986,15.150863297131597,-0.48044213968762395
12.009915086508986,15.548760939617544,-0.48044213968762395
12.009915086508986,15.946658582103495,-0.48044213968762395
12.009915086508986,16.344556224589443,-0.48044213968762395
12.009915086508986,16.742453867075394,-0.48044213968762395
12.009915086508986,17.14035150956134,-0.48044213968762395
12.009915086508986,17.538249152047293,-0.48044213968762395
12.009915086508986,17.93614679453324,-0.48044213968762395
12.009915086508986,18.33404443701919,-0.48044213968762395
12.009915086508986,18.73194207950514,-0.48044213968762395
12.009915086508986,19.12983972199109,-0.48044213968762395
12.009915086508986,19.527737364477037,-0.48044213968762395
12.009915086508986,19.925635006962988,-0.48044213968762395
12.009915086508986,20.323532649448936,-0.48044213968762395
12.009915086508986,20.721430291934887,-0.48044213968762395
12.009915086508986,21.119327934420834,-0.48044213968762395
12.009915086508986,21.517225576906785,-0.48044213968762395
12.009915086508986,21.915123219392733,-0.48044213968762395
12.009915086508986,22.313020861878684,-0.48044213968762395
12.009915086508986,22.710918504364635,-0.48044213968762395
12.009915086508986,23.108816146850582,-0.48044213968762395
13.158605369745558,3.6118316650390634,-0.4430275551153018
13.158605369745558,4.009729307525013,-0.4430275551153018
11.946629522863205,4.407626950010962,-0.4430275551153018
11.946629522863205,4.805524592496912,-0.4430275551153018
11.946629522863205,5.203422234982861,-0.4430275551153018
11.946629522863205,5.601319877468811,-0.4430275551153018
11.946629522863205,5.99921751995476,-0.4430275551153018
11.946629522863205,6.397115162440709,-0.4430275551153018
11.946629522863205,6.7950128049266585,-0.4430275551153018
11.946629522863205,7.192910447412608,-0.4430275551153018
11.946629522863205,7.590808089898557,-0.4430275551153018
11.946629522863205,7.988705732384506,-0.4430275551153018
12.01218667949408,8.386603374870457,-0.4430275551153018
12.01218667949408,8.784501017356405,-0.4430275551153018
12.01218667949408,9.182398659842356,-0.4430275551153018
12.01218667949408,9.580296302328303,-0.4430275551153018
12.010108266206226,9.978193944814254,-0.4430275551153018
12.010108266206226,10.376091587300202,-0.4430275551153018
12.010108266206226,10.773989229786153,-0.4430275551153018
12.009915086508986,11.1718868722721,-0.4430275551153018
12.009915086508986,11.569784514758052,-0.4430275551153018
12.009915086508986,11.967682157243999,-0.4430275551153018
12.009915086508986,12.36557979972995,-0.4430275551153018
12.009915086508986,12.763477442215898,-0.4430275551153018
12.009915086508986,13.161375084701849,-0.4430275551153018
12.009915086508986,13.5592727271878,-0.4430275551153018
12.009915086508986,13.957170369673747,-0.4430275551153018
12.009915086508986,14.355068012159698,-0.4430275551153018
12.009915086508986,14.752965654645646,-0.4430275551153018
12.009915086508986,15.150863297131597,-0.4430275551153018
12.009915086508986,15.548760939617544,-0.4430275551153018
12.009915086508986,15.946658582103495,-0.4430275551153018
12.009915086508986,16.344556224589443,-0.4430275551153018
12.009915086508986,16.742453867075394,-0.4430275551153018
12.009915086508986,17.14035150956134,-0.4430275551153018
12.009915086508986,17.538249152047293,-0.4430275551153018
12.009915086508986,17.93614679453324,-0.4430275551153018
12.009915086508986,18.33404443701919,-0.4430275551153018
12.009915086508986,18.73194207950514,-0.4430275551153018
12.009915086508986,19.12983972199109,-0.4430275551153018
12.009915086508986,19.527737364477037,-0.4430275551153018
12.009915086508986,19.925635006962988,-0.4430275551153018
12.009915086508986,20.323532649448936,-0.4430275551153018
12.009915086508986,20.721430291934887,-0.4430275551153018
12.009915086508986,21.119327934420834,-0.4430275551153018
12.009915086508986,21.517225576906785,-0.4430275551153018
12.009915086508986,21.915123219392733,-0.4430275551153018
12.009915086508986,22.313020861878684,-0.4430275551153018
12.009915086508986,22.710918504364635,-0.4430275551153018
12.009915086508986,23.108816146850582,-0.4430275551153018
13.158605369745558,3.6118316650390634,-0.4056129705429794
13.158605369745558,4.009729307525013,-0.4056129705429794
11.946629522863205,4.407626950010962,-0.4056129705429794
11.946629522863205,4.805524592496912,-0.4056129705429794
11.946629522863205,5.203422234982861,-0.4056129705429794
11.946629522863205,5.601319877468811,-0.4056129705429794
11.946629522863205,5.99921751995476,-0.4056129705429794
11.946629522863205,6.397115162440709,-0.4056129705429794
11.946629522863205,6.7950128049266585,-0.4056129705429794
11.946629522863205,7.192910447412608,-0.4056129705429794
11.946629522863205,7.590808089898557,-0.4056129705429794
11.946629522863205,7.988705732384506,-0.4056129705429794
12.01218667949408,8.386603374870457,-0.4056129705429794
12.01218667949408,8.784501017356405,-0.4056129705429794
12.01218667949408,9.182398659842356,-0.4056129705429794
12.01218667949408,9.580296302328303,-0.4056129705429794
12.010108266206226,9.978193944814254,-0.4056129705429794
12.010108266206226,10.376091587300202,-0.4056129705429794
12.010108266206226,10.773989229786153,-0.4056129705429794
12.009915086508986,11.1718868722721,-0.4056129705429794
12.009915086508986,11.569784514758052,-0.4056129705429794
12.009915086508986,11.967682157243999,-0.4056129705429794
12.009915086508986,12.36557979972995,-0.4056129705429794
12.009915086508986,12.763477442215898,-0.4056129705429794
12.009915086508986,13.161375084701849,-0.4056129705429794
12.009915086508986,13.5592727271878,-0.4056129705429794
12.009915086508986,13.957170369673747,-0.4056129705429794
12.009915086508986,14.355068012159698,-0.4056129705429794
12.009915086508986,14.752965654645646,-0.4056129705429794
12.009915086508986,15.150863297131597,-0.4056129705429794
12.009915086508986,15.548760939617544,-0.4056129705429794
12.009915086508986,15.946658582103495,-0.4056129705429794
12.009915086508986,16.344556224589443,-0.4056129705429794
12.009915086508986,16.742453867075394,-0.4056129705429794
12.009915086508986,17.14035150956134,-0.4056129705429794
12.009915086508986,17.538249152047293,-0.4056129705429794
12.009915086508986,17.93614679453324,-0.4056129705429794
12.009915086508986,18.33404443701919,-0.4056129705429794
12.009915086508986,18.73194207950514,-0.4056129705429794
12.009915086508986,19.12983972199109,-0.4056129705429794
12.009915086508986,19.527737364477037,-0.4056129705429794
12.009915086508986,19.925635006962988,-0.4056129705429794
12.009915086508986,20.323532649448936,-0.4056129705429794
12.009915086508986,20.721430291934887,-0.4056129705429794
12.009915086508986,21.119327934420834,-0.4056129705429794
12.009915086508986,21.517225576906785,-0.4056129705429794
12.009915086508986,21.915123219392733,-0.4056129705429794
12.009915086508986,22.313020861878684,-0.4056129705429794
12.009915086508986,22.710918504364635,-0.4056129705429794
12.009915086508986,23.108816146850582,-0.4056129705429794
13.158605369745558,3.6118316650390634,-0.368198385970657
13.158605369745558,4.009729307525013,-0.368198385970657
11.946629522863205,4.407626950010962,-0.368198385970657
11.946629522863205,4.805524592496912,-0.368198385970657
11.946629522863205,5.203422234982861,-0.368198385970657
11.946629522863205,5.601319877468811,-0.368198385970657
11.946629522863205,5.99921751995476,-0.368198385970657
11.946629522863205,6.397115162440709,-0.368198385970657
11.946629522863205,6.7950128049266585,-0.368198385970657
11.946629522863205,7.192910447412608,-0.368198385970657
11.946629522863205,7.590808089898557,-0.368198385970657
11.946629522863205,7.988705732384506,-0.368198385970657
12.01218667949408,8.386603374870457,-0.368198385970657
12.01218667949408,8.784501017356405,-0.368198385970657
12.01218667949408,9.182398659842356,-0.368198385970657
12.01218667949408,9.580296302328303,-0.368198385970657
12.010108266206226,9.978193944814254,-0.368198385970657
12.010108266206226,10.376091587300202,-0.368198385970657
12.010108266206226,10.773989229786153,-0.368198385970657
12.009915086508986,11.1718868722721,-0.368198385970657
12.009915086508986,11.569784514758052,-0.368198385970657
12.009915086508986,11.967682157243999,-0.368198385970657
12.009915086508986,12.36557979972995,-0.368198385970657
12.009915086508986,12.763477442215898,-0.368198385970657
12.009915086508986,13.161375084701849,-0.368198385970657
12.009915086508986,13.5592727271878,-0.368198385970657
12.009915086508986,13.957170369673747,-0.368198385970657
12.009915086508986,14.355068012159698,-0.368198385970657
12.009915086508986,14.752965654645646,-0.368198385970657
12.009915086508986,15.150863297131597,-0.368198385970657
12.009915086508986,15.548760939617544,-0.368198385970657
12.009915086508986,15.946658582103495,-0.368198385970657
12.009915086508986,16.344556224589443,-0.368198385970657
12.009915086508986,16.742453867075394,-0.368198385970657
12.009915086508986,17.14035150956134,-0.368198385970657
12.009915086508986,17.538249152047293,-0.368198385970657
12.009915086508986,17.93614679453324,-0.368198385970657
12.009915086508986,18.33404443701919,-0.368198385970657
12.009915086508986,18.73194207950514,-0.368198385970657
12.009915086508986,19.12983972199109,-0.368198385970657
12.009915086508986,19.527737364477037,-0.368198385970657
12.009915086508986,19.925635006962988,-0.368198385970657
12.009915086508986,20.323532649448936,-0.368198385970657
12.009915086508986,20.721430291934887,-0.368198385970657
12.009915086508986,21.119327934420834,-0.368198385970657
12.009915086508986,21.517225576906785,-0.368198385970657
12.009915086508986,21.915123219392733,-0.368198385970657
12.009915086508986,22.313020861878684,-0.368198385970657
12.009915086508986,22.710918504364635,-0.368198385970657
12.009915086508986,23.108816146850582,-0.368198385970657
13.158605369745558,3.6118316650390634,-0.33078380139833463
13.158605369745558,4.009729307525013,-0.33078380139833463
11.946629522863205,4.407626950010962,-0.33078380139833463
11.946629522863205,4.805524592496912,-0.33078380139833463
11.946629522863205,5.203422234982861,-0.33078380139833463
11.946629522863205,5.601319877468811,-0.33078380139833463
11.946629522863205,5.99921751995476,-0.33078380139833463
11.946629522863205,6.397115162440709,-0.33078380139833463
11.946629522863205,6.7950128049266585,-0.33078380139833463
11.946629522863205,7.192910447412608,-0.33078380139833463
11.946629522863205,7.590808089898557,-0.33078380139833463
11.946629522863205,7.988705732384506,-0.33078380139833463
12.01218667949408,8.386603374870457,-0.33078380139833463
12.01218667949408,8.784501017356405,-0.33078380139833463
12.01218667949408,9.182398659842356,-0.33078380139833463
12.01218667949408,9.580296302328303,-0.33078380139833463
12.010108266206226,9.978193944814254,-0.33078380139833463
12.010108266206226,10.376091587300202,-0.33078380139833463
12.010108266206226,10.773989229786153,-0.33078380139833463
12.009915086508986,11.1718868722721,-0.33078380139833463
12.009915086508986,11.569784514758052,-0.33078380139833463
12.009915086508986,11.967682157243999,-0.33078380139833463
12.009915086508986,12.36557979972995,-0.33078380139833463
12.009915086508986,12.763477442215898,-0.33078380139833463
12.009915086508986,13.161375084701849,-0.33078380139833463
12.009915086508986,13.5592727271878,-0.33078380139833463
12.009915086508986,13.957170369673747,-0.33078380139833463
12.009915086508986,14.355068012159698,-0.33078380139833463
12.009915086508986,14.752965654645646,-0.33078380139833463
12.009915086508986,15.150863297131597,-0.33078380139833463
12.009915086508986,15.548760939617544,-0.33078380139833463
12.009915086508986,15.946658582103495,-0.33078380139833463
12.009915086508986,16.344556224589443,-0.33078380139833463
12.009915086508986,16.742453867075394,-0.33078380139833463
12.009915086508986,17.14035150956134,-0.33078380139833463
12.009915086508986,17.538249152047293,-0.33078380139833463
12.009915086508986,17.93614679453324,-0.33078380139833463
12.009915086508986,18.33404443701919,-0.33078380139833463
12.009915086508986,18.73194207950514,-0.33078380139833463
12.009915086508986,19.12983972199109,-0.33078380139833463
12.009915086508986,19.527737364477037,-0.33078380139833463
12.009915086508986,19.925635006962988,-0.33078380139833463
12.009915086508986,20.323532649448936,-0.33078380139833463
12.009915086508986,20.721430291934887,-0.33078380139833463
12.009915086508986,21.119327934420834,-0.33078380139833463
12.009915086508986,21.517225576906785,-0.33078380139833463
12.009915086508986,21.915123219392733,-0.33078380139833463
12.009915086508986,22.313020861878684,-0.33078380139833463
12.009915086508986,22.710918504364635,-0.33078380139833463
12.009915086508986,23.108816146850582,-0.33078380139833463
13.331999248101713,3.6118316650390634,-0.29336921682601225
13.331999248101713,4.009729307525013,-0.29336921682601225
12.11914866393529,4.407626950010962,-0.29336921682601225
12.11914866393529,4.805524592496912,-0.29336921682601225
12.11914866393529,5.203422234982861,-0.29336921682601225
12.11914866393529,5.601319877468811,-0.29336921682601225
12.11914866393529,5.99921751995476,-0.29336921682601225
12.11914866393529,6.397115162440709,-0.29336921682601225
12.11914866393529,6.7950128049266585,-0.29336921682601225
12.11914866393529,7.192910447412608,-0.29336921682601225
12.11914866393529,7.590808089898557,-0.29336921682601225
12.11914866393529,7.988705732384506,-0.29336921682601225
12.198508849755461,8.386603374870457,-0.29336921682601225
12.198508849755461,8.784501017356405,-0.29336921682601225
12.198508849755461,9.182398659842356,-0.29336921682601225
12.198508849755461,9.580296302328303,-0.29336921682601225
12.196394117779471,9.978193944814254,-0.29336921682601225
12.196394117779471,10.376091587300202,-0.29336921682601225
12.196394117779471,10.773989229786153,-0.29336921682601225
12.196200554944003,11.1718868722721,-0.29336921682601225
12.196200554944003,11.569784514758052,-0.29336921682601225
12.196200554944003,11.967682157243999,-0.29336921682601225
12.196200554944003,12.36557979972995,-0.29336921682601225
12.196200554944003,12.763477442215898,-0.29336921682601225
12.196200554944003,13.161375084701849,-0.29336921682601225
12.196200554944003,13.5592727271878,-0.29336921682601225
12.196200554944003,13.957170369673747,-0.29336921682601225
12.196200554944003,14.355068012159698,-0.29336921682601225
12.196200554944003,14.752965654645646,-0.29336921682601225
12.196200554944003,15.150863297131597,-0.29336921682601225
12.196200554944003,15.548760939617544,-0.29336921682601225
12.196200554944003,15.946658582103495,-0.29336921682601225
12.196200554944003,16.344556224589443,-0.29336921682601225
12.196200554944003,16.742453867075394,-0.29336921682601225
12.196200554944003,17.14035150956134,-0.29336921682601225
12.196200554944003,17.538249152047293,-0.29336921682601225
12.196200554944003,17.93614679453324,-0.29336921682601225
12.196200554944003,18.33404443701919,-0.29336921682601225
12.196200554944003,18.73194207950514,-0.29336921682601225
12.196200554944003,19.12983972199109,-0.29336921682601225
12.196200554944003,19.527737364477037,-0.29336921682601225
12.196200554944003,19.925635006962988,-0.29336921682601225
12.196200554944003,20.323532649448936,-0.29336921682601225
12.196200554944003,20.721430291934887,-0.29336921682601225
12.196200554944003,21.119327934420834,-0.29336921682601225
12.196200554944003,21.517225576906785,-0.29336921682601225
12.196200554944003,21.915123219392733,-0.29336921682601225
12.196200554944003,22.313020861878684,-0.29336921682601225
12.196200554944003,22.710918504364635,-0.29336921682601225
12.196200554944003,23.108816146850582,-0.29336921682601225
13.331999248101713,3.6118316650390634,-0.25595463225368986
13.331999248101713,4.009729307525013,-0.25595463225368986
12.11914866393529,4.407626950010962,-0.25595463225368986
12.11914866393529,4.805524592496912,-0.25595463225368986
12.11914866393529,5.203422234982861,-0.25595463225368986
12.11914866393529,5.601319877468811,-0.25595463225368986
12.11914866393529,5.99921751995476,-0.25595463225368986
12.11914866393529,6.397115162440709,-0.25595463225368986
12.11914866393529,6.7950128049266585,-0.25595463225368986
12.11914866393529,7.192910447412608,-0.25595463225368986
12.11914866393529,7.590808089898557,-0.25595463225368986
12.11914866393529,7.988705732384506,-0.25595463225368986
12.198508849755461,8.386603374870457,-0.25595463225368986
12.198508849755461,8.784501017356405,-0.25595463225368986
12.198508849755461,9.182398659842356,-0.25595463225368986
12.198508849755461,9.580296302328303,-0.25595463225368986
12.196394117779471,9.978193944814254,-0.25595463225368986
12.196394117779471,10.376091587300202,-0.25595463225368986
12.196394117779471,10.773989229786153,-0.25595463225368986
12.196200554944003,11.1718868722721,-0.25595463225368986
12.196200554944003,11.569784514758052,-0.25595463225368986
12.196200554944003,11.967682157243999,-0.25595463225368986
12.196200554944003,12.36557979972995,-0.25595463225368986
12.196200554944003,12.763477442215898,-0.25595463225368986
12.196200554944003,13.161375084701849,-0.25595463225368986
12.196200554944003,13.5592727271878,-0.25595463225368986
12.196200554944003,13.957170369673747,-0.25595463225368986
12.196200554944003,14.355068012159698,-0.25595463225368986
12.196200554944003,14.752965654645646,-0.25595463225368986
12.196200554944003,15.150863297131597,-0.25595463225368986
12.196200554944003,15.548760939617544,-0.25595463225368986
12.196200554944003,15.946658582103495,-0.25595463225368986
12.196200554944003,16.344556224589443,-0.25595463225368986
12.196200554944003,16.742453867075394,-0.25595463225368986
12.196200554944003,17.14035150956134,-0.25595463225368986
12.196200554944003,17.538249152047293,-0.25595463225368986
12.196200554944003,17.93614679453324,-0.25595463225368986
12.196200554944003,18.33404443701919,-0.25595463225368986
12.196200554944003,18.73194207950514,-0.25595463225368986
12.196200554944003,19.12983972199109,-0.25595463225368986
12.196200554944003,19.527737364477037,-0.25595463225368986
12.196200554944003,19.925635006962988,-0.25595463225368986
12.196200554944003,20.323532649448936,-0.25595463225368986
12.196200554944003,20.721430291934887,-0.25595463225368986
12.196200554944003,21.119327934420834,-0.25595463225368986
12.196200554944003,21.517225576906785,-0.25595463225368986
12.196200554944003,21.915123219392733,-0.25595463225368986
12.196200554944003,22.313020861878684,-0.25595463225368986
12.196200554944003,22.710918504364635,-0.25595463225368986
12.196200554944003,23.108816146850582,-0.25595463225368986
13.331999248101713,3.6118316650390634,-0.21854004768136748
13.331999248101713,4.009729307525013,-0.21854004768136748
12.11914866393529,4.407626950010962,-0.21854004768136748
12.11914866393529,4.805524592496912,-0.21854004768136748
12.11914866393529,5.203422234982861,-0.21854004768136748
12.11914866393529,5.601319877468811,-0.21854004768136748
12.11914866393529,5.99921751995476,-0.21854004768136748
12.11914866393529,6.397115162440709,-0.21854004768136748
12.11914866393529,6.7950128049266585,-0.21854004768136748
12.11914866393529,7.192910447412608,-0.21854004768136748
12.11914866393529,7.590808089898557,-0.21854004768136748
12.11914866393529,7.988705732384506,-0.21854004768136748
12.198508849755461,8.386603374870457,-0.21854004768136748
12.198508849755461,8.784501017356405,-0.21854004768136748
12.198508849755461,9.182398659842356,-0.21854004768136748
12.198508849755461,9.580296302328303,-0.21854004768136748
12.196394117779471,9.978193944814254,-0.21854004768136748
12.196394117779471,10.376091587300202,-0.21854004768136748
12.196394117779471,10.773989229786153,-0.21854004768136748
12.196200554944003,11.1718868722721,-0.21854004768136748
12.196200554944003,11.569784514758052,-0.21854004768136748
12.196200554944003,11.967682157243999,-0.21854004768136748
12.196200554944003,12.36557979972995,-0.21854004768136748
12.196200554944003,12.763477442215898,-0.21854004768136748
12.196200554944003,13.161375084701849,-0.21854004768136748
12.196200554944003,13.5592727271878,-0.21854004768136748
12.196200554944003,13.957170369673747,-0.21854004768136748
12.196200554944003,14.355068012159698,-0.21854004768136748
12.196200554944003,14.752965654645646,-0.21854004768136748
12.196200554944003,15.150863297131597,-0.21854004768136748
12.196200554944003,15.548760939617544,-0.21854004768136748
12.196200554944003,15.946658582103495,-0.21854004768136748
12.196200554944003,16.344556224589443,-0.21854004768136748
12.196200554944003,16.742453867075394,-0.21854004768136748
12.196200554944003,17.14035150956134,-0.21854004768136748
12.196200554944003,17.538249152047293,-0.21854004768136748
12.196200554944003,17.93614679453324,-0.21854004768136748
12.196200554944003,18.33404443701919,-0.21854004768136748
12.196200554944003,18.73194207950514,-0.21854004768136748
12.196200554944003,19.12983972199109,-0.21854004768136748
12.196200554944003,19.527737364477037,-0.21854004768136748
12.196200554944003,19.925635006962988,-0.21854004768136748
12.196200554944003,20.323532649448936,-0.21854004768136748
12.196200554944003,20.721430291934887,-0.21854004768136748
12.196200554944003,21.119327934420834,-0.21854004768136748
12.196200554944003,21.517225576906785,-0.21854004768136748
12.196200554944003,21.915123219392733,-0.21854004768136748
12.196200554944003,22.313020861878684,-0.21854004768136748
12.196200554944003,22.710918504364635,-0.21854004768136748
12.196200554944003,23.108816146850582,-0.21854004768136748
13.331999248101713,3.6118316650390634,-0.1811254631090451
13.331999248101713,4.009729307525013,-0.1811254631090451
12.11914866393529,4.407626950010962,-0.1811254631090451
12.11914866393529,4.805524592496912,-0.1811254631090451
12.11914866393529,5.203422234982861,-0.1811254631090451
12.11914866393529,5.601319877468811,-0.1811254631090451
12.11914866393529,5.99921751995476,-0.1811254631090451
12.11914866393529,6.397115162440709,-0.1811254631090451
12.11914866393529,6.7950128049266585,-0.1811254631090451
12.11914866393529,7.192910447412608,-0.1811254631090451
12.11914866393529,7.590808089898557,-0.1811254631090451
12.11914866393529,7.988705732384506,-0.1811254631090451
12.198508849755461,8.386603374870457,-0.1811254631090451
12.198508849755461,8.784501017356405,-0.1811254631090451
12.198508849755461,9.182398659842356,-0.1811254631090451
12.198508849755461,9.580296302328303,-0.1811254631090451
12.196394117779471,9.978193944814254,-0.1811254631090451
12.196394117779471,10.376091587300202,-0.1811254631090451
12.196394117779471,10.773989229786153,-0.1811254631090451
12.196200554944003,11.1718868722721,-0.1811254631090451
12.196200554944003,11.569784514758052,-0.1811254631090451
12.196200554944003,11.967682157243999,-0.1811254631090451
12.196200554944003,12.36557979972995,-0.1811254631090451
12.196200554944003,12.763477442215898,-0.1811254631090451
12.196200554944003,13.161375084701849,-0.1811254631090451
12.196200554944003,13.5592727271878,-0.1811254631090451
12.196200554944003,13.957170369673747,-0.1811254631090451
12.196200554944003,14.355068012159698,-0.1811254631090451
12.196200554944003,14.752965654645646,-0.1811254631090451
12.196200554944003,15.150863297131597,-0.1811254631090451
12.196200554944003,15.548760939617544,-0.1811254631090451
12.196200554944003,15.946658582103495,-0.1811254631090451
12.196200554944003,16.344556224589443,-0.1811254631090451
12.196200554944003,16.742453867075394,-0.1811254631090451
12.196200554944003,17.14035150956134,-0.1811254631090451
12.196200554944003,17.538249152047293,-0.1811254631090451
12.196200554944003,17.93614679453324,-0.1811254631090451
12.196200554944003,18.33404443701919,-0.1811254631090451
12.196200554944003,18.73194207950514,-0.1811254631090451
12.196200554944003,19.12983972199109,-0.1811254631090451
12.196200554944003,19.527737364477037,-0.1811254631090451
12.196200554944003,19.925635006962988,-0.1811254631090451
12.196200554944003,20.323532649448936,-0.1811254631090451
12.196200554944003,20.721430291934887,-0.1811254631090451
12.196200554944003,21.119327934420834,-0.1811254631090451
12.196200554944003,21.517225576906785,-0.1811254631090451
12.196200554944003,21.915123219392733,-0.1811254631090451
12.196200554944003,22.313020861878684,-0.1811254631090451
12.196200554944003,22.710918504364635,-0.1811254631090451
12.196200554944003,23.108816146850582,-0.1811254631090451
13.331999248101713,3.6118316650390634,-0.1437108785367227
13.331999248101713,4.009729307525013,-0.1437108785367227
12.11914866393529,4.407626950010962,-0.1437108785367227
12.11914866393529,4.805524592496912,-0.1437108785367227
12.11914866393529,5.203422234982861,-0.1437108785367227
12.11914866393529,5.601319877468811,-0.1437108785367227
12.11914866393529,5.99921751995476,-0.1437108785367227
12.11914866393529,6.397115162440709,-0.1437108785367227
12.11914866393529,6.7950128049266585,-0.1437108785367227
12.11914866393529,7.192910447412608,-0.1437108785367227
12.11914866393529,7.590808089898557,-0.1437108785367227
12.11914866393529,7.988705732384506,-0.1437108785367227
12.198508849755461,8.386603374870457,-0.1437108785367227
12.198508849755461,8.784501017356405,-0.1437108785367227
12.198508849755461,9.182398659842356,-0.1437108785367227
12.198508849755461,9.580296302328303,-0.1437108785367227
12.196394117779471,9.978193944814254,-0.1437108785367227
12.196394117779471,10.376091587300202,-0.1437108785367227
12.196394117779471,10.773989229786153,-0.1437108785367227
12.196200554944003,11.1718868722721,-0.1437108785367227
12.196200554944003,11.569784514758052,-0.1437108785367227
12.196200554944003,11.967682157243999,-0.1437108785367227
12.196200554944003,12.36557979972995,-0.1437108785367227
12.196200554944003,12.763477442215898,-0.1437108785367227
12.196200554944003,13.161375084701849,-0.1437108785367227
12.196200554944003,13.5592727271878,-0.1437108785367227
12.196200554944003,13.957170369673747,-0.1437108785367227
12.196200554944003,14.355068012159698,-0.1437108785367227
12.196200554944003,14.752965654645646,-0.1437108785367227
12.196200554944003,15.150863297131597,-0.1437108785367227
12.196200554944003,15.548760939617544,-0.1437108785367227
12.196200554944003,15.946658582103495,-0.1437108785367227
12.196200554944003,16.344556224589443,-0.1437108785367227
12.196200554944003,16.742453867075394,-0.1437108785367227
12.196200554944003,17.14035150956134,-0.1437108785367227
12.196200554944003,17.538249152047293,-0.1437108785367227
12.196200554944003,17.93614679453324,-0.1437108785367227
12.196200554944003,18.33404443701919,-0.1437108785367227
12.196200554944003,18.73194207950514,-0.1437108785367227
12.196200554944003,19.12983972199109,-0.1437108785367227
12.196200554944003,19.527737364477037,-0.1437108785367227
12.196200554944003,19.925635006962988,-0.1437108785367227
12.196200554944003,20.323532649448936,-0.1437108785367227
12.196200554944003,20.721430291934887,-0.1437108785367227
12.196200554944003,21.119327934420834,-0.1437108785367227
12.196200554944003,21.517225576906785,-0.1437108785367227
12.196200554944003,21.915123219392733,-0.1437108785367227
12.196200554944003,22.313020861878684,-0.1437108785367227
12.196200554944003,22.710918504364635,-0.1437108785367227
12.196200554944003,23.108816146850582,-0.1437108785367227
13.331999248101713,3.6118316650390634,-0.10629629396440032
13.331999248101713,4.009729307525013,-0.10629629396440032
12.11914866393529,4.407626950010962,-0.10629629396440032
12.11914866393529,4.805524592496912,-0.10629629396440032
12.11914866393529,5.203422234982861,-0.10629629396440032
12.11914866393529,5.601319877468811,-0.10629629396440032
12.11914866393529,5.99921751995476,-0.10629629396440032
12.11914866393529,6.397115162440709,-0.10629629396440032
12.11914866393529,6.7950128049266585,-0.10629629396440032
12.11914866393529,7.192910447412608,-0.10629629396440032
12.11914866393529,7.590808089898557,-0.10629629396440032
12.11914866393529,7.988705732384506,-0.10629629396440032
12.198508849755461,8.386603374870457,-0.10629629396440032
12.198508849755461,8.784501017356405,-0.10629629396440032
12.198508849755461,9.182398659842356,-0.10629629396440032
12.198508849755461,9.580296302328303,-0.10629629396440032
12.196394117779471,9.978193944814254,-0.10629629396440032
12.196394117779471,10.376091587300202,-0.10629629396440032
12.196394117779471,10.773989229786153,-0.10629629396440032
12.196200554944003,11.1718868722721,-0.10629629396440032
12.196200554944003,11.569784514758052,-0.10629629396440032
12.196200554944003,11.967682157243999,-0.10629629396440032
12.196200554944003,12.36557979972995,-0.10629629396440032
12.196200554944003,12.763477442215898,-0.10629629396440032
12.196200554944003,13.161375084701849,-0.10629629396440032
12.196200554944003,13.5592727271878,-0.10629629396440032
12.196200554944003,13.957170369673747,-0.10629629396440032
12.196200554944003,14.355068012159698,-0.10629629396440032
12.196200554944003,14.752965654645646,-0.10629629396440032
12.196200554944003,15.150863297131597,-0.10629629396440032
12.196200554944003,15.548760939617544,-0.10629629396440032
12.196200554944003,15.946658582103495,-0.10629629396440032
12.196200554944003,16.344556224589443,-0.10629629396440032
12.196200554944003,16.742453867075394,-0.10629629396440032
12.196200554944003,17.14035150956134,-0.10629629396440032
12.196200554944003,17.538249152047293,-0.10629629396440032
12.196200554944003,17.93614679453324,-0.10629629396440032
12.196200554944003,18.33404443701919,-0.10629629396440032
12.196200554944003,18.73194207950514,-0.10629629396440032
12.196200554944003,19.12983972199109,-0.10629629396440032
12.196200554944003,19.527737364477037,-0.10629629396440032
12.196200554944003,19.925635006962988,-0.10629629396440032
12.196200554944003,20.323532649448936,-0.10629629396440032
12.196200554944003,20.721430291934887,-0.10629629396440032
12.196200554944003,21.119327934420834,-0.10629629396440032
12.196200554944003,21.517225576906785,-0.10629629396440032
12.196200554944003,21.915123219392733,-0.10629629396440032
12.196200554944003,22.313020861878684,-0.10629629396440032
12.196200554944003,22.710918504364635,-0.10629629396440032
12.196200554944003,23.108816146850582,-0.10629629396440032
13.331999248101713,3.6118316650390634,-0.06888170939207794
13.331999248101713,4.009729307525013,-0.06888170939207794
12.11914866393529,4.407626950010962,-0.06888170939207794
12.11914866393529,4.805524592496912,-0.06888170939207794
12.11914866393529,5.203422234982861,-0.06888170939207794
12.11914866393529,5.601319877468811,-0.06888170939207794
12.11914866393529,5.99921751995476,-0.06888170939207794
12.11914866393529,6.397115162440709,-0.06888170939207794
12.11914866393529,6.7950128049266585,-0.06888170939207794
12.11914866393529,7.192910447412608,-0.06888170939207794
12.11914866393529,7.590808089898557,-0.06888170939207794
12.11914866393529,7.988705732384506,-0.06888170939207794
12.198508849755461,8.386603374870457,-0.06888170939207794
12.198508849755461,8.784501017356405,-0.06888170939207794
12.198508849755461,9.182398659842356,-0.06888170939207794
12.198508849755461,9.580296302328303,-0.06888170939207794
12.196394117779471,9.978193944814254,-0.06888170939207794
12.196394117779471,10.376091587300202,-0.06888170939207794
12.196394117779471,10.773989229786153,-0.06888170939207794
12.196200554944003,11.1718868722721,-0.06888170939207794
12.196200554944003,11.569784514758052,-0.06888170939207794
12.196200554944003,11.967682157243999,-0.06888170939207794
12.196200554944003,12.36557979972995,-0.06888170939207794
12.196200554944003,12.763477442215898,-0.06888170939207794
12.196200554944003,13.161375084701849,-0.06888170939207794
12.196200554944003,13.5592727271878,-0.06888170939207794
12.196200554944003,13.957170369673747,-0.06888170939207794
12.196200554944003,14.355068012159698,-0.06888170939207794
12.196200554944003,14.752965654645646,-0.06888170939207794
12.196200554944003,15.150863297131597,-0.06888170939207794
12.196200554944003,15.548760939617544,-0.06888170939207794
12.196200554944003,15.946658582103495,-0.06888170939207794
12.196200554944003,16.344556224589443,-0.06888170939207794
12.196200554944003,16.742453867075394,-0.06888170939207794
12.196200554944003,17.14035150956134,-0.06888170939207794
12.196200554944003,17.538249152047293,-0.06888170939207794
12.196200554944003,17.93614679453324,-0.06888170939207794
12.196200554944003,18.33404443701919,-0.06888170939207794
12.196200554944003,18.73194207950514,-0.06888170939207794
12.196200554944003,19.12983972199109,-0.06888170939207794
12.196200554944003,19.527737364477037,-0.06888170939207794
12.196200554944003,19.925635006962988,-0.06888170939207794
12.196200554944003,20.323532649448936,-0.06888170939207794
12.196200554944003,20.721430291934887,-0.06888170939207794
12.196200554944003,21.119327934420834,-0.06888170939207794
12.196200554944003,21.517225576906785,-0.06888170939207794
12.196200554944003,21.915123219392733,-0.06888170939207794
12.196200554944003,22.313020861878684,-0.06888170939207794
12.196200554944003,22.710918504364635,-0.06888170939207794
12.196200554944003,23.108816146850582,-0.06888170939207794
13.331999248101713,3.6118316650390634,-0.0314671248197555
13.331999248101713,4.009729307525013,-0.0314671248197555
12.11914866393529,4.407626950010962,-0.0314671248197555
12.11914866393529,4.805524592496912,-0.0314671248197555
12.11914866393529,5.203422234982861,-0.0314671248197555
12.11914866393529,5.601319877468811,-0.0314671248197555
12.11914866393529,5.99921751995476,-0.0314671248197555
12.11914866393529,6.397115162440709,-0.0314671248197555
12.11914866393529,6.7950128049266585,-0.0314671248197555
12.11914866393529,7.192910447412608,-0.0314671248197555
12.11914866393529,7.590808089898557,-0.0314671248197555
12.11914866393529,7.988705732384506,-0.0314671248197555
12.198508849755461,8.386603374870457,-0.0314671248197555
12.198508849755461,8.784501017356405,-0.0314671248197555
12.198508849755461,9.182398659842356,-0.0314671248197555
12.198508849755461,9.580296302328303,-0.0314671248197555
12.196394117779471,9.978193944814254,-0.0314671248197555
12.196394117779471,10.376091587300202,-0.0314671248197555
12.196394117779471,10.773989229786153,-0.0314671248197555
12.196200554944003,11.1718868722721,-0.0314671248197555
12.196200554944003,11.569784514758052,-0.0314671248197555
12.196200554944003,11.967682157243999,-0.0314671248197555
12.196200554944003,12.36557979972995,-0.0314671248197555
12.196200554944003,12.763477442215898,-0.0314671248197555
12.196200554944003,13.161375084701849,-0.0314671248197555
12.196200554944003,13.5592727271878,-0.0314671248197555
12.196200554944003,13.957170369673747,-0.0314671248197555
12.196200554944003,14.355068012159698,-0.0314671248197555
12.196200554944003,14.752965654645646,-0.0314671248197555
12.196200554944003,15.150863297131597,-0.0314671248197555
12.196200554944003,15.548760939617544,-0.0314671248197555
12.196200554944003,15.946658582103495,-0.0314671248197555
12.196200554944003,16.344556224589443,-0.0314671248197555
12.196200554944003,16.742453867075394,-0.0314671248197555
12.196200554944003,17.14035150956134,-0.0314671248197555
12.196200554944003,17.538249152047293,-0.0314671248197555
12.196200554944003,17.93614679453324,-0.0314671248197555
12.196200554944003,18.33404443701919,-0.0314671248197555
12.196200554944003,18.73194207950514,-0.0314671248197555
12.196200554944003,19.12983972199109,-0.0314671248197555
12.196200554944003,19.527737364477037,-0.0314671248197555
12.196200554944003,19.925635006962988,-0.0314671248197555
12.196200554944003,20.323532649448936,-0.0314671248197555
12.196200554944003,20.721430291934887,-0.0314671248197555
12.196200554944003,21.119327934420834,-0.0314671248197555
12.196200554944003,21.517225576906785,-0.0314671248197555
12.196200554944003,21.915123219392733,-0.0314671248197555
12.196200554944003,22.313020861878684,-0.0314671248197555
12.196200554944003,22.710918504364635,-0.0314671248197555
12.196200554944003,23.108816146850582,-0.0314671248197555
