Q,max_south_extent,max_IWV_ais
0.25365418178761845,-85,3.271653652191162
0.24964675962070132,-84.56122448979592,3.271653652191162
0.24964675962070132,-84.12244897959184,3.271653652191162
0.24964675962070132,-83.68367346938776,3.271653652191162
0.24964675962070132,-83.24489795918367,3.271653652191162
0.24964675962070132,-82.8061224489796,3.271653652191162
0.24964675962070132,-82.36734693877551,3.271653652191162
0.24964675962070132,-81.92857142857143,3.271653652191162
0.24964675962070132,-81.48979591836735,3.271653652191162
0.24964675962070132,-81.05102040816327,3.271653652191162
0.24964675962070132,-80.61224489795919,3.271653652191162
0.24964675962070132,-80.1734693877551,3.271653652191162
0.24964675962070132,-79.73469387755102,3.271653652191162
0.24964675962070132,-79.29591836734694,3.271653652191162
0.24964675962070132,-78.85714285714286,3.271653652191162
0.24964675962070132,-78.41836734693878,3.271653652191162
0.24964675962070132,-77.9795918367347,3.271653652191162
0.24964675962070132,-77.54081632653062,3.271653652191162
0.24964675962070132,-77.10204081632654,3.271653652191162
0.24964675962070132,-76.66326530612245,3.271653652191162
0.24964675962070132,-76.22448979591837,3.271653652191162
0.24964675962070132,-75.78571428571429,3.271653652191162
0.24964675962070132,-75.34693877551021,3.271653652191162
0.24964675962070132,-74.90816326530611,3.271653652191162
0.24964675962070132,-74.46938775510205,3.271653652191162
0.24964675962070132,-74.03061224489795,3.271653652191162
0.24964675962070132,-73.59183673469389,3.271653652191162
0.24964675962070132,-73.15306122448979,3.271653652191162
0.24964675962070132,-72.71428571428572,3.271653652191162
0.24964675962070132,-72.27551020408163,3.271653652191162
0.24964675962070132,-71.83673469387755,3.271653652191162
0.24964675962070132,-71.39795918367346,3.271653652191162
0.24964675962070132,-70.95918367346938,3.271653652191162
0.24964675962070132,-70.5204081632653,3.271653652191162
0.24964675962070132,-70.08163265306122,3.271653652191162
0.24964675962070132,-69.64285714285714,3.271653652191162
0.24964675962070132,-69.20408163265306,3.271653652191162
0.24964675962070132,-68.76530612244898,3.271653652191162
0.24964675962070132,-68.3265306122449,3.271653652191162
0.24964675962070132,-67.88775510204081,3.271653652191162
0.24964675962070132,-67.44897959183673,3.271653652191162
0.24964675962070132,-67.01020408163265,3.271653652191162
15526.185849293797,-66.57142857142857,3.271653652191162
15526.185849293797,-66.13265306122449,3.271653652191162
15526.185849293797,-65.6938775510204,3.271653652191162
15526.185849293797,-65.25510204081633,3.271653652191162
15526.185849293797,-64.81632653061224,3.271653652191162
15526.185849293797,-64.37755102040816,3.271653652191162
15526.185849293797,-63.93877551020408,3.271653652191162
15526.185849293797,-63.5,3.271653652191162
0.25365418178761845,-85,3.8018524014219945
0.24964675962070132,-84.56122448979592,3.8018524014219945
0.24964675962070132,-84.12244897959184,3.8018524014219945
0.24964675962070132,-83.68367346938776,3.8018524014219945
0.24964675962070132,-83.24489795918367,3.8018524014219945
0.24964675962070132,-82.8061224489796,3.8018524014219945
0.24964675962070132,-82.36734693877551,3.8018524014219945
0.24964675962070132,-81.92857142857143,3.8018524014219945
0.24964675962070132,-81.48979591836735,3.8018524014219945
0.24964675962070132,-81.05102040816327,3.8018524014219945
0.24964675962070132,-80.61224489795919,3.8018524014219945
0.24964675962070132,-80.1734693877551,3.8018524014219945
0.24964675962070132,-79.73469387755102,3.8018524014219945
0.24964675962070132,-79.29591836734694,3.8018524014219945
0.24964675962070132,-78.85714285714286,3.8018524014219945
0.24964675962070132,-78.41836734693878,3.8018524014219945
0.24964675962070132,-77.9795918367347,3.8018524014219945
0.24964675962070132,-77.54081632653062,3.8018524014219945
0.24964675962070132,-77.10204081632654,3.8018524014219945
0.24964675962070132,-76.66326530612245,3.8018524014219945
0.24964675962070132,-76.22448979591837,3.8018524014219945
0.24964675962070132,-75.78571428571429,3.8018524014219945
0.24964675962070132,-75.34693877551021,3.8018524014219945
0.24964675962070132,-74.90816326530611,3.8018524014219945
0.24964675962070132,-74.46938775510205,3.8018524014219945
0.24964675962070132,-74.03061224489795,3.8018524014219945
0.24964675962070132,-73.59183673469389,3.8018524014219945
0.24964675962070132,-73.15306122448979,3.8018524014219945
0.24964675962070132,-72.71428571428572,3.8018524014219945
0.24964675962070132,-72.27551020408163,3.8018524014219945
0.24964675962070132,-71.83673469387755,3.8018524014219945
0.24964675962070132,-71.39795918367346,3.8018524014219945
0.24964675962070132,-70.95918367346938,3.8018524014219945
0.24964675962070132,-70.5204081632653,3.8018524014219945
0.24964675962070132,-70.08163265306122,3.8018524014219945
0.24964675962070132,-69.64285714285714,3.8018524014219945
0.24964675962070132,-69.20408163265306,3.8018524014219945
0.24964675962070132,-68.76530612244898,3.8018524014219945
0.24964675962070132,-68.3265306122449,3.8018524014219945
0.24964675962070132,-67.88775510204081,3.8018524014219945
0.24964675962070132,-67.44897959183673,3.8018524014219945
0.24964675962070132,-67.01020408163265,3.8018524014219945
15526.185849293797,-66.57142857142857,3.8018524014219945
15526.185849293797,-66.13265306122449,3.8018524014219945
15526.185849293797,-65.6938775510204,3.8018524014219945
15526.185849293797,-65.25510204081633,3.8018524014219945
15526.185849293797,-64.81632653061224,3.8018524014219945
15526.185849293797,-64.37755102040816,3.8018524014219945
15526.185849293797,-63.93877551020408,3.8018524014219945
15526.185849293797,-63.5,3.8018524014219945
0.25365418178761845,-85,4.332051150652827
0.24964675962070132,-84.56122448979592,4.332051150652827
0.24964675962070132,-84.12244897959184,4.332051150652827
0.24964675962070132,-83.68367346938776,4.332051150652827
0.24964675962070132,-83.24489795918367,4.332051150652827
0.24964675962070132,-82.8061224489796,4.332051150652827
0.24964675962070132,-82.36734693877551,4.332051150652827
0.24964675962070132,-81.92857142857143,4.332051150652827
0.24964675962070132,-81.48979591836735,4.332051150652827
0.24964675962070132,-81.05102040816327,4.332051150652827
0.24964675962070132,-80.61224489795919,4.332051150652827
0.24964675962070132,-80.1734693877551,4.332051150652827
0.24964675962070132,-79.73469387755102,4.332051150652827
0.24964675962070132,-79.29591836734694,4.332051150652827
0.24964675962070132,-78.85714285714286,4.332051150652827
0.24964675962070132,-78.41836734693878,4.332051150652827
0.24964675962070132,-77.9795918367347,4.332051150652827
0.24964675962070132,-77.54081632653062,4.332051150652827
0.24964675962070132,-77.10204081632654,4.332051150652827
0.24964675962070132,-76.66326530612245,4.332051150652827
0.24964675962070132,-76.22448979591837,4.332051150652827
0.24964675962070132,-75.78571428571429,4.332051150652827
0.24964675962070132,-75.34693877551021,4.332051150652827
0.24964675962070132,-74.90816326530611,4.332051150652827
0.24964675962070132,-74.46938775510205,4.332051150652827
0.24964675962070132,-74.03061224489795,4.332051150652827
0.24964675962070132,-73.59183673469389,4.332051150652827
0.24964675962070132,-73.15306122448979,4.332051150652827
0.24964675962070132,-72.71428571428572,4.332051150652827
0.24964675962070132,-72.27551020408163,4.332051150652827
0.24964675962070132,-71.83673469387755,4.332051150652827
0.24964675962070132,-71.39795918367346,4.332051150652827
0.24964675962070132,-70.95918367346938,4.332051150652827
0.24964675962070132,-70.5204081632653,4.332051150652827
0.24964675962070132,-70.08163265306122,4.332051150652827
0.24964675962070132,-69.64285714285714,4.332051150652827
0.24964675962070132,-69.20408163265306,4.332051150652827
0.24964675962070132,-68.76530612244898,4.332051150652827
0.24964675962070132,-68.3265306122449,4.332051150652827
0.24964675962070132,-67.88775510204081,4.332051150652827
0.24964675962070132,-67.44897959183673,4.332051150652827
0.24964675962070132,-67.01020408163265,4.332051150652827
15526.185849293797,-66.57142857142857,4.332051150652827
15526.185849293797,-66.13265306122449,4.332051150652827
15526.185849293797,-65.6938775510204,4.332051150652827
15526.185849293797,-65.25510204081633,4.332051150652827
15526.185849293797,-64.81632653061224,4.332051150652827
15526.185849293797,-64.37755102040816,4.332051150652827
15526.185849293797,-63.93877551020408,4.332051150652827
15526.185849293797,-63.5,4.332051150652827
0.25365418178761845,-85,4.862249899883659
0.24964675962070132,-84.56122448979592,4.862249899883659
0.24964675962070132,-84.12244897959184,4.862249899883659
0.24964675962070132,-83.68367346938776,4.862249899883659
0.24964675962070132,-83.24489795918367,4.862249899883659
0.24964675962070132,-82.8061224489796,4.862249899883659
0.24964675962070132,-82.36734693877551,4.862249899883659
0.24964675962070132,-81.92857142857143,4.862249899883659
0.24964675962070132,-81.48979591836735,4.862249899883659
0.24964675962070132,-81.05102040816327,4.862249899883659
0.24964675962070132,-80.61224489795919,4.862249899883659
0.24964675962070132,-80.1734693877551,4.862249899883659
0.24964675962070132,-79.73469387755102,4.862249899883659
0.24964675962070132,-79.29591836734694,4.862249899883659
0.24964675962070132,-78.85714285714286,4.862249899883659
0.24964675962070132,-78.41836734693878,4.862249899883659
0.24964675962070132,-77.9795918367347,4.862249899883659
0.24964675962070132,-77.54081632653062,4.862249899883659
0.24964675962070132,-77.10204081632654,4.862249899883659
0.24964675962070132,-76.66326530612245,4.862249899883659
0.24964675962070132,-76.22448979591837,4.862249899883659
0.24964675962070132,-75.78571428571429,4.862249899883659
0.24964675962070132,-75.34693877551021,4.862249899883659
0.24964675962070132,-74.90816326530611,4.862249899883659
0.24964675962070132,-74.46938775510205,4.862249899883659
0.24964675962070132,-74.03061224489795,4.862249899883659
0.24964675962070132,-73.59183673469389,4.862249899883659
0.24964675962070132,-73.15306122448979,4.862249899883659
0.24964675962070132,-72.71428571428572,4.862249899883659
0.24964675962070132,-72.27551020408163,4.862249899883659
0.24964675962070132,-71.83673469387755,4.862249899883659
0.24964675962070132,-71.39795918367346,4.862249899883659
0.24964675962070132,-70.95918367346938,4.862249899883659
0.24964675962070132,-70.5204081632653,4.862249899883659
0.24964675962070132,-70.08163265306122,4.862249899883659
0.24964675962070132,-69.64285714285714,4.862249899883659
0.24964675962070132,-69.20408163265306,4.862249899883659
0.24964675962070132,-68.76530612244898,4.862249899883659
0.24964675962070132,-68.3265306122449,4.862249899883659
0.24964675962070132,-67.88775510204081,4.862249899883659
0.24964675962070132,-67.44897959183673,4.862249899883659
0.24964675962070132,-67.01020408163265,4.862249899883659
15526.185849293797,-66.57142857142857,4.862249899883659
15526.185849293797,-66.13265306122449,4.862249899883659
15526.185849293797,-65.6938775510204,4.862249899883659
15526.185849293797,-65.25510204081633,4.862249899883659
15526.185849293797,-64.81632653061224,4.862249899883659
15526.185849293797,-64.37755102040816,4.862249899883659
15526.185849293797,-63.93877551020408,4.862249899883659
15526.185849293797,-63.5,4.862249899883659
0.25365418178761845,-85,5.392448649114492
0.24964675962070132,-84.56122448979592,5.392448649114492
0.24964675962070132,-84.12244897959184,5.392448649114492
0.24964675962070132,-83.68367346938776,5.392448649114492
0.24964675962070132,-83.24489795918367,5.392448649114492
0.24964675962070132,-82.8061224489796,5.392448649114492
0.24964675962070132,-82.36734693877551,5.392448649114492
0.24964675962070132,-81.92857142857143,5.392448649114492
0.24964675962070132,-81.48979591836735,5.392448649114492
0.24964675962070132,-81.05102040816327,5.392448649114492
0.24964675962070132,-80.61224489795919,5.392448649114492
0.24964675962070132,-80.1734693877551,5.392448649114492
0.24964675962070132,-79.73469387755102,5.392448649114492
0.24964675962070132,-79.29591836734694,5.392448649114492
0.24964675962070132,-78.85714285714286,5.392448649114492
0.24964675962070132,-78.41836734693878,5.392448649114492
0.24964675962070132,-77.9795918367347,5.392448649114492
0.24964675962070132,-77.54081632653062,5.392448649114492
0.24964675962070132,-77.10204081632654,5.392448649114492
0.24964675962070132,-76.66326530612245,5.392448649114492
0.24964675962070132,-76.22448979591837,5.392448649114492
0.24964675962070132,-75.78571428571429,5.392448649114492
0.24964675962070132,-75.34693877551021,5.392448649114492
0.24964675962070132,-74.90816326530611,5.392448649114492
0.24964675962070132,-74.46938775510205,5.392448649114492
0.24964675962070132,-74.03061224489795,5.392448649114492
0.24964675962070132,-73.59183673469389,5.392448649114492
0.24964675962070132,-73.15306122448979,5.392448649114492
0.24964675962070132,-72.71428571428572,5.392448649114492
0.24964675962070132,-72.27551020408163,5.392448649114492
0.24964675962070132,-71.83673469387755,5.392448649114492
0.24964675962070132,-71.39795918367346,5.392448649114492
0.24964675962070132,-70.95918367346938,5.392448649114492
0.24964675962070132,-70.5204081632653,5.392448649114492
0.24964675962070132,-70.08163265306122,5.392448649114492
0.24964675962070132,-69.64285714285714,5.392448649114492
0.24964675962070132,-69.20408163265306,5.392448649114492
0.24964675962070132,-68.76530612244898,5.392448649114492
0.24964675962070132,-68.3265306122449,5.392448649114492
0.24964675962070132,-67.88775510204081,5.392448649114492
0.24964675962070132,-67.44897959183673,5.392448649114492
0.24964675962070132,-67.01020408163265,5.392448649114492
15526.185849293797,-66.57142857142857,5.392448649114492
15526.185849293797,-66.13265306122449,5.392448649114492
15526.185849293797,-65.6938775510204,5.392448649114492
15526.185849293797,-65.25510204081633,5.392448649114492
15526.185849293797,-64.81632653061224,5.392448649114492
15526.185849293797,-64.37755102040816,5.392448649114492
15526.185849293797,-63.93877551020408,5.392448649114492
15526.185849293797,-63.5,5.392448649114492
0.25365418178761845,-85,5.922647398345324
0.24964675962070132,-84.56122448979592,5.922647398345324
0.24964675962070132,-84.12244897959184,5.922647398345324
0.24964675962070132,-83.68367346938776,5.922647398345324
0.24964675962070132,-83.24489795918367,5.922647398345324
0.24964675962070132,-82.8061224489796,5.922647398345324
0.24964675962070132,-82.36734693877551,5.922647398345324
0.24964675962070132,-81.92857142857143,5.922647398345324
0.24964675962070132,-81.48979591836735,5.922647398345324
0.24964675962070132,-81.05102040816327,5.922647398345324
0.24964675962070132,-80.61224489795919,5.922647398345324
0.24964675962070132,-80.1734693877551,5.922647398345324
0.24964675962070132,-79.73469387755102,5.922647398345324
0.24964675962070132,-79.29591836734694,5.922647398345324
0.24964675962070132,-78.85714285714286,5.922647398345324
0.24964675962070132,-78.41836734693878,5.922647398345324
0.24964675962070132,-77.9795918367347,5.922647398345324
0.24964675962070132,-77.54081632653062,5.922647398345324
0.24964675962070132,-77.10204081632654,5.922647398345324
0.24964675962070132,-76.66326530612245,5.922647398345324
0.24964675962070132,-76.22448979591837,5.922647398345324
0.24964675962070132,-75.78571428571429,5.922647398345324
0.24964675962070132,-75.34693877551021,5.922647398345324
0.24964675962070132,-74.90816326530611,5.922647398345324
0.24964675962070132,-74.46938775510205,5.922647398345324
0.24964675962070132,-74.03061224489795,5.922647398345324
0.24964675962070132,-73.59183673469389,5.922647398345324
0.24964675962070132,-73.15306122448979,5.922647398345324
0.24964675962070132,-72.71428571428572,5.922647398345324
0.24964675962070132,-72.27551020408163,5.922647398345324
0.24964675962070132,-71.83673469387755,5.922647398345324
0.24964675962070132,-71.39795918367346,5.922647398345324
0.24964675962070132,-70.95918367346938,5.922647398345324
0.24964675962070132,-70.5204081632653,5.922647398345324
0.24964675962070132,-70.08163265306122,5.922647398345324
0.24964675962070132,-69.64285714285714,5.922647398345324
0.24964675962070132,-69.20408163265306,5.922647398345324
0.24964675962070132,-68.76530612244898,5.922647398345324
0.24964675962070132,-68.3265306122449,5.922647398345324
0.24964675962070132,-67.88775510204081,5.922647398345324
0.24964675962070132,-67.44897959183673,5.922647398345324
0.24964675962070132,-67.01020408163265,5.922647398345324
15526.185849293797,-66.57142857142857,5.922647398345324
15526.185849293797,-66.13265306122449,5.922647398345324
15526.185849293797,-65.6938775510204,5.922647398345324
15526.185849293797,-65.25510204081633,5.922647398345324
15526.185849293797,-64.81632653061224,5.922647398345324
15526.185849293797,-64.37755102040816,5.922647398345324
15526.185849293797,-63.93877551020408,5.922647398345324
15526.185849293797,-63.5,5.922647398345324
0.25365418178761845,-85,6.452846147576158
0.24964675962070132,-84.56122448979592,6.452846147576158
0.24964675962070132,-84.12244897959184,6.452846147576158
0.24964675962070132,-83.68367346938776,6.452846147576158
0.24964675962070132,-83.24489795918367,6.452846147576158
0.24964675962070132,-82.8061224489796,6.452846147576158
0.24964675962070132,-82.36734693877551,6.452846147576158
0.24964675962070132,-81.92857142857143,6.452846147576158
0.24964675962070132,-81.48979591836735,6.452846147576158
0.24964675962070132,-81.05102040816327,6.452846147576158
0.24964675962070132,-80.61224489795919,6.452846147576158
0.24964675962070132,-80.1734693877551,6.452846147576158
0.24964675962070132,-79.73469387755102,6.452846147576158
0.24964675962070132,-79.29591836734694,6.452846147576158
0.24964675962070132,-78.85714285714286,6.452846147576158
0.24964675962070132,-78.41836734693878,6.452846147576158
0.24964675962070132,-77.9795918367347,6.452846147576158
0.24964675962070132,-77.54081632653062,6.452846147576158
0.24964675962070132,-77.10204081632654,6.452846147576158
0.24964675962070132,-76.66326530612245,6.452846147576158
0.24964675962070132,-76.22448979591837,6.452846147576158
0.24964675962070132,-75.78571428571429,6.452846147576158
0.24964675962070132,-75.34693877551021,6.452846147576158
0.24964675962070132,-74.90816326530611,6.452846147576158
0.24964675962070132,-74.46938775510205,6.452846147576158
0.24964675962070132,-74.03061224489795,6.452846147576158
0.24964675962070132,-73.59183673469389,6.452846147576158
0.24964675962070132,-73.15306122448979,6.452846147576158
0.24964675962070132,-72.71428571428572,6.452846147576158
0.24964675962070132,-72.27551020408163,6.452846147576158
0.24964675962070132,-71.83673469387755,6.452846147576158
0.24964675962070132,-71.39795918367346,6.452846147576158
0.24964675962070132,-70.95918367346938,6.452846147576158
0.24964675962070132,-70.5204081632653,6.452846147576158
0.24964675962070132,-70.08163265306122,6.452846147576158
0.24964675962070132,-69.64285714285714,6.452846147576158
0.24964675962070132,-69.20408163265306,6.452846147576158
0.24964675962070132,-68.76530612244898,6.452846147576158
0.24964675962070132,-68.3265306122449,6.452846147576158
0.24964675962070132,-67.88775510204081,6.452846147576158
0.24964675962070132,-67.44897959183673,6.452846147576158
0.24964675962070132,-67.01020408163265,6.452846147576158
15526.185849293797,-66.57142857142857,6.452846147576158
15526.185849293797,-66.13265306122449,6.452846147576158
15526.185849293797,-65.6938775510204,6.452846147576158
15526.185849293797,-65.25510204081633,6.452846147576158
15526.185849293797,-64.81632653061224,6.452846147576158
15526.185849293797,-64.37755102040816,6.452846147576158
15526.185849293797,-63.93877551020408,6.452846147576158
15526.185849293797,-63.5,6.452846147576158
0.26547159658313063,-85,6.98304489680699
0.26127747388688083,-84.56122448979592,6.98304489680699
0.26127747388688083,-84.12244897959184,6.98304489680699
0.26127747388688083,-83.68367346938776,6.98304489680699
0.26127747388688083,-83.24489795918367,6.98304489680699
0.26127747388688083,-82.8061224489796,6.98304489680699
0.26127747388688083,-82.36734693877551,6.98304489680699
0.26127747388688083,-81.92857142857143,6.98304489680699
0.26127747388688083,-81.48979591836735,6.98304489680699
0.26127747388688083,-81.05102040816327,6.98304489680699
0.26127747388688083,-80.61224489795919,6.98304489680699
0.26127747388688083,-80.1734693877551,6.98304489680699
0.26127747388688083,-79.73469387755102,6.98304489680699
0.26127747388688083,-79.29591836734694,6.98304489680699
0.26127747388688083,-78.85714285714286,6.98304489680699
0.26127747388688083,-78.41836734693878,6.98304489680699
0.26127747388688083,-77.9795918367347,6.98304489680699
0.26127747388688083,-77.54081632653062,6.98304489680699
0.26127747388688083,-77.10204081632654,6.98304489680699
0.26127747388688083,-76.66326530612245,6.98304489680699
0.26127747388688083,-76.22448979591837,6.98304489680699
0.26127747388688083,-75.78571428571429,6.98304489680699
0.26127747388688083,-75.34693877551021,6.98304489680699
0.26127747388688083,-74.90816326530611,6.98304489680699
0.26127747388688083,-74.46938775510205,6.98304489680699
0.26127747388688083,-74.03061224489795,6.98304489680699
0.26127747388688083,-73.59183673469389,6.98304489680699
0.26127747388688083,-73.15306122448979,6.98304489680699
0.26127747388688083,-72.71428571428572,6.98304489680699
0.26127747388688083,-72.27551020408163,6.98304489680699
0.26127747388688083,-71.83673469387755,6.98304489680699
0.26127747388688083,-71.39795918367346,6.98304489680699
0.26127747388688083,-70.95918367346938,6.98304489680699
0.26127747388688083,-70.5204081632653,6.98304489680699
0.26127747388688083,-70.08163265306122,6.98304489680699
0.26127747388688083,-69.64285714285714,6.98304489680699
0.26127747388688083,-69.20408163265306,6.98304489680699
0.26127747388688083,-68.76530612244898,6.98304489680699
0.26127747388688083,-68.3265306122449,6.98304489680699
0.26127747388688083,-67.88775510204081,6.98304489680699
0.26127747388688083,-67.44897959183673,6.98304489680699
0.26127747388688083,-67.01020408163265,6.98304489680699
16249.530432380321,-66.57142857142857,6.98304489680699
16249.530432380321,-66.13265306122449,6.98304489680699
16249.530432380321,-65.6938775510204,6.98304489680699
16249.530432380321,-65.25510204081633,6.98304489680699
16249.530432380321,-64.81632653061224,6.98304489680699
16249.530432380321,-64.37755102040816,6.98304489680699
16249.530432380321,-63.93877551020408,6.98304489680699
16249.530432380321,-63.5,6.98304489680699
0.3643032609157953,-85,7.5132436460378225
0.3585477202304991,-84.56122448979592,7.5132436460378225
0.3585477202304991,-84.12244897959184,7.5132436460378225
0.3585477202304991,-83.68367346938776,7.5132436460378225
0.3585477202304991,-83.24489795918367,7.5132436460378225
0.3585477202304991,-82.8061224489796,7.5132436460378225
0.3585477202304991,-82.36734693877551,7.5132436460378225
0.3585477202304991,-81.92857142857143,7.5132436460378225
0.3585477202304991,-81.48979591836735,7.5132436460378225
0.3585477202304991,-81.05102040816327,7.5132436460378225
0.3585477202304991,-80.61224489795919,7.5132436460378225
0.3585477202304991,-80.1734693877551,7.5132436460378225
0.3585477202304991,-79.73469387755102,7.5132436460378225
0.3585477202304991,-79.29591836734694,7.5132436460378225
0.3585477202304991,-78.85714285714286,7.5132436460378225
0.3585477202304991,-78.41836734693878,7.5132436460378225
0.3585477202304991,-77.9795918367347,7.5132436460378225
0.3585477202304991,-77.54081632653062,7.5132436460378225
0.3585477202304991,-77.10204081632654,7.5132436460378225
0.3585477202304991,-76.66326530612245,7.5132436460378225
0.3585477202304991,-76.22448979591837,7.5132436460378225
0.3585477202304991,-75.78571428571429,7.5132436460378225
0.3585477202304991,-75.34693877551021,7.5132436460378225
0.3585477202304991,-74.90816326530611,7.5132436460378225
0.3585477202304991,-74.46938775510205,7.5132436460378225
0.3585477202304991,-74.03061224489795,7.5132436460378225
0.3585477202304991,-73.59183673469389,7.5132436460378225
0.3585477202304991,-73.15306122448979,7.5132436460378225
0.3585477202304991,-72.71428571428572,7.5132436460378225
0.3585477202304991,-72.27551020408163,7.5132436460378225
0.3585477202304991,-71.83673469387755,7.5132436460378225
0.3585477202304991,-71.39795918367346,7.5132436460378225
0.3585477202304991,-70.95918367346938,7.5132436460378225
0.3585477202304991,-70.5204081632653,7.5132436460378225
0.3585477202304991,-70.08163265306122,7.5132436460378225
0.3585477202304991,-69.64285714285714,7.5132436460378225
0.3585477202304991,-69.20408163265306,7.5132436460378225
0.3585477202304991,-68.76530612244898,7.5132436460378225
0.3585477202304991,-68.3265306122449,7.5132436460378225
0.3585477202304991,-67.88775510204081,7.5132436460378225
0.3585477202304991,-67.44897959183673,7.5132436460378225
0.3585477202304991,-67.01020408163265,7.5132436460378225
22299.021820260405,-66.57142857142857,7.5132436460378225
22299.021820260405,-66.13265306122449,7.5132436460378225
22299.021820260405,-65.6938775510204,7.5132436460378225
22299.021820260405,-65.25510204081633,7.5132436460378225
22299.021820260405,-64.81632653061224,7.5132436460378225
22299.021820260405,-64.37755102040816,7.5132436460378225
22299.021820260405,-63.93877551020408,7.5132436460378225
22299.021820260405,-63.5,7.5132436460378225
0.3643032609157953,-85,8.043442395268656
0.3585477202304991,-84.56122448979592,8.043442395268656
0.3585477202304991,-84.12244897959184,8.043442395268656
0.3585477202304991,-83.68367346938776,8.043442395268656
0.3585477202304991,-83.24489795918367,8.043442395268656
0.3585477202304991,-82.8061224489796,8.043442395268656
0.3585477202304991,-82.36734693877551,8.043442395268656
0.3585477202304991,-81.92857142857143,8.043442395268656
0.3585477202304991,-81.48979591836735,8.043442395268656
0.3585477202304991,-81.05102040816327,8.043442395268656
0.3585477202304991,-80.61224489795919,8.043442395268656
0.3585477202304991,-80.1734693877551,8.043442395268656
0.3585477202304991,-79.73469387755102,8.043442395268656
0.3585477202304991,-79.29591836734694,8.043442395268656
0.3585477202304991,-78.85714285714286,8.043442395268656
0.3585477202304991,-78.41836734693878,8.043442395268656
0.3585477202304991,-77.9795918367347,8.043442395268656
0.3585477202304991,-77.54081632653062,8.043442395268656
0.3585477202304991,-77.10204081632654,8.043442395268656
0.3585477202304991,-76.66326530612245,8.043442395268656
0.3585477202304991,-76.22448979591837,8.043442395268656
0.3585477202304991,-75.78571428571429,8.043442395268656
0.3585477202304991,-75.34693877551021,8.043442395268656
0.3585477202304991,-74.90816326530611,8.043442395268656
0.3585477202304991,-74.46938775510205,8.043442395268656
0.3585477202304991,-74.03061224489795,8.043442395268656
0.3585477202304991,-73.59183673469389,8.043442395268656
0.3585477202304991,-73.15306122448979,8.043442395268656
0.3585477202304991,-72.71428571428572,8.043442395268656
0.3585477202304991,-72.27551020408163,8.043442395268656
0.3585477202304991,-71.83673469387755,8.043442395268656
0.3585477202304991,-71.39795918367346,8.043442395268656
0.3585477202304991,-70.95918367346938,8.043442395268656
0.3585477202304991,-70.5204081632653,8.043442395268656
0.3585477202304991,-70.08163265306122,8.043442395268656
0.3585477202304991,-69.64285714285714,8.043442395268656
0.3585477202304991,-69.20408163265306,8.043442395268656
0.3585477202304991,-68.76530612244898,8.043442395268656
0.3585477202304991,-68.3265306122449,8.043442395268656
0.3585477202304991,-67.88775510204081,8.043442395268656
0.3585477202304991,-67.44897959183673,8.043442395268656
0.3585477202304991,-67.01020408163265,8.043442395268656
22299.021820260405,-66.57142857142857,8.043442395268656
22299.021820260405,-66.13265306122449,8.043442395268656
22299.021820260405,-65.6938775510204,8.043442395268656
22299.021820260405,-65.25510204081633,8.043442395268656
22299.021820260405,-64.81632653061224,8.043442395268656
22299.021820260405,-64.37755102040816,8.043442395268656
22299.021820260405,-63.93877551020408,8.043442395268656
22299.021820260405,-63.5,8.043442395268656
0.3643032609157953,-85,8.573641144499486
0.3585477202304991,-84.56122448979592,8.573641144499486
0.3585477202304991,-84.12244897959184,8.573641144499486
0.3585477202304991,-83.68367346938776,8.573641144499486
0.3585477202304991,-83.24489795918367,8.573641144499486
0.3585477202304991,-82.8061224489796,8.573641144499486
0.3585477202304991,-82.36734693877551,8.573641144499486
0.3585477202304991,-81.92857142857143,8.573641144499486
0.3585477202304991,-81.48979591836735,8.573641144499486
0.3585477202304991,-81.05102040816327,8.573641144499486
0.3585477202304991,-80.61224489795919,8.573641144499486
0.3585477202304991,-80.1734693877551,8.573641144499486
0.3585477202304991,-79.73469387755102,8.573641144499486
0.3585477202304991,-79.29591836734694,8.573641144499486
0.3585477202304991,-78.85714285714286,8.573641144499486
0.3585477202304991,-78.41836734693878,8.573641144499486
0.3585477202304991,-77.9795918367347,8.573641144499486
0.3585477202304991,-77.54081632653062,8.573641144499486
0.3585477202304991,-77.10204081632654,8.573641144499486
0.3585477202304991,-76.66326530612245,8.573641144499486
0.3585477202304991,-76.22448979591837,8.573641144499486
0.3585477202304991,-75.78571428571429,8.573641144499486
0.3585477202304991,-75.34693877551021,8.573641144499486
0.3585477202304991,-74.90816326530611,8.573641144499486
0.3585477202304991,-74.46938775510205,8.573641144499486
0.3585477202304991,-74.03061224489795,8.573641144499486
0.3585477202304991,-73.59183673469389,8.573641144499486
0.3585477202304991,-73.15306122448979,8.573641144499486
0.3585477202304991,-72.71428571428572,8.573641144499486
0.3585477202304991,-72.27551020408163,8.573641144499486
0.3585477202304991,-71.83673469387755,8.573641144499486
0.3585477202304991,-71.39795918367346,8.573641144499486
0.3585477202304991,-70.95918367346938,8.573641144499486
0.3585477202304991,-70.5204081632653,8.573641144499486
0.3585477202304991,-70.08163265306122,8.573641144499486
0.3585477202304991,-69.64285714285714,8.573641144499486
0.3585477202304991,-69.20408163265306,8.573641144499486
0.3585477202304991,-68.76530612244898,8.573641144499486
0.3585477202304991,-68.3265306122449,8.573641144499486
0.3585477202304991,-67.88775510204081,8.573641144499486
0.3585477202304991,-67.44897959183673,8.573641144499486
0.3585477202304991,-67.01020408163265,8.573641144499486
22299.021820260405,-66.57142857142857,8.573641144499486
22299.021820260405,-66.13265306122449,8.573641144499486
22299.021820260405,-65.6938775510204,8.573641144499486
22299.021820260405,-65.25510204081633,8.573641144499486
22299.021820260405,-64.81632653061224,8.573641144499486
22299.021820260405,-64.37755102040816,8.573641144499486
22299.021820260405,-63.93877551020408,8.573641144499486
22299.021820260405,-63.5,8.573641144499486
0.3643032609157953,-85,9.10383989373032
0.3585477202304991,-84.56122448979592,9.10383989373032
0.3585477202304991,-84.12244897959184,9.10383989373032
0.3585477202304991,-83.68367346938776,9.10383989373032
0.3585477202304991,-83.24489795918367,9.10383989373032
0.3585477202304991,-82.8061224489796,9.10383989373032
0.3585477202304991,-82.36734693877551,9.10383989373032
0.3585477202304991,-81.92857142857143,9.10383989373032
0.3585477202304991,-81.48979591836735,9.10383989373032
0.3585477202304991,-81.05102040816327,9.10383989373032
0.3585477202304991,-80.61224489795919,9.10383989373032
0.3585477202304991,-80.1734693877551,9.10383989373032
0.3585477202304991,-79.73469387755102,9.10383989373032
0.3585477202304991,-79.29591836734694,9.10383989373032
0.3585477202304991,-78.85714285714286,9.10383989373032
0.3585477202304991,-78.41836734693878,9.10383989373032
0.3585477202304991,-77.9795918367347,9.10383989373032
0.3585477202304991,-77.54081632653062,9.10383989373032
0.3585477202304991,-77.10204081632654,9.10383989373032
0.3585477202304991,-76.66326530612245,9.10383989373032
0.3585477202304991,-76.22448979591837,9.10383989373032
0.3585477202304991,-75.78571428571429,9.10383989373032
0.3585477202304991,-75.34693877551021,9.10383989373032
0.3585477202304991,-74.90816326530611,9.10383989373032
0.3585477202304991,-74.46938775510205,9.10383989373032
0.3585477202304991,-74.03061224489795,9.10383989373032
0.3585477202304991,-73.59183673469389,9.10383989373032
0.3585477202304991,-73.15306122448979,9.10383989373032
0.3585477202304991,-72.71428571428572,9.10383989373032
0.3585477202304991,-72.27551020408163,9.10383989373032
0.3585477202304991,-71.83673469387755,9.10383989373032
0.3585477202304991,-71.39795918367346,9.10383989373032
0.3585477202304991,-70.95918367346938,9.10383989373032
0.3585477202304991,-70.5204081632653,9.10383989373032
0.3585477202304991,-70.08163265306122,9.10383989373032
0.3585477202304991,-69.64285714285714,9.10383989373032
0.3585477202304991,-69.20408163265306,9.10383989373032
0.3585477202304991,-68.76530612244898,9.10383989373032
0.3585477202304991,-68.3265306122449,9.10383989373032
0.3585477202304991,-67.88775510204081,9.10383989373032
0.3585477202304991,-67.44897959183673,9.10383989373032
0.3585477202304991,-67.01020408163265,9.10383989373032
22299.021820260405,-66.57142857142857,9.10383989373032
22299.021820260405,-66.13265306122449,9.10383989373032
22299.021820260405,-65.6938775510204,9.10383989373032
22299.021820260405,-65.25510204081633,9.10383989373032
22299.021820260405,-64.81632653061224,9.10383989373032
22299.021820260405,-64.37755102040816,9.10383989373032
22299.021820260405,-63.93877551020408,9.10383989373032
22299.021820260405,-63.5,9.10383989373032
0.49445386082552295,-85,9.634038642961153
0.4866421017272675,-84.56122448979592,9.634038642961153
0.4866421017272675,-84.12244897959184,9.634038642961153
0.4866421017272675,-83.68367346938776,9.634038642961153
0.4866421017272675,-83.24489795918367,9.634038642961153
0.4866421017272675,-82.8061224489796,9.634038642961153
0.4866421017272675,-82.36734693877551,9.634038642961153
0.4866421017272675,-81.92857142857143,9.634038642961153
0.4866421017272675,-81.48979591836735,9.634038642961153
0.4866421017272675,-81.05102040816327,9.634038642961153
0.4866421017272675,-80.61224489795919,9.634038642961153
0.4866421017272675,-80.1734693877551,9.634038642961153
0.4866421017272675,-79.73469387755102,9.634038642961153
0.4866421017272675,-79.29591836734694,9.634038642961153
0.4866421017272675,-78.85714285714286,9.634038642961153
0.4866421017272675,-78.41836734693878,9.634038642961153
0.4866421017272675,-77.9795918367347,9.634038642961153
0.4866421017272675,-77.54081632653062,9.634038642961153
0.4866421017272675,-77.10204081632654,9.634038642961153
0.4866421017272675,-76.66326530612245,9.634038642961153
0.4866421017272675,-76.22448979591837,9.634038642961153
0.4866421017272675,-75.78571428571429,9.634038642961153
0.4866421017272675,-75.34693877551021,9.634038642961153
0.4866421017272675,-74.90816326530611,9.634038642961153
0.4866421017272675,-74.46938775510205,9.634038642961153
0.4866421017272675,-74.03061224489795,9.634038642961153
0.4866421017272675,-73.59183673469389,9.634038642961153
0.4866421017272675,-73.15306122448979,9.634038642961153
0.4866421017272675,-72.71428571428572,9.634038642961153
0.4866421017272675,-72.27551020408163,9.634038642961153
0.4866421017272675,-71.83673469387755,9.634038642961153
0.4866421017272675,-71.39795918367346,9.634038642961153
0.4866421017272675,-70.95918367346938,9.634038642961153
0.4866421017272675,-70.5204081632653,9.634038642961153
0.4866421017272675,-70.08163265306122,9.634038642961153
0.4866421017272675,-69.64285714285714,9.634038642961153
0.4866421017272675,-69.20408163265306,9.634038642961153
0.4866421017272675,-68.76530612244898,9.634038642961153
0.4866421017272675,-68.3265306122449,9.634038642961153
0.4866421017272675,-67.88775510204081,9.634038642961153
0.4866421017272675,-67.44897959183673,9.634038642961153
0.4866421017272675,-67.01020408163265,9.634038642961153
520859.02784983313,-66.57142857142857,9.634038642961153
520859.02784983313,-66.13265306122449,9.634038642961153
520859.02784983313,-65.6938775510204,9.634038642961153
520859.02784983313,-65.25510204081633,9.634038642961153
520859.02784983313,-64.81632653061224,9.634038642961153
520859.02784983313,-64.37755102040816,9.634038642961153
520859.02784983313,-63.93877551020408,9.634038642961153
520859.02784983313,-63.5,9.634038642961153
0.49445386082552295,-85,10.164237392191986
0.4866421017272675,-84.56122448979592,10.164237392191986
0.4866421017272675,-84.12244897959184,10.164237392191986
0.4866421017272675,-83.68367346938776,10.164237392191986
0.4866421017272675,-83.24489795918367,10.164237392191986
0.4866421017272675,-82.8061224489796,10.164237392191986
0.4866421017272675,-82.36734693877551,10.164237392191986
0.4866421017272675,-81.92857142857143,10.164237392191986
0.4866421017272675,-81.48979591836735,10.164237392191986
0.4866421017272675,-81.05102040816327,10.164237392191986
0.4866421017272675,-80.61224489795919,10.164237392191986
0.4866421017272675,-80.1734693877551,10.164237392191986
0.4866421017272675,-79.73469387755102,10.164237392191986
0.4866421017272675,-79.29591836734694,10.164237392191986
0.4866421017272675,-78.85714285714286,10.164237392191986
0.4866421017272675,-78.41836734693878,10.164237392191986
0.4866421017272675,-77.9795918367347,10.164237392191986
0.4866421017272675,-77.54081632653062,10.164237392191986
0.4866421017272675,-77.10204081632654,10.164237392191986
0.4866421017272675,-76.66326530612245,10.164237392191986
0.4866421017272675,-76.22448979591837,10.164237392191986
0.4866421017272675,-75.78571428571429,10.164237392191986
0.4866421017272675,-75.34693877551021,10.164237392191986
0.4866421017272675,-74.90816326530611,10.164237392191986
0.4866421017272675,-74.46938775510205,10.164237392191986
0.4866421017272675,-74.03061224489795,10.164237392191986
0.4866421017272675,-73.59183673469389,10.164237392191986
0.4866421017272675,-73.15306122448979,10.164237392191986
0.4866421017272675,-72.71428571428572,10.164237392191986
0.4866421017272675,-72.27551020408163,10.164237392191986
0.4866421017272675,-71.83673469387755,10.164237392191986
0.4866421017272675,-71.39795918367346,10.164237392191986
0.4866421017272675,-70.95918367346938,10.164237392191986
0.4866421017272675,-70.5204081632653,10.164237392191986
0.4866421017272675,-70.08163265306122,10.164237392191986
0.4866421017272675,-69.64285714285714,10.164237392191986
0.4866421017272675,-69.20408163265306,10.164237392191986
0.4866421017272675,-68.76530612244898,10.164237392191986
0.4866421017272675,-68.3265306122449,10.164237392191986
0.4866421017272675,-67.88775510204081,10.164237392191986
0.4866421017272675,-67.44897959183673,10.164237392191986
0.4866421017272675,-67.01020408163265,10.164237392191986
520859.02784983313,-66.57142857142857,10.164237392191986
520859.02784983313,-66.13265306122449,10.164237392191986
520859.02784983313,-65.6938775510204,10.164237392191986
520859.02784983313,-65.25510204081633,10.164237392191986
520859.02784983313,-64.81632653061224,10.164237392191986
520859.02784983313,-64.37755102040816,10.164237392191986
520859.02784983313,-63.93877551020408,10.164237392191986
520859.02784983313,-63.5,10.164237392191986
0.49445386082552295,-85,10.694436141422818
0.4866421017272675,-84.56122448979592,10.694436141422818
0.4866421017272675,-84.12244897959184,10.694436141422818
0.4866421017272675,-83.68367346938776,10.694436141422818
0.4866421017272675,-83.24489795918367,10.694436141422818
0.4866421017272675,-82.8061224489796,10.694436141422818
0.4866421017272675,-82.36734693877551,10.694436141422818
0.4866421017272675,-81.92857142857143,10.694436141422818
0.4866421017272675,-81.48979591836735,10.694436141422818
0.4866421017272675,-81.05102040816327,10.694436141422818
0.4866421017272675,-80.61224489795919,10.694436141422818
0.4866421017272675,-80.1734693877551,10.694436141422818
0.4866421017272675,-79.73469387755102,10.694436141422818
0.4866421017272675,-79.29591836734694,10.694436141422818
0.4866421017272675,-78.85714285714286,10.694436141422818
0.4866421017272675,-78.41836734693878,10.694436141422818
0.4866421017272675,-77.9795918367347,10.694436141422818
0.4866421017272675,-77.54081632653062,10.694436141422818
0.4866421017272675,-77.10204081632654,10.694436141422818
0.4866421017272675,-76.66326530612245,10.694436141422818
0.4866421017272675,-76.22448979591837,10.694436141422818
0.4866421017272675,-75.78571428571429,10.694436141422818
0.4866421017272675,-75.34693877551021,10.694436141422818
0.4866421017272675,-74.90816326530611,10.694436141422818
0.4866421017272675,-74.46938775510205,10.694436141422818
0.4866421017272675,-74.03061224489795,10.694436141422818
0.4866421017272675,-73.59183673469389,10.694436141422818
0.4866421017272675,-73.15306122448979,10.694436141422818
0.4866421017272675,-72.71428571428572,10.694436141422818
0.4866421017272675,-72.27551020408163,10.694436141422818
0.4866421017272675,-71.83673469387755,10.694436141422818
0.4866421017272675,-71.39795918367346,10.694436141422818
0.4866421017272675,-70.95918367346938,10.694436141422818
0.4866421017272675,-70.5204081632653,10.694436141422818
0.4866421017272675,-70.08163265306122,10.694436141422818
0.4866421017272675,-69.64285714285714,10.694436141422818
0.4866421017272675,-69.20408163265306,10.694436141422818
0.4866421017272675,-68.76530612244898,10.694436141422818
0.4866421017272675,-68.3265306122449,10.694436141422818
0.4866421017272675,-67.88775510204081,10.694436141422818
0.4866421017272675,-67.44897959183673,10.694436141422818
0.4866421017272675,-67.01020408163265,10.694436141422818
520859.02784983313,-66.57142857142857,10.694436141422818
520859.02784983313,-66.13265306122449,10.694436141422818
520859.02784983313,-65.6938775510204,10.694436141422818
520859.02784983313,-65.25510204081633,10.694436141422818
520859.02784983313,-64.81632653061224,10.694436141422818
520859.02784983313,-64.37755102040816,10.694436141422818
520859.02784983313,-63.93877551020408,10.694436141422818
520859.02784983313,-63.5,10.694436141422818
0.49445386082552295,-85,11.22463489065365
0.4866421017272675,-84.56122448979592,11.22463489065365
0.4866421017272675,-84.12244897959184,11.22463489065365
0.4866421017272675,-83.68367346938776,11.22463489065365
0.4866421017272675,-83.24489795918367,11.22463489065365
0.4866421017272675,-82.8061224489796,11.22463489065365
0.4866421017272675,-82.36734693877551,11.22463489065365
0.4866421017272675,-81.92857142857143,11.22463489065365
0.4866421017272675,-81.48979591836735,11.22463489065365
0.4866421017272675,-81.05102040816327,11.22463489065365
0.4866421017272675,-80.61224489795919,11.22463489065365
0.4866421017272675,-80.1734693877551,11.22463489065365
0.4866421017272675,-79.73469387755102,11.22463489065365
0.4866421017272675,-79.29591836734694,11.22463489065365
0.4866421017272675,-78.85714285714286,11.22463489065365
0.4866421017272675,-78.41836734693878,11.22463489065365
0.4866421017272675,-77.9795918367347,11.22463489065365
0.4866421017272675,-77.54081632653062,11.22463489065365
0.4866421017272675,-77.10204081632654,11.22463489065365
0.4866421017272675,-76.66326530612245,11.22463489065365
0.4866421017272675,-76.22448979591837,11.22463489065365
0.4866421017272675,-75.78571428571429,11.22463489065365
0.4866421017272675,-75.34693877551021,11.22463489065365
0.4866421017272675,-74.90816326530611,11.22463489065365
0.4866421017272675,-74.46938775510205,11.22463489065365
0.4866421017272675,-74.03061224489795,11.22463489065365
0.4866421017272675,-73.59183673469389,11.22463489065365
0.4866421017272675,-73.15306122448979,11.22463489065365
0.4866421017272675,-72.71428571428572,11.22463489065365
0.4866421017272675,-72.27551020408163,11.22463489065365
0.4866421017272675,-71.83673469387755,11.22463489065365
0.4866421017272675,-71.39795918367346,11.22463489065365
0.4866421017272675,-70.95918367346938,11.22463489065365
0.4866421017272675,-70.5204081632653,11.22463489065365
0.4866421017272675,-70.08163265306122,11.22463489065365
0.4866421017272675,-69.64285714285714,11.22463489065365
0.4866421017272675,-69.20408163265306,11.22463489065365
0.4866421017272675,-68.76530612244898,11.22463489065365
0.4866421017272675,-68.3265306122449,11.22463489065365
0.4866421017272675,-67.88775510204081,11.22463489065365
0.4866421017272675,-67.44897959183673,11.22463489065365
0.4866421017272675,-67.01020408163265,11.22463489065365
520859.02784983313,-66.57142857142857,11.22463489065365
520859.02784983313,-66.13265306122449,11.22463489065365
520859.02784983313,-65.6938775510204,11.22463489065365
520859.02784983313,-65.25510204081633,11.22463489065365
520859.02784983313,-64.81632653061224,11.22463489065365
520859.02784983313,-64.37755102040816,11.22463489065365
520859.02784983313,-63.93877551020408,11.22463489065365
520859.02784983313,-63.5,11.22463489065365
0.49445386082552295,-85,11.754833639884483
0.4866421017272675,-84.56122448979592,11.754833639884483
0.4866421017272675,-84.12244897959184,11.754833639884483
0.4866421017272675,-83.68367346938776,11.754833639884483
0.4866421017272675,-83.24489795918367,11.754833639884483
0.4866421017272675,-82.8061224489796,11.754833639884483
0.4866421017272675,-82.36734693877551,11.754833639884483
0.4866421017272675,-81.92857142857143,11.754833639884483
0.4866421017272675,-81.48979591836735,11.754833639884483
0.4866421017272675,-81.05102040816327,11.754833639884483
0.4866421017272675,-80.61224489795919,11.754833639884483
0.4866421017272675,-80.1734693877551,11.754833639884483
0.4866421017272675,-79.73469387755102,11.754833639884483
0.4866421017272675,-79.29591836734694,11.754833639884483
0.4866421017272675,-78.85714285714286,11.754833639884483
0.4866421017272675,-78.41836734693878,11.754833639884483
0.4866421017272675,-77.9795918367347,11.754833639884483
0.4866421017272675,-77.54081632653062,11.754833639884483
0.4866421017272675,-77.10204081632654,11.754833639884483
0.4866421017272675,-76.66326530612245,11.754833639884483
0.4866421017272675,-76.22448979591837,11.754833639884483
0.4866421017272675,-75.78571428571429,11.754833639884483
0.4866421017272675,-75.34693877551021,11.754833639884483
0.4866421017272675,-74.90816326530611,11.754833639884483
0.4866421017272675,-74.46938775510205,11.754833639884483
0.4866421017272675,-74.03061224489795,11.754833639884483
0.4866421017272675,-73.59183673469389,11.754833639884483
0.4866421017272675,-73.15306122448979,11.754833639884483
0.4866421017272675,-72.71428571428572,11.754833639884483
0.4866421017272675,-72.27551020408163,11.754833639884483
0.4866421017272675,-71.83673469387755,11.754833639884483
0.4866421017272675,-71.39795918367346,11.754833639884483
0.4866421017272675,-70.95918367346938,11.754833639884483
0.4866421017272675,-70.5204081632653,11.754833639884483
0.4866421017272675,-70.08163265306122,11.754833639884483
0.4866421017272675,-69.64285714285714,11.754833639884483
0.4866421017272675,-69.20408163265306,11.754833639884483
0.4866421017272675,-68.76530612244898,11.754833639884483
0.4866421017272675,-68.3265306122449,11.754833639884483
0.4866421017272675,-67.88775510204081,11.754833639884483
0.4866421017272675,-67.44897959183673,11.754833639884483
0.4866421017272675,-67.01020408163265,11.754833639884483
520859.02784983313,-66.57142857142857,11.754833639884483
520859.02784983313,-66.13265306122449,11.754833639884483
520859.02784983313,-65.6938775510204,11.754833639884483
520859.02784983313,-65.25510204081633,11.754833639884483
520859.02784983313,-64.81632653061224,11.754833639884483
520859.02784983313,-64.37755102040816,11.754833639884483
520859.02784983313,-63.93877551020408,11.754833639884483
520859.02784983313,-63.5,11.754833639884483
0.49445386082552295,-85,12.285032389115315
0.4866421017272675,-84.56122448979592,12.285032389115315
0.4866421017272675,-84.12244897959184,12.285032389115315
0.4866421017272675,-83.68367346938776,12.285032389115315
0.4866421017272675,-83.24489795918367,12.285032389115315
0.4866421017272675,-82.8061224489796,12.285032389115315
0.4866421017272675,-82.36734693877551,12.285032389115315
0.4866421017272675,-81.92857142857143,12.285032389115315
0.4866421017272675,-81.48979591836735,12.285032389115315
0.4866421017272675,-81.05102040816327,12.285032389115315
0.4866421017272675,-80.61224489795919,12.285032389115315
0.4866421017272675,-80.1734693877551,12.285032389115315
0.4866421017272675,-79.73469387755102,12.285032389115315
0.4866421017272675,-79.29591836734694,12.285032389115315
0.4866421017272675,-78.85714285714286,12.285032389115315
0.4866421017272675,-78.41836734693878,12.285032389115315
0.4866421017272675,-77.9795918367347,12.285032389115315
0.4866421017272675,-77.54081632653062,12.285032389115315
0.4866421017272675,-77.10204081632654,12.285032389115315
0.4866421017272675,-76.66326530612245,12.285032389115315
0.4866421017272675,-76.22448979591837,12.285032389115315
0.4866421017272675,-75.78571428571429,12.285032389115315
0.4866421017272675,-75.34693877551021,12.285032389115315
0.4866421017272675,-74.90816326530611,12.285032389115315
0.4866421017272675,-74.46938775510205,12.285032389115315
0.4866421017272675,-74.03061224489795,12.285032389115315
0.4866421017272675,-73.59183673469389,12.285032389115315
0.4866421017272675,-73.15306122448979,12.285032389115315
0.4866421017272675,-72.71428571428572,12.285032389115315
0.4866421017272675,-72.27551020408163,12.285032389115315
0.4866421017272675,-71.83673469387755,12.285032389115315
0.4866421017272675,-71.39795918367346,12.285032389115315
0.4866421017272675,-70.95918367346938,12.285032389115315
0.4866421017272675,-70.5204081632653,12.285032389115315
0.4866421017272675,-70.08163265306122,12.285032389115315
0.4866421017272675,-69.64285714285714,12.285032389115315
0.4866421017272675,-69.20408163265306,12.285032389115315
0.4866421017272675,-68.76530612244898,12.285032389115315
0.4866421017272675,-68.3265306122449,12.285032389115315
0.4866421017272675,-67.88775510204081,12.285032389115315
0.4866421017272675,-67.44897959183673,12.285032389115315
0.4866421017272675,-67.01020408163265,12.285032389115315
520859.02784983313,-66.57142857142857,12.285032389115315
520859.02784983313,-66.13265306122449,12.285032389115315
520859.02784983313,-65.6938775510204,12.285032389115315
520859.02784983313,-65.25510204081633,12.285032389115315
520859.02784983313,-64.81632653061224,12.285032389115315
520859.02784983313,-64.37755102040816,12.285032389115315
520859.02784983313,-63.93877551020408,12.285032389115315
520859.02784983313,-63.5,12.285032389115315
0.49445386082552295,-85,12.815231138346148
0.4866421017272675,-84.56122448979592,12.815231138346148
0.4866421017272675,-84.12244897959184,12.815231138346148
0.4866421017272675,-83.68367346938776,12.815231138346148
0.4866421017272675,-83.24489795918367,12.815231138346148
0.4866421017272675,-82.8061224489796,12.815231138346148
0.4866421017272675,-82.36734693877551,12.815231138346148
0.4866421017272675,-81.92857142857143,12.815231138346148
0.4866421017272675,-81.48979591836735,12.815231138346148
0.4866421017272675,-81.05102040816327,12.815231138346148
0.4866421017272675,-80.61224489795919,12.815231138346148
0.4866421017272675,-80.1734693877551,12.815231138346148
0.4866421017272675,-79.73469387755102,12.815231138346148
0.4866421017272675,-79.29591836734694,12.815231138346148
0.4866421017272675,-78.85714285714286,12.815231138346148
0.4866421017272675,-78.41836734693878,12.815231138346148
0.4866421017272675,-77.9795918367347,12.815231138346148
0.4866421017272675,-77.54081632653062,12.815231138346148
0.4866421017272675,-77.10204081632654,12.815231138346148
0.4866421017272675,-76.66326530612245,12.815231138346148
0.4866421017272675,-76.22448979591837,12.815231138346148
0.4866421017272675,-75.78571428571429,12.815231138346148
0.4866421017272675,-75.34693877551021,12.815231138346148
0.4866421017272675,-74.90816326530611,12.815231138346148
0.4866421017272675,-74.46938775510205,12.815231138346148
0.4866421017272675,-74.03061224489795,12.815231138346148
0.4866421017272675,-73.59183673469389,12.815231138346148
0.4866421017272675,-73.15306122448979,12.815231138346148
0.4866421017272675,-72.71428571428572,12.815231138346148
0.4866421017272675,-72.27551020408163,12.815231138346148
0.4866421017272675,-71.83673469387755,12.815231138346148
0.4866421017272675,-71.39795918367346,12.815231138346148
0.4866421017272675,-70.95918367346938,12.815231138346148
0.4866421017272675,-70.5204081632653,12.815231138346148
0.4866421017272675,-70.08163265306122,12.815231138346148
0.4866421017272675,-69.64285714285714,12.815231138346148
0.4866421017272675,-69.20408163265306,12.815231138346148
0.4866421017272675,-68.76530612244898,12.815231138346148
0.4866421017272675,-68.3265306122449,12.815231138346148
0.4866421017272675,-67.88775510204081,12.815231138346148
0.4866421017272675,-67.44897959183673,12.815231138346148
0.4866421017272675,-67.01020408163265,12.815231138346148
520859.02784983313,-66.57142857142857,12.815231138346148
520859.02784983313,-66.13265306122449,12.815231138346148
520859.02784983313,-65.6938775510204,12.815231138346148
520859.02784983313,-65.25510204081633,12.815231138346148
520859.02784983313,-64.81632653061224,12.815231138346148
520859.02784983313,-64.37755102040816,12.815231138346148
520859.02784983313,-63.93877551020408,12.815231138346148
520859.02784983313,-63.5,12.815231138346148
0.49445386082552295,-85,13.34542988757698
0.4866421017272675,-84.56122448979592,13.34542988757698
0.4866421017272675,-84.12244897959184,13.34542988757698
0.4866421017272675,-83.68367346938776,13.34542988757698
0.4866421017272675,-83.24489795918367,13.34542988757698
0.4866421017272675,-82.8061224489796,13.34542988757698
0.4866421017272675,-82.36734693877551,13.34542988757698
0.4866421017272675,-81.92857142857143,13.34542988757698
0.4866421017272675,-81.48979591836735,13.34542988757698
0.4866421017272675,-81.05102040816327,13.34542988757698
0.4866421017272675,-80.61224489795919,13.34542988757698
0.4866421017272675,-80.1734693877551,13.34542988757698
0.4866421017272675,-79.73469387755102,13.34542988757698
0.4866421017272675,-79.29591836734694,13.34542988757698
0.4866421017272675,-78.85714285714286,13.34542988757698
0.4866421017272675,-78.41836734693878,13.34542988757698
0.4866421017272675,-77.9795918367347,13.34542988757698
0.4866421017272675,-77.54081632653062,13.34542988757698
0.4866421017272675,-77.10204081632654,13.34542988757698
0.4866421017272675,-76.66326530612245,13.34542988757698
0.4866421017272675,-76.22448979591837,13.34542988757698
0.4866421017272675,-75.78571428571429,13.34542988757698
0.4866421017272675,-75.34693877551021,13.34542988757698
0.4866421017272675,-74.90816326530611,13.34542988757698
0.4866421017272675,-74.46938775510205,13.34542988757698
0.4866421017272675,-74.03061224489795,13.34542988757698
0.4866421017272675,-73.59183673469389,13.34542988757698
0.4866421017272675,-73.15306122448979,13.34542988757698
0.4866421017272675,-72.71428571428572,13.34542988757698
0.4866421017272675,-72.27551020408163,13.34542988757698
0.4866421017272675,-71.83673469387755,13.34542988757698
0.4866421017272675,-71.39795918367346,13.34542988757698
0.4866421017272675,-70.95918367346938,13.34542988757698
0.4866421017272675,-70.5204081632653,13.34542988757698
0.4866421017272675,-70.08163265306122,13.34542988757698
0.4866421017272675,-69.64285714285714,13.34542988757698
0.4866421017272675,-69.20408163265306,13.34542988757698
0.4866421017272675,-68.76530612244898,13.34542988757698
0.4866421017272675,-68.3265306122449,13.34542988757698
0.4866421017272675,-67.88775510204081,13.34542988757698
0.4866421017272675,-67.44897959183673,13.34542988757698
0.4866421017272675,-67.01020408163265,13.34542988757698
520859.02784983313,-66.57142857142857,13.34542988757698
520859.02784983313,-66.13265306122449,13.34542988757698
520859.02784983313,-65.6938775510204,13.34542988757698
520859.02784983313,-65.25510204081633,13.34542988757698
520859.02784983313,-64.81632653061224,13.34542988757698
520859.02784983313,-64.37755102040816,13.34542988757698
520859.02784983313,-63.93877551020408,13.34542988757698
520859.02784983313,-63.5,13.34542988757698
0.49445386082552295,-85,13.875628636807813
0.4866421017272675,-84.56122448979592,13.875628636807813
0.4866421017272675,-84.12244897959184,13.875628636807813
0.4866421017272675,-83.68367346938776,13.875628636807813
0.4866421017272675,-83.24489795918367,13.875628636807813
0.4866421017272675,-82.8061224489796,13.875628636807813
0.4866421017272675,-82.36734693877551,13.875628636807813
0.4866421017272675,-81.92857142857143,13.875628636807813
0.4866421017272675,-81.48979591836735,13.875628636807813
0.4866421017272675,-81.05102040816327,13.875628636807813
0.4866421017272675,-80.61224489795919,13.875628636807813
0.4866421017272675,-80.1734693877551,13.875628636807813
0.4866421017272675,-79.73469387755102,13.875628636807813
0.4866421017272675,-79.29591836734694,13.875628636807813
0.4866421017272675,-78.85714285714286,13.875628636807813
0.4866421017272675,-78.41836734693878,13.875628636807813
0.4866421017272675,-77.9795918367347,13.875628636807813
0.4866421017272675,-77.54081632653062,13.875628636807813
0.4866421017272675,-77.10204081632654,13.875628636807813
0.4866421017272675,-76.66326530612245,13.875628636807813
0.4866421017272675,-76.22448979591837,13.875628636807813
0.4866421017272675,-75.78571428571429,13.875628636807813
0.4866421017272675,-75.34693877551021,13.875628636807813
0.4866421017272675,-74.90816326530611,13.875628636807813
0.4866421017272675,-74.46938775510205,13.875628636807813
0.4866421017272675,-74.03061224489795,13.875628636807813
0.4866421017272675,-73.59183673469389,13.875628636807813
0.4866421017272675,-73.15306122448979,13.875628636807813
0.4866421017272675,-72.71428571428572,13.875628636807813
0.4866421017272675,-72.27551020408163,13.875628636807813
0.4866421017272675,-71.83673469387755,13.875628636807813
0.4866421017272675,-71.39795918367346,13.875628636807813
0.4866421017272675,-70.95918367346938,13.875628636807813
0.4866421017272675,-70.5204081632653,13.875628636807813
0.4866421017272675,-70.08163265306122,13.875628636807813
0.4866421017272675,-69.64285714285714,13.875628636807813
0.4866421017272675,-69.20408163265306,13.875628636807813
0.4866421017272675,-68.76530612244898,13.875628636807813
0.4866421017272675,-68.3265306122449,13.875628636807813
0.4866421017272675,-67.88775510204081,13.875628636807813
0.4866421017272675,-67.44897959183673,13.875628636807813
0.4866421017272675,-67.01020408163265,13.875628636807813
520859.02784983313,-66.57142857142857,13.875628636807813
520859.02784983313,-66.13265306122449,13.875628636807813
520859.02784983313,-65.6938775510204,13.875628636807813
520859.02784983313,-65.25510204081633,13.875628636807813
520859.02784983313,-64.81632653061224,13.875628636807813
520859.02784983313,-64.37755102040816,13.875628636807813
520859.02784983313,-63.93877551020408,13.875628636807813
520859.02784983313,-63.5,13.875628636807813
0.49445386082552295,-85,14.405827386038645
0.4866421017272675,-84.56122448979592,14.405827386038645
0.4866421017272675,-84.12244897959184,14.405827386038645
0.4866421017272675,-83.68367346938776,14.405827386038645
0.4866421017272675,-83.24489795918367,14.405827386038645
0.4866421017272675,-82.8061224489796,14.405827386038645
0.4866421017272675,-82.36734693877551,14.405827386038645
0.4866421017272675,-81.92857142857143,14.405827386038645
0.4866421017272675,-81.48979591836735,14.405827386038645
0.4866421017272675,-81.05102040816327,14.405827386038645
0.4866421017272675,-80.61224489795919,14.405827386038645
0.4866421017272675,-80.1734693877551,14.405827386038645
0.4866421017272675,-79.73469387755102,14.405827386038645
0.4866421017272675,-79.29591836734694,14.405827386038645
0.4866421017272675,-78.85714285714286,14.405827386038645
0.4866421017272675,-78.41836734693878,14.405827386038645
0.4866421017272675,-77.9795918367347,14.405827386038645
0.4866421017272675,-77.54081632653062,14.405827386038645
0.4866421017272675,-77.10204081632654,14.405827386038645
0.4866421017272675,-76.66326530612245,14.405827386038645
0.4866421017272675,-76.22448979591837,14.405827386038645
0.4866421017272675,-75.78571428571429,14.405827386038645
0.4866421017272675,-75.34693877551021,14.405827386038645
0.4866421017272675,-74.90816326530611,14.405827386038645
0.4866421017272675,-74.46938775510205,14.405827386038645
0.4866421017272675,-74.03061224489795,14.405827386038645
0.4866421017272675,-73.59183673469389,14.405827386038645
0.4866421017272675,-73.15306122448979,14.405827386038645
0.4866421017272675,-72.71428571428572,14.405827386038645
0.4866421017272675,-72.27551020408163,14.405827386038645
0.4866421017272675,-71.83673469387755,14.405827386038645
0.4866421017272675,-71.39795918367346,14.405827386038645
0.4866421017272675,-70.95918367346938,14.405827386038645
0.4866421017272675,-70.5204081632653,14.405827386038645
0.4866421017272675,-70.08163265306122,14.405827386038645
0.4866421017272675,-69.64285714285714,14.405827386038645
0.4866421017272675,-69.20408163265306,14.405827386038645
0.4866421017272675,-68.76530612244898,14.405827386038645
0.4866421017272675,-68.3265306122449,14.405827386038645
0.4866421017272675,-67.88775510204081,14.405827386038645
0.4866421017272675,-67.44897959183673,14.405827386038645
0.4866421017272675,-67.01020408163265,14.405827386038645
520859.02784983313,-66.57142857142857,14.405827386038645
520859.02784983313,-66.13265306122449,14.405827386038645
520859.02784983313,-65.6938775510204,14.405827386038645
520859.02784983313,-65.25510204081633,14.405827386038645
520859.02784983313,-64.81632653061224,14.405827386038645
520859.02784983313,-64.37755102040816,14.405827386038645
520859.02784983313,-63.93877551020408,14.405827386038645
520859.02784983313,-63.5,14.405827386038645
0.49445386082552295,-85,14.936026135269477
0.4866421017272675,-84.56122448979592,14.936026135269477
0.4866421017272675,-84.12244897959184,14.936026135269477
0.4866421017272675,-83.68367346938776,14.936026135269477
0.4866421017272675,-83.24489795918367,14.936026135269477
0.4866421017272675,-82.8061224489796,14.936026135269477
0.4866421017272675,-82.36734693877551,14.936026135269477
0.4866421017272675,-81.92857142857143,14.936026135269477
0.4866421017272675,-81.48979591836735,14.936026135269477
0.4866421017272675,-81.05102040816327,14.936026135269477
0.4866421017272675,-80.61224489795919,14.936026135269477
0.4866421017272675,-80.1734693877551,14.936026135269477
0.4866421017272675,-79.73469387755102,14.936026135269477
0.4866421017272675,-79.29591836734694,14.936026135269477
0.4866421017272675,-78.85714285714286,14.936026135269477
0.4866421017272675,-78.41836734693878,14.936026135269477
0.4866421017272675,-77.9795918367347,14.936026135269477
0.4866421017272675,-77.54081632653062,14.936026135269477
0.4866421017272675,-77.10204081632654,14.936026135269477
0.4866421017272675,-76.66326530612245,14.936026135269477
0.4866421017272675,-76.22448979591837,14.936026135269477
0.4866421017272675,-75.78571428571429,14.936026135269477
0.4866421017272675,-75.34693877551021,14.936026135269477
0.4866421017272675,-74.90816326530611,14.936026135269477
0.4866421017272675,-74.46938775510205,14.936026135269477
0.4866421017272675,-74.03061224489795,14.936026135269477
0.4866421017272675,-73.59183673469389,14.936026135269477
0.4866421017272675,-73.15306122448979,14.936026135269477
0.4866421017272675,-72.71428571428572,14.936026135269477
0.4866421017272675,-72.27551020408163,14.936026135269477
0.4866421017272675,-71.83673469387755,14.936026135269477
0.4866421017272675,-71.39795918367346,14.936026135269477
0.4866421017272675,-70.95918367346938,14.936026135269477
0.4866421017272675,-70.5204081632653,14.936026135269477
0.4866421017272675,-70.08163265306122,14.936026135269477
0.4866421017272675,-69.64285714285714,14.936026135269477
0.4866421017272675,-69.20408163265306,14.936026135269477
0.4866421017272675,-68.76530612244898,14.936026135269477
0.4866421017272675,-68.3265306122449,14.936026135269477
0.4866421017272675,-67.88775510204081,14.936026135269477
0.4866421017272675,-67.44897959183673,14.936026135269477
0.4866421017272675,-67.01020408163265,14.936026135269477
520859.02784983313,-66.57142857142857,14.936026135269477
520859.02784983313,-66.13265306122449,14.936026135269477
520859.02784983313,-65.6938775510204,14.936026135269477
520859.02784983313,-65.25510204081633,14.936026135269477
520859.02784983313,-64.81632653061224,14.936026135269477
520859.02784983313,-64.37755102040816,14.936026135269477
520859.02784983313,-63.93877551020408,14.936026135269477
520859.02784983313,-63.5,14.936026135269477
0.49445386082552295,-85,15.46622488450031
0.4866421017272675,-84.56122448979592,15.46622488450031
0.4866421017272675,-84.12244897959184,15.46622488450031
0.4866421017272675,-83.68367346938776,15.46622488450031
0.4866421017272675,-83.24489795918367,15.46622488450031
0.4866421017272675,-82.8061224489796,15.46622488450031
0.4866421017272675,-82.36734693877551,15.46622488450031
0.4866421017272675,-81.92857142857143,15.46622488450031
0.4866421017272675,-81.48979591836735,15.46622488450031
0.4866421017272675,-81.05102040816327,15.46622488450031
0.4866421017272675,-80.61224489795919,15.46622488450031
0.4866421017272675,-80.1734693877551,15.46622488450031
0.4866421017272675,-79.73469387755102,15.46622488450031
0.4866421017272675,-79.29591836734694,15.46622488450031
0.4866421017272675,-78.85714285714286,15.46622488450031
0.4866421017272675,-78.41836734693878,15.46622488450031
0.4866421017272675,-77.9795918367347,15.46622488450031
0.4866421017272675,-77.54081632653062,15.46622488450031
0.4866421017272675,-77.10204081632654,15.46622488450031
0.4866421017272675,-76.66326530612245,15.46622488450031
0.4866421017272675,-76.22448979591837,15.46622488450031
0.4866421017272675,-75.78571428571429,15.46622488450031
0.4866421017272675,-75.34693877551021,15.46622488450031
0.4866421017272675,-74.90816326530611,15.46622488450031
0.4866421017272675,-74.46938775510205,15.46622488450031
0.4866421017272675,-74.03061224489795,15.46622488450031
0.4866421017272675,-73.59183673469389,15.46622488450031
0.4866421017272675,-73.15306122448979,15.46622488450031
0.4866421017272675,-72.71428571428572,15.46622488450031
0.4866421017272675,-72.27551020408163,15.46622488450031
0.4866421017272675,-71.83673469387755,15.46622488450031
0.4866421017272675,-71.39795918367346,15.46622488450031
0.4866421017272675,-70.95918367346938,15.46622488450031
0.4866421017272675,-70.5204081632653,15.46622488450031
0.4866421017272675,-70.08163265306122,15.46622488450031
0.4866421017272675,-69.64285714285714,15.46622488450031
0.4866421017272675,-69.20408163265306,15.46622488450031
0.4866421017272675,-68.76530612244898,15.46622488450031
0.4866421017272675,-68.3265306122449,15.46622488450031
0.4866421017272675,-67.88775510204081,15.46622488450031
0.4866421017272675,-67.44897959183673,15.46622488450031
0.4866421017272675,-67.01020408163265,15.46622488450031
520859.02784983313,-66.57142857142857,15.46622488450031
520859.02784983313,-66.13265306122449,15.46622488450031
520859.02784983313,-65.6938775510204,15.46622488450031
520859.02784983313,-65.25510204081633,15.46622488450031
520859.02784983313,-64.81632653061224,15.46622488450031
520859.02784983313,-64.37755102040816,15.46622488450031
520859.02784983313,-63.93877551020408,15.46622488450031
520859.02784983313,-63.5,15.46622488450031
0.49445386082552295,-85,15.996423633731144
0.4866421017272675,-84.56122448979592,15.996423633731144
0.4866421017272675,-84.12244897959184,15.996423633731144
0.4866421017272675,-83.68367346938776,15.996423633731144
0.4866421017272675,-83.24489795918367,15.996423633731144
0.4866421017272675,-82.8061224489796,15.996423633731144
0.4866421017272675,-82.36734693877551,15.996423633731144
0.4866421017272675,-81.92857142857143,15.996423633731144
0.4866421017272675,-81.48979591836735,15.996423633731144
0.4866421017272675,-81.05102040816327,15.996423633731144
0.4866421017272675,-80.61224489795919,15.996423633731144
0.4866421017272675,-80.1734693877551,15.996423633731144
0.4866421017272675,-79.73469387755102,15.996423633731144
0.4866421017272675,-79.29591836734694,15.996423633731144
0.4866421017272675,-78.85714285714286,15.996423633731144
0.4866421017272675,-78.41836734693878,15.996423633731144
0.4866421017272675,-77.9795918367347,15.996423633731144
0.4866421017272675,-77.54081632653062,15.996423633731144
0.4866421017272675,-77.10204081632654,15.996423633731144
0.4866421017272675,-76.66326530612245,15.996423633731144
0.4866421017272675,-76.22448979591837,15.996423633731144
0.4866421017272675,-75.78571428571429,15.996423633731144
0.4866421017272675,-75.34693877551021,15.996423633731144
0.4866421017272675,-74.90816326530611,15.996423633731144
0.4866421017272675,-74.46938775510205,15.996423633731144
0.4866421017272675,-74.03061224489795,15.996423633731144
0.4866421017272675,-73.59183673469389,15.996423633731144
0.4866421017272675,-73.15306122448979,15.996423633731144
0.4866421017272675,-72.71428571428572,15.996423633731144
0.4866421017272675,-72.27551020408163,15.996423633731144
0.4866421017272675,-71.83673469387755,15.996423633731144
0.4866421017272675,-71.39795918367346,15.996423633731144
0.4866421017272675,-70.95918367346938,15.996423633731144
0.4866421017272675,-70.5204081632653,15.996423633731144
0.4866421017272675,-70.08163265306122,15.996423633731144
0.4866421017272675,-69.64285714285714,15.996423633731144
0.4866421017272675,-69.20408163265306,15.996423633731144
0.4866421017272675,-68.76530612244898,15.996423633731144
0.4866421017272675,-68.3265306122449,15.996423633731144
0.4866421017272675,-67.88775510204081,15.996423633731144
0.4866421017272675,-67.44897959183673,15.996423633731144
0.4866421017272675,-67.01020408163265,15.996423633731144
520859.02784983313,-66.57142857142857,15.996423633731144
520859.02784983313,-66.13265306122449,15.996423633731144
520859.02784983313,-65.6938775510204,15.996423633731144
520859.02784983313,-65.25510204081633,15.996423633731144
520859.02784983313,-64.81632653061224,15.996423633731144
520859.02784983313,-64.37755102040816,15.996423633731144
520859.02784983313,-63.93877551020408,15.996423633731144
520859.02784983313,-63.5,15.996423633731144
0.8877256685713173,-85,16.526622382961975
0.8737007015973736,-84.56122448979592,16.526622382961975
0.8737007015973736,-84.12244897959184,16.526622382961975
0.8737007015973736,-83.68367346938776,16.526622382961975
0.8737007015973736,-83.24489795918367,16.526622382961975
0.8737007015973736,-82.8061224489796,16.526622382961975
0.8737007015973736,-82.36734693877551,16.526622382961975
0.8737007015973736,-81.92857142857143,16.526622382961975
0.8737007015973736,-81.48979591836735,16.526622382961975
0.8737007015973736,-81.05102040816327,16.526622382961975
0.8737007015973736,-80.61224489795919,16.526622382961975
0.8737007015973736,-80.1734693877551,16.526622382961975
0.8737007015973736,-79.73469387755102,16.526622382961975
0.8737007015973736,-79.29591836734694,16.526622382961975
0.8737007015973736,-78.85714285714286,16.526622382961975
0.8737007015973736,-78.41836734693878,16.526622382961975
0.8737007015973736,-77.9795918367347,16.526622382961975
0.8737007015973736,-77.54081632653062,16.526622382961975
0.8737007015973736,-77.10204081632654,16.526622382961975
0.8737007015973736,-76.66326530612245,16.526622382961975
0.8737007015973736,-76.22448979591837,16.526622382961975
0.8737007015973736,-75.78571428571429,16.526622382961975
0.8737007015973736,-75.34693877551021,16.526622382961975
0.8737007015973736,-74.90816326530611,16.526622382961975
0.8737007015973736,-74.46938775510205,16.526622382961975
0.8737007015973736,-74.03061224489795,16.526622382961975
0.8737007015973736,-73.59183673469389,16.526622382961975
0.8737007015973736,-73.15306122448979,16.526622382961975
0.8737007015973736,-72.71428571428572,16.526622382961975
0.8737007015973736,-72.27551020408163,16.526622382961975
0.8737007015973736,-71.83673469387755,16.526622382961975
0.8737007015973736,-71.39795918367346,16.526622382961975
0.8737007015973736,-70.95918367346938,16.526622382961975
0.8737007015973736,-70.5204081632653,16.526622382961975
0.8737007015973736,-70.08163265306122,16.526622382961975
0.8737007015973736,-69.64285714285714,16.526622382961975
0.8737007015973736,-69.20408163265306,16.526622382961975
0.8737007015973736,-68.76530612244898,16.526622382961975
0.8737007015973736,-68.3265306122449,16.526622382961975
0.8737007015973736,-67.88775510204081,16.526622382961975
0.8737007015973736,-67.44897959183673,16.526622382961975
0.8737007015973736,-67.01020408163265,16.526622382961975
162246728115.44232,-66.57142857142857,16.526622382961975
162246728115.44232,-66.13265306122449,16.526622382961975
162246728115.44232,-65.6938775510204,16.526622382961975
162246728115.44232,-65.25510204081633,16.526622382961975
162246728115.44232,-64.81632653061224,16.526622382961975
162246728115.44232,-64.37755102040816,16.526622382961975
162246728115.44232,-63.93877551020408,16.526622382961975
162246728115.44232,-63.5,16.526622382961975
0.8877256685713173,-85,17.05682113219281
0.8737007015973736,-84.56122448979592,17.05682113219281
0.8737007015973736,-84.12244897959184,17.05682113219281
0.8737007015973736,-83.68367346938776,17.05682113219281
0.8737007015973736,-83.24489795918367,17.05682113219281
0.8737007015973736,-82.8061224489796,17.05682113219281
0.8737007015973736,-82.36734693877551,17.05682113219281
0.8737007015973736,-81.92857142857143,17.05682113219281
0.8737007015973736,-81.48979591836735,17.05682113219281
0.8737007015973736,-81.05102040816327,17.05682113219281
0.8737007015973736,-80.61224489795919,17.05682113219281
0.8737007015973736,-80.1734693877551,17.05682113219281
0.8737007015973736,-79.73469387755102,17.05682113219281
0.8737007015973736,-79.29591836734694,17.05682113219281
0.8737007015973736,-78.85714285714286,17.05682113219281
0.8737007015973736,-78.41836734693878,17.05682113219281
0.8737007015973736,-77.9795918367347,17.05682113219281
0.8737007015973736,-77.54081632653062,17.05682113219281
0.8737007015973736,-77.10204081632654,17.05682113219281
0.8737007015973736,-76.66326530612245,17.05682113219281
0.8737007015973736,-76.22448979591837,17.05682113219281
0.8737007015973736,-75.78571428571429,17.05682113219281
0.8737007015973736,-75.34693877551021,17.05682113219281
0.8737007015973736,-74.90816326530611,17.05682113219281
0.8737007015973736,-74.46938775510205,17.05682113219281
0.8737007015973736,-74.03061224489795,17.05682113219281
0.8737007015973736,-73.59183673469389,17.05682113219281
0.8737007015973736,-73.15306122448979,17.05682113219281
0.8737007015973736,-72.71428571428572,17.05682113219281
0.8737007015973736,-72.27551020408163,17.05682113219281
0.8737007015973736,-71.83673469387755,17.05682113219281
0.8737007015973736,-71.39795918367346,17.05682113219281
0.8737007015973736,-70.95918367346938,17.05682113219281
0.8737007015973736,-70.5204081632653,17.05682113219281
0.8737007015973736,-70.08163265306122,17.05682113219281
0.8737007015973736,-69.64285714285714,17.05682113219281
0.8737007015973736,-69.20408163265306,17.05682113219281
0.8737007015973736,-68.76530612244898,17.05682113219281
0.8737007015973736,-68.3265306122449,17.05682113219281
0.8737007015973736,-67.88775510204081,17.05682113219281
0.8737007015973736,-67.44897959183673,17.05682113219281
0.8737007015973736,-67.01020408163265,17.05682113219281
162246728115.44232,-66.57142857142857,17.05682113219281
162246728115.44232,-66.13265306122449,17.05682113219281
162246728115.44232,-65.6938775510204,17.05682113219281
162246728115.44232,-65.25510204081633,17.05682113219281
162246728115.44232,-64.81632653061224,17.05682113219281
162246728115.44232,-64.37755102040816,17.05682113219281
162246728115.44232,-63.93877551020408,17.05682113219281
162246728115.44232,-63.5,17.05682113219281
0.8877256685713173,-85,17.587019881423643
0.8737007015973736,-84.56122448979592,17.587019881423643
0.8737007015973736,-84.12244897959184,17.587019881423643
0.8737007015973736,-83.68367346938776,17.587019881423643
0.8737007015973736,-83.24489795918367,17.587019881423643
0.8737007015973736,-82.8061224489796,17.587019881423643
0.8737007015973736,-82.36734693877551,17.587019881423643
0.8737007015973736,-81.92857142857143,17.587019881423643
0.8737007015973736,-81.48979591836735,17.587019881423643
0.8737007015973736,-81.05102040816327,17.587019881423643
0.8737007015973736,-80.61224489795919,17.587019881423643
0.8737007015973736,-80.1734693877551,17.587019881423643
0.8737007015973736,-79.73469387755102,17.587019881423643
0.8737007015973736,-79.29591836734694,17.587019881423643
0.8737007015973736,-78.85714285714286,17.587019881423643
0.8737007015973736,-78.41836734693878,17.587019881423643
0.8737007015973736,-77.9795918367347,17.587019881423643
0.8737007015973736,-77.54081632653062,17.587019881423643
0.8737007015973736,-77.10204081632654,17.587019881423643
0.8737007015973736,-76.66326530612245,17.587019881423643
0.8737007015973736,-76.22448979591837,17.587019881423643
0.8737007015973736,-75.78571428571429,17.587019881423643
0.8737007015973736,-75.34693877551021,17.587019881423643
0.8737007015973736,-74.90816326530611,17.587019881423643
0.8737007015973736,-74.46938775510205,17.587019881423643
0.8737007015973736,-74.03061224489795,17.587019881423643
0.8737007015973736,-73.59183673469389,17.587019881423643
0.8737007015973736,-73.15306122448979,17.587019881423643
0.8737007015973736,-72.71428571428572,17.587019881423643
0.8737007015973736,-72.27551020408163,17.587019881423643
0.8737007015973736,-71.83673469387755,17.587019881423643
0.8737007015973736,-71.39795918367346,17.587019881423643
0.8737007015973736,-70.95918367346938,17.587019881423643
0.8737007015973736,-70.5204081632653,17.587019881423643
0.8737007015973736,-70.08163265306122,17.587019881423643
0.8737007015973736,-69.64285714285714,17.587019881423643
0.8737007015973736,-69.20408163265306,17.587019881423643
0.8737007015973736,-68.76530612244898,17.587019881423643
0.8737007015973736,-68.3265306122449,17.587019881423643
0.8737007015973736,-67.88775510204081,17.587019881423643
0.8737007015973736,-67.44897959183673,17.587019881423643
0.8737007015973736,-67.01020408163265,17.587019881423643
162246728115.44232,-66.57142857142857,17.587019881423643
162246728115.44232,-66.13265306122449,17.587019881423643
162246728115.44232,-65.6938775510204,17.587019881423643
162246728115.44232,-65.25510204081633,17.587019881423643
162246728115.44232,-64.81632653061224,17.587019881423643
162246728115.44232,-64.37755102040816,17.587019881423643
162246728115.44232,-63.93877551020408,17.587019881423643
162246728115.44232,-63.5,17.587019881423643
0.8877256685713173,-85,18.117218630654474
0.8737007015973736,-84.56122448979592,18.117218630654474
0.8737007015973736,-84.12244897959184,18.117218630654474
0.8737007015973736,-83.68367346938776,18.117218630654474
0.8737007015973736,-83.24489795918367,18.117218630654474
0.8737007015973736,-82.8061224489796,18.117218630654474
0.8737007015973736,-82.36734693877551,18.117218630654474
0.8737007015973736,-81.92857142857143,18.117218630654474
0.8737007015973736,-81.48979591836735,18.117218630654474
0.8737007015973736,-81.05102040816327,18.117218630654474
0.8737007015973736,-80.61224489795919,18.117218630654474
0.8737007015973736,-80.1734693877551,18.117218630654474
0.8737007015973736,-79.73469387755102,18.117218630654474
0.8737007015973736,-79.29591836734694,18.117218630654474
0.8737007015973736,-78.85714285714286,18.117218630654474
0.8737007015973736,-78.41836734693878,18.117218630654474
0.8737007015973736,-77.9795918367347,18.117218630654474
0.8737007015973736,-77.54081632653062,18.117218630654474
0.8737007015973736,-77.10204081632654,18.117218630654474
0.8737007015973736,-76.66326530612245,18.117218630654474
0.8737007015973736,-76.22448979591837,18.117218630654474
0.8737007015973736,-75.78571428571429,18.117218630654474
0.8737007015973736,-75.34693877551021,18.117218630654474
0.8737007015973736,-74.90816326530611,18.117218630654474
0.8737007015973736,-74.46938775510205,18.117218630654474
0.8737007015973736,-74.03061224489795,18.117218630654474
0.8737007015973736,-73.59183673469389,18.117218630654474
0.8737007015973736,-73.15306122448979,18.117218630654474
0.8737007015973736,-72.71428571428572,18.117218630654474
0.8737007015973736,-72.27551020408163,18.117218630654474
0.8737007015973736,-71.83673469387755,18.117218630654474
0.8737007015973736,-71.39795918367346,18.117218630654474
0.8737007015973736,-70.95918367346938,18.117218630654474
0.8737007015973736,-70.5204081632653,18.117218630654474
0.8737007015973736,-70.08163265306122,18.117218630654474
0.8737007015973736,-69.64285714285714,18.117218630654474
0.8737007015973736,-69.20408163265306,18.117218630654474
0.8737007015973736,-68.76530612244898,18.117218630654474
0.8737007015973736,-68.3265306122449,18.117218630654474
0.8737007015973736,-67.88775510204081,18.117218630654474
0.8737007015973736,-67.44897959183673,18.117218630654474
0.8737007015973736,-67.01020408163265,18.117218630654474
162246728115.44232,-66.57142857142857,18.117218630654474
162246728115.44232,-66.13265306122449,18.117218630654474
162246728115.44232,-65.6938775510204,18.117218630654474
162246728115.44232,-65.25510204081633,18.117218630654474
162246728115.44232,-64.81632653061224,18.117218630654474
162246728115.44232,-64.37755102040816,18.117218630654474
162246728115.44232,-63.93877551020408,18.117218630654474
162246728115.44232,-63.5,18.117218630654474
0.9283611873246539,-85,18.647417379885304
0.9136942294421879,-84.56122448979592,18.647417379885304
0.9136942294421879,-84.12244897959184,18.647417379885304
0.9136942294421879,-83.68367346938776,18.647417379885304
0.9136942294421879,-83.24489795918367,18.647417379885304
0.9136942294421879,-82.8061224489796,18.647417379885304
0.9136942294421879,-82.36734693877551,18.647417379885304
0.9136942294421879,-81.92857142857143,18.647417379885304
0.9136942294421879,-81.48979591836735,18.647417379885304
0.9136942294421879,-81.05102040816327,18.647417379885304
0.9136942294421879,-80.61224489795919,18.647417379885304
0.9136942294421879,-80.1734693877551,18.647417379885304
0.9136942294421879,-79.73469387755102,18.647417379885304
0.9136942294421879,-79.29591836734694,18.647417379885304
0.9136942294421879,-78.85714285714286,18.647417379885304
0.9136942294421879,-78.41836734693878,18.647417379885304
0.9136942294421879,-77.9795918367347,18.647417379885304
0.9136942294421879,-77.54081632653062,18.647417379885304
0.9136942294421879,-77.10204081632654,18.647417379885304
0.9136942294421879,-76.66326530612245,18.647417379885304
0.9136942294421879,-76.22448979591837,18.647417379885304
0.9136942294421879,-75.78571428571429,18.647417379885304
0.9136942294421879,-75.34693877551021,18.647417379885304
0.9136942294421879,-74.90816326530611,18.647417379885304
0.9136942294421879,-74.46938775510205,18.647417379885304
0.9136942294421879,-74.03061224489795,18.647417379885304
0.9136942294421879,-73.59183673469389,18.647417379885304
0.9136942294421879,-73.15306122448979,18.647417379885304
0.9136942294421879,-72.71428571428572,18.647417379885304
0.9136942294421879,-72.27551020408163,18.647417379885304
0.9136942294421879,-71.83673469387755,18.647417379885304
0.9136942294421879,-71.39795918367346,18.647417379885304
0.9136942294421879,-70.95918367346938,18.647417379885304
0.9136942294421879,-70.5204081632653,18.647417379885304
0.9136942294421879,-70.08163265306122,18.647417379885304
0.9136942294421879,-69.64285714285714,18.647417379885304
0.9136942294421879,-69.20408163265306,18.647417379885304
0.9136942294421879,-68.76530612244898,18.647417379885304
0.9136942294421879,-68.3265306122449,18.647417379885304
0.9136942294421879,-67.88775510204081,18.647417379885304
0.9136942294421879,-67.44897959183673,18.647417379885304
0.9136942294421879,-67.01020408163265,18.647417379885304
16790593964534.377,-66.57142857142857,18.647417379885304
16790593964534.377,-66.13265306122449,18.647417379885304
16790593964534.377,-65.6938775510204,18.647417379885304
16790593964534.377,-65.25510204081633,18.647417379885304
16790593964534.377,-64.81632653061224,18.647417379885304
16790593964534.377,-64.37755102040816,18.647417379885304
16790593964534.377,-63.93877551020408,18.647417379885304
16790593964534.377,-63.5,18.647417379885304
0.9283611873246539,-85,19.17761612911614
0.9136942294421879,-84.56122448979592,19.17761612911614
0.9136942294421879,-84.12244897959184,19.17761612911614
0.9136942294421879,-83.68367346938776,19.17761612911614
0.9136942294421879,-83.24489795918367,19.17761612911614
0.9136942294421879,-82.8061224489796,19.17761612911614
0.9136942294421879,-82.36734693877551,19.17761612911614
0.9136942294421879,-81.92857142857143,19.17761612911614
0.9136942294421879,-81.48979591836735,19.17761612911614
0.9136942294421879,-81.05102040816327,19.17761612911614
0.9136942294421879,-80.61224489795919,19.17761612911614
0.9136942294421879,-80.1734693877551,19.17761612911614
0.9136942294421879,-79.73469387755102,19.17761612911614
0.9136942294421879,-79.29591836734694,19.17761612911614
0.9136942294421879,-78.85714285714286,19.17761612911614
0.9136942294421879,-78.41836734693878,19.17761612911614
0.9136942294421879,-77.9795918367347,19.17761612911614
0.9136942294421879,-77.54081632653062,19.17761612911614
0.9136942294421879,-77.10204081632654,19.17761612911614
0.9136942294421879,-76.66326530612245,19.17761612911614
0.9136942294421879,-76.22448979591837,19.17761612911614
0.9136942294421879,-75.78571428571429,19.17761612911614
0.9136942294421879,-75.34693877551021,19.17761612911614
0.9136942294421879,-74.90816326530611,19.17761612911614
0.9136942294421879,-74.46938775510205,19.17761612911614
0.9136942294421879,-74.03061224489795,19.17761612911614
0.9136942294421879,-73.59183673469389,19.17761612911614
0.9136942294421879,-73.15306122448979,19.17761612911614
0.9136942294421879,-72.71428571428572,19.17761612911614
0.9136942294421879,-72.27551020408163,19.17761612911614
0.9136942294421879,-71.83673469387755,19.17761612911614
0.9136942294421879,-71.39795918367346,19.17761612911614
0.9136942294421879,-70.95918367346938,19.17761612911614
0.9136942294421879,-70.5204081632653,19.17761612911614
0.9136942294421879,-70.08163265306122,19.17761612911614
0.9136942294421879,-69.64285714285714,19.17761612911614
0.9136942294421879,-69.20408163265306,19.17761612911614
0.9136942294421879,-68.76530612244898,19.17761612911614
0.9136942294421879,-68.3265306122449,19.17761612911614
0.9136942294421879,-67.88775510204081,19.17761612911614
0.9136942294421879,-67.44897959183673,19.17761612911614
0.9136942294421879,-67.01020408163265,19.17761612911614
16790593964534.377,-66.57142857142857,19.17761612911614
16790593964534.377,-66.13265306122449,19.17761612911614
16790593964534.377,-65.6938775510204,19.17761612911614
16790593964534.377,-65.25510204081633,19.17761612911614
16790593964534.377,-64.81632653061224,19.17761612911614
16790593964534.377,-64.37755102040816,19.17761612911614
16790593964534.377,-63.93877551020408,19.17761612911614
16790593964534.377,-63.5,19.17761612911614
0.9283611873246539,-85,19.70781487834697
0.9136942294421879,-84.56122448979592,19.70781487834697
0.9136942294421879,-84.12244897959184,19.70781487834697
0.9136942294421879,-83.68367346938776,19.70781487834697
0.9136942294421879,-83.24489795918367,19.70781487834697
0.9136942294421879,-82.8061224489796,19.70781487834697
0.9136942294421879,-82.36734693877551,19.70781487834697
0.9136942294421879,-81.92857142857143,19.70781487834697
0.9136942294421879,-81.48979591836735,19.70781487834697
0.9136942294421879,-81.05102040816327,19.70781487834697
0.9136942294421879,-80.61224489795919,19.70781487834697
0.9136942294421879,-80.1734693877551,19.70781487834697
0.9136942294421879,-79.73469387755102,19.70781487834697
0.9136942294421879,-79.29591836734694,19.70781487834697
0.9136942294421879,-78.85714285714286,19.70781487834697
0.9136942294421879,-78.41836734693878,19.70781487834697
0.9136942294421879,-77.9795918367347,19.70781487834697
0.9136942294421879,-77.54081632653062,19.70781487834697
0.9136942294421879,-77.10204081632654,19.70781487834697
0.9136942294421879,-76.66326530612245,19.70781487834697
0.9136942294421879,-76.22448979591837,19.70781487834697
0.9136942294421879,-75.78571428571429,19.70781487834697
0.9136942294421879,-75.34693877551021,19.70781487834697
0.9136942294421879,-74.90816326530611,19.70781487834697
0.9136942294421879,-74.46938775510205,19.70781487834697
0.9136942294421879,-74.03061224489795,19.70781487834697
0.9136942294421879,-73.59183673469389,19.70781487834697
0.9136942294421879,-73.15306122448979,19.70781487834697
0.9136942294421879,-72.71428571428572,19.70781487834697
0.9136942294421879,-72.27551020408163,19.70781487834697
0.9136942294421879,-71.83673469387755,19.70781487834697
0.9136942294421879,-71.39795918367346,19.70781487834697
0.9136942294421879,-70.95918367346938,19.70781487834697
0.9136942294421879,-70.5204081632653,19.70781487834697
0.9136942294421879,-70.08163265306122,19.70781487834697
0.9136942294421879,-69.64285714285714,19.70781487834697
0.9136942294421879,-69.20408163265306,19.70781487834697
0.9136942294421879,-68.76530612244898,19.70781487834697
0.9136942294421879,-68.3265306122449,19.70781487834697
0.9136942294421879,-67.88775510204081,19.70781487834697
0.9136942294421879,-67.44897959183673,19.70781487834697
0.9136942294421879,-67.01020408163265,19.70781487834697
16790593964534.377,-66.57142857142857,19.70781487834697
16790593964534.377,-66.13265306122449,19.70781487834697
16790593964534.377,-65.6938775510204,19.70781487834697
16790593964534.377,-65.25510204081633,19.70781487834697
16790593964534.377,-64.81632653061224,19.70781487834697
16790593964534.377,-64.37755102040816,19.70781487834697
16790593964534.377,-63.93877551020408,19.70781487834697
16790593964534.377,-63.5,19.70781487834697
0.9283611873246539,-85,20.238013627577804
0.9136942294421879,-84.56122448979592,20.238013627577804
0.9136942294421879,-84.12244897959184,20.238013627577804
0.9136942294421879,-83.68367346938776,20.238013627577804
0.9136942294421879,-83.24489795918367,20.238013627577804
0.9136942294421879,-82.8061224489796,20.238013627577804
0.9136942294421879,-82.36734693877551,20.238013627577804
0.9136942294421879,-81.92857142857143,20.238013627577804
0.9136942294421879,-81.48979591836735,20.238013627577804
0.9136942294421879,-81.05102040816327,20.238013627577804
0.9136942294421879,-80.61224489795919,20.238013627577804
0.9136942294421879,-80.1734693877551,20.238013627577804
0.9136942294421879,-79.73469387755102,20.238013627577804
0.9136942294421879,-79.29591836734694,20.238013627577804
0.9136942294421879,-78.85714285714286,20.238013627577804
0.9136942294421879,-78.41836734693878,20.238013627577804
0.9136942294421879,-77.9795918367347,20.238013627577804
0.9136942294421879,-77.54081632653062,20.238013627577804
0.9136942294421879,-77.10204081632654,20.238013627577804
0.9136942294421879,-76.66326530612245,20.238013627577804
0.9136942294421879,-76.22448979591837,20.238013627577804
0.9136942294421879,-75.78571428571429,20.238013627577804
0.9136942294421879,-75.34693877551021,20.238013627577804
0.9136942294421879,-74.90816326530611,20.238013627577804
0.9136942294421879,-74.46938775510205,20.238013627577804
0.9136942294421879,-74.03061224489795,20.238013627577804
0.9136942294421879,-73.59183673469389,20.238013627577804
0.9136942294421879,-73.15306122448979,20.238013627577804
0.9136942294421879,-72.71428571428572,20.238013627577804
0.9136942294421879,-72.27551020408163,20.238013627577804
0.9136942294421879,-71.83673469387755,20.238013627577804
0.9136942294421879,-71.39795918367346,20.238013627577804
0.9136942294421879,-70.95918367346938,20.238013627577804
0.9136942294421879,-70.5204081632653,20.238013627577804
0.9136942294421879,-70.08163265306122,20.238013627577804
0.9136942294421879,-69.64285714285714,20.238013627577804
0.9136942294421879,-69.20408163265306,20.238013627577804
0.9136942294421879,-68.76530612244898,20.238013627577804
0.9136942294421879,-68.3265306122449,20.238013627577804
0.9136942294421879,-67.88775510204081,20.238013627577804
0.9136942294421879,-67.44897959183673,20.238013627577804
0.9136942294421879,-67.01020408163265,20.238013627577804
16790593964534.377,-66.57142857142857,20.238013627577804
16790593964534.377,-66.13265306122449,20.238013627577804
16790593964534.377,-65.6938775510204,20.238013627577804
16790593964534.377,-65.25510204081633,20.238013627577804
16790593964534.377,-64.81632653061224,20.238013627577804
16790593964534.377,-64.37755102040816,20.238013627577804
16790593964534.377,-63.93877551020408,20.238013627577804
16790593964534.377,-63.5,20.238013627577804
1.282143554301579,-85,20.768212376808638
1.2618872728381012,-84.56122448979592,20.768212376808638
1.2618872728381012,-84.12244897959184,20.768212376808638
1.2618872728381012,-83.68367346938776,20.768212376808638
1.2618872728381012,-83.24489795918367,20.768212376808638
1.2618872728381012,-82.8061224489796,20.768212376808638
1.2618872728381012,-82.36734693877551,20.768212376808638
1.2618872728381012,-81.92857142857143,20.768212376808638
1.2618872728381012,-81.48979591836735,20.768212376808638
1.2618872728381012,-81.05102040816327,20.768212376808638
1.2618872728381012,-80.61224489795919,20.768212376808638
1.2618872728381012,-80.1734693877551,20.768212376808638
1.2618872728381012,-79.73469387755102,20.768212376808638
1.2618872728381012,-79.29591836734694,20.768212376808638
1.2618872728381012,-78.85714285714286,20.768212376808638
1.2618872728381012,-78.41836734693878,20.768212376808638
1.2618872728381012,-77.9795918367347,20.768212376808638
1.2618872728381012,-77.54081632653062,20.768212376808638
1.2618872728381012,-77.10204081632654,20.768212376808638
1.2618872728381012,-76.66326530612245,20.768212376808638
1.2618872728381012,-76.22448979591837,20.768212376808638
1.2618872728381012,-75.78571428571429,20.768212376808638
1.2618872728381012,-75.34693877551021,20.768212376808638
1.2618872728381012,-74.90816326530611,20.768212376808638
1.2618872728381012,-74.46938775510205,20.768212376808638
1.2618872728381012,-74.03061224489795,20.768212376808638
1.2618872728381012,-73.59183673469389,20.768212376808638
1.2618872728381012,-73.15306122448979,20.768212376808638
1.2618872728381012,-72.71428571428572,20.768212376808638
1.2618872728381012,-72.27551020408163,20.768212376808638
1.2618872728381012,-71.83673469387755,20.768212376808638
1.2618872728381012,-71.39795918367346,20.768212376808638
1.2618872728381012,-70.95918367346938,20.768212376808638
1.2618872728381012,-70.5204081632653,20.768212376808638
1.2618872728381012,-70.08163265306122,20.768212376808638
1.2618872728381012,-69.64285714285714,20.768212376808638
1.2618872728381012,-69.20408163265306,20.768212376808638
1.2618872728381012,-68.76530612244898,20.768212376808638
1.2618872728381012,-68.3265306122449,20.768212376808638
1.2618872728381012,-67.88775510204081,20.768212376808638
1.2618872728381012,-67.44897959183673,20.768212376808638
1.2618872728381012,-67.01020408163265,20.768212376808638
2677006344811981e7,-66.57142857142857,20.768212376808638
2677006344811981e7,-66.13265306122449,20.768212376808638
2677006344811981e7,-65.6938775510204,20.768212376808638
2677006344811981e7,-65.25510204081633,20.768212376808638
2677006344811981e7,-64.81632653061224,20.768212376808638
2677006344811981e7,-64.37755102040816,20.768212376808638
2677006344811981e7,-63.93877551020408,20.768212376808638
2677006344811981e7,-63.5,20.768212376808638
1.282143554301579,-85,21.29841112603947
1.2618872728381012,-84.56122448979592,21.29841112603947
1.2618872728381012,-84.12244897959184,21.29841112603947
1.2618872728381012,-83.68367346938776,21.29841112603947
1.2618872728381012,-83.24489795918367,21.29841112603947
1.2618872728381012,-82.8061224489796,21.29841112603947
1.2618872728381012,-82.36734693877551,21.29841112603947
1.2618872728381012,-81.92857142857143,21.29841112603947
1.2618872728381012,-81.48979591836735,21.29841112603947
1.2618872728381012,-81.05102040816327,21.29841112603947
1.2618872728381012,-80.61224489795919,21.29841112603947
1.2618872728381012,-80.1734693877551,21.29841112603947
1.2618872728381012,-79.73469387755102,21.29841112603947
1.2618872728381012,-79.29591836734694,21.29841112603947
1.2618872728381012,-78.85714285714286,21.29841112603947
1.2618872728381012,-78.41836734693878,21.29841112603947
1.2618872728381012,-77.9795918367347,21.29841112603947
1.2618872728381012,-77.54081632653062,21.29841112603947
1.2618872728381012,-77.10204081632654,21.29841112603947
1.2618872728381012,-76.66326530612245,21.29841112603947
1.2618872728381012,-76.22448979591837,21.29841112603947
1.2618872728381012,-75.78571428571429,21.29841112603947
1.2618872728381012,-75.34693877551021,21.29841112603947
1.2618872728381012,-74.90816326530611,21.29841112603947
1.2618872728381012,-74.46938775510205,21.29841112603947
1.2618872728381012,-74.03061224489795,21.29841112603947
1.2618872728381012,-73.59183673469389,21.29841112603947
1.2618872728381012,-73.15306122448979,21.29841112603947
1.2618872728381012,-72.71428571428572,21.29841112603947
1.2618872728381012,-72.27551020408163,21.29841112603947
1.2618872728381012,-71.83673469387755,21.29841112603947
1.2618872728381012,-71.39795918367346,21.29841112603947
1.2618872728381012,-70.95918367346938,21.29841112603947
1.2618872728381012,-70.5204081632653,21.29841112603947
1.2618872728381012,-70.08163265306122,21.29841112603947
1.2618872728381012,-69.64285714285714,21.29841112603947
1.2618872728381012,-69.20408163265306,21.29841112603947
1.2618872728381012,-68.76530612244898,21.29841112603947
1.2618872728381012,-68.3265306122449,21.29841112603947
1.2618872728381012,-67.88775510204081,21.29841112603947
1.2618872728381012,-67.44897959183673,21.29841112603947
1.2618872728381012,-67.01020408163265,21.29841112603947
2677006344811981e7,-66.57142857142857,21.29841112603947
2677006344811981e7,-66.13265306122449,21.29841112603947
2677006344811981e7,-65.6938775510204,21.29841112603947
2677006344811981e7,-65.25510204081633,21.29841112603947
2677006344811981e7,-64.81632653061224,21.29841112603947
2677006344811981e7,-64.37755102040816,21.29841112603947
2677006344811981e7,-63.93877551020408,21.29841112603947
2677006344811981e7,-63.5,21.29841112603947
1.282143554301579,-85,21.828609875270303
1.2618872728381012,-84.56122448979592,21.828609875270303
1.2618872728381012,-84.12244897959184,21.828609875270303
1.2618872728381012,-83.68367346938776,21.828609875270303
1.2618872728381012,-83.24489795918367,21.828609875270303
1.2618872728381012,-82.8061224489796,21.828609875270303
1.2618872728381012,-82.36734693877551,21.828609875270303
1.2618872728381012,-81.92857142857143,21.828609875270303
1.2618872728381012,-81.48979591836735,21.828609875270303
1.2618872728381012,-81.05102040816327,21.828609875270303
1.2618872728381012,-80.61224489795919,21.828609875270303
1.2618872728381012,-80.1734693877551,21.828609875270303
1.2618872728381012,-79.73469387755102,21.828609875270303
1.2618872728381012,-79.29591836734694,21.828609875270303
1.2618872728381012,-78.85714285714286,21.828609875270303
1.2618872728381012,-78.41836734693878,21.828609875270303
1.2618872728381012,-77.9795918367347,21.828609875270303
1.2618872728381012,-77.54081632653062,21.828609875270303
1.2618872728381012,-77.10204081632654,21.828609875270303
1.2618872728381012,-76.66326530612245,21.828609875270303
1.2618872728381012,-76.22448979591837,21.828609875270303
1.2618872728381012,-75.78571428571429,21.828609875270303
1.2618872728381012,-75.34693877551021,21.828609875270303
1.2618872728381012,-74.90816326530611,21.828609875270303
1.2618872728381012,-74.46938775510205,21.828609875270303
1.2618872728381012,-74.03061224489795,21.828609875270303
1.2618872728381012,-73.59183673469389,21.828609875270303
1.2618872728381012,-73.15306122448979,21.828609875270303
1.2618872728381012,-72.71428571428572,21.828609875270303
1.2618872728381012,-72.27551020408163,21.828609875270303
1.2618872728381012,-71.83673469387755,21.828609875270303
1.2618872728381012,-71.39795918367346,21.828609875270303
1.2618872728381012,-70.95918367346938,21.828609875270303
1.2618872728381012,-70.5204081632653,21.828609875270303
1.2618872728381012,-70.08163265306122,21.828609875270303
1.2618872728381012,-69.64285714285714,21.828609875270303
1.2618872728381012,-69.20408163265306,21.828609875270303
1.2618872728381012,-68.76530612244898,21.828609875270303
1.2618872728381012,-68.3265306122449,21.828609875270303
1.2618872728381012,-67.88775510204081,21.828609875270303
1.2618872728381012,-67.44897959183673,21.828609875270303
1.2618872728381012,-67.01020408163265,21.828609875270303
2677006344811981e7,-66.57142857142857,21.828609875270303
2677006344811981e7,-66.13265306122449,21.828609875270303
2677006344811981e7,-65.6938775510204,21.828609875270303
2677006344811981e7,-65.25510204081633,21.828609875270303
2677006344811981e7,-64.81632653061224,21.828609875270303
2677006344811981e7,-64.37755102040816,21.828609875270303
2677006344811981e7,-63.93877551020408,21.828609875270303
2677006344811981e7,-63.5,21.828609875270303
1.282143554301579,-85,22.358808624501133
1.2618872728381012,-84.56122448979592,22.358808624501133
1.2618872728381012,-84.12244897959184,22.358808624501133
1.2618872728381012,-83.68367346938776,22.358808624501133
1.2618872728381012,-83.24489795918367,22.358808624501133
1.2618872728381012,-82.8061224489796,22.358808624501133
1.2618872728381012,-82.36734693877551,22.358808624501133
1.2618872728381012,-81.92857142857143,22.358808624501133
1.2618872728381012,-81.48979591836735,22.358808624501133
1.2618872728381012,-81.05102040816327,22.358808624501133
1.2618872728381012,-80.61224489795919,22.358808624501133
1.2618872728381012,-80.1734693877551,22.358808624501133
1.2618872728381012,-79.73469387755102,22.358808624501133
1.2618872728381012,-79.29591836734694,22.358808624501133
1.2618872728381012,-78.85714285714286,22.358808624501133
1.2618872728381012,-78.41836734693878,22.358808624501133
1.2618872728381012,-77.9795918367347,22.358808624501133
1.2618872728381012,-77.54081632653062,22.358808624501133
1.2618872728381012,-77.10204081632654,22.358808624501133
1.2618872728381012,-76.66326530612245,22.358808624501133
1.2618872728381012,-76.22448979591837,22.358808624501133
1.2618872728381012,-75.78571428571429,22.358808624501133
1.2618872728381012,-75.34693877551021,22.358808624501133
1.2618872728381012,-74.90816326530611,22.358808624501133
1.2618872728381012,-74.46938775510205,22.358808624501133
1.2618872728381012,-74.03061224489795,22.358808624501133
1.2618872728381012,-73.59183673469389,22.358808624501133
1.2618872728381012,-73.15306122448979,22.358808624501133
1.2618872728381012,-72.71428571428572,22.358808624501133
1.2618872728381012,-72.27551020408163,22.358808624501133
1.2618872728381012,-71.83673469387755,22.358808624501133
1.2618872728381012,-71.39795918367346,22.358808624501133
1.2618872728381012,-70.95918367346938,22.358808624501133
1.2618872728381012,-70.5204081632653,22.358808624501133
1.2618872728381012,-70.08163265306122,22.358808624501133
1.2618872728381012,-69.64285714285714,22.358808624501133
1.2618872728381012,-69.20408163265306,22.358808624501133
1.2618872728381012,-68.76530612244898,22.358808624501133
1.2618872728381012,-68.3265306122449,22.358808624501133
1.2618872728381012,-67.88775510204081,22.358808624501133
1.2618872728381012,-67.44897959183673,22.358808624501133
1.2618872728381012,-67.01020408163265,22.358808624501133
2677006344811981e7,-66.57142857142857,22.358808624501133
2677006344811981e7,-66.13265306122449,22.358808624501133
2677006344811981e7,-65.6938775510204,22.358808624501133
2677006344811981e7,-65.25510204081633,22.358808624501133
2677006344811981e7,-64.81632653061224,22.358808624501133
2677006344811981e7,-64.37755102040816,22.358808624501133
2677006344811981e7,-63.93877551020408,22.358808624501133
2677006344811981e7,-63.5,22.358808624501133
1.282143554301579,-85,22.889007373731967
1.2618872728381012,-84.56122448979592,22.889007373731967
1.2618872728381012,-84.12244897959184,22.889007373731967
1.2618872728381012,-83.68367346938776,22.889007373731967
1.2618872728381012,-83.24489795918367,22.889007373731967
1.2618872728381012,-82.8061224489796,22.889007373731967
1.2618872728381012,-82.36734693877551,22.889007373731967
1.2618872728381012,-81.92857142857143,22.889007373731967
1.2618872728381012,-81.48979591836735,22.889007373731967
1.2618872728381012,-81.05102040816327,22.889007373731967
1.2618872728381012,-80.61224489795919,22.889007373731967
1.2618872728381012,-80.1734693877551,22.889007373731967
1.2618872728381012,-79.73469387755102,22.889007373731967
1.2618872728381012,-79.29591836734694,22.889007373731967
1.2618872728381012,-78.85714285714286,22.889007373731967
1.2618872728381012,-78.41836734693878,22.889007373731967
1.2618872728381012,-77.9795918367347,22.889007373731967
1.2618872728381012,-77.54081632653062,22.889007373731967
1.2618872728381012,-77.10204081632654,22.889007373731967
1.2618872728381012,-76.66326530612245,22.889007373731967
1.2618872728381012,-76.22448979591837,22.889007373731967
1.2618872728381012,-75.78571428571429,22.889007373731967
1.2618872728381012,-75.34693877551021,22.889007373731967
1.2618872728381012,-74.90816326530611,22.889007373731967
1.2618872728381012,-74.46938775510205,22.889007373731967
1.2618872728381012,-74.03061224489795,22.889007373731967
1.2618872728381012,-73.59183673469389,22.889007373731967
1.2618872728381012,-73.15306122448979,22.889007373731967
1.2618872728381012,-72.71428571428572,22.889007373731967
1.2618872728381012,-72.27551020408163,22.889007373731967
1.2618872728381012,-71.83673469387755,22.889007373731967
1.2618872728381012,-71.39795918367346,22.889007373731967
1.2618872728381012,-70.95918367346938,22.889007373731967
1.2618872728381012,-70.5204081632653,22.889007373731967
1.2618872728381012,-70.08163265306122,22.889007373731967
1.2618872728381012,-69.64285714285714,22.889007373731967
1.2618872728381012,-69.20408163265306,22.889007373731967
1.2618872728381012,-68.76530612244898,22.889007373731967
1.2618872728381012,-68.3265306122449,22.889007373731967
1.2618872728381012,-67.88775510204081,22.889007373731967
1.2618872728381012,-67.44897959183673,22.889007373731967
1.2618872728381012,-67.01020408163265,22.889007373731967
2677006344811981e7,-66.57142857142857,22.889007373731967
2677006344811981e7,-66.13265306122449,22.889007373731967
2677006344811981e7,-65.6938775510204,22.889007373731967
2677006344811981e7,-65.25510204081633,22.889007373731967
2677006344811981e7,-64.81632653061224,22.889007373731967
2677006344811981e7,-64.37755102040816,22.889007373731967
2677006344811981e7,-63.93877551020408,22.889007373731967
2677006344811981e7,-63.5,22.889007373731967
1.282143554301579,-85,23.419206122962798
1.2618872728381012,-84.56122448979592,23.419206122962798
1.2618872728381012,-84.12244897959184,23.419206122962798
1.2618872728381012,-83.68367346938776,23.419206122962798
1.2618872728381012,-83.24489795918367,23.419206122962798
1.2618872728381012,-82.8061224489796,23.419206122962798
1.2618872728381012,-82.36734693877551,23.419206122962798
1.2618872728381012,-81.92857142857143,23.419206122962798
1.2618872728381012,-81.48979591836735,23.419206122962798
1.2618872728381012,-81.05102040816327,23.419206122962798
1.2618872728381012,-80.61224489795919,23.419206122962798
1.2618872728381012,-80.1734693877551,23.419206122962798
1.2618872728381012,-79.73469387755102,23.419206122962798
1.2618872728381012,-79.29591836734694,23.419206122962798
1.2618872728381012,-78.85714285714286,23.419206122962798
1.2618872728381012,-78.41836734693878,23.419206122962798
1.2618872728381012,-77.9795918367347,23.419206122962798
1.2618872728381012,-77.54081632653062,23.419206122962798
1.2618872728381012,-77.10204081632654,23.419206122962798
1.2618872728381012,-76.66326530612245,23.419206122962798
1.2618872728381012,-76.22448979591837,23.419206122962798
1.2618872728381012,-75.78571428571429,23.419206122962798
1.2618872728381012,-75.34693877551021,23.419206122962798
1.2618872728381012,-74.90816326530611,23.419206122962798
1.2618872728381012,-74.46938775510205,23.419206122962798
1.2618872728381012,-74.03061224489795,23.419206122962798
1.2618872728381012,-73.59183673469389,23.419206122962798
1.2618872728381012,-73.15306122448979,23.419206122962798
1.2618872728381012,-72.71428571428572,23.419206122962798
1.2618872728381012,-72.27551020408163,23.419206122962798
1.2618872728381012,-71.83673469387755,23.419206122962798
1.2618872728381012,-71.39795918367346,23.419206122962798
1.2618872728381012,-70.95918367346938,23.419206122962798
1.2618872728381012,-70.5204081632653,23.419206122962798
1.2618872728381012,-70.08163265306122,23.419206122962798
1.2618872728381012,-69.64285714285714,23.419206122962798
1.2618872728381012,-69.20408163265306,23.419206122962798
1.2618872728381012,-68.76530612244898,23.419206122962798
1.2618872728381012,-68.3265306122449,23.419206122962798
1.2618872728381012,-67.88775510204081,23.419206122962798
1.2618872728381012,-67.44897959183673,23.419206122962798
1.2618872728381012,-67.01020408163265,23.419206122962798
2677006344811981e7,-66.57142857142857,23.419206122962798
2677006344811981e7,-66.13265306122449,23.419206122962798
2677006344811981e7,-65.6938775510204,23.419206122962798
2677006344811981e7,-65.25510204081633,23.419206122962798
2677006344811981e7,-64.81632653061224,23.419206122962798
2677006344811981e7,-64.37755102040816,23.419206122962798
2677006344811981e7,-63.93877551020408,23.419206122962798
2677006344811981e7,-63.5,23.419206122962798
1.282143554301579,-85,23.949404872193632
1.2618872728381012,-84.56122448979592,23.949404872193632
1.2618872728381012,-84.12244897959184,23.949404872193632
1.2618872728381012,-83.68367346938776,23.949404872193632
1.2618872728381012,-83.24489795918367,23.949404872193632
1.2618872728381012,-82.8061224489796,23.949404872193632
1.2618872728381012,-82.36734693877551,23.949404872193632
1.2618872728381012,-81.92857142857143,23.949404872193632
1.2618872728381012,-81.48979591836735,23.949404872193632
1.2618872728381012,-81.05102040816327,23.949404872193632
1.2618872728381012,-80.61224489795919,23.949404872193632
1.2618872728381012,-80.1734693877551,23.949404872193632
1.2618872728381012,-79.73469387755102,23.949404872193632
1.2618872728381012,-79.29591836734694,23.949404872193632
1.2618872728381012,-78.85714285714286,23.949404872193632
1.2618872728381012,-78.41836734693878,23.949404872193632
1.2618872728381012,-77.9795918367347,23.949404872193632
1.2618872728381012,-77.54081632653062,23.949404872193632
1.2618872728381012,-77.10204081632654,23.949404872193632
1.2618872728381012,-76.66326530612245,23.949404872193632
1.2618872728381012,-76.22448979591837,23.949404872193632
1.2618872728381012,-75.78571428571429,23.949404872193632
1.2618872728381012,-75.34693877551021,23.949404872193632
1.2618872728381012,-74.90816326530611,23.949404872193632
1.2618872728381012,-74.46938775510205,23.949404872193632
1.2618872728381012,-74.03061224489795,23.949404872193632
1.2618872728381012,-73.59183673469389,23.949404872193632
1.2618872728381012,-73.15306122448979,23.949404872193632
1.2618872728381012,-72.71428571428572,23.949404872193632
1.2618872728381012,-72.27551020408163,23.949404872193632
1.2618872728381012,-71.83673469387755,23.949404872193632
1.2618872728381012,-71.39795918367346,23.949404872193632
1.2618872728381012,-70.95918367346938,23.949404872193632
1.2618872728381012,-70.5204081632653,23.949404872193632
1.2618872728381012,-70.08163265306122,23.949404872193632
1.2618872728381012,-69.64285714285714,23.949404872193632
1.2618872728381012,-69.20408163265306,23.949404872193632
1.2618872728381012,-68.76530612244898,23.949404872193632
1.2618872728381012,-68.3265306122449,23.949404872193632
1.2618872728381012,-67.88775510204081,23.949404872193632
1.2618872728381012,-67.44897959183673,23.949404872193632
1.2618872728381012,-67.01020408163265,23.949404872193632
2677006344811981e7,-66.57142857142857,23.949404872193632
2677006344811981e7,-66.13265306122449,23.949404872193632
2677006344811981e7,-65.6938775510204,23.949404872193632
2677006344811981e7,-65.25510204081633,23.949404872193632
2677006344811981e7,-64.81632653061224,23.949404872193632
2677006344811981e7,-64.37755102040816,23.949404872193632
2677006344811981e7,-63.93877551020408,23.949404872193632
2677006344811981e7,-63.5,23.949404872193632
1.282143554301579,-85,24.479603621424463
1.2618872728381012,-84.56122448979592,24.479603621424463
1.2618872728381012,-84.12244897959184,24.479603621424463
1.2618872728381012,-83.68367346938776,24.479603621424463
1.2618872728381012,-83.24489795918367,24.479603621424463
1.2618872728381012,-82.8061224489796,24.479603621424463
1.2618872728381012,-82.36734693877551,24.479603621424463
1.2618872728381012,-81.92857142857143,24.479603621424463
1.2618872728381012,-81.48979591836735,24.479603621424463
1.2618872728381012,-81.05102040816327,24.479603621424463
1.2618872728381012,-80.61224489795919,24.479603621424463
1.2618872728381012,-80.1734693877551,24.479603621424463
1.2618872728381012,-79.73469387755102,24.479603621424463
1.2618872728381012,-79.29591836734694,24.479603621424463
1.2618872728381012,-78.85714285714286,24.479603621424463
1.2618872728381012,-78.41836734693878,24.479603621424463
1.2618872728381012,-77.9795918367347,24.479603621424463
1.2618872728381012,-77.54081632653062,24.479603621424463
1.2618872728381012,-77.10204081632654,24.479603621424463
1.2618872728381012,-76.66326530612245,24.479603621424463
1.2618872728381012,-76.22448979591837,24.479603621424463
1.2618872728381012,-75.78571428571429,24.479603621424463
1.2618872728381012,-75.34693877551021,24.479603621424463
1.2618872728381012,-74.90816326530611,24.479603621424463
1.2618872728381012,-74.46938775510205,24.479603621424463
1.2618872728381012,-74.03061224489795,24.479603621424463
1.2618872728381012,-73.59183673469389,24.479603621424463
1.2618872728381012,-73.15306122448979,24.479603621424463
1.2618872728381012,-72.71428571428572,24.479603621424463
1.2618872728381012,-72.27551020408163,24.479603621424463
1.2618872728381012,-71.83673469387755,24.479603621424463
1.2618872728381012,-71.39795918367346,24.479603621424463
1.2618872728381012,-70.95918367346938,24.479603621424463
1.2618872728381012,-70.5204081632653,24.479603621424463
1.2618872728381012,-70.08163265306122,24.479603621424463
1.2618872728381012,-69.64285714285714,24.479603621424463
1.2618872728381012,-69.20408163265306,24.479603621424463
1.2618872728381012,-68.76530612244898,24.479603621424463
1.2618872728381012,-68.3265306122449,24.479603621424463
1.2618872728381012,-67.88775510204081,24.479603621424463
1.2618872728381012,-67.44897959183673,24.479603621424463
1.2618872728381012,-67.01020408163265,24.479603621424463
2677006344811981e7,-66.57142857142857,24.479603621424463
2677006344811981e7,-66.13265306122449,24.479603621424463
2677006344811981e7,-65.6938775510204,24.479603621424463
2677006344811981e7,-65.25510204081633,24.479603621424463
2677006344811981e7,-64.81632653061224,24.479603621424463
2677006344811981e7,-64.37755102040816,24.479603621424463
2677006344811981e7,-63.93877551020408,24.479603621424463
2677006344811981e7,-63.5,24.479603621424463
1.282143554301579,-85,25.009802370655297
1.2618872728381012,-84.56122448979592,25.009802370655297
1.2618872728381012,-84.12244897959184,25.009802370655297
1.2618872728381012,-83.68367346938776,25.009802370655297
1.2618872728381012,-83.24489795918367,25.009802370655297
1.2618872728381012,-82.8061224489796,25.009802370655297
1.2618872728381012,-82.36734693877551,25.009802370655297
1.2618872728381012,-81.92857142857143,25.009802370655297
1.2618872728381012,-81.48979591836735,25.009802370655297
1.2618872728381012,-81.05102040816327,25.009802370655297
1.2618872728381012,-80.61224489795919,25.009802370655297
1.2618872728381012,-80.1734693877551,25.009802370655297
1.2618872728381012,-79.73469387755102,25.009802370655297
1.2618872728381012,-79.29591836734694,25.009802370655297
1.2618872728381012,-78.85714285714286,25.009802370655297
1.2618872728381012,-78.41836734693878,25.009802370655297
1.2618872728381012,-77.9795918367347,25.009802370655297
1.2618872728381012,-77.54081632653062,25.009802370655297
1.2618872728381012,-77.10204081632654,25.009802370655297
1.2618872728381012,-76.66326530612245,25.009802370655297
1.2618872728381012,-76.22448979591837,25.009802370655297
1.2618872728381012,-75.78571428571429,25.009802370655297
1.2618872728381012,-75.34693877551021,25.009802370655297
1.2618872728381012,-74.90816326530611,25.009802370655297
1.2618872728381012,-74.46938775510205,25.009802370655297
1.2618872728381012,-74.03061224489795,25.009802370655297
1.2618872728381012,-73.59183673469389,25.009802370655297
1.2618872728381012,-73.15306122448979,25.009802370655297
1.2618872728381012,-72.71428571428572,25.009802370655297
1.2618872728381012,-72.27551020408163,25.009802370655297
1.2618872728381012,-71.83673469387755,25.009802370655297
1.2618872728381012,-71.39795918367346,25.009802370655297
1.2618872728381012,-70.95918367346938,25.009802370655297
1.2618872728381012,-70.5204081632653,25.009802370655297
1.2618872728381012,-70.08163265306122,25.009802370655297
1.2618872728381012,-69.64285714285714,25.009802370655297
1.2618872728381012,-69.20408163265306,25.009802370655297
1.2618872728381012,-68.76530612244898,25.009802370655297
1.2618872728381012,-68.3265306122449,25.009802370655297
1.2618872728381012,-67.88775510204081,25.009802370655297
1.2618872728381012,-67.44897959183673,25.009802370655297
1.2618872728381012,-67.01020408163265,25.009802370655297
2677006344811981e7,-66.57142857142857,25.009802370655297
2677006344811981e7,-66.13265306122449,25.009802370655297
2677006344811981e7,-65.6938775510204,25.009802370655297
2677006344811981e7,-65.25510204081633,25.009802370655297
2677006344811981e7,-64.81632653061224,25.009802370655297
2677006344811981e7,-64.37755102040816,25.009802370655297
2677006344811981e7,-63.93877551020408,25.009802370655297
2677006344811981e7,-63.5,25.009802370655297
1.282143554301579,-85,25.540001119886128
1.2618872728381012,-84.56122448979592,25.540001119886128
1.2618872728381012,-84.12244897959184,25.540001119886128
1.2618872728381012,-83.68367346938776,25.540001119886128
1.2618872728381012,-83.24489795918367,25.540001119886128
1.2618872728381012,-82.8061224489796,25.540001119886128
1.2618872728381012,-82.36734693877551,25.540001119886128
1.2618872728381012,-81.92857142857143,25.540001119886128
1.2618872728381012,-81.48979591836735,25.540001119886128
1.2618872728381012,-81.05102040816327,25.540001119886128
1.2618872728381012,-80.61224489795919,25.540001119886128
1.2618872728381012,-80.1734693877551,25.540001119886128
1.2618872728381012,-79.73469387755102,25.540001119886128
1.2618872728381012,-79.29591836734694,25.540001119886128
1.2618872728381012,-78.85714285714286,25.540001119886128
1.2618872728381012,-78.41836734693878,25.540001119886128
1.2618872728381012,-77.9795918367347,25.540001119886128
1.2618872728381012,-77.54081632653062,25.540001119886128
1.2618872728381012,-77.10204081632654,25.540001119886128
1.2618872728381012,-76.66326530612245,25.540001119886128
1.2618872728381012,-76.22448979591837,25.540001119886128
1.2618872728381012,-75.78571428571429,25.540001119886128
1.2618872728381012,-75.34693877551021,25.540001119886128
1.2618872728381012,-74.90816326530611,25.540001119886128
1.2618872728381012,-74.46938775510205,25.540001119886128
1.2618872728381012,-74.03061224489795,25.540001119886128
1.2618872728381012,-73.59183673469389,25.540001119886128
1.2618872728381012,-73.15306122448979,25.540001119886128
1.2618872728381012,-72.71428571428572,25.540001119886128
1.2618872728381012,-72.27551020408163,25.540001119886128
1.2618872728381012,-71.83673469387755,25.540001119886128
1.2618872728381012,-71.39795918367346,25.540001119886128
1.2618872728381012,-70.95918367346938,25.540001119886128
1.2618872728381012,-70.5204081632653,25.540001119886128
1.2618872728381012,-70.08163265306122,25.540001119886128
1.2618872728381012,-69.64285714285714,25.540001119886128
1.2618872728381012,-69.20408163265306,25.540001119886128
1.2618872728381012,-68.76530612244898,25.540001119886128
1.2618872728381012,-68.3265306122449,25.540001119886128
1.2618872728381012,-67.88775510204081,25.540001119886128
1.2618872728381012,-67.44897959183673,25.540001119886128
1.2618872728381012,-67.01020408163265,25.540001119886128
2677006344811981e7,-66.57142857142857,25.540001119886128
2677006344811981e7,-66.13265306122449,25.540001119886128
2677006344811981e7,-65.6938775510204,25.540001119886128
2677006344811981e7,-65.25510204081633,25.540001119886128
2677006344811981e7,-64.81632653061224,25.540001119886128
2677006344811981e7,-64.37755102040816,25.540001119886128
2677006344811981e7,-63.93877551020408,25.540001119886128
2677006344811981e7,-63.5,25.540001119886128
1.282143554301579,-85,26.070199869116962
1.2618872728381012,-84.56122448979592,26.070199869116962
1.2618872728381012,-84.12244897959184,26.070199869116962
1.2618872728381012,-83.68367346938776,26.070199869116962
1.2618872728381012,-83.24489795918367,26.070199869116962
1.2618872728381012,-82.8061224489796,26.070199869116962
1.2618872728381012,-82.36734693877551,26.070199869116962
1.2618872728381012,-81.92857142857143,26.070199869116962
1.2618872728381012,-81.48979591836735,26.070199869116962
1.2618872728381012,-81.05102040816327,26.070199869116962
1.2618872728381012,-80.61224489795919,26.070199869116962
1.2618872728381012,-80.1734693877551,26.070199869116962
1.2618872728381012,-79.73469387755102,26.070199869116962
1.2618872728381012,-79.29591836734694,26.070199869116962
1.2618872728381012,-78.85714285714286,26.070199869116962
1.2618872728381012,-78.41836734693878,26.070199869116962
1.2618872728381012,-77.9795918367347,26.070199869116962
1.2618872728381012,-77.54081632653062,26.070199869116962
1.2618872728381012,-77.10204081632654,26.070199869116962
1.2618872728381012,-76.66326530612245,26.070199869116962
1.2618872728381012,-76.22448979591837,26.070199869116962
1.2618872728381012,-75.78571428571429,26.070199869116962
1.2618872728381012,-75.34693877551021,26.070199869116962
1.2618872728381012,-74.90816326530611,26.070199869116962
1.2618872728381012,-74.46938775510205,26.070199869116962
1.2618872728381012,-74.03061224489795,26.070199869116962
1.2618872728381012,-73.59183673469389,26.070199869116962
1.2618872728381012,-73.15306122448979,26.070199869116962
1.2618872728381012,-72.71428571428572,26.070199869116962
1.2618872728381012,-72.27551020408163,26.070199869116962
1.2618872728381012,-71.83673469387755,26.070199869116962
1.2618872728381012,-71.39795918367346,26.070199869116962
1.2618872728381012,-70.95918367346938,26.070199869116962
1.2618872728381012,-70.5204081632653,26.070199869116962
1.2618872728381012,-70.08163265306122,26.070199869116962
1.2618872728381012,-69.64285714285714,26.070199869116962
1.2618872728381012,-69.20408163265306,26.070199869116962
1.2618872728381012,-68.76530612244898,26.070199869116962
1.2618872728381012,-68.3265306122449,26.070199869116962
1.2618872728381012,-67.88775510204081,26.070199869116962
1.2618872728381012,-67.44897959183673,26.070199869116962
1.2618872728381012,-67.01020408163265,26.070199869116962
2677006344811981e7,-66.57142857142857,26.070199869116962
2677006344811981e7,-66.13265306122449,26.070199869116962
2677006344811981e7,-65.6938775510204,26.070199869116962
2677006344811981e7,-65.25510204081633,26.070199869116962
2677006344811981e7,-64.81632653061224,26.070199869116962
2677006344811981e7,-64.37755102040816,26.070199869116962
2677006344811981e7,-63.93877551020408,26.070199869116962
2677006344811981e7,-63.5,26.070199869116962
1.282143554301579,-85,26.600398618347793
1.2618872728381012,-84.56122448979592,26.600398618347793
1.2618872728381012,-84.12244897959184,26.600398618347793
1.2618872728381012,-83.68367346938776,26.600398618347793
1.2618872728381012,-83.24489795918367,26.600398618347793
1.2618872728381012,-82.8061224489796,26.600398618347793
1.2618872728381012,-82.36734693877551,26.600398618347793
1.2618872728381012,-81.92857142857143,26.600398618347793
1.2618872728381012,-81.48979591836735,26.600398618347793
1.2618872728381012,-81.05102040816327,26.600398618347793
1.2618872728381012,-80.61224489795919,26.600398618347793
1.2618872728381012,-80.1734693877551,26.600398618347793
1.2618872728381012,-79.73469387755102,26.600398618347793
1.2618872728381012,-79.29591836734694,26.600398618347793
1.2618872728381012,-78.85714285714286,26.600398618347793
1.2618872728381012,-78.41836734693878,26.600398618347793
1.2618872728381012,-77.9795918367347,26.600398618347793
1.2618872728381012,-77.54081632653062,26.600398618347793
1.2618872728381012,-77.10204081632654,26.600398618347793
1.2618872728381012,-76.66326530612245,26.600398618347793
1.2618872728381012,-76.22448979591837,26.600398618347793
1.2618872728381012,-75.78571428571429,26.600398618347793
1.2618872728381012,-75.34693877551021,26.600398618347793
1.2618872728381012,-74.90816326530611,26.600398618347793
1.2618872728381012,-74.46938775510205,26.600398618347793
1.2618872728381012,-74.03061224489795,26.600398618347793
1.2618872728381012,-73.59183673469389,26.600398618347793
1.2618872728381012,-73.15306122448979,26.600398618347793
1.2618872728381012,-72.71428571428572,26.600398618347793
1.2618872728381012,-72.27551020408163,26.600398618347793
1.2618872728381012,-71.83673469387755,26.600398618347793
1.2618872728381012,-71.39795918367346,26.600398618347793
1.2618872728381012,-70.95918367346938,26.600398618347793
1.2618872728381012,-70.5204081632653,26.600398618347793
1.2618872728381012,-70.08163265306122,26.600398618347793
1.2618872728381012,-69.64285714285714,26.600398618347793
1.2618872728381012,-69.20408163265306,26.600398618347793
1.2618872728381012,-68.76530612244898,26.600398618347793
1.2618872728381012,-68.3265306122449,26.600398618347793
1.2618872728381012,-67.88775510204081,26.600398618347793
1.2618872728381012,-67.44897959183673,26.600398618347793
1.2618872728381012,-67.01020408163265,26.600398618347793
2677006344811981e7,-66.57142857142857,26.600398618347793
2677006344811981e7,-66.13265306122449,26.600398618347793
2677006344811981e7,-65.6938775510204,26.600398618347793
2677006344811981e7,-65.25510204081633,26.600398618347793
2677006344811981e7,-64.81632653061224,26.600398618347793
2677006344811981e7,-64.37755102040816,26.600398618347793
2677006344811981e7,-63.93877551020408,26.600398618347793
2677006344811981e7,-63.5,26.600398618347793
1.282143554301579,-85,27.130597367578627
1.2618872728381012,-84.56122448979592,27.130597367578627
1.2618872728381012,-84.12244897959184,27.130597367578627
1.2618872728381012,-83.68367346938776,27.130597367578627
1.2618872728381012,-83.24489795918367,27.130597367578627
1.2618872728381012,-82.8061224489796,27.130597367578627
1.2618872728381012,-82.36734693877551,27.130597367578627
1.2618872728381012,-81.92857142857143,27.130597367578627
1.2618872728381012,-81.48979591836735,27.130597367578627
1.2618872728381012,-81.05102040816327,27.130597367578627
1.2618872728381012,-80.61224489795919,27.130597367578627
1.2618872728381012,-80.1734693877551,27.130597367578627
1.2618872728381012,-79.73469387755102,27.130597367578627
1.2618872728381012,-79.29591836734694,27.130597367578627
1.2618872728381012,-78.85714285714286,27.130597367578627
1.2618872728381012,-78.41836734693878,27.130597367578627
1.2618872728381012,-77.9795918367347,27.130597367578627
1.2618872728381012,-77.54081632653062,27.130597367578627
1.2618872728381012,-77.10204081632654,27.130597367578627
1.2618872728381012,-76.66326530612245,27.130597367578627
1.2618872728381012,-76.22448979591837,27.130597367578627
1.2618872728381012,-75.78571428571429,27.130597367578627
1.2618872728381012,-75.34693877551021,27.130597367578627
1.2618872728381012,-74.90816326530611,27.130597367578627
1.2618872728381012,-74.46938775510205,27.130597367578627
1.2618872728381012,-74.03061224489795,27.130597367578627
1.2618872728381012,-73.59183673469389,27.130597367578627
1.2618872728381012,-73.15306122448979,27.130597367578627
1.2618872728381012,-72.71428571428572,27.130597367578627
1.2618872728381012,-72.27551020408163,27.130597367578627
1.2618872728381012,-71.83673469387755,27.130597367578627
1.2618872728381012,-71.39795918367346,27.130597367578627
1.2618872728381012,-70.95918367346938,27.130597367578627
1.2618872728381012,-70.5204081632653,27.130597367578627
1.2618872728381012,-70.08163265306122,27.130597367578627
1.2618872728381012,-69.64285714285714,27.130597367578627
1.2618872728381012,-69.20408163265306,27.130597367578627
1.2618872728381012,-68.76530612244898,27.130597367578627
1.2618872728381012,-68.3265306122449,27.130597367578627
1.2618872728381012,-67.88775510204081,27.130597367578627
1.2618872728381012,-67.44897959183673,27.130597367578627
1.2618872728381012,-67.01020408163265,27.130597367578627
2677006344811981e7,-66.57142857142857,27.130597367578627
2677006344811981e7,-66.13265306122449,27.130597367578627
2677006344811981e7,-65.6938775510204,27.130597367578627
2677006344811981e7,-65.25510204081633,27.130597367578627
2677006344811981e7,-64.81632653061224,27.130597367578627
2677006344811981e7,-64.37755102040816,27.130597367578627
2677006344811981e7,-63.93877551020408,27.130597367578627
2677006344811981e7,-63.5,27.130597367578627
1.282143554301579,-85,27.660796116809458
1.2618872728381012,-84.56122448979592,27.660796116809458
1.2618872728381012,-84.12244897959184,27.660796116809458
1.2618872728381012,-83.68367346938776,27.660796116809458
1.2618872728381012,-83.24489795918367,27.660796116809458
1.2618872728381012,-82.8061224489796,27.660796116809458
1.2618872728381012,-82.36734693877551,27.660796116809458
1.2618872728381012,-81.92857142857143,27.660796116809458
1.2618872728381012,-81.48979591836735,27.660796116809458
1.2618872728381012,-81.05102040816327,27.660796116809458
1.2618872728381012,-80.61224489795919,27.660796116809458
1.2618872728381012,-80.1734693877551,27.660796116809458
1.2618872728381012,-79.73469387755102,27.660796116809458
1.2618872728381012,-79.29591836734694,27.660796116809458
1.2618872728381012,-78.85714285714286,27.660796116809458
1.2618872728381012,-78.41836734693878,27.660796116809458
1.2618872728381012,-77.9795918367347,27.660796116809458
1.2618872728381012,-77.54081632653062,27.660796116809458
1.2618872728381012,-77.10204081632654,27.660796116809458
1.2618872728381012,-76.66326530612245,27.660796116809458
1.2618872728381012,-76.22448979591837,27.660796116809458
1.2618872728381012,-75.78571428571429,27.660796116809458
1.2618872728381012,-75.34693877551021,27.660796116809458
1.2618872728381012,-74.90816326530611,27.660796116809458
1.2618872728381012,-74.46938775510205,27.660796116809458
1.2618872728381012,-74.03061224489795,27.660796116809458
1.2618872728381012,-73.59183673469389,27.660796116809458
1.2618872728381012,-73.15306122448979,27.660796116809458
1.2618872728381012,-72.71428571428572,27.660796116809458
1.2618872728381012,-72.27551020408163,27.660796116809458
1.2618872728381012,-71.83673469387755,27.660796116809458
1.2618872728381012,-71.39795918367346,27.660796116809458
1.2618872728381012,-70.95918367346938,27.660796116809458
1.2618872728381012,-70.5204081632653,27.660796116809458
1.2618872728381012,-70.08163265306122,27.660796116809458
1.2618872728381012,-69.64285714285714,27.660796116809458
1.2618872728381012,-69.20408163265306,27.660796116809458
1.2618872728381012,-68.76530612244898,27.660796116809458
1.2618872728381012,-68.3265306122449,27.660796116809458
1.2618872728381012,-67.88775510204081,27.660796116809458
1.2618872728381012,-67.44897959183673,27.660796116809458
1.2618872728381012,-67.01020408163265,27.660796116809458
2677006344811981e7,-66.57142857142857,27.660796116809458
2677006344811981e7,-66.13265306122449,27.660796116809458
2677006344811981e7,-65.6938775510204,27.660796116809458
2677006344811981e7,-65.25510204081633,27.660796116809458
2677006344811981e7,-64.81632653061224,27.660796116809458
2677006344811981e7,-64.37755102040816,27.660796116809458
2677006344811981e7,-63.93877551020408,27.660796116809458
2677006344811981e7,-63.5,27.660796116809458
1.282143554301579,-85,28.190994866040292
1.2618872728381012,-84.56122448979592,28.190994866040292
1.2618872728381012,-84.12244897959184,28.190994866040292
1.2618872728381012,-83.68367346938776,28.190994866040292
1.2618872728381012,-83.24489795918367,28.190994866040292
1.2618872728381012,-82.8061224489796,28.190994866040292
1.2618872728381012,-82.36734693877551,28.190994866040292
1.2618872728381012,-81.92857142857143,28.190994866040292
1.2618872728381012,-81.48979591836735,28.190994866040292
1.2618872728381012,-81.05102040816327,28.190994866040292
1.2618872728381012,-80.61224489795919,28.190994866040292
1.2618872728381012,-80.1734693877551,28.190994866040292
1.2618872728381012,-79.73469387755102,28.190994866040292
1.2618872728381012,-79.29591836734694,28.190994866040292
1.2618872728381012,-78.85714285714286,28.190994866040292
1.2618872728381012,-78.41836734693878,28.190994866040292
1.2618872728381012,-77.9795918367347,28.190994866040292
1.2618872728381012,-77.54081632653062,28.190994866040292
1.2618872728381012,-77.10204081632654,28.190994866040292
1.2618872728381012,-76.66326530612245,28.190994866040292
1.2618872728381012,-76.22448979591837,28.190994866040292
1.2618872728381012,-75.78571428571429,28.190994866040292
1.2618872728381012,-75.34693877551021,28.190994866040292
1.2618872728381012,-74.90816326530611,28.190994866040292
1.2618872728381012,-74.46938775510205,28.190994866040292
1.2618872728381012,-74.03061224489795,28.190994866040292
1.2618872728381012,-73.59183673469389,28.190994866040292
1.2618872728381012,-73.15306122448979,28.190994866040292
1.2618872728381012,-72.71428571428572,28.190994866040292
1.2618872728381012,-72.27551020408163,28.190994866040292
1.2618872728381012,-71.83673469387755,28.190994866040292
1.2618872728381012,-71.39795918367346,28.190994866040292
1.2618872728381012,-70.95918367346938,28.190994866040292
1.2618872728381012,-70.5204081632653,28.190994866040292
1.2618872728381012,-70.08163265306122,28.190994866040292
1.2618872728381012,-69.64285714285714,28.190994866040292
1.2618872728381012,-69.20408163265306,28.190994866040292
1.2618872728381012,-68.76530612244898,28.190994866040292
1.2618872728381012,-68.3265306122449,28.190994866040292
1.2618872728381012,-67.88775510204081,28.190994866040292
1.2618872728381012,-67.44897959183673,28.190994866040292
1.2618872728381012,-67.01020408163265,28.190994866040292
2677006344811981e7,-66.57142857142857,28.190994866040292
2677006344811981e7,-66.13265306122449,28.190994866040292
2677006344811981e7,-65.6938775510204,28.190994866040292
2677006344811981e7,-65.25510204081633,28.190994866040292
2677006344811981e7,-64.81632653061224,28.190994866040292
2677006344811981e7,-64.37755102040816,28.190994866040292
2677006344811981e7,-63.93877551020408,28.190994866040292
2677006344811981e7,-63.5,28.190994866040292
1.282143554301579,-85,28.721193615271126
1.2618872728381012,-84.56122448979592,28.721193615271126
1.2618872728381012,-84.12244897959184,28.721193615271126
1.2618872728381012,-83.68367346938776,28.721193615271126
1.2618872728381012,-83.24489795918367,28.721193615271126
1.2618872728381012,-82.8061224489796,28.721193615271126
1.2618872728381012,-82.36734693877551,28.721193615271126
1.2618872728381012,-81.92857142857143,28.721193615271126
1.2618872728381012,-81.48979591836735,28.721193615271126
1.2618872728381012,-81.05102040816327,28.721193615271126
1.2618872728381012,-80.61224489795919,28.721193615271126
1.2618872728381012,-80.1734693877551,28.721193615271126
1.2618872728381012,-79.73469387755102,28.721193615271126
1.2618872728381012,-79.29591836734694,28.721193615271126
1.2618872728381012,-78.85714285714286,28.721193615271126
1.2618872728381012,-78.41836734693878,28.721193615271126
1.2618872728381012,-77.9795918367347,28.721193615271126
1.2618872728381012,-77.54081632653062,28.721193615271126
1.2618872728381012,-77.10204081632654,28.721193615271126
1.2618872728381012,-76.66326530612245,28.721193615271126
1.2618872728381012,-76.22448979591837,28.721193615271126
1.2618872728381012,-75.78571428571429,28.721193615271126
1.2618872728381012,-75.34693877551021,28.721193615271126
1.2618872728381012,-74.90816326530611,28.721193615271126
1.2618872728381012,-74.46938775510205,28.721193615271126
1.2618872728381012,-74.03061224489795,28.721193615271126
1.2618872728381012,-73.59183673469389,28.721193615271126
1.2618872728381012,-73.15306122448979,28.721193615271126
1.2618872728381012,-72.71428571428572,28.721193615271126
1.2618872728381012,-72.27551020408163,28.721193615271126
1.2618872728381012,-71.83673469387755,28.721193615271126
1.2618872728381012,-71.39795918367346,28.721193615271126
1.2618872728381012,-70.95918367346938,28.721193615271126
1.2618872728381012,-70.5204081632653,28.721193615271126
1.2618872728381012,-70.08163265306122,28.721193615271126
1.2618872728381012,-69.64285714285714,28.721193615271126
1.2618872728381012,-69.20408163265306,28.721193615271126
1.2618872728381012,-68.76530612244898,28.721193615271126
1.2618872728381012,-68.3265306122449,28.721193615271126
1.2618872728381012,-67.88775510204081,28.721193615271126
1.2618872728381012,-67.44897959183673,28.721193615271126
1.2618872728381012,-67.01020408163265,28.721193615271126
2677006344811981e7,-66.57142857142857,28.721193615271126
2677006344811981e7,-66.13265306122449,28.721193615271126
2677006344811981e7,-65.6938775510204,28.721193615271126
2677006344811981e7,-65.25510204081633,28.721193615271126
2677006344811981e7,-64.81632653061224,28.721193615271126
2677006344811981e7,-64.37755102040816,28.721193615271126
2677006344811981e7,-63.93877551020408,28.721193615271126
2677006344811981e7,-63.5,28.721193615271126
1.282143554301579,-85,29.251392364501957
1.2618872728381012,-84.56122448979592,29.251392364501957
1.2618872728381012,-84.12244897959184,29.251392364501957
1.2618872728381012,-83.68367346938776,29.251392364501957
1.2618872728381012,-83.24489795918367,29.251392364501957
1.2618872728381012,-82.8061224489796,29.251392364501957
1.2618872728381012,-82.36734693877551,29.251392364501957
1.2618872728381012,-81.92857142857143,29.251392364501957
1.2618872728381012,-81.48979591836735,29.251392364501957
1.2618872728381012,-81.05102040816327,29.251392364501957
1.2618872728381012,-80.61224489795919,29.251392364501957
1.2618872728381012,-80.1734693877551,29.251392364501957
1.2618872728381012,-79.73469387755102,29.251392364501957
1.2618872728381012,-79.29591836734694,29.251392364501957
1.2618872728381012,-78.85714285714286,29.251392364501957
1.2618872728381012,-78.41836734693878,29.251392364501957
1.2618872728381012,-77.9795918367347,29.251392364501957
1.2618872728381012,-77.54081632653062,29.251392364501957
1.2618872728381012,-77.10204081632654,29.251392364501957
1.2618872728381012,-76.66326530612245,29.251392364501957
1.2618872728381012,-76.22448979591837,29.251392364501957
1.2618872728381012,-75.78571428571429,29.251392364501957
1.2618872728381012,-75.34693877551021,29.251392364501957
1.2618872728381012,-74.90816326530611,29.251392364501957
1.2618872728381012,-74.46938775510205,29.251392364501957
1.2618872728381012,-74.03061224489795,29.251392364501957
1.2618872728381012,-73.59183673469389,29.251392364501957
1.2618872728381012,-73.15306122448979,29.251392364501957
1.2618872728381012,-72.71428571428572,29.251392364501957
1.2618872728381012,-72.27551020408163,29.251392364501957
1.2618872728381012,-71.83673469387755,29.251392364501957
1.2618872728381012,-71.39795918367346,29.251392364501957
1.2618872728381012,-70.95918367346938,29.251392364501957
1.2618872728381012,-70.5204081632653,29.251392364501957
1.2618872728381012,-70.08163265306122,29.251392364501957
1.2618872728381012,-69.64285714285714,29.251392364501957
1.2618872728381012,-69.20408163265306,29.251392364501957
1.2618872728381012,-68.76530612244898,29.251392364501957
1.2618872728381012,-68.3265306122449,29.251392364501957
1.2618872728381012,-67.88775510204081,29.251392364501957
1.2618872728381012,-67.44897959183673,29.251392364501957
1.2618872728381012,-67.01020408163265,29.251392364501957
2677006344811981e7,-66.57142857142857,29.251392364501957
2677006344811981e7,-66.13265306122449,29.251392364501957
2677006344811981e7,-65.6938775510204,29.251392364501957
2677006344811981e7,-65.25510204081633,29.251392364501957
2677006344811981e7,-64.81632653061224,29.251392364501957
2677006344811981e7,-64.37755102040816,29.251392364501957
2677006344811981e7,-63.93877551020408,29.251392364501957
2677006344811981e7,-63.5,29.251392364501957
