Q,max_ocean_SLP_gradient,avg_landfalling_minomega
0.7408124553642698,1.9763417045365497,-1.813508185473356
0.7408124553642698,2.2013399121739883,-1.813508185473356
0.7408124553642698,2.426338119811427,-1.813508185473356
0.7408124553642698,2.651336327448866,-1.813508185473356
0.7408124553642698,2.8763345350863045,-1.813508185473356
0.7408124553642698,3.101332742723743,-1.813508185473356
0.7408124553642698,3.326330950361182,-1.813508185473356
0.7408124553642698,3.551329157998621,-1.813508185473356
0.7408124553642698,3.7763273656360594,-1.813508185473356
0.7408124553642698,4.001325573273498,-1.813508185473356
0.7408124553642698,4.226323780910937,-1.813508185473356
0.7408124553642698,4.451321988548376,-1.813508185473356
0.7408124553642698,4.676320196185815,-1.813508185473356
0.7408124553642698,4.901318403823253,-1.813508185473356
0.7331225017262302,5.126316611460692,-1.813508185473356
0.7331225017262302,5.35131481909813,-1.813508185473356
0.7331225017262302,5.576313026735569,-1.813508185473356
0.7331225017262302,5.801311234373008,-1.813508185473356
0.7331225017262302,6.026309442010446,-1.813508185473356
0.7331225017262302,6.251307649647885,-1.813508185473356
0.7673501103995803,6.476305857285324,-1.813508185473356
0.7673501103995803,6.701304064922763,-1.813508185473356
0.7673501103995803,6.926302272560202,-1.813508185473356
0.7673501103995803,7.15130048019764,-1.813508185473356
0.7673501103995803,7.376298687835079,-1.813508185473356
0.7673501103995803,7.601296895472518,-1.813508185473356
0.7673501103995803,7.826295103109956,-1.813508185473356
0.9535937285206919,8.051293310747395,-1.813508185473356
0.9535937285206919,8.276291518384834,-1.813508185473356
0.9535937285206919,8.501289726022272,-1.813508185473356
0.9535937285206919,8.726287933659712,-1.813508185473356
0.9535937285206919,8.95128614129715,-1.813508185473356
0.9535937285206919,9.176284348934589,-1.813508185473356
0.9535937285206919,9.401282556572028,-1.813508185473356
0.9535937285206919,9.626280764209465,-1.813508185473356
0.9535937285206919,9.851278971846906,-1.813508185473356
1.0278033023616502,10.076277179484343,-1.813508185473356
1.2994235652517765,10.301275387121782,-1.813508185473356
1.2994235652517765,10.526273594759221,-1.813508185473356
1.2994235652517765,10.75127180239666,-1.813508185473356
1.2994235652517765,10.976270010034098,-1.813508185473356
1.2994235652517765,11.201268217671537,-1.813508185473356
1.2994235652517765,11.426266425308976,-1.813508185473356
1.2994235652517765,11.651264632946415,-1.813508185473356
1.2994235652517765,11.876262840583854,-1.813508185473356
1.2994235652517765,12.101261048221293,-1.813508185473356
1.2994235652517765,12.32625925585873,-1.813508185473356
1.2994235652517765,12.551257463496169,-1.813508185473356
1.2994235652517765,12.776255671133608,-1.813508185473356
1.2994235652517765,13.001253878771047,-1.813508185473356
0.7408124553642698,1.9763417045365497,-1.7777659679332785
0.7408124553642698,2.2013399121739883,-1.7777659679332785
0.7408124553642698,2.426338119811427,-1.7777659679332785
0.7408124553642698,2.651336327448866,-1.7777659679332785
0.7408124553642698,2.8763345350863045,-1.7777659679332785
0.7408124553642698,3.101332742723743,-1.7777659679332785
0.7408124553642698,3.326330950361182,-1.7777659679332785
0.7408124553642698,3.551329157998621,-1.7777659679332785
0.7408124553642698,3.7763273656360594,-1.7777659679332785
0.7408124553642698,4.001325573273498,-1.7777659679332785
0.7408124553642698,4.226323780910937,-1.7777659679332785
0.7408124553642698,4.451321988548376,-1.7777659679332785
0.7408124553642698,4.676320196185815,-1.7777659679332785
0.7408124553642698,4.901318403823253,-1.7777659679332785
0.7331225017262302,5.126316611460692,-1.7777659679332785
0.7331225017262302,5.35131481909813,-1.7777659679332785
0.7331225017262302,5.576313026735569,-1.7777659679332785
0.7331225017262302,5.801311234373008,-1.7777659679332785
0.7331225017262302,6.026309442010446,-1.7777659679332785
0.7331225017262302,6.251307649647885,-1.7777659679332785
0.7673501103995803,6.476305857285324,-1.7777659679332785
0.7673501103995803,6.701304064922763,-1.7777659679332785
0.7673501103995803,6.926302272560202,-1.7777659679332785
0.7673501103995803,7.15130048019764,-1.7777659679332785
0.7673501103995803,7.376298687835079,-1.7777659679332785
0.7673501103995803,7.601296895472518,-1.7777659679332785
0.7673501103995803,7.826295103109956,-1.7777659679332785
0.9535937285206919,8.051293310747395,-1.7777659679332785
0.9535937285206919,8.276291518384834,-1.7777659679332785
0.9535937285206919,8.501289726022272,-1.7777659679332785
0.9535937285206919,8.726287933659712,-1.7777659679332785
0.9535937285206919,8.95128614129715,-1.7777659679332785
0.9535937285206919,9.176284348934589,-1.7777659679332785
0.9535937285206919,9.401282556572028,-1.7777659679332785
0.9535937285206919,9.626280764209465,-1.7777659679332785
0.9535937285206919,9.851278971846906,-1.7777659679332785
1.0278033023616502,10.076277179484343,-1.7777659679332785
1.2994235652517765,10.301275387121782,-1.7777659679332785
1.2994235652517765,10.526273594759221,-1.7777659679332785
1.2994235652517765,10.75127180239666,-1.7777659679332785
1.2994235652517765,10.976270010034098,-1.7777659679332785
1.2994235652517765,11.201268217671537,-1.7777659679332785
1.2994235652517765,11.426266425308976,-1.7777659679332785
1.2994235652517765,11.651264632946415,-1.7777659679332785
1.2994235652517765,11.876262840583854,-1.7777659679332785
1.2994235652517765,12.101261048221293,-1.7777659679332785
1.2994235652517765,12.32625925585873,-1.7777659679332785
1.2994235652517765,12.551257463496169,-1.7777659679332785
1.2994235652517765,12.776255671133608,-1.7777659679332785
1.2994235652517765,13.001253878771047,-1.7777659679332785
0.7408124553642698,1.9763417045365497,-1.742023750393201
0.7408124553642698,2.2013399121739883,-1.742023750393201
0.7408124553642698,2.426338119811427,-1.742023750393201
0.7408124553642698,2.651336327448866,-1.742023750393201
0.7408124553642698,2.8763345350863045,-1.742023750393201
0.7408124553642698,3.101332742723743,-1.742023750393201
0.7408124553642698,3.326330950361182,-1.742023750393201
0.7408124553642698,3.551329157998621,-1.742023750393201
0.7408124553642698,3.7763273656360594,-1.742023750393201
0.7408124553642698,4.001325573273498,-1.742023750393201
0.7408124553642698,4.226323780910937,-1.742023750393201
0.7408124553642698,4.451321988548376,-1.742023750393201
0.7408124553642698,4.676320196185815,-1.742023750393201
0.7408124553642698,4.901318403823253,-1.742023750393201
0.7331225017262302,5.126316611460692,-1.742023750393201
0.7331225017262302,5.35131481909813,-1.742023750393201
0.7331225017262302,5.576313026735569,-1.742023750393201
0.7331225017262302,5.801311234373008,-1.742023750393201
0.7331225017262302,6.026309442010446,-1.742023750393201
0.7331225017262302,6.251307649647885,-1.742023750393201
0.7673501103995803,6.476305857285324,-1.742023750393201
0.7673501103995803,6.701304064922763,-1.742023750393201
0.7673501103995803,6.926302272560202,-1.742023750393201
0.7673501103995803,7.15130048019764,-1.742023750393201
0.7673501103995803,7.376298687835079,-1.742023750393201
0.7673501103995803,7.601296895472518,-1.742023750393201
0.7673501103995803,7.826295103109956,-1.742023750393201
0.9535937285206919,8.051293310747395,-1.742023750393201
0.9535937285206919,8.276291518384834,-1.742023750393201
0.9535937285206919,8.501289726022272,-1.742023750393201
0.9535937285206919,8.726287933659712,-1.742023750393201
0.9535937285206919,8.95128614129715,-1.742023750393201
0.9535937285206919,9.176284348934589,-1.742023750393201
0.9535937285206919,9.401282556572028,-1.742023750393201
0.9535937285206919,9.626280764209465,-1.742023750393201
0.9535937285206919,9.851278971846906,-1.742023750393201
1.0278033023616502,10.076277179484343,-1.742023750393201
1.2994235652517765,10.301275387121782,-1.742023750393201
1.2994235652517765,10.526273594759221,-1.742023750393201
1.2994235652517765,10.75127180239666,-1.742023750393201
1.2994235652517765,10.976270010034098,-1.742023750393201
1.2994235652517765,11.201268217671537,-1.742023750393201
1.2994235652517765,11.426266425308976,-1.742023750393201
1.2994235652517765,11.651264632946415,-1.742023750393201
1.2994235652517765,11.876262840583854,-1.742023750393201
1.2994235652517765,12.101261048221293,-1.742023750393201
1.2994235652517765,12.32625925585873,-1.742023750393201
1.2994235652517765,12.551257463496169,-1.742023750393201
1.2994235652517765,12.776255671133608,-1.742023750393201
1.2994235652517765,13.001253878771047,-1.742023750393201
0.7408124553642698,1.9763417045365497,-1.7062815328531236
0.7408124553642698,2.2013399121739883,-1.7062815328531236
0.7408124553642698,2.426338119811427,-1.7062815328531236
0.7408124553642698,2.651336327448866,-1.7062815328531236
0.7408124553642698,2.8763345350863045,-1.7062815328531236
0.7408124553642698,3.101332742723743,-1.7062815328531236
0.7408124553642698,3.326330950361182,-1.7062815328531236
0.7408124553642698,3.551329157998621,-1.7062815328531236
0.7408124553642698,3.7763273656360594,-1.7062815328531236
0.7408124553642698,4.001325573273498,-1.7062815328531236
0.7408124553642698,4.226323780910937,-1.7062815328531236
0.7408124553642698,4.451321988548376,-1.7062815328531236
0.7408124553642698,4.676320196185815,-1.7062815328531236
0.7408124553642698,4.901318403823253,-1.7062815328531236
0.7331225017262302,5.126316611460692,-1.7062815328531236
0.7331225017262302,5.35131481909813,-1.7062815328531236
0.7331225017262302,5.576313026735569,-1.7062815328531236
0.7331225017262302,5.801311234373008,-1.7062815328531236
0.7331225017262302,6.026309442010446,-1.7062815328531236
0.7331225017262302,6.251307649647885,-1.7062815328531236
0.7673501103995803,6.476305857285324,-1.7062815328531236
0.7673501103995803,6.701304064922763,-1.7062815328531236
0.7673501103995803,6.926302272560202,-1.7062815328531236
0.7673501103995803,7.15130048019764,-1.7062815328531236
0.7673501103995803,7.376298687835079,-1.7062815328531236
0.7673501103995803,7.601296895472518,-1.7062815328531236
0.7673501103995803,7.826295103109956,-1.7062815328531236
0.9535937285206919,8.051293310747395,-1.7062815328531236
0.9535937285206919,8.276291518384834,-1.7062815328531236
0.9535937285206919,8.501289726022272,-1.7062815328531236
0.9535937285206919,8.726287933659712,-1.7062815328531236
0.9535937285206919,8.95128614129715,-1.7062815328531236
0.9535937285206919,9.176284348934589,-1.7062815328531236
0.9535937285206919,9.401282556572028,-1.7062815328531236
0.9535937285206919,9.626280764209465,-1.7062815328531236
0.9535937285206919,9.851278971846906,-1.7062815328531236
1.0278033023616502,10.076277179484343,-1.7062815328531236
1.2994235652517765,10.301275387121782,-1.7062815328531236
1.2994235652517765,10.526273594759221,-1.7062815328531236
1.2994235652517765,10.75127180239666,-1.7062815328531236
1.2994235652517765,10.976270010034098,-1.7062815328531236
1.2994235652517765,11.201268217671537,-1.7062815328531236
1.2994235652517765,11.426266425308976,-1.7062815328531236
1.2994235652517765,11.651264632946415,-1.7062815328531236
1.2994235652517765,11.876262840583854,-1.7062815328531236
1.2994235652517765,12.101261048221293,-1.7062815328531236
1.2994235652517765,12.32625925585873,-1.7062815328531236
1.2994235652517765,12.551257463496169,-1.7062815328531236
1.2994235652517765,12.776255671133608,-1.7062815328531236
1.2994235652517765,13.001253878771047,-1.7062815328531236
0.7408124553642698,1.9763417045365497,-1.6705393153130461
0.7408124553642698,2.2013399121739883,-1.6705393153130461
0.7408124553642698,2.426338119811427,-1.6705393153130461
0.7408124553642698,2.651336327448866,-1.6705393153130461
0.7408124553642698,2.8763345350863045,-1.6705393153130461
0.7408124553642698,3.101332742723743,-1.6705393153130461
0.7408124553642698,3.326330950361182,-1.6705393153130461
0.7408124553642698,3.551329157998621,-1.6705393153130461
0.7408124553642698,3.7763273656360594,-1.6705393153130461
0.7408124553642698,4.001325573273498,-1.6705393153130461
0.7408124553642698,4.226323780910937,-1.6705393153130461
0.7408124553642698,4.451321988548376,-1.6705393153130461
0.7408124553642698,4.676320196185815,-1.6705393153130461
0.7408124553642698,4.901318403823253,-1.6705393153130461
0.7331225017262302,5.126316611460692,-1.6705393153130461
0.7331225017262302,5.35131481909813,-1.6705393153130461
0.7331225017262302,5.576313026735569,-1.6705393153130461
0.7331225017262302,5.801311234373008,-1.6705393153130461
0.7331225017262302,6.026309442010446,-1.6705393153130461
0.7331225017262302,6.251307649647885,-1.6705393153130461
0.7673501103995803,6.476305857285324,-1.6705393153130461
0.7673501103995803,6.701304064922763,-1.6705393153130461
0.7673501103995803,6.926302272560202,-1.6705393153130461
0.7673501103995803,7.15130048019764,-1.6705393153130461
0.7673501103995803,7.376298687835079,-1.6705393153130461
0.7673501103995803,7.601296895472518,-1.6705393153130461
0.7673501103995803,7.826295103109956,-1.6705393153130461
0.9535937285206919,8.051293310747395,-1.6705393153130461
0.9535937285206919,8.276291518384834,-1.6705393153130461
0.9535937285206919,8.501289726022272,-1.6705393153130461
0.9535937285206919,8.726287933659712,-1.6705393153130461
0.9535937285206919,8.95128614129715,-1.6705393153130461
0.9535937285206919,9.176284348934589,-1.6705393153130461
0.9535937285206919,9.401282556572028,-1.6705393153130461
0.9535937285206919,9.626280764209465,-1.6705393153130461
0.9535937285206919,9.851278971846906,-1.6705393153130461
1.0278033023616502,10.076277179484343,-1.6705393153130461
1.2994235652517765,10.301275387121782,-1.6705393153130461
1.2994235652517765,10.526273594759221,-1.6705393153130461
1.2994235652517765,10.75127180239666,-1.6705393153130461
1.2994235652517765,10.976270010034098,-1.6705393153130461
1.2994235652517765,11.201268217671537,-1.6705393153130461
1.2994235652517765,11.426266425308976,-1.6705393153130461
1.2994235652517765,11.651264632946415,-1.6705393153130461
1.2994235652517765,11.876262840583854,-1.6705393153130461
1.2994235652517765,12.101261048221293,-1.6705393153130461
1.2994235652517765,12.32625925585873,-1.6705393153130461
1.2994235652517765,12.551257463496169,-1.6705393153130461
1.2994235652517765,12.776255671133608,-1.6705393153130461
1.2994235652517765,13.001253878771047,-1.6705393153130461
0.7408124553642698,1.9763417045365497,-1.6347970977729684
0.7408124553642698,2.2013399121739883,-1.6347970977729684
0.7408124553642698,2.426338119811427,-1.6347970977729684
0.7408124553642698,2.651336327448866,-1.6347970977729684
0.7408124553642698,2.8763345350863045,-1.6347970977729684
0.7408124553642698,3.101332742723743,-1.6347970977729684
0.7408124553642698,3.326330950361182,-1.6347970977729684
0.7408124553642698,3.551329157998621,-1.6347970977729684
0.7408124553642698,3.7763273656360594,-1.6347970977729684
0.7408124553642698,4.001325573273498,-1.6347970977729684
0.7408124553642698,4.226323780910937,-1.6347970977729684
0.7408124553642698,4.451321988548376,-1.6347970977729684
0.7408124553642698,4.676320196185815,-1.6347970977729684
0.7408124553642698,4.901318403823253,-1.6347970977729684
0.7331225017262302,5.126316611460692,-1.6347970977729684
0.7331225017262302,5.35131481909813,-1.6347970977729684
0.7331225017262302,5.576313026735569,-1.6347970977729684
0.7331225017262302,5.801311234373008,-1.6347970977729684
0.7331225017262302,6.026309442010446,-1.6347970977729684
0.7331225017262302,6.251307649647885,-1.6347970977729684
0.7673501103995803,6.476305857285324,-1.6347970977729684
0.7673501103995803,6.701304064922763,-1.6347970977729684
0.7673501103995803,6.926302272560202,-1.6347970977729684
0.7673501103995803,7.15130048019764,-1.6347970977729684
0.7673501103995803,7.376298687835079,-1.6347970977729684
0.7673501103995803,7.601296895472518,-1.6347970977729684
0.7673501103995803,7.826295103109956,-1.6347970977729684
0.9535937285206919,8.051293310747395,-1.6347970977729684
0.9535937285206919,8.276291518384834,-1.6347970977729684
0.9535937285206919,8.501289726022272,-1.6347970977729684
0.9535937285206919,8.726287933659712,-1.6347970977729684
0.9535937285206919,8.95128614129715,-1.6347970977729684
0.9535937285206919,9.176284348934589,-1.6347970977729684
0.9535937285206919,9.401282556572028,-1.6347970977729684
0.9535937285206919,9.626280764209465,-1.6347970977729684
0.9535937285206919,9.851278971846906,-1.6347970977729684
1.0278033023616502,10.076277179484343,-1.6347970977729684
1.2994235652517765,10.301275387121782,-1.6347970977729684
1.2994235652517765,10.526273594759221,-1.6347970977729684
1.2994235652517765,10.75127180239666,-1.6347970977729684
1.2994235652517765,10.976270010034098,-1.6347970977729684
1.2994235652517765,11.201268217671537,-1.6347970977729684
1.2994235652517765,11.426266425308976,-1.6347970977729684
1.2994235652517765,11.651264632946415,-1.6347970977729684
1.2994235652517765,11.876262840583854,-1.6347970977729684
1.2994235652517765,12.101261048221293,-1.6347970977729684
1.2994235652517765,12.32625925585873,-1.6347970977729684
1.2994235652517765,12.551257463496169,-1.6347970977729684
1.2994235652517765,12.776255671133608,-1.6347970977729684
1.2994235652517765,13.001253878771047,-1.6347970977729684
0.7408124553642698,1.9763417045365497,-1.599054880232891
0.7408124553642698,2.2013399121739883,-1.599054880232891
0.7408124553642698,2.426338119811427,-1.599054880232891
0.7408124553642698,2.651336327448866,-1.599054880232891
0.7408124553642698,2.8763345350863045,-1.599054880232891
0.7408124553642698,3.101332742723743,-1.599054880232891
0.7408124553642698,3.326330950361182,-1.599054880232891
0.7408124553642698,3.551329157998621,-1.599054880232891
0.7408124553642698,3.7763273656360594,-1.599054880232891
0.7408124553642698,4.001325573273498,-1.599054880232891
0.7408124553642698,4.226323780910937,-1.599054880232891
0.7408124553642698,4.451321988548376,-1.599054880232891
0.7408124553642698,4.676320196185815,-1.599054880232891
0.7408124553642698,4.901318403823253,-1.599054880232891
0.7331225017262302,5.126316611460692,-1.599054880232891
0.7331225017262302,5.35131481909813,-1.599054880232891
0.7331225017262302,5.576313026735569,-1.599054880232891
0.7331225017262302,5.801311234373008,-1.599054880232891
0.7331225017262302,6.026309442010446,-1.599054880232891
0.7331225017262302,6.251307649647885,-1.599054880232891
0.7673501103995803,6.476305857285324,-1.599054880232891
0.7673501103995803,6.701304064922763,-1.599054880232891
0.7673501103995803,6.926302272560202,-1.599054880232891
0.7673501103995803,7.15130048019764,-1.599054880232891
0.7673501103995803,7.376298687835079,-1.599054880232891
0.7673501103995803,7.601296895472518,-1.599054880232891
0.7673501103995803,7.826295103109956,-1.599054880232891
0.9535937285206919,8.051293310747395,-1.599054880232891
0.9535937285206919,8.276291518384834,-1.599054880232891
0.9535937285206919,8.501289726022272,-1.599054880232891
0.9535937285206919,8.726287933659712,-1.599054880232891
0.9535937285206919,8.95128614129715,-1.599054880232891
0.9535937285206919,9.176284348934589,-1.599054880232891
0.9535937285206919,9.401282556572028,-1.599054880232891
0.9535937285206919,9.626280764209465,-1.599054880232891
0.9535937285206919,9.851278971846906,-1.599054880232891
1.0278033023616502,10.076277179484343,-1.599054880232891
1.2994235652517765,10.301275387121782,-1.599054880232891
1.2994235652517765,10.526273594759221,-1.599054880232891
1.2994235652517765,10.75127180239666,-1.599054880232891
1.2994235652517765,10.976270010034098,-1.599054880232891
1.2994235652517765,11.201268217671537,-1.599054880232891
1.2994235652517765,11.426266425308976,-1.599054880232891
1.2994235652517765,11.651264632946415,-1.599054880232891
1.2994235652517765,11.876262840583854,-1.599054880232891
1.2994235652517765,12.101261048221293,-1.599054880232891
1.2994235652517765,12.32625925585873,-1.599054880232891
1.2994235652517765,12.551257463496169,-1.599054880232891
1.2994235652517765,12.776255671133608,-1.599054880232891
1.2994235652517765,13.001253878771047,-1.599054880232891
0.7408124553642698,1.9763417045365497,-1.5633126626928135
0.7408124553642698,2.2013399121739883,-1.5633126626928135
0.7408124553642698,2.426338119811427,-1.5633126626928135
0.7408124553642698,2.651336327448866,-1.5633126626928135
0.7408124553642698,2.8763345350863045,-1.5633126626928135
0.7408124553642698,3.101332742723743,-1.5633126626928135
0.7408124553642698,3.326330950361182,-1.5633126626928135
0.7408124553642698,3.551329157998621,-1.5633126626928135
0.7408124553642698,3.7763273656360594,-1.5633126626928135
0.7408124553642698,4.001325573273498,-1.5633126626928135
0.7408124553642698,4.226323780910937,-1.5633126626928135
0.7408124553642698,4.451321988548376,-1.5633126626928135
0.7408124553642698,4.676320196185815,-1.5633126626928135
0.7408124553642698,4.901318403823253,-1.5633126626928135
0.7331225017262302,5.126316611460692,-1.5633126626928135
0.7331225017262302,5.35131481909813,-1.5633126626928135
0.7331225017262302,5.576313026735569,-1.5633126626928135
0.7331225017262302,5.801311234373008,-1.5633126626928135
0.7331225017262302,6.026309442010446,-1.5633126626928135
0.7331225017262302,6.251307649647885,-1.5633126626928135
0.7673501103995803,6.476305857285324,-1.5633126626928135
0.7673501103995803,6.701304064922763,-1.5633126626928135
0.7673501103995803,6.926302272560202,-1.5633126626928135
0.7673501103995803,7.15130048019764,-1.5633126626928135
0.7673501103995803,7.376298687835079,-1.5633126626928135
0.7673501103995803,7.601296895472518,-1.5633126626928135
0.7673501103995803,7.826295103109956,-1.5633126626928135
0.9535937285206919,8.051293310747395,-1.5633126626928135
0.9535937285206919,8.276291518384834,-1.5633126626928135
0.9535937285206919,8.501289726022272,-1.5633126626928135
0.9535937285206919,8.726287933659712,-1.5633126626928135
0.9535937285206919,8.95128614129715,-1.5633126626928135
0.9535937285206919,9.176284348934589,-1.5633126626928135
0.9535937285206919,9.401282556572028,-1.5633126626928135
0.9535937285206919,9.626280764209465,-1.5633126626928135
0.9535937285206919,9.851278971846906,-1.5633126626928135
1.0278033023616502,10.076277179484343,-1.5633126626928135
1.2994235652517765,10.301275387121782,-1.5633126626928135
1.2994235652517765,10.526273594759221,-1.5633126626928135
1.2994235652517765,10.75127180239666,-1.5633126626928135
1.2994235652517765,10.976270010034098,-1.5633126626928135
1.2994235652517765,11.201268217671537,-1.5633126626928135
1.2994235652517765,11.426266425308976,-1.5633126626928135
1.2994235652517765,11.651264632946415,-1.5633126626928135
1.2994235652517765,11.876262840583854,-1.5633126626928135
1.2994235652517765,12.101261048221293,-1.5633126626928135
1.2994235652517765,12.32625925585873,-1.5633126626928135
1.2994235652517765,12.551257463496169,-1.5633126626928135
1.2994235652517765,12.776255671133608,-1.5633126626928135
1.2994235652517765,13.001253878771047,-1.5633126626928135
0.7408124553642698,1.9763417045365497,-1.527570445152736
0.7408124553642698,2.2013399121739883,-1.527570445152736
0.7408124553642698,2.426338119811427,-1.527570445152736
0.7408124553642698,2.651336327448866,-1.527570445152736
0.7408124553642698,2.8763345350863045,-1.527570445152736
0.7408124553642698,3.101332742723743,-1.527570445152736
0.7408124553642698,3.326330950361182,-1.527570445152736
0.7408124553642698,3.551329157998621,-1.527570445152736
0.7408124553642698,3.7763273656360594,-1.527570445152736
0.7408124553642698,4.001325573273498,-1.527570445152736
0.7408124553642698,4.226323780910937,-1.527570445152736
0.7408124553642698,4.451321988548376,-1.527570445152736
0.7408124553642698,4.676320196185815,-1.527570445152736
0.7408124553642698,4.901318403823253,-1.527570445152736
0.7331225017262302,5.126316611460692,-1.527570445152736
0.7331225017262302,5.35131481909813,-1.527570445152736
0.7331225017262302,5.576313026735569,-1.527570445152736
0.7331225017262302,5.801311234373008,-1.527570445152736
0.7331225017262302,6.026309442010446,-1.527570445152736
0.7331225017262302,6.251307649647885,-1.527570445152736
0.7673501103995803,6.476305857285324,-1.527570445152736
0.7673501103995803,6.701304064922763,-1.527570445152736
0.7673501103995803,6.926302272560202,-1.527570445152736
0.7673501103995803,7.15130048019764,-1.527570445152736
0.7673501103995803,7.376298687835079,-1.527570445152736
0.7673501103995803,7.601296895472518,-1.527570445152736
0.7673501103995803,7.826295103109956,-1.527570445152736
0.9535937285206919,8.051293310747395,-1.527570445152736
0.9535937285206919,8.276291518384834,-1.527570445152736
0.9535937285206919,8.501289726022272,-1.527570445152736
0.9535937285206919,8.726287933659712,-1.527570445152736
0.9535937285206919,8.95128614129715,-1.527570445152736
0.9535937285206919,9.176284348934589,-1.527570445152736
0.9535937285206919,9.401282556572028,-1.527570445152736
0.9535937285206919,9.626280764209465,-1.527570445152736
0.9535937285206919,9.851278971846906,-1.527570445152736
1.0278033023616502,10.076277179484343,-1.527570445152736
1.2994235652517765,10.301275387121782,-1.527570445152736
1.2994235652517765,10.526273594759221,-1.527570445152736
1.2994235652517765,10.75127180239666,-1.527570445152736
1.2994235652517765,10.976270010034098,-1.527570445152736
1.2994235652517765,11.201268217671537,-1.527570445152736
1.2994235652517765,11.426266425308976,-1.527570445152736
1.2994235652517765,11.651264632946415,-1.527570445152736
1.2994235652517765,11.876262840583854,-1.527570445152736
1.2994235652517765,12.101261048221293,-1.527570445152736
1.2994235652517765,12.32625925585873,-1.527570445152736
1.2994235652517765,12.551257463496169,-1.527570445152736
1.2994235652517765,12.776255671133608,-1.527570445152736
1.2994235652517765,13.001253878771047,-1.527570445152736
0.7408124553642698,1.9763417045365497,-1.4918282276126587
0.7408124553642698,2.2013399121739883,-1.4918282276126587
0.7408124553642698,2.426338119811427,-1.4918282276126587
0.7408124553642698,2.651336327448866,-1.4918282276126587
0.7408124553642698,2.8763345350863045,-1.4918282276126587
0.7408124553642698,3.101332742723743,-1.4918282276126587
0.7408124553642698,3.326330950361182,-1.4918282276126587
0.7408124553642698,3.551329157998621,-1.4918282276126587
0.7408124553642698,3.7763273656360594,-1.4918282276126587
0.7408124553642698,4.001325573273498,-1.4918282276126587
0.7408124553642698,4.226323780910937,-1.4918282276126587
0.7408124553642698,4.451321988548376,-1.4918282276126587
0.7408124553642698,4.676320196185815,-1.4918282276126587
0.7408124553642698,4.901318403823253,-1.4918282276126587
0.7331225017262302,5.126316611460692,-1.4918282276126587
0.7331225017262302,5.35131481909813,-1.4918282276126587
0.7331225017262302,5.576313026735569,-1.4918282276126587
0.7331225017262302,5.801311234373008,-1.4918282276126587
0.7331225017262302,6.026309442010446,-1.4918282276126587
0.7331225017262302,6.251307649647885,-1.4918282276126587
0.7673501103995803,6.476305857285324,-1.4918282276126587
0.7673501103995803,6.701304064922763,-1.4918282276126587
0.7673501103995803,6.926302272560202,-1.4918282276126587
0.7673501103995803,7.15130048019764,-1.4918282276126587
0.7673501103995803,7.376298687835079,-1.4918282276126587
0.7673501103995803,7.601296895472518,-1.4918282276126587
0.7673501103995803,7.826295103109956,-1.4918282276126587
0.9535937285206919,8.051293310747395,-1.4918282276126587
0.9535937285206919,8.276291518384834,-1.4918282276126587
0.9535937285206919,8.501289726022272,-1.4918282276126587
0.9535937285206919,8.726287933659712,-1.4918282276126587
0.9535937285206919,8.95128614129715,-1.4918282276126587
0.9535937285206919,9.176284348934589,-1.4918282276126587
0.9535937285206919,9.401282556572028,-1.4918282276126587
0.9535937285206919,9.626280764209465,-1.4918282276126587
0.9535937285206919,9.851278971846906,-1.4918282276126587
1.0278033023616502,10.076277179484343,-1.4918282276126587
1.2994235652517765,10.301275387121782,-1.4918282276126587
1.2994235652517765,10.526273594759221,-1.4918282276126587
1.2994235652517765,10.75127180239666,-1.4918282276126587
1.2994235652517765,10.976270010034098,-1.4918282276126587
1.2994235652517765,11.201268217671537,-1.4918282276126587
1.2994235652517765,11.426266425308976,-1.4918282276126587
1.2994235652517765,11.651264632946415,-1.4918282276126587
1.2994235652517765,11.876262840583854,-1.4918282276126587
1.2994235652517765,12.101261048221293,-1.4918282276126587
1.2994235652517765,12.32625925585873,-1.4918282276126587
1.2994235652517765,12.551257463496169,-1.4918282276126587
1.2994235652517765,12.776255671133608,-1.4918282276126587
1.2994235652517765,13.001253878771047,-1.4918282276126587
0.7408124553642698,1.9763417045365497,-1.4560860100725812
0.7408124553642698,2.2013399121739883,-1.4560860100725812
0.7408124553642698,2.426338119811427,-1.4560860100725812
0.7408124553642698,2.651336327448866,-1.4560860100725812
0.7408124553642698,2.8763345350863045,-1.4560860100725812
0.7408124553642698,3.101332742723743,-1.4560860100725812
0.7408124553642698,3.326330950361182,-1.4560860100725812
0.7408124553642698,3.551329157998621,-1.4560860100725812
0.7408124553642698,3.7763273656360594,-1.4560860100725812
0.7408124553642698,4.001325573273498,-1.4560860100725812
0.7408124553642698,4.226323780910937,-1.4560860100725812
0.7408124553642698,4.451321988548376,-1.4560860100725812
0.7408124553642698,4.676320196185815,-1.4560860100725812
0.7408124553642698,4.901318403823253,-1.4560860100725812
0.7331225017262302,5.126316611460692,-1.4560860100725812
0.7331225017262302,5.35131481909813,-1.4560860100725812
0.7331225017262302,5.576313026735569,-1.4560860100725812
0.7331225017262302,5.801311234373008,-1.4560860100725812
0.7331225017262302,6.026309442010446,-1.4560860100725812
0.7331225017262302,6.251307649647885,-1.4560860100725812
0.7673501103995803,6.476305857285324,-1.4560860100725812
0.7673501103995803,6.701304064922763,-1.4560860100725812
0.7673501103995803,6.926302272560202,-1.4560860100725812
0.7673501103995803,7.15130048019764,-1.4560860100725812
0.7673501103995803,7.376298687835079,-1.4560860100725812
0.7673501103995803,7.601296895472518,-1.4560860100725812
0.7673501103995803,7.826295103109956,-1.4560860100725812
0.9535937285206919,8.051293310747395,-1.4560860100725812
0.9535937285206919,8.276291518384834,-1.4560860100725812
0.9535937285206919,8.501289726022272,-1.4560860100725812
0.9535937285206919,8.726287933659712,-1.4560860100725812
0.9535937285206919,8.95128614129715,-1.4560860100725812
0.9535937285206919,9.176284348934589,-1.4560860100725812
0.9535937285206919,9.401282556572028,-1.4560860100725812
0.9535937285206919,9.626280764209465,-1.4560860100725812
0.9535937285206919,9.851278971846906,-1.4560860100725812
1.0278033023616502,10.076277179484343,-1.4560860100725812
1.2994235652517765,10.301275387121782,-1.4560860100725812
1.2994235652517765,10.526273594759221,-1.4560860100725812
1.2994235652517765,10.75127180239666,-1.4560860100725812
1.2994235652517765,10.976270010034098,-1.4560860100725812
1.2994235652517765,11.201268217671537,-1.4560860100725812
1.2994235652517765,11.426266425308976,-1.4560860100725812
1.2994235652517765,11.651264632946415,-1.4560860100725812
1.2994235652517765,11.876262840583854,-1.4560860100725812
1.2994235652517765,12.101261048221293,-1.4560860100725812
1.2994235652517765,12.32625925585873,-1.4560860100725812
1.2994235652517765,12.551257463496169,-1.4560860100725812
1.2994235652517765,12.776255671133608,-1.4560860100725812
1.2994235652517765,13.001253878771047,-1.4560860100725812
0.7408124553642698,1.9763417045365497,-1.4203437925325035
0.7408124553642698,2.2013399121739883,-1.4203437925325035
0.7408124553642698,2.426338119811427,-1.4203437925325035
0.7408124553642698,2.651336327448866,-1.4203437925325035
0.7408124553642698,2.8763345350863045,-1.4203437925325035
0.7408124553642698,3.101332742723743,-1.4203437925325035
0.7408124553642698,3.326330950361182,-1.4203437925325035
0.7408124553642698,3.551329157998621,-1.4203437925325035
0.7408124553642698,3.7763273656360594,-1.4203437925325035
0.7408124553642698,4.001325573273498,-1.4203437925325035
0.7408124553642698,4.226323780910937,-1.4203437925325035
0.7408124553642698,4.451321988548376,-1.4203437925325035
0.7408124553642698,4.676320196185815,-1.4203437925325035
0.7408124553642698,4.901318403823253,-1.4203437925325035
0.7331225017262302,5.126316611460692,-1.4203437925325035
0.7331225017262302,5.35131481909813,-1.4203437925325035
0.7331225017262302,5.576313026735569,-1.4203437925325035
0.7331225017262302,5.801311234373008,-1.4203437925325035
0.7331225017262302,6.026309442010446,-1.4203437925325035
0.7331225017262302,6.251307649647885,-1.4203437925325035
0.7673501103995803,6.476305857285324,-1.4203437925325035
0.7673501103995803,6.701304064922763,-1.4203437925325035
0.7673501103995803,6.926302272560202,-1.4203437925325035
0.7673501103995803,7.15130048019764,-1.4203437925325035
0.7673501103995803,7.376298687835079,-1.4203437925325035
0.7673501103995803,7.601296895472518,-1.4203437925325035
0.7673501103995803,7.826295103109956,-1.4203437925325035
0.9535937285206919,8.051293310747395,-1.4203437925325035
0.9535937285206919,8.276291518384834,-1.4203437925325035
0.9535937285206919,8.501289726022272,-1.4203437925325035
0.9535937285206919,8.726287933659712,-1.4203437925325035
0.9535937285206919,8.95128614129715,-1.4203437925325035
0.9535937285206919,9.176284348934589,-1.4203437925325035
0.9535937285206919,9.401282556572028,-1.4203437925325035
0.9535937285206919,9.626280764209465,-1.4203437925325035
0.9535937285206919,9.851278971846906,-1.4203437925325035
1.0278033023616502,10.076277179484343,-1.4203437925325035
1.2994235652517765,10.301275387121782,-1.4203437925325035
1.2994235652517765,10.526273594759221,-1.4203437925325035
1.2994235652517765,10.75127180239666,-1.4203437925325035
1.2994235652517765,10.976270010034098,-1.4203437925325035
1.2994235652517765,11.201268217671537,-1.4203437925325035
1.2994235652517765,11.426266425308976,-1.4203437925325035
1.2994235652517765,11.651264632946415,-1.4203437925325035
1.2994235652517765,11.876262840583854,-1.4203437925325035
1.2994235652517765,12.101261048221293,-1.4203437925325035
1.2994235652517765,12.32625925585873,-1.4203437925325035
1.2994235652517765,12.551257463496169,-1.4203437925325035
1.2994235652517765,12.776255671133608,-1.4203437925325035
1.2994235652517765,13.001253878771047,-1.4203437925325035
0.7408124553642698,1.9763417045365497,-1.384601574992426
0.7408124553642698,2.2013399121739883,-1.384601574992426
0.7408124553642698,2.426338119811427,-1.384601574992426
0.7408124553642698,2.651336327448866,-1.384601574992426
0.7408124553642698,2.8763345350863045,-1.384601574992426
0.7408124553642698,3.101332742723743,-1.384601574992426
0.7408124553642698,3.326330950361182,-1.384601574992426
0.7408124553642698,3.551329157998621,-1.384601574992426
0.7408124553642698,3.7763273656360594,-1.384601574992426
0.7408124553642698,4.001325573273498,-1.384601574992426
0.7408124553642698,4.226323780910937,-1.384601574992426
0.7408124553642698,4.451321988548376,-1.384601574992426
0.7408124553642698,4.676320196185815,-1.384601574992426
0.7408124553642698,4.901318403823253,-1.384601574992426
0.7331225017262302,5.126316611460692,-1.384601574992426
0.7331225017262302,5.35131481909813,-1.384601574992426
0.7331225017262302,5.576313026735569,-1.384601574992426
0.7331225017262302,5.801311234373008,-1.384601574992426
0.7331225017262302,6.026309442010446,-1.384601574992426
0.7331225017262302,6.251307649647885,-1.384601574992426
0.7673501103995803,6.476305857285324,-1.384601574992426
0.7673501103995803,6.701304064922763,-1.384601574992426
0.7673501103995803,6.926302272560202,-1.384601574992426
0.7673501103995803,7.15130048019764,-1.384601574992426
0.7673501103995803,7.376298687835079,-1.384601574992426
0.7673501103995803,7.601296895472518,-1.384601574992426
0.7673501103995803,7.826295103109956,-1.384601574992426
0.9535937285206919,8.051293310747395,-1.384601574992426
0.9535937285206919,8.276291518384834,-1.384601574992426
0.9535937285206919,8.501289726022272,-1.384601574992426
0.9535937285206919,8.726287933659712,-1.384601574992426
0.9535937285206919,8.95128614129715,-1.384601574992426
0.9535937285206919,9.176284348934589,-1.384601574992426
0.9535937285206919,9.401282556572028,-1.384601574992426
0.9535937285206919,9.626280764209465,-1.384601574992426
0.9535937285206919,9.851278971846906,-1.384601574992426
1.0278033023616502,10.076277179484343,-1.384601574992426
1.2994235652517765,10.301275387121782,-1.384601574992426
1.2994235652517765,10.526273594759221,-1.384601574992426
1.2994235652517765,10.75127180239666,-1.384601574992426
1.2994235652517765,10.976270010034098,-1.384601574992426
1.2994235652517765,11.201268217671537,-1.384601574992426
1.2994235652517765,11.426266425308976,-1.384601574992426
1.2994235652517765,11.651264632946415,-1.384601574992426
1.2994235652517765,11.876262840583854,-1.384601574992426
1.2994235652517765,12.101261048221293,-1.384601574992426
1.2994235652517765,12.32625925585873,-1.384601574992426
1.2994235652517765,12.551257463496169,-1.384601574992426
1.2994235652517765,12.776255671133608,-1.384601574992426
1.2994235652517765,13.001253878771047,-1.384601574992426
0.7408124553642698,1.9763417045365497,-1.3488593574523486
0.7408124553642698,2.2013399121739883,-1.3488593574523486
0.7408124553642698,2.426338119811427,-1.3488593574523486
0.7408124553642698,2.651336327448866,-1.3488593574523486
0.7408124553642698,2.8763345350863045,-1.3488593574523486
0.7408124553642698,3.101332742723743,-1.3488593574523486
0.7408124553642698,3.326330950361182,-1.3488593574523486
0.7408124553642698,3.551329157998621,-1.3488593574523486
0.7408124553642698,3.7763273656360594,-1.3488593574523486
0.7408124553642698,4.001325573273498,-1.3488593574523486
0.7408124553642698,4.226323780910937,-1.3488593574523486
0.7408124553642698,4.451321988548376,-1.3488593574523486
0.7408124553642698,4.676320196185815,-1.3488593574523486
0.7408124553642698,4.901318403823253,-1.3488593574523486
0.7331225017262302,5.126316611460692,-1.3488593574523486
0.7331225017262302,5.35131481909813,-1.3488593574523486
0.7331225017262302,5.576313026735569,-1.3488593574523486
0.7331225017262302,5.801311234373008,-1.3488593574523486
0.7331225017262302,6.026309442010446,-1.3488593574523486
0.7331225017262302,6.251307649647885,-1.3488593574523486
0.7673501103995803,6.476305857285324,-1.3488593574523486
0.7673501103995803,6.701304064922763,-1.3488593574523486
0.7673501103995803,6.926302272560202,-1.3488593574523486
0.7673501103995803,7.15130048019764,-1.3488593574523486
0.7673501103995803,7.376298687835079,-1.3488593574523486
0.7673501103995803,7.601296895472518,-1.3488593574523486
0.7673501103995803,7.826295103109956,-1.3488593574523486
0.9535937285206919,8.051293310747395,-1.3488593574523486
0.9535937285206919,8.276291518384834,-1.3488593574523486
0.9535937285206919,8.501289726022272,-1.3488593574523486
0.9535937285206919,8.726287933659712,-1.3488593574523486
0.9535937285206919,8.95128614129715,-1.3488593574523486
0.9535937285206919,9.176284348934589,-1.3488593574523486
0.9535937285206919,9.401282556572028,-1.3488593574523486
0.9535937285206919,9.626280764209465,-1.3488593574523486
0.9535937285206919,9.851278971846906,-1.3488593574523486
1.0278033023616502,10.076277179484343,-1.3488593574523486
1.2994235652517765,10.301275387121782,-1.3488593574523486
1.2994235652517765,10.526273594759221,-1.3488593574523486
1.2994235652517765,10.75127180239666,-1.3488593574523486
1.2994235652517765,10.976270010034098,-1.3488593574523486
1.2994235652517765,11.201268217671537,-1.3488593574523486
1.2994235652517765,11.426266425308976,-1.3488593574523486
1.2994235652517765,11.651264632946415,-1.3488593574523486
1.2994235652517765,11.876262840583854,-1.3488593574523486
1.2994235652517765,12.101261048221293,-1.3488593574523486
1.2994235652517765,12.32625925585873,-1.3488593574523486
1.2994235652517765,12.551257463496169,-1.3488593574523486
1.2994235652517765,12.776255671133608,-1.3488593574523486
1.2994235652517765,13.001253878771047,-1.3488593574523486
0.7408124553642698,1.9763417045365497,-1.3131171399122712
0.7408124553642698,2.2013399121739883,-1.3131171399122712
0.7408124553642698,2.426338119811427,-1.3131171399122712
0.7408124553642698,2.651336327448866,-1.3131171399122712
0.7408124553642698,2.8763345350863045,-1.3131171399122712
0.7408124553642698,3.101332742723743,-1.3131171399122712
0.7408124553642698,3.326330950361182,-1.3131171399122712
0.7408124553642698,3.551329157998621,-1.3131171399122712
0.7408124553642698,3.7763273656360594,-1.3131171399122712
0.7408124553642698,4.001325573273498,-1.3131171399122712
0.7408124553642698,4.226323780910937,-1.3131171399122712
0.7408124553642698,4.451321988548376,-1.3131171399122712
0.7408124553642698,4.676320196185815,-1.3131171399122712
0.7408124553642698,4.901318403823253,-1.3131171399122712
0.7331225017262302,5.126316611460692,-1.3131171399122712
0.7331225017262302,5.35131481909813,-1.3131171399122712
0.7331225017262302,5.576313026735569,-1.3131171399122712
0.7331225017262302,5.801311234373008,-1.3131171399122712
0.7331225017262302,6.026309442010446,-1.3131171399122712
0.7331225017262302,6.251307649647885,-1.3131171399122712
0.7673501103995803,6.476305857285324,-1.3131171399122712
0.7673501103995803,6.701304064922763,-1.3131171399122712
0.7673501103995803,6.926302272560202,-1.3131171399122712
0.7673501103995803,7.15130048019764,-1.3131171399122712
0.7673501103995803,7.376298687835079,-1.3131171399122712
0.7673501103995803,7.601296895472518,-1.3131171399122712
0.7673501103995803,7.826295103109956,-1.3131171399122712
0.9535937285206919,8.051293310747395,-1.3131171399122712
0.9535937285206919,8.276291518384834,-1.3131171399122712
0.9535937285206919,8.501289726022272,-1.3131171399122712
0.9535937285206919,8.726287933659712,-1.3131171399122712
0.9535937285206919,8.95128614129715,-1.3131171399122712
0.9535937285206919,9.176284348934589,-1.3131171399122712
0.9535937285206919,9.401282556572028,-1.3131171399122712
0.9535937285206919,9.626280764209465,-1.3131171399122712
0.9535937285206919,9.851278971846906,-1.3131171399122712
1.0278033023616502,10.076277179484343,-1.3131171399122712
1.2994235652517765,10.301275387121782,-1.3131171399122712
1.2994235652517765,10.526273594759221,-1.3131171399122712
1.2994235652517765,10.75127180239666,-1.3131171399122712
1.2994235652517765,10.976270010034098,-1.3131171399122712
1.2994235652517765,11.201268217671537,-1.3131171399122712
1.2994235652517765,11.426266425308976,-1.3131171399122712
1.2994235652517765,11.651264632946415,-1.3131171399122712
1.2994235652517765,11.876262840583854,-1.3131171399122712
1.2994235652517765,12.101261048221293,-1.3131171399122712
1.2994235652517765,12.32625925585873,-1.3131171399122712
1.2994235652517765,12.551257463496169,-1.3131171399122712
1.2994235652517765,12.776255671133608,-1.3131171399122712
1.2994235652517765,13.001253878771047,-1.3131171399122712
0.674512848160663,1.9763417045365497,-1.2773749223721937
0.674512848160663,2.2013399121739883,-1.2773749223721937
0.674512848160663,2.426338119811427,-1.2773749223721937
0.674512848160663,2.651336327448866,-1.2773749223721937
0.674512848160663,2.8763345350863045,-1.2773749223721937
0.674512848160663,3.101332742723743,-1.2773749223721937
0.674512848160663,3.326330950361182,-1.2773749223721937
0.674512848160663,3.551329157998621,-1.2773749223721937
0.674512848160663,3.7763273656360594,-1.2773749223721937
0.674512848160663,4.001325573273498,-1.2773749223721937
0.674512848160663,4.226323780910937,-1.2773749223721937
0.674512848160663,4.451321988548376,-1.2773749223721937
0.674512848160663,4.676320196185815,-1.2773749223721937
0.674512848160663,4.901318403823253,-1.2773749223721937
0.6675111131154995,5.126316611460692,-1.2773749223721937
0.6675111131154995,5.35131481909813,-1.2773749223721937
0.6675111131154995,5.576313026735569,-1.2773749223721937
0.6675111131154995,5.801311234373008,-1.2773749223721937
0.6675111131154995,6.026309442010446,-1.2773749223721937
0.6675111131154995,6.251307649647885,-1.2773749223721937
0.6986754943901607,6.476305857285324,-1.2773749223721937
0.6986754943901607,6.701304064922763,-1.2773749223721937
0.6986754943901607,6.926302272560202,-1.2773749223721937
0.6986754943901607,7.15130048019764,-1.2773749223721937
0.6986754943901607,7.376298687835079,-1.2773749223721937
0.6986754943901607,7.601296895472518,-1.2773749223721937
0.6986754943901607,7.826295103109956,-1.2773749223721937
0.868251089942002,8.051293310747395,-1.2773749223721937
0.868251089942002,8.276291518384834,-1.2773749223721937
0.868251089942002,8.501289726022272,-1.2773749223721937
0.868251089942002,8.726287933659712,-1.2773749223721937
0.868251089942002,8.95128614129715,-1.2773749223721937
0.868251089942002,9.176284348934589,-1.2773749223721937
0.868251089942002,9.401282556572028,-1.2773749223721937
0.868251089942002,9.626280764209465,-1.2773749223721937
0.868251089942002,9.851278971846906,-1.2773749223721937
0.9358192182176541,10.076277179484343,-1.2773749223721937
1.1831306069686423,10.301275387121782,-1.2773749223721937
1.1831306069686423,10.526273594759221,-1.2773749223721937
1.1831306069686423,10.75127180239666,-1.2773749223721937
1.1831306069686423,10.976270010034098,-1.2773749223721937
1.1831306069686423,11.201268217671537,-1.2773749223721937
1.1831306069686423,11.426266425308976,-1.2773749223721937
1.1831306069686423,11.651264632946415,-1.2773749223721937
1.1831306069686423,11.876262840583854,-1.2773749223721937
1.1831306069686423,12.101261048221293,-1.2773749223721937
1.1831306069686423,12.32625925585873,-1.2773749223721937
1.1831306069686423,12.551257463496169,-1.2773749223721937
1.1831306069686423,12.776255671133608,-1.2773749223721937
1.1831306069686423,13.001253878771047,-1.2773749223721937
0.674512848160663,1.9763417045365497,-1.2416327048321163
0.674512848160663,2.2013399121739883,-1.2416327048321163
0.674512848160663,2.426338119811427,-1.2416327048321163
0.674512848160663,2.651336327448866,-1.2416327048321163
0.674512848160663,2.8763345350863045,-1.2416327048321163
0.674512848160663,3.101332742723743,-1.2416327048321163
0.674512848160663,3.326330950361182,-1.2416327048321163
0.674512848160663,3.551329157998621,-1.2416327048321163
0.674512848160663,3.7763273656360594,-1.2416327048321163
0.674512848160663,4.001325573273498,-1.2416327048321163
0.674512848160663,4.226323780910937,-1.2416327048321163
0.674512848160663,4.451321988548376,-1.2416327048321163
0.674512848160663,4.676320196185815,-1.2416327048321163
0.674512848160663,4.901318403823253,-1.2416327048321163
0.6675111131154995,5.126316611460692,-1.2416327048321163
0.6675111131154995,5.35131481909813,-1.2416327048321163
0.6675111131154995,5.576313026735569,-1.2416327048321163
0.6675111131154995,5.801311234373008,-1.2416327048321163
0.6675111131154995,6.026309442010446,-1.2416327048321163
0.6675111131154995,6.251307649647885,-1.2416327048321163
0.6986754943901607,6.476305857285324,-1.2416327048321163
0.6986754943901607,6.701304064922763,-1.2416327048321163
0.6986754943901607,6.926302272560202,-1.2416327048321163
0.6986754943901607,7.15130048019764,-1.2416327048321163
0.6986754943901607,7.376298687835079,-1.2416327048321163
0.6986754943901607,7.601296895472518,-1.2416327048321163
0.6986754943901607,7.826295103109956,-1.2416327048321163
0.868251089942002,8.051293310747395,-1.2416327048321163
0.868251089942002,8.276291518384834,-1.2416327048321163
0.868251089942002,8.501289726022272,-1.2416327048321163
0.868251089942002,8.726287933659712,-1.2416327048321163
0.868251089942002,8.95128614129715,-1.2416327048321163
0.868251089942002,9.176284348934589,-1.2416327048321163
0.868251089942002,9.401282556572028,-1.2416327048321163
0.868251089942002,9.626280764209465,-1.2416327048321163
0.868251089942002,9.851278971846906,-1.2416327048321163
0.9358192182176541,10.076277179484343,-1.2416327048321163
1.1831306069686423,10.301275387121782,-1.2416327048321163
1.1831306069686423,10.526273594759221,-1.2416327048321163
1.1831306069686423,10.75127180239666,-1.2416327048321163
1.1831306069686423,10.976270010034098,-1.2416327048321163
1.1831306069686423,11.201268217671537,-1.2416327048321163
1.1831306069686423,11.426266425308976,-1.2416327048321163
1.1831306069686423,11.651264632946415,-1.2416327048321163
1.1831306069686423,11.876262840583854,-1.2416327048321163
1.1831306069686423,12.101261048221293,-1.2416327048321163
1.1831306069686423,12.32625925585873,-1.2416327048321163
1.1831306069686423,12.551257463496169,-1.2416327048321163
1.1831306069686423,12.776255671133608,-1.2416327048321163
1.1831306069686423,13.001253878771047,-1.2416327048321163
0.674512848160663,1.9763417045365497,-1.2058904872920388
0.674512848160663,2.2013399121739883,-1.2058904872920388
0.674512848160663,2.426338119811427,-1.2058904872920388
0.674512848160663,2.651336327448866,-1.2058904872920388
0.674512848160663,2.8763345350863045,-1.2058904872920388
0.674512848160663,3.101332742723743,-1.2058904872920388
0.674512848160663,3.326330950361182,-1.2058904872920388
0.674512848160663,3.551329157998621,-1.2058904872920388
0.674512848160663,3.7763273656360594,-1.2058904872920388
0.674512848160663,4.001325573273498,-1.2058904872920388
0.674512848160663,4.226323780910937,-1.2058904872920388
0.674512848160663,4.451321988548376,-1.2058904872920388
0.674512848160663,4.676320196185815,-1.2058904872920388
0.674512848160663,4.901318403823253,-1.2058904872920388
0.6675111131154995,5.126316611460692,-1.2058904872920388
0.6675111131154995,5.35131481909813,-1.2058904872920388
0.6675111131154995,5.576313026735569,-1.2058904872920388
0.6675111131154995,5.801311234373008,-1.2058904872920388
0.6675111131154995,6.026309442010446,-1.2058904872920388
0.6675111131154995,6.251307649647885,-1.2058904872920388
0.6986754943901607,6.476305857285324,-1.2058904872920388
0.6986754943901607,6.701304064922763,-1.2058904872920388
0.6986754943901607,6.926302272560202,-1.2058904872920388
0.6986754943901607,7.15130048019764,-1.2058904872920388
0.6986754943901607,7.376298687835079,-1.2058904872920388
0.6986754943901607,7.601296895472518,-1.2058904872920388
0.6986754943901607,7.826295103109956,-1.2058904872920388
0.868251089942002,8.051293310747395,-1.2058904872920388
0.868251089942002,8.276291518384834,-1.2058904872920388
0.868251089942002,8.501289726022272,-1.2058904872920388
0.868251089942002,8.726287933659712,-1.2058904872920388
0.868251089942002,8.95128614129715,-1.2058904872920388
0.868251089942002,9.176284348934589,-1.2058904872920388
0.868251089942002,9.401282556572028,-1.2058904872920388
0.868251089942002,9.626280764209465,-1.2058904872920388
0.868251089942002,9.851278971846906,-1.2058904872920388
0.9358192182176541,10.076277179484343,-1.2058904872920388
1.1831306069686423,10.301275387121782,-1.2058904872920388
1.1831306069686423,10.526273594759221,-1.2058904872920388
1.1831306069686423,10.75127180239666,-1.2058904872920388
1.1831306069686423,10.976270010034098,-1.2058904872920388
1.1831306069686423,11.201268217671537,-1.2058904872920388
1.1831306069686423,11.426266425308976,-1.2058904872920388
1.1831306069686423,11.651264632946415,-1.2058904872920388
1.1831306069686423,11.876262840583854,-1.2058904872920388
1.1831306069686423,12.101261048221293,-1.2058904872920388
1.1831306069686423,12.32625925585873,-1.2058904872920388
1.1831306069686423,12.551257463496169,-1.2058904872920388
1.1831306069686423,12.776255671133608,-1.2058904872920388
1.1831306069686423,13.001253878771047,-1.2058904872920388
0.674512848160663,1.9763417045365497,-1.1701482697519614
0.674512848160663,2.2013399121739883,-1.1701482697519614
0.674512848160663,2.426338119811427,-1.1701482697519614
0.674512848160663,2.651336327448866,-1.1701482697519614
0.674512848160663,2.8763345350863045,-1.1701482697519614
0.674512848160663,3.101332742723743,-1.1701482697519614
0.674512848160663,3.326330950361182,-1.1701482697519614
0.674512848160663,3.551329157998621,-1.1701482697519614
0.674512848160663,3.7763273656360594,-1.1701482697519614
0.674512848160663,4.001325573273498,-1.1701482697519614
0.674512848160663,4.226323780910937,-1.1701482697519614
0.674512848160663,4.451321988548376,-1.1701482697519614
0.674512848160663,4.676320196185815,-1.1701482697519614
0.674512848160663,4.901318403823253,-1.1701482697519614
0.6675111131154995,5.126316611460692,-1.1701482697519614
0.6675111131154995,5.35131481909813,-1.1701482697519614
0.6675111131154995,5.576313026735569,-1.1701482697519614
0.6675111131154995,5.801311234373008,-1.1701482697519614
0.6675111131154995,6.026309442010446,-1.1701482697519614
0.6675111131154995,6.251307649647885,-1.1701482697519614
0.6986754943901607,6.476305857285324,-1.1701482697519614
0.6986754943901607,6.701304064922763,-1.1701482697519614
0.6986754943901607,6.926302272560202,-1.1701482697519614
0.6986754943901607,7.15130048019764,-1.1701482697519614
0.6986754943901607,7.376298687835079,-1.1701482697519614
0.6986754943901607,7.601296895472518,-1.1701482697519614
0.6986754943901607,7.826295103109956,-1.1701482697519614
0.868251089942002,8.051293310747395,-1.1701482697519614
0.868251089942002,8.276291518384834,-1.1701482697519614
0.868251089942002,8.501289726022272,-1.1701482697519614
0.868251089942002,8.726287933659712,-1.1701482697519614
0.868251089942002,8.95128614129715,-1.1701482697519614
0.868251089942002,9.176284348934589,-1.1701482697519614
0.868251089942002,9.401282556572028,-1.1701482697519614
0.868251089942002,9.626280764209465,-1.1701482697519614
0.868251089942002,9.851278971846906,-1.1701482697519614
0.9358192182176541,10.076277179484343,-1.1701482697519614
1.1831306069686423,10.301275387121782,-1.1701482697519614
1.1831306069686423,10.526273594759221,-1.1701482697519614
1.1831306069686423,10.75127180239666,-1.1701482697519614
1.1831306069686423,10.976270010034098,-1.1701482697519614
1.1831306069686423,11.201268217671537,-1.1701482697519614
1.1831306069686423,11.426266425308976,-1.1701482697519614
1.1831306069686423,11.651264632946415,-1.1701482697519614
1.1831306069686423,11.876262840583854,-1.1701482697519614
1.1831306069686423,12.101261048221293,-1.1701482697519614
1.1831306069686423,12.32625925585873,-1.1701482697519614
1.1831306069686423,12.551257463496169,-1.1701482697519614
1.1831306069686423,12.776255671133608,-1.1701482697519614
1.1831306069686423,13.001253878771047,-1.1701482697519614
0.644732808664788,1.9763417045365497,-1.134406052211884
0.644732808664788,2.2013399121739883,-1.134406052211884
0.644732808664788,2.426338119811427,-1.134406052211884
0.644732808664788,2.651336327448866,-1.134406052211884
0.644732808664788,2.8763345350863045,-1.134406052211884
0.644732808664788,3.101332742723743,-1.134406052211884
0.644732808664788,3.326330950361182,-1.134406052211884
0.644732808664788,3.551329157998621,-1.134406052211884
0.644732808664788,3.7763273656360594,-1.134406052211884
0.644732808664788,4.001325573273498,-1.134406052211884
0.644732808664788,4.226323780910937,-1.134406052211884
0.644732808664788,4.451321988548376,-1.134406052211884
0.644732808664788,4.676320196185815,-1.134406052211884
0.644732808664788,4.901318403823253,-1.134406052211884
0.6380402033074477,5.126316611460692,-1.134406052211884
0.6380402033074477,5.35131481909813,-1.134406052211884
0.6380402033074477,5.576313026735569,-1.134406052211884
0.6380402033074477,5.801311234373008,-1.134406052211884
0.6380402033074477,6.026309442010446,-1.134406052211884
0.6380402033074477,6.251307649647885,-1.134406052211884
0.6678286634150701,6.476305857285324,-1.134406052211884
0.6678286634150701,6.701304064922763,-1.134406052211884
0.6678286634150701,6.926302272560202,-1.134406052211884
0.6678286634150701,7.15130048019764,-1.134406052211884
0.6678286634150701,7.376298687835079,-1.134406052211884
0.6678286634150701,7.601296895472518,-1.134406052211884
0.6678286634150701,7.826295103109956,-1.134406052211884
0.8299174216934017,8.051293310747395,-1.134406052211884
0.8299174216934017,8.276291518384834,-1.134406052211884
0.8299174216934017,8.501289726022272,-1.134406052211884
0.8299174216934017,8.726287933659712,-1.134406052211884
0.8299174216934017,8.95128614129715,-1.134406052211884
0.8299174216934017,9.176284348934589,-1.134406052211884
0.8299174216934017,9.401282556572028,-1.134406052211884
0.8299174216934017,9.626280764209465,-1.134406052211884
0.8299174216934017,9.851278971846906,-1.134406052211884
0.8945023873292341,10.076277179484343,-1.134406052211884
1.1308948692797547,10.301275387121782,-1.134406052211884
1.1308948692797547,10.526273594759221,-1.134406052211884
1.1308948692797547,10.75127180239666,-1.134406052211884
1.1308948692797547,10.976270010034098,-1.134406052211884
1.1308948692797547,11.201268217671537,-1.134406052211884
1.1308948692797547,11.426266425308976,-1.134406052211884
1.1308948692797547,11.651264632946415,-1.134406052211884
1.1308948692797547,11.876262840583854,-1.134406052211884
1.1308948692797547,12.101261048221293,-1.134406052211884
1.1308948692797547,12.32625925585873,-1.134406052211884
1.1308948692797547,12.551257463496169,-1.134406052211884
1.1308948692797547,12.776255671133608,-1.134406052211884
1.1308948692797547,13.001253878771047,-1.134406052211884
0.644732808664788,1.9763417045365497,-1.0986638346718065
0.644732808664788,2.2013399121739883,-1.0986638346718065
0.644732808664788,2.426338119811427,-1.0986638346718065
0.644732808664788,2.651336327448866,-1.0986638346718065
0.644732808664788,2.8763345350863045,-1.0986638346718065
0.644732808664788,3.101332742723743,-1.0986638346718065
0.644732808664788,3.326330950361182,-1.0986638346718065
0.644732808664788,3.551329157998621,-1.0986638346718065
0.644732808664788,3.7763273656360594,-1.0986638346718065
0.644732808664788,4.001325573273498,-1.0986638346718065
0.644732808664788,4.226323780910937,-1.0986638346718065
0.644732808664788,4.451321988548376,-1.0986638346718065
0.644732808664788,4.676320196185815,-1.0986638346718065
0.644732808664788,4.901318403823253,-1.0986638346718065
0.6380402033074477,5.126316611460692,-1.0986638346718065
0.6380402033074477,5.35131481909813,-1.0986638346718065
0.6380402033074477,5.576313026735569,-1.0986638346718065
0.6380402033074477,5.801311234373008,-1.0986638346718065
0.6380402033074477,6.026309442010446,-1.0986638346718065
0.6380402033074477,6.251307649647885,-1.0986638346718065
0.6678286634150701,6.476305857285324,-1.0986638346718065
0.6678286634150701,6.701304064922763,-1.0986638346718065
0.6678286634150701,6.926302272560202,-1.0986638346718065
0.6678286634150701,7.15130048019764,-1.0986638346718065
0.6678286634150701,7.376298687835079,-1.0986638346718065
0.6678286634150701,7.601296895472518,-1.0986638346718065
0.6678286634150701,7.826295103109956,-1.0986638346718065
0.8299174216934017,8.051293310747395,-1.0986638346718065
0.8299174216934017,8.276291518384834,-1.0986638346718065
0.8299174216934017,8.501289726022272,-1.0986638346718065
0.8299174216934017,8.726287933659712,-1.0986638346718065
0.8299174216934017,8.95128614129715,-1.0986638346718065
0.8299174216934017,9.176284348934589,-1.0986638346718065
0.8299174216934017,9.401282556572028,-1.0986638346718065
0.8299174216934017,9.626280764209465,-1.0986638346718065
0.8299174216934017,9.851278971846906,-1.0986638346718065
0.8945023873292341,10.076277179484343,-1.0986638346718065
1.1308948692797547,10.301275387121782,-1.0986638346718065
1.1308948692797547,10.526273594759221,-1.0986638346718065
1.1308948692797547,10.75127180239666,-1.0986638346718065
1.1308948692797547,10.976270010034098,-1.0986638346718065
1.1308948692797547,11.201268217671537,-1.0986638346718065
1.1308948692797547,11.426266425308976,-1.0986638346718065
1.1308948692797547,11.651264632946415,-1.0986638346718065
1.1308948692797547,11.876262840583854,-1.0986638346718065
1.1308948692797547,12.101261048221293,-1.0986638346718065
1.1308948692797547,12.32625925585873,-1.0986638346718065
1.1308948692797547,12.551257463496169,-1.0986638346718065
1.1308948692797547,12.776255671133608,-1.0986638346718065
1.1308948692797547,13.001253878771047,-1.0986638346718065
0.644732808664788,1.9763417045365497,-1.062921617131729
0.644732808664788,2.2013399121739883,-1.062921617131729
0.644732808664788,2.426338119811427,-1.062921617131729
0.644732808664788,2.651336327448866,-1.062921617131729
0.644732808664788,2.8763345350863045,-1.062921617131729
0.644732808664788,3.101332742723743,-1.062921617131729
0.644732808664788,3.326330950361182,-1.062921617131729
0.644732808664788,3.551329157998621,-1.062921617131729
0.644732808664788,3.7763273656360594,-1.062921617131729
0.644732808664788,4.001325573273498,-1.062921617131729
0.644732808664788,4.226323780910937,-1.062921617131729
0.644732808664788,4.451321988548376,-1.062921617131729
0.644732808664788,4.676320196185815,-1.062921617131729
0.644732808664788,4.901318403823253,-1.062921617131729
0.6380402033074477,5.126316611460692,-1.062921617131729
0.6380402033074477,5.35131481909813,-1.062921617131729
0.6380402033074477,5.576313026735569,-1.062921617131729
0.6380402033074477,5.801311234373008,-1.062921617131729
0.6380402033074477,6.026309442010446,-1.062921617131729
0.6380402033074477,6.251307649647885,-1.062921617131729
0.6678286634150701,6.476305857285324,-1.062921617131729
0.6678286634150701,6.701304064922763,-1.062921617131729
0.6678286634150701,6.926302272560202,-1.062921617131729
0.6678286634150701,7.15130048019764,-1.062921617131729
0.6678286634150701,7.376298687835079,-1.062921617131729
0.6678286634150701,7.601296895472518,-1.062921617131729
0.6678286634150701,7.826295103109956,-1.062921617131729
0.8299174216934017,8.051293310747395,-1.062921617131729
0.8299174216934017,8.276291518384834,-1.062921617131729
0.8299174216934017,8.501289726022272,-1.062921617131729
0.8299174216934017,8.726287933659712,-1.062921617131729
0.8299174216934017,8.95128614129715,-1.062921617131729
0.8299174216934017,9.176284348934589,-1.062921617131729
0.8299174216934017,9.401282556572028,-1.062921617131729
0.8299174216934017,9.626280764209465,-1.062921617131729
0.8299174216934017,9.851278971846906,-1.062921617131729
0.8945023873292341,10.076277179484343,-1.062921617131729
1.1308948692797547,10.301275387121782,-1.062921617131729
1.1308948692797547,10.526273594759221,-1.062921617131729
1.1308948692797547,10.75127180239666,-1.062921617131729
1.1308948692797547,10.976270010034098,-1.062921617131729
1.1308948692797547,11.201268217671537,-1.062921617131729
1.1308948692797547,11.426266425308976,-1.062921617131729
1.1308948692797547,11.651264632946415,-1.062921617131729
1.1308948692797547,11.876262840583854,-1.062921617131729
1.1308948692797547,12.101261048221293,-1.062921617131729
1.1308948692797547,12.32625925585873,-1.062921617131729
1.1308948692797547,12.551257463496169,-1.062921617131729
1.1308948692797547,12.776255671133608,-1.062921617131729
1.1308948692797547,13.001253878771047,-1.062921617131729
0.644732808664788,1.9763417045365497,-1.0271793995916514
0.644732808664788,2.2013399121739883,-1.0271793995916514
0.644732808664788,2.426338119811427,-1.0271793995916514
0.644732808664788,2.651336327448866,-1.0271793995916514
0.644732808664788,2.8763345350863045,-1.0271793995916514
0.644732808664788,3.101332742723743,-1.0271793995916514
0.644732808664788,3.326330950361182,-1.0271793995916514
0.644732808664788,3.551329157998621,-1.0271793995916514
0.644732808664788,3.7763273656360594,-1.0271793995916514
0.644732808664788,4.001325573273498,-1.0271793995916514
0.644732808664788,4.226323780910937,-1.0271793995916514
0.644732808664788,4.451321988548376,-1.0271793995916514
0.644732808664788,4.676320196185815,-1.0271793995916514
0.644732808664788,4.901318403823253,-1.0271793995916514
0.6380402033074477,5.126316611460692,-1.0271793995916514
0.6380402033074477,5.35131481909813,-1.0271793995916514
0.6380402033074477,5.576313026735569,-1.0271793995916514
0.6380402033074477,5.801311234373008,-1.0271793995916514
0.6380402033074477,6.026309442010446,-1.0271793995916514
0.6380402033074477,6.251307649647885,-1.0271793995916514
0.6678286634150701,6.476305857285324,-1.0271793995916514
0.6678286634150701,6.701304064922763,-1.0271793995916514
0.6678286634150701,6.926302272560202,-1.0271793995916514
0.6678286634150701,7.15130048019764,-1.0271793995916514
0.6678286634150701,7.376298687835079,-1.0271793995916514
0.6678286634150701,7.601296895472518,-1.0271793995916514
0.6678286634150701,7.826295103109956,-1.0271793995916514
0.8299174216934017,8.051293310747395,-1.0271793995916514
0.8299174216934017,8.276291518384834,-1.0271793995916514
0.8299174216934017,8.501289726022272,-1.0271793995916514
0.8299174216934017,8.726287933659712,-1.0271793995916514
0.8299174216934017,8.95128614129715,-1.0271793995916514
0.8299174216934017,9.176284348934589,-1.0271793995916514
0.8299174216934017,9.401282556572028,-1.0271793995916514
0.8299174216934017,9.626280764209465,-1.0271793995916514
0.8299174216934017,9.851278971846906,-1.0271793995916514
0.8945023873292341,10.076277179484343,-1.0271793995916514
1.1308948692797547,10.301275387121782,-1.0271793995916514
1.1308948692797547,10.526273594759221,-1.0271793995916514
1.1308948692797547,10.75127180239666,-1.0271793995916514
1.1308948692797547,10.976270010034098,-1.0271793995916514
1.1308948692797547,11.201268217671537,-1.0271793995916514
1.1308948692797547,11.426266425308976,-1.0271793995916514
1.1308948692797547,11.651264632946415,-1.0271793995916514
1.1308948692797547,11.876262840583854,-1.0271793995916514
1.1308948692797547,12.101261048221293,-1.0271793995916514
1.1308948692797547,12.32625925585873,-1.0271793995916514
1.1308948692797547,12.551257463496169,-1.0271793995916514
1.1308948692797547,12.776255671133608,-1.0271793995916514
1.1308948692797547,13.001253878771047,-1.0271793995916514
0.644732808664788,1.9763417045365497,-0.9914371820515739
0.644732808664788,2.2013399121739883,-0.9914371820515739
0.644732808664788,2.426338119811427,-0.9914371820515739
0.644732808664788,2.651336327448866,-0.9914371820515739
0.644732808664788,2.8763345350863045,-0.9914371820515739
0.644732808664788,3.101332742723743,-0.9914371820515739
0.644732808664788,3.326330950361182,-0.9914371820515739
0.644732808664788,3.551329157998621,-0.9914371820515739
0.644732808664788,3.7763273656360594,-0.9914371820515739
0.644732808664788,4.001325573273498,-0.9914371820515739
0.644732808664788,4.226323780910937,-0.9914371820515739
0.644732808664788,4.451321988548376,-0.9914371820515739
0.644732808664788,4.676320196185815,-0.9914371820515739
0.644732808664788,4.901318403823253,-0.9914371820515739
0.6380402033074477,5.126316611460692,-0.9914371820515739
0.6380402033074477,5.35131481909813,-0.9914371820515739
0.6380402033074477,5.576313026735569,-0.9914371820515739
0.6380402033074477,5.801311234373008,-0.9914371820515739
0.6380402033074477,6.026309442010446,-0.9914371820515739
0.6380402033074477,6.251307649647885,-0.9914371820515739
0.6678286634150701,6.476305857285324,-0.9914371820515739
0.6678286634150701,6.701304064922763,-0.9914371820515739
0.6678286634150701,6.926302272560202,-0.9914371820515739
0.6678286634150701,7.15130048019764,-0.9914371820515739
0.6678286634150701,7.376298687835079,-0.9914371820515739
0.6678286634150701,7.601296895472518,-0.9914371820515739
0.6678286634150701,7.826295103109956,-0.9914371820515739
0.8299174216934017,8.051293310747395,-0.9914371820515739
0.8299174216934017,8.276291518384834,-0.9914371820515739
0.8299174216934017,8.501289726022272,-0.9914371820515739
0.8299174216934017,8.726287933659712,-0.9914371820515739
0.8299174216934017,8.95128614129715,-0.9914371820515739
0.8299174216934017,9.176284348934589,-0.9914371820515739
0.8299174216934017,9.401282556572028,-0.9914371820515739
0.8299174216934017,9.626280764209465,-0.9914371820515739
0.8299174216934017,9.851278971846906,-0.9914371820515739
0.8945023873292341,10.076277179484343,-0.9914371820515739
1.1308948692797547,10.301275387121782,-0.9914371820515739
1.1308948692797547,10.526273594759221,-0.9914371820515739
1.1308948692797547,10.75127180239666,-0.9914371820515739
1.1308948692797547,10.976270010034098,-0.9914371820515739
1.1308948692797547,11.201268217671537,-0.9914371820515739
1.1308948692797547,11.426266425308976,-0.9914371820515739
1.1308948692797547,11.651264632946415,-0.9914371820515739
1.1308948692797547,11.876262840583854,-0.9914371820515739
1.1308948692797547,12.101261048221293,-0.9914371820515739
1.1308948692797547,12.32625925585873,-0.9914371820515739
1.1308948692797547,12.551257463496169,-0.9914371820515739
1.1308948692797547,12.776255671133608,-0.9914371820515739
1.1308948692797547,13.001253878771047,-0.9914371820515739
0.5453487751371545,1.9763417045365497,-0.9556949645114965
0.5453487751371545,2.2013399121739883,-0.9556949645114965
0.5453487751371545,2.426338119811427,-0.9556949645114965
0.5453487751371545,2.651336327448866,-0.9556949645114965
0.5453487751371545,2.8763345350863045,-0.9556949645114965
0.5453487751371545,3.101332742723743,-0.9556949645114965
0.5453487751371545,3.326330950361182,-0.9556949645114965
0.5453487751371545,3.551329157998621,-0.9556949645114965
0.5453487751371545,3.7763273656360594,-0.9556949645114965
0.5453487751371545,4.001325573273498,-0.9556949645114965
0.5453487751371545,4.226323780910937,-0.9556949645114965
0.5453487751371545,4.451321988548376,-0.9556949645114965
0.5453487751371545,4.676320196185815,-0.9556949645114965
0.5453487751371545,4.901318403823253,-0.9556949645114965
0.539687819024714,5.126316611460692,-0.9556949645114965
0.539687819024714,5.35131481909813,-0.9556949645114965
0.539687819024714,5.576313026735569,-0.9556949645114965
0.539687819024714,5.801311234373008,-0.9556949645114965
0.539687819024714,6.026309442010446,-0.9556949645114965
0.539687819024714,6.251307649647885,-0.9556949645114965
0.5648844586475008,6.476305857285324,-0.9556949645114965
0.5648844586475008,6.701304064922763,-0.9556949645114965
0.5648844586475008,6.926302272560202,-0.9556949645114965
0.5648844586475008,7.15130048019764,-0.9556949645114965
0.5648844586475008,7.376298687835079,-0.9556949645114965
0.5648844586475008,7.601296895472518,-0.9556949645114965
0.5648844586475008,7.826295103109956,-0.9556949645114965
0.7019876192166865,8.051293310747395,-0.9556949645114965
0.7019876192166865,8.276291518384834,-0.9556949645114965
0.7019876192166865,8.501289726022272,-0.9556949645114965
0.7019876192166865,8.726287933659712,-0.9556949645114965
0.7019876192166865,8.95128614129715,-0.9556949645114965
0.7019876192166865,9.176284348934589,-0.9556949645114965
0.7019876192166865,9.401282556572028,-0.9556949645114965
0.7019876192166865,9.626280764209465,-0.9556949645114965
0.7019876192166865,9.851278971846906,-0.9556949645114965
0.7566169655574105,10.076277179484343,-0.9556949645114965
0.9565701069995658,10.301275387121782,-0.9556949645114965
0.9565701069995658,10.526273594759221,-0.9556949645114965
0.9565701069995658,10.75127180239666,-0.9556949645114965
0.9565701069995658,10.976270010034098,-0.9556949645114965
0.9565701069995658,11.201268217671537,-0.9556949645114965
0.9565701069995658,11.426266425308976,-0.9556949645114965
0.9565701069995658,11.651264632946415,-0.9556949645114965
0.9565701069995658,11.876262840583854,-0.9556949645114965
0.9565701069995658,12.101261048221293,-0.9556949645114965
0.9565701069995658,12.32625925585873,-0.9556949645114965
0.9565701069995658,12.551257463496169,-0.9556949645114965
0.9565701069995658,12.776255671133608,-0.9556949645114965
0.9565701069995658,13.001253878771047,-0.9556949645114965
0.5453487751371545,1.9763417045365497,-0.919952746971419
0.5453487751371545,2.2013399121739883,-0.919952746971419
0.5453487751371545,2.426338119811427,-0.919952746971419
0.5453487751371545,2.651336327448866,-0.919952746971419
0.5453487751371545,2.8763345350863045,-0.919952746971419
0.5453487751371545,3.101332742723743,-0.919952746971419
0.5453487751371545,3.326330950361182,-0.919952746971419
0.5453487751371545,3.551329157998621,-0.919952746971419
0.5453487751371545,3.7763273656360594,-0.919952746971419
0.5453487751371545,4.001325573273498,-0.919952746971419
0.5453487751371545,4.226323780910937,-0.919952746971419
0.5453487751371545,4.451321988548376,-0.919952746971419
0.5453487751371545,4.676320196185815,-0.919952746971419
0.5453487751371545,4.901318403823253,-0.919952746971419
0.539687819024714,5.126316611460692,-0.919952746971419
0.539687819024714,5.35131481909813,-0.919952746971419
0.539687819024714,5.576313026735569,-0.919952746971419
0.539687819024714,5.801311234373008,-0.919952746971419
0.539687819024714,6.026309442010446,-0.919952746971419
0.539687819024714,6.251307649647885,-0.919952746971419
0.5648844586475008,6.476305857285324,-0.919952746971419
0.5648844586475008,6.701304064922763,-0.919952746971419
0.5648844586475008,6.926302272560202,-0.919952746971419
0.5648844586475008,7.15130048019764,-0.919952746971419
0.5648844586475008,7.376298687835079,-0.919952746971419
0.5648844586475008,7.601296895472518,-0.919952746971419
0.5648844586475008,7.826295103109956,-0.919952746971419
0.7019876192166865,8.051293310747395,-0.919952746971419
0.7019876192166865,8.276291518384834,-0.919952746971419
0.7019876192166865,8.501289726022272,-0.919952746971419
0.7019876192166865,8.726287933659712,-0.919952746971419
0.7019876192166865,8.95128614129715,-0.919952746971419
0.7019876192166865,9.176284348934589,-0.919952746971419
0.7019876192166865,9.401282556572028,-0.919952746971419
0.7019876192166865,9.626280764209465,-0.919952746971419
0.7019876192166865,9.851278971846906,-0.919952746971419
0.7566169655574105,10.076277179484343,-0.919952746971419
0.9565701069995658,10.301275387121782,-0.919952746971419
0.9565701069995658,10.526273594759221,-0.919952746971419
0.9565701069995658,10.75127180239666,-0.919952746971419
0.9565701069995658,10.976270010034098,-0.919952746971419
0.9565701069995658,11.201268217671537,-0.919952746971419
0.9565701069995658,11.426266425308976,-0.919952746971419
0.9565701069995658,11.651264632946415,-0.919952746971419
0.9565701069995658,11.876262840583854,-0.919952746971419
0.9565701069995658,12.101261048221293,-0.919952746971419
0.9565701069995658,12.32625925585873,-0.919952746971419
0.9565701069995658,12.551257463496169,-0.919952746971419
0.9565701069995658,12.776255671133608,-0.919952746971419
0.9565701069995658,13.001253878771047,-0.919952746971419
0.5453487751371545,1.9763417045365497,-0.8842105294313416
0.5453487751371545,2.2013399121739883,-0.8842105294313416
0.5453487751371545,2.426338119811427,-0.8842105294313416
0.5453487751371545,2.651336327448866,-0.8842105294313416
0.5453487751371545,2.8763345350863045,-0.8842105294313416
0.5453487751371545,3.101332742723743,-0.8842105294313416
0.5453487751371545,3.326330950361182,-0.8842105294313416
0.5453487751371545,3.551329157998621,-0.8842105294313416
0.5453487751371545,3.7763273656360594,-0.8842105294313416
0.5453487751371545,4.001325573273498,-0.8842105294313416
0.5453487751371545,4.226323780910937,-0.8842105294313416
0.5453487751371545,4.451321988548376,-0.8842105294313416
0.5453487751371545,4.676320196185815,-0.8842105294313416
0.5453487751371545,4.901318403823253,-0.8842105294313416
0.539687819024714,5.126316611460692,-0.8842105294313416
0.539687819024714,5.35131481909813,-0.8842105294313416
0.539687819024714,5.576313026735569,-0.8842105294313416
0.539687819024714,5.801311234373008,-0.8842105294313416
0.539687819024714,6.026309442010446,-0.8842105294313416
0.539687819024714,6.251307649647885,-0.8842105294313416
0.5648844586475008,6.476305857285324,-0.8842105294313416
0.5648844586475008,6.701304064922763,-0.8842105294313416
0.5648844586475008,6.926302272560202,-0.8842105294313416
0.5648844586475008,7.15130048019764,-0.8842105294313416
0.5648844586475008,7.376298687835079,-0.8842105294313416
0.5648844586475008,7.601296895472518,-0.8842105294313416
0.5648844586475008,7.826295103109956,-0.8842105294313416
0.7019876192166865,8.051293310747395,-0.8842105294313416
0.7019876192166865,8.276291518384834,-0.8842105294313416
0.7019876192166865,8.501289726022272,-0.8842105294313416
0.7019876192166865,8.726287933659712,-0.8842105294313416
0.7019876192166865,8.95128614129715,-0.8842105294313416
0.7019876192166865,9.176284348934589,-0.8842105294313416
0.7019876192166865,9.401282556572028,-0.8842105294313416
0.7019876192166865,9.626280764209465,-0.8842105294313416
0.7019876192166865,9.851278971846906,-0.8842105294313416
0.7566169655574105,10.076277179484343,-0.8842105294313416
0.9565701069995658,10.301275387121782,-0.8842105294313416
0.9565701069995658,10.526273594759221,-0.8842105294313416
0.9565701069995658,10.75127180239666,-0.8842105294313416
0.9565701069995658,10.976270010034098,-0.8842105294313416
0.9565701069995658,11.201268217671537,-0.8842105294313416
0.9565701069995658,11.426266425308976,-0.8842105294313416
0.9565701069995658,11.651264632946415,-0.8842105294313416
0.9565701069995658,11.876262840583854,-0.8842105294313416
0.9565701069995658,12.101261048221293,-0.8842105294313416
0.9565701069995658,12.32625925585873,-0.8842105294313416
0.9565701069995658,12.551257463496169,-0.8842105294313416
0.9565701069995658,12.776255671133608,-0.8842105294313416
0.9565701069995658,13.001253878771047,-0.8842105294313416
0.5453487751371545,1.9763417045365497,-0.848468311891264
0.5453487751371545,2.2013399121739883,-0.848468311891264
0.5453487751371545,2.426338119811427,-0.848468311891264
0.5453487751371545,2.651336327448866,-0.848468311891264
0.5453487751371545,2.8763345350863045,-0.848468311891264
0.5453487751371545,3.101332742723743,-0.848468311891264
0.5453487751371545,3.326330950361182,-0.848468311891264
0.5453487751371545,3.551329157998621,-0.848468311891264
0.5453487751371545,3.7763273656360594,-0.848468311891264
0.5453487751371545,4.001325573273498,-0.848468311891264
0.5453487751371545,4.226323780910937,-0.848468311891264
0.5453487751371545,4.451321988548376,-0.848468311891264
0.5453487751371545,4.676320196185815,-0.848468311891264
0.5453487751371545,4.901318403823253,-0.848468311891264
0.539687819024714,5.126316611460692,-0.848468311891264
0.539687819024714,5.35131481909813,-0.848468311891264
0.539687819024714,5.576313026735569,-0.848468311891264
0.539687819024714,5.801311234373008,-0.848468311891264
0.539687819024714,6.026309442010446,-0.848468311891264
0.539687819024714,6.251307649647885,-0.848468311891264
0.5648844586475008,6.476305857285324,-0.848468311891264
0.5648844586475008,6.701304064922763,-0.848468311891264
0.5648844586475008,6.926302272560202,-0.848468311891264
0.5648844586475008,7.15130048019764,-0.848468311891264
0.5648844586475008,7.376298687835079,-0.848468311891264
0.5648844586475008,7.601296895472518,-0.848468311891264
0.5648844586475008,7.826295103109956,-0.848468311891264
0.7019876192166865,8.051293310747395,-0.848468311891264
0.7019876192166865,8.276291518384834,-0.848468311891264
0.7019876192166865,8.501289726022272,-0.848468311891264
0.7019876192166865,8.726287933659712,-0.848468311891264
0.7019876192166865,8.95128614129715,-0.848468311891264
0.7019876192166865,9.176284348934589,-0.848468311891264
0.7019876192166865,9.401282556572028,-0.848468311891264
0.7019876192166865,9.626280764209465,-0.848468311891264
0.7019876192166865,9.851278971846906,-0.848468311891264
0.7566169655574105,10.076277179484343,-0.848468311891264
0.9565701069995658,10.301275387121782,-0.848468311891264
0.9565701069995658,10.526273594759221,-0.848468311891264
0.9565701069995658,10.75127180239666,-0.848468311891264
0.9565701069995658,10.976270010034098,-0.848468311891264
0.9565701069995658,11.201268217671537,-0.848468311891264
0.9565701069995658,11.426266425308976,-0.848468311891264
0.9565701069995658,11.651264632946415,-0.848468311891264
0.9565701069995658,11.876262840583854,-0.848468311891264
0.9565701069995658,12.101261048221293,-0.848468311891264
0.9565701069995658,12.32625925585873,-0.848468311891264
0.9565701069995658,12.551257463496169,-0.848468311891264
0.9565701069995658,12.776255671133608,-0.848468311891264
0.9565701069995658,13.001253878771047,-0.848468311891264
0.5453487751371545,1.9763417045365497,-0.8127260943511865
0.5453487751371545,2.2013399121739883,-0.8127260943511865
0.5453487751371545,2.426338119811427,-0.8127260943511865
0.5453487751371545,2.651336327448866,-0.8127260943511865
0.5453487751371545,2.8763345350863045,-0.8127260943511865
0.5453487751371545,3.101332742723743,-0.8127260943511865
0.5453487751371545,3.326330950361182,-0.8127260943511865
0.5453487751371545,3.551329157998621,-0.8127260943511865
0.5453487751371545,3.7763273656360594,-0.8127260943511865
0.5453487751371545,4.001325573273498,-0.8127260943511865
0.5453487751371545,4.226323780910937,-0.8127260943511865
0.5453487751371545,4.451321988548376,-0.8127260943511865
0.5453487751371545,4.676320196185815,-0.8127260943511865
0.5453487751371545,4.901318403823253,-0.8127260943511865
0.539687819024714,5.126316611460692,-0.8127260943511865
0.539687819024714,5.35131481909813,-0.8127260943511865
0.539687819024714,5.576313026735569,-0.8127260943511865
0.539687819024714,5.801311234373008,-0.8127260943511865
0.539687819024714,6.026309442010446,-0.8127260943511865
0.539687819024714,6.251307649647885,-0.8127260943511865
0.5648844586475008,6.476305857285324,-0.8127260943511865
0.5648844586475008,6.701304064922763,-0.8127260943511865
0.5648844586475008,6.926302272560202,-0.8127260943511865
0.5648844586475008,7.15130048019764,-0.8127260943511865
0.5648844586475008,7.376298687835079,-0.8127260943511865
0.5648844586475008,7.601296895472518,-0.8127260943511865
0.5648844586475008,7.826295103109956,-0.8127260943511865
0.7019876192166865,8.051293310747395,-0.8127260943511865
0.7019876192166865,8.276291518384834,-0.8127260943511865
0.7019876192166865,8.501289726022272,-0.8127260943511865
0.7019876192166865,8.726287933659712,-0.8127260943511865
0.7019876192166865,8.95128614129715,-0.8127260943511865
0.7019876192166865,9.176284348934589,-0.8127260943511865
0.7019876192166865,9.401282556572028,-0.8127260943511865
0.7019876192166865,9.626280764209465,-0.8127260943511865
0.7019876192166865,9.851278971846906,-0.8127260943511865
0.7566169655574105,10.076277179484343,-0.8127260943511865
0.9565701069995658,10.301275387121782,-0.8127260943511865
0.9565701069995658,10.526273594759221,-0.8127260943511865
0.9565701069995658,10.75127180239666,-0.8127260943511865
0.9565701069995658,10.976270010034098,-0.8127260943511865
0.9565701069995658,11.201268217671537,-0.8127260943511865
0.9565701069995658,11.426266425308976,-0.8127260943511865
0.9565701069995658,11.651264632946415,-0.8127260943511865
0.9565701069995658,11.876262840583854,-0.8127260943511865
0.9565701069995658,12.101261048221293,-0.8127260943511865
0.9565701069995658,12.32625925585873,-0.8127260943511865
0.9565701069995658,12.551257463496169,-0.8127260943511865
0.9565701069995658,12.776255671133608,-0.8127260943511865
0.9565701069995658,13.001253878771047,-0.8127260943511865
0.5453487751371545,1.9763417045365497,-0.776983876811109
0.5453487751371545,2.2013399121739883,-0.776983876811109
0.5453487751371545,2.426338119811427,-0.776983876811109
0.5453487751371545,2.651336327448866,-0.776983876811109
0.5453487751371545,2.8763345350863045,-0.776983876811109
0.5453487751371545,3.101332742723743,-0.776983876811109
0.5453487751371545,3.326330950361182,-0.776983876811109
0.5453487751371545,3.551329157998621,-0.776983876811109
0.5453487751371545,3.7763273656360594,-0.776983876811109
0.5453487751371545,4.001325573273498,-0.776983876811109
0.5453487751371545,4.226323780910937,-0.776983876811109
0.5453487751371545,4.451321988548376,-0.776983876811109
0.5453487751371545,4.676320196185815,-0.776983876811109
0.5453487751371545,4.901318403823253,-0.776983876811109
0.539687819024714,5.126316611460692,-0.776983876811109
0.539687819024714,5.35131481909813,-0.776983876811109
0.539687819024714,5.576313026735569,-0.776983876811109
0.539687819024714,5.801311234373008,-0.776983876811109
0.539687819024714,6.026309442010446,-0.776983876811109
0.539687819024714,6.251307649647885,-0.776983876811109
0.5648844586475008,6.476305857285324,-0.776983876811109
0.5648844586475008,6.701304064922763,-0.776983876811109
0.5648844586475008,6.926302272560202,-0.776983876811109
0.5648844586475008,7.15130048019764,-0.776983876811109
0.5648844586475008,7.376298687835079,-0.776983876811109
0.5648844586475008,7.601296895472518,-0.776983876811109
0.5648844586475008,7.826295103109956,-0.776983876811109
0.7019876192166865,8.051293310747395,-0.776983876811109
0.7019876192166865,8.276291518384834,-0.776983876811109
0.7019876192166865,8.501289726022272,-0.776983876811109
0.7019876192166865,8.726287933659712,-0.776983876811109
0.7019876192166865,8.95128614129715,-0.776983876811109
0.7019876192166865,9.176284348934589,-0.776983876811109
0.7019876192166865,9.401282556572028,-0.776983876811109
0.7019876192166865,9.626280764209465,-0.776983876811109
0.7019876192166865,9.851278971846906,-0.776983876811109
0.7566169655574105,10.076277179484343,-0.776983876811109
0.9565701069995658,10.301275387121782,-0.776983876811109
0.9565701069995658,10.526273594759221,-0.776983876811109
0.9565701069995658,10.75127180239666,-0.776983876811109
0.9565701069995658,10.976270010034098,-0.776983876811109
0.9565701069995658,11.201268217671537,-0.776983876811109
0.9565701069995658,11.426266425308976,-0.776983876811109
0.9565701069995658,11.651264632946415,-0.776983876811109
0.9565701069995658,11.876262840583854,-0.776983876811109
0.9565701069995658,12.101261048221293,-0.776983876811109
0.9565701069995658,12.32625925585873,-0.776983876811109
0.9565701069995658,12.551257463496169,-0.776983876811109
0.9565701069995658,12.776255671133608,-0.776983876811109
0.9565701069995658,13.001253878771047,-0.776983876811109
0.5263587765563421,1.9763417045365497,-0.7412416592710316
0.5263587765563421,2.2013399121739883,-0.7412416592710316
0.5263587765563421,2.426338119811427,-0.7412416592710316
0.5263587765563421,2.651336327448866,-0.7412416592710316
0.5263587765563421,2.8763345350863045,-0.7412416592710316
0.5263587765563421,3.101332742723743,-0.7412416592710316
0.5263587765563421,3.326330950361182,-0.7412416592710316
0.5263587765563421,3.551329157998621,-0.7412416592710316
0.5263587765563421,3.7763273656360594,-0.7412416592710316
0.5263587765563421,4.001325573273498,-0.7412416592710316
0.5263587765563421,4.226323780910937,-0.7412416592710316
0.5263587765563421,4.451321988548376,-0.7412416592710316
0.5263587765563421,4.676320196185815,-0.7412416592710316
0.5263587765563421,4.901318403823253,-0.7412416592710316
0.5208949448410624,5.126316611460692,-0.7412416592710316
0.5208949448410624,5.35131481909813,-0.7412416592710316
0.5208949448410624,5.576313026735569,-0.7412416592710316
0.5208949448410624,5.801311234373008,-0.7412416592710316
0.5208949448410624,6.026309442010446,-0.7412416592710316
0.5208949448410624,6.251307649647885,-0.7412416592710316
0.5452141933840624,6.476305857285324,-0.7412416592710316
0.5452141933840624,6.701304064922763,-0.7412416592710316
0.5452141933840624,6.926302272560202,-0.7412416592710316
0.5452141933840624,7.15130048019764,-0.7412416592710316
0.5452141933840624,7.376298687835079,-0.7412416592710316
0.5452141933840624,7.601296895472518,-0.7412416592710316
0.5452141933840624,7.826295103109956,-0.7412416592710316
0.6775431820043353,8.051293310747395,-0.7412416592710316
0.6775431820043353,8.276291518384834,-0.7412416592710316
0.6775431820043353,8.501289726022272,-0.7412416592710316
0.6775431820043353,8.726287933659712,-0.7412416592710316
0.6775431820043353,8.95128614129715,-0.7412416592710316
0.6775431820043353,9.176284348934589,-0.7412416592710316
0.6775431820043353,9.401282556572028,-0.7412416592710316
0.6775431820043353,9.626280764209465,-0.7412416592710316
0.6775431820043353,9.851278971846906,-0.7412416592710316
0.7302702389171237,10.076277179484343,-0.7412416592710316
0.9232606621038644,10.301275387121782,-0.7412416592710316
0.9232606621038644,10.526273594759221,-0.7412416592710316
0.9232606621038644,10.75127180239666,-0.7412416592710316
0.9232606621038644,10.976270010034098,-0.7412416592710316
0.9232606621038644,11.201268217671537,-0.7412416592710316
0.9232606621038644,11.426266425308976,-0.7412416592710316
0.9232606621038644,11.651264632946415,-0.7412416592710316
0.9232606621038644,11.876262840583854,-0.7412416592710316
0.9232606621038644,12.101261048221293,-0.7412416592710316
0.9232606621038644,12.32625925585873,-0.7412416592710316
0.9232606621038644,12.551257463496169,-0.7412416592710316
0.9232606621038644,12.776255671133608,-0.7412416592710316
0.9232606621038644,13.001253878771047,-0.7412416592710316
0.5263587765563421,1.9763417045365497,-0.7054994417309541
0.5263587765563421,2.2013399121739883,-0.7054994417309541
0.5263587765563421,2.426338119811427,-0.7054994417309541
0.5263587765563421,2.651336327448866,-0.7054994417309541
0.5263587765563421,2.8763345350863045,-0.7054994417309541
0.5263587765563421,3.101332742723743,-0.7054994417309541
0.5263587765563421,3.326330950361182,-0.7054994417309541
0.5263587765563421,3.551329157998621,-0.7054994417309541
0.5263587765563421,3.7763273656360594,-0.7054994417309541
0.5263587765563421,4.001325573273498,-0.7054994417309541
0.5263587765563421,4.226323780910937,-0.7054994417309541
0.5263587765563421,4.451321988548376,-0.7054994417309541
0.5263587765563421,4.676320196185815,-0.7054994417309541
0.5263587765563421,4.901318403823253,-0.7054994417309541
0.5208949448410624,5.126316611460692,-0.7054994417309541
0.5208949448410624,5.35131481909813,-0.7054994417309541
0.5208949448410624,5.576313026735569,-0.7054994417309541
0.5208949448410624,5.801311234373008,-0.7054994417309541
0.5208949448410624,6.026309442010446,-0.7054994417309541
0.5208949448410624,6.251307649647885,-0.7054994417309541
0.5452141933840624,6.476305857285324,-0.7054994417309541
0.5452141933840624,6.701304064922763,-0.7054994417309541
0.5452141933840624,6.926302272560202,-0.7054994417309541
0.5452141933840624,7.15130048019764,-0.7054994417309541
0.5452141933840624,7.376298687835079,-0.7054994417309541
0.5452141933840624,7.601296895472518,-0.7054994417309541
0.5452141933840624,7.826295103109956,-0.7054994417309541
0.6775431820043353,8.051293310747395,-0.7054994417309541
0.6775431820043353,8.276291518384834,-0.7054994417309541
0.6775431820043353,8.501289726022272,-0.7054994417309541
0.6775431820043353,8.726287933659712,-0.7054994417309541
0.6775431820043353,8.95128614129715,-0.7054994417309541
0.6775431820043353,9.176284348934589,-0.7054994417309541
0.6775431820043353,9.401282556572028,-0.7054994417309541
0.6775431820043353,9.626280764209465,-0.7054994417309541
0.6775431820043353,9.851278971846906,-0.7054994417309541
0.7302702389171237,10.076277179484343,-0.7054994417309541
0.9232606621038644,10.301275387121782,-0.7054994417309541
0.9232606621038644,10.526273594759221,-0.7054994417309541
0.9232606621038644,10.75127180239666,-0.7054994417309541
0.9232606621038644,10.976270010034098,-0.7054994417309541
0.9232606621038644,11.201268217671537,-0.7054994417309541
0.9232606621038644,11.426266425308976,-0.7054994417309541
0.9232606621038644,11.651264632946415,-0.7054994417309541
0.9232606621038644,11.876262840583854,-0.7054994417309541
0.9232606621038644,12.101261048221293,-0.7054994417309541
0.9232606621038644,12.32625925585873,-0.7054994417309541
0.9232606621038644,12.551257463496169,-0.7054994417309541
0.9232606621038644,12.776255671133608,-0.7054994417309541
0.9232606621038644,13.001253878771047,-0.7054994417309541
0.4922426793377149,1.9763417045365497,-0.6697572241908767
0.4922426793377149,2.2013399121739883,-0.6697572241908767
0.4922426793377149,2.426338119811427,-0.6697572241908767
0.4922426793377149,2.651336327448866,-0.6697572241908767
0.4922426793377149,2.8763345350863045,-0.6697572241908767
0.4922426793377149,3.101332742723743,-0.6697572241908767
0.4922426793377149,3.326330950361182,-0.6697572241908767
0.4922426793377149,3.551329157998621,-0.6697572241908767
0.4922426793377149,3.7763273656360594,-0.6697572241908767
0.4922426793377149,4.001325573273498,-0.6697572241908767
0.4922426793377149,4.226323780910937,-0.6697572241908767
0.4922426793377149,4.451321988548376,-0.6697572241908767
0.4922426793377149,4.676320196185815,-0.6697572241908767
0.4922426793377149,4.901318403823253,-0.6697572241908767
0.48713298746447253,5.126316611460692,-0.6697572241908767
0.48713298746447253,5.35131481909813,-0.6697572241908767
0.48713298746447253,5.576313026735569,-0.6697572241908767
0.48713298746447253,5.801311234373008,-0.6697572241908767
0.48713298746447253,6.026309442010446,-0.6697572241908767
0.48713298746447253,6.251307649647885,-0.6697572241908767
0.5098759768387645,6.476305857285324,-0.6697572241908767
0.5098759768387645,6.701304064922763,-0.6697572241908767
0.5098759768387645,6.926302272560202,-0.6697572241908767
0.5098759768387645,7.15130048019764,-0.6697572241908767
0.5098759768387645,7.376298687835079,-0.6697572241908767
0.5098759768387645,7.601296895472518,-0.6697572241908767
0.5098759768387645,7.826295103109956,-0.6697572241908767
0.633628023567524,8.051293310747395,-0.6697572241908767
0.633628023567524,8.276291518384834,-0.6697572241908767
0.633628023567524,8.501289726022272,-0.6697572241908767
0.633628023567524,8.726287933659712,-0.6697572241908767
0.633628023567524,8.95128614129715,-0.6697572241908767
0.633628023567524,9.176284348934589,-0.6697572241908767
0.633628023567524,9.401282556572028,-0.6697572241908767
0.633628023567524,9.626280764209465,-0.6697572241908767
0.633628023567524,9.851278971846906,-0.6697572241908767
0.6829375609483733,10.076277179484343,-0.6697572241908767
0.8634192537159527,10.301275387121782,-0.6697572241908767
0.8634192537159527,10.526273594759221,-0.6697572241908767
0.8634192537159527,10.75127180239666,-0.6697572241908767
0.8634192537159527,10.976270010034098,-0.6697572241908767
0.8634192537159527,11.201268217671537,-0.6697572241908767
0.8634192537159527,11.426266425308976,-0.6697572241908767
0.8634192537159527,11.651264632946415,-0.6697572241908767
0.8634192537159527,11.876262840583854,-0.6697572241908767
0.8634192537159527,12.101261048221293,-0.6697572241908767
0.8634192537159527,12.32625925585873,-0.6697572241908767
0.8634192537159527,12.551257463496169,-0.6697572241908767
0.8634192537159527,12.776255671133608,-0.6697572241908767
0.8634192537159527,13.001253878771047,-0.6697572241908767
0.4922426793377149,1.9763417045365497,-0.6340150066507992
0.4922426793377149,2.2013399121739883,-0.6340150066507992
0.4922426793377149,2.426338119811427,-0.6340150066507992
0.4922426793377149,2.651336327448866,-0.6340150066507992
0.4922426793377149,2.8763345350863045,-0.6340150066507992
0.4922426793377149,3.101332742723743,-0.6340150066507992
0.4922426793377149,3.326330950361182,-0.6340150066507992
0.4922426793377149,3.551329157998621,-0.6340150066507992
0.4922426793377149,3.7763273656360594,-0.6340150066507992
0.4922426793377149,4.001325573273498,-0.6340150066507992
0.4922426793377149,4.226323780910937,-0.6340150066507992
0.4922426793377149,4.451321988548376,-0.6340150066507992
0.4922426793377149,4.676320196185815,-0.6340150066507992
0.4922426793377149,4.901318403823253,-0.6340150066507992
0.48713298746447253,5.126316611460692,-0.6340150066507992
0.48713298746447253,5.35131481909813,-0.6340150066507992
0.48713298746447253,5.576313026735569,-0.6340150066507992
0.48713298746447253,5.801311234373008,-0.6340150066507992
0.48713298746447253,6.026309442010446,-0.6340150066507992
0.48713298746447253,6.251307649647885,-0.6340150066507992
0.5098759768387645,6.476305857285324,-0.6340150066507992
0.5098759768387645,6.701304064922763,-0.6340150066507992
0.5098759768387645,6.926302272560202,-0.6340150066507992
0.5098759768387645,7.15130048019764,-0.6340150066507992
0.5098759768387645,7.376298687835079,-0.6340150066507992
0.5098759768387645,7.601296895472518,-0.6340150066507992
0.5098759768387645,7.826295103109956,-0.6340150066507992
0.633628023567524,8.051293310747395,-0.6340150066507992
0.633628023567524,8.276291518384834,-0.6340150066507992
0.633628023567524,8.501289726022272,-0.6340150066507992
0.633628023567524,8.726287933659712,-0.6340150066507992
0.633628023567524,8.95128614129715,-0.6340150066507992
0.633628023567524,9.176284348934589,-0.6340150066507992
0.633628023567524,9.401282556572028,-0.6340150066507992
0.633628023567524,9.626280764209465,-0.6340150066507992
0.633628023567524,9.851278971846906,-0.6340150066507992
0.6829375609483733,10.076277179484343,-0.6340150066507992
0.8634192537159527,10.301275387121782,-0.6340150066507992
0.8634192537159527,10.526273594759221,-0.6340150066507992
0.8634192537159527,10.75127180239666,-0.6340150066507992
0.8634192537159527,10.976270010034098,-0.6340150066507992
0.8634192537159527,11.201268217671537,-0.6340150066507992
0.8634192537159527,11.426266425308976,-0.6340150066507992
0.8634192537159527,11.651264632946415,-0.6340150066507992
0.8634192537159527,11.876262840583854,-0.6340150066507992
0.8634192537159527,12.101261048221293,-0.6340150066507992
0.8634192537159527,12.32625925585873,-0.6340150066507992
0.8634192537159527,12.551257463496169,-0.6340150066507992
0.8634192537159527,12.776255671133608,-0.6340150066507992
0.8634192537159527,13.001253878771047,-0.6340150066507992
0.4922426793377149,1.9763417045365497,-0.5982727891107218
0.4922426793377149,2.2013399121739883,-0.5982727891107218
0.4922426793377149,2.426338119811427,-0.5982727891107218
0.4922426793377149,2.651336327448866,-0.5982727891107218
0.4922426793377149,2.8763345350863045,-0.5982727891107218
0.4922426793377149,3.101332742723743,-0.5982727891107218
0.4922426793377149,3.326330950361182,-0.5982727891107218
0.4922426793377149,3.551329157998621,-0.5982727891107218
0.4922426793377149,3.7763273656360594,-0.5982727891107218
0.4922426793377149,4.001325573273498,-0.5982727891107218
0.4922426793377149,4.226323780910937,-0.5982727891107218
0.4922426793377149,4.451321988548376,-0.5982727891107218
0.4922426793377149,4.676320196185815,-0.5982727891107218
0.4922426793377149,4.901318403823253,-0.5982727891107218
0.48713298746447253,5.126316611460692,-0.5982727891107218
0.48713298746447253,5.35131481909813,-0.5982727891107218
0.48713298746447253,5.576313026735569,-0.5982727891107218
0.48713298746447253,5.801311234373008,-0.5982727891107218
0.48713298746447253,6.026309442010446,-0.5982727891107218
0.48713298746447253,6.251307649647885,-0.5982727891107218
0.5098759768387645,6.476305857285324,-0.5982727891107218
0.5098759768387645,6.701304064922763,-0.5982727891107218
0.5098759768387645,6.926302272560202,-0.5982727891107218
0.5098759768387645,7.15130048019764,-0.5982727891107218
0.5098759768387645,7.376298687835079,-0.5982727891107218
0.5098759768387645,7.601296895472518,-0.5982727891107218
0.5098759768387645,7.826295103109956,-0.5982727891107218
0.633628023567524,8.051293310747395,-0.5982727891107218
0.633628023567524,8.276291518384834,-0.5982727891107218
0.633628023567524,8.501289726022272,-0.5982727891107218
0.633628023567524,8.726287933659712,-0.5982727891107218
0.633628023567524,8.95128614129715,-0.5982727891107218
0.633628023567524,9.176284348934589,-0.5982727891107218
0.633628023567524,9.401282556572028,-0.5982727891107218
0.633628023567524,9.626280764209465,-0.5982727891107218
0.633628023567524,9.851278971846906,-0.5982727891107218
0.6829375609483733,10.076277179484343,-0.5982727891107218
0.8634192537159527,10.301275387121782,-0.5982727891107218
0.8634192537159527,10.526273594759221,-0.5982727891107218
0.8634192537159527,10.75127180239666,-0.5982727891107218
0.8634192537159527,10.976270010034098,-0.5982727891107218
0.8634192537159527,11.201268217671537,-0.5982727891107218
0.8634192537159527,11.426266425308976,-0.5982727891107218
0.8634192537159527,11.651264632946415,-0.5982727891107218
0.8634192537159527,11.876262840583854,-0.5982727891107218
0.8634192537159527,12.101261048221293,-0.5982727891107218
0.8634192537159527,12.32625925585873,-0.5982727891107218
0.8634192537159527,12.551257463496169,-0.5982727891107218
0.8634192537159527,12.776255671133608,-0.5982727891107218
0.8634192537159527,13.001253878771047,-0.5982727891107218
0.4922426793377149,1.9763417045365497,-0.5625305715706443
0.4922426793377149,2.2013399121739883,-0.5625305715706443
0.4922426793377149,2.426338119811427,-0.5625305715706443
0.4922426793377149,2.651336327448866,-0.5625305715706443
0.4922426793377149,2.8763345350863045,-0.5625305715706443
0.4922426793377149,3.101332742723743,-0.5625305715706443
0.4922426793377149,3.326330950361182,-0.5625305715706443
0.4922426793377149,3.551329157998621,-0.5625305715706443
0.4922426793377149,3.7763273656360594,-0.5625305715706443
0.4922426793377149,4.001325573273498,-0.5625305715706443
0.4922426793377149,4.226323780910937,-0.5625305715706443
0.4922426793377149,4.451321988548376,-0.5625305715706443
0.4922426793377149,4.676320196185815,-0.5625305715706443
0.4922426793377149,4.901318403823253,-0.5625305715706443
0.48713298746447253,5.126316611460692,-0.5625305715706443
0.48713298746447253,5.35131481909813,-0.5625305715706443
0.48713298746447253,5.576313026735569,-0.5625305715706443
0.48713298746447253,5.801311234373008,-0.5625305715706443
0.48713298746447253,6.026309442010446,-0.5625305715706443
0.48713298746447253,6.251307649647885,-0.5625305715706443
0.5098759768387645,6.476305857285324,-0.5625305715706443
0.5098759768387645,6.701304064922763,-0.5625305715706443
0.5098759768387645,6.926302272560202,-0.5625305715706443
0.5098759768387645,7.15130048019764,-0.5625305715706443
0.5098759768387645,7.376298687835079,-0.5625305715706443
0.5098759768387645,7.601296895472518,-0.5625305715706443
0.5098759768387645,7.826295103109956,-0.5625305715706443
0.633628023567524,8.051293310747395,-0.5625305715706443
0.633628023567524,8.276291518384834,-0.5625305715706443
0.633628023567524,8.501289726022272,-0.5625305715706443
0.633628023567524,8.726287933659712,-0.5625305715706443
0.633628023567524,8.95128614129715,-0.5625305715706443
0.633628023567524,9.176284348934589,-0.5625305715706443
0.633628023567524,9.401282556572028,-0.5625305715706443
0.633628023567524,9.626280764209465,-0.5625305715706443
0.633628023567524,9.851278971846906,-0.5625305715706443
0.6829375609483733,10.076277179484343,-0.5625305715706443
0.8634192537159527,10.301275387121782,-0.5625305715706443
0.8634192537159527,10.526273594759221,-0.5625305715706443
0.8634192537159527,10.75127180239666,-0.5625305715706443
0.8634192537159527,10.976270010034098,-0.5625305715706443
0.8634192537159527,11.201268217671537,-0.5625305715706443
0.8634192537159527,11.426266425308976,-0.5625305715706443
0.8634192537159527,11.651264632946415,-0.5625305715706443
0.8634192537159527,11.876262840583854,-0.5625305715706443
0.8634192537159527,12.101261048221293,-0.5625305715706443
0.8634192537159527,12.32625925585873,-0.5625305715706443
0.8634192537159527,12.551257463496169,-0.5625305715706443
0.8634192537159527,12.776255671133608,-0.5625305715706443
0.8634192537159527,13.001253878771047,-0.5625305715706443
0.5082787589625691,1.9763417045365497,-0.5267883540305669
0.5082787589625691,2.2013399121739883,-0.5267883540305669
0.5082787589625691,2.426338119811427,-0.5267883540305669
0.5082787589625691,2.651336327448866,-0.5267883540305669
0.5082787589625691,2.8763345350863045,-0.5267883540305669
0.5082787589625691,3.101332742723743,-0.5267883540305669
0.5082787589625691,3.326330950361182,-0.5267883540305669
0.5082787589625691,3.551329157998621,-0.5267883540305669
0.5082787589625691,3.7763273656360594,-0.5267883540305669
0.5082787589625691,4.001325573273498,-0.5267883540305669
0.5082787589625691,4.226323780910937,-0.5267883540305669
0.5082787589625691,4.451321988548376,-0.5267883540305669
0.5082787589625691,4.676320196185815,-0.5267883540305669
0.5082787589625691,4.901318403823253,-0.5267883540305669
0.5030026056482994,5.126316611460692,-0.5267883540305669
0.5030026056482994,5.35131481909813,-0.5267883540305669
0.5030026056482994,5.576313026735569,-0.5267883540305669
0.5030026056482994,5.801311234373008,-0.5267883540305669
0.5030026056482994,6.026309442010446,-0.5267883540305669
0.5030026056482994,6.251307649647885,-0.5267883540305669
0.5264865067797839,6.476305857285324,-0.5267883540305669
0.5264865067797839,6.701304064922763,-0.5267883540305669
0.5264865067797839,6.926302272560202,-0.5267883540305669
0.5264865067797839,7.15130048019764,-0.5267883540305669
0.5264865067797839,7.376298687835079,-0.5267883540305669
0.5264865067797839,7.601296895472518,-0.5267883540305669
0.5264865067797839,7.826295103109956,-0.5267883540305669
0.654270096806965,8.051293310747395,-0.5267883540305669
0.654270096806965,8.276291518384834,-0.5267883540305669
0.654270096806965,8.501289726022272,-0.5267883540305669
0.654270096806965,8.726287933659712,-0.5267883540305669
0.654270096806965,8.95128614129715,-0.5267883540305669
0.654270096806965,9.176284348934589,-0.5267883540305669
0.654270096806965,9.401282556572028,-0.5267883540305669
0.654270096806965,9.626280764209465,-0.5267883540305669
0.654270096806965,9.851278971846906,-0.5267883540305669
0.7051860200232888,10.076277179484343,-0.5267883540305669
0.8915473711738904,10.301275387121782,-0.5267883540305669
0.8915473711738904,10.526273594759221,-0.5267883540305669
0.8915473711738904,10.75127180239666,-0.5267883540305669
0.8915473711738904,10.976270010034098,-0.5267883540305669
0.8915473711738904,11.201268217671537,-0.5267883540305669
0.8915473711738904,11.426266425308976,-0.5267883540305669
0.8915473711738904,11.651264632946415,-0.5267883540305669
0.8915473711738904,11.876262840583854,-0.5267883540305669
0.8915473711738904,12.101261048221293,-0.5267883540305669
0.8915473711738904,12.32625925585873,-0.5267883540305669
0.8915473711738904,12.551257463496169,-0.5267883540305669
0.8915473711738904,12.776255671133608,-0.5267883540305669
0.8915473711738904,13.001253878771047,-0.5267883540305669
0.5082787589625691,1.9763417045365497,-0.4910461364904892
0.5082787589625691,2.2013399121739883,-0.4910461364904892
0.5082787589625691,2.426338119811427,-0.4910461364904892
0.5082787589625691,2.651336327448866,-0.4910461364904892
0.5082787589625691,2.8763345350863045,-0.4910461364904892
0.5082787589625691,3.101332742723743,-0.4910461364904892
0.5082787589625691,3.326330950361182,-0.4910461364904892
0.5082787589625691,3.551329157998621,-0.4910461364904892
0.5082787589625691,3.7763273656360594,-0.4910461364904892
0.5082787589625691,4.001325573273498,-0.4910461364904892
0.5082787589625691,4.226323780910937,-0.4910461364904892
0.5082787589625691,4.451321988548376,-0.4910461364904892
0.5082787589625691,4.676320196185815,-0.4910461364904892
0.5082787589625691,4.901318403823253,-0.4910461364904892
0.5030026056482994,5.126316611460692,-0.4910461364904892
0.5030026056482994,5.35131481909813,-0.4910461364904892
0.5030026056482994,5.576313026735569,-0.4910461364904892
0.5030026056482994,5.801311234373008,-0.4910461364904892
0.5030026056482994,6.026309442010446,-0.4910461364904892
0.5030026056482994,6.251307649647885,-0.4910461364904892
0.5264865067797839,6.476305857285324,-0.4910461364904892
0.5264865067797839,6.701304064922763,-0.4910461364904892
0.5264865067797839,6.926302272560202,-0.4910461364904892
0.5264865067797839,7.15130048019764,-0.4910461364904892
0.5264865067797839,7.376298687835079,-0.4910461364904892
0.5264865067797839,7.601296895472518,-0.4910461364904892
0.5264865067797839,7.826295103109956,-0.4910461364904892
0.654270096806965,8.051293310747395,-0.4910461364904892
0.654270096806965,8.276291518384834,-0.4910461364904892
0.654270096806965,8.501289726022272,-0.4910461364904892
0.654270096806965,8.726287933659712,-0.4910461364904892
0.654270096806965,8.95128614129715,-0.4910461364904892
0.654270096806965,9.176284348934589,-0.4910461364904892
0.654270096806965,9.401282556572028,-0.4910461364904892
0.654270096806965,9.626280764209465,-0.4910461364904892
0.654270096806965,9.851278971846906,-0.4910461364904892
0.7051860200232888,10.076277179484343,-0.4910461364904892
0.8915473711738904,10.301275387121782,-0.4910461364904892
0.8915473711738904,10.526273594759221,-0.4910461364904892
0.8915473711738904,10.75127180239666,-0.4910461364904892
0.8915473711738904,10.976270010034098,-0.4910461364904892
0.8915473711738904,11.201268217671537,-0.4910461364904892
0.8915473711738904,11.426266425308976,-0.4910461364904892
0.8915473711738904,11.651264632946415,-0.4910461364904892
0.8915473711738904,11.876262840583854,-0.4910461364904892
0.8915473711738904,12.101261048221293,-0.4910461364904892
0.8915473711738904,12.32625925585873,-0.4910461364904892
0.8915473711738904,12.551257463496169,-0.4910461364904892
0.8915473711738904,12.776255671133608,-0.4910461364904892
0.8915473711738904,13.001253878771047,-0.4910461364904892
0.5082787589625691,1.9763417045365497,-0.4553039189504118
0.5082787589625691,2.2013399121739883,-0.4553039189504118
0.5082787589625691,2.426338119811427,-0.4553039189504118
0.5082787589625691,2.651336327448866,-0.4553039189504118
0.5082787589625691,2.8763345350863045,-0.4553039189504118
0.5082787589625691,3.101332742723743,-0.4553039189504118
0.5082787589625691,3.326330950361182,-0.4553039189504118
0.5082787589625691,3.551329157998621,-0.4553039189504118
0.5082787589625691,3.7763273656360594,-0.4553039189504118
0.5082787589625691,4.001325573273498,-0.4553039189504118
0.5082787589625691,4.226323780910937,-0.4553039189504118
0.5082787589625691,4.451321988548376,-0.4553039189504118
0.5082787589625691,4.676320196185815,-0.4553039189504118
0.5082787589625691,4.901318403823253,-0.4553039189504118
0.5030026056482994,5.126316611460692,-0.4553039189504118
0.5030026056482994,5.35131481909813,-0.4553039189504118
0.5030026056482994,5.576313026735569,-0.4553039189504118
0.5030026056482994,5.801311234373008,-0.4553039189504118
0.5030026056482994,6.026309442010446,-0.4553039189504118
0.5030026056482994,6.251307649647885,-0.4553039189504118
0.5264865067797839,6.476305857285324,-0.4553039189504118
0.5264865067797839,6.701304064922763,-0.4553039189504118
0.5264865067797839,6.926302272560202,-0.4553039189504118
0.5264865067797839,7.15130048019764,-0.4553039189504118
0.5264865067797839,7.376298687835079,-0.4553039189504118
0.5264865067797839,7.601296895472518,-0.4553039189504118
0.5264865067797839,7.826295103109956,-0.4553039189504118
0.654270096806965,8.051293310747395,-0.4553039189504118
0.654270096806965,8.276291518384834,-0.4553039189504118
0.654270096806965,8.501289726022272,-0.4553039189504118
0.654270096806965,8.726287933659712,-0.4553039189504118
0.654270096806965,8.95128614129715,-0.4553039189504118
0.654270096806965,9.176284348934589,-0.4553039189504118
0.654270096806965,9.401282556572028,-0.4553039189504118
0.654270096806965,9.626280764209465,-0.4553039189504118
0.654270096806965,9.851278971846906,-0.4553039189504118
0.7051860200232888,10.076277179484343,-0.4553039189504118
0.8915473711738904,10.301275387121782,-0.4553039189504118
0.8915473711738904,10.526273594759221,-0.4553039189504118
0.8915473711738904,10.75127180239666,-0.4553039189504118
0.8915473711738904,10.976270010034098,-0.4553039189504118
0.8915473711738904,11.201268217671537,-0.4553039189504118
0.8915473711738904,11.426266425308976,-0.4553039189504118
0.8915473711738904,11.651264632946415,-0.4553039189504118
0.8915473711738904,11.876262840583854,-0.4553039189504118
0.8915473711738904,12.101261048221293,-0.4553039189504118
0.8915473711738904,12.32625925585873,-0.4553039189504118
0.8915473711738904,12.551257463496169,-0.4553039189504118
0.8915473711738904,12.776255671133608,-0.4553039189504118
0.8915473711738904,13.001253878771047,-0.4553039189504118
0.5082787589625691,1.9763417045365497,-0.41956170141033433
0.5082787589625691,2.2013399121739883,-0.41956170141033433
0.5082787589625691,2.426338119811427,-0.41956170141033433
0.5082787589625691,2.651336327448866,-0.41956170141033433
0.5082787589625691,2.8763345350863045,-0.41956170141033433
0.5082787589625691,3.101332742723743,-0.41956170141033433
0.5082787589625691,3.326330950361182,-0.41956170141033433
0.5082787589625691,3.551329157998621,-0.41956170141033433
0.5082787589625691,3.7763273656360594,-0.41956170141033433
0.5082787589625691,4.001325573273498,-0.41956170141033433
0.5082787589625691,4.226323780910937,-0.41956170141033433
0.5082787589625691,4.451321988548376,-0.41956170141033433
0.5082787589625691,4.676320196185815,-0.41956170141033433
0.5082787589625691,4.901318403823253,-0.41956170141033433
0.5030026056482994,5.126316611460692,-0.41956170141033433
0.5030026056482994,5.35131481909813,-0.41956170141033433
0.5030026056482994,5.576313026735569,-0.41956170141033433
0.5030026056482994,5.801311234373008,-0.41956170141033433
0.5030026056482994,6.026309442010446,-0.41956170141033433
0.5030026056482994,6.251307649647885,-0.41956170141033433
0.5264865067797839,6.476305857285324,-0.41956170141033433
0.5264865067797839,6.701304064922763,-0.41956170141033433
0.5264865067797839,6.926302272560202,-0.41956170141033433
0.5264865067797839,7.15130048019764,-0.41956170141033433
0.5264865067797839,7.376298687835079,-0.41956170141033433
0.5264865067797839,7.601296895472518,-0.41956170141033433
0.5264865067797839,7.826295103109956,-0.41956170141033433
0.654270096806965,8.051293310747395,-0.41956170141033433
0.654270096806965,8.276291518384834,-0.41956170141033433
0.654270096806965,8.501289726022272,-0.41956170141033433
0.654270096806965,8.726287933659712,-0.41956170141033433
0.654270096806965,8.95128614129715,-0.41956170141033433
0.654270096806965,9.176284348934589,-0.41956170141033433
0.654270096806965,9.401282556572028,-0.41956170141033433
0.654270096806965,9.626280764209465,-0.41956170141033433
0.654270096806965,9.851278971846906,-0.41956170141033433
0.7051860200232888,10.076277179484343,-0.41956170141033433
0.8915473711738904,10.301275387121782,-0.41956170141033433
0.8915473711738904,10.526273594759221,-0.41956170141033433
0.8915473711738904,10.75127180239666,-0.41956170141033433
0.8915473711738904,10.976270010034098,-0.41956170141033433
0.8915473711738904,11.201268217671537,-0.41956170141033433
0.8915473711738904,11.426266425308976,-0.41956170141033433
0.8915473711738904,11.651264632946415,-0.41956170141033433
0.8915473711738904,11.876262840583854,-0.41956170141033433
0.8915473711738904,12.101261048221293,-0.41956170141033433
0.8915473711738904,12.32625925585873,-0.41956170141033433
0.8915473711738904,12.551257463496169,-0.41956170141033433
0.8915473711738904,12.776255671133608,-0.41956170141033433
0.8915473711738904,13.001253878771047,-0.41956170141033433
0.5082787589625691,1.9763417045365497,-0.3838194838702569
0.5082787589625691,2.2013399121739883,-0.3838194838702569
0.5082787589625691,2.426338119811427,-0.3838194838702569
0.5082787589625691,2.651336327448866,-0.3838194838702569
0.5082787589625691,2.8763345350863045,-0.3838194838702569
0.5082787589625691,3.101332742723743,-0.3838194838702569
0.5082787589625691,3.326330950361182,-0.3838194838702569
0.5082787589625691,3.551329157998621,-0.3838194838702569
0.5082787589625691,3.7763273656360594,-0.3838194838702569
0.5082787589625691,4.001325573273498,-0.3838194838702569
0.5082787589625691,4.226323780910937,-0.3838194838702569
0.5082787589625691,4.451321988548376,-0.3838194838702569
0.5082787589625691,4.676320196185815,-0.3838194838702569
0.5082787589625691,4.901318403823253,-0.3838194838702569
0.5030026056482994,5.126316611460692,-0.3838194838702569
0.5030026056482994,5.35131481909813,-0.3838194838702569
0.5030026056482994,5.576313026735569,-0.3838194838702569
0.5030026056482994,5.801311234373008,-0.3838194838702569
0.5030026056482994,6.026309442010446,-0.3838194838702569
0.5030026056482994,6.251307649647885,-0.3838194838702569
0.5264865067797839,6.476305857285324,-0.3838194838702569
0.5264865067797839,6.701304064922763,-0.3838194838702569
0.5264865067797839,6.926302272560202,-0.3838194838702569
0.5264865067797839,7.15130048019764,-0.3838194838702569
0.5264865067797839,7.376298687835079,-0.3838194838702569
0.5264865067797839,7.601296895472518,-0.3838194838702569
0.5264865067797839,7.826295103109956,-0.3838194838702569
0.654270096806965,8.051293310747395,-0.3838194838702569
0.654270096806965,8.276291518384834,-0.3838194838702569
0.654270096806965,8.501289726022272,-0.3838194838702569
0.654270096806965,8.726287933659712,-0.3838194838702569
0.654270096806965,8.95128614129715,-0.3838194838702569
0.654270096806965,9.176284348934589,-0.3838194838702569
0.654270096806965,9.401282556572028,-0.3838194838702569
0.654270096806965,9.626280764209465,-0.3838194838702569
0.654270096806965,9.851278971846906,-0.3838194838702569
0.7051860200232888,10.076277179484343,-0.3838194838702569
0.8915473711738904,10.301275387121782,-0.3838194838702569
0.8915473711738904,10.526273594759221,-0.3838194838702569
0.8915473711738904,10.75127180239666,-0.3838194838702569
0.8915473711738904,10.976270010034098,-0.3838194838702569
0.8915473711738904,11.201268217671537,-0.3838194838702569
0.8915473711738904,11.426266425308976,-0.3838194838702569
0.8915473711738904,11.651264632946415,-0.3838194838702569
0.8915473711738904,11.876262840583854,-0.3838194838702569
0.8915473711738904,12.101261048221293,-0.3838194838702569
0.8915473711738904,12.32625925585873,-0.3838194838702569
0.8915473711738904,12.551257463496169,-0.3838194838702569
0.8915473711738904,12.776255671133608,-0.3838194838702569
0.8915473711738904,13.001253878771047,-0.3838194838702569
0.5082787589625691,1.9763417045365497,-0.34807726633017944
0.5082787589625691,2.2013399121739883,-0.34807726633017944
0.5082787589625691,2.426338119811427,-0.34807726633017944
0.5082787589625691,2.651336327448866,-0.34807726633017944
0.5082787589625691,2.8763345350863045,-0.34807726633017944
0.5082787589625691,3.101332742723743,-0.34807726633017944
0.5082787589625691,3.326330950361182,-0.34807726633017944
0.5082787589625691,3.551329157998621,-0.34807726633017944
0.5082787589625691,3.7763273656360594,-0.34807726633017944
0.5082787589625691,4.001325573273498,-0.34807726633017944
0.5082787589625691,4.226323780910937,-0.34807726633017944
0.5082787589625691,4.451321988548376,-0.34807726633017944
0.5082787589625691,4.676320196185815,-0.34807726633017944
0.5082787589625691,4.901318403823253,-0.34807726633017944
0.5030026056482994,5.126316611460692,-0.34807726633017944
0.5030026056482994,5.35131481909813,-0.34807726633017944
0.5030026056482994,5.576313026735569,-0.34807726633017944
0.5030026056482994,5.801311234373008,-0.34807726633017944
0.5030026056482994,6.026309442010446,-0.34807726633017944
0.5030026056482994,6.251307649647885,-0.34807726633017944
0.5264865067797839,6.476305857285324,-0.34807726633017944
0.5264865067797839,6.701304064922763,-0.34807726633017944
0.5264865067797839,6.926302272560202,-0.34807726633017944
0.5264865067797839,7.15130048019764,-0.34807726633017944
0.5264865067797839,7.376298687835079,-0.34807726633017944
0.5264865067797839,7.601296895472518,-0.34807726633017944
0.5264865067797839,7.826295103109956,-0.34807726633017944
0.654270096806965,8.051293310747395,-0.34807726633017944
0.654270096806965,8.276291518384834,-0.34807726633017944
0.654270096806965,8.501289726022272,-0.34807726633017944
0.654270096806965,8.726287933659712,-0.34807726633017944
0.654270096806965,8.95128614129715,-0.34807726633017944
0.654270096806965,9.176284348934589,-0.34807726633017944
0.654270096806965,9.401282556572028,-0.34807726633017944
0.654270096806965,9.626280764209465,-0.34807726633017944
0.654270096806965,9.851278971846906,-0.34807726633017944
0.7051860200232888,10.076277179484343,-0.34807726633017944
0.8915473711738904,10.301275387121782,-0.34807726633017944
0.8915473711738904,10.526273594759221,-0.34807726633017944
0.8915473711738904,10.75127180239666,-0.34807726633017944
0.8915473711738904,10.976270010034098,-0.34807726633017944
0.8915473711738904,11.201268217671537,-0.34807726633017944
0.8915473711738904,11.426266425308976,-0.34807726633017944
0.8915473711738904,11.651264632946415,-0.34807726633017944
0.8915473711738904,11.876262840583854,-0.34807726633017944
0.8915473711738904,12.101261048221293,-0.34807726633017944
0.8915473711738904,12.32625925585873,-0.34807726633017944
0.8915473711738904,12.551257463496169,-0.34807726633017944
0.8915473711738904,12.776255671133608,-0.34807726633017944
0.8915473711738904,13.001253878771047,-0.34807726633017944
0.47440998479539,1.9763417045365497,-0.312335048790102
0.47440998479539,2.2013399121739883,-0.312335048790102
0.47440998479539,2.426338119811427,-0.312335048790102
0.47440998479539,2.651336327448866,-0.312335048790102
0.47440998479539,2.8763345350863045,-0.312335048790102
0.47440998479539,3.101332742723743,-0.312335048790102
0.47440998479539,3.326330950361182,-0.312335048790102
0.47440998479539,3.551329157998621,-0.312335048790102
0.47440998479539,3.7763273656360594,-0.312335048790102
0.47440998479539,4.001325573273498,-0.312335048790102
0.47440998479539,4.226323780910937,-0.312335048790102
0.47440998479539,4.451321988548376,-0.312335048790102
0.47440998479539,4.676320196185815,-0.312335048790102
0.47440998479539,4.901318403823253,-0.312335048790102
0.46948540400293315,5.126316611460692,-0.312335048790102
0.46948540400293315,5.35131481909813,-0.312335048790102
0.46948540400293315,5.576313026735569,-0.312335048790102
0.46948540400293315,5.801311234373008,-0.312335048790102
0.46948540400293315,6.026309442010446,-0.312335048790102
0.46948540400293315,6.251307649647885,-0.312335048790102
0.534094909513496,6.476305857285324,-0.312335048790102
0.534094909513496,6.701304064922763,-0.312335048790102
0.534094909513496,6.926302272560202,-0.312335048790102
0.534094909513496,7.15130048019764,-0.312335048790102
0.534094909513496,7.376298687835079,-0.312335048790102
0.534094909513496,7.601296895472518,-0.312335048790102
0.534094909513496,7.826295103109956,-0.312335048790102
0.6851829262410837,8.051293310747395,-0.312335048790102
0.6851829262410837,8.276291518384834,-0.312335048790102
0.6851829262410837,8.501289726022272,-0.312335048790102
0.6851829262410837,8.726287933659712,-0.312335048790102
0.6851829262410837,8.95128614129715,-0.312335048790102
0.6851829262410837,9.176284348934589,-0.312335048790102
0.6851829262410837,9.401282556572028,-0.312335048790102
0.6851829262410837,9.626280764209465,-0.312335048790102
0.6851829262410837,9.851278971846906,-0.312335048790102
0.7385045153399661,10.076277179484343,-0.312335048790102
0.9336710322613182,10.301275387121782,-0.312335048790102
0.9336710322613182,10.526273594759221,-0.312335048790102
0.9336710322613182,10.75127180239666,-0.312335048790102
0.9336710322613182,10.976270010034098,-0.312335048790102
0.9336710322613182,11.201268217671537,-0.312335048790102
0.9336710322613182,11.426266425308976,-0.312335048790102
0.9336710322613182,11.651264632946415,-0.312335048790102
0.9336710322613182,11.876262840583854,-0.312335048790102
0.9336710322613182,12.101261048221293,-0.312335048790102
0.9336710322613182,12.32625925585873,-0.312335048790102
0.9336710322613182,12.551257463496169,-0.312335048790102
0.9336710322613182,12.776255671133608,-0.312335048790102
0.9336710322613182,13.001253878771047,-0.312335048790102
0.47440998479539,1.9763417045365497,-0.27659283125002454
0.47440998479539,2.2013399121739883,-0.27659283125002454
0.47440998479539,2.426338119811427,-0.27659283125002454
0.47440998479539,2.651336327448866,-0.27659283125002454
0.47440998479539,2.8763345350863045,-0.27659283125002454
0.47440998479539,3.101332742723743,-0.27659283125002454
0.47440998479539,3.326330950361182,-0.27659283125002454
0.47440998479539,3.551329157998621,-0.27659283125002454
0.47440998479539,3.7763273656360594,-0.27659283125002454
0.47440998479539,4.001325573273498,-0.27659283125002454
0.47440998479539,4.226323780910937,-0.27659283125002454
0.47440998479539,4.451321988548376,-0.27659283125002454
0.47440998479539,4.676320196185815,-0.27659283125002454
0.47440998479539,4.901318403823253,-0.27659283125002454
0.46948540400293315,5.126316611460692,-0.27659283125002454
0.46948540400293315,5.35131481909813,-0.27659283125002454
0.46948540400293315,5.576313026735569,-0.27659283125002454
0.46948540400293315,5.801311234373008,-0.27659283125002454
0.46948540400293315,6.026309442010446,-0.27659283125002454
0.46948540400293315,6.251307649647885,-0.27659283125002454
0.534094909513496,6.476305857285324,-0.27659283125002454
0.534094909513496,6.701304064922763,-0.27659283125002454
0.534094909513496,6.926302272560202,-0.27659283125002454
0.534094909513496,7.15130048019764,-0.27659283125002454
0.534094909513496,7.376298687835079,-0.27659283125002454
0.534094909513496,7.601296895472518,-0.27659283125002454
0.534094909513496,7.826295103109956,-0.27659283125002454
0.6851829262410837,8.051293310747395,-0.27659283125002454
0.6851829262410837,8.276291518384834,-0.27659283125002454
0.6851829262410837,8.501289726022272,-0.27659283125002454
0.6851829262410837,8.726287933659712,-0.27659283125002454
0.6851829262410837,8.95128614129715,-0.27659283125002454
0.6851829262410837,9.176284348934589,-0.27659283125002454
0.6851829262410837,9.401282556572028,-0.27659283125002454
0.6851829262410837,9.626280764209465,-0.27659283125002454
0.6851829262410837,9.851278971846906,-0.27659283125002454
0.7385045153399661,10.076277179484343,-0.27659283125002454
0.9336710322613182,10.301275387121782,-0.27659283125002454
0.9336710322613182,10.526273594759221,-0.27659283125002454
0.9336710322613182,10.75127180239666,-0.27659283125002454
0.9336710322613182,10.976270010034098,-0.27659283125002454
0.9336710322613182,11.201268217671537,-0.27659283125002454
0.9336710322613182,11.426266425308976,-0.27659283125002454
0.9336710322613182,11.651264632946415,-0.27659283125002454
0.9336710322613182,11.876262840583854,-0.27659283125002454
0.9336710322613182,12.101261048221293,-0.27659283125002454
0.9336710322613182,12.32625925585873,-0.27659283125002454
0.9336710322613182,12.551257463496169,-0.27659283125002454
0.9336710322613182,12.776255671133608,-0.27659283125002454
0.9336710322613182,13.001253878771047,-0.27659283125002454
0.4291074378671813,1.9763417045365497,-0.24085061370994687
0.4291074378671813,2.2013399121739883,-0.24085061370994687
0.4291074378671813,2.426338119811427,-0.24085061370994687
0.4291074378671813,2.651336327448866,-0.24085061370994687
0.4291074378671813,2.8763345350863045,-0.24085061370994687
0.4291074378671813,3.101332742723743,-0.24085061370994687
0.4291074378671813,3.326330950361182,-0.24085061370994687
0.4291074378671813,3.551329157998621,-0.24085061370994687
0.4291074378671813,3.7763273656360594,-0.24085061370994687
0.4291074378671813,4.001325573273498,-0.24085061370994687
0.4291074378671813,4.226323780910937,-0.24085061370994687
0.4291074378671813,4.451321988548376,-0.24085061370994687
0.4291074378671813,4.676320196185815,-0.24085061370994687
0.4291074378671813,4.901318403823253,-0.24085061370994687
0.4246531171021315,5.126316611460692,-0.24085061370994687
0.4246531171021315,5.35131481909813,-0.24085061370994687
0.4246531171021315,5.576313026735569,-0.24085061370994687
0.4246531171021315,5.801311234373008,-0.24085061370994687
0.4246531171021315,6.026309442010446,-0.24085061370994687
0.4246531171021315,6.251307649647885,-0.24085061370994687
0.48309290601901217,6.476305857285324,-0.24085061370994687
0.48309290601901217,6.701304064922763,-0.24085061370994687
0.48309290601901217,6.926302272560202,-0.24085061370994687
0.48309290601901217,7.15130048019764,-0.24085061370994687
0.48309290601901217,7.376298687835079,-0.24085061370994687
0.48309290601901217,7.601296895472518,-0.24085061370994687
0.48309290601901217,7.826295103109956,-0.24085061370994687
0.6197531657695972,8.051293310747395,-0.24085061370994687
0.6197531657695972,8.276291518384834,-0.24085061370994687
0.6197531657695972,8.501289726022272,-0.24085061370994687
0.6197531657695972,8.726287933659712,-0.24085061370994687
0.6197531657695972,8.95128614129715,-0.24085061370994687
0.6197531657695972,9.176284348934589,-0.24085061370994687
0.6197531657695972,9.401282556572028,-0.24085061370994687
0.6197531657695972,9.626280764209465,-0.24085061370994687
0.6197531657695972,9.851278971846906,-0.24085061370994687
0.6679829484776831,10.076277179484343,-0.24085061370994687
0.844512546752692,10.301275387121782,-0.24085061370994687
0.844512546752692,10.526273594759221,-0.24085061370994687
0.844512546752692,10.75127180239666,-0.24085061370994687
0.844512546752692,10.976270010034098,-0.24085061370994687
0.844512546752692,11.201268217671537,-0.24085061370994687
0.844512546752692,11.426266425308976,-0.24085061370994687
0.844512546752692,11.651264632946415,-0.24085061370994687
0.844512546752692,11.876262840583854,-0.24085061370994687
0.844512546752692,12.101261048221293,-0.24085061370994687
0.844512546752692,12.32625925585873,-0.24085061370994687
0.844512546752692,12.551257463496169,-0.24085061370994687
0.844512546752692,12.776255671133608,-0.24085061370994687
0.844512546752692,13.001253878771047,-0.24085061370994687
0.4291074378671813,1.9763417045365497,-0.20510839616986942
0.4291074378671813,2.2013399121739883,-0.20510839616986942
0.4291074378671813,2.426338119811427,-0.20510839616986942
0.4291074378671813,2.651336327448866,-0.20510839616986942
0.4291074378671813,2.8763345350863045,-0.20510839616986942
0.4291074378671813,3.101332742723743,-0.20510839616986942
0.4291074378671813,3.326330950361182,-0.20510839616986942
0.4291074378671813,3.551329157998621,-0.20510839616986942
0.4291074378671813,3.7763273656360594,-0.20510839616986942
0.4291074378671813,4.001325573273498,-0.20510839616986942
0.4291074378671813,4.226323780910937,-0.20510839616986942
0.4291074378671813,4.451321988548376,-0.20510839616986942
0.4291074378671813,4.676320196185815,-0.20510839616986942
0.4291074378671813,4.901318403823253,-0.20510839616986942
0.4246531171021315,5.126316611460692,-0.20510839616986942
0.4246531171021315,5.35131481909813,-0.20510839616986942
0.4246531171021315,5.576313026735569,-0.20510839616986942
0.4246531171021315,5.801311234373008,-0.20510839616986942
0.4246531171021315,6.026309442010446,-0.20510839616986942
0.4246531171021315,6.251307649647885,-0.20510839616986942
0.48309290601901217,6.476305857285324,-0.20510839616986942
0.48309290601901217,6.701304064922763,-0.20510839616986942
0.48309290601901217,6.926302272560202,-0.20510839616986942
0.48309290601901217,7.15130048019764,-0.20510839616986942
0.48309290601901217,7.376298687835079,-0.20510839616986942
0.48309290601901217,7.601296895472518,-0.20510839616986942
0.48309290601901217,7.826295103109956,-0.20510839616986942
0.6197531657695972,8.051293310747395,-0.20510839616986942
0.6197531657695972,8.276291518384834,-0.20510839616986942
0.6197531657695972,8.501289726022272,-0.20510839616986942
0.6197531657695972,8.726287933659712,-0.20510839616986942
0.6197531657695972,8.95128614129715,-0.20510839616986942
0.6197531657695972,9.176284348934589,-0.20510839616986942
0.6197531657695972,9.401282556572028,-0.20510839616986942
0.6197531657695972,9.626280764209465,-0.20510839616986942
0.6197531657695972,9.851278971846906,-0.20510839616986942
0.6679829484776831,10.076277179484343,-0.20510839616986942
0.844512546752692,10.301275387121782,-0.20510839616986942
0.844512546752692,10.526273594759221,-0.20510839616986942
0.844512546752692,10.75127180239666,-0.20510839616986942
0.844512546752692,10.976270010034098,-0.20510839616986942
0.844512546752692,11.201268217671537,-0.20510839616986942
0.844512546752692,11.426266425308976,-0.20510839616986942
0.844512546752692,11.651264632946415,-0.20510839616986942
0.844512546752692,11.876262840583854,-0.20510839616986942
0.844512546752692,12.101261048221293,-0.20510839616986942
0.844512546752692,12.32625925585873,-0.20510839616986942
0.844512546752692,12.551257463496169,-0.20510839616986942
0.844512546752692,12.776255671133608,-0.20510839616986942
0.844512546752692,13.001253878771047,-0.20510839616986942
0.4291074378671813,1.9763417045365497,-0.16936617862979197
0.4291074378671813,2.2013399121739883,-0.16936617862979197
0.4291074378671813,2.426338119811427,-0.16936617862979197
0.4291074378671813,2.651336327448866,-0.16936617862979197
0.4291074378671813,2.8763345350863045,-0.16936617862979197
0.4291074378671813,3.101332742723743,-0.16936617862979197
0.4291074378671813,3.326330950361182,-0.16936617862979197
0.4291074378671813,3.551329157998621,-0.16936617862979197
0.4291074378671813,3.7763273656360594,-0.16936617862979197
0.4291074378671813,4.001325573273498,-0.16936617862979197
0.4291074378671813,4.226323780910937,-0.16936617862979197
0.4291074378671813,4.451321988548376,-0.16936617862979197
0.4291074378671813,4.676320196185815,-0.16936617862979197
0.4291074378671813,4.901318403823253,-0.16936617862979197
0.4246531171021315,5.126316611460692,-0.16936617862979197
0.4246531171021315,5.35131481909813,-0.16936617862979197
0.4246531171021315,5.576313026735569,-0.16936617862979197
0.4246531171021315,5.801311234373008,-0.16936617862979197
0.4246531171021315,6.026309442010446,-0.16936617862979197
0.4246531171021315,6.251307649647885,-0.16936617862979197
0.48309290601901217,6.476305857285324,-0.16936617862979197
0.48309290601901217,6.701304064922763,-0.16936617862979197
0.48309290601901217,6.926302272560202,-0.16936617862979197
0.48309290601901217,7.15130048019764,-0.16936617862979197
0.48309290601901217,7.376298687835079,-0.16936617862979197
0.48309290601901217,7.601296895472518,-0.16936617862979197
0.48309290601901217,7.826295103109956,-0.16936617862979197
0.6197531657695972,8.051293310747395,-0.16936617862979197
0.6197531657695972,8.276291518384834,-0.16936617862979197
0.6197531657695972,8.501289726022272,-0.16936617862979197
0.6197531657695972,8.726287933659712,-0.16936617862979197
0.6197531657695972,8.95128614129715,-0.16936617862979197
0.6197531657695972,9.176284348934589,-0.16936617862979197
0.6197531657695972,9.401282556572028,-0.16936617862979197
0.6197531657695972,9.626280764209465,-0.16936617862979197
0.6197531657695972,9.851278971846906,-0.16936617862979197
0.6679829484776831,10.076277179484343,-0.16936617862979197
0.844512546752692,10.301275387121782,-0.16936617862979197
0.844512546752692,10.526273594759221,-0.16936617862979197
0.844512546752692,10.75127180239666,-0.16936617862979197
0.844512546752692,10.976270010034098,-0.16936617862979197
0.844512546752692,11.201268217671537,-0.16936617862979197
0.844512546752692,11.426266425308976,-0.16936617862979197
0.844512546752692,11.651264632946415,-0.16936617862979197
0.844512546752692,11.876262840583854,-0.16936617862979197
0.844512546752692,12.101261048221293,-0.16936617862979197
0.844512546752692,12.32625925585873,-0.16936617862979197
0.844512546752692,12.551257463496169,-0.16936617862979197
0.844512546752692,12.776255671133608,-0.16936617862979197
0.844512546752692,13.001253878771047,-0.16936617862979197
0.4291074378671813,1.9763417045365497,-0.13362396108971453
0.4291074378671813,2.2013399121739883,-0.13362396108971453
0.4291074378671813,2.426338119811427,-0.13362396108971453
0.4291074378671813,2.651336327448866,-0.13362396108971453
0.4291074378671813,2.8763345350863045,-0.13362396108971453
0.4291074378671813,3.101332742723743,-0.13362396108971453
0.4291074378671813,3.326330950361182,-0.13362396108971453
0.4291074378671813,3.551329157998621,-0.13362396108971453
0.4291074378671813,3.7763273656360594,-0.13362396108971453
0.4291074378671813,4.001325573273498,-0.13362396108971453
0.4291074378671813,4.226323780910937,-0.13362396108971453
0.4291074378671813,4.451321988548376,-0.13362396108971453
0.4291074378671813,4.676320196185815,-0.13362396108971453
0.4291074378671813,4.901318403823253,-0.13362396108971453
0.4246531171021315,5.126316611460692,-0.13362396108971453
0.4246531171021315,5.35131481909813,-0.13362396108971453
0.4246531171021315,5.576313026735569,-0.13362396108971453
0.4246531171021315,5.801311234373008,-0.13362396108971453
0.4246531171021315,6.026309442010446,-0.13362396108971453
0.4246531171021315,6.251307649647885,-0.13362396108971453
0.48309290601901217,6.476305857285324,-0.13362396108971453
0.48309290601901217,6.701304064922763,-0.13362396108971453
0.48309290601901217,6.926302272560202,-0.13362396108971453
0.48309290601901217,7.15130048019764,-0.13362396108971453
0.48309290601901217,7.376298687835079,-0.13362396108971453
0.48309290601901217,7.601296895472518,-0.13362396108971453
0.48309290601901217,7.826295103109956,-0.13362396108971453
0.6197531657695972,8.051293310747395,-0.13362396108971453
0.6197531657695972,8.276291518384834,-0.13362396108971453
0.6197531657695972,8.501289726022272,-0.13362396108971453
0.6197531657695972,8.726287933659712,-0.13362396108971453
0.6197531657695972,8.95128614129715,-0.13362396108971453
0.6197531657695972,9.176284348934589,-0.13362396108971453
0.6197531657695972,9.401282556572028,-0.13362396108971453
0.6197531657695972,9.626280764209465,-0.13362396108971453
0.6197531657695972,9.851278971846906,-0.13362396108971453
0.6679829484776831,10.076277179484343,-0.13362396108971453
0.844512546752692,10.301275387121782,-0.13362396108971453
0.844512546752692,10.526273594759221,-0.13362396108971453
0.844512546752692,10.75127180239666,-0.13362396108971453
0.844512546752692,10.976270010034098,-0.13362396108971453
0.844512546752692,11.201268217671537,-0.13362396108971453
0.844512546752692,11.426266425308976,-0.13362396108971453
0.844512546752692,11.651264632946415,-0.13362396108971453
0.844512546752692,11.876262840583854,-0.13362396108971453
0.844512546752692,12.101261048221293,-0.13362396108971453
0.844512546752692,12.32625925585873,-0.13362396108971453
0.844512546752692,12.551257463496169,-0.13362396108971453
0.844512546752692,12.776255671133608,-0.13362396108971453
0.844512546752692,13.001253878771047,-0.13362396108971453
0.4291074378671813,1.9763417045365497,-0.09788174354963708
0.4291074378671813,2.2013399121739883,-0.09788174354963708
0.4291074378671813,2.426338119811427,-0.09788174354963708
0.4291074378671813,2.651336327448866,-0.09788174354963708
0.4291074378671813,2.8763345350863045,-0.09788174354963708
0.4291074378671813,3.101332742723743,-0.09788174354963708
0.4291074378671813,3.326330950361182,-0.09788174354963708
0.4291074378671813,3.551329157998621,-0.09788174354963708
0.4291074378671813,3.7763273656360594,-0.09788174354963708
0.4291074378671813,4.001325573273498,-0.09788174354963708
0.4291074378671813,4.226323780910937,-0.09788174354963708
0.4291074378671813,4.451321988548376,-0.09788174354963708
0.4291074378671813,4.676320196185815,-0.09788174354963708
0.4291074378671813,4.901318403823253,-0.09788174354963708
0.4246531171021315,5.126316611460692,-0.09788174354963708
0.4246531171021315,5.35131481909813,-0.09788174354963708
0.4246531171021315,5.576313026735569,-0.09788174354963708
0.4246531171021315,5.801311234373008,-0.09788174354963708
0.4246531171021315,6.026309442010446,-0.09788174354963708
0.4246531171021315,6.251307649647885,-0.09788174354963708
0.48309290601901217,6.476305857285324,-0.09788174354963708
0.48309290601901217,6.701304064922763,-0.09788174354963708
0.48309290601901217,6.926302272560202,-0.09788174354963708
0.48309290601901217,7.15130048019764,-0.09788174354963708
0.48309290601901217,7.376298687835079,-0.09788174354963708
0.48309290601901217,7.601296895472518,-0.09788174354963708
0.48309290601901217,7.826295103109956,-0.09788174354963708
0.6197531657695972,8.051293310747395,-0.09788174354963708
0.6197531657695972,8.276291518384834,-0.09788174354963708
0.6197531657695972,8.501289726022272,-0.09788174354963708
0.6197531657695972,8.726287933659712,-0.09788174354963708
0.6197531657695972,8.95128614129715,-0.09788174354963708
0.6197531657695972,9.176284348934589,-0.09788174354963708
0.6197531657695972,9.401282556572028,-0.09788174354963708
0.6197531657695972,9.626280764209465,-0.09788174354963708
0.6197531657695972,9.851278971846906,-0.09788174354963708
0.6679829484776831,10.076277179484343,-0.09788174354963708
0.844512546752692,10.301275387121782,-0.09788174354963708
0.844512546752692,10.526273594759221,-0.09788174354963708
0.844512546752692,10.75127180239666,-0.09788174354963708
0.844512546752692,10.976270010034098,-0.09788174354963708
0.844512546752692,11.201268217671537,-0.09788174354963708
0.844512546752692,11.426266425308976,-0.09788174354963708
0.844512546752692,11.651264632946415,-0.09788174354963708
0.844512546752692,11.876262840583854,-0.09788174354963708
0.844512546752692,12.101261048221293,-0.09788174354963708
0.844512546752692,12.32625925585873,-0.09788174354963708
0.844512546752692,12.551257463496169,-0.09788174354963708
0.844512546752692,12.776255671133608,-0.09788174354963708
0.844512546752692,13.001253878771047,-0.09788174354963708
0.4291074378671813,1.9763417045365497,-0.0621395260095596
0.4291074378671813,2.2013399121739883,-0.0621395260095596
0.4291074378671813,2.426338119811427,-0.0621395260095596
0.4291074378671813,2.651336327448866,-0.0621395260095596
0.4291074378671813,2.8763345350863045,-0.0621395260095596
0.4291074378671813,3.101332742723743,-0.0621395260095596
0.4291074378671813,3.326330950361182,-0.0621395260095596
0.4291074378671813,3.551329157998621,-0.0621395260095596
0.4291074378671813,3.7763273656360594,-0.0621395260095596
0.4291074378671813,4.001325573273498,-0.0621395260095596
0.4291074378671813,4.226323780910937,-0.0621395260095596
0.4291074378671813,4.451321988548376,-0.0621395260095596
0.4291074378671813,4.676320196185815,-0.0621395260095596
0.4291074378671813,4.901318403823253,-0.0621395260095596
0.4246531171021315,5.126316611460692,-0.0621395260095596
0.4246531171021315,5.35131481909813,-0.0621395260095596
0.4246531171021315,5.576313026735569,-0.0621395260095596
0.4246531171021315,5.801311234373008,-0.0621395260095596
0.4246531171021315,6.026309442010446,-0.0621395260095596
0.4246531171021315,6.251307649647885,-0.0621395260095596
0.48309290601901217,6.476305857285324,-0.0621395260095596
0.48309290601901217,6.701304064922763,-0.0621395260095596
0.48309290601901217,6.926302272560202,-0.0621395260095596
0.48309290601901217,7.15130048019764,-0.0621395260095596
0.48309290601901217,7.376298687835079,-0.0621395260095596
0.48309290601901217,7.601296895472518,-0.0621395260095596
0.48309290601901217,7.826295103109956,-0.0621395260095596
0.6197531657695972,8.051293310747395,-0.0621395260095596
0.6197531657695972,8.276291518384834,-0.0621395260095596
0.6197531657695972,8.501289726022272,-0.0621395260095596
0.6197531657695972,8.726287933659712,-0.0621395260095596
0.6197531657695972,8.95128614129715,-0.0621395260095596
0.6197531657695972,9.176284348934589,-0.0621395260095596
0.6197531657695972,9.401282556572028,-0.0621395260095596
0.6197531657695972,9.626280764209465,-0.0621395260095596
0.6197531657695972,9.851278971846906,-0.0621395260095596
0.6679829484776831,10.076277179484343,-0.0621395260095596
0.844512546752692,10.301275387121782,-0.0621395260095596
0.844512546752692,10.526273594759221,-0.0621395260095596
0.844512546752692,10.75127180239666,-0.0621395260095596
0.844512546752692,10.976270010034098,-0.0621395260095596
0.844512546752692,11.201268217671537,-0.0621395260095596
0.844512546752692,11.426266425308976,-0.0621395260095596
0.844512546752692,11.651264632946415,-0.0621395260095596
0.844512546752692,11.876262840583854,-0.0621395260095596
0.844512546752692,12.101261048221293,-0.0621395260095596
0.844512546752692,12.32625925585873,-0.0621395260095596
0.844512546752692,12.551257463496169,-0.0621395260095596
0.844512546752692,12.776255671133608,-0.0621395260095596
0.844512546752692,13.001253878771047,-0.0621395260095596
