Q,max_IWV_ais,max_landfalling_v850hPa
15.990527626973929,3.6118316650390634,9.303757667541504
15.990527626973929,4.009729307525013,9.303757667541504
15.990527626973929,4.407626950010962,9.303757667541504
15.990527626973929,4.805524592496912,9.303757667541504
15.990527626973929,5.203422234982861,9.303757667541504
15.990527626973929,5.601319877468811,9.303757667541504
15.990527626973929,5.99921751995476,9.303757667541504
15.990527626973929,6.397115162440709,9.303757667541504
15.990527626973929,6.7950128049266585,9.303757667541504
15.990527626973929,7.192910447412608,9.303757667541504
15.990527626973929,7.590808089898557,9.303757667541504
15.990527626973929,7.988705732384506,9.303757667541504
17.282553013206414,8.386603374870457,9.303757667541504
17.282553013206414,8.784501017356405,9.303757667541504
17.282553013206414,9.182398659842356,9.303757667541504
17.282553013206414,9.580296302328303,9.303757667541504
17.279700569727833,9.978193944814254,9.303757667541504
17.279700569727833,10.376091587300202,9.303757667541504
17.279700569727833,10.773989229786153,9.303757667541504
17.279700569727833,11.1718868722721,9.303757667541504
17.279700569727833,11.569784514758052,9.303757667541504
17.279700569727833,11.967682157243999,9.303757667541504
17.279700569727833,12.36557979972995,9.303757667541504
17.279700569727833,12.763477442215898,9.303757667541504
17.279700569727833,13.161375084701849,9.303757667541504
17.279700569727833,13.5592727271878,9.303757667541504
17.279700569727833,13.957170369673747,9.303757667541504
17.279700569727833,14.355068012159698,9.303757667541504
17.279700569727833,14.752965654645646,9.303757667541504
17.279700569727833,15.150863297131597,9.303757667541504
17.279700569727833,15.548760939617544,9.303757667541504
17.279700569727833,15.946658582103495,9.303757667541504
17.279700569727833,16.344556224589443,9.303757667541504
17.279700569727833,16.742453867075394,9.303757667541504
17.279700569727833,17.14035150956134,9.303757667541504
17.279700569727833,17.538249152047293,9.303757667541504
17.279700569727833,17.93614679453324,9.303757667541504
17.279700569727833,18.33404443701919,9.303757667541504
17.279700569727833,18.73194207950514,9.303757667541504
17.279700569727833,19.12983972199109,9.303757667541504
17.279700569727833,19.527737364477037,9.303757667541504
17.279700569727833,19.925635006962988,9.303757667541504
17.279700569727833,20.323532649448936,9.303757667541504
17.279700569727833,20.721430291934887,9.303757667541504
17.279700569727833,21.119327934420834,9.303757667541504
17.279700569727833,21.517225576906785,9.303757667541504
17.279700569727833,21.915123219392733,9.303757667541504
17.279700569727833,22.313020861878684,9.303757667541504
17.279700569727833,22.710918504364635,9.303757667541504
17.279700569727833,23.108816146850582,9.303757667541504
15.990527626973929,3.6118316650390634,10.130347349205795
15.990527626973929,4.009729307525013,10.130347349205795
15.990527626973929,4.407626950010962,10.130347349205795
15.990527626973929,4.805524592496912,10.130347349205795
15.990527626973929,5.203422234982861,10.130347349205795
15.990527626973929,5.601319877468811,10.130347349205795
15.990527626973929,5.99921751995476,10.130347349205795
15.990527626973929,6.397115162440709,10.130347349205795
15.990527626973929,6.7950128049266585,10.130347349205795
15.990527626973929,7.192910447412608,10.130347349205795
15.990527626973929,7.590808089898557,10.130347349205795
15.990527626973929,7.988705732384506,10.130347349205795
17.282553013206414,8.386603374870457,10.130347349205795
17.282553013206414,8.784501017356405,10.130347349205795
17.282553013206414,9.182398659842356,10.130347349205795
17.282553013206414,9.580296302328303,10.130347349205795
17.279700569727833,9.978193944814254,10.130347349205795
17.279700569727833,10.376091587300202,10.130347349205795
17.279700569727833,10.773989229786153,10.130347349205795
17.279700569727833,11.1718868722721,10.130347349205795
17.279700569727833,11.569784514758052,10.130347349205795
17.279700569727833,11.967682157243999,10.130347349205795
17.279700569727833,12.36557979972995,10.130347349205795
17.279700569727833,12.763477442215898,10.130347349205795
17.279700569727833,13.161375084701849,10.130347349205795
17.279700569727833,13.5592727271878,10.130347349205795
17.279700569727833,13.957170369673747,10.130347349205795
17.279700569727833,14.355068012159698,10.130347349205795
17.279700569727833,14.752965654645646,10.130347349205795
17.279700569727833,15.150863297131597,10.130347349205795
17.279700569727833,15.548760939617544,10.130347349205795
17.279700569727833,15.946658582103495,10.130347349205795
17.279700569727833,16.344556224589443,10.130347349205795
17.279700569727833,16.742453867075394,10.130347349205795
17.279700569727833,17.14035150956134,10.130347349205795
17.279700569727833,17.538249152047293,10.130347349205795
17.279700569727833,17.93614679453324,10.130347349205795
17.279700569727833,18.33404443701919,10.130347349205795
17.279700569727833,18.73194207950514,10.130347349205795
17.279700569727833,19.12983972199109,10.130347349205795
17.279700569727833,19.527737364477037,10.130347349205795
17.279700569727833,19.925635006962988,10.130347349205795
17.279700569727833,20.323532649448936,10.130347349205795
17.279700569727833,20.721430291934887,10.130347349205795
17.279700569727833,21.119327934420834,10.130347349205795
17.279700569727833,21.517225576906785,10.130347349205795
17.279700569727833,21.915123219392733,10.130347349205795
17.279700569727833,22.313020861878684,10.130347349205795
17.279700569727833,22.710918504364635,10.130347349205795
17.279700569727833,23.108816146850582,10.130347349205795
15.990527626973929,3.6118316650390634,10.956937030870087
15.990527626973929,4.009729307525013,10.956937030870087
15.990527626973929,4.407626950010962,10.956937030870087
15.990527626973929,4.805524592496912,10.956937030870087
15.990527626973929,5.203422234982861,10.956937030870087
15.990527626973929,5.601319877468811,10.956937030870087
15.990527626973929,5.99921751995476,10.956937030870087
15.990527626973929,6.397115162440709,10.956937030870087
15.990527626973929,6.7950128049266585,10.956937030870087
15.990527626973929,7.192910447412608,10.956937030870087
15.990527626973929,7.590808089898557,10.956937030870087
15.990527626973929,7.988705732384506,10.956937030870087
17.282553013206414,8.386603374870457,10.956937030870087
17.282553013206414,8.784501017356405,10.956937030870087
17.282553013206414,9.182398659842356,10.956937030870087
17.282553013206414,9.580296302328303,10.956937030870087
17.279700569727833,9.978193944814254,10.956937030870087
17.279700569727833,10.376091587300202,10.956937030870087
17.279700569727833,10.773989229786153,10.956937030870087
17.279700569727833,11.1718868722721,10.956937030870087
17.279700569727833,11.569784514758052,10.956937030870087
17.279700569727833,11.967682157243999,10.956937030870087
17.279700569727833,12.36557979972995,10.956937030870087
17.279700569727833,12.763477442215898,10.956937030870087
17.279700569727833,13.161375084701849,10.956937030870087
17.279700569727833,13.5592727271878,10.956937030870087
17.279700569727833,13.957170369673747,10.956937030870087
17.279700569727833,14.355068012159698,10.956937030870087
17.279700569727833,14.752965654645646,10.956937030870087
17.279700569727833,15.150863297131597,10.956937030870087
17.279700569727833,15.548760939617544,10.956937030870087
17.279700569727833,15.946658582103495,10.956937030870087
17.279700569727833,16.344556224589443,10.956937030870087
17.279700569727833,16.742453867075394,10.956937030870087
17.279700569727833,17.14035150956134,10.956937030870087
17.279700569727833,17.538249152047293,10.956937030870087
17.279700569727833,17.93614679453324,10.956937030870087
17.279700569727833,18.33404443701919,10.956937030870087
17.279700569727833,18.73194207950514,10.956937030870087
17.279700569727833,19.12983972199109,10.956937030870087
17.279700569727833,19.527737364477037,10.956937030870087
17.279700569727833,19.925635006962988,10.956937030870087
17.279700569727833,20.323532649448936,10.956937030870087
17.279700569727833,20.721430291934887,10.956937030870087
17.279700569727833,21.119327934420834,10.956937030870087
17.279700569727833,21.517225576906785,10.956937030870087
17.279700569727833,21.915123219392733,10.956937030870087
17.279700569727833,22.313020861878684,10.956937030870087
17.279700569727833,22.710918504364635,10.956937030870087
17.279700569727833,23.108816146850582,10.956937030870087
15.990527626973929,3.6118316650390634,11.783526712534378
15.990527626973929,4.009729307525013,11.783526712534378
15.990527626973929,4.407626950010962,11.783526712534378
15.990527626973929,4.805524592496912,11.783526712534378
15.990527626973929,5.203422234982861,11.783526712534378
15.990527626973929,5.601319877468811,11.783526712534378
15.990527626973929,5.99921751995476,11.783526712534378
15.990527626973929,6.397115162440709,11.783526712534378
15.990527626973929,6.7950128049266585,11.783526712534378
15.990527626973929,7.192910447412608,11.783526712534378
15.990527626973929,7.590808089898557,11.783526712534378
15.990527626973929,7.988705732384506,11.783526712534378
17.282553013206414,8.386603374870457,11.783526712534378
17.282553013206414,8.784501017356405,11.783526712534378
17.282553013206414,9.182398659842356,11.783526712534378
17.282553013206414,9.580296302328303,11.783526712534378
17.279700569727833,9.978193944814254,11.783526712534378
17.279700569727833,10.376091587300202,11.783526712534378
17.279700569727833,10.773989229786153,11.783526712534378
17.279700569727833,11.1718868722721,11.783526712534378
17.279700569727833,11.569784514758052,11.783526712534378
17.279700569727833,11.967682157243999,11.783526712534378
17.279700569727833,12.36557979972995,11.783526712534378
17.279700569727833,12.763477442215898,11.783526712534378
17.279700569727833,13.161375084701849,11.783526712534378
17.279700569727833,13.5592727271878,11.783526712534378
17.279700569727833,13.957170369673747,11.783526712534378
17.279700569727833,14.355068012159698,11.783526712534378
17.279700569727833,14.752965654645646,11.783526712534378
17.279700569727833,15.150863297131597,11.783526712534378
17.279700569727833,15.548760939617544,11.783526712534378
17.279700569727833,15.946658582103495,11.783526712534378
17.279700569727833,16.344556224589443,11.783526712534378
17.279700569727833,16.742453867075394,11.783526712534378
17.279700569727833,17.14035150956134,11.783526712534378
17.279700569727833,17.538249152047293,11.783526712534378
17.279700569727833,17.93614679453324,11.783526712534378
17.279700569727833,18.33404443701919,11.783526712534378
17.279700569727833,18.73194207950514,11.783526712534378
17.279700569727833,19.12983972199109,11.783526712534378
17.279700569727833,19.527737364477037,11.783526712534378
17.279700569727833,19.925635006962988,11.783526712534378
17.279700569727833,20.323532649448936,11.783526712534378
17.279700569727833,20.721430291934887,11.783526712534378
17.279700569727833,21.119327934420834,11.783526712534378
17.279700569727833,21.517225576906785,11.783526712534378
17.279700569727833,21.915123219392733,11.783526712534378
17.279700569727833,22.313020861878684,11.783526712534378
17.279700569727833,22.710918504364635,11.783526712534378
17.279700569727833,23.108816146850582,11.783526712534378
15.990527626973929,3.6118316650390634,12.61011639419867
15.990527626973929,4.009729307525013,12.61011639419867
15.990527626973929,4.407626950010962,12.61011639419867
15.990527626973929,4.805524592496912,12.61011639419867
15.990527626973929,5.203422234982861,12.61011639419867
15.990527626973929,5.601319877468811,12.61011639419867
15.990527626973929,5.99921751995476,12.61011639419867
15.990527626973929,6.397115162440709,12.61011639419867
15.990527626973929,6.7950128049266585,12.61011639419867
15.990527626973929,7.192910447412608,12.61011639419867
15.990527626973929,7.590808089898557,12.61011639419867
15.990527626973929,7.988705732384506,12.61011639419867
17.282553013206414,8.386603374870457,12.61011639419867
17.282553013206414,8.784501017356405,12.61011639419867
17.282553013206414,9.182398659842356,12.61011639419867
17.282553013206414,9.580296302328303,12.61011639419867
17.279700569727833,9.978193944814254,12.61011639419867
17.279700569727833,10.376091587300202,12.61011639419867
17.279700569727833,10.773989229786153,12.61011639419867
17.279700569727833,11.1718868722721,12.61011639419867
17.279700569727833,11.569784514758052,12.61011639419867
17.279700569727833,11.967682157243999,12.61011639419867
17.279700569727833,12.36557979972995,12.61011639419867
17.279700569727833,12.763477442215898,12.61011639419867
17.279700569727833,13.161375084701849,12.61011639419867
17.279700569727833,13.5592727271878,12.61011639419867
17.279700569727833,13.957170369673747,12.61011639419867
17.279700569727833,14.355068012159698,12.61011639419867
17.279700569727833,14.752965654645646,12.61011639419867
17.279700569727833,15.150863297131597,12.61011639419867
17.279700569727833,15.548760939617544,12.61011639419867
17.279700569727833,15.946658582103495,12.61011639419867
17.279700569727833,16.344556224589443,12.61011639419867
17.279700569727833,16.742453867075394,12.61011639419867
17.279700569727833,17.14035150956134,12.61011639419867
17.279700569727833,17.538249152047293,12.61011639419867
17.279700569727833,17.93614679453324,12.61011639419867
17.279700569727833,18.33404443701919,12.61011639419867
17.279700569727833,18.73194207950514,12.61011639419867
17.279700569727833,19.12983972199109,12.61011639419867
17.279700569727833,19.527737364477037,12.61011639419867
17.279700569727833,19.925635006962988,12.61011639419867
17.279700569727833,20.323532649448936,12.61011639419867
17.279700569727833,20.721430291934887,12.61011639419867
17.279700569727833,21.119327934420834,12.61011639419867
17.279700569727833,21.517225576906785,12.61011639419867
17.279700569727833,21.915123219392733,12.61011639419867
17.279700569727833,22.313020861878684,12.61011639419867
17.279700569727833,22.710918504364635,12.61011639419867
17.279700569727833,23.108816146850582,12.61011639419867
15.990527626973929,3.6118316650390634,13.436706075862961
15.990527626973929,4.009729307525013,13.436706075862961
15.990527626973929,4.407626950010962,13.436706075862961
15.990527626973929,4.805524592496912,13.436706075862961
15.990527626973929,5.203422234982861,13.436706075862961
15.990527626973929,5.601319877468811,13.436706075862961
15.990527626973929,5.99921751995476,13.436706075862961
15.990527626973929,6.397115162440709,13.436706075862961
15.990527626973929,6.7950128049266585,13.436706075862961
15.990527626973929,7.192910447412608,13.436706075862961
15.990527626973929,7.590808089898557,13.436706075862961
15.990527626973929,7.988705732384506,13.436706075862961
17.282553013206414,8.386603374870457,13.436706075862961
17.282553013206414,8.784501017356405,13.436706075862961
17.282553013206414,9.182398659842356,13.436706075862961
17.282553013206414,9.580296302328303,13.436706075862961
17.279700569727833,9.978193944814254,13.436706075862961
17.279700569727833,10.376091587300202,13.436706075862961
17.279700569727833,10.773989229786153,13.436706075862961
17.279700569727833,11.1718868722721,13.436706075862961
17.279700569727833,11.569784514758052,13.436706075862961
17.279700569727833,11.967682157243999,13.436706075862961
17.279700569727833,12.36557979972995,13.436706075862961
17.279700569727833,12.763477442215898,13.436706075862961
17.279700569727833,13.161375084701849,13.436706075862961
17.279700569727833,13.5592727271878,13.436706075862961
17.279700569727833,13.957170369673747,13.436706075862961
17.279700569727833,14.355068012159698,13.436706075862961
17.279700569727833,14.752965654645646,13.436706075862961
17.279700569727833,15.150863297131597,13.436706075862961
17.279700569727833,15.548760939617544,13.436706075862961
17.279700569727833,15.946658582103495,13.436706075862961
17.279700569727833,16.344556224589443,13.436706075862961
17.279700569727833,16.742453867075394,13.436706075862961
17.279700569727833,17.14035150956134,13.436706075862961
17.279700569727833,17.538249152047293,13.436706075862961
17.279700569727833,17.93614679453324,13.436706075862961
17.279700569727833,18.33404443701919,13.436706075862961
17.279700569727833,18.73194207950514,13.436706075862961
17.279700569727833,19.12983972199109,13.436706075862961
17.279700569727833,19.527737364477037,13.436706075862961
17.279700569727833,19.925635006962988,13.436706075862961
17.279700569727833,20.323532649448936,13.436706075862961
17.279700569727833,20.721430291934887,13.436706075862961
17.279700569727833,21.119327934420834,13.436706075862961
17.279700569727833,21.517225576906785,13.436706075862961
17.279700569727833,21.915123219392733,13.436706075862961
17.279700569727833,22.313020861878684,13.436706075862961
17.279700569727833,22.710918504364635,13.436706075862961
17.279700569727833,23.108816146850582,13.436706075862961
15.990527626973929,3.6118316650390634,14.263295757527255
15.990527626973929,4.009729307525013,14.263295757527255
15.990527626973929,4.407626950010962,14.263295757527255
15.990527626973929,4.805524592496912,14.263295757527255
15.990527626973929,5.203422234982861,14.263295757527255
15.990527626973929,5.601319877468811,14.263295757527255
15.990527626973929,5.99921751995476,14.263295757527255
15.990527626973929,6.397115162440709,14.263295757527255
15.990527626973929,6.7950128049266585,14.263295757527255
15.990527626973929,7.192910447412608,14.263295757527255
15.990527626973929,7.590808089898557,14.263295757527255
15.990527626973929,7.988705732384506,14.263295757527255
17.282553013206414,8.386603374870457,14.263295757527255
17.282553013206414,8.784501017356405,14.263295757527255
17.282553013206414,9.182398659842356,14.263295757527255
17.282553013206414,9.580296302328303,14.263295757527255
17.279700569727833,9.978193944814254,14.263295757527255
17.279700569727833,10.376091587300202,14.263295757527255
17.279700569727833,10.773989229786153,14.263295757527255
17.279700569727833,11.1718868722721,14.263295757527255
17.279700569727833,11.569784514758052,14.263295757527255
17.279700569727833,11.967682157243999,14.263295757527255
17.279700569727833,12.36557979972995,14.263295757527255
17.279700569727833,12.763477442215898,14.263295757527255
17.279700569727833,13.161375084701849,14.263295757527255
17.279700569727833,13.5592727271878,14.263295757527255
17.279700569727833,13.957170369673747,14.263295757527255
17.279700569727833,14.355068012159698,14.263295757527255
17.279700569727833,14.752965654645646,14.263295757527255
17.279700569727833,15.150863297131597,14.263295757527255
17.279700569727833,15.548760939617544,14.263295757527255
17.279700569727833,15.946658582103495,14.263295757527255
17.279700569727833,16.344556224589443,14.263295757527255
17.279700569727833,16.742453867075394,14.263295757527255
17.279700569727833,17.14035150956134,14.263295757527255
17.279700569727833,17.538249152047293,14.263295757527255
17.279700569727833,17.93614679453324,14.263295757527255
17.279700569727833,18.33404443701919,14.263295757527255
17.279700569727833,18.73194207950514,14.263295757527255
17.279700569727833,19.12983972199109,14.263295757527255
17.279700569727833,19.527737364477037,14.263295757527255
17.279700569727833,19.925635006962988,14.263295757527255
17.279700569727833,20.323532649448936,14.263295757527255
17.279700569727833,20.721430291934887,14.263295757527255
17.279700569727833,21.119327934420834,14.263295757527255
17.279700569727833,21.517225576906785,14.263295757527255
17.279700569727833,21.915123219392733,14.263295757527255
17.279700569727833,22.313020861878684,14.263295757527255
17.279700569727833,22.710918504364635,14.263295757527255
17.279700569727833,23.108816146850582,14.263295757527255
15.990527626973929,3.6118316650390634,15.089885439191546
15.990527626973929,4.009729307525013,15.089885439191546
15.990527626973929,4.407626950010962,15.089885439191546
15.990527626973929,4.805524592496912,15.089885439191546
15.990527626973929,5.203422234982861,15.089885439191546
15.990527626973929,5.601319877468811,15.089885439191546
15.990527626973929,5.99921751995476,15.089885439191546
15.990527626973929,6.397115162440709,15.089885439191546
15.990527626973929,6.7950128049266585,15.089885439191546
15.990527626973929,7.192910447412608,15.089885439191546
15.990527626973929,7.590808089898557,15.089885439191546
15.990527626973929,7.988705732384506,15.089885439191546
17.282553013206414,8.386603374870457,15.089885439191546
17.282553013206414,8.784501017356405,15.089885439191546
17.282553013206414,9.182398659842356,15.089885439191546
17.282553013206414,9.580296302328303,15.089885439191546
17.279700569727833,9.978193944814254,15.089885439191546
17.279700569727833,10.376091587300202,15.089885439191546
17.279700569727833,10.773989229786153,15.089885439191546
17.279700569727833,11.1718868722721,15.089885439191546
17.279700569727833,11.569784514758052,15.089885439191546
17.279700569727833,11.967682157243999,15.089885439191546
17.279700569727833,12.36557979972995,15.089885439191546
17.279700569727833,12.763477442215898,15.089885439191546
17.279700569727833,13.161375084701849,15.089885439191546
17.279700569727833,13.5592727271878,15.089885439191546
17.279700569727833,13.957170369673747,15.089885439191546
17.279700569727833,14.355068012159698,15.089885439191546
17.279700569727833,14.752965654645646,15.089885439191546
17.279700569727833,15.150863297131597,15.089885439191546
17.279700569727833,15.548760939617544,15.089885439191546
17.279700569727833,15.946658582103495,15.089885439191546
17.279700569727833,16.344556224589443,15.089885439191546
17.279700569727833,16.742453867075394,15.089885439191546
17.279700569727833,17.14035150956134,15.089885439191546
17.279700569727833,17.538249152047293,15.089885439191546
17.279700569727833,17.93614679453324,15.089885439191546
17.279700569727833,18.33404443701919,15.089885439191546
17.279700569727833,18.73194207950514,15.089885439191546
17.279700569727833,19.12983972199109,15.089885439191546
17.279700569727833,19.527737364477037,15.089885439191546
17.279700569727833,19.925635006962988,15.089885439191546
17.279700569727833,20.323532649448936,15.089885439191546
17.279700569727833,20.721430291934887,15.089885439191546
17.279700569727833,21.119327934420834,15.089885439191546
17.279700569727833,21.517225576906785,15.089885439191546
17.279700569727833,21.915123219392733,15.089885439191546
17.279700569727833,22.313020861878684,15.089885439191546
17.279700569727833,22.710918504364635,15.089885439191546
17.279700569727833,23.108816146850582,15.089885439191546
15.990527626973929,3.6118316650390634,15.916475120855837
15.990527626973929,4.009729307525013,15.916475120855837
15.990527626973929,4.407626950010962,15.916475120855837
15.990527626973929,4.805524592496912,15.916475120855837
15.990527626973929,5.203422234982861,15.916475120855837
15.990527626973929,5.601319877468811,15.916475120855837
15.990527626973929,5.99921751995476,15.916475120855837
15.990527626973929,6.397115162440709,15.916475120855837
15.990527626973929,6.7950128049266585,15.916475120855837
15.990527626973929,7.192910447412608,15.916475120855837
15.990527626973929,7.590808089898557,15.916475120855837
15.990527626973929,7.988705732384506,15.916475120855837
17.282553013206414,8.386603374870457,15.916475120855837
17.282553013206414,8.784501017356405,15.916475120855837
17.282553013206414,9.182398659842356,15.916475120855837
17.282553013206414,9.580296302328303,15.916475120855837
17.279700569727833,9.978193944814254,15.916475120855837
17.279700569727833,10.376091587300202,15.916475120855837
17.279700569727833,10.773989229786153,15.916475120855837
17.279700569727833,11.1718868722721,15.916475120855837
17.279700569727833,11.569784514758052,15.916475120855837
17.279700569727833,11.967682157243999,15.916475120855837
17.279700569727833,12.36557979972995,15.916475120855837
17.279700569727833,12.763477442215898,15.916475120855837
17.279700569727833,13.161375084701849,15.916475120855837
17.279700569727833,13.5592727271878,15.916475120855837
17.279700569727833,13.957170369673747,15.916475120855837
17.279700569727833,14.355068012159698,15.916475120855837
17.279700569727833,14.752965654645646,15.916475120855837
17.279700569727833,15.150863297131597,15.916475120855837
17.279700569727833,15.548760939617544,15.916475120855837
17.279700569727833,15.946658582103495,15.916475120855837
17.279700569727833,16.344556224589443,15.916475120855837
17.279700569727833,16.742453867075394,15.916475120855837
17.279700569727833,17.14035150956134,15.916475120855837
17.279700569727833,17.538249152047293,15.916475120855837
17.279700569727833,17.93614679453324,15.916475120855837
17.279700569727833,18.33404443701919,15.916475120855837
17.279700569727833,18.73194207950514,15.916475120855837
17.279700569727833,19.12983972199109,15.916475120855837
17.279700569727833,19.527737364477037,15.916475120855837
17.279700569727833,19.925635006962988,15.916475120855837
17.279700569727833,20.323532649448936,15.916475120855837
17.279700569727833,20.721430291934887,15.916475120855837
17.279700569727833,21.119327934420834,15.916475120855837
17.279700569727833,21.517225576906785,15.916475120855837
17.279700569727833,21.915123219392733,15.916475120855837
17.279700569727833,22.313020861878684,15.916475120855837
17.279700569727833,22.710918504364635,15.916475120855837
17.279700569727833,23.108816146850582,15.916475120855837
15.508258711746025,3.6118316650390634,16.74306480252013
15.508258711746025,4.009729307525013,16.74306480252013
15.508258711746025,4.407626950010962,16.74306480252013
15.508258711746025,4.805524592496912,16.74306480252013
15.508258711746025,5.203422234982861,16.74306480252013
15.508258711746025,5.601319877468811,16.74306480252013
15.508258711746025,5.99921751995476,16.74306480252013
15.508258711746025,6.397115162440709,16.74306480252013
15.508258711746025,6.7950128049266585,16.74306480252013
15.508258711746025,7.192910447412608,16.74306480252013
15.508258711746025,7.590808089898557,16.74306480252013
15.508258711746025,7.988705732384506,16.74306480252013
16.76131704848515,8.386603374870457,16.74306480252013
16.76131704848515,8.784501017356405,16.74306480252013
16.76131704848515,9.182398659842356,16.74306480252013
16.76131704848515,9.580296302328303,16.74306480252013
16.75848139158764,9.978193944814254,16.74306480252013
16.75848139158764,10.376091587300202,16.74306480252013
16.75848139158764,10.773989229786153,16.74306480252013
16.75848139158764,11.1718868722721,16.74306480252013
16.75848139158764,11.569784514758052,16.74306480252013
16.75848139158764,11.967682157243999,16.74306480252013
16.75848139158764,12.36557979972995,16.74306480252013
16.75848139158764,12.763477442215898,16.74306480252013
16.75848139158764,13.161375084701849,16.74306480252013
16.75848139158764,13.5592727271878,16.74306480252013
16.75848139158764,13.957170369673747,16.74306480252013
16.75848139158764,14.355068012159698,16.74306480252013
16.75848139158764,14.752965654645646,16.74306480252013
16.75848139158764,15.150863297131597,16.74306480252013
16.75848139158764,15.548760939617544,16.74306480252013
16.75848139158764,15.946658582103495,16.74306480252013
16.75848139158764,16.344556224589443,16.74306480252013
16.75848139158764,16.742453867075394,16.74306480252013
16.75848139158764,17.14035150956134,16.74306480252013
16.75848139158764,17.538249152047293,16.74306480252013
16.75848139158764,17.93614679453324,16.74306480252013
16.75848139158764,18.33404443701919,16.74306480252013
16.75848139158764,18.73194207950514,16.74306480252013
16.75848139158764,19.12983972199109,16.74306480252013
16.75848139158764,19.527737364477037,16.74306480252013
16.75848139158764,19.925635006962988,16.74306480252013
16.75848139158764,20.323532649448936,16.74306480252013
16.75848139158764,20.721430291934887,16.74306480252013
16.75848139158764,21.119327934420834,16.74306480252013
16.75848139158764,21.517225576906785,16.74306480252013
16.75848139158764,21.915123219392733,16.74306480252013
16.75848139158764,22.313020861878684,16.74306480252013
16.75848139158764,22.710918504364635,16.74306480252013
16.75848139158764,23.108816146850582,16.74306480252013
15.508258711746025,3.6118316650390634,17.56965448418442
15.508258711746025,4.009729307525013,17.56965448418442
15.508258711746025,4.407626950010962,17.56965448418442
15.508258711746025,4.805524592496912,17.56965448418442
15.508258711746025,5.203422234982861,17.56965448418442
15.508258711746025,5.601319877468811,17.56965448418442
15.508258711746025,5.99921751995476,17.56965448418442
15.508258711746025,6.397115162440709,17.56965448418442
15.508258711746025,6.7950128049266585,17.56965448418442
15.508258711746025,7.192910447412608,17.56965448418442
15.508258711746025,7.590808089898557,17.56965448418442
15.508258711746025,7.988705732384506,17.56965448418442
16.76131704848515,8.386603374870457,17.56965448418442
16.76131704848515,8.784501017356405,17.56965448418442
16.76131704848515,9.182398659842356,17.56965448418442
16.76131704848515,9.580296302328303,17.56965448418442
16.75848139158764,9.978193944814254,17.56965448418442
16.75848139158764,10.376091587300202,17.56965448418442
16.75848139158764,10.773989229786153,17.56965448418442
16.75848139158764,11.1718868722721,17.56965448418442
16.75848139158764,11.569784514758052,17.56965448418442
16.75848139158764,11.967682157243999,17.56965448418442
16.75848139158764,12.36557979972995,17.56965448418442
16.75848139158764,12.763477442215898,17.56965448418442
16.75848139158764,13.161375084701849,17.56965448418442
16.75848139158764,13.5592727271878,17.56965448418442
16.75848139158764,13.957170369673747,17.56965448418442
16.75848139158764,14.355068012159698,17.56965448418442
16.75848139158764,14.752965654645646,17.56965448418442
16.75848139158764,15.150863297131597,17.56965448418442
16.75848139158764,15.548760939617544,17.56965448418442
16.75848139158764,15.946658582103495,17.56965448418442
16.75848139158764,16.344556224589443,17.56965448418442
16.75848139158764,16.742453867075394,17.56965448418442
16.75848139158764,17.14035150956134,17.56965448418442
16.75848139158764,17.538249152047293,17.56965448418442
16.75848139158764,17.93614679453324,17.56965448418442
16.75848139158764,18.33404443701919,17.56965448418442
16.75848139158764,18.73194207950514,17.56965448418442
16.75848139158764,19.12983972199109,17.56965448418442
16.75848139158764,19.527737364477037,17.56965448418442
16.75848139158764,19.925635006962988,17.56965448418442
16.75848139158764,20.323532649448936,17.56965448418442
16.75848139158764,20.721430291934887,17.56965448418442
16.75848139158764,21.119327934420834,17.56965448418442
16.75848139158764,21.517225576906785,17.56965448418442
16.75848139158764,21.915123219392733,17.56965448418442
16.75848139158764,22.313020861878684,17.56965448418442
16.75848139158764,22.710918504364635,17.56965448418442
16.75848139158764,23.108816146850582,17.56965448418442
15.508258711746025,3.6118316650390634,18.396244165848714
15.508258711746025,4.009729307525013,18.396244165848714
15.508258711746025,4.407626950010962,18.396244165848714
15.508258711746025,4.805524592496912,18.396244165848714
15.508258711746025,5.203422234982861,18.396244165848714
15.508258711746025,5.601319877468811,18.396244165848714
15.508258711746025,5.99921751995476,18.396244165848714
15.508258711746025,6.397115162440709,18.396244165848714
15.508258711746025,6.7950128049266585,18.396244165848714
15.508258711746025,7.192910447412608,18.396244165848714
15.508258711746025,7.590808089898557,18.396244165848714
15.508258711746025,7.988705732384506,18.396244165848714
16.76131704848515,8.386603374870457,18.396244165848714
16.76131704848515,8.784501017356405,18.396244165848714
16.76131704848515,9.182398659842356,18.396244165848714
16.76131704848515,9.580296302328303,18.396244165848714
16.75848139158764,9.978193944814254,18.396244165848714
16.75848139158764,10.376091587300202,18.396244165848714
16.75848139158764,10.773989229786153,18.396244165848714
16.75848139158764,11.1718868722721,18.396244165848714
16.75848139158764,11.569784514758052,18.396244165848714
16.75848139158764,11.967682157243999,18.396244165848714
16.75848139158764,12.36557979972995,18.396244165848714
16.75848139158764,12.763477442215898,18.396244165848714
16.75848139158764,13.161375084701849,18.396244165848714
16.75848139158764,13.5592727271878,18.396244165848714
16.75848139158764,13.957170369673747,18.396244165848714
16.75848139158764,14.355068012159698,18.396244165848714
16.75848139158764,14.752965654645646,18.396244165848714
16.75848139158764,15.150863297131597,18.396244165848714
16.75848139158764,15.548760939617544,18.396244165848714
16.75848139158764,15.946658582103495,18.396244165848714
16.75848139158764,16.344556224589443,18.396244165848714
16.75848139158764,16.742453867075394,18.396244165848714
16.75848139158764,17.14035150956134,18.396244165848714
16.75848139158764,17.538249152047293,18.396244165848714
16.75848139158764,17.93614679453324,18.396244165848714
16.75848139158764,18.33404443701919,18.396244165848714
16.75848139158764,18.73194207950514,18.396244165848714
16.75848139158764,19.12983972199109,18.396244165848714
16.75848139158764,19.527737364477037,18.396244165848714
16.75848139158764,19.925635006962988,18.396244165848714
16.75848139158764,20.323532649448936,18.396244165848714
16.75848139158764,20.721430291934887,18.396244165848714
16.75848139158764,21.119327934420834,18.396244165848714
16.75848139158764,21.517225576906785,18.396244165848714
16.75848139158764,21.915123219392733,18.396244165848714
16.75848139158764,22.313020861878684,18.396244165848714
16.75848139158764,22.710918504364635,18.396244165848714
16.75848139158764,23.108816146850582,18.396244165848714
15.508258711746025,3.6118316650390634,19.222833847513005
15.508258711746025,4.009729307525013,19.222833847513005
15.508258711746025,4.407626950010962,19.222833847513005
15.508258711746025,4.805524592496912,19.222833847513005
15.508258711746025,5.203422234982861,19.222833847513005
15.508258711746025,5.601319877468811,19.222833847513005
15.508258711746025,5.99921751995476,19.222833847513005
15.508258711746025,6.397115162440709,19.222833847513005
15.508258711746025,6.7950128049266585,19.222833847513005
15.508258711746025,7.192910447412608,19.222833847513005
15.508258711746025,7.590808089898557,19.222833847513005
15.508258711746025,7.988705732384506,19.222833847513005
16.76131704848515,8.386603374870457,19.222833847513005
16.76131704848515,8.784501017356405,19.222833847513005
16.76131704848515,9.182398659842356,19.222833847513005
16.76131704848515,9.580296302328303,19.222833847513005
16.75848139158764,9.978193944814254,19.222833847513005
16.75848139158764,10.376091587300202,19.222833847513005
16.75848139158764,10.773989229786153,19.222833847513005
16.75848139158764,11.1718868722721,19.222833847513005
16.75848139158764,11.569784514758052,19.222833847513005
16.75848139158764,11.967682157243999,19.222833847513005
16.75848139158764,12.36557979972995,19.222833847513005
16.75848139158764,12.763477442215898,19.222833847513005
16.75848139158764,13.161375084701849,19.222833847513005
16.75848139158764,13.5592727271878,19.222833847513005
16.75848139158764,13.957170369673747,19.222833847513005
16.75848139158764,14.355068012159698,19.222833847513005
16.75848139158764,14.752965654645646,19.222833847513005
16.75848139158764,15.150863297131597,19.222833847513005
16.75848139158764,15.548760939617544,19.222833847513005
16.75848139158764,15.946658582103495,19.222833847513005
16.75848139158764,16.344556224589443,19.222833847513005
16.75848139158764,16.742453867075394,19.222833847513005
16.75848139158764,17.14035150956134,19.222833847513005
16.75848139158764,17.538249152047293,19.222833847513005
16.75848139158764,17.93614679453324,19.222833847513005
16.75848139158764,18.33404443701919,19.222833847513005
16.75848139158764,18.73194207950514,19.222833847513005
16.75848139158764,19.12983972199109,19.222833847513005
16.75848139158764,19.527737364477037,19.222833847513005
16.75848139158764,19.925635006962988,19.222833847513005
16.75848139158764,20.323532649448936,19.222833847513005
16.75848139158764,20.721430291934887,19.222833847513005
16.75848139158764,21.119327934420834,19.222833847513005
16.75848139158764,21.517225576906785,19.222833847513005
16.75848139158764,21.915123219392733,19.222833847513005
16.75848139158764,22.313020861878684,19.222833847513005
16.75848139158764,22.710918504364635,19.222833847513005
16.75848139158764,23.108816146850582,19.222833847513005
15.508258711746025,3.6118316650390634,20.049423529177297
15.508258711746025,4.009729307525013,20.049423529177297
15.508258711746025,4.407626950010962,20.049423529177297
15.508258711746025,4.805524592496912,20.049423529177297
15.508258711746025,5.203422234982861,20.049423529177297
15.508258711746025,5.601319877468811,20.049423529177297
15.508258711746025,5.99921751995476,20.049423529177297
15.508258711746025,6.397115162440709,20.049423529177297
15.508258711746025,6.7950128049266585,20.049423529177297
15.508258711746025,7.192910447412608,20.049423529177297
15.508258711746025,7.590808089898557,20.049423529177297
15.508258711746025,7.988705732384506,20.049423529177297
16.76131704848515,8.386603374870457,20.049423529177297
16.76131704848515,8.784501017356405,20.049423529177297
16.76131704848515,9.182398659842356,20.049423529177297
16.76131704848515,9.580296302328303,20.049423529177297
16.75848139158764,9.978193944814254,20.049423529177297
16.75848139158764,10.376091587300202,20.049423529177297
16.75848139158764,10.773989229786153,20.049423529177297
16.75848139158764,11.1718868722721,20.049423529177297
16.75848139158764,11.569784514758052,20.049423529177297
16.75848139158764,11.967682157243999,20.049423529177297
16.75848139158764,12.36557979972995,20.049423529177297
16.75848139158764,12.763477442215898,20.049423529177297
16.75848139158764,13.161375084701849,20.049423529177297
16.75848139158764,13.5592727271878,20.049423529177297
16.75848139158764,13.957170369673747,20.049423529177297
16.75848139158764,14.355068012159698,20.049423529177297
16.75848139158764,14.752965654645646,20.049423529177297
16.75848139158764,15.150863297131597,20.049423529177297
16.75848139158764,15.548760939617544,20.049423529177297
16.75848139158764,15.946658582103495,20.049423529177297
16.75848139158764,16.344556224589443,20.049423529177297
16.75848139158764,16.742453867075394,20.049423529177297
16.75848139158764,17.14035150956134,20.049423529177297
16.75848139158764,17.538249152047293,20.049423529177297
16.75848139158764,17.93614679453324,20.049423529177297
16.75848139158764,18.33404443701919,20.049423529177297
16.75848139158764,18.73194207950514,20.049423529177297
16.75848139158764,19.12983972199109,20.049423529177297
16.75848139158764,19.527737364477037,20.049423529177297
16.75848139158764,19.925635006962988,20.049423529177297
16.75848139158764,20.323532649448936,20.049423529177297
16.75848139158764,20.721430291934887,20.049423529177297
16.75848139158764,21.119327934420834,20.049423529177297
16.75848139158764,21.517225576906785,20.049423529177297
16.75848139158764,21.915123219392733,20.049423529177297
16.75848139158764,22.313020861878684,20.049423529177297
16.75848139158764,22.710918504364635,20.049423529177297
16.75848139158764,23.108816146850582,20.049423529177297
13.388741794964673,3.6118316650390634,20.876013210841588
13.388741794964673,4.009729307525013,20.876013210841588
12.077718032131132,4.407626950010962,20.876013210841588
12.077718032131132,4.805524592496912,20.876013210841588
12.077718032131132,5.203422234982861,20.876013210841588
12.077718032131132,5.601319877468811,20.876013210841588
12.077718032131132,5.99921751995476,20.876013210841588
12.077718032131132,6.397115162440709,20.876013210841588
12.077718032131132,6.7950128049266585,20.876013210841588
12.077718032131132,7.192910447412608,20.876013210841588
12.077718032131132,7.590808089898557,20.876013210841588
12.077718032131132,7.988705732384506,20.876013210841588
12.077718032131132,8.386603374870457,20.876013210841588
12.077718032131132,8.784501017356405,20.876013210841588
12.077718032131132,9.182398659842356,20.876013210841588
12.077718032131132,9.580296302328303,20.876013210841588
12.075630336119076,9.978193944814254,20.876013210841588
12.075630336119076,10.376091587300202,20.876013210841588
12.075630336119076,10.773989229786153,20.876013210841588
12.075417188015503,11.1718868722721,20.876013210841588
12.075417188015503,11.569784514758052,20.876013210841588
12.075417188015503,11.967682157243999,20.876013210841588
12.075417188015503,12.36557979972995,20.876013210841588
12.075417188015503,12.763477442215898,20.876013210841588
12.075417188015503,13.161375084701849,20.876013210841588
12.075417188015503,13.5592727271878,20.876013210841588
12.075417188015503,13.957170369673747,20.876013210841588
12.075417188015503,14.355068012159698,20.876013210841588
12.075417188015503,14.752965654645646,20.876013210841588
12.075417188015503,15.150863297131597,20.876013210841588
12.075417188015503,15.548760939617544,20.876013210841588
12.075417188015503,15.946658582103495,20.876013210841588
12.075417188015503,16.344556224589443,20.876013210841588
12.075417188015503,16.742453867075394,20.876013210841588
12.075417188015503,17.14035150956134,20.876013210841588
12.075417188015503,17.538249152047293,20.876013210841588
12.075417188015503,17.93614679453324,20.876013210841588
12.075417188015503,18.33404443701919,20.876013210841588
12.075417188015503,18.73194207950514,20.876013210841588
12.075417188015503,19.12983972199109,20.876013210841588
12.075417188015503,19.527737364477037,20.876013210841588
12.075417188015503,19.925635006962988,20.876013210841588
12.075417188015503,20.323532649448936,20.876013210841588
12.075417188015503,20.721430291934887,20.876013210841588
12.075417188015503,21.119327934420834,20.876013210841588
12.075417188015503,21.517225576906785,20.876013210841588
12.075417188015503,21.915123219392733,20.876013210841588
12.075417188015503,22.313020861878684,20.876013210841588
12.075417188015503,22.710918504364635,20.876013210841588
12.075417188015503,23.108816146850582,20.876013210841588
13.388741794964673,3.6118316650390634,21.70260289250588
13.388741794964673,4.009729307525013,21.70260289250588
12.077718032131132,4.407626950010962,21.70260289250588
12.077718032131132,4.805524592496912,21.70260289250588
12.077718032131132,5.203422234982861,21.70260289250588
12.077718032131132,5.601319877468811,21.70260289250588
12.077718032131132,5.99921751995476,21.70260289250588
12.077718032131132,6.397115162440709,21.70260289250588
12.077718032131132,6.7950128049266585,21.70260289250588
12.077718032131132,7.192910447412608,21.70260289250588
12.077718032131132,7.590808089898557,21.70260289250588
12.077718032131132,7.988705732384506,21.70260289250588
12.077718032131132,8.386603374870457,21.70260289250588
12.077718032131132,8.784501017356405,21.70260289250588
12.077718032131132,9.182398659842356,21.70260289250588
12.077718032131132,9.580296302328303,21.70260289250588
12.075630336119076,9.978193944814254,21.70260289250588
12.075630336119076,10.376091587300202,21.70260289250588
12.075630336119076,10.773989229786153,21.70260289250588
12.075417188015503,11.1718868722721,21.70260289250588
12.075417188015503,11.569784514758052,21.70260289250588
12.075417188015503,11.967682157243999,21.70260289250588
12.075417188015503,12.36557979972995,21.70260289250588
12.075417188015503,12.763477442215898,21.70260289250588
12.075417188015503,13.161375084701849,21.70260289250588
12.075417188015503,13.5592727271878,21.70260289250588
12.075417188015503,13.957170369673747,21.70260289250588
12.075417188015503,14.355068012159698,21.70260289250588
12.075417188015503,14.752965654645646,21.70260289250588
12.075417188015503,15.150863297131597,21.70260289250588
12.075417188015503,15.548760939617544,21.70260289250588
12.075417188015503,15.946658582103495,21.70260289250588
12.075417188015503,16.344556224589443,21.70260289250588
12.075417188015503,16.742453867075394,21.70260289250588
12.075417188015503,17.14035150956134,21.70260289250588
12.075417188015503,17.538249152047293,21.70260289250588
12.075417188015503,17.93614679453324,21.70260289250588
12.075417188015503,18.33404443701919,21.70260289250588
12.075417188015503,18.73194207950514,21.70260289250588
12.075417188015503,19.12983972199109,21.70260289250588
12.075417188015503,19.527737364477037,21.70260289250588
12.075417188015503,19.925635006962988,21.70260289250588
12.075417188015503,20.323532649448936,21.70260289250588
12.075417188015503,20.721430291934887,21.70260289250588
12.075417188015503,21.119327934420834,21.70260289250588
12.075417188015503,21.517225576906785,21.70260289250588
12.075417188015503,21.915123219392733,21.70260289250588
12.075417188015503,22.313020861878684,21.70260289250588
12.075417188015503,22.710918504364635,21.70260289250588
12.075417188015503,23.108816146850582,21.70260289250588
13.388741794964673,3.6118316650390634,22.52919257417017
13.388741794964673,4.009729307525013,22.52919257417017
12.077718032131132,4.407626950010962,22.52919257417017
12.077718032131132,4.805524592496912,22.52919257417017
12.077718032131132,5.203422234982861,22.52919257417017
12.077718032131132,5.601319877468811,22.52919257417017
12.077718032131132,5.99921751995476,22.52919257417017
12.077718032131132,6.397115162440709,22.52919257417017
12.077718032131132,6.7950128049266585,22.52919257417017
12.077718032131132,7.192910447412608,22.52919257417017
12.077718032131132,7.590808089898557,22.52919257417017
12.077718032131132,7.988705732384506,22.52919257417017
12.077718032131132,8.386603374870457,22.52919257417017
12.077718032131132,8.784501017356405,22.52919257417017
12.077718032131132,9.182398659842356,22.52919257417017
12.077718032131132,9.580296302328303,22.52919257417017
12.075630336119076,9.978193944814254,22.52919257417017
12.075630336119076,10.376091587300202,22.52919257417017
12.075630336119076,10.773989229786153,22.52919257417017
12.075417188015503,11.1718868722721,22.52919257417017
12.075417188015503,11.569784514758052,22.52919257417017
12.075417188015503,11.967682157243999,22.52919257417017
12.075417188015503,12.36557979972995,22.52919257417017
12.075417188015503,12.763477442215898,22.52919257417017
12.075417188015503,13.161375084701849,22.52919257417017
12.075417188015503,13.5592727271878,22.52919257417017
12.075417188015503,13.957170369673747,22.52919257417017
12.075417188015503,14.355068012159698,22.52919257417017
12.075417188015503,14.752965654645646,22.52919257417017
12.075417188015503,15.150863297131597,22.52919257417017
12.075417188015503,15.548760939617544,22.52919257417017
12.075417188015503,15.946658582103495,22.52919257417017
12.075417188015503,16.344556224589443,22.52919257417017
12.075417188015503,16.742453867075394,22.52919257417017
12.075417188015503,17.14035150956134,22.52919257417017
12.075417188015503,17.538249152047293,22.52919257417017
12.075417188015503,17.93614679453324,22.52919257417017
12.075417188015503,18.33404443701919,22.52919257417017
12.075417188015503,18.73194207950514,22.52919257417017
12.075417188015503,19.12983972199109,22.52919257417017
12.075417188015503,19.527737364477037,22.52919257417017
12.075417188015503,19.925635006962988,22.52919257417017
12.075417188015503,20.323532649448936,22.52919257417017
12.075417188015503,20.721430291934887,22.52919257417017
12.075417188015503,21.119327934420834,22.52919257417017
12.075417188015503,21.517225576906785,22.52919257417017
12.075417188015503,21.915123219392733,22.52919257417017
12.075417188015503,22.313020861878684,22.52919257417017
12.075417188015503,22.710918504364635,22.52919257417017
12.075417188015503,23.108816146850582,22.52919257417017
13.388741794964673,3.6118316650390634,23.355782255834463
13.388741794964673,4.009729307525013,23.355782255834463
12.077718032131132,4.407626950010962,23.355782255834463
12.077718032131132,4.805524592496912,23.355782255834463
12.077718032131132,5.203422234982861,23.355782255834463
12.077718032131132,5.601319877468811,23.355782255834463
12.077718032131132,5.99921751995476,23.355782255834463
12.077718032131132,6.397115162440709,23.355782255834463
12.077718032131132,6.7950128049266585,23.355782255834463
12.077718032131132,7.192910447412608,23.355782255834463
12.077718032131132,7.590808089898557,23.355782255834463
12.077718032131132,7.988705732384506,23.355782255834463
12.077718032131132,8.386603374870457,23.355782255834463
12.077718032131132,8.784501017356405,23.355782255834463
12.077718032131132,9.182398659842356,23.355782255834463
12.077718032131132,9.580296302328303,23.355782255834463
12.075630336119076,9.978193944814254,23.355782255834463
12.075630336119076,10.376091587300202,23.355782255834463
12.075630336119076,10.773989229786153,23.355782255834463
12.075417188015503,11.1718868722721,23.355782255834463
12.075417188015503,11.569784514758052,23.355782255834463
12.075417188015503,11.967682157243999,23.355782255834463
12.075417188015503,12.36557979972995,23.355782255834463
12.075417188015503,12.763477442215898,23.355782255834463
12.075417188015503,13.161375084701849,23.355782255834463
12.075417188015503,13.5592727271878,23.355782255834463
12.075417188015503,13.957170369673747,23.355782255834463
12.075417188015503,14.355068012159698,23.355782255834463
12.075417188015503,14.752965654645646,23.355782255834463
12.075417188015503,15.150863297131597,23.355782255834463
12.075417188015503,15.548760939617544,23.355782255834463
12.075417188015503,15.946658582103495,23.355782255834463
12.075417188015503,16.344556224589443,23.355782255834463
12.075417188015503,16.742453867075394,23.355782255834463
12.075417188015503,17.14035150956134,23.355782255834463
12.075417188015503,17.538249152047293,23.355782255834463
12.075417188015503,17.93614679453324,23.355782255834463
12.075417188015503,18.33404443701919,23.355782255834463
12.075417188015503,18.73194207950514,23.355782255834463
12.075417188015503,19.12983972199109,23.355782255834463
12.075417188015503,19.527737364477037,23.355782255834463
12.075417188015503,19.925635006962988,23.355782255834463
12.075417188015503,20.323532649448936,23.355782255834463
12.075417188015503,20.721430291934887,23.355782255834463
12.075417188015503,21.119327934420834,23.355782255834463
12.075417188015503,21.517225576906785,23.355782255834463
12.075417188015503,21.915123219392733,23.355782255834463
12.075417188015503,22.313020861878684,23.355782255834463
12.075417188015503,22.710918504364635,23.355782255834463
12.075417188015503,23.108816146850582,23.355782255834463
12.890625133501585,3.6118316650390634,24.182371937498754
12.890625133501585,4.009729307525013,24.182371937498754
11.628376885936177,4.407626950010962,24.182371937498754
11.628376885936177,4.805524592496912,24.182371937498754
11.628376885936177,5.203422234982861,24.182371937498754
11.628376885936177,5.601319877468811,24.182371937498754
11.628376885936177,5.99921751995476,24.182371937498754
11.628376885936177,6.397115162440709,24.182371937498754
11.628376885936177,6.7950128049266585,24.182371937498754
11.628376885936177,7.192910447412608,24.182371937498754
11.628376885936177,7.590808089898557,24.182371937498754
11.628376885936177,7.988705732384506,24.182371937498754
11.628376885936177,8.386603374870457,24.182371937498754
11.628376885936177,8.784501017356405,24.182371937498754
11.628376885936177,9.182398659842356,24.182371937498754
11.628376885936177,9.580296302328303,24.182371937498754
11.62636763200231,9.978193944814254,24.182371937498754
11.62636763200231,10.376091587300202,24.182371937498754
11.62636763200231,10.773989229786153,24.182371937498754
11.626163935335674,11.1718868722721,24.182371937498754
11.626163935335674,11.569784514758052,24.182371937498754
11.626163935335674,11.967682157243999,24.182371937498754
11.626163935335674,12.36557979972995,24.182371937498754
11.626163935335674,12.763477442215898,24.182371937498754
11.626163935335674,13.161375084701849,24.182371937498754
11.626163935335674,13.5592727271878,24.182371937498754
11.626163935335674,13.957170369673747,24.182371937498754
11.626163935335674,14.355068012159698,24.182371937498754
11.626163935335674,14.752965654645646,24.182371937498754
11.626163935335674,15.150863297131597,24.182371937498754
11.626163935335674,15.548760939617544,24.182371937498754
11.626163935335674,15.946658582103495,24.182371937498754
11.626163935335674,16.344556224589443,24.182371937498754
11.626163935335674,16.742453867075394,24.182371937498754
11.626163935335674,17.14035150956134,24.182371937498754
11.626163935335674,17.538249152047293,24.182371937498754
11.626163935335674,17.93614679453324,24.182371937498754
11.626163935335674,18.33404443701919,24.182371937498754
11.626163935335674,18.73194207950514,24.182371937498754
11.626163935335674,19.12983972199109,24.182371937498754
11.626163935335674,19.527737364477037,24.182371937498754
11.626163935335674,19.925635006962988,24.182371937498754
11.626163935335674,20.323532649448936,24.182371937498754
11.626163935335674,20.721430291934887,24.182371937498754
11.626163935335674,21.119327934420834,24.182371937498754
11.626163935335674,21.517225576906785,24.182371937498754
11.626163935335674,21.915123219392733,24.182371937498754
11.626163935335674,22.313020861878684,24.182371937498754
11.626163935335674,22.710918504364635,24.182371937498754
11.626163935335674,23.108816146850582,24.182371937498754
12.890625133501585,3.6118316650390634,25.008961619163045
12.890625133501585,4.009729307525013,25.008961619163045
11.628376885936177,4.407626950010962,25.008961619163045
11.628376885936177,4.805524592496912,25.008961619163045
11.628376885936177,5.203422234982861,25.008961619163045
11.628376885936177,5.601319877468811,25.008961619163045
11.628376885936177,5.99921751995476,25.008961619163045
11.628376885936177,6.397115162440709,25.008961619163045
11.628376885936177,6.7950128049266585,25.008961619163045
11.628376885936177,7.192910447412608,25.008961619163045
11.628376885936177,7.590808089898557,25.008961619163045
11.628376885936177,7.988705732384506,25.008961619163045
11.628376885936177,8.386603374870457,25.008961619163045
11.628376885936177,8.784501017356405,25.008961619163045
11.628376885936177,9.182398659842356,25.008961619163045
11.628376885936177,9.580296302328303,25.008961619163045
11.62636763200231,9.978193944814254,25.008961619163045
11.62636763200231,10.376091587300202,25.008961619163045
11.62636763200231,10.773989229786153,25.008961619163045
11.626163935335674,11.1718868722721,25.008961619163045
11.626163935335674,11.569784514758052,25.008961619163045
11.626163935335674,11.967682157243999,25.008961619163045
11.626163935335674,12.36557979972995,25.008961619163045
11.626163935335674,12.763477442215898,25.008961619163045
11.626163935335674,13.161375084701849,25.008961619163045
11.626163935335674,13.5592727271878,25.008961619163045
11.626163935335674,13.957170369673747,25.008961619163045
11.626163935335674,14.355068012159698,25.008961619163045
11.626163935335674,14.752965654645646,25.008961619163045
11.626163935335674,15.150863297131597,25.008961619163045
11.626163935335674,15.548760939617544,25.008961619163045
11.626163935335674,15.946658582103495,25.008961619163045
11.626163935335674,16.344556224589443,25.008961619163045
11.626163935335674,16.742453867075394,25.008961619163045
11.626163935335674,17.14035150956134,25.008961619163045
11.626163935335674,17.538249152047293,25.008961619163045
11.626163935335674,17.93614679453324,25.008961619163045
11.626163935335674,18.33404443701919,25.008961619163045
11.626163935335674,18.73194207950514,25.008961619163045
11.626163935335674,19.12983972199109,25.008961619163045
11.626163935335674,19.527737364477037,25.008961619163045
11.626163935335674,19.925635006962988,25.008961619163045
11.626163935335674,20.323532649448936,25.008961619163045
11.626163935335674,20.721430291934887,25.008961619163045
11.626163935335674,21.119327934420834,25.008961619163045
11.626163935335674,21.517225576906785,25.008961619163045
11.626163935335674,21.915123219392733,25.008961619163045
11.626163935335674,22.313020861878684,25.008961619163045
11.626163935335674,22.710918504364635,25.008961619163045
11.626163935335674,23.108816146850582,25.008961619163045
12.890625133501585,3.6118316650390634,25.835551300827337
12.890625133501585,4.009729307525013,25.835551300827337
11.628376885936177,4.407626950010962,25.835551300827337
11.628376885936177,4.805524592496912,25.835551300827337
11.628376885936177,5.203422234982861,25.835551300827337
11.628376885936177,5.601319877468811,25.835551300827337
11.628376885936177,5.99921751995476,25.835551300827337
11.628376885936177,6.397115162440709,25.835551300827337
11.628376885936177,6.7950128049266585,25.835551300827337
11.628376885936177,7.192910447412608,25.835551300827337
11.628376885936177,7.590808089898557,25.835551300827337
11.628376885936177,7.988705732384506,25.835551300827337
11.628376885936177,8.386603374870457,25.835551300827337
11.628376885936177,8.784501017356405,25.835551300827337
11.628376885936177,9.182398659842356,25.835551300827337
11.628376885936177,9.580296302328303,25.835551300827337
11.62636763200231,9.978193944814254,25.835551300827337
11.62636763200231,10.376091587300202,25.835551300827337
11.62636763200231,10.773989229786153,25.835551300827337
11.626163935335674,11.1718868722721,25.835551300827337
11.626163935335674,11.569784514758052,25.835551300827337
11.626163935335674,11.967682157243999,25.835551300827337
11.626163935335674,12.36557979972995,25.835551300827337
11.626163935335674,12.763477442215898,25.835551300827337
11.626163935335674,13.161375084701849,25.835551300827337
11.626163935335674,13.5592727271878,25.835551300827337
11.626163935335674,13.957170369673747,25.835551300827337
11.626163935335674,14.355068012159698,25.835551300827337
11.626163935335674,14.752965654645646,25.835551300827337
11.626163935335674,15.150863297131597,25.835551300827337
11.626163935335674,15.548760939617544,25.835551300827337
11.626163935335674,15.946658582103495,25.835551300827337
11.626163935335674,16.344556224589443,25.835551300827337
11.626163935335674,16.742453867075394,25.835551300827337
11.626163935335674,17.14035150956134,25.835551300827337
11.626163935335674,17.538249152047293,25.835551300827337
11.626163935335674,17.93614679453324,25.835551300827337
11.626163935335674,18.33404443701919,25.835551300827337
11.626163935335674,18.73194207950514,25.835551300827337
11.626163935335674,19.12983972199109,25.835551300827337
11.626163935335674,19.527737364477037,25.835551300827337
11.626163935335674,19.925635006962988,25.835551300827337
11.626163935335674,20.323532649448936,25.835551300827337
11.626163935335674,20.721430291934887,25.835551300827337
11.626163935335674,21.119327934420834,25.835551300827337
11.626163935335674,21.517225576906785,25.835551300827337
11.626163935335674,21.915123219392733,25.835551300827337
11.626163935335674,22.313020861878684,25.835551300827337
11.626163935335674,22.710918504364635,25.835551300827337
11.626163935335674,23.108816146850582,25.835551300827337
12.890625133501585,3.6118316650390634,26.66214098249163
12.890625133501585,4.009729307525013,26.66214098249163
11.628376885936177,4.407626950010962,26.66214098249163
11.628376885936177,4.805524592496912,26.66214098249163
11.628376885936177,5.203422234982861,26.66214098249163
11.628376885936177,5.601319877468811,26.66214098249163
11.628376885936177,5.99921751995476,26.66214098249163
11.628376885936177,6.397115162440709,26.66214098249163
11.628376885936177,6.7950128049266585,26.66214098249163
11.628376885936177,7.192910447412608,26.66214098249163
11.628376885936177,7.590808089898557,26.66214098249163
11.628376885936177,7.988705732384506,26.66214098249163
11.628376885936177,8.386603374870457,26.66214098249163
11.628376885936177,8.784501017356405,26.66214098249163
11.628376885936177,9.182398659842356,26.66214098249163
11.628376885936177,9.580296302328303,26.66214098249163
11.62636763200231,9.978193944814254,26.66214098249163
11.62636763200231,10.376091587300202,26.66214098249163
11.62636763200231,10.773989229786153,26.66214098249163
11.626163935335674,11.1718868722721,26.66214098249163
11.626163935335674,11.569784514758052,26.66214098249163
11.626163935335674,11.967682157243999,26.66214098249163
11.626163935335674,12.36557979972995,26.66214098249163
11.626163935335674,12.763477442215898,26.66214098249163
11.626163935335674,13.161375084701849,26.66214098249163
11.626163935335674,13.5592727271878,26.66214098249163
11.626163935335674,13.957170369673747,26.66214098249163
11.626163935335674,14.355068012159698,26.66214098249163
11.626163935335674,14.752965654645646,26.66214098249163
11.626163935335674,15.150863297131597,26.66214098249163
11.626163935335674,15.548760939617544,26.66214098249163
11.626163935335674,15.946658582103495,26.66214098249163
11.626163935335674,16.344556224589443,26.66214098249163
11.626163935335674,16.742453867075394,26.66214098249163
11.626163935335674,17.14035150956134,26.66214098249163
11.626163935335674,17.538249152047293,26.66214098249163
11.626163935335674,17.93614679453324,26.66214098249163
11.626163935335674,18.33404443701919,26.66214098249163
11.626163935335674,18.73194207950514,26.66214098249163
11.626163935335674,19.12983972199109,26.66214098249163
11.626163935335674,19.527737364477037,26.66214098249163
11.626163935335674,19.925635006962988,26.66214098249163
11.626163935335674,20.323532649448936,26.66214098249163
11.626163935335674,20.721430291934887,26.66214098249163
11.626163935335674,21.119327934420834,26.66214098249163
11.626163935335674,21.517225576906785,26.66214098249163
11.626163935335674,21.915123219392733,26.66214098249163
11.626163935335674,22.313020861878684,26.66214098249163
11.626163935335674,22.710918504364635,26.66214098249163
11.626163935335674,23.108816146850582,26.66214098249163
12.890625133501585,3.6118316650390634,27.48873066415592
12.890625133501585,4.009729307525013,27.48873066415592
11.628376885936177,4.407626950010962,27.48873066415592
11.628376885936177,4.805524592496912,27.48873066415592
11.628376885936177,5.203422234982861,27.48873066415592
11.628376885936177,5.601319877468811,27.48873066415592
11.628376885936177,5.99921751995476,27.48873066415592
11.628376885936177,6.397115162440709,27.48873066415592
11.628376885936177,6.7950128049266585,27.48873066415592
11.628376885936177,7.192910447412608,27.48873066415592
11.628376885936177,7.590808089898557,27.48873066415592
11.628376885936177,7.988705732384506,27.48873066415592
11.628376885936177,8.386603374870457,27.48873066415592
11.628376885936177,8.784501017356405,27.48873066415592
11.628376885936177,9.182398659842356,27.48873066415592
11.628376885936177,9.580296302328303,27.48873066415592
11.62636763200231,9.978193944814254,27.48873066415592
11.62636763200231,10.376091587300202,27.48873066415592
11.62636763200231,10.773989229786153,27.48873066415592
11.626163935335674,11.1718868722721,27.48873066415592
11.626163935335674,11.569784514758052,27.48873066415592
11.626163935335674,11.967682157243999,27.48873066415592
11.626163935335674,12.36557979972995,27.48873066415592
11.626163935335674,12.763477442215898,27.48873066415592
11.626163935335674,13.161375084701849,27.48873066415592
11.626163935335674,13.5592727271878,27.48873066415592
11.626163935335674,13.957170369673747,27.48873066415592
11.626163935335674,14.355068012159698,27.48873066415592
11.626163935335674,14.752965654645646,27.48873066415592
11.626163935335674,15.150863297131597,27.48873066415592
11.626163935335674,15.548760939617544,27.48873066415592
11.626163935335674,15.946658582103495,27.48873066415592
11.626163935335674,16.344556224589443,27.48873066415592
11.626163935335674,16.742453867075394,27.48873066415592
11.626163935335674,17.14035150956134,27.48873066415592
11.626163935335674,17.538249152047293,27.48873066415592
11.626163935335674,17.93614679453324,27.48873066415592
11.626163935335674,18.33404443701919,27.48873066415592
11.626163935335674,18.73194207950514,27.48873066415592
11.626163935335674,19.12983972199109,27.48873066415592
11.626163935335674,19.527737364477037,27.48873066415592
11.626163935335674,19.925635006962988,27.48873066415592
11.626163935335674,20.323532649448936,27.48873066415592
11.626163935335674,20.721430291934887,27.48873066415592
11.626163935335674,21.119327934420834,27.48873066415592
11.626163935335674,21.517225576906785,27.48873066415592
11.626163935335674,21.915123219392733,27.48873066415592
11.626163935335674,22.313020861878684,27.48873066415592
11.626163935335674,22.710918504364635,27.48873066415592
11.626163935335674,23.108816146850582,27.48873066415592
12.890946338648522,3.6118316650390634,28.31532034582021
12.890946338648522,4.009729307525013,28.31532034582021
11.628666638719121,4.407626950010962,28.31532034582021
11.628666638719121,4.805524592496912,28.31532034582021
11.628666638719121,5.203422234982861,28.31532034582021
11.628666638719121,5.601319877468811,28.31532034582021
11.628666638719121,5.99921751995476,28.31532034582021
11.628666638719121,6.397115162440709,28.31532034582021
11.628666638719121,6.7950128049266585,28.31532034582021
11.628666638719121,7.192910447412608,28.31532034582021
11.628666638719121,7.590808089898557,28.31532034582021
11.628666638719121,7.988705732384506,28.31532034582021
11.628666638719121,8.386603374870457,28.31532034582021
11.628666638719121,8.784501017356405,28.31532034582021
11.628666638719121,9.182398659842356,28.31532034582021
11.628666638719121,9.580296302328303,28.31532034582021
11.62665083893619,9.978193944814254,28.31532034582021
11.62665083893619,10.376091587300202,28.31532034582021
11.62665083893619,10.773989229786153,28.31532034582021
11.626447142269553,11.1718868722721,28.31532034582021
11.626447142269553,11.569784514758052,28.31532034582021
11.626447142269553,11.967682157243999,28.31532034582021
11.626447142269553,12.36557979972995,28.31532034582021
11.626447142269553,12.763477442215898,28.31532034582021
11.626447142269553,13.161375084701849,28.31532034582021
11.626447142269553,13.5592727271878,28.31532034582021
11.626447142269553,13.957170369673747,28.31532034582021
11.626447142269553,14.355068012159698,28.31532034582021
11.626447142269553,14.752965654645646,28.31532034582021
11.626447142269553,15.150863297131597,28.31532034582021
11.626447142269553,15.548760939617544,28.31532034582021
11.626447142269553,15.946658582103495,28.31532034582021
11.626447142269553,16.344556224589443,28.31532034582021
11.626447142269553,16.742453867075394,28.31532034582021
11.626447142269553,17.14035150956134,28.31532034582021
11.626447142269553,17.538249152047293,28.31532034582021
11.626447142269553,17.93614679453324,28.31532034582021
11.626447142269553,18.33404443701919,28.31532034582021
11.626447142269553,18.73194207950514,28.31532034582021
11.626447142269553,19.12983972199109,28.31532034582021
11.626447142269553,19.527737364477037,28.31532034582021
11.626447142269553,19.925635006962988,28.31532034582021
11.626447142269553,20.323532649448936,28.31532034582021
11.626447142269553,20.721430291934887,28.31532034582021
11.626447142269553,21.119327934420834,28.31532034582021
11.626447142269553,21.517225576906785,28.31532034582021
11.626447142269553,21.915123219392733,28.31532034582021
11.626447142269553,22.313020861878684,28.31532034582021
11.626447142269553,22.710918504364635,28.31532034582021
11.626447142269553,23.108816146850582,28.31532034582021
12.890946338648522,3.6118316650390634,29.141910027484506
12.890946338648522,4.009729307525013,29.141910027484506
11.628666638719121,4.407626950010962,29.141910027484506
11.628666638719121,4.805524592496912,29.141910027484506
11.628666638719121,5.203422234982861,29.141910027484506
11.628666638719121,5.601319877468811,29.141910027484506
11.628666638719121,5.99921751995476,29.141910027484506
11.628666638719121,6.397115162440709,29.141910027484506
11.628666638719121,6.7950128049266585,29.141910027484506
11.628666638719121,7.192910447412608,29.141910027484506
11.628666638719121,7.590808089898557,29.141910027484506
11.628666638719121,7.988705732384506,29.141910027484506
11.628666638719121,8.386603374870457,29.141910027484506
11.628666638719121,8.784501017356405,29.141910027484506
11.628666638719121,9.182398659842356,29.141910027484506
11.628666638719121,9.580296302328303,29.141910027484506
11.62665083893619,9.978193944814254,29.141910027484506
11.62665083893619,10.376091587300202,29.141910027484506
11.62665083893619,10.773989229786153,29.141910027484506
11.626447142269553,11.1718868722721,29.141910027484506
11.626447142269553,11.569784514758052,29.141910027484506
11.626447142269553,11.967682157243999,29.141910027484506
11.626447142269553,12.36557979972995,29.141910027484506
11.626447142269553,12.763477442215898,29.141910027484506
11.626447142269553,13.161375084701849,29.141910027484506
11.626447142269553,13.5592727271878,29.141910027484506
11.626447142269553,13.957170369673747,29.141910027484506
11.626447142269553,14.355068012159698,29.141910027484506
11.626447142269553,14.752965654645646,29.141910027484506
11.626447142269553,15.150863297131597,29.141910027484506
11.626447142269553,15.548760939617544,29.141910027484506
11.626447142269553,15.946658582103495,29.141910027484506
11.626447142269553,16.344556224589443,29.141910027484506
11.626447142269553,16.742453867075394,29.141910027484506
11.626447142269553,17.14035150956134,29.141910027484506
11.626447142269553,17.538249152047293,29.141910027484506
11.626447142269553,17.93614679453324,29.141910027484506
11.626447142269553,18.33404443701919,29.141910027484506
11.626447142269553,18.73194207950514,29.141910027484506
11.626447142269553,19.12983972199109,29.141910027484506
11.626447142269553,19.527737364477037,29.141910027484506
11.626447142269553,19.925635006962988,29.141910027484506
11.626447142269553,20.323532649448936,29.141910027484506
11.626447142269553,20.721430291934887,29.141910027484506
11.626447142269553,21.119327934420834,29.141910027484506
11.626447142269553,21.517225576906785,29.141910027484506
11.626447142269553,21.915123219392733,29.141910027484506
11.626447142269553,22.313020861878684,29.141910027484506
11.626447142269553,22.710918504364635,29.141910027484506
11.626447142269553,23.108816146850582,29.141910027484506
12.890946338648522,3.6118316650390634,29.968499709148798
12.890946338648522,4.009729307525013,29.968499709148798
11.628666638719121,4.407626950010962,29.968499709148798
11.628666638719121,4.805524592496912,29.968499709148798
11.628666638719121,5.203422234982861,29.968499709148798
11.628666638719121,5.601319877468811,29.968499709148798
11.628666638719121,5.99921751995476,29.968499709148798
11.628666638719121,6.397115162440709,29.968499709148798
11.628666638719121,6.7950128049266585,29.968499709148798
11.628666638719121,7.192910447412608,29.968499709148798
11.628666638719121,7.590808089898557,29.968499709148798
11.628666638719121,7.988705732384506,29.968499709148798
11.628666638719121,8.386603374870457,29.968499709148798
11.628666638719121,8.784501017356405,29.968499709148798
11.628666638719121,9.182398659842356,29.968499709148798
11.628666638719121,9.580296302328303,29.968499709148798
11.62665083893619,9.978193944814254,29.968499709148798
11.62665083893619,10.376091587300202,29.968499709148798
11.62665083893619,10.773989229786153,29.968499709148798
11.626447142269553,11.1718868722721,29.968499709148798
11.626447142269553,11.569784514758052,29.968499709148798
11.626447142269553,11.967682157243999,29.968499709148798
11.626447142269553,12.36557979972995,29.968499709148798
11.626447142269553,12.763477442215898,29.968499709148798
11.626447142269553,13.161375084701849,29.968499709148798
11.626447142269553,13.5592727271878,29.968499709148798
11.626447142269553,13.957170369673747,29.968499709148798
11.626447142269553,14.355068012159698,29.968499709148798
11.626447142269553,14.752965654645646,29.968499709148798
11.626447142269553,15.150863297131597,29.968499709148798
11.626447142269553,15.548760939617544,29.968499709148798
11.626447142269553,15.946658582103495,29.968499709148798
11.626447142269553,16.344556224589443,29.968499709148798
11.626447142269553,16.742453867075394,29.968499709148798
11.626447142269553,17.14035150956134,29.968499709148798
11.626447142269553,17.538249152047293,29.968499709148798
11.626447142269553,17.93614679453324,29.968499709148798
11.626447142269553,18.33404443701919,29.968499709148798
11.626447142269553,18.73194207950514,29.968499709148798
11.626447142269553,19.12983972199109,29.968499709148798
11.626447142269553,19.527737364477037,29.968499709148798
11.626447142269553,19.925635006962988,29.968499709148798
11.626447142269553,20.323532649448936,29.968499709148798
11.626447142269553,20.721430291934887,29.968499709148798
11.626447142269553,21.119327934420834,29.968499709148798
11.626447142269553,21.517225576906785,29.968499709148798
11.626447142269553,21.915123219392733,29.968499709148798
11.626447142269553,22.313020861878684,29.968499709148798
11.626447142269553,22.710918504364635,29.968499709148798
11.626447142269553,23.108816146850582,29.968499709148798
12.890946338648522,3.6118316650390634,30.79508939081309
12.890946338648522,4.009729307525013,30.79508939081309
11.628666638719121,4.407626950010962,30.79508939081309
11.628666638719121,4.805524592496912,30.79508939081309
11.628666638719121,5.203422234982861,30.79508939081309
11.628666638719121,5.601319877468811,30.79508939081309
11.628666638719121,5.99921751995476,30.79508939081309
11.628666638719121,6.397115162440709,30.79508939081309
11.628666638719121,6.7950128049266585,30.79508939081309
11.628666638719121,7.192910447412608,30.79508939081309
11.628666638719121,7.590808089898557,30.79508939081309
11.628666638719121,7.988705732384506,30.79508939081309
11.628666638719121,8.386603374870457,30.79508939081309
11.628666638719121,8.784501017356405,30.79508939081309
11.628666638719121,9.182398659842356,30.79508939081309
11.628666638719121,9.580296302328303,30.79508939081309
11.62665083893619,9.978193944814254,30.79508939081309
11.62665083893619,10.376091587300202,30.79508939081309
11.62665083893619,10.773989229786153,30.79508939081309
11.626447142269553,11.1718868722721,30.79508939081309
11.626447142269553,11.569784514758052,30.79508939081309
11.626447142269553,11.967682157243999,30.79508939081309
11.626447142269553,12.36557979972995,30.79508939081309
11.626447142269553,12.763477442215898,30.79508939081309
11.626447142269553,13.161375084701849,30.79508939081309
11.626447142269553,13.5592727271878,30.79508939081309
11.626447142269553,13.957170369673747,30.79508939081309
11.626447142269553,14.355068012159698,30.79508939081309
11.626447142269553,14.752965654645646,30.79508939081309
11.626447142269553,15.150863297131597,30.79508939081309
11.626447142269553,15.548760939617544,30.79508939081309
11.626447142269553,15.946658582103495,30.79508939081309
11.626447142269553,16.344556224589443,30.79508939081309
11.626447142269553,16.742453867075394,30.79508939081309
11.626447142269553,17.14035150956134,30.79508939081309
11.626447142269553,17.538249152047293,30.79508939081309
11.626447142269553,17.93614679453324,30.79508939081309
11.626447142269553,18.33404443701919,30.79508939081309
11.626447142269553,18.73194207950514,30.79508939081309
11.626447142269553,19.12983972199109,30.79508939081309
11.626447142269553,19.527737364477037,30.79508939081309
11.626447142269553,19.925635006962988,30.79508939081309
11.626447142269553,20.323532649448936,30.79508939081309
11.626447142269553,20.721430291934887,30.79508939081309
11.626447142269553,21.119327934420834,30.79508939081309
11.626447142269553,21.517225576906785,30.79508939081309
11.626447142269553,21.915123219392733,30.79508939081309
11.626447142269553,22.313020861878684,30.79508939081309
11.626447142269553,22.710918504364635,30.79508939081309
11.626447142269553,23.108816146850582,30.79508939081309
12.890946338648522,3.6118316650390634,31.62167907247738
12.890946338648522,4.009729307525013,31.62167907247738
11.628666638719121,4.407626950010962,31.62167907247738
11.628666638719121,4.805524592496912,31.62167907247738
11.628666638719121,5.203422234982861,31.62167907247738
11.628666638719121,5.601319877468811,31.62167907247738
11.628666638719121,5.99921751995476,31.62167907247738
11.628666638719121,6.397115162440709,31.62167907247738
11.628666638719121,6.7950128049266585,31.62167907247738
11.628666638719121,7.192910447412608,31.62167907247738
11.628666638719121,7.590808089898557,31.62167907247738
11.628666638719121,7.988705732384506,31.62167907247738
11.628666638719121,8.386603374870457,31.62167907247738
11.628666638719121,8.784501017356405,31.62167907247738
11.628666638719121,9.182398659842356,31.62167907247738
11.628666638719121,9.580296302328303,31.62167907247738
11.62665083893619,9.978193944814254,31.62167907247738
11.62665083893619,10.376091587300202,31.62167907247738
11.62665083893619,10.773989229786153,31.62167907247738
11.626447142269553,11.1718868722721,31.62167907247738
11.626447142269553,11.569784514758052,31.62167907247738
11.626447142269553,11.967682157243999,31.62167907247738
11.626447142269553,12.36557979972995,31.62167907247738
11.626447142269553,12.763477442215898,31.62167907247738
11.626447142269553,13.161375084701849,31.62167907247738
11.626447142269553,13.5592727271878,31.62167907247738
11.626447142269553,13.957170369673747,31.62167907247738
11.626447142269553,14.355068012159698,31.62167907247738
11.626447142269553,14.752965654645646,31.62167907247738
11.626447142269553,15.150863297131597,31.62167907247738
11.626447142269553,15.548760939617544,31.62167907247738
11.626447142269553,15.946658582103495,31.62167907247738
11.626447142269553,16.344556224589443,31.62167907247738
11.626447142269553,16.742453867075394,31.62167907247738
11.626447142269553,17.14035150956134,31.62167907247738
11.626447142269553,17.538249152047293,31.62167907247738
11.626447142269553,17.93614679453324,31.62167907247738
11.626447142269553,18.33404443701919,31.62167907247738
11.626447142269553,18.73194207950514,31.62167907247738
11.626447142269553,19.12983972199109,31.62167907247738
11.626447142269553,19.527737364477037,31.62167907247738
11.626447142269553,19.925635006962988,31.62167907247738
11.626447142269553,20.323532649448936,31.62167907247738
11.626447142269553,20.721430291934887,31.62167907247738
11.626447142269553,21.119327934420834,31.62167907247738
11.626447142269553,21.517225576906785,31.62167907247738
11.626447142269553,21.915123219392733,31.62167907247738
11.626447142269553,22.313020861878684,31.62167907247738
11.626447142269553,22.710918504364635,31.62167907247738
11.626447142269553,23.108816146850582,31.62167907247738
12.890946338648522,3.6118316650390634,32.44826875414167
12.890946338648522,4.009729307525013,32.44826875414167
11.628666638719121,4.407626950010962,32.44826875414167
11.628666638719121,4.805524592496912,32.44826875414167
11.628666638719121,5.203422234982861,32.44826875414167
11.628666638719121,5.601319877468811,32.44826875414167
11.628666638719121,5.99921751995476,32.44826875414167
11.628666638719121,6.397115162440709,32.44826875414167
11.628666638719121,6.7950128049266585,32.44826875414167
11.628666638719121,7.192910447412608,32.44826875414167
11.628666638719121,7.590808089898557,32.44826875414167
11.628666638719121,7.988705732384506,32.44826875414167
11.628666638719121,8.386603374870457,32.44826875414167
11.628666638719121,8.784501017356405,32.44826875414167
11.628666638719121,9.182398659842356,32.44826875414167
11.628666638719121,9.580296302328303,32.44826875414167
11.62665083893619,9.978193944814254,32.44826875414167
11.62665083893619,10.376091587300202,32.44826875414167
11.62665083893619,10.773989229786153,32.44826875414167
11.626447142269553,11.1718868722721,32.44826875414167
11.626447142269553,11.569784514758052,32.44826875414167
11.626447142269553,11.967682157243999,32.44826875414167
11.626447142269553,12.36557979972995,32.44826875414167
11.626447142269553,12.763477442215898,32.44826875414167
11.626447142269553,13.161375084701849,32.44826875414167
11.626447142269553,13.5592727271878,32.44826875414167
11.626447142269553,13.957170369673747,32.44826875414167
11.626447142269553,14.355068012159698,32.44826875414167
11.626447142269553,14.752965654645646,32.44826875414167
11.626447142269553,15.150863297131597,32.44826875414167
11.626447142269553,15.548760939617544,32.44826875414167
11.626447142269553,15.946658582103495,32.44826875414167
11.626447142269553,16.344556224589443,32.44826875414167
11.626447142269553,16.742453867075394,32.44826875414167
11.626447142269553,17.14035150956134,32.44826875414167
11.626447142269553,17.538249152047293,32.44826875414167
11.626447142269553,17.93614679453324,32.44826875414167
11.626447142269553,18.33404443701919,32.44826875414167
11.626447142269553,18.73194207950514,32.44826875414167
11.626447142269553,19.12983972199109,32.44826875414167
11.626447142269553,19.527737364477037,32.44826875414167
11.626447142269553,19.925635006962988,32.44826875414167
11.626447142269553,20.323532649448936,32.44826875414167
11.626447142269553,20.721430291934887,32.44826875414167
11.626447142269553,21.119327934420834,32.44826875414167
11.626447142269553,21.517225576906785,32.44826875414167
11.626447142269553,21.915123219392733,32.44826875414167
11.626447142269553,22.313020861878684,32.44826875414167
11.626447142269553,22.710918504364635,32.44826875414167
11.626447142269553,23.108816146850582,32.44826875414167
12.890946338648522,3.6118316650390634,33.27485843580597
12.890946338648522,4.009729307525013,33.27485843580597
11.628666638719121,4.407626950010962,33.27485843580597
11.628666638719121,4.805524592496912,33.27485843580597
11.628666638719121,5.203422234982861,33.27485843580597
11.628666638719121,5.601319877468811,33.27485843580597
11.628666638719121,5.99921751995476,33.27485843580597
11.628666638719121,6.397115162440709,33.27485843580597
11.628666638719121,6.7950128049266585,33.27485843580597
11.628666638719121,7.192910447412608,33.27485843580597
11.628666638719121,7.590808089898557,33.27485843580597
11.628666638719121,7.988705732384506,33.27485843580597
11.628666638719121,8.386603374870457,33.27485843580597
11.628666638719121,8.784501017356405,33.27485843580597
11.628666638719121,9.182398659842356,33.27485843580597
11.628666638719121,9.580296302328303,33.27485843580597
11.62665083893619,9.978193944814254,33.27485843580597
11.62665083893619,10.376091587300202,33.27485843580597
11.62665083893619,10.773989229786153,33.27485843580597
11.626447142269553,11.1718868722721,33.27485843580597
11.626447142269553,11.569784514758052,33.27485843580597
11.626447142269553,11.967682157243999,33.27485843580597
11.626447142269553,12.36557979972995,33.27485843580597
11.626447142269553,12.763477442215898,33.27485843580597
11.626447142269553,13.161375084701849,33.27485843580597
11.626447142269553,13.5592727271878,33.27485843580597
11.626447142269553,13.957170369673747,33.27485843580597
11.626447142269553,14.355068012159698,33.27485843580597
11.626447142269553,14.752965654645646,33.27485843580597
11.626447142269553,15.150863297131597,33.27485843580597
11.626447142269553,15.548760939617544,33.27485843580597
11.626447142269553,15.946658582103495,33.27485843580597
11.626447142269553,16.344556224589443,33.27485843580597
11.626447142269553,16.742453867075394,33.27485843580597
11.626447142269553,17.14035150956134,33.27485843580597
11.626447142269553,17.538249152047293,33.27485843580597
11.626447142269553,17.93614679453324,33.27485843580597
11.626447142269553,18.33404443701919,33.27485843580597
11.626447142269553,18.73194207950514,33.27485843580597
11.626447142269553,19.12983972199109,33.27485843580597
11.626447142269553,19.527737364477037,33.27485843580597
11.626447142269553,19.925635006962988,33.27485843580597
11.626447142269553,20.323532649448936,33.27485843580597
11.626447142269553,20.721430291934887,33.27485843580597
11.626447142269553,21.119327934420834,33.27485843580597
11.626447142269553,21.517225576906785,33.27485843580597
11.626447142269553,21.915123219392733,33.27485843580597
11.626447142269553,22.313020861878684,33.27485843580597
11.626447142269553,22.710918504364635,33.27485843580597
11.626447142269553,23.108816146850582,33.27485843580597
12.890946338648522,3.6118316650390634,34.101448117470255
12.890946338648522,4.009729307525013,34.101448117470255
11.628666638719121,4.407626950010962,34.101448117470255
11.628666638719121,4.805524592496912,34.101448117470255
11.628666638719121,5.203422234982861,34.101448117470255
11.628666638719121,5.601319877468811,34.101448117470255
11.628666638719121,5.99921751995476,34.101448117470255
11.628666638719121,6.397115162440709,34.101448117470255
11.628666638719121,6.7950128049266585,34.101448117470255
11.628666638719121,7.192910447412608,34.101448117470255
11.628666638719121,7.590808089898557,34.101448117470255
11.628666638719121,7.988705732384506,34.101448117470255
11.628666638719121,8.386603374870457,34.101448117470255
11.628666638719121,8.784501017356405,34.101448117470255
11.628666638719121,9.182398659842356,34.101448117470255
11.628666638719121,9.580296302328303,34.101448117470255
11.62665083893619,9.978193944814254,34.101448117470255
11.62665083893619,10.376091587300202,34.101448117470255
11.62665083893619,10.773989229786153,34.101448117470255
11.626447142269553,11.1718868722721,34.101448117470255
11.626447142269553,11.569784514758052,34.101448117470255
11.626447142269553,11.967682157243999,34.101448117470255
11.626447142269553,12.36557979972995,34.101448117470255
11.626447142269553,12.763477442215898,34.101448117470255
11.626447142269553,13.161375084701849,34.101448117470255
11.626447142269553,13.5592727271878,34.101448117470255
11.626447142269553,13.957170369673747,34.101448117470255
11.626447142269553,14.355068012159698,34.101448117470255
11.626447142269553,14.752965654645646,34.101448117470255
11.626447142269553,15.150863297131597,34.101448117470255
11.626447142269553,15.548760939617544,34.101448117470255
11.626447142269553,15.946658582103495,34.101448117470255
11.626447142269553,16.344556224589443,34.101448117470255
11.626447142269553,16.742453867075394,34.101448117470255
11.626447142269553,17.14035150956134,34.101448117470255
11.626447142269553,17.538249152047293,34.101448117470255
11.626447142269553,17.93614679453324,34.101448117470255
11.626447142269553,18.33404443701919,34.101448117470255
11.626447142269553,18.73194207950514,34.101448117470255
11.626447142269553,19.12983972199109,34.101448117470255
11.626447142269553,19.527737364477037,34.101448117470255
11.626447142269553,19.925635006962988,34.101448117470255
11.626447142269553,20.323532649448936,34.101448117470255
11.626447142269553,20.721430291934887,34.101448117470255
11.626447142269553,21.119327934420834,34.101448117470255
11.626447142269553,21.517225576906785,34.101448117470255
11.626447142269553,21.915123219392733,34.101448117470255
11.626447142269553,22.313020861878684,34.101448117470255
11.626447142269553,22.710918504364635,34.101448117470255
11.626447142269553,23.108816146850582,34.101448117470255
12.890947535278283,3.6118316650390634,34.92803779913454
12.890947535278283,4.009729307525013,34.92803779913454
11.628667718175059,4.407626950010962,34.92803779913454
11.628667718175059,4.805524592496912,34.92803779913454
11.628667718175059,5.203422234982861,34.92803779913454
11.628667718175059,5.601319877468811,34.92803779913454
11.628667718175059,5.99921751995476,34.92803779913454
11.628667718175059,6.397115162440709,34.92803779913454
11.628667718175059,6.7950128049266585,34.92803779913454
11.628667718175059,7.192910447412608,34.92803779913454
11.628667718175059,7.590808089898557,34.92803779913454
11.628667718175059,7.988705732384506,34.92803779913454
11.628667718175059,8.386603374870457,34.92803779913454
11.628667718175059,8.784501017356405,34.92803779913454
11.628667718175059,9.182398659842356,34.92803779913454
11.628667718175059,9.580296302328303,34.92803779913454
11.626651918392128,9.978193944814254,34.92803779913454
11.626651918392128,10.376091587300202,34.92803779913454
11.626651918392128,10.773989229786153,34.92803779913454
11.626448218503615,11.1718868722721,34.92803779913454
11.626448218503615,11.569784514758052,34.92803779913454
11.626448218503615,11.967682157243999,34.92803779913454
11.626448218503615,12.36557979972995,34.92803779913454
11.626448218503615,12.763477442215898,34.92803779913454
11.626448218503615,13.161375084701849,34.92803779913454
11.626448218503615,13.5592727271878,34.92803779913454
11.626448218503615,13.957170369673747,34.92803779913454
11.626448218503615,14.355068012159698,34.92803779913454
11.626448218503615,14.752965654645646,34.92803779913454
11.626448218503615,15.150863297131597,34.92803779913454
11.626448218503615,15.548760939617544,34.92803779913454
11.626448218503615,15.946658582103495,34.92803779913454
11.626448218503615,16.344556224589443,34.92803779913454
11.626448218503615,16.742453867075394,34.92803779913454
11.626448218503615,17.14035150956134,34.92803779913454
11.626448218503615,17.538249152047293,34.92803779913454
11.626448218503615,17.93614679453324,34.92803779913454
11.626448218503615,18.33404443701919,34.92803779913454
11.626448218503615,18.73194207950514,34.92803779913454
11.626448218503615,19.12983972199109,34.92803779913454
11.626448218503615,19.527737364477037,34.92803779913454
11.626448218503615,19.925635006962988,34.92803779913454
11.626448218503615,20.323532649448936,34.92803779913454
11.626448218503615,20.721430291934887,34.92803779913454
11.626448218503615,21.119327934420834,34.92803779913454
11.626448218503615,21.517225576906785,34.92803779913454
11.626448218503615,21.915123219392733,34.92803779913454
11.626448218503615,22.313020861878684,34.92803779913454
11.626448218503615,22.710918504364635,34.92803779913454
11.626448218503615,23.108816146850582,34.92803779913454
13.065380160276437,3.6118316650390634,35.75462748079884
13.065380160276437,4.009729307525013,35.75462748079884
11.786019924423782,4.407626950010962,35.75462748079884
11.786019924423782,4.805524592496912,35.75462748079884
11.786019924423782,5.203422234982861,35.75462748079884
11.786019924423782,5.601319877468811,35.75462748079884
11.786019924423782,5.99921751995476,35.75462748079884
11.786019924423782,6.397115162440709,35.75462748079884
11.786019924423782,6.7950128049266585,35.75462748079884
11.786019924423782,7.192910447412608,35.75462748079884
11.786019924423782,7.590808089898557,35.75462748079884
11.786019924423782,7.988705732384506,35.75462748079884
11.786019924423782,8.386603374870457,35.75462748079884
11.786019924423782,8.784501017356405,35.75462748079884
11.786019924423782,9.182398659842356,35.75462748079884
11.786019924423782,9.580296302328303,35.75462748079884
11.78400412464085,9.978193944814254,35.75462748079884
11.78400412464085,10.376091587300202,35.75462748079884
11.78400412464085,10.773989229786153,35.75462748079884
11.783797724611672,11.1718868722721,35.75462748079884
11.783797724611672,11.569784514758052,35.75462748079884
11.783797724611672,11.967682157243999,35.75462748079884
11.783797724611672,12.36557979972995,35.75462748079884
11.783797724611672,12.763477442215898,35.75462748079884
11.783797724611672,13.161375084701849,35.75462748079884
11.783797724611672,13.5592727271878,35.75462748079884
11.783797724611672,13.957170369673747,35.75462748079884
11.783797724611672,14.355068012159698,35.75462748079884
11.783797724611672,14.752965654645646,35.75462748079884
11.783797724611672,15.150863297131597,35.75462748079884
11.783797724611672,15.548760939617544,35.75462748079884
11.783797724611672,15.946658582103495,35.75462748079884
11.783797724611672,16.344556224589443,35.75462748079884
11.783797724611672,16.742453867075394,35.75462748079884
11.783797724611672,17.14035150956134,35.75462748079884
11.783797724611672,17.538249152047293,35.75462748079884
11.783797724611672,17.93614679453324,35.75462748079884
11.783797724611672,18.33404443701919,35.75462748079884
11.783797724611672,18.73194207950514,35.75462748079884
11.783797724611672,19.12983972199109,35.75462748079884
11.783797724611672,19.527737364477037,35.75462748079884
11.783797724611672,19.925635006962988,35.75462748079884
11.783797724611672,20.323532649448936,35.75462748079884
11.783797724611672,20.721430291934887,35.75462748079884
11.783797724611672,21.119327934420834,35.75462748079884
11.783797724611672,21.517225576906785,35.75462748079884
11.783797724611672,21.915123219392733,35.75462748079884
11.783797724611672,22.313020861878684,35.75462748079884
11.783797724611672,22.710918504364635,35.75462748079884
11.783797724611672,23.108816146850582,35.75462748079884
13.065380160276437,3.6118316650390634,36.58121716246313
13.065380160276437,4.009729307525013,36.58121716246313
11.786019924423782,4.407626950010962,36.58121716246313
11.786019924423782,4.805524592496912,36.58121716246313
11.786019924423782,5.203422234982861,36.58121716246313
11.786019924423782,5.601319877468811,36.58121716246313
11.786019924423782,5.99921751995476,36.58121716246313
11.786019924423782,6.397115162440709,36.58121716246313
11.786019924423782,6.7950128049266585,36.58121716246313
11.786019924423782,7.192910447412608,36.58121716246313
11.786019924423782,7.590808089898557,36.58121716246313
11.786019924423782,7.988705732384506,36.58121716246313
11.786019924423782,8.386603374870457,36.58121716246313
11.786019924423782,8.784501017356405,36.58121716246313
11.786019924423782,9.182398659842356,36.58121716246313
11.786019924423782,9.580296302328303,36.58121716246313
11.78400412464085,9.978193944814254,36.58121716246313
11.78400412464085,10.376091587300202,36.58121716246313
11.78400412464085,10.773989229786153,36.58121716246313
11.783797724611672,11.1718868722721,36.58121716246313
11.783797724611672,11.569784514758052,36.58121716246313
11.783797724611672,11.967682157243999,36.58121716246313
11.783797724611672,12.36557979972995,36.58121716246313
11.783797724611672,12.763477442215898,36.58121716246313
11.783797724611672,13.161375084701849,36.58121716246313
11.783797724611672,13.5592727271878,36.58121716246313
11.783797724611672,13.957170369673747,36.58121716246313
11.783797724611672,14.355068012159698,36.58121716246313
11.783797724611672,14.752965654645646,36.58121716246313
11.783797724611672,15.150863297131597,36.58121716246313
11.783797724611672,15.548760939617544,36.58121716246313
11.783797724611672,15.946658582103495,36.58121716246313
11.783797724611672,16.344556224589443,36.58121716246313
11.783797724611672,16.742453867075394,36.58121716246313
11.783797724611672,17.14035150956134,36.58121716246313
11.783797724611672,17.538249152047293,36.58121716246313
11.783797724611672,17.93614679453324,36.58121716246313
11.783797724611672,18.33404443701919,36.58121716246313
11.783797724611672,18.73194207950514,36.58121716246313
11.783797724611672,19.12983972199109,36.58121716246313
11.783797724611672,19.527737364477037,36.58121716246313
11.783797724611672,19.925635006962988,36.58121716246313
11.783797724611672,20.323532649448936,36.58121716246313
11.783797724611672,20.721430291934887,36.58121716246313
11.783797724611672,21.119327934420834,36.58121716246313
11.783797724611672,21.517225576906785,36.58121716246313
11.783797724611672,21.915123219392733,36.58121716246313
11.783797724611672,22.313020861878684,36.58121716246313
11.783797724611672,22.710918504364635,36.58121716246313
11.783797724611672,23.108816146850582,36.58121716246313
13.065380160276437,3.6118316650390634,37.40780684412742
13.065380160276437,4.009729307525013,37.40780684412742
11.786019924423782,4.407626950010962,37.40780684412742
11.786019924423782,4.805524592496912,37.40780684412742
11.786019924423782,5.203422234982861,37.40780684412742
11.786019924423782,5.601319877468811,37.40780684412742
11.786019924423782,5.99921751995476,37.40780684412742
11.786019924423782,6.397115162440709,37.40780684412742
11.786019924423782,6.7950128049266585,37.40780684412742
11.786019924423782,7.192910447412608,37.40780684412742
11.786019924423782,7.590808089898557,37.40780684412742
11.786019924423782,7.988705732384506,37.40780684412742
11.786019924423782,8.386603374870457,37.40780684412742
11.786019924423782,8.784501017356405,37.40780684412742
11.786019924423782,9.182398659842356,37.40780684412742
11.786019924423782,9.580296302328303,37.40780684412742
11.78400412464085,9.978193944814254,37.40780684412742
11.78400412464085,10.376091587300202,37.40780684412742
11.78400412464085,10.773989229786153,37.40780684412742
11.783797724611672,11.1718868722721,37.40780684412742
11.783797724611672,11.569784514758052,37.40780684412742
11.783797724611672,11.967682157243999,37.40780684412742
11.783797724611672,12.36557979972995,37.40780684412742
11.783797724611672,12.763477442215898,37.40780684412742
11.783797724611672,13.161375084701849,37.40780684412742
11.783797724611672,13.5592727271878,37.40780684412742
11.783797724611672,13.957170369673747,37.40780684412742
11.783797724611672,14.355068012159698,37.40780684412742
11.783797724611672,14.752965654645646,37.40780684412742
11.783797724611672,15.150863297131597,37.40780684412742
11.783797724611672,15.548760939617544,37.40780684412742
11.783797724611672,15.946658582103495,37.40780684412742
11.783797724611672,16.344556224589443,37.40780684412742
11.783797724611672,16.742453867075394,37.40780684412742
11.783797724611672,17.14035150956134,37.40780684412742
11.783797724611672,17.538249152047293,37.40780684412742
11.783797724611672,17.93614679453324,37.40780684412742
11.783797724611672,18.33404443701919,37.40780684412742
11.783797724611672,18.73194207950514,37.40780684412742
11.783797724611672,19.12983972199109,37.40780684412742
11.783797724611672,19.527737364477037,37.40780684412742
11.783797724611672,19.925635006962988,37.40780684412742
11.783797724611672,20.323532649448936,37.40780684412742
11.783797724611672,20.721430291934887,37.40780684412742
11.783797724611672,21.119327934420834,37.40780684412742
11.783797724611672,21.517225576906785,37.40780684412742
11.783797724611672,21.915123219392733,37.40780684412742
11.783797724611672,22.313020861878684,37.40780684412742
11.783797724611672,22.710918504364635,37.40780684412742
11.783797724611672,23.108816146850582,37.40780684412742
13.065380160276437,3.6118316650390634,38.23439652579171
13.065380160276437,4.009729307525013,38.23439652579171
11.786019924423782,4.407626950010962,38.23439652579171
11.786019924423782,4.805524592496912,38.23439652579171
11.786019924423782,5.203422234982861,38.23439652579171
11.786019924423782,5.601319877468811,38.23439652579171
11.786019924423782,5.99921751995476,38.23439652579171
11.786019924423782,6.397115162440709,38.23439652579171
11.786019924423782,6.7950128049266585,38.23439652579171
11.786019924423782,7.192910447412608,38.23439652579171
11.786019924423782,7.590808089898557,38.23439652579171
11.786019924423782,7.988705732384506,38.23439652579171
11.786019924423782,8.386603374870457,38.23439652579171
11.786019924423782,8.784501017356405,38.23439652579171
11.786019924423782,9.182398659842356,38.23439652579171
11.786019924423782,9.580296302328303,38.23439652579171
11.78400412464085,9.978193944814254,38.23439652579171
11.78400412464085,10.376091587300202,38.23439652579171
11.78400412464085,10.773989229786153,38.23439652579171
11.783797724611672,11.1718868722721,38.23439652579171
11.783797724611672,11.569784514758052,38.23439652579171
11.783797724611672,11.967682157243999,38.23439652579171
11.783797724611672,12.36557979972995,38.23439652579171
11.783797724611672,12.763477442215898,38.23439652579171
11.783797724611672,13.161375084701849,38.23439652579171
11.783797724611672,13.5592727271878,38.23439652579171
11.783797724611672,13.957170369673747,38.23439652579171
11.783797724611672,14.355068012159698,38.23439652579171
11.783797724611672,14.752965654645646,38.23439652579171
11.783797724611672,15.150863297131597,38.23439652579171
11.783797724611672,15.548760939617544,38.23439652579171
11.783797724611672,15.946658582103495,38.23439652579171
11.783797724611672,16.344556224589443,38.23439652579171
11.783797724611672,16.742453867075394,38.23439652579171
11.783797724611672,17.14035150956134,38.23439652579171
11.783797724611672,17.538249152047293,38.23439652579171
11.783797724611672,17.93614679453324,38.23439652579171
11.783797724611672,18.33404443701919,38.23439652579171
11.783797724611672,18.73194207950514,38.23439652579171
11.783797724611672,19.12983972199109,38.23439652579171
11.783797724611672,19.527737364477037,38.23439652579171
11.783797724611672,19.925635006962988,38.23439652579171
11.783797724611672,20.323532649448936,38.23439652579171
11.783797724611672,20.721430291934887,38.23439652579171
11.783797724611672,21.119327934420834,38.23439652579171
11.783797724611672,21.517225576906785,38.23439652579171
11.783797724611672,21.915123219392733,38.23439652579171
11.783797724611672,22.313020861878684,38.23439652579171
11.783797724611672,22.710918504364635,38.23439652579171
11.783797724611672,23.108816146850582,38.23439652579171
13.065380160276437,3.6118316650390634,39.060986207456004
13.065380160276437,4.009729307525013,39.060986207456004
11.786019924423782,4.407626950010962,39.060986207456004
11.786019924423782,4.805524592496912,39.060986207456004
11.786019924423782,5.203422234982861,39.060986207456004
11.786019924423782,5.601319877468811,39.060986207456004
11.786019924423782,5.99921751995476,39.060986207456004
11.786019924423782,6.397115162440709,39.060986207456004
11.786019924423782,6.7950128049266585,39.060986207456004
11.786019924423782,7.192910447412608,39.060986207456004
11.786019924423782,7.590808089898557,39.060986207456004
11.786019924423782,7.988705732384506,39.060986207456004
11.786019924423782,8.386603374870457,39.060986207456004
11.786019924423782,8.784501017356405,39.060986207456004
11.786019924423782,9.182398659842356,39.060986207456004
11.786019924423782,9.580296302328303,39.060986207456004
11.78400412464085,9.978193944814254,39.060986207456004
11.78400412464085,10.376091587300202,39.060986207456004
11.78400412464085,10.773989229786153,39.060986207456004
11.783797724611672,11.1718868722721,39.060986207456004
11.783797724611672,11.569784514758052,39.060986207456004
11.783797724611672,11.967682157243999,39.060986207456004
11.783797724611672,12.36557979972995,39.060986207456004
11.783797724611672,12.763477442215898,39.060986207456004
11.783797724611672,13.161375084701849,39.060986207456004
11.783797724611672,13.5592727271878,39.060986207456004
11.783797724611672,13.957170369673747,39.060986207456004
11.783797724611672,14.355068012159698,39.060986207456004
11.783797724611672,14.752965654645646,39.060986207456004
11.783797724611672,15.150863297131597,39.060986207456004
11.783797724611672,15.548760939617544,39.060986207456004
11.783797724611672,15.946658582103495,39.060986207456004
11.783797724611672,16.344556224589443,39.060986207456004
11.783797724611672,16.742453867075394,39.060986207456004
11.783797724611672,17.14035150956134,39.060986207456004
11.783797724611672,17.538249152047293,39.060986207456004
11.783797724611672,17.93614679453324,39.060986207456004
11.783797724611672,18.33404443701919,39.060986207456004
11.783797724611672,18.73194207950514,39.060986207456004
11.783797724611672,19.12983972199109,39.060986207456004
11.783797724611672,19.527737364477037,39.060986207456004
11.783797724611672,19.925635006962988,39.060986207456004
11.783797724611672,20.323532649448936,39.060986207456004
11.783797724611672,20.721430291934887,39.060986207456004
11.783797724611672,21.119327934420834,39.060986207456004
11.783797724611672,21.517225576906785,39.060986207456004
11.783797724611672,21.915123219392733,39.060986207456004
11.783797724611672,22.313020861878684,39.060986207456004
11.783797724611672,22.710918504364635,39.060986207456004
11.783797724611672,23.108816146850582,39.060986207456004
13.065380160276437,3.6118316650390634,39.8875758891203
13.065380160276437,4.009729307525013,39.8875758891203
11.786019924423782,4.407626950010962,39.8875758891203
11.786019924423782,4.805524592496912,39.8875758891203
11.786019924423782,5.203422234982861,39.8875758891203
11.786019924423782,5.601319877468811,39.8875758891203
11.786019924423782,5.99921751995476,39.8875758891203
11.786019924423782,6.397115162440709,39.8875758891203
11.786019924423782,6.7950128049266585,39.8875758891203
11.786019924423782,7.192910447412608,39.8875758891203
11.786019924423782,7.590808089898557,39.8875758891203
11.786019924423782,7.988705732384506,39.8875758891203
11.786019924423782,8.386603374870457,39.8875758891203
11.786019924423782,8.784501017356405,39.8875758891203
11.786019924423782,9.182398659842356,39.8875758891203
11.786019924423782,9.580296302328303,39.8875758891203
11.78400412464085,9.978193944814254,39.8875758891203
11.78400412464085,10.376091587300202,39.8875758891203
11.78400412464085,10.773989229786153,39.8875758891203
11.783797724611672,11.1718868722721,39.8875758891203
11.783797724611672,11.569784514758052,39.8875758891203
11.783797724611672,11.967682157243999,39.8875758891203
11.783797724611672,12.36557979972995,39.8875758891203
11.783797724611672,12.763477442215898,39.8875758891203
11.783797724611672,13.161375084701849,39.8875758891203
11.783797724611672,13.5592727271878,39.8875758891203
11.783797724611672,13.957170369673747,39.8875758891203
11.783797724611672,14.355068012159698,39.8875758891203
11.783797724611672,14.752965654645646,39.8875758891203
11.783797724611672,15.150863297131597,39.8875758891203
11.783797724611672,15.548760939617544,39.8875758891203
11.783797724611672,15.946658582103495,39.8875758891203
11.783797724611672,16.344556224589443,39.8875758891203
11.783797724611672,16.742453867075394,39.8875758891203
11.783797724611672,17.14035150956134,39.8875758891203
11.783797724611672,17.538249152047293,39.8875758891203
11.783797724611672,17.93614679453324,39.8875758891203
11.783797724611672,18.33404443701919,39.8875758891203
11.783797724611672,18.73194207950514,39.8875758891203
11.783797724611672,19.12983972199109,39.8875758891203
11.783797724611672,19.527737364477037,39.8875758891203
11.783797724611672,19.925635006962988,39.8875758891203
11.783797724611672,20.323532649448936,39.8875758891203
11.783797724611672,20.721430291934887,39.8875758891203
11.783797724611672,21.119327934420834,39.8875758891203
11.783797724611672,21.517225576906785,39.8875758891203
11.783797724611672,21.915123219392733,39.8875758891203
11.783797724611672,22.313020861878684,39.8875758891203
11.783797724611672,22.710918504364635,39.8875758891203
11.783797724611672,23.108816146850582,39.8875758891203
13.065380160276437,3.6118316650390634,40.71416557078459
13.065380160276437,4.009729307525013,40.71416557078459
11.786019924423782,4.407626950010962,40.71416557078459
11.786019924423782,4.805524592496912,40.71416557078459
11.786019924423782,5.203422234982861,40.71416557078459
11.786019924423782,5.601319877468811,40.71416557078459
11.786019924423782,5.99921751995476,40.71416557078459
11.786019924423782,6.397115162440709,40.71416557078459
11.786019924423782,6.7950128049266585,40.71416557078459
11.786019924423782,7.192910447412608,40.71416557078459
11.786019924423782,7.590808089898557,40.71416557078459
11.786019924423782,7.988705732384506,40.71416557078459
11.786019924423782,8.386603374870457,40.71416557078459
11.786019924423782,8.784501017356405,40.71416557078459
11.786019924423782,9.182398659842356,40.71416557078459
11.786019924423782,9.580296302328303,40.71416557078459
11.78400412464085,9.978193944814254,40.71416557078459
11.78400412464085,10.376091587300202,40.71416557078459
11.78400412464085,10.773989229786153,40.71416557078459
11.783797724611672,11.1718868722721,40.71416557078459
11.783797724611672,11.569784514758052,40.71416557078459
11.783797724611672,11.967682157243999,40.71416557078459
11.783797724611672,12.36557979972995,40.71416557078459
11.783797724611672,12.763477442215898,40.71416557078459
11.783797724611672,13.161375084701849,40.71416557078459
11.783797724611672,13.5592727271878,40.71416557078459
11.783797724611672,13.957170369673747,40.71416557078459
11.783797724611672,14.355068012159698,40.71416557078459
11.783797724611672,14.752965654645646,40.71416557078459
11.783797724611672,15.150863297131597,40.71416557078459
11.783797724611672,15.548760939617544,40.71416557078459
11.783797724611672,15.946658582103495,40.71416557078459
11.783797724611672,16.344556224589443,40.71416557078459
11.783797724611672,16.742453867075394,40.71416557078459
11.783797724611672,17.14035150956134,40.71416557078459
11.783797724611672,17.538249152047293,40.71416557078459
11.783797724611672,17.93614679453324,40.71416557078459
11.783797724611672,18.33404443701919,40.71416557078459
11.783797724611672,18.73194207950514,40.71416557078459
11.783797724611672,19.12983972199109,40.71416557078459
11.783797724611672,19.527737364477037,40.71416557078459
11.783797724611672,19.925635006962988,40.71416557078459
11.783797724611672,20.323532649448936,40.71416557078459
11.783797724611672,20.721430291934887,40.71416557078459
11.783797724611672,21.119327934420834,40.71416557078459
11.783797724611672,21.517225576906785,40.71416557078459
11.783797724611672,21.915123219392733,40.71416557078459
11.783797724611672,22.313020861878684,40.71416557078459
11.783797724611672,22.710918504364635,40.71416557078459
11.783797724611672,23.108816146850582,40.71416557078459
13.065380160276437,3.6118316650390634,41.54075525244888
13.065380160276437,4.009729307525013,41.54075525244888
11.786019924423782,4.407626950010962,41.54075525244888
11.786019924423782,4.805524592496912,41.54075525244888
11.786019924423782,5.203422234982861,41.54075525244888
11.786019924423782,5.601319877468811,41.54075525244888
11.786019924423782,5.99921751995476,41.54075525244888
11.786019924423782,6.397115162440709,41.54075525244888
11.786019924423782,6.7950128049266585,41.54075525244888
11.786019924423782,7.192910447412608,41.54075525244888
11.786019924423782,7.590808089898557,41.54075525244888
11.786019924423782,7.988705732384506,41.54075525244888
11.786019924423782,8.386603374870457,41.54075525244888
11.786019924423782,8.784501017356405,41.54075525244888
11.786019924423782,9.182398659842356,41.54075525244888
11.786019924423782,9.580296302328303,41.54075525244888
11.78400412464085,9.978193944814254,41.54075525244888
11.78400412464085,10.376091587300202,41.54075525244888
11.78400412464085,10.773989229786153,41.54075525244888
11.783797724611672,11.1718868722721,41.54075525244888
11.783797724611672,11.569784514758052,41.54075525244888
11.783797724611672,11.967682157243999,41.54075525244888
11.783797724611672,12.36557979972995,41.54075525244888
11.783797724611672,12.763477442215898,41.54075525244888
11.783797724611672,13.161375084701849,41.54075525244888
11.783797724611672,13.5592727271878,41.54075525244888
11.783797724611672,13.957170369673747,41.54075525244888
11.783797724611672,14.355068012159698,41.54075525244888
11.783797724611672,14.752965654645646,41.54075525244888
11.783797724611672,15.150863297131597,41.54075525244888
11.783797724611672,15.548760939617544,41.54075525244888
11.783797724611672,15.946658582103495,41.54075525244888
11.783797724611672,16.344556224589443,41.54075525244888
11.783797724611672,16.742453867075394,41.54075525244888
11.783797724611672,17.14035150956134,41.54075525244888
11.783797724611672,17.538249152047293,41.54075525244888
11.783797724611672,17.93614679453324,41.54075525244888
11.783797724611672,18.33404443701919,41.54075525244888
11.783797724611672,18.73194207950514,41.54075525244888
11.783797724611672,19.12983972199109,41.54075525244888
11.783797724611672,19.527737364477037,41.54075525244888
11.783797724611672,19.925635006962988,41.54075525244888
11.783797724611672,20.323532649448936,41.54075525244888
11.783797724611672,20.721430291934887,41.54075525244888
11.783797724611672,21.119327934420834,41.54075525244888
11.783797724611672,21.517225576906785,41.54075525244888
11.783797724611672,21.915123219392733,41.54075525244888
11.783797724611672,22.313020861878684,41.54075525244888
11.783797724611672,22.710918504364635,41.54075525244888
11.783797724611672,23.108816146850582,41.54075525244888
13.065380160276437,3.6118316650390634,42.36734493411317
13.065380160276437,4.009729307525013,42.36734493411317
11.786019924423782,4.407626950010962,42.36734493411317
11.786019924423782,4.805524592496912,42.36734493411317
11.786019924423782,5.203422234982861,42.36734493411317
11.786019924423782,5.601319877468811,42.36734493411317
11.786019924423782,5.99921751995476,42.36734493411317
11.786019924423782,6.397115162440709,42.36734493411317
11.786019924423782,6.7950128049266585,42.36734493411317
11.786019924423782,7.192910447412608,42.36734493411317
11.786019924423782,7.590808089898557,42.36734493411317
11.786019924423782,7.988705732384506,42.36734493411317
11.786019924423782,8.386603374870457,42.36734493411317
11.786019924423782,8.784501017356405,42.36734493411317
11.786019924423782,9.182398659842356,42.36734493411317
11.786019924423782,9.580296302328303,42.36734493411317
11.78400412464085,9.978193944814254,42.36734493411317
11.78400412464085,10.376091587300202,42.36734493411317
11.78400412464085,10.773989229786153,42.36734493411317
11.783797724611672,11.1718868722721,42.36734493411317
11.783797724611672,11.569784514758052,42.36734493411317
11.783797724611672,11.967682157243999,42.36734493411317
11.783797724611672,12.36557979972995,42.36734493411317
11.783797724611672,12.763477442215898,42.36734493411317
11.783797724611672,13.161375084701849,42.36734493411317
11.783797724611672,13.5592727271878,42.36734493411317
11.783797724611672,13.957170369673747,42.36734493411317
11.783797724611672,14.355068012159698,42.36734493411317
11.783797724611672,14.752965654645646,42.36734493411317
11.783797724611672,15.150863297131597,42.36734493411317
11.783797724611672,15.548760939617544,42.36734493411317
11.783797724611672,15.946658582103495,42.36734493411317
11.783797724611672,16.344556224589443,42.36734493411317
11.783797724611672,16.742453867075394,42.36734493411317
11.783797724611672,17.14035150956134,42.36734493411317
11.783797724611672,17.538249152047293,42.36734493411317
11.783797724611672,17.93614679453324,42.36734493411317
11.783797724611672,18.33404443701919,42.36734493411317
11.783797724611672,18.73194207950514,42.36734493411317
11.783797724611672,19.12983972199109,42.36734493411317
11.783797724611672,19.527737364477037,42.36734493411317
11.783797724611672,19.925635006962988,42.36734493411317
11.783797724611672,20.323532649448936,42.36734493411317
11.783797724611672,20.721430291934887,42.36734493411317
11.783797724611672,21.119327934420834,42.36734493411317
11.783797724611672,21.517225576906785,42.36734493411317
11.783797724611672,21.915123219392733,42.36734493411317
11.783797724611672,22.313020861878684,42.36734493411317
11.783797724611672,22.710918504364635,42.36734493411317
11.783797724611672,23.108816146850582,42.36734493411317
13.065380160276437,3.6118316650390634,43.193934615777465
13.065380160276437,4.009729307525013,43.193934615777465
11.786019924423782,4.407626950010962,43.193934615777465
11.786019924423782,4.805524592496912,43.193934615777465
11.786019924423782,5.203422234982861,43.193934615777465
11.786019924423782,5.601319877468811,43.193934615777465
11.786019924423782,5.99921751995476,43.193934615777465
11.786019924423782,6.397115162440709,43.193934615777465
11.786019924423782,6.7950128049266585,43.193934615777465
11.786019924423782,7.192910447412608,43.193934615777465
11.786019924423782,7.590808089898557,43.193934615777465
11.786019924423782,7.988705732384506,43.193934615777465
11.786019924423782,8.386603374870457,43.193934615777465
11.786019924423782,8.784501017356405,43.193934615777465
11.786019924423782,9.182398659842356,43.193934615777465
11.786019924423782,9.580296302328303,43.193934615777465
11.78400412464085,9.978193944814254,43.193934615777465
11.78400412464085,10.376091587300202,43.193934615777465
11.78400412464085,10.773989229786153,43.193934615777465
11.783797724611672,11.1718868722721,43.193934615777465
11.783797724611672,11.569784514758052,43.193934615777465
11.783797724611672,11.967682157243999,43.193934615777465
11.783797724611672,12.36557979972995,43.193934615777465
11.783797724611672,12.763477442215898,43.193934615777465
11.783797724611672,13.161375084701849,43.193934615777465
11.783797724611672,13.5592727271878,43.193934615777465
11.783797724611672,13.957170369673747,43.193934615777465
11.783797724611672,14.355068012159698,43.193934615777465
11.783797724611672,14.752965654645646,43.193934615777465
11.783797724611672,15.150863297131597,43.193934615777465
11.783797724611672,15.548760939617544,43.193934615777465
11.783797724611672,15.946658582103495,43.193934615777465
11.783797724611672,16.344556224589443,43.193934615777465
11.783797724611672,16.742453867075394,43.193934615777465
11.783797724611672,17.14035150956134,43.193934615777465
11.783797724611672,17.538249152047293,43.193934615777465
11.783797724611672,17.93614679453324,43.193934615777465
11.783797724611672,18.33404443701919,43.193934615777465
11.783797724611672,18.73194207950514,43.193934615777465
11.783797724611672,19.12983972199109,43.193934615777465
11.783797724611672,19.527737364477037,43.193934615777465
11.783797724611672,19.925635006962988,43.193934615777465
11.783797724611672,20.323532649448936,43.193934615777465
11.783797724611672,20.721430291934887,43.193934615777465
11.783797724611672,21.119327934420834,43.193934615777465
11.783797724611672,21.517225576906785,43.193934615777465
11.783797724611672,21.915123219392733,43.193934615777465
11.783797724611672,22.313020861878684,43.193934615777465
11.783797724611672,22.710918504364635,43.193934615777465
11.783797724611672,23.108816146850582,43.193934615777465
13.065380160276437,3.6118316650390634,44.02052429744175
13.065380160276437,4.009729307525013,44.02052429744175
11.786019924423782,4.407626950010962,44.02052429744175
11.786019924423782,4.805524592496912,44.02052429744175
11.786019924423782,5.203422234982861,44.02052429744175
11.786019924423782,5.601319877468811,44.02052429744175
11.786019924423782,5.99921751995476,44.02052429744175
11.786019924423782,6.397115162440709,44.02052429744175
11.786019924423782,6.7950128049266585,44.02052429744175
11.786019924423782,7.192910447412608,44.02052429744175
11.786019924423782,7.590808089898557,44.02052429744175
11.786019924423782,7.988705732384506,44.02052429744175
11.786019924423782,8.386603374870457,44.02052429744175
11.786019924423782,8.784501017356405,44.02052429744175
11.786019924423782,9.182398659842356,44.02052429744175
11.786019924423782,9.580296302328303,44.02052429744175
11.78400412464085,9.978193944814254,44.02052429744175
11.78400412464085,10.376091587300202,44.02052429744175
11.78400412464085,10.773989229786153,44.02052429744175
11.783797724611672,11.1718868722721,44.02052429744175
11.783797724611672,11.569784514758052,44.02052429744175
11.783797724611672,11.967682157243999,44.02052429744175
11.783797724611672,12.36557979972995,44.02052429744175
11.783797724611672,12.763477442215898,44.02052429744175
11.783797724611672,13.161375084701849,44.02052429744175
11.783797724611672,13.5592727271878,44.02052429744175
11.783797724611672,13.957170369673747,44.02052429744175
11.783797724611672,14.355068012159698,44.02052429744175
11.783797724611672,14.752965654645646,44.02052429744175
11.783797724611672,15.150863297131597,44.02052429744175
11.783797724611672,15.548760939617544,44.02052429744175
11.783797724611672,15.946658582103495,44.02052429744175
11.783797724611672,16.344556224589443,44.02052429744175
11.783797724611672,16.742453867075394,44.02052429744175
11.783797724611672,17.14035150956134,44.02052429744175
11.783797724611672,17.538249152047293,44.02052429744175
11.783797724611672,17.93614679453324,44.02052429744175
11.783797724611672,18.33404443701919,44.02052429744175
11.783797724611672,18.73194207950514,44.02052429744175
11.783797724611672,19.12983972199109,44.02052429744175
11.783797724611672,19.527737364477037,44.02052429744175
11.783797724611672,19.925635006962988,44.02052429744175
11.783797724611672,20.323532649448936,44.02052429744175
11.783797724611672,20.721430291934887,44.02052429744175
11.783797724611672,21.119327934420834,44.02052429744175
11.783797724611672,21.517225576906785,44.02052429744175
11.783797724611672,21.915123219392733,44.02052429744175
11.783797724611672,22.313020861878684,44.02052429744175
11.783797724611672,22.710918504364635,44.02052429744175
11.783797724611672,23.108816146850582,44.02052429744175
13.065380160276437,3.6118316650390634,44.84711397910605
13.065380160276437,4.009729307525013,44.84711397910605
11.786019924423782,4.407626950010962,44.84711397910605
11.786019924423782,4.805524592496912,44.84711397910605
11.786019924423782,5.203422234982861,44.84711397910605
11.786019924423782,5.601319877468811,44.84711397910605
11.786019924423782,5.99921751995476,44.84711397910605
11.786019924423782,6.397115162440709,44.84711397910605
11.786019924423782,6.7950128049266585,44.84711397910605
11.786019924423782,7.192910447412608,44.84711397910605
11.786019924423782,7.590808089898557,44.84711397910605
11.786019924423782,7.988705732384506,44.84711397910605
11.786019924423782,8.386603374870457,44.84711397910605
11.786019924423782,8.784501017356405,44.84711397910605
11.786019924423782,9.182398659842356,44.84711397910605
11.786019924423782,9.580296302328303,44.84711397910605
11.78400412464085,9.978193944814254,44.84711397910605
11.78400412464085,10.376091587300202,44.84711397910605
11.78400412464085,10.773989229786153,44.84711397910605
11.783797724611672,11.1718868722721,44.84711397910605
11.783797724611672,11.569784514758052,44.84711397910605
11.783797724611672,11.967682157243999,44.84711397910605
11.783797724611672,12.36557979972995,44.84711397910605
11.783797724611672,12.763477442215898,44.84711397910605
11.783797724611672,13.161375084701849,44.84711397910605
11.783797724611672,13.5592727271878,44.84711397910605
11.783797724611672,13.957170369673747,44.84711397910605
11.783797724611672,14.355068012159698,44.84711397910605
11.783797724611672,14.752965654645646,44.84711397910605
11.783797724611672,15.150863297131597,44.84711397910605
11.783797724611672,15.548760939617544,44.84711397910605
11.783797724611672,15.946658582103495,44.84711397910605
11.783797724611672,16.344556224589443,44.84711397910605
11.783797724611672,16.742453867075394,44.84711397910605
11.783797724611672,17.14035150956134,44.84711397910605
11.783797724611672,17.538249152047293,44.84711397910605
11.783797724611672,17.93614679453324,44.84711397910605
11.783797724611672,18.33404443701919,44.84711397910605
11.783797724611672,18.73194207950514,44.84711397910605
11.783797724611672,19.12983972199109,44.84711397910605
11.783797724611672,19.527737364477037,44.84711397910605
11.783797724611672,19.925635006962988,44.84711397910605
11.783797724611672,20.323532649448936,44.84711397910605
11.783797724611672,20.721430291934887,44.84711397910605
11.783797724611672,21.119327934420834,44.84711397910605
11.783797724611672,21.517225576906785,44.84711397910605
11.783797724611672,21.915123219392733,44.84711397910605
11.783797724611672,22.313020861878684,44.84711397910605
11.783797724611672,22.710918504364635,44.84711397910605
11.783797724611672,23.108816146850582,44.84711397910605
13.065380160276437,3.6118316650390634,45.673703660770336
13.065380160276437,4.009729307525013,45.673703660770336
11.786019924423782,4.407626950010962,45.673703660770336
11.786019924423782,4.805524592496912,45.673703660770336
11.786019924423782,5.203422234982861,45.673703660770336
11.786019924423782,5.601319877468811,45.673703660770336
11.786019924423782,5.99921751995476,45.673703660770336
11.786019924423782,6.397115162440709,45.673703660770336
11.786019924423782,6.7950128049266585,45.673703660770336
11.786019924423782,7.192910447412608,45.673703660770336
11.786019924423782,7.590808089898557,45.673703660770336
11.786019924423782,7.988705732384506,45.673703660770336
11.786019924423782,8.386603374870457,45.673703660770336
11.786019924423782,8.784501017356405,45.673703660770336
11.786019924423782,9.182398659842356,45.673703660770336
11.786019924423782,9.580296302328303,45.673703660770336
11.78400412464085,9.978193944814254,45.673703660770336
11.78400412464085,10.376091587300202,45.673703660770336
11.78400412464085,10.773989229786153,45.673703660770336
11.783797724611672,11.1718868722721,45.673703660770336
11.783797724611672,11.569784514758052,45.673703660770336
11.783797724611672,11.967682157243999,45.673703660770336
11.783797724611672,12.36557979972995,45.673703660770336
11.783797724611672,12.763477442215898,45.673703660770336
11.783797724611672,13.161375084701849,45.673703660770336
11.783797724611672,13.5592727271878,45.673703660770336
11.783797724611672,13.957170369673747,45.673703660770336
11.783797724611672,14.355068012159698,45.673703660770336
11.783797724611672,14.752965654645646,45.673703660770336
11.783797724611672,15.150863297131597,45.673703660770336
11.783797724611672,15.548760939617544,45.673703660770336
11.783797724611672,15.946658582103495,45.673703660770336
11.783797724611672,16.344556224589443,45.673703660770336
11.783797724611672,16.742453867075394,45.673703660770336
11.783797724611672,17.14035150956134,45.673703660770336
11.783797724611672,17.538249152047293,45.673703660770336
11.783797724611672,17.93614679453324,45.673703660770336
11.783797724611672,18.33404443701919,45.673703660770336
11.783797724611672,18.73194207950514,45.673703660770336
11.783797724611672,19.12983972199109,45.673703660770336
11.783797724611672,19.527737364477037,45.673703660770336
11.783797724611672,19.925635006962988,45.673703660770336
11.783797724611672,20.323532649448936,45.673703660770336
11.783797724611672,20.721430291934887,45.673703660770336
11.783797724611672,21.119327934420834,45.673703660770336
11.783797724611672,21.517225576906785,45.673703660770336
11.783797724611672,21.915123219392733,45.673703660770336
11.783797724611672,22.313020861878684,45.673703660770336
11.783797724611672,22.710918504364635,45.673703660770336
11.783797724611672,23.108816146850582,45.673703660770336
13.065380160276437,3.6118316650390634,46.50029334243463
13.065380160276437,4.009729307525013,46.50029334243463
11.786019924423782,4.407626950010962,46.50029334243463
11.786019924423782,4.805524592496912,46.50029334243463
11.786019924423782,5.203422234982861,46.50029334243463
11.786019924423782,5.601319877468811,46.50029334243463
11.786019924423782,5.99921751995476,46.50029334243463
11.786019924423782,6.397115162440709,46.50029334243463
11.786019924423782,6.7950128049266585,46.50029334243463
11.786019924423782,7.192910447412608,46.50029334243463
11.786019924423782,7.590808089898557,46.50029334243463
11.786019924423782,7.988705732384506,46.50029334243463
11.786019924423782,8.386603374870457,46.50029334243463
11.786019924423782,8.784501017356405,46.50029334243463
11.786019924423782,9.182398659842356,46.50029334243463
11.786019924423782,9.580296302328303,46.50029334243463
11.78400412464085,9.978193944814254,46.50029334243463
11.78400412464085,10.376091587300202,46.50029334243463
11.78400412464085,10.773989229786153,46.50029334243463
11.783797724611672,11.1718868722721,46.50029334243463
11.783797724611672,11.569784514758052,46.50029334243463
11.783797724611672,11.967682157243999,46.50029334243463
11.783797724611672,12.36557979972995,46.50029334243463
11.783797724611672,12.763477442215898,46.50029334243463
11.783797724611672,13.161375084701849,46.50029334243463
11.783797724611672,13.5592727271878,46.50029334243463
11.783797724611672,13.957170369673747,46.50029334243463
11.783797724611672,14.355068012159698,46.50029334243463
11.783797724611672,14.752965654645646,46.50029334243463
11.783797724611672,15.150863297131597,46.50029334243463
11.783797724611672,15.548760939617544,46.50029334243463
11.783797724611672,15.946658582103495,46.50029334243463
11.783797724611672,16.344556224589443,46.50029334243463
11.783797724611672,16.742453867075394,46.50029334243463
11.783797724611672,17.14035150956134,46.50029334243463
11.783797724611672,17.538249152047293,46.50029334243463
11.783797724611672,17.93614679453324,46.50029334243463
11.783797724611672,18.33404443701919,46.50029334243463
11.783797724611672,18.73194207950514,46.50029334243463
11.783797724611672,19.12983972199109,46.50029334243463
11.783797724611672,19.527737364477037,46.50029334243463
11.783797724611672,19.925635006962988,46.50029334243463
11.783797724611672,20.323532649448936,46.50029334243463
11.783797724611672,20.721430291934887,46.50029334243463
11.783797724611672,21.119327934420834,46.50029334243463
11.783797724611672,21.517225576906785,46.50029334243463
11.783797724611672,21.915123219392733,46.50029334243463
11.783797724611672,22.313020861878684,46.50029334243463
11.783797724611672,22.710918504364635,46.50029334243463
11.783797724611672,23.108816146850582,46.50029334243463
13.065380160276437,3.6118316650390634,47.32688302409892
13.065380160276437,4.009729307525013,47.32688302409892
11.786019924423782,4.407626950010962,47.32688302409892
11.786019924423782,4.805524592496912,47.32688302409892
11.786019924423782,5.203422234982861,47.32688302409892
11.786019924423782,5.601319877468811,47.32688302409892
11.786019924423782,5.99921751995476,47.32688302409892
11.786019924423782,6.397115162440709,47.32688302409892
11.786019924423782,6.7950128049266585,47.32688302409892
11.786019924423782,7.192910447412608,47.32688302409892
11.786019924423782,7.590808089898557,47.32688302409892
11.786019924423782,7.988705732384506,47.32688302409892
11.786019924423782,8.386603374870457,47.32688302409892
11.786019924423782,8.784501017356405,47.32688302409892
11.786019924423782,9.182398659842356,47.32688302409892
11.786019924423782,9.580296302328303,47.32688302409892
11.78400412464085,9.978193944814254,47.32688302409892
11.78400412464085,10.376091587300202,47.32688302409892
11.78400412464085,10.773989229786153,47.32688302409892
11.783797724611672,11.1718868722721,47.32688302409892
11.783797724611672,11.569784514758052,47.32688302409892
11.783797724611672,11.967682157243999,47.32688302409892
11.783797724611672,12.36557979972995,47.32688302409892
11.783797724611672,12.763477442215898,47.32688302409892
11.783797724611672,13.161375084701849,47.32688302409892
11.783797724611672,13.5592727271878,47.32688302409892
11.783797724611672,13.957170369673747,47.32688302409892
11.783797724611672,14.355068012159698,47.32688302409892
11.783797724611672,14.752965654645646,47.32688302409892
11.783797724611672,15.150863297131597,47.32688302409892
11.783797724611672,15.548760939617544,47.32688302409892
11.783797724611672,15.946658582103495,47.32688302409892
11.783797724611672,16.344556224589443,47.32688302409892
11.783797724611672,16.742453867075394,47.32688302409892
11.783797724611672,17.14035150956134,47.32688302409892
11.783797724611672,17.538249152047293,47.32688302409892
11.783797724611672,17.93614679453324,47.32688302409892
11.783797724611672,18.33404443701919,47.32688302409892
11.783797724611672,18.73194207950514,47.32688302409892
11.783797724611672,19.12983972199109,47.32688302409892
11.783797724611672,19.527737364477037,47.32688302409892
11.783797724611672,19.925635006962988,47.32688302409892
11.783797724611672,20.323532649448936,47.32688302409892
11.783797724611672,20.721430291934887,47.32688302409892
11.783797724611672,21.119327934420834,47.32688302409892
11.783797724611672,21.517225576906785,47.32688302409892
11.783797724611672,21.915123219392733,47.32688302409892
11.783797724611672,22.313020861878684,47.32688302409892
11.783797724611672,22.710918504364635,47.32688302409892
11.783797724611672,23.108816146850582,47.32688302409892
13.065380160276437,3.6118316650390634,48.153472705763214
13.065380160276437,4.009729307525013,48.153472705763214
11.786019924423782,4.407626950010962,48.153472705763214
11.786019924423782,4.805524592496912,48.153472705763214
11.786019924423782,5.203422234982861,48.153472705763214
11.786019924423782,5.601319877468811,48.153472705763214
11.786019924423782,5.99921751995476,48.153472705763214
11.786019924423782,6.397115162440709,48.153472705763214
11.786019924423782,6.7950128049266585,48.153472705763214
11.786019924423782,7.192910447412608,48.153472705763214
11.786019924423782,7.590808089898557,48.153472705763214
11.786019924423782,7.988705732384506,48.153472705763214
11.786019924423782,8.386603374870457,48.153472705763214
11.786019924423782,8.784501017356405,48.153472705763214
11.786019924423782,9.182398659842356,48.153472705763214
11.786019924423782,9.580296302328303,48.153472705763214
11.78400412464085,9.978193944814254,48.153472705763214
11.78400412464085,10.376091587300202,48.153472705763214
11.78400412464085,10.773989229786153,48.153472705763214
11.783797724611672,11.1718868722721,48.153472705763214
11.783797724611672,11.569784514758052,48.153472705763214
11.783797724611672,11.967682157243999,48.153472705763214
11.783797724611672,12.36557979972995,48.153472705763214
11.783797724611672,12.763477442215898,48.153472705763214
11.783797724611672,13.161375084701849,48.153472705763214
11.783797724611672,13.5592727271878,48.153472705763214
11.783797724611672,13.957170369673747,48.153472705763214
11.783797724611672,14.355068012159698,48.153472705763214
11.783797724611672,14.752965654645646,48.153472705763214
11.783797724611672,15.150863297131597,48.153472705763214
11.783797724611672,15.548760939617544,48.153472705763214
11.783797724611672,15.946658582103495,48.153472705763214
11.783797724611672,16.344556224589443,48.153472705763214
11.783797724611672,16.742453867075394,48.153472705763214
11.783797724611672,17.14035150956134,48.153472705763214
11.783797724611672,17.538249152047293,48.153472705763214
11.783797724611672,17.93614679453324,48.153472705763214
11.783797724611672,18.33404443701919,48.153472705763214
11.783797724611672,18.73194207950514,48.153472705763214
11.783797724611672,19.12983972199109,48.153472705763214
11.783797724611672,19.527737364477037,48.153472705763214
11.783797724611672,19.925635006962988,48.153472705763214
11.783797724611672,20.323532649448936,48.153472705763214
11.783797724611672,20.721430291934887,48.153472705763214
11.783797724611672,21.119327934420834,48.153472705763214
11.783797724611672,21.517225576906785,48.153472705763214
11.783797724611672,21.915123219392733,48.153472705763214
11.783797724611672,22.313020861878684,48.153472705763214
11.783797724611672,22.710918504364635,48.153472705763214
11.783797724611672,23.108816146850582,48.153472705763214
13.065380160276437,3.6118316650390634,48.98006238742751
13.065380160276437,4.009729307525013,48.98006238742751
11.786019924423782,4.407626950010962,48.98006238742751
11.786019924423782,4.805524592496912,48.98006238742751
11.786019924423782,5.203422234982861,48.98006238742751
11.786019924423782,5.601319877468811,48.98006238742751
11.786019924423782,5.99921751995476,48.98006238742751
11.786019924423782,6.397115162440709,48.98006238742751
11.786019924423782,6.7950128049266585,48.98006238742751
11.786019924423782,7.192910447412608,48.98006238742751
11.786019924423782,7.590808089898557,48.98006238742751
11.786019924423782,7.988705732384506,48.98006238742751
11.786019924423782,8.386603374870457,48.98006238742751
11.786019924423782,8.784501017356405,48.98006238742751
11.786019924423782,9.182398659842356,48.98006238742751
11.786019924423782,9.580296302328303,48.98006238742751
11.78400412464085,9.978193944814254,48.98006238742751
11.78400412464085,10.376091587300202,48.98006238742751
11.78400412464085,10.773989229786153,48.98006238742751
11.783797724611672,11.1718868722721,48.98006238742751
11.783797724611672,11.569784514758052,48.98006238742751
11.783797724611672,11.967682157243999,48.98006238742751
11.783797724611672,12.36557979972995,48.98006238742751
11.783797724611672,12.763477442215898,48.98006238742751
11.783797724611672,13.161375084701849,48.98006238742751
11.783797724611672,13.5592727271878,48.98006238742751
11.783797724611672,13.957170369673747,48.98006238742751
11.783797724611672,14.355068012159698,48.98006238742751
11.783797724611672,14.752965654645646,48.98006238742751
11.783797724611672,15.150863297131597,48.98006238742751
11.783797724611672,15.548760939617544,48.98006238742751
11.783797724611672,15.946658582103495,48.98006238742751
11.783797724611672,16.344556224589443,48.98006238742751
11.783797724611672,16.742453867075394,48.98006238742751
11.783797724611672,17.14035150956134,48.98006238742751
11.783797724611672,17.538249152047293,48.98006238742751
11.783797724611672,17.93614679453324,48.98006238742751
11.783797724611672,18.33404443701919,48.98006238742751
11.783797724611672,18.73194207950514,48.98006238742751
11.783797724611672,19.12983972199109,48.98006238742751
11.783797724611672,19.527737364477037,48.98006238742751
11.783797724611672,19.925635006962988,48.98006238742751
11.783797724611672,20.323532649448936,48.98006238742751
11.783797724611672,20.721430291934887,48.98006238742751
11.783797724611672,21.119327934420834,48.98006238742751
11.783797724611672,21.517225576906785,48.98006238742751
11.783797724611672,21.915123219392733,48.98006238742751
11.783797724611672,22.313020861878684,48.98006238742751
11.783797724611672,22.710918504364635,48.98006238742751
11.783797724611672,23.108816146850582,48.98006238742751
13.065380160276437,3.6118316650390634,49.8066520690918
13.065380160276437,4.009729307525013,49.8066520690918
11.786019924423782,4.407626950010962,49.8066520690918
11.786019924423782,4.805524592496912,49.8066520690918
11.786019924423782,5.203422234982861,49.8066520690918
11.786019924423782,5.601319877468811,49.8066520690918
11.786019924423782,5.99921751995476,49.8066520690918
11.786019924423782,6.397115162440709,49.8066520690918
11.786019924423782,6.7950128049266585,49.8066520690918
11.786019924423782,7.192910447412608,49.8066520690918
11.786019924423782,7.590808089898557,49.8066520690918
11.786019924423782,7.988705732384506,49.8066520690918
11.786019924423782,8.386603374870457,49.8066520690918
11.786019924423782,8.784501017356405,49.8066520690918
11.786019924423782,9.182398659842356,49.8066520690918
11.786019924423782,9.580296302328303,49.8066520690918
11.78400412464085,9.978193944814254,49.8066520690918
11.78400412464085,10.376091587300202,49.8066520690918
11.78400412464085,10.773989229786153,49.8066520690918
11.783797724611672,11.1718868722721,49.8066520690918
11.783797724611672,11.569784514758052,49.8066520690918
11.783797724611672,11.967682157243999,49.8066520690918
11.783797724611672,12.36557979972995,49.8066520690918
11.783797724611672,12.763477442215898,49.8066520690918
11.783797724611672,13.161375084701849,49.8066520690918
11.783797724611672,13.5592727271878,49.8066520690918
11.783797724611672,13.957170369673747,49.8066520690918
11.783797724611672,14.355068012159698,49.8066520690918
11.783797724611672,14.752965654645646,49.8066520690918
11.783797724611672,15.150863297131597,49.8066520690918
11.783797724611672,15.548760939617544,49.8066520690918
11.783797724611672,15.946658582103495,49.8066520690918
11.783797724611672,16.344556224589443,49.8066520690918
11.783797724611672,16.742453867075394,49.8066520690918
11.783797724611672,17.14035150956134,49.8066520690918
11.783797724611672,17.538249152047293,49.8066520690918
11.783797724611672,17.93614679453324,49.8066520690918
11.783797724611672,18.33404443701919,49.8066520690918
11.783797724611672,18.73194207950514,49.8066520690918
11.783797724611672,19.12983972199109,49.8066520690918
11.783797724611672,19.527737364477037,49.8066520690918
11.783797724611672,19.925635006962988,49.8066520690918
11.783797724611672,20.323532649448936,49.8066520690918
11.783797724611672,20.721430291934887,49.8066520690918
11.783797724611672,21.119327934420834,49.8066520690918
11.783797724611672,21.517225576906785,49.8066520690918
11.783797724611672,21.915123219392733,49.8066520690918
11.783797724611672,22.313020861878684,49.8066520690918
11.783797724611672,22.710918504364635,49.8066520690918
11.783797724611672,23.108816146850582,49.8066520690918
