Q,max_south_extent,max_landfalling_v850hPa
17.081799884306104,-85,9.303757667541504
17.081799884306104,-84.58163265306122,9.303757667541504
17.081799884306104,-84.16326530612245,9.303757667541504
17.081799884306104,-83.74489795918367,9.303757667541504
17.081799884306104,-83.3265306122449,9.303757667541504
17.081799884306104,-82.90816326530613,9.303757667541504
17.081799884306104,-82.48979591836735,9.303757667541504
17.081799884306104,-82.07142857142857,9.303757667541504
17.081799884306104,-81.65306122448979,9.303757667541504
17.081799884306104,-81.23469387755102,9.303757667541504
17.081799884306104,-80.81632653061224,9.303757667541504
17.081799884306104,-80.39795918367346,9.303757667541504
17.081799884306104,-79.9795918367347,9.303757667541504
17.081799884306104,-79.56122448979592,9.303757667541504
17.081799884306104,-79.14285714285714,9.303757667541504
17.081799884306104,-78.72448979591837,9.303757667541504
17.081799884306104,-78.3061224489796,9.303757667541504
17.081800551755705,-77.88775510204081,9.303757667541504
17.081800551755705,-77.46938775510205,9.303757667541504
17.081800551755705,-77.05102040816327,9.303757667541504
17.081800551755705,-76.63265306122449,9.303757667541504
17.081800551755705,-76.21428571428571,9.303757667541504
17.081800551755705,-75.79591836734694,9.303757667541504
17.081800551755705,-75.37755102040816,9.303757667541504
17.081800551755705,-74.95918367346938,9.303757667541504
17.081800551755705,-74.54081632653062,9.303757667541504
17.081800551755705,-74.12244897959184,9.303757667541504
16.786628981125972,-73.70408163265306,9.303757667541504
16.786628981125972,-73.28571428571428,9.303757667541504
16.786628981125972,-72.86734693877551,9.303757667541504
16.786628319703087,-72.44897959183673,9.303757667541504
16.786628319703087,-72.03061224489795,9.303757667541504
16.786628319703087,-71.61224489795919,9.303757667541504
16.786628319703087,-71.1938775510204,9.303757667541504
16.786628319703087,-70.77551020408163,9.303757667541504
16.786628319703087,-70.35714285714286,9.303757667541504
16.786628319703087,-69.93877551020408,9.303757667541504
16.786628319703087,-69.5204081632653,9.303757667541504
16.786628319703087,-69.10204081632654,9.303757667541504
16.786628319703087,-68.68367346938776,9.303757667541504
16.786628319703087,-68.26530612244898,9.303757667541504
16.786628319703087,-67.84693877551021,9.303757667541504
16.786628319703087,-67.42857142857143,9.303757667541504
16.786628319703087,-67.01020408163265,9.303757667541504
16.786628319703087,-66.59183673469389,9.303757667541504
16.786628319703087,-66.1734693877551,9.303757667541504
16.786628319703087,-65.75510204081633,9.303757667541504
16.786628319703087,-65.33673469387755,9.303757667541504
16.786628319703087,-64.91836734693877,9.303757667541504
16.786628319703087,-64.5,9.303757667541504
17.081799884306104,-85,10.130347349205795
17.081799884306104,-84.58163265306122,10.130347349205795
17.081799884306104,-84.16326530612245,10.130347349205795
17.081799884306104,-83.74489795918367,10.130347349205795
17.081799884306104,-83.3265306122449,10.130347349205795
17.081799884306104,-82.90816326530613,10.130347349205795
17.081799884306104,-82.48979591836735,10.130347349205795
17.081799884306104,-82.07142857142857,10.130347349205795
17.081799884306104,-81.65306122448979,10.130347349205795
17.081799884306104,-81.23469387755102,10.130347349205795
17.081799884306104,-80.81632653061224,10.130347349205795
17.081799884306104,-80.39795918367346,10.130347349205795
17.081799884306104,-79.9795918367347,10.130347349205795
17.081799884306104,-79.56122448979592,10.130347349205795
17.081799884306104,-79.14285714285714,10.130347349205795
17.081799884306104,-78.72448979591837,10.130347349205795
17.081799884306104,-78.3061224489796,10.130347349205795
17.081800551755705,-77.88775510204081,10.130347349205795
17.081800551755705,-77.46938775510205,10.130347349205795
17.081800551755705,-77.05102040816327,10.130347349205795
17.081800551755705,-76.63265306122449,10.130347349205795
17.081800551755705,-76.21428571428571,10.130347349205795
17.081800551755705,-75.79591836734694,10.130347349205795
17.081800551755705,-75.37755102040816,10.130347349205795
17.081800551755705,-74.95918367346938,10.130347349205795
17.081800551755705,-74.54081632653062,10.130347349205795
17.081800551755705,-74.12244897959184,10.130347349205795
16.786628981125972,-73.70408163265306,10.130347349205795
16.786628981125972,-73.28571428571428,10.130347349205795
16.786628981125972,-72.86734693877551,10.130347349205795
16.786628319703087,-72.44897959183673,10.130347349205795
16.786628319703087,-72.03061224489795,10.130347349205795
16.786628319703087,-71.61224489795919,10.130347349205795
16.786628319703087,-71.1938775510204,10.130347349205795
16.786628319703087,-70.77551020408163,10.130347349205795
16.786628319703087,-70.35714285714286,10.130347349205795
16.786628319703087,-69.93877551020408,10.130347349205795
16.786628319703087,-69.5204081632653,10.130347349205795
16.786628319703087,-69.10204081632654,10.130347349205795
16.786628319703087,-68.68367346938776,10.130347349205795
16.786628319703087,-68.26530612244898,10.130347349205795
16.786628319703087,-67.84693877551021,10.130347349205795
16.786628319703087,-67.42857142857143,10.130347349205795
16.786628319703087,-67.01020408163265,10.130347349205795
16.786628319703087,-66.59183673469389,10.130347349205795
16.786628319703087,-66.1734693877551,10.130347349205795
16.786628319703087,-65.75510204081633,10.130347349205795
16.786628319703087,-65.33673469387755,10.130347349205795
16.786628319703087,-64.91836734693877,10.130347349205795
16.786628319703087,-64.5,10.130347349205795
17.081799884306104,-85,10.956937030870087
17.081799884306104,-84.58163265306122,10.956937030870087
17.081799884306104,-84.16326530612245,10.956937030870087
17.081799884306104,-83.74489795918367,10.956937030870087
17.081799884306104,-83.3265306122449,10.956937030870087
17.081799884306104,-82.90816326530613,10.956937030870087
17.081799884306104,-82.48979591836735,10.956937030870087
17.081799884306104,-82.07142857142857,10.956937030870087
17.081799884306104,-81.65306122448979,10.956937030870087
17.081799884306104,-81.23469387755102,10.956937030870087
17.081799884306104,-80.81632653061224,10.956937030870087
17.081799884306104,-80.39795918367346,10.956937030870087
17.081799884306104,-79.9795918367347,10.956937030870087
17.081799884306104,-79.56122448979592,10.956937030870087
17.081799884306104,-79.14285714285714,10.956937030870087
17.081799884306104,-78.72448979591837,10.956937030870087
17.081799884306104,-78.3061224489796,10.956937030870087
17.081800551755705,-77.88775510204081,10.956937030870087
17.081800551755705,-77.46938775510205,10.956937030870087
17.081800551755705,-77.05102040816327,10.956937030870087
17.081800551755705,-76.63265306122449,10.956937030870087
17.081800551755705,-76.21428571428571,10.956937030870087
17.081800551755705,-75.79591836734694,10.956937030870087
17.081800551755705,-75.37755102040816,10.956937030870087
17.081800551755705,-74.95918367346938,10.956937030870087
17.081800551755705,-74.54081632653062,10.956937030870087
17.081800551755705,-74.12244897959184,10.956937030870087
16.786628981125972,-73.70408163265306,10.956937030870087
16.786628981125972,-73.28571428571428,10.956937030870087
16.786628981125972,-72.86734693877551,10.956937030870087
16.786628319703087,-72.44897959183673,10.956937030870087
16.786628319703087,-72.03061224489795,10.956937030870087
16.786628319703087,-71.61224489795919,10.956937030870087
16.786628319703087,-71.1938775510204,10.956937030870087
16.786628319703087,-70.77551020408163,10.956937030870087
16.786628319703087,-70.35714285714286,10.956937030870087
16.786628319703087,-69.93877551020408,10.956937030870087
16.786628319703087,-69.5204081632653,10.956937030870087
16.786628319703087,-69.10204081632654,10.956937030870087
16.786628319703087,-68.68367346938776,10.956937030870087
16.786628319703087,-68.26530612244898,10.956937030870087
16.786628319703087,-67.84693877551021,10.956937030870087
16.786628319703087,-67.42857142857143,10.956937030870087
16.786628319703087,-67.01020408163265,10.956937030870087
16.786628319703087,-66.59183673469389,10.956937030870087
16.786628319703087,-66.1734693877551,10.956937030870087
16.786628319703087,-65.75510204081633,10.956937030870087
16.786628319703087,-65.33673469387755,10.956937030870087
16.786628319703087,-64.91836734693877,10.956937030870087
16.786628319703087,-64.5,10.956937030870087
17.081799884306104,-85,11.783526712534378
17.081799884306104,-84.58163265306122,11.783526712534378
17.081799884306104,-84.16326530612245,11.783526712534378
17.081799884306104,-83.74489795918367,11.783526712534378
17.081799884306104,-83.3265306122449,11.783526712534378
17.081799884306104,-82.90816326530613,11.783526712534378
17.081799884306104,-82.48979591836735,11.783526712534378
17.081799884306104,-82.07142857142857,11.783526712534378
17.081799884306104,-81.65306122448979,11.783526712534378
17.081799884306104,-81.23469387755102,11.783526712534378
17.081799884306104,-80.81632653061224,11.783526712534378
17.081799884306104,-80.39795918367346,11.783526712534378
17.081799884306104,-79.9795918367347,11.783526712534378
17.081799884306104,-79.56122448979592,11.783526712534378
17.081799884306104,-79.14285714285714,11.783526712534378
17.081799884306104,-78.72448979591837,11.783526712534378
17.081799884306104,-78.3061224489796,11.783526712534378
17.081800551755705,-77.88775510204081,11.783526712534378
17.081800551755705,-77.46938775510205,11.783526712534378
17.081800551755705,-77.05102040816327,11.783526712534378
17.081800551755705,-76.63265306122449,11.783526712534378
17.081800551755705,-76.21428571428571,11.783526712534378
17.081800551755705,-75.79591836734694,11.783526712534378
17.081800551755705,-75.37755102040816,11.783526712534378
17.081800551755705,-74.95918367346938,11.783526712534378
17.081800551755705,-74.54081632653062,11.783526712534378
17.081800551755705,-74.12244897959184,11.783526712534378
16.786628981125972,-73.70408163265306,11.783526712534378
16.786628981125972,-73.28571428571428,11.783526712534378
16.786628981125972,-72.86734693877551,11.783526712534378
16.786628319703087,-72.44897959183673,11.783526712534378
16.786628319703087,-72.03061224489795,11.783526712534378
16.786628319703087,-71.61224489795919,11.783526712534378
16.786628319703087,-71.1938775510204,11.783526712534378
16.786628319703087,-70.77551020408163,11.783526712534378
16.786628319703087,-70.35714285714286,11.783526712534378
16.786628319703087,-69.93877551020408,11.783526712534378
16.786628319703087,-69.5204081632653,11.783526712534378
16.786628319703087,-69.10204081632654,11.783526712534378
16.786628319703087,-68.68367346938776,11.783526712534378
16.786628319703087,-68.26530612244898,11.783526712534378
16.786628319703087,-67.84693877551021,11.783526712534378
16.786628319703087,-67.42857142857143,11.783526712534378
16.786628319703087,-67.01020408163265,11.783526712534378
16.786628319703087,-66.59183673469389,11.783526712534378
16.786628319703087,-66.1734693877551,11.783526712534378
16.786628319703087,-65.75510204081633,11.783526712534378
16.786628319703087,-65.33673469387755,11.783526712534378
16.786628319703087,-64.91836734693877,11.783526712534378
16.786628319703087,-64.5,11.783526712534378
17.081799884306104,-85,12.61011639419867
17.081799884306104,-84.58163265306122,12.61011639419867
17.081799884306104,-84.16326530612245,12.61011639419867
17.081799884306104,-83.74489795918367,12.61011639419867
17.081799884306104,-83.3265306122449,12.61011639419867
17.081799884306104,-82.90816326530613,12.61011639419867
17.081799884306104,-82.48979591836735,12.61011639419867
17.081799884306104,-82.07142857142857,12.61011639419867
17.081799884306104,-81.65306122448979,12.61011639419867
17.081799884306104,-81.23469387755102,12.61011639419867
17.081799884306104,-80.81632653061224,12.61011639419867
17.081799884306104,-80.39795918367346,12.61011639419867
17.081799884306104,-79.9795918367347,12.61011639419867
17.081799884306104,-79.56122448979592,12.61011639419867
17.081799884306104,-79.14285714285714,12.61011639419867
17.081799884306104,-78.72448979591837,12.61011639419867
17.081799884306104,-78.3061224489796,12.61011639419867
17.081800551755705,-77.88775510204081,12.61011639419867
17.081800551755705,-77.46938775510205,12.61011639419867
17.081800551755705,-77.05102040816327,12.61011639419867
17.081800551755705,-76.63265306122449,12.61011639419867
17.081800551755705,-76.21428571428571,12.61011639419867
17.081800551755705,-75.79591836734694,12.61011639419867
17.081800551755705,-75.37755102040816,12.61011639419867
17.081800551755705,-74.95918367346938,12.61011639419867
17.081800551755705,-74.54081632653062,12.61011639419867
17.081800551755705,-74.12244897959184,12.61011639419867
16.786628981125972,-73.70408163265306,12.61011639419867
16.786628981125972,-73.28571428571428,12.61011639419867
16.786628981125972,-72.86734693877551,12.61011639419867
16.786628319703087,-72.44897959183673,12.61011639419867
16.786628319703087,-72.03061224489795,12.61011639419867
16.786628319703087,-71.61224489795919,12.61011639419867
16.786628319703087,-71.1938775510204,12.61011639419867
16.786628319703087,-70.77551020408163,12.61011639419867
16.786628319703087,-70.35714285714286,12.61011639419867
16.786628319703087,-69.93877551020408,12.61011639419867
16.786628319703087,-69.5204081632653,12.61011639419867
16.786628319703087,-69.10204081632654,12.61011639419867
16.786628319703087,-68.68367346938776,12.61011639419867
16.786628319703087,-68.26530612244898,12.61011639419867
16.786628319703087,-67.84693877551021,12.61011639419867
16.786628319703087,-67.42857142857143,12.61011639419867
16.786628319703087,-67.01020408163265,12.61011639419867
16.786628319703087,-66.59183673469389,12.61011639419867
16.786628319703087,-66.1734693877551,12.61011639419867
16.786628319703087,-65.75510204081633,12.61011639419867
16.786628319703087,-65.33673469387755,12.61011639419867
16.786628319703087,-64.91836734693877,12.61011639419867
16.786628319703087,-64.5,12.61011639419867
17.081799884306104,-85,13.436706075862961
17.081799884306104,-84.58163265306122,13.436706075862961
17.081799884306104,-84.16326530612245,13.436706075862961
17.081799884306104,-83.74489795918367,13.436706075862961
17.081799884306104,-83.3265306122449,13.436706075862961
17.081799884306104,-82.90816326530613,13.436706075862961
17.081799884306104,-82.48979591836735,13.436706075862961
17.081799884306104,-82.07142857142857,13.436706075862961
17.081799884306104,-81.65306122448979,13.436706075862961
17.081799884306104,-81.23469387755102,13.436706075862961
17.081799884306104,-80.81632653061224,13.436706075862961
17.081799884306104,-80.39795918367346,13.436706075862961
17.081799884306104,-79.9795918367347,13.436706075862961
17.081799884306104,-79.56122448979592,13.436706075862961
17.081799884306104,-79.14285714285714,13.436706075862961
17.081799884306104,-78.72448979591837,13.436706075862961
17.081799884306104,-78.3061224489796,13.436706075862961
17.081800551755705,-77.88775510204081,13.436706075862961
17.081800551755705,-77.46938775510205,13.436706075862961
17.081800551755705,-77.05102040816327,13.436706075862961
17.081800551755705,-76.63265306122449,13.436706075862961
17.081800551755705,-76.21428571428571,13.436706075862961
17.081800551755705,-75.79591836734694,13.436706075862961
17.081800551755705,-75.37755102040816,13.436706075862961
17.081800551755705,-74.95918367346938,13.436706075862961
17.081800551755705,-74.54081632653062,13.436706075862961
17.081800551755705,-74.12244897959184,13.436706075862961
16.786628981125972,-73.70408163265306,13.436706075862961
16.786628981125972,-73.28571428571428,13.436706075862961
16.786628981125972,-72.86734693877551,13.436706075862961
16.786628319703087,-72.44897959183673,13.436706075862961
16.786628319703087,-72.03061224489795,13.436706075862961
16.786628319703087,-71.61224489795919,13.436706075862961
16.786628319703087,-71.1938775510204,13.436706075862961
16.786628319703087,-70.77551020408163,13.436706075862961
16.786628319703087,-70.35714285714286,13.436706075862961
16.786628319703087,-69.93877551020408,13.436706075862961
16.786628319703087,-69.5204081632653,13.436706075862961
16.786628319703087,-69.10204081632654,13.436706075862961
16.786628319703087,-68.68367346938776,13.436706075862961
16.786628319703087,-68.26530612244898,13.436706075862961
16.786628319703087,-67.84693877551021,13.436706075862961
16.786628319703087,-67.42857142857143,13.436706075862961
16.786628319703087,-67.01020408163265,13.436706075862961
16.786628319703087,-66.59183673469389,13.436706075862961
16.786628319703087,-66.1734693877551,13.436706075862961
16.786628319703087,-65.75510204081633,13.436706075862961
16.786628319703087,-65.33673469387755,13.436706075862961
16.786628319703087,-64.91836734693877,13.436706075862961
16.786628319703087,-64.5,13.436706075862961
17.081799884306104,-85,14.263295757527255
17.081799884306104,-84.58163265306122,14.263295757527255
17.081799884306104,-84.16326530612245,14.263295757527255
17.081799884306104,-83.74489795918367,14.263295757527255
17.081799884306104,-83.3265306122449,14.263295757527255
17.081799884306104,-82.90816326530613,14.263295757527255
17.081799884306104,-82.48979591836735,14.263295757527255
17.081799884306104,-82.07142857142857,14.263295757527255
17.081799884306104,-81.65306122448979,14.263295757527255
17.081799884306104,-81.23469387755102,14.263295757527255
17.081799884306104,-80.81632653061224,14.263295757527255
17.081799884306104,-80.39795918367346,14.263295757527255
17.081799884306104,-79.9795918367347,14.263295757527255
17.081799884306104,-79.56122448979592,14.263295757527255
17.081799884306104,-79.14285714285714,14.263295757527255
17.081799884306104,-78.72448979591837,14.263295757527255
17.081799884306104,-78.3061224489796,14.263295757527255
17.081800551755705,-77.88775510204081,14.263295757527255
17.081800551755705,-77.46938775510205,14.263295757527255
17.081800551755705,-77.05102040816327,14.263295757527255
17.081800551755705,-76.63265306122449,14.263295757527255
17.081800551755705,-76.21428571428571,14.263295757527255
17.081800551755705,-75.79591836734694,14.263295757527255
17.081800551755705,-75.37755102040816,14.263295757527255
17.081800551755705,-74.95918367346938,14.263295757527255
17.081800551755705,-74.54081632653062,14.263295757527255
17.081800551755705,-74.12244897959184,14.263295757527255
16.786628981125972,-73.70408163265306,14.263295757527255
16.786628981125972,-73.28571428571428,14.263295757527255
16.786628981125972,-72.86734693877551,14.263295757527255
16.786628319703087,-72.44897959183673,14.263295757527255
16.786628319703087,-72.03061224489795,14.263295757527255
16.786628319703087,-71.61224489795919,14.263295757527255
16.786628319703087,-71.1938775510204,14.263295757527255
16.786628319703087,-70.77551020408163,14.263295757527255
16.786628319703087,-70.35714285714286,14.263295757527255
16.786628319703087,-69.93877551020408,14.263295757527255
16.786628319703087,-69.5204081632653,14.263295757527255
16.786628319703087,-69.10204081632654,14.263295757527255
16.786628319703087,-68.68367346938776,14.263295757527255
16.786628319703087,-68.26530612244898,14.263295757527255
16.786628319703087,-67.84693877551021,14.263295757527255
16.786628319703087,-67.42857142857143,14.263295757527255
16.786628319703087,-67.01020408163265,14.263295757527255
16.786628319703087,-66.59183673469389,14.263295757527255
16.786628319703087,-66.1734693877551,14.263295757527255
16.786628319703087,-65.75510204081633,14.263295757527255
16.786628319703087,-65.33673469387755,14.263295757527255
16.786628319703087,-64.91836734693877,14.263295757527255
16.786628319703087,-64.5,14.263295757527255
17.081799884306104,-85,15.089885439191546
17.081799884306104,-84.58163265306122,15.089885439191546
17.081799884306104,-84.16326530612245,15.089885439191546
17.081799884306104,-83.74489795918367,15.089885439191546
17.081799884306104,-83.3265306122449,15.089885439191546
17.081799884306104,-82.90816326530613,15.089885439191546
17.081799884306104,-82.48979591836735,15.089885439191546
17.081799884306104,-82.07142857142857,15.089885439191546
17.081799884306104,-81.65306122448979,15.089885439191546
17.081799884306104,-81.23469387755102,15.089885439191546
17.081799884306104,-80.81632653061224,15.089885439191546
17.081799884306104,-80.39795918367346,15.089885439191546
17.081799884306104,-79.9795918367347,15.089885439191546
17.081799884306104,-79.56122448979592,15.089885439191546
17.081799884306104,-79.14285714285714,15.089885439191546
17.081799884306104,-78.72448979591837,15.089885439191546
17.081799884306104,-78.3061224489796,15.089885439191546
17.081800551755705,-77.88775510204081,15.089885439191546
17.081800551755705,-77.46938775510205,15.089885439191546
17.081800551755705,-77.05102040816327,15.089885439191546
17.081800551755705,-76.63265306122449,15.089885439191546
17.081800551755705,-76.21428571428571,15.089885439191546
17.081800551755705,-75.79591836734694,15.089885439191546
17.081800551755705,-75.37755102040816,15.089885439191546
17.081800551755705,-74.95918367346938,15.089885439191546
17.081800551755705,-74.54081632653062,15.089885439191546
17.081800551755705,-74.12244897959184,15.089885439191546
16.786628981125972,-73.70408163265306,15.089885439191546
16.786628981125972,-73.28571428571428,15.089885439191546
16.786628981125972,-72.86734693877551,15.089885439191546
16.786628319703087,-72.44897959183673,15.089885439191546
16.786628319703087,-72.03061224489795,15.089885439191546
16.786628319703087,-71.61224489795919,15.089885439191546
16.786628319703087,-71.1938775510204,15.089885439191546
16.786628319703087,-70.77551020408163,15.089885439191546
16.786628319703087,-70.35714285714286,15.089885439191546
16.786628319703087,-69.93877551020408,15.089885439191546
16.786628319703087,-69.5204081632653,15.089885439191546
16.786628319703087,-69.10204081632654,15.089885439191546
16.786628319703087,-68.68367346938776,15.089885439191546
16.786628319703087,-68.26530612244898,15.089885439191546
16.786628319703087,-67.84693877551021,15.089885439191546
16.786628319703087,-67.42857142857143,15.089885439191546
16.786628319703087,-67.01020408163265,15.089885439191546
16.786628319703087,-66.59183673469389,15.089885439191546
16.786628319703087,-66.1734693877551,15.089885439191546
16.786628319703087,-65.75510204081633,15.089885439191546
16.786628319703087,-65.33673469387755,15.089885439191546
16.786628319703087,-64.91836734693877,15.089885439191546
16.786628319703087,-64.5,15.089885439191546
17.081799884306104,-85,15.916475120855837
17.081799884306104,-84.58163265306122,15.916475120855837
17.081799884306104,-84.16326530612245,15.916475120855837
17.081799884306104,-83.74489795918367,15.916475120855837
17.081799884306104,-83.3265306122449,15.916475120855837
17.081799884306104,-82.90816326530613,15.916475120855837
17.081799884306104,-82.48979591836735,15.916475120855837
17.081799884306104,-82.07142857142857,15.916475120855837
17.081799884306104,-81.65306122448979,15.916475120855837
17.081799884306104,-81.23469387755102,15.916475120855837
17.081799884306104,-80.81632653061224,15.916475120855837
17.081799884306104,-80.39795918367346,15.916475120855837
17.081799884306104,-79.9795918367347,15.916475120855837
17.081799884306104,-79.56122448979592,15.916475120855837
17.081799884306104,-79.14285714285714,15.916475120855837
17.081799884306104,-78.72448979591837,15.916475120855837
17.081799884306104,-78.3061224489796,15.916475120855837
17.081800551755705,-77.88775510204081,15.916475120855837
17.081800551755705,-77.46938775510205,15.916475120855837
17.081800551755705,-77.05102040816327,15.916475120855837
17.081800551755705,-76.63265306122449,15.916475120855837
17.081800551755705,-76.21428571428571,15.916475120855837
17.081800551755705,-75.79591836734694,15.916475120855837
17.081800551755705,-75.37755102040816,15.916475120855837
17.081800551755705,-74.95918367346938,15.916475120855837
17.081800551755705,-74.54081632653062,15.916475120855837
17.081800551755705,-74.12244897959184,15.916475120855837
16.786628981125972,-73.70408163265306,15.916475120855837
16.786628981125972,-73.28571428571428,15.916475120855837
16.786628981125972,-72.86734693877551,15.916475120855837
16.786628319703087,-72.44897959183673,15.916475120855837
16.786628319703087,-72.03061224489795,15.916475120855837
16.786628319703087,-71.61224489795919,15.916475120855837
16.786628319703087,-71.1938775510204,15.916475120855837
16.786628319703087,-70.77551020408163,15.916475120855837
16.786628319703087,-70.35714285714286,15.916475120855837
16.786628319703087,-69.93877551020408,15.916475120855837
16.786628319703087,-69.5204081632653,15.916475120855837
16.786628319703087,-69.10204081632654,15.916475120855837
16.786628319703087,-68.68367346938776,15.916475120855837
16.786628319703087,-68.26530612244898,15.916475120855837
16.786628319703087,-67.84693877551021,15.916475120855837
16.786628319703087,-67.42857142857143,15.916475120855837
16.786628319703087,-67.01020408163265,15.916475120855837
16.786628319703087,-66.59183673469389,15.916475120855837
16.786628319703087,-66.1734693877551,15.916475120855837
16.786628319703087,-65.75510204081633,15.916475120855837
16.786628319703087,-65.33673469387755,15.916475120855837
16.786628319703087,-64.91836734693877,15.916475120855837
16.786628319703087,-64.5,15.916475120855837
16.5674303511745,-85,16.74306480252013
16.5674303511745,-84.58163265306122,16.74306480252013
16.5674303511745,-84.16326530612245,16.74306480252013
16.5674303511745,-83.74489795918367,16.74306480252013
16.5674303511745,-83.3265306122449,16.74306480252013
16.5674303511745,-82.90816326530613,16.74306480252013
16.5674303511745,-82.48979591836735,16.74306480252013
16.5674303511745,-82.07142857142857,16.74306480252013
16.5674303511745,-81.65306122448979,16.74306480252013
16.5674303511745,-81.23469387755102,16.74306480252013
16.5674303511745,-80.81632653061224,16.74306480252013
16.5674303511745,-80.39795918367346,16.74306480252013
16.5674303511745,-79.9795918367347,16.74306480252013
16.5674303511745,-79.56122448979592,16.74306480252013
16.5674303511745,-79.14285714285714,16.74306480252013
16.5674303511745,-78.72448979591837,16.74306480252013
16.5674303511745,-78.3061224489796,16.74306480252013
16.567430998385195,-77.88775510204081,16.74306480252013
16.567430998385195,-77.46938775510205,16.74306480252013
16.567430998385195,-77.05102040816327,16.74306480252013
16.567430998385195,-76.63265306122449,16.74306480252013
16.567430998385195,-76.21428571428571,16.74306480252013
16.567430998385195,-75.79591836734694,16.74306480252013
16.567430998385195,-75.37755102040816,16.74306480252013
16.567430998385195,-74.95918367346938,16.74306480252013
16.567430998385195,-74.54081632653062,16.74306480252013
16.567430998385195,-74.12244897959184,16.74306480252013
16.278322470000298,-73.70408163265306,16.74306480252013
16.278322470000298,-73.28571428571428,16.74306480252013
16.278322470000298,-72.86734693877551,16.74306480252013
16.27832182863358,-72.44897959183673,16.74306480252013
16.27832182863358,-72.03061224489795,16.74306480252013
16.27832182863358,-71.61224489795919,16.74306480252013
16.27832182863358,-71.1938775510204,16.74306480252013
16.27832182863358,-70.77551020408163,16.74306480252013
16.27832182863358,-70.35714285714286,16.74306480252013
16.27832182863358,-69.93877551020408,16.74306480252013
16.27832182863358,-69.5204081632653,16.74306480252013
16.27832182863358,-69.10204081632654,16.74306480252013
16.27832182863358,-68.68367346938776,16.74306480252013
16.27832182863358,-68.26530612244898,16.74306480252013
16.27832182863358,-67.84693877551021,16.74306480252013
16.27832182863358,-67.42857142857143,16.74306480252013
16.27832182863358,-67.01020408163265,16.74306480252013
16.27832182863358,-66.59183673469389,16.74306480252013
16.27832182863358,-66.1734693877551,16.74306480252013
16.27832182863358,-65.75510204081633,16.74306480252013
16.27832182863358,-65.33673469387755,16.74306480252013
16.27832182863358,-64.91836734693877,16.74306480252013
16.27832182863358,-64.5,16.74306480252013
16.5674303511745,-85,17.56965448418442
16.5674303511745,-84.58163265306122,17.56965448418442
16.5674303511745,-84.16326530612245,17.56965448418442
16.5674303511745,-83.74489795918367,17.56965448418442
16.5674303511745,-83.3265306122449,17.56965448418442
16.5674303511745,-82.90816326530613,17.56965448418442
16.5674303511745,-82.48979591836735,17.56965448418442
16.5674303511745,-82.07142857142857,17.56965448418442
16.5674303511745,-81.65306122448979,17.56965448418442
16.5674303511745,-81.23469387755102,17.56965448418442
16.5674303511745,-80.81632653061224,17.56965448418442
16.5674303511745,-80.39795918367346,17.56965448418442
16.5674303511745,-79.9795918367347,17.56965448418442
16.5674303511745,-79.56122448979592,17.56965448418442
16.5674303511745,-79.14285714285714,17.56965448418442
16.5674303511745,-78.72448979591837,17.56965448418442
16.5674303511745,-78.3061224489796,17.56965448418442
16.567430998385195,-77.88775510204081,17.56965448418442
16.567430998385195,-77.46938775510205,17.56965448418442
16.567430998385195,-77.05102040816327,17.56965448418442
16.567430998385195,-76.63265306122449,17.56965448418442
16.567430998385195,-76.21428571428571,17.56965448418442
16.567430998385195,-75.79591836734694,17.56965448418442
16.567430998385195,-75.37755102040816,17.56965448418442
16.567430998385195,-74.95918367346938,17.56965448418442
16.567430998385195,-74.54081632653062,17.56965448418442
16.567430998385195,-74.12244897959184,17.56965448418442
16.278322470000298,-73.70408163265306,17.56965448418442
16.278322470000298,-73.28571428571428,17.56965448418442
16.278322470000298,-72.86734693877551,17.56965448418442
16.27832182863358,-72.44897959183673,17.56965448418442
16.27832182863358,-72.03061224489795,17.56965448418442
16.27832182863358,-71.61224489795919,17.56965448418442
16.27832182863358,-71.1938775510204,17.56965448418442
16.27832182863358,-70.77551020408163,17.56965448418442
16.27832182863358,-70.35714285714286,17.56965448418442
16.27832182863358,-69.93877551020408,17.56965448418442
16.27832182863358,-69.5204081632653,17.56965448418442
16.27832182863358,-69.10204081632654,17.56965448418442
16.27832182863358,-68.68367346938776,17.56965448418442
16.27832182863358,-68.26530612244898,17.56965448418442
16.27832182863358,-67.84693877551021,17.56965448418442
16.27832182863358,-67.42857142857143,17.56965448418442
16.27832182863358,-67.01020408163265,17.56965448418442
16.27832182863358,-66.59183673469389,17.56965448418442
16.27832182863358,-66.1734693877551,17.56965448418442
16.27832182863358,-65.75510204081633,17.56965448418442
16.27832182863358,-65.33673469387755,17.56965448418442
16.27832182863358,-64.91836734693877,17.56965448418442
16.27832182863358,-64.5,17.56965448418442
16.5674303511745,-85,18.396244165848714
16.5674303511745,-84.58163265306122,18.396244165848714
16.5674303511745,-84.16326530612245,18.396244165848714
16.5674303511745,-83.74489795918367,18.396244165848714
16.5674303511745,-83.3265306122449,18.396244165848714
16.5674303511745,-82.90816326530613,18.396244165848714
16.5674303511745,-82.48979591836735,18.396244165848714
16.5674303511745,-82.07142857142857,18.396244165848714
16.5674303511745,-81.65306122448979,18.396244165848714
16.5674303511745,-81.23469387755102,18.396244165848714
16.5674303511745,-80.81632653061224,18.396244165848714
16.5674303511745,-80.39795918367346,18.396244165848714
16.5674303511745,-79.9795918367347,18.396244165848714
16.5674303511745,-79.56122448979592,18.396244165848714
16.5674303511745,-79.14285714285714,18.396244165848714
16.5674303511745,-78.72448979591837,18.396244165848714
16.5674303511745,-78.3061224489796,18.396244165848714
16.567430998385195,-77.88775510204081,18.396244165848714
16.567430998385195,-77.46938775510205,18.396244165848714
16.567430998385195,-77.05102040816327,18.396244165848714
16.567430998385195,-76.63265306122449,18.396244165848714
16.567430998385195,-76.21428571428571,18.396244165848714
16.567430998385195,-75.79591836734694,18.396244165848714
16.567430998385195,-75.37755102040816,18.396244165848714
16.567430998385195,-74.95918367346938,18.396244165848714
16.567430998385195,-74.54081632653062,18.396244165848714
16.567430998385195,-74.12244897959184,18.396244165848714
16.278322470000298,-73.70408163265306,18.396244165848714
16.278322470000298,-73.28571428571428,18.396244165848714
16.278322470000298,-72.86734693877551,18.396244165848714
16.27832182863358,-72.44897959183673,18.396244165848714
16.27832182863358,-72.03061224489795,18.396244165848714
16.27832182863358,-71.61224489795919,18.396244165848714
16.27832182863358,-71.1938775510204,18.396244165848714
16.27832182863358,-70.77551020408163,18.396244165848714
16.27832182863358,-70.35714285714286,18.396244165848714
16.27832182863358,-69.93877551020408,18.396244165848714
16.27832182863358,-69.5204081632653,18.396244165848714
16.27832182863358,-69.10204081632654,18.396244165848714
16.27832182863358,-68.68367346938776,18.396244165848714
16.27832182863358,-68.26530612244898,18.396244165848714
16.27832182863358,-67.84693877551021,18.396244165848714
16.27832182863358,-67.42857142857143,18.396244165848714
16.27832182863358,-67.01020408163265,18.396244165848714
16.27832182863358,-66.59183673469389,18.396244165848714
16.27832182863358,-66.1734693877551,18.396244165848714
16.27832182863358,-65.75510204081633,18.396244165848714
16.27832182863358,-65.33673469387755,18.396244165848714
16.27832182863358,-64.91836734693877,18.396244165848714
16.27832182863358,-64.5,18.396244165848714
16.5674303511745,-85,19.222833847513005
16.5674303511745,-84.58163265306122,19.222833847513005
16.5674303511745,-84.16326530612245,19.222833847513005
16.5674303511745,-83.74489795918367,19.222833847513005
16.5674303511745,-83.3265306122449,19.222833847513005
16.5674303511745,-82.90816326530613,19.222833847513005
16.5674303511745,-82.48979591836735,19.222833847513005
16.5674303511745,-82.07142857142857,19.222833847513005
16.5674303511745,-81.65306122448979,19.222833847513005
16.5674303511745,-81.23469387755102,19.222833847513005
16.5674303511745,-80.81632653061224,19.222833847513005
16.5674303511745,-80.39795918367346,19.222833847513005
16.5674303511745,-79.9795918367347,19.222833847513005
16.5674303511745,-79.56122448979592,19.222833847513005
16.5674303511745,-79.14285714285714,19.222833847513005
16.5674303511745,-78.72448979591837,19.222833847513005
16.5674303511745,-78.3061224489796,19.222833847513005
16.567430998385195,-77.88775510204081,19.222833847513005
16.567430998385195,-77.46938775510205,19.222833847513005
16.567430998385195,-77.05102040816327,19.222833847513005
16.567430998385195,-76.63265306122449,19.222833847513005
16.567430998385195,-76.21428571428571,19.222833847513005
16.567430998385195,-75.79591836734694,19.222833847513005
16.567430998385195,-75.37755102040816,19.222833847513005
16.567430998385195,-74.95918367346938,19.222833847513005
16.567430998385195,-74.54081632653062,19.222833847513005
16.567430998385195,-74.12244897959184,19.222833847513005
16.278322470000298,-73.70408163265306,19.222833847513005
16.278322470000298,-73.28571428571428,19.222833847513005
16.278322470000298,-72.86734693877551,19.222833847513005
16.27832182863358,-72.44897959183673,19.222833847513005
16.27832182863358,-72.03061224489795,19.222833847513005
16.27832182863358,-71.61224489795919,19.222833847513005
16.27832182863358,-71.1938775510204,19.222833847513005
16.27832182863358,-70.77551020408163,19.222833847513005
16.27832182863358,-70.35714285714286,19.222833847513005
16.27832182863358,-69.93877551020408,19.222833847513005
16.27832182863358,-69.5204081632653,19.222833847513005
16.27832182863358,-69.10204081632654,19.222833847513005
16.27832182863358,-68.68367346938776,19.222833847513005
16.27832182863358,-68.26530612244898,19.222833847513005
16.27832182863358,-67.84693877551021,19.222833847513005
16.27832182863358,-67.42857142857143,19.222833847513005
16.27832182863358,-67.01020408163265,19.222833847513005
16.27832182863358,-66.59183673469389,19.222833847513005
16.27832182863358,-66.1734693877551,19.222833847513005
16.27832182863358,-65.75510204081633,19.222833847513005
16.27832182863358,-65.33673469387755,19.222833847513005
16.27832182863358,-64.91836734693877,19.222833847513005
16.27832182863358,-64.5,19.222833847513005
16.5674303511745,-85,20.049423529177297
16.5674303511745,-84.58163265306122,20.049423529177297
16.5674303511745,-84.16326530612245,20.049423529177297
16.5674303511745,-83.74489795918367,20.049423529177297
16.5674303511745,-83.3265306122449,20.049423529177297
16.5674303511745,-82.90816326530613,20.049423529177297
16.5674303511745,-82.48979591836735,20.049423529177297
16.5674303511745,-82.07142857142857,20.049423529177297
16.5674303511745,-81.65306122448979,20.049423529177297
16.5674303511745,-81.23469387755102,20.049423529177297
16.5674303511745,-80.81632653061224,20.049423529177297
16.5674303511745,-80.39795918367346,20.049423529177297
16.5674303511745,-79.9795918367347,20.049423529177297
16.5674303511745,-79.56122448979592,20.049423529177297
16.5674303511745,-79.14285714285714,20.049423529177297
16.5674303511745,-78.72448979591837,20.049423529177297
16.5674303511745,-78.3061224489796,20.049423529177297
16.567430998385195,-77.88775510204081,20.049423529177297
16.567430998385195,-77.46938775510205,20.049423529177297
16.567430998385195,-77.05102040816327,20.049423529177297
16.567430998385195,-76.63265306122449,20.049423529177297
16.567430998385195,-76.21428571428571,20.049423529177297
16.567430998385195,-75.79591836734694,20.049423529177297
16.567430998385195,-75.37755102040816,20.049423529177297
16.567430998385195,-74.95918367346938,20.049423529177297
16.567430998385195,-74.54081632653062,20.049423529177297
16.567430998385195,-74.12244897959184,20.049423529177297
16.278322470000298,-73.70408163265306,20.049423529177297
16.278322470000298,-73.28571428571428,20.049423529177297
16.278322470000298,-72.86734693877551,20.049423529177297
16.27832182863358,-72.44897959183673,20.049423529177297
16.27832182863358,-72.03061224489795,20.049423529177297
16.27832182863358,-71.61224489795919,20.049423529177297
16.27832182863358,-71.1938775510204,20.049423529177297
16.27832182863358,-70.77551020408163,20.049423529177297
16.27832182863358,-70.35714285714286,20.049423529177297
16.27832182863358,-69.93877551020408,20.049423529177297
16.27832182863358,-69.5204081632653,20.049423529177297
16.27832182863358,-69.10204081632654,20.049423529177297
16.27832182863358,-68.68367346938776,20.049423529177297
16.27832182863358,-68.26530612244898,20.049423529177297
16.27832182863358,-67.84693877551021,20.049423529177297
16.27832182863358,-67.42857142857143,20.049423529177297
16.27832182863358,-67.01020408163265,20.049423529177297
16.27832182863358,-66.59183673469389,20.049423529177297
16.27832182863358,-66.1734693877551,20.049423529177297
16.27832182863358,-65.75510204081633,20.049423529177297
16.27832182863358,-65.33673469387755,20.049423529177297
16.27832182863358,-64.91836734693877,20.049423529177297
16.27832182863358,-64.5,20.049423529177297
12.193599160298637,-85,20.876013210841588
12.193599160298637,-84.58163265306122,20.876013210841588
12.193599160298637,-84.16326530612245,20.876013210841588
12.193599160298637,-83.74489795918367,20.876013210841588
12.193599160298637,-83.3265306122449,20.876013210841588
12.193599160298637,-82.90816326530613,20.876013210841588
12.193599160298637,-82.48979591836735,20.876013210841588
12.193599160298637,-82.07142857142857,20.876013210841588
12.193599160298637,-81.65306122448979,20.876013210841588
12.193599160298637,-81.23469387755102,20.876013210841588
12.193599160298637,-80.81632653061224,20.876013210841588
12.193599160298637,-80.39795918367346,20.876013210841588
12.193599160298637,-79.9795918367347,20.876013210841588
12.193599160298637,-79.56122448979592,20.876013210841588
12.193599160298637,-79.14285714285714,20.876013210841588
12.193599160298637,-78.72448979591837,20.876013210841588
12.193599160298637,-78.3061224489796,20.876013210841588
12.193599658769312,-77.88775510204081,20.876013210841588
12.193599658769312,-77.46938775510205,20.876013210841588
12.193599658769312,-77.05102040816327,20.876013210841588
12.193599658769312,-76.63265306122449,20.876013210841588
12.193599658769312,-76.21428571428571,20.876013210841588
12.193599658769312,-75.79591836734694,20.876013210841588
12.193599658769312,-75.37755102040816,20.876013210841588
12.193599658769312,-74.95918367346938,20.876013210841588
12.193599658769312,-74.54081632653062,20.876013210841588
12.193599658769312,-74.12244897959184,20.876013210841588
11.981177878581642,-73.70408163265306,20.876013210841588
11.981177878581642,-73.28571428571428,20.876013210841588
11.981177878581642,-72.86734693877551,20.876013210841588
11.981177384532021,-72.44897959183673,20.876013210841588
11.981177384532021,-72.03061224489795,20.876013210841588
11.981177384532021,-71.61224489795919,20.876013210841588
11.981177384532021,-71.1938775510204,20.876013210841588
11.981177384532021,-70.77551020408163,20.876013210841588
11.981177384532021,-70.35714285714286,20.876013210841588
11.981177384532021,-69.93877551020408,20.876013210841588
11.981177384532021,-69.5204081632653,20.876013210841588
11.981177384532021,-69.10204081632654,20.876013210841588
11.359436551818533,-68.68367346938776,20.876013210841588
11.359436551818533,-68.26530612244898,20.876013210841588
11.359436551818533,-67.84693877551021,20.876013210841588
11.359436551818533,-67.42857142857143,20.876013210841588
11.359436551818533,-67.01020408163265,20.876013210841588
11.359436551818533,-66.59183673469389,20.876013210841588
11.359436551818533,-66.1734693877551,20.876013210841588
11.359436551818533,-65.75510204081633,20.876013210841588
11.359436551818533,-65.33673469387755,20.876013210841588
11.359436551818533,-64.91836734693877,20.876013210841588
11.359436551818533,-64.5,20.876013210841588
12.193599160298637,-85,21.70260289250588
12.193599160298637,-84.58163265306122,21.70260289250588
12.193599160298637,-84.16326530612245,21.70260289250588
12.193599160298637,-83.74489795918367,21.70260289250588
12.193599160298637,-83.3265306122449,21.70260289250588
12.193599160298637,-82.90816326530613,21.70260289250588
12.193599160298637,-82.48979591836735,21.70260289250588
12.193599160298637,-82.07142857142857,21.70260289250588
12.193599160298637,-81.65306122448979,21.70260289250588
12.193599160298637,-81.23469387755102,21.70260289250588
12.193599160298637,-80.81632653061224,21.70260289250588
12.193599160298637,-80.39795918367346,21.70260289250588
12.193599160298637,-79.9795918367347,21.70260289250588
12.193599160298637,-79.56122448979592,21.70260289250588
12.193599160298637,-79.14285714285714,21.70260289250588
12.193599160298637,-78.72448979591837,21.70260289250588
12.193599160298637,-78.3061224489796,21.70260289250588
12.193599658769312,-77.88775510204081,21.70260289250588
12.193599658769312,-77.46938775510205,21.70260289250588
12.193599658769312,-77.05102040816327,21.70260289250588
12.193599658769312,-76.63265306122449,21.70260289250588
12.193599658769312,-76.21428571428571,21.70260289250588
12.193599658769312,-75.79591836734694,21.70260289250588
12.193599658769312,-75.37755102040816,21.70260289250588
12.193599658769312,-74.95918367346938,21.70260289250588
12.193599658769312,-74.54081632653062,21.70260289250588
12.193599658769312,-74.12244897959184,21.70260289250588
11.981177878581642,-73.70408163265306,21.70260289250588
11.981177878581642,-73.28571428571428,21.70260289250588
11.981177878581642,-72.86734693877551,21.70260289250588
11.981177384532021,-72.44897959183673,21.70260289250588
11.981177384532021,-72.03061224489795,21.70260289250588
11.981177384532021,-71.61224489795919,21.70260289250588
11.981177384532021,-71.1938775510204,21.70260289250588
11.981177384532021,-70.77551020408163,21.70260289250588
11.981177384532021,-70.35714285714286,21.70260289250588
11.981177384532021,-69.93877551020408,21.70260289250588
11.981177384532021,-69.5204081632653,21.70260289250588
11.981177384532021,-69.10204081632654,21.70260289250588
11.359436551818533,-68.68367346938776,21.70260289250588
11.359436551818533,-68.26530612244898,21.70260289250588
11.359436551818533,-67.84693877551021,21.70260289250588
11.359436551818533,-67.42857142857143,21.70260289250588
11.359436551818533,-67.01020408163265,21.70260289250588
11.359436551818533,-66.59183673469389,21.70260289250588
11.359436551818533,-66.1734693877551,21.70260289250588
11.359436551818533,-65.75510204081633,21.70260289250588
11.359436551818533,-65.33673469387755,21.70260289250588
11.359436551818533,-64.91836734693877,21.70260289250588
11.359436551818533,-64.5,21.70260289250588
12.193599160298637,-85,22.52919257417017
12.193599160298637,-84.58163265306122,22.52919257417017
12.193599160298637,-84.16326530612245,22.52919257417017
12.193599160298637,-83.74489795918367,22.52919257417017
12.193599160298637,-83.3265306122449,22.52919257417017
12.193599160298637,-82.90816326530613,22.52919257417017
12.193599160298637,-82.48979591836735,22.52919257417017
12.193599160298637,-82.07142857142857,22.52919257417017
12.193599160298637,-81.65306122448979,22.52919257417017
12.193599160298637,-81.23469387755102,22.52919257417017
12.193599160298637,-80.81632653061224,22.52919257417017
12.193599160298637,-80.39795918367346,22.52919257417017
12.193599160298637,-79.9795918367347,22.52919257417017
12.193599160298637,-79.56122448979592,22.52919257417017
12.193599160298637,-79.14285714285714,22.52919257417017
12.193599160298637,-78.72448979591837,22.52919257417017
12.193599160298637,-78.3061224489796,22.52919257417017
12.193599658769312,-77.88775510204081,22.52919257417017
12.193599658769312,-77.46938775510205,22.52919257417017
12.193599658769312,-77.05102040816327,22.52919257417017
12.193599658769312,-76.63265306122449,22.52919257417017
12.193599658769312,-76.21428571428571,22.52919257417017
12.193599658769312,-75.79591836734694,22.52919257417017
12.193599658769312,-75.37755102040816,22.52919257417017
12.193599658769312,-74.95918367346938,22.52919257417017
12.193599658769312,-74.54081632653062,22.52919257417017
12.193599658769312,-74.12244897959184,22.52919257417017
11.981177878581642,-73.70408163265306,22.52919257417017
11.981177878581642,-73.28571428571428,22.52919257417017
11.981177878581642,-72.86734693877551,22.52919257417017
11.981177384532021,-72.44897959183673,22.52919257417017
11.981177384532021,-72.03061224489795,22.52919257417017
11.981177384532021,-71.61224489795919,22.52919257417017
11.981177384532021,-71.1938775510204,22.52919257417017
11.981177384532021,-70.77551020408163,22.52919257417017
11.981177384532021,-70.35714285714286,22.52919257417017
11.981177384532021,-69.93877551020408,22.52919257417017
11.981177384532021,-69.5204081632653,22.52919257417017
11.981177384532021,-69.10204081632654,22.52919257417017
11.359436551818533,-68.68367346938776,22.52919257417017
11.359436551818533,-68.26530612244898,22.52919257417017
11.359436551818533,-67.84693877551021,22.52919257417017
11.359436551818533,-67.42857142857143,22.52919257417017
11.359436551818533,-67.01020408163265,22.52919257417017
11.359436551818533,-66.59183673469389,22.52919257417017
11.359436551818533,-66.1734693877551,22.52919257417017
11.359436551818533,-65.75510204081633,22.52919257417017
11.359436551818533,-65.33673469387755,22.52919257417017
11.359436551818533,-64.91836734693877,22.52919257417017
11.359436551818533,-64.5,22.52919257417017
12.193599160298637,-85,23.355782255834463
12.193599160298637,-84.58163265306122,23.355782255834463
12.193599160298637,-84.16326530612245,23.355782255834463
12.193599160298637,-83.74489795918367,23.355782255834463
12.193599160298637,-83.3265306122449,23.355782255834463
12.193599160298637,-82.90816326530613,23.355782255834463
12.193599160298637,-82.48979591836735,23.355782255834463
12.193599160298637,-82.07142857142857,23.355782255834463
12.193599160298637,-81.65306122448979,23.355782255834463
12.193599160298637,-81.23469387755102,23.355782255834463
12.193599160298637,-80.81632653061224,23.355782255834463
12.193599160298637,-80.39795918367346,23.355782255834463
12.193599160298637,-79.9795918367347,23.355782255834463
12.193599160298637,-79.56122448979592,23.355782255834463
12.193599160298637,-79.14285714285714,23.355782255834463
12.193599160298637,-78.72448979591837,23.355782255834463
12.193599160298637,-78.3061224489796,23.355782255834463
12.193599658769312,-77.88775510204081,23.355782255834463
12.193599658769312,-77.46938775510205,23.355782255834463
12.193599658769312,-77.05102040816327,23.355782255834463
12.193599658769312,-76.63265306122449,23.355782255834463
12.193599658769312,-76.21428571428571,23.355782255834463
12.193599658769312,-75.79591836734694,23.355782255834463
12.193599658769312,-75.37755102040816,23.355782255834463
12.193599658769312,-74.95918367346938,23.355782255834463
12.193599658769312,-74.54081632653062,23.355782255834463
12.193599658769312,-74.12244897959184,23.355782255834463
11.981177878581642,-73.70408163265306,23.355782255834463
11.981177878581642,-73.28571428571428,23.355782255834463
11.981177878581642,-72.86734693877551,23.355782255834463
11.981177384532021,-72.44897959183673,23.355782255834463
11.981177384532021,-72.03061224489795,23.355782255834463
11.981177384532021,-71.61224489795919,23.355782255834463
11.981177384532021,-71.1938775510204,23.355782255834463
11.981177384532021,-70.77551020408163,23.355782255834463
11.981177384532021,-70.35714285714286,23.355782255834463
11.981177384532021,-69.93877551020408,23.355782255834463
11.981177384532021,-69.5204081632653,23.355782255834463
11.981177384532021,-69.10204081632654,23.355782255834463
11.359436551818533,-68.68367346938776,23.355782255834463
11.359436551818533,-68.26530612244898,23.355782255834463
11.359436551818533,-67.84693877551021,23.355782255834463
11.359436551818533,-67.42857142857143,23.355782255834463
11.359436551818533,-67.01020408163265,23.355782255834463
11.359436551818533,-66.59183673469389,23.355782255834463
11.359436551818533,-66.1734693877551,23.355782255834463
11.359436551818533,-65.75510204081633,23.355782255834463
11.359436551818533,-65.33673469387755,23.355782255834463
11.359436551818533,-64.91836734693877,23.355782255834463
11.359436551818533,-64.5,23.355782255834463
11.73909540270096,-85,24.182371937498754
11.73909540270096,-84.58163265306122,24.182371937498754
11.73909540270096,-84.16326530612245,24.182371937498754
11.73909540270096,-83.74489795918367,24.182371937498754
11.73909540270096,-83.3265306122449,24.182371937498754
11.73909540270096,-82.90816326530613,24.182371937498754
11.73909540270096,-82.48979591836735,24.182371937498754
11.73909540270096,-82.07142857142857,24.182371937498754
11.73909540270096,-81.65306122448979,24.182371937498754
11.73909540270096,-81.23469387755102,24.182371937498754
11.73909540270096,-80.81632653061224,24.182371937498754
11.73909540270096,-80.39795918367346,24.182371937498754
11.73909540270096,-79.9795918367347,24.182371937498754
11.73909540270096,-79.56122448979592,24.182371937498754
11.73909540270096,-79.14285714285714,24.182371937498754
11.73909540270096,-78.72448979591837,24.182371937498754
11.73909540270096,-78.3061224489796,24.182371937498754
11.73909588748538,-77.88775510204081,24.182371937498754
11.73909588748538,-77.46938775510205,24.182371937498754
11.73909588748538,-77.05102040816327,24.182371937498754
11.73909588748538,-76.63265306122449,24.182371937498754
11.73909588748538,-76.21428571428571,24.182371937498754
11.73909588748538,-75.79591836734694,24.182371937498754
11.73909588748538,-75.37755102040816,24.182371937498754
11.73909588748538,-74.95918367346938,24.182371937498754
11.73909588748538,-74.54081632653062,24.182371937498754
11.73909588748538,-74.12244897959184,24.182371937498754
11.534702280274038,-73.70408163265306,24.182371937498754
11.534702280274038,-73.28571428571428,24.182371937498754
11.534702280274038,-72.86734693877551,24.182371937498754
11.534701799752286,-72.44897959183673,24.182371937498754
11.534701799752286,-72.03061224489795,24.182371937498754
11.534701799752286,-71.61224489795919,24.182371937498754
11.534701799752286,-71.1938775510204,24.182371937498754
11.534701799752286,-70.77551020408163,24.182371937498754
11.534701799752286,-70.35714285714286,24.182371937498754
11.534701799752286,-69.93877551020408,24.182371937498754
11.534701799752286,-69.5204081632653,24.182371937498754
11.534701799752286,-69.10204081632654,24.182371937498754
10.936129983985794,-68.68367346938776,24.182371937498754
10.936129983985794,-68.26530612244898,24.182371937498754
10.936129983985794,-67.84693877551021,24.182371937498754
10.936129983985794,-67.42857142857143,24.182371937498754
10.936129983985794,-67.01020408163265,24.182371937498754
10.936129983985794,-66.59183673469389,24.182371937498754
10.936129983985794,-66.1734693877551,24.182371937498754
10.936129983985794,-65.75510204081633,24.182371937498754
10.936129983985794,-65.33673469387755,24.182371937498754
10.936129983985794,-64.91836734693877,24.182371937498754
10.936129983985794,-64.5,24.182371937498754
11.73909540270096,-85,25.008961619163045
11.73909540270096,-84.58163265306122,25.008961619163045
11.73909540270096,-84.16326530612245,25.008961619163045
11.73909540270096,-83.74489795918367,25.008961619163045
11.73909540270096,-83.3265306122449,25.008961619163045
11.73909540270096,-82.90816326530613,25.008961619163045
11.73909540270096,-82.48979591836735,25.008961619163045
11.73909540270096,-82.07142857142857,25.008961619163045
11.73909540270096,-81.65306122448979,25.008961619163045
11.73909540270096,-81.23469387755102,25.008961619163045
11.73909540270096,-80.81632653061224,25.008961619163045
11.73909540270096,-80.39795918367346,25.008961619163045
11.73909540270096,-79.9795918367347,25.008961619163045
11.73909540270096,-79.56122448979592,25.008961619163045
11.73909540270096,-79.14285714285714,25.008961619163045
11.73909540270096,-78.72448979591837,25.008961619163045
11.73909540270096,-78.3061224489796,25.008961619163045
11.73909588748538,-77.88775510204081,25.008961619163045
11.73909588748538,-77.46938775510205,25.008961619163045
11.73909588748538,-77.05102040816327,25.008961619163045
11.73909588748538,-76.63265306122449,25.008961619163045
11.73909588748538,-76.21428571428571,25.008961619163045
11.73909588748538,-75.79591836734694,25.008961619163045
11.73909588748538,-75.37755102040816,25.008961619163045
11.73909588748538,-74.95918367346938,25.008961619163045
11.73909588748538,-74.54081632653062,25.008961619163045
11.73909588748538,-74.12244897959184,25.008961619163045
11.534702280274038,-73.70408163265306,25.008961619163045
11.534702280274038,-73.28571428571428,25.008961619163045
11.534702280274038,-72.86734693877551,25.008961619163045
11.534701799752286,-72.44897959183673,25.008961619163045
11.534701799752286,-72.03061224489795,25.008961619163045
11.534701799752286,-71.61224489795919,25.008961619163045
11.534701799752286,-71.1938775510204,25.008961619163045
11.534701799752286,-70.77551020408163,25.008961619163045
11.534701799752286,-70.35714285714286,25.008961619163045
11.534701799752286,-69.93877551020408,25.008961619163045
11.534701799752286,-69.5204081632653,25.008961619163045
11.534701799752286,-69.10204081632654,25.008961619163045
10.936129983985794,-68.68367346938776,25.008961619163045
10.936129983985794,-68.26530612244898,25.008961619163045
10.936129983985794,-67.84693877551021,25.008961619163045
10.936129983985794,-67.42857142857143,25.008961619163045
10.936129983985794,-67.01020408163265,25.008961619163045
10.936129983985794,-66.59183673469389,25.008961619163045
10.936129983985794,-66.1734693877551,25.008961619163045
10.936129983985794,-65.75510204081633,25.008961619163045
10.936129983985794,-65.33673469387755,25.008961619163045
10.936129983985794,-64.91836734693877,25.008961619163045
10.936129983985794,-64.5,25.008961619163045
11.73909540270096,-85,25.835551300827337
11.73909540270096,-84.58163265306122,25.835551300827337
11.73909540270096,-84.16326530612245,25.835551300827337
11.73909540270096,-83.74489795918367,25.835551300827337
11.73909540270096,-83.3265306122449,25.835551300827337
11.73909540270096,-82.90816326530613,25.835551300827337
11.73909540270096,-82.48979591836735,25.835551300827337
11.73909540270096,-82.07142857142857,25.835551300827337
11.73909540270096,-81.65306122448979,25.835551300827337
11.73909540270096,-81.23469387755102,25.835551300827337
11.73909540270096,-80.81632653061224,25.835551300827337
11.73909540270096,-80.39795918367346,25.835551300827337
11.73909540270096,-79.9795918367347,25.835551300827337
11.73909540270096,-79.56122448979592,25.835551300827337
11.73909540270096,-79.14285714285714,25.835551300827337
11.73909540270096,-78.72448979591837,25.835551300827337
11.73909540270096,-78.3061224489796,25.835551300827337
11.73909588748538,-77.88775510204081,25.835551300827337
11.73909588748538,-77.46938775510205,25.835551300827337
11.73909588748538,-77.05102040816327,25.835551300827337
11.73909588748538,-76.63265306122449,25.835551300827337
11.73909588748538,-76.21428571428571,25.835551300827337
11.73909588748538,-75.79591836734694,25.835551300827337
11.73909588748538,-75.37755102040816,25.835551300827337
11.73909588748538,-74.95918367346938,25.835551300827337
11.73909588748538,-74.54081632653062,25.835551300827337
11.73909588748538,-74.12244897959184,25.835551300827337
11.534702280274038,-73.70408163265306,25.835551300827337
11.534702280274038,-73.28571428571428,25.835551300827337
11.534702280274038,-72.86734693877551,25.835551300827337
11.534701799752286,-72.44897959183673,25.835551300827337
11.534701799752286,-72.03061224489795,25.835551300827337
11.534701799752286,-71.61224489795919,25.835551300827337
11.534701799752286,-71.1938775510204,25.835551300827337
11.534701799752286,-70.77551020408163,25.835551300827337
11.534701799752286,-70.35714285714286,25.835551300827337
11.534701799752286,-69.93877551020408,25.835551300827337
11.534701799752286,-69.5204081632653,25.835551300827337
11.534701799752286,-69.10204081632654,25.835551300827337
10.936129983985794,-68.68367346938776,25.835551300827337
10.936129983985794,-68.26530612244898,25.835551300827337
10.936129983985794,-67.84693877551021,25.835551300827337
10.936129983985794,-67.42857142857143,25.835551300827337
10.936129983985794,-67.01020408163265,25.835551300827337
10.936129983985794,-66.59183673469389,25.835551300827337
10.936129983985794,-66.1734693877551,25.835551300827337
10.936129983985794,-65.75510204081633,25.835551300827337
10.936129983985794,-65.33673469387755,25.835551300827337
10.936129983985794,-64.91836734693877,25.835551300827337
10.936129983985794,-64.5,25.835551300827337
11.73909540270096,-85,26.66214098249163
11.73909540270096,-84.58163265306122,26.66214098249163
11.73909540270096,-84.16326530612245,26.66214098249163
11.73909540270096,-83.74489795918367,26.66214098249163
11.73909540270096,-83.3265306122449,26.66214098249163
11.73909540270096,-82.90816326530613,26.66214098249163
11.73909540270096,-82.48979591836735,26.66214098249163
11.73909540270096,-82.07142857142857,26.66214098249163
11.73909540270096,-81.65306122448979,26.66214098249163
11.73909540270096,-81.23469387755102,26.66214098249163
11.73909540270096,-80.81632653061224,26.66214098249163
11.73909540270096,-80.39795918367346,26.66214098249163
11.73909540270096,-79.9795918367347,26.66214098249163
11.73909540270096,-79.56122448979592,26.66214098249163
11.73909540270096,-79.14285714285714,26.66214098249163
11.73909540270096,-78.72448979591837,26.66214098249163
11.73909540270096,-78.3061224489796,26.66214098249163
11.73909588748538,-77.88775510204081,26.66214098249163
11.73909588748538,-77.46938775510205,26.66214098249163
11.73909588748538,-77.05102040816327,26.66214098249163
11.73909588748538,-76.63265306122449,26.66214098249163
11.73909588748538,-76.21428571428571,26.66214098249163
11.73909588748538,-75.79591836734694,26.66214098249163
11.73909588748538,-75.37755102040816,26.66214098249163
11.73909588748538,-74.95918367346938,26.66214098249163
11.73909588748538,-74.54081632653062,26.66214098249163
11.73909588748538,-74.12244897959184,26.66214098249163
11.534702280274038,-73.70408163265306,26.66214098249163
11.534702280274038,-73.28571428571428,26.66214098249163
11.534702280274038,-72.86734693877551,26.66214098249163
11.534701799752286,-72.44897959183673,26.66214098249163
11.534701799752286,-72.03061224489795,26.66214098249163
11.534701799752286,-71.61224489795919,26.66214098249163
11.534701799752286,-71.1938775510204,26.66214098249163
11.534701799752286,-70.77551020408163,26.66214098249163
11.534701799752286,-70.35714285714286,26.66214098249163
11.534701799752286,-69.93877551020408,26.66214098249163
11.534701799752286,-69.5204081632653,26.66214098249163
11.534701799752286,-69.10204081632654,26.66214098249163
10.936129983985794,-68.68367346938776,26.66214098249163
10.936129983985794,-68.26530612244898,26.66214098249163
10.936129983985794,-67.84693877551021,26.66214098249163
10.936129983985794,-67.42857142857143,26.66214098249163
10.936129983985794,-67.01020408163265,26.66214098249163
10.936129983985794,-66.59183673469389,26.66214098249163
10.936129983985794,-66.1734693877551,26.66214098249163
10.936129983985794,-65.75510204081633,26.66214098249163
10.936129983985794,-65.33673469387755,26.66214098249163
10.936129983985794,-64.91836734693877,26.66214098249163
10.936129983985794,-64.5,26.66214098249163
11.73909540270096,-85,27.48873066415592
11.73909540270096,-84.58163265306122,27.48873066415592
11.73909540270096,-84.16326530612245,27.48873066415592
11.73909540270096,-83.74489795918367,27.48873066415592
11.73909540270096,-83.3265306122449,27.48873066415592
11.73909540270096,-82.90816326530613,27.48873066415592
11.73909540270096,-82.48979591836735,27.48873066415592
11.73909540270096,-82.07142857142857,27.48873066415592
11.73909540270096,-81.65306122448979,27.48873066415592
11.73909540270096,-81.23469387755102,27.48873066415592
11.73909540270096,-80.81632653061224,27.48873066415592
11.73909540270096,-80.39795918367346,27.48873066415592
11.73909540270096,-79.9795918367347,27.48873066415592
11.73909540270096,-79.56122448979592,27.48873066415592
11.73909540270096,-79.14285714285714,27.48873066415592
11.73909540270096,-78.72448979591837,27.48873066415592
11.73909540270096,-78.3061224489796,27.48873066415592
11.73909588748538,-77.88775510204081,27.48873066415592
11.73909588748538,-77.46938775510205,27.48873066415592
11.73909588748538,-77.05102040816327,27.48873066415592
11.73909588748538,-76.63265306122449,27.48873066415592
11.73909588748538,-76.21428571428571,27.48873066415592
11.73909588748538,-75.79591836734694,27.48873066415592
11.73909588748538,-75.37755102040816,27.48873066415592
11.73909588748538,-74.95918367346938,27.48873066415592
11.73909588748538,-74.54081632653062,27.48873066415592
11.73909588748538,-74.12244897959184,27.48873066415592
11.534702280274038,-73.70408163265306,27.48873066415592
11.534702280274038,-73.28571428571428,27.48873066415592
11.534702280274038,-72.86734693877551,27.48873066415592
11.534701799752286,-72.44897959183673,27.48873066415592
11.534701799752286,-72.03061224489795,27.48873066415592
11.534701799752286,-71.61224489795919,27.48873066415592
11.534701799752286,-71.1938775510204,27.48873066415592
11.534701799752286,-70.77551020408163,27.48873066415592
11.534701799752286,-70.35714285714286,27.48873066415592
11.534701799752286,-69.93877551020408,27.48873066415592
11.534701799752286,-69.5204081632653,27.48873066415592
11.534701799752286,-69.10204081632654,27.48873066415592
10.936129983985794,-68.68367346938776,27.48873066415592
10.936129983985794,-68.26530612244898,27.48873066415592
10.936129983985794,-67.84693877551021,27.48873066415592
10.936129983985794,-67.42857142857143,27.48873066415592
10.936129983985794,-67.01020408163265,27.48873066415592
10.936129983985794,-66.59183673469389,27.48873066415592
10.936129983985794,-66.1734693877551,27.48873066415592
10.936129983985794,-65.75510204081633,27.48873066415592
10.936129983985794,-65.33673469387755,27.48873066415592
10.936129983985794,-64.91836734693877,27.48873066415592
10.936129983985794,-64.5,27.48873066415592
11.739380063288696,-85,28.31532034582021
11.739380063288696,-84.58163265306122,28.31532034582021
11.739380063288696,-84.16326530612245,28.31532034582021
11.739380063288696,-83.74489795918367,28.31532034582021
11.739380063288696,-83.3265306122449,28.31532034582021
11.739380063288696,-82.90816326530613,28.31532034582021
11.739380063288696,-82.48979591836735,28.31532034582021
11.739380063288696,-82.07142857142857,28.31532034582021
11.739380063288696,-81.65306122448979,28.31532034582021
11.739380063288696,-81.23469387755102,28.31532034582021
11.739380063288696,-80.81632653061224,28.31532034582021
11.739380063288696,-80.39795918367346,28.31532034582021
11.739380063288696,-79.9795918367347,28.31532034582021
11.739380063288696,-79.56122448979592,28.31532034582021
11.739380063288696,-79.14285714285714,28.31532034582021
11.739380063288696,-78.72448979591837,28.31532034582021
11.739380063288696,-78.3061224489796,28.31532034582021
11.739380549769454,-77.88775510204081,28.31532034582021
11.739380549769454,-77.46938775510205,28.31532034582021
11.739380549769454,-77.05102040816327,28.31532034582021
11.739380549769454,-76.63265306122449,28.31532034582021
11.739380549769454,-76.21428571428571,28.31532034582021
11.739380549769454,-75.79591836734694,28.31532034582021
11.739380549769454,-75.37755102040816,28.31532034582021
11.739380549769454,-74.95918367346938,28.31532034582021
11.739380549769454,-74.54081632653062,28.31532034582021
11.739380549769454,-74.12244897959184,28.31532034582021
11.534975661617334,-73.70408163265306,28.31532034582021
11.534975661617334,-73.28571428571428,28.31532034582021
11.534975661617334,-72.86734693877551,28.31532034582021
11.53497517941642,-72.44897959183673,28.31532034582021
11.53497517941642,-72.03061224489795,28.31532034582021
11.53497517941642,-71.61224489795919,28.31532034582021
11.53497517941642,-71.1938775510204,28.31532034582021
11.53497517941642,-70.77551020408163,28.31532034582021
11.53497517941642,-70.35714285714286,28.31532034582021
11.53497517941642,-69.93877551020408,28.31532034582021
11.53497517941642,-69.5204081632653,28.31532034582021
11.53497517941642,-69.10204081632654,28.31532034582021
10.93638917712263,-68.68367346938776,28.31532034582021
10.93638917712263,-68.26530612244898,28.31532034582021
10.93638917712263,-67.84693877551021,28.31532034582021
10.93638917712263,-67.42857142857143,28.31532034582021
10.93638917712263,-67.01020408163265,28.31532034582021
10.93638917712263,-66.59183673469389,28.31532034582021
10.93638917712263,-66.1734693877551,28.31532034582021
10.93638917712263,-65.75510204081633,28.31532034582021
10.93638917712263,-65.33673469387755,28.31532034582021
10.93638917712263,-64.91836734693877,28.31532034582021
10.93638917712263,-64.5,28.31532034582021
11.739380063288696,-85,29.141910027484506
11.739380063288696,-84.58163265306122,29.141910027484506
11.739380063288696,-84.16326530612245,29.141910027484506
11.739380063288696,-83.74489795918367,29.141910027484506
11.739380063288696,-83.3265306122449,29.141910027484506
11.739380063288696,-82.90816326530613,29.141910027484506
11.739380063288696,-82.48979591836735,29.141910027484506
11.739380063288696,-82.07142857142857,29.141910027484506
11.739380063288696,-81.65306122448979,29.141910027484506
11.739380063288696,-81.23469387755102,29.141910027484506
11.739380063288696,-80.81632653061224,29.141910027484506
11.739380063288696,-80.39795918367346,29.141910027484506
11.739380063288696,-79.9795918367347,29.141910027484506
11.739380063288696,-79.56122448979592,29.141910027484506
11.739380063288696,-79.14285714285714,29.141910027484506
11.739380063288696,-78.72448979591837,29.141910027484506
11.739380063288696,-78.3061224489796,29.141910027484506
11.739380549769454,-77.88775510204081,29.141910027484506
11.739380549769454,-77.46938775510205,29.141910027484506
11.739380549769454,-77.05102040816327,29.141910027484506
11.739380549769454,-76.63265306122449,29.141910027484506
11.739380549769454,-76.21428571428571,29.141910027484506
11.739380549769454,-75.79591836734694,29.141910027484506
11.739380549769454,-75.37755102040816,29.141910027484506
11.739380549769454,-74.95918367346938,29.141910027484506
11.739380549769454,-74.54081632653062,29.141910027484506
11.739380549769454,-74.12244897959184,29.141910027484506
11.534975661617334,-73.70408163265306,29.141910027484506
11.534975661617334,-73.28571428571428,29.141910027484506
11.534975661617334,-72.86734693877551,29.141910027484506
11.53497517941642,-72.44897959183673,29.141910027484506
11.53497517941642,-72.03061224489795,29.141910027484506
11.53497517941642,-71.61224489795919,29.141910027484506
11.53497517941642,-71.1938775510204,29.141910027484506
11.53497517941642,-70.77551020408163,29.141910027484506
11.53497517941642,-70.35714285714286,29.141910027484506
11.53497517941642,-69.93877551020408,29.141910027484506
11.53497517941642,-69.5204081632653,29.141910027484506
11.53497517941642,-69.10204081632654,29.141910027484506
10.93638917712263,-68.68367346938776,29.141910027484506
10.93638917712263,-68.26530612244898,29.141910027484506
10.93638917712263,-67.84693877551021,29.141910027484506
10.93638917712263,-67.42857142857143,29.141910027484506
10.93638917712263,-67.01020408163265,29.141910027484506
10.93638917712263,-66.59183673469389,29.141910027484506
10.93638917712263,-66.1734693877551,29.141910027484506
10.93638917712263,-65.75510204081633,29.141910027484506
10.93638917712263,-65.33673469387755,29.141910027484506
10.93638917712263,-64.91836734693877,29.141910027484506
10.93638917712263,-64.5,29.141910027484506
11.739380063288696,-85,29.968499709148798
11.739380063288696,-84.58163265306122,29.968499709148798
11.739380063288696,-84.16326530612245,29.968499709148798
11.739380063288696,-83.74489795918367,29.968499709148798
11.739380063288696,-83.3265306122449,29.968499709148798
11.739380063288696,-82.90816326530613,29.968499709148798
11.739380063288696,-82.48979591836735,29.968499709148798
11.739380063288696,-82.07142857142857,29.968499709148798
11.739380063288696,-81.65306122448979,29.968499709148798
11.739380063288696,-81.23469387755102,29.968499709148798
11.739380063288696,-80.81632653061224,29.968499709148798
11.739380063288696,-80.39795918367346,29.968499709148798
11.739380063288696,-79.9795918367347,29.968499709148798
11.739380063288696,-79.56122448979592,29.968499709148798
11.739380063288696,-79.14285714285714,29.968499709148798
11.739380063288696,-78.72448979591837,29.968499709148798
11.739380063288696,-78.3061224489796,29.968499709148798
11.739380549769454,-77.88775510204081,29.968499709148798
11.739380549769454,-77.46938775510205,29.968499709148798
11.739380549769454,-77.05102040816327,29.968499709148798
11.739380549769454,-76.63265306122449,29.968499709148798
11.739380549769454,-76.21428571428571,29.968499709148798
11.739380549769454,-75.79591836734694,29.968499709148798
11.739380549769454,-75.37755102040816,29.968499709148798
11.739380549769454,-74.95918367346938,29.968499709148798
11.739380549769454,-74.54081632653062,29.968499709148798
11.739380549769454,-74.12244897959184,29.968499709148798
11.534975661617334,-73.70408163265306,29.968499709148798
11.534975661617334,-73.28571428571428,29.968499709148798
11.534975661617334,-72.86734693877551,29.968499709148798
11.53497517941642,-72.44897959183673,29.968499709148798
11.53497517941642,-72.03061224489795,29.968499709148798
11.53497517941642,-71.61224489795919,29.968499709148798
11.53497517941642,-71.1938775510204,29.968499709148798
11.53497517941642,-70.77551020408163,29.968499709148798
11.53497517941642,-70.35714285714286,29.968499709148798
11.53497517941642,-69.93877551020408,29.968499709148798
11.53497517941642,-69.5204081632653,29.968499709148798
11.53497517941642,-69.10204081632654,29.968499709148798
10.93638917712263,-68.68367346938776,29.968499709148798
10.93638917712263,-68.26530612244898,29.968499709148798
10.93638917712263,-67.84693877551021,29.968499709148798
10.93638917712263,-67.42857142857143,29.968499709148798
10.93638917712263,-67.01020408163265,29.968499709148798
10.93638917712263,-66.59183673469389,29.968499709148798
10.93638917712263,-66.1734693877551,29.968499709148798
10.93638917712263,-65.75510204081633,29.968499709148798
10.93638917712263,-65.33673469387755,29.968499709148798
10.93638917712263,-64.91836734693877,29.968499709148798
10.93638917712263,-64.5,29.968499709148798
11.739380063288696,-85,30.79508939081309
11.739380063288696,-84.58163265306122,30.79508939081309
11.739380063288696,-84.16326530612245,30.79508939081309
11.739380063288696,-83.74489795918367,30.79508939081309
11.739380063288696,-83.3265306122449,30.79508939081309
11.739380063288696,-82.90816326530613,30.79508939081309
11.739380063288696,-82.48979591836735,30.79508939081309
11.739380063288696,-82.07142857142857,30.79508939081309
11.739380063288696,-81.65306122448979,30.79508939081309
11.739380063288696,-81.23469387755102,30.79508939081309
11.739380063288696,-80.81632653061224,30.79508939081309
11.739380063288696,-80.39795918367346,30.79508939081309
11.739380063288696,-79.9795918367347,30.79508939081309
11.739380063288696,-79.56122448979592,30.79508939081309
11.739380063288696,-79.14285714285714,30.79508939081309
11.739380063288696,-78.72448979591837,30.79508939081309
11.739380063288696,-78.3061224489796,30.79508939081309
11.739380549769454,-77.88775510204081,30.79508939081309
11.739380549769454,-77.46938775510205,30.79508939081309
11.739380549769454,-77.05102040816327,30.79508939081309
11.739380549769454,-76.63265306122449,30.79508939081309
11.739380549769454,-76.21428571428571,30.79508939081309
11.739380549769454,-75.79591836734694,30.79508939081309
11.739380549769454,-75.37755102040816,30.79508939081309
11.739380549769454,-74.95918367346938,30.79508939081309
11.739380549769454,-74.54081632653062,30.79508939081309
11.739380549769454,-74.12244897959184,30.79508939081309
11.534975661617334,-73.70408163265306,30.79508939081309
11.534975661617334,-73.28571428571428,30.79508939081309
11.534975661617334,-72.86734693877551,30.79508939081309
11.53497517941642,-72.44897959183673,30.79508939081309
11.53497517941642,-72.03061224489795,30.79508939081309
11.53497517941642,-71.61224489795919,30.79508939081309
11.53497517941642,-71.1938775510204,30.79508939081309
11.53497517941642,-70.77551020408163,30.79508939081309
11.53497517941642,-70.35714285714286,30.79508939081309
11.53497517941642,-69.93877551020408,30.79508939081309
11.53497517941642,-69.5204081632653,30.79508939081309
11.53497517941642,-69.10204081632654,30.79508939081309
10.93638917712263,-68.68367346938776,30.79508939081309
10.93638917712263,-68.26530612244898,30.79508939081309
10.93638917712263,-67.84693877551021,30.79508939081309
10.93638917712263,-67.42857142857143,30.79508939081309
10.93638917712263,-67.01020408163265,30.79508939081309
10.93638917712263,-66.59183673469389,30.79508939081309
10.93638917712263,-66.1734693877551,30.79508939081309
10.93638917712263,-65.75510204081633,30.79508939081309
10.93638917712263,-65.33673469387755,30.79508939081309
10.93638917712263,-64.91836734693877,30.79508939081309
10.93638917712263,-64.5,30.79508939081309
11.739380063288696,-85,31.62167907247738
11.739380063288696,-84.58163265306122,31.62167907247738
11.739380063288696,-84.16326530612245,31.62167907247738
11.739380063288696,-83.74489795918367,31.62167907247738
11.739380063288696,-83.3265306122449,31.62167907247738
11.739380063288696,-82.90816326530613,31.62167907247738
11.739380063288696,-82.48979591836735,31.62167907247738
11.739380063288696,-82.07142857142857,31.62167907247738
11.739380063288696,-81.65306122448979,31.62167907247738
11.739380063288696,-81.23469387755102,31.62167907247738
11.739380063288696,-80.81632653061224,31.62167907247738
11.739380063288696,-80.39795918367346,31.62167907247738
11.739380063288696,-79.9795918367347,31.62167907247738
11.739380063288696,-79.56122448979592,31.62167907247738
11.739380063288696,-79.14285714285714,31.62167907247738
11.739380063288696,-78.72448979591837,31.62167907247738
11.739380063288696,-78.3061224489796,31.62167907247738
11.739380549769454,-77.88775510204081,31.62167907247738
11.739380549769454,-77.46938775510205,31.62167907247738
11.739380549769454,-77.05102040816327,31.62167907247738
11.739380549769454,-76.63265306122449,31.62167907247738
11.739380549769454,-76.21428571428571,31.62167907247738
11.739380549769454,-75.79591836734694,31.62167907247738
11.739380549769454,-75.37755102040816,31.62167907247738
11.739380549769454,-74.95918367346938,31.62167907247738
11.739380549769454,-74.54081632653062,31.62167907247738
11.739380549769454,-74.12244897959184,31.62167907247738
11.534975661617334,-73.70408163265306,31.62167907247738
11.534975661617334,-73.28571428571428,31.62167907247738
11.534975661617334,-72.86734693877551,31.62167907247738
11.53497517941642,-72.44897959183673,31.62167907247738
11.53497517941642,-72.03061224489795,31.62167907247738
11.53497517941642,-71.61224489795919,31.62167907247738
11.53497517941642,-71.1938775510204,31.62167907247738
11.53497517941642,-70.77551020408163,31.62167907247738
11.53497517941642,-70.35714285714286,31.62167907247738
11.53497517941642,-69.93877551020408,31.62167907247738
11.53497517941642,-69.5204081632653,31.62167907247738
11.53497517941642,-69.10204081632654,31.62167907247738
10.93638917712263,-68.68367346938776,31.62167907247738
10.93638917712263,-68.26530612244898,31.62167907247738
10.93638917712263,-67.84693877551021,31.62167907247738
10.93638917712263,-67.42857142857143,31.62167907247738
10.93638917712263,-67.01020408163265,31.62167907247738
10.93638917712263,-66.59183673469389,31.62167907247738
10.93638917712263,-66.1734693877551,31.62167907247738
10.93638917712263,-65.75510204081633,31.62167907247738
10.93638917712263,-65.33673469387755,31.62167907247738
10.93638917712263,-64.91836734693877,31.62167907247738
10.93638917712263,-64.5,31.62167907247738
11.739380063288696,-85,32.44826875414167
11.739380063288696,-84.58163265306122,32.44826875414167
11.739380063288696,-84.16326530612245,32.44826875414167
11.739380063288696,-83.74489795918367,32.44826875414167
11.739380063288696,-83.3265306122449,32.44826875414167
11.739380063288696,-82.90816326530613,32.44826875414167
11.739380063288696,-82.48979591836735,32.44826875414167
11.739380063288696,-82.07142857142857,32.44826875414167
11.739380063288696,-81.65306122448979,32.44826875414167
11.739380063288696,-81.23469387755102,32.44826875414167
11.739380063288696,-80.81632653061224,32.44826875414167
11.739380063288696,-80.39795918367346,32.44826875414167
11.739380063288696,-79.9795918367347,32.44826875414167
11.739380063288696,-79.56122448979592,32.44826875414167
11.739380063288696,-79.14285714285714,32.44826875414167
11.739380063288696,-78.72448979591837,32.44826875414167
11.739380063288696,-78.3061224489796,32.44826875414167
11.739380549769454,-77.88775510204081,32.44826875414167
11.739380549769454,-77.46938775510205,32.44826875414167
11.739380549769454,-77.05102040816327,32.44826875414167
11.739380549769454,-76.63265306122449,32.44826875414167
11.739380549769454,-76.21428571428571,32.44826875414167
11.739380549769454,-75.79591836734694,32.44826875414167
11.739380549769454,-75.37755102040816,32.44826875414167
11.739380549769454,-74.95918367346938,32.44826875414167
11.739380549769454,-74.54081632653062,32.44826875414167
11.739380549769454,-74.12244897959184,32.44826875414167
11.534975661617334,-73.70408163265306,32.44826875414167
11.534975661617334,-73.28571428571428,32.44826875414167
11.534975661617334,-72.86734693877551,32.44826875414167
11.53497517941642,-72.44897959183673,32.44826875414167
11.53497517941642,-72.03061224489795,32.44826875414167
11.53497517941642,-71.61224489795919,32.44826875414167
11.53497517941642,-71.1938775510204,32.44826875414167
11.53497517941642,-70.77551020408163,32.44826875414167
11.53497517941642,-70.35714285714286,32.44826875414167
11.53497517941642,-69.93877551020408,32.44826875414167
11.53497517941642,-69.5204081632653,32.44826875414167
11.53497517941642,-69.10204081632654,32.44826875414167
10.93638917712263,-68.68367346938776,32.44826875414167
10.93638917712263,-68.26530612244898,32.44826875414167
10.93638917712263,-67.84693877551021,32.44826875414167
10.93638917712263,-67.42857142857143,32.44826875414167
10.93638917712263,-67.01020408163265,32.44826875414167
10.93638917712263,-66.59183673469389,32.44826875414167
10.93638917712263,-66.1734693877551,32.44826875414167
10.93638917712263,-65.75510204081633,32.44826875414167
10.93638917712263,-65.33673469387755,32.44826875414167
10.93638917712263,-64.91836734693877,32.44826875414167
10.93638917712263,-64.5,32.44826875414167
11.739380063288696,-85,33.27485843580597
11.739380063288696,-84.58163265306122,33.27485843580597
11.739380063288696,-84.16326530612245,33.27485843580597
11.739380063288696,-83.74489795918367,33.27485843580597
11.739380063288696,-83.3265306122449,33.27485843580597
11.739380063288696,-82.90816326530613,33.27485843580597
11.739380063288696,-82.48979591836735,33.27485843580597
11.739380063288696,-82.07142857142857,33.27485843580597
11.739380063288696,-81.65306122448979,33.27485843580597
11.739380063288696,-81.23469387755102,33.27485843580597
11.739380063288696,-80.81632653061224,33.27485843580597
11.739380063288696,-80.39795918367346,33.27485843580597
11.739380063288696,-79.9795918367347,33.27485843580597
11.739380063288696,-79.56122448979592,33.27485843580597
11.739380063288696,-79.14285714285714,33.27485843580597
11.739380063288696,-78.72448979591837,33.27485843580597
11.739380063288696,-78.3061224489796,33.27485843580597
11.739380549769454,-77.88775510204081,33.27485843580597
11.739380549769454,-77.46938775510205,33.27485843580597
11.739380549769454,-77.05102040816327,33.27485843580597
11.739380549769454,-76.63265306122449,33.27485843580597
11.739380549769454,-76.21428571428571,33.27485843580597
11.739380549769454,-75.79591836734694,33.27485843580597
11.739380549769454,-75.37755102040816,33.27485843580597
11.739380549769454,-74.95918367346938,33.27485843580597
11.739380549769454,-74.54081632653062,33.27485843580597
11.739380549769454,-74.12244897959184,33.27485843580597
11.534975661617334,-73.70408163265306,33.27485843580597
11.534975661617334,-73.28571428571428,33.27485843580597
11.534975661617334,-72.86734693877551,33.27485843580597
11.53497517941642,-72.44897959183673,33.27485843580597
11.53497517941642,-72.03061224489795,33.27485843580597
11.53497517941642,-71.61224489795919,33.27485843580597
11.53497517941642,-71.1938775510204,33.27485843580597
11.53497517941642,-70.77551020408163,33.27485843580597
11.53497517941642,-70.35714285714286,33.27485843580597
11.53497517941642,-69.93877551020408,33.27485843580597
11.53497517941642,-69.5204081632653,33.27485843580597
11.53497517941642,-69.10204081632654,33.27485843580597
10.93638917712263,-68.68367346938776,33.27485843580597
10.93638917712263,-68.26530612244898,33.27485843580597
10.93638917712263,-67.84693877551021,33.27485843580597
10.93638917712263,-67.42857142857143,33.27485843580597
10.93638917712263,-67.01020408163265,33.27485843580597
10.93638917712263,-66.59183673469389,33.27485843580597
10.93638917712263,-66.1734693877551,33.27485843580597
10.93638917712263,-65.75510204081633,33.27485843580597
10.93638917712263,-65.33673469387755,33.27485843580597
10.93638917712263,-64.91836734693877,33.27485843580597
10.93638917712263,-64.5,33.27485843580597
11.739380063288696,-85,34.101448117470255
11.739380063288696,-84.58163265306122,34.101448117470255
11.739380063288696,-84.16326530612245,34.101448117470255
11.739380063288696,-83.74489795918367,34.101448117470255
11.739380063288696,-83.3265306122449,34.101448117470255
11.739380063288696,-82.90816326530613,34.101448117470255
11.739380063288696,-82.48979591836735,34.101448117470255
11.739380063288696,-82.07142857142857,34.101448117470255
11.739380063288696,-81.65306122448979,34.101448117470255
11.739380063288696,-81.23469387755102,34.101448117470255
11.739380063288696,-80.81632653061224,34.101448117470255
11.739380063288696,-80.39795918367346,34.101448117470255
11.739380063288696,-79.9795918367347,34.101448117470255
11.739380063288696,-79.56122448979592,34.101448117470255
11.739380063288696,-79.14285714285714,34.101448117470255
11.739380063288696,-78.72448979591837,34.101448117470255
11.739380063288696,-78.3061224489796,34.101448117470255
11.739380549769454,-77.88775510204081,34.101448117470255
11.739380549769454,-77.46938775510205,34.101448117470255
11.739380549769454,-77.05102040816327,34.101448117470255
11.739380549769454,-76.63265306122449,34.101448117470255
11.739380549769454,-76.21428571428571,34.101448117470255
11.739380549769454,-75.79591836734694,34.101448117470255
11.739380549769454,-75.37755102040816,34.101448117470255
11.739380549769454,-74.95918367346938,34.101448117470255
11.739380549769454,-74.54081632653062,34.101448117470255
11.739380549769454,-74.12244897959184,34.101448117470255
11.534975661617334,-73.70408163265306,34.101448117470255
11.534975661617334,-73.28571428571428,34.101448117470255
11.534975661617334,-72.86734693877551,34.101448117470255
11.53497517941642,-72.44897959183673,34.101448117470255
11.53497517941642,-72.03061224489795,34.101448117470255
11.53497517941642,-71.61224489795919,34.101448117470255
11.53497517941642,-71.1938775510204,34.101448117470255
11.53497517941642,-70.77551020408163,34.101448117470255
11.53497517941642,-70.35714285714286,34.101448117470255
11.53497517941642,-69.93877551020408,34.101448117470255
11.53497517941642,-69.5204081632653,34.101448117470255
11.53497517941642,-69.10204081632654,34.101448117470255
10.93638917712263,-68.68367346938776,34.101448117470255
10.93638917712263,-68.26530612244898,34.101448117470255
10.93638917712263,-67.84693877551021,34.101448117470255
10.93638917712263,-67.42857142857143,34.101448117470255
10.93638917712263,-67.01020408163265,34.101448117470255
10.93638917712263,-66.59183673469389,34.101448117470255
10.93638917712263,-66.1734693877551,34.101448117470255
10.93638917712263,-65.75510204081633,34.101448117470255
10.93638917712263,-65.33673469387755,34.101448117470255
10.93638917712263,-64.91836734693877,34.101448117470255
10.93638917712263,-64.5,34.101448117470255
11.739380063288696,-85,34.92803779913454
11.739380063288696,-84.58163265306122,34.92803779913454
11.739380063288696,-84.16326530612245,34.92803779913454
11.739380063288696,-83.74489795918367,34.92803779913454
11.739380063288696,-83.3265306122449,34.92803779913454
11.739380063288696,-82.90816326530613,34.92803779913454
11.739380063288696,-82.48979591836735,34.92803779913454
11.739380063288696,-82.07142857142857,34.92803779913454
11.739380063288696,-81.65306122448979,34.92803779913454
11.739380063288696,-81.23469387755102,34.92803779913454
11.739380063288696,-80.81632653061224,34.92803779913454
11.739380063288696,-80.39795918367346,34.92803779913454
11.739380063288696,-79.9795918367347,34.92803779913454
11.739380063288696,-79.56122448979592,34.92803779913454
11.739380063288696,-79.14285714285714,34.92803779913454
11.739380063288696,-78.72448979591837,34.92803779913454
11.739380063288696,-78.3061224489796,34.92803779913454
11.739382308068828,-77.88775510204081,34.92803779913454
11.739382308068828,-77.46938775510205,34.92803779913454
11.739382308068828,-77.05102040816327,34.92803779913454
11.739382308068828,-76.63265306122449,34.92803779913454
11.739382308068828,-76.21428571428571,34.92803779913454
11.739382308068828,-75.79591836734694,34.92803779913454
11.739382308068828,-75.37755102040816,34.92803779913454
11.739382308068828,-74.95918367346938,34.92803779913454
11.739382308068828,-74.54081632653062,34.92803779913454
11.739382308068828,-74.12244897959184,34.92803779913454
11.534977404447964,-73.70408163265306,34.92803779913454
11.534977404447964,-73.28571428571428,34.92803779913454
11.534977404447964,-72.86734693877551,34.92803779913454
11.534976922068203,-72.44897959183673,34.92803779913454
11.534976922068203,-72.03061224489795,34.92803779913454
11.534976922068203,-71.61224489795919,34.92803779913454
11.534976922068203,-71.1938775510204,34.92803779913454
11.534976922068203,-70.77551020408163,34.92803779913454
11.534976922068203,-70.35714285714286,34.92803779913454
11.534976922068203,-69.93877551020408,34.92803779913454
11.534976922068203,-69.5204081632653,34.92803779913454
11.534976922068203,-69.10204081632654,34.92803779913454
10.936390829342752,-68.68367346938776,34.92803779913454
10.936390829342752,-68.26530612244898,34.92803779913454
10.936390829342752,-67.84693877551021,34.92803779913454
10.936390829342752,-67.42857142857143,34.92803779913454
10.936390829342752,-67.01020408163265,34.92803779913454
10.936390829342752,-66.59183673469389,34.92803779913454
10.936390829342752,-66.1734693877551,34.92803779913454
10.936390829342752,-65.75510204081633,34.92803779913454
10.936390829342752,-65.33673469387755,34.92803779913454
10.936390829342752,-64.91836734693877,34.92803779913454
10.936390829342752,-64.5,34.92803779913454
11.8975665431313,-85,35.75462748079884
11.8975665431313,-84.58163265306122,35.75462748079884
11.8975665431313,-84.16326530612245,35.75462748079884
11.8975665431313,-83.74489795918367,35.75462748079884
11.8975665431313,-83.3265306122449,35.75462748079884
11.8975665431313,-82.90816326530613,35.75462748079884
11.8975665431313,-82.48979591836735,35.75462748079884
11.8975665431313,-82.07142857142857,35.75462748079884
11.8975665431313,-81.65306122448979,35.75462748079884
11.8975665431313,-81.23469387755102,35.75462748079884
11.8975665431313,-80.81632653061224,35.75462748079884
11.8975665431313,-80.39795918367346,35.75462748079884
11.8975665431313,-79.9795918367347,35.75462748079884
11.8975665431313,-79.56122448979592,35.75462748079884
11.8975665431313,-79.14285714285714,35.75462748079884
11.8975665431313,-78.72448979591837,35.75462748079884
11.8975665431313,-78.3061224489796,35.75462748079884
11.89756932800984,-77.88775510204081,35.75462748079884
11.89756932800984,-77.46938775510205,35.75462748079884
11.89756932800984,-77.05102040816327,35.75462748079884
11.89756932800984,-76.63265306122449,35.75462748079884
11.89756932800984,-76.21428571428571,35.75462748079884
11.89756932800984,-75.79591836734694,35.75462748079884
11.89756932800984,-75.37755102040816,35.75462748079884
11.89756932800984,-74.95918367346938,35.75462748079884
11.89756932800984,-74.54081632653062,35.75462748079884
11.89756932800984,-74.12244897959184,35.75462748079884
11.693164424388977,-73.70408163265306,35.75462748079884
11.693164424388977,-73.28571428571428,35.75462748079884
11.693164424388977,-72.86734693877551,35.75462748079884
11.6931638249176,-72.44897959183673,35.75462748079884
11.6931638249176,-72.03061224489795,35.75462748079884
11.6931638249176,-71.61224489795919,35.75462748079884
11.6931638249176,-71.1938775510204,35.75462748079884
11.6931638249176,-70.77551020408163,35.75462748079884
11.6931638249176,-70.35714285714286,35.75462748079884
11.6931638249176,-69.93877551020408,35.75462748079884
11.6931638249176,-69.5204081632653,35.75462748079884
11.6931638249176,-69.10204081632654,35.75462748079884
11.086368918187864,-68.68367346938776,35.75462748079884
11.086368918187864,-68.26530612244898,35.75462748079884
11.086368918187864,-67.84693877551021,35.75462748079884
11.086368918187864,-67.42857142857143,35.75462748079884
11.086368918187864,-67.01020408163265,35.75462748079884
11.086368918187864,-66.59183673469389,35.75462748079884
11.086368918187864,-66.1734693877551,35.75462748079884
11.086368918187864,-65.75510204081633,35.75462748079884
11.086368918187864,-65.33673469387755,35.75462748079884
11.086368918187864,-64.91836734693877,35.75462748079884
11.086368918187864,-64.5,35.75462748079884
11.8975665431313,-85,36.58121716246313
11.8975665431313,-84.58163265306122,36.58121716246313
11.8975665431313,-84.16326530612245,36.58121716246313
11.8975665431313,-83.74489795918367,36.58121716246313
11.8975665431313,-83.3265306122449,36.58121716246313
11.8975665431313,-82.90816326530613,36.58121716246313
11.8975665431313,-82.48979591836735,36.58121716246313
11.8975665431313,-82.07142857142857,36.58121716246313
11.8975665431313,-81.65306122448979,36.58121716246313
11.8975665431313,-81.23469387755102,36.58121716246313
11.8975665431313,-80.81632653061224,36.58121716246313
11.8975665431313,-80.39795918367346,36.58121716246313
11.8975665431313,-79.9795918367347,36.58121716246313
11.8975665431313,-79.56122448979592,36.58121716246313
11.8975665431313,-79.14285714285714,36.58121716246313
11.8975665431313,-78.72448979591837,36.58121716246313
11.8975665431313,-78.3061224489796,36.58121716246313
11.89756932800984,-77.88775510204081,36.58121716246313
11.89756932800984,-77.46938775510205,36.58121716246313
11.89756932800984,-77.05102040816327,36.58121716246313
11.89756932800984,-76.63265306122449,36.58121716246313
11.89756932800984,-76.21428571428571,36.58121716246313
11.89756932800984,-75.79591836734694,36.58121716246313
11.89756932800984,-75.37755102040816,36.58121716246313
11.89756932800984,-74.95918367346938,36.58121716246313
11.89756932800984,-74.54081632653062,36.58121716246313
11.89756932800984,-74.12244897959184,36.58121716246313
11.693164424388977,-73.70408163265306,36.58121716246313
11.693164424388977,-73.28571428571428,36.58121716246313
11.693164424388977,-72.86734693877551,36.58121716246313
11.6931638249176,-72.44897959183673,36.58121716246313
11.6931638249176,-72.03061224489795,36.58121716246313
11.6931638249176,-71.61224489795919,36.58121716246313
11.6931638249176,-71.1938775510204,36.58121716246313
11.6931638249176,-70.77551020408163,36.58121716246313
11.6931638249176,-70.35714285714286,36.58121716246313
11.6931638249176,-69.93877551020408,36.58121716246313
11.6931638249176,-69.5204081632653,36.58121716246313
11.6931638249176,-69.10204081632654,36.58121716246313
11.086368918187864,-68.68367346938776,36.58121716246313
11.086368918187864,-68.26530612244898,36.58121716246313
11.086368918187864,-67.84693877551021,36.58121716246313
11.086368918187864,-67.42857142857143,36.58121716246313
11.086368918187864,-67.01020408163265,36.58121716246313
11.086368918187864,-66.59183673469389,36.58121716246313
11.086368918187864,-66.1734693877551,36.58121716246313
11.086368918187864,-65.75510204081633,36.58121716246313
11.086368918187864,-65.33673469387755,36.58121716246313
11.086368918187864,-64.91836734693877,36.58121716246313
11.086368918187864,-64.5,36.58121716246313
11.8975665431313,-85,37.40780684412742
11.8975665431313,-84.58163265306122,37.40780684412742
11.8975665431313,-84.16326530612245,37.40780684412742
11.8975665431313,-83.74489795918367,37.40780684412742
11.8975665431313,-83.3265306122449,37.40780684412742
11.8975665431313,-82.90816326530613,37.40780684412742
11.8975665431313,-82.48979591836735,37.40780684412742
11.8975665431313,-82.07142857142857,37.40780684412742
11.8975665431313,-81.65306122448979,37.40780684412742
11.8975665431313,-81.23469387755102,37.40780684412742
11.8975665431313,-80.81632653061224,37.40780684412742
11.8975665431313,-80.39795918367346,37.40780684412742
11.8975665431313,-79.9795918367347,37.40780684412742
11.8975665431313,-79.56122448979592,37.40780684412742
11.8975665431313,-79.14285714285714,37.40780684412742
11.8975665431313,-78.72448979591837,37.40780684412742
11.8975665431313,-78.3061224489796,37.40780684412742
11.89756932800984,-77.88775510204081,37.40780684412742
11.89756932800984,-77.46938775510205,37.40780684412742
11.89756932800984,-77.05102040816327,37.40780684412742
11.89756932800984,-76.63265306122449,37.40780684412742
11.89756932800984,-76.21428571428571,37.40780684412742
11.89756932800984,-75.79591836734694,37.40780684412742
11.89756932800984,-75.37755102040816,37.40780684412742
11.89756932800984,-74.95918367346938,37.40780684412742
11.89756932800984,-74.54081632653062,37.40780684412742
11.89756932800984,-74.12244897959184,37.40780684412742
11.693164424388977,-73.70408163265306,37.40780684412742
11.693164424388977,-73.28571428571428,37.40780684412742
11.693164424388977,-72.86734693877551,37.40780684412742
11.6931638249176,-72.44897959183673,37.40780684412742
11.6931638249176,-72.03061224489795,37.40780684412742
11.6931638249176,-71.61224489795919,37.40780684412742
11.6931638249176,-71.1938775510204,37.40780684412742
11.6931638249176,-70.77551020408163,37.40780684412742
11.6931638249176,-70.35714285714286,37.40780684412742
11.6931638249176,-69.93877551020408,37.40780684412742
11.6931638249176,-69.5204081632653,37.40780684412742
11.6931638249176,-69.10204081632654,37.40780684412742
11.086368918187864,-68.68367346938776,37.40780684412742
11.086368918187864,-68.26530612244898,37.40780684412742
11.086368918187864,-67.84693877551021,37.40780684412742
11.086368918187864,-67.42857142857143,37.40780684412742
11.086368918187864,-67.01020408163265,37.40780684412742
11.086368918187864,-66.59183673469389,37.40780684412742
11.086368918187864,-66.1734693877551,37.40780684412742
11.086368918187864,-65.75510204081633,37.40780684412742
11.086368918187864,-65.33673469387755,37.40780684412742
11.086368918187864,-64.91836734693877,37.40780684412742
11.086368918187864,-64.5,37.40780684412742
11.8975665431313,-85,38.23439652579171
11.8975665431313,-84.58163265306122,38.23439652579171
11.8975665431313,-84.16326530612245,38.23439652579171
11.8975665431313,-83.74489795918367,38.23439652579171
11.8975665431313,-83.3265306122449,38.23439652579171
11.8975665431313,-82.90816326530613,38.23439652579171
11.8975665431313,-82.48979591836735,38.23439652579171
11.8975665431313,-82.07142857142857,38.23439652579171
11.8975665431313,-81.65306122448979,38.23439652579171
11.8975665431313,-81.23469387755102,38.23439652579171
11.8975665431313,-80.81632653061224,38.23439652579171
11.8975665431313,-80.39795918367346,38.23439652579171
11.8975665431313,-79.9795918367347,38.23439652579171
11.8975665431313,-79.56122448979592,38.23439652579171
11.8975665431313,-79.14285714285714,38.23439652579171
11.8975665431313,-78.72448979591837,38.23439652579171
11.8975665431313,-78.3061224489796,38.23439652579171
11.89756932800984,-77.88775510204081,38.23439652579171
11.89756932800984,-77.46938775510205,38.23439652579171
11.89756932800984,-77.05102040816327,38.23439652579171
11.89756932800984,-76.63265306122449,38.23439652579171
11.89756932800984,-76.21428571428571,38.23439652579171
11.89756932800984,-75.79591836734694,38.23439652579171
11.89756932800984,-75.37755102040816,38.23439652579171
11.89756932800984,-74.95918367346938,38.23439652579171
11.89756932800984,-74.54081632653062,38.23439652579171
11.89756932800984,-74.12244897959184,38.23439652579171
11.693164424388977,-73.70408163265306,38.23439652579171
11.693164424388977,-73.28571428571428,38.23439652579171
11.693164424388977,-72.86734693877551,38.23439652579171
11.6931638249176,-72.44897959183673,38.23439652579171
11.6931638249176,-72.03061224489795,38.23439652579171
11.6931638249176,-71.61224489795919,38.23439652579171
11.6931638249176,-71.1938775510204,38.23439652579171
11.6931638249176,-70.77551020408163,38.23439652579171
11.6931638249176,-70.35714285714286,38.23439652579171
11.6931638249176,-69.93877551020408,38.23439652579171
11.6931638249176,-69.5204081632653,38.23439652579171
11.6931638249176,-69.10204081632654,38.23439652579171
11.086368918187864,-68.68367346938776,38.23439652579171
11.086368918187864,-68.26530612244898,38.23439652579171
11.086368918187864,-67.84693877551021,38.23439652579171
11.086368918187864,-67.42857142857143,38.23439652579171
11.086368918187864,-67.01020408163265,38.23439652579171
11.086368918187864,-66.59183673469389,38.23439652579171
11.086368918187864,-66.1734693877551,38.23439652579171
11.086368918187864,-65.75510204081633,38.23439652579171
11.086368918187864,-65.33673469387755,38.23439652579171
11.086368918187864,-64.91836734693877,38.23439652579171
11.086368918187864,-64.5,38.23439652579171
11.8975665431313,-85,39.060986207456004
11.8975665431313,-84.58163265306122,39.060986207456004
11.8975665431313,-84.16326530612245,39.060986207456004
11.8975665431313,-83.74489795918367,39.060986207456004
11.8975665431313,-83.3265306122449,39.060986207456004
11.8975665431313,-82.90816326530613,39.060986207456004
11.8975665431313,-82.48979591836735,39.060986207456004
11.8975665431313,-82.07142857142857,39.060986207456004
11.8975665431313,-81.65306122448979,39.060986207456004
11.8975665431313,-81.23469387755102,39.060986207456004
11.8975665431313,-80.81632653061224,39.060986207456004
11.8975665431313,-80.39795918367346,39.060986207456004
11.8975665431313,-79.9795918367347,39.060986207456004
11.8975665431313,-79.56122448979592,39.060986207456004
11.8975665431313,-79.14285714285714,39.060986207456004
11.8975665431313,-78.72448979591837,39.060986207456004
11.8975665431313,-78.3061224489796,39.060986207456004
11.89756932800984,-77.88775510204081,39.060986207456004
11.89756932800984,-77.46938775510205,39.060986207456004
11.89756932800984,-77.05102040816327,39.060986207456004
11.89756932800984,-76.63265306122449,39.060986207456004
11.89756932800984,-76.21428571428571,39.060986207456004
11.89756932800984,-75.79591836734694,39.060986207456004
11.89756932800984,-75.37755102040816,39.060986207456004
11.89756932800984,-74.95918367346938,39.060986207456004
11.89756932800984,-74.54081632653062,39.060986207456004
11.89756932800984,-74.12244897959184,39.060986207456004
11.693164424388977,-73.70408163265306,39.060986207456004
11.693164424388977,-73.28571428571428,39.060986207456004
11.693164424388977,-72.86734693877551,39.060986207456004
11.6931638249176,-72.44897959183673,39.060986207456004
11.6931638249176,-72.03061224489795,39.060986207456004
11.6931638249176,-71.61224489795919,39.060986207456004
11.6931638249176,-71.1938775510204,39.060986207456004
11.6931638249176,-70.77551020408163,39.060986207456004
11.6931638249176,-70.35714285714286,39.060986207456004
11.6931638249176,-69.93877551020408,39.060986207456004
11.6931638249176,-69.5204081632653,39.060986207456004
11.6931638249176,-69.10204081632654,39.060986207456004
11.086368918187864,-68.68367346938776,39.060986207456004
11.086368918187864,-68.26530612244898,39.060986207456004
11.086368918187864,-67.84693877551021,39.060986207456004
11.086368918187864,-67.42857142857143,39.060986207456004
11.086368918187864,-67.01020408163265,39.060986207456004
11.086368918187864,-66.59183673469389,39.060986207456004
11.086368918187864,-66.1734693877551,39.060986207456004
11.086368918187864,-65.75510204081633,39.060986207456004
11.086368918187864,-65.33673469387755,39.060986207456004
11.086368918187864,-64.91836734693877,39.060986207456004
11.086368918187864,-64.5,39.060986207456004
11.8975665431313,-85,39.8875758891203
11.8975665431313,-84.58163265306122,39.8875758891203
11.8975665431313,-84.16326530612245,39.8875758891203
11.8975665431313,-83.74489795918367,39.8875758891203
11.8975665431313,-83.3265306122449,39.8875758891203
11.8975665431313,-82.90816326530613,39.8875758891203
11.8975665431313,-82.48979591836735,39.8875758891203
11.8975665431313,-82.07142857142857,39.8875758891203
11.8975665431313,-81.65306122448979,39.8875758891203
11.8975665431313,-81.23469387755102,39.8875758891203
11.8975665431313,-80.81632653061224,39.8875758891203
11.8975665431313,-80.39795918367346,39.8875758891203
11.8975665431313,-79.9795918367347,39.8875758891203
11.8975665431313,-79.56122448979592,39.8875758891203
11.8975665431313,-79.14285714285714,39.8875758891203
11.8975665431313,-78.72448979591837,39.8875758891203
11.8975665431313,-78.3061224489796,39.8875758891203
11.89756932800984,-77.88775510204081,39.8875758891203
11.89756932800984,-77.46938775510205,39.8875758891203
11.89756932800984,-77.05102040816327,39.8875758891203
11.89756932800984,-76.63265306122449,39.8875758891203
11.89756932800984,-76.21428571428571,39.8875758891203
11.89756932800984,-75.79591836734694,39.8875758891203
11.89756932800984,-75.37755102040816,39.8875758891203
11.89756932800984,-74.95918367346938,39.8875758891203
11.89756932800984,-74.54081632653062,39.8875758891203
11.89756932800984,-74.12244897959184,39.8875758891203
11.693164424388977,-73.70408163265306,39.8875758891203
11.693164424388977,-73.28571428571428,39.8875758891203
11.693164424388977,-72.86734693877551,39.8875758891203
11.6931638249176,-72.44897959183673,39.8875758891203
11.6931638249176,-72.03061224489795,39.8875758891203
11.6931638249176,-71.61224489795919,39.8875758891203
11.6931638249176,-71.1938775510204,39.8875758891203
11.6931638249176,-70.77551020408163,39.8875758891203
11.6931638249176,-70.35714285714286,39.8875758891203
11.6931638249176,-69.93877551020408,39.8875758891203
11.6931638249176,-69.5204081632653,39.8875758891203
11.6931638249176,-69.10204081632654,39.8875758891203
11.086368918187864,-68.68367346938776,39.8875758891203
11.086368918187864,-68.26530612244898,39.8875758891203
11.086368918187864,-67.84693877551021,39.8875758891203
11.086368918187864,-67.42857142857143,39.8875758891203
11.086368918187864,-67.01020408163265,39.8875758891203
11.086368918187864,-66.59183673469389,39.8875758891203
11.086368918187864,-66.1734693877551,39.8875758891203
11.086368918187864,-65.75510204081633,39.8875758891203
11.086368918187864,-65.33673469387755,39.8875758891203
11.086368918187864,-64.91836734693877,39.8875758891203
11.086368918187864,-64.5,39.8875758891203
11.8975665431313,-85,40.71416557078459
11.8975665431313,-84.58163265306122,40.71416557078459
11.8975665431313,-84.16326530612245,40.71416557078459
11.8975665431313,-83.74489795918367,40.71416557078459
11.8975665431313,-83.3265306122449,40.71416557078459
11.8975665431313,-82.90816326530613,40.71416557078459
11.8975665431313,-82.48979591836735,40.71416557078459
11.8975665431313,-82.07142857142857,40.71416557078459
11.8975665431313,-81.65306122448979,40.71416557078459
11.8975665431313,-81.23469387755102,40.71416557078459
11.8975665431313,-80.81632653061224,40.71416557078459
11.8975665431313,-80.39795918367346,40.71416557078459
11.8975665431313,-79.9795918367347,40.71416557078459
11.8975665431313,-79.56122448979592,40.71416557078459
11.8975665431313,-79.14285714285714,40.71416557078459
11.8975665431313,-78.72448979591837,40.71416557078459
11.8975665431313,-78.3061224489796,40.71416557078459
11.89756932800984,-77.88775510204081,40.71416557078459
11.89756932800984,-77.46938775510205,40.71416557078459
11.89756932800984,-77.05102040816327,40.71416557078459
11.89756932800984,-76.63265306122449,40.71416557078459
11.89756932800984,-76.21428571428571,40.71416557078459
11.89756932800984,-75.79591836734694,40.71416557078459
11.89756932800984,-75.37755102040816,40.71416557078459
11.89756932800984,-74.95918367346938,40.71416557078459
11.89756932800984,-74.54081632653062,40.71416557078459
11.89756932800984,-74.12244897959184,40.71416557078459
11.693164424388977,-73.70408163265306,40.71416557078459
11.693164424388977,-73.28571428571428,40.71416557078459
11.693164424388977,-72.86734693877551,40.71416557078459
11.6931638249176,-72.44897959183673,40.71416557078459
11.6931638249176,-72.03061224489795,40.71416557078459
11.6931638249176,-71.61224489795919,40.71416557078459
11.6931638249176,-71.1938775510204,40.71416557078459
11.6931638249176,-70.77551020408163,40.71416557078459
11.6931638249176,-70.35714285714286,40.71416557078459
11.6931638249176,-69.93877551020408,40.71416557078459
11.6931638249176,-69.5204081632653,40.71416557078459
11.6931638249176,-69.10204081632654,40.71416557078459
11.086368918187864,-68.68367346938776,40.71416557078459
11.086368918187864,-68.26530612244898,40.71416557078459
11.086368918187864,-67.84693877551021,40.71416557078459
11.086368918187864,-67.42857142857143,40.71416557078459
11.086368918187864,-67.01020408163265,40.71416557078459
11.086368918187864,-66.59183673469389,40.71416557078459
11.086368918187864,-66.1734693877551,40.71416557078459
11.086368918187864,-65.75510204081633,40.71416557078459
11.086368918187864,-65.33673469387755,40.71416557078459
11.086368918187864,-64.91836734693877,40.71416557078459
11.086368918187864,-64.5,40.71416557078459
11.8975665431313,-85,41.54075525244888
11.8975665431313,-84.58163265306122,41.54075525244888
11.8975665431313,-84.16326530612245,41.54075525244888
11.8975665431313,-83.74489795918367,41.54075525244888
11.8975665431313,-83.3265306122449,41.54075525244888
11.8975665431313,-82.90816326530613,41.54075525244888
11.8975665431313,-82.48979591836735,41.54075525244888
11.8975665431313,-82.07142857142857,41.54075525244888
11.8975665431313,-81.65306122448979,41.54075525244888
11.8975665431313,-81.23469387755102,41.54075525244888
11.8975665431313,-80.81632653061224,41.54075525244888
11.8975665431313,-80.39795918367346,41.54075525244888
11.8975665431313,-79.9795918367347,41.54075525244888
11.8975665431313,-79.56122448979592,41.54075525244888
11.8975665431313,-79.14285714285714,41.54075525244888
11.8975665431313,-78.72448979591837,41.54075525244888
11.8975665431313,-78.3061224489796,41.54075525244888
11.89756932800984,-77.88775510204081,41.54075525244888
11.89756932800984,-77.46938775510205,41.54075525244888
11.89756932800984,-77.05102040816327,41.54075525244888
11.89756932800984,-76.63265306122449,41.54075525244888
11.89756932800984,-76.21428571428571,41.54075525244888
11.89756932800984,-75.79591836734694,41.54075525244888
11.89756932800984,-75.37755102040816,41.54075525244888
11.89756932800984,-74.95918367346938,41.54075525244888
11.89756932800984,-74.54081632653062,41.54075525244888
11.89756932800984,-74.12244897959184,41.54075525244888
11.693164424388977,-73.70408163265306,41.54075525244888
11.693164424388977,-73.28571428571428,41.54075525244888
11.693164424388977,-72.86734693877551,41.54075525244888
11.6931638249176,-72.44897959183673,41.54075525244888
11.6931638249176,-72.03061224489795,41.54075525244888
11.6931638249176,-71.61224489795919,41.54075525244888
11.6931638249176,-71.1938775510204,41.54075525244888
11.6931638249176,-70.77551020408163,41.54075525244888
11.6931638249176,-70.35714285714286,41.54075525244888
11.6931638249176,-69.93877551020408,41.54075525244888
11.6931638249176,-69.5204081632653,41.54075525244888
11.6931638249176,-69.10204081632654,41.54075525244888
11.086368918187864,-68.68367346938776,41.54075525244888
11.086368918187864,-68.26530612244898,41.54075525244888
11.086368918187864,-67.84693877551021,41.54075525244888
11.086368918187864,-67.42857142857143,41.54075525244888
11.086368918187864,-67.01020408163265,41.54075525244888
11.086368918187864,-66.59183673469389,41.54075525244888
11.086368918187864,-66.1734693877551,41.54075525244888
11.086368918187864,-65.75510204081633,41.54075525244888
11.086368918187864,-65.33673469387755,41.54075525244888
11.086368918187864,-64.91836734693877,41.54075525244888
11.086368918187864,-64.5,41.54075525244888
11.8975665431313,-85,42.36734493411317
11.8975665431313,-84.58163265306122,42.36734493411317
11.8975665431313,-84.16326530612245,42.36734493411317
11.8975665431313,-83.74489795918367,42.36734493411317
11.8975665431313,-83.3265306122449,42.36734493411317
11.8975665431313,-82.90816326530613,42.36734493411317
11.8975665431313,-82.48979591836735,42.36734493411317
11.8975665431313,-82.07142857142857,42.36734493411317
11.8975665431313,-81.65306122448979,42.36734493411317
11.8975665431313,-81.23469387755102,42.36734493411317
11.8975665431313,-80.81632653061224,42.36734493411317
11.8975665431313,-80.39795918367346,42.36734493411317
11.8975665431313,-79.9795918367347,42.36734493411317
11.8975665431313,-79.56122448979592,42.36734493411317
11.8975665431313,-79.14285714285714,42.36734493411317
11.8975665431313,-78.72448979591837,42.36734493411317
11.8975665431313,-78.3061224489796,42.36734493411317
11.89756932800984,-77.88775510204081,42.36734493411317
11.89756932800984,-77.46938775510205,42.36734493411317
11.89756932800984,-77.05102040816327,42.36734493411317
11.89756932800984,-76.63265306122449,42.36734493411317
11.89756932800984,-76.21428571428571,42.36734493411317
11.89756932800984,-75.79591836734694,42.36734493411317
11.89756932800984,-75.37755102040816,42.36734493411317
11.89756932800984,-74.95918367346938,42.36734493411317
11.89756932800984,-74.54081632653062,42.36734493411317
11.89756932800984,-74.12244897959184,42.36734493411317
11.693164424388977,-73.70408163265306,42.36734493411317
11.693164424388977,-73.28571428571428,42.36734493411317
11.693164424388977,-72.86734693877551,42.36734493411317
11.6931638249176,-72.44897959183673,42.36734493411317
11.6931638249176,-72.03061224489795,42.36734493411317
11.6931638249176,-71.61224489795919,42.36734493411317
11.6931638249176,-71.1938775510204,42.36734493411317
11.6931638249176,-70.77551020408163,42.36734493411317
11.6931638249176,-70.35714285714286,42.36734493411317
11.6931638249176,-69.93877551020408,42.36734493411317
11.6931638249176,-69.5204081632653,42.36734493411317
11.6931638249176,-69.10204081632654,42.36734493411317
11.086368918187864,-68.68367346938776,42.36734493411317
11.086368918187864,-68.26530612244898,42.36734493411317
11.086368918187864,-67.84693877551021,42.36734493411317
11.086368918187864,-67.42857142857143,42.36734493411317
11.086368918187864,-67.01020408163265,42.36734493411317
11.086368918187864,-66.59183673469389,42.36734493411317
11.086368918187864,-66.1734693877551,42.36734493411317
11.086368918187864,-65.75510204081633,42.36734493411317
11.086368918187864,-65.33673469387755,42.36734493411317
11.086368918187864,-64.91836734693877,42.36734493411317
11.086368918187864,-64.5,42.36734493411317
11.8975665431313,-85,43.193934615777465
11.8975665431313,-84.58163265306122,43.193934615777465
11.8975665431313,-84.16326530612245,43.193934615777465
11.8975665431313,-83.74489795918367,43.193934615777465
11.8975665431313,-83.3265306122449,43.193934615777465
11.8975665431313,-82.90816326530613,43.193934615777465
11.8975665431313,-82.48979591836735,43.193934615777465
11.8975665431313,-82.07142857142857,43.193934615777465
11.8975665431313,-81.65306122448979,43.193934615777465
11.8975665431313,-81.23469387755102,43.193934615777465
11.8975665431313,-80.81632653061224,43.193934615777465
11.8975665431313,-80.39795918367346,43.193934615777465
11.8975665431313,-79.9795918367347,43.193934615777465
11.8975665431313,-79.56122448979592,43.193934615777465
11.8975665431313,-79.14285714285714,43.193934615777465
11.8975665431313,-78.72448979591837,43.193934615777465
11.8975665431313,-78.3061224489796,43.193934615777465
11.89756932800984,-77.88775510204081,43.193934615777465
11.89756932800984,-77.46938775510205,43.193934615777465
11.89756932800984,-77.05102040816327,43.193934615777465
11.89756932800984,-76.63265306122449,43.193934615777465
11.89756932800984,-76.21428571428571,43.193934615777465
11.89756932800984,-75.79591836734694,43.193934615777465
11.89756932800984,-75.37755102040816,43.193934615777465
11.89756932800984,-74.95918367346938,43.193934615777465
11.89756932800984,-74.54081632653062,43.193934615777465
11.89756932800984,-74.12244897959184,43.193934615777465
11.693164424388977,-73.70408163265306,43.193934615777465
11.693164424388977,-73.28571428571428,43.193934615777465
11.693164424388977,-72.86734693877551,43.193934615777465
11.6931638249176,-72.44897959183673,43.193934615777465
11.6931638249176,-72.03061224489795,43.193934615777465
11.6931638249176,-71.61224489795919,43.193934615777465
11.6931638249176,-71.1938775510204,43.193934615777465
11.6931638249176,-70.77551020408163,43.193934615777465
11.6931638249176,-70.35714285714286,43.193934615777465
11.6931638249176,-69.93877551020408,43.193934615777465
11.6931638249176,-69.5204081632653,43.193934615777465
11.6931638249176,-69.10204081632654,43.193934615777465
11.086368918187864,-68.68367346938776,43.193934615777465
11.086368918187864,-68.26530612244898,43.193934615777465
11.086368918187864,-67.84693877551021,43.193934615777465
11.086368918187864,-67.42857142857143,43.193934615777465
11.086368918187864,-67.01020408163265,43.193934615777465
11.086368918187864,-66.59183673469389,43.193934615777465
11.086368918187864,-66.1734693877551,43.193934615777465
11.086368918187864,-65.75510204081633,43.193934615777465
11.086368918187864,-65.33673469387755,43.193934615777465
11.086368918187864,-64.91836734693877,43.193934615777465
11.086368918187864,-64.5,43.193934615777465
11.8975665431313,-85,44.02052429744175
11.8975665431313,-84.58163265306122,44.02052429744175
11.8975665431313,-84.16326530612245,44.02052429744175
11.8975665431313,-83.74489795918367,44.02052429744175
11.8975665431313,-83.3265306122449,44.02052429744175
11.8975665431313,-82.90816326530613,44.02052429744175
11.8975665431313,-82.48979591836735,44.02052429744175
11.8975665431313,-82.07142857142857,44.02052429744175
11.8975665431313,-81.65306122448979,44.02052429744175
11.8975665431313,-81.23469387755102,44.02052429744175
11.8975665431313,-80.81632653061224,44.02052429744175
11.8975665431313,-80.39795918367346,44.02052429744175
11.8975665431313,-79.9795918367347,44.02052429744175
11.8975665431313,-79.56122448979592,44.02052429744175
11.8975665431313,-79.14285714285714,44.02052429744175
11.8975665431313,-78.72448979591837,44.02052429744175
11.8975665431313,-78.3061224489796,44.02052429744175
11.89756932800984,-77.88775510204081,44.02052429744175
11.89756932800984,-77.46938775510205,44.02052429744175
11.89756932800984,-77.05102040816327,44.02052429744175
11.89756932800984,-76.63265306122449,44.02052429744175
11.89756932800984,-76.21428571428571,44.02052429744175
11.89756932800984,-75.79591836734694,44.02052429744175
11.89756932800984,-75.37755102040816,44.02052429744175
11.89756932800984,-74.95918367346938,44.02052429744175
11.89756932800984,-74.54081632653062,44.02052429744175
11.89756932800984,-74.12244897959184,44.02052429744175
11.693164424388977,-73.70408163265306,44.02052429744175
11.693164424388977,-73.28571428571428,44.02052429744175
11.693164424388977,-72.86734693877551,44.02052429744175
11.6931638249176,-72.44897959183673,44.02052429744175
11.6931638249176,-72.03061224489795,44.02052429744175
11.6931638249176,-71.61224489795919,44.02052429744175
11.6931638249176,-71.1938775510204,44.02052429744175
11.6931638249176,-70.77551020408163,44.02052429744175
11.6931638249176,-70.35714285714286,44.02052429744175
11.6931638249176,-69.93877551020408,44.02052429744175
11.6931638249176,-69.5204081632653,44.02052429744175
11.6931638249176,-69.10204081632654,44.02052429744175
11.086368918187864,-68.68367346938776,44.02052429744175
11.086368918187864,-68.26530612244898,44.02052429744175
11.086368918187864,-67.84693877551021,44.02052429744175
11.086368918187864,-67.42857142857143,44.02052429744175
11.086368918187864,-67.01020408163265,44.02052429744175
11.086368918187864,-66.59183673469389,44.02052429744175
11.086368918187864,-66.1734693877551,44.02052429744175
11.086368918187864,-65.75510204081633,44.02052429744175
11.086368918187864,-65.33673469387755,44.02052429744175
11.086368918187864,-64.91836734693877,44.02052429744175
11.086368918187864,-64.5,44.02052429744175
11.8975665431313,-85,44.84711397910605
11.8975665431313,-84.58163265306122,44.84711397910605
11.8975665431313,-84.16326530612245,44.84711397910605
11.8975665431313,-83.74489795918367,44.84711397910605
11.8975665431313,-83.3265306122449,44.84711397910605
11.8975665431313,-82.90816326530613,44.84711397910605
11.8975665431313,-82.48979591836735,44.84711397910605
11.8975665431313,-82.07142857142857,44.84711397910605
11.8975665431313,-81.65306122448979,44.84711397910605
11.8975665431313,-81.23469387755102,44.84711397910605
11.8975665431313,-80.81632653061224,44.84711397910605
11.8975665431313,-80.39795918367346,44.84711397910605
11.8975665431313,-79.9795918367347,44.84711397910605
11.8975665431313,-79.56122448979592,44.84711397910605
11.8975665431313,-79.14285714285714,44.84711397910605
11.8975665431313,-78.72448979591837,44.84711397910605
11.8975665431313,-78.3061224489796,44.84711397910605
11.89756932800984,-77.88775510204081,44.84711397910605
11.89756932800984,-77.46938775510205,44.84711397910605
11.89756932800984,-77.05102040816327,44.84711397910605
11.89756932800984,-76.63265306122449,44.84711397910605
11.89756932800984,-76.21428571428571,44.84711397910605
11.89756932800984,-75.79591836734694,44.84711397910605
11.89756932800984,-75.37755102040816,44.84711397910605
11.89756932800984,-74.95918367346938,44.84711397910605
11.89756932800984,-74.54081632653062,44.84711397910605
11.89756932800984,-74.12244897959184,44.84711397910605
11.693164424388977,-73.70408163265306,44.84711397910605
11.693164424388977,-73.28571428571428,44.84711397910605
11.693164424388977,-72.86734693877551,44.84711397910605
11.6931638249176,-72.44897959183673,44.84711397910605
11.6931638249176,-72.03061224489795,44.84711397910605
11.6931638249176,-71.61224489795919,44.84711397910605
11.6931638249176,-71.1938775510204,44.84711397910605
11.6931638249176,-70.77551020408163,44.84711397910605
11.6931638249176,-70.35714285714286,44.84711397910605
11.6931638249176,-69.93877551020408,44.84711397910605
11.6931638249176,-69.5204081632653,44.84711397910605
11.6931638249176,-69.10204081632654,44.84711397910605
11.086368918187864,-68.68367346938776,44.84711397910605
11.086368918187864,-68.26530612244898,44.84711397910605
11.086368918187864,-67.84693877551021,44.84711397910605
11.086368918187864,-67.42857142857143,44.84711397910605
11.086368918187864,-67.01020408163265,44.84711397910605
11.086368918187864,-66.59183673469389,44.84711397910605
11.086368918187864,-66.1734693877551,44.84711397910605
11.086368918187864,-65.75510204081633,44.84711397910605
11.086368918187864,-65.33673469387755,44.84711397910605
11.086368918187864,-64.91836734693877,44.84711397910605
11.086368918187864,-64.5,44.84711397910605
11.8975665431313,-85,45.673703660770336
11.8975665431313,-84.58163265306122,45.673703660770336
11.8975665431313,-84.16326530612245,45.673703660770336
11.8975665431313,-83.74489795918367,45.673703660770336
11.8975665431313,-83.3265306122449,45.673703660770336
11.8975665431313,-82.90816326530613,45.673703660770336
11.8975665431313,-82.48979591836735,45.673703660770336
11.8975665431313,-82.07142857142857,45.673703660770336
11.8975665431313,-81.65306122448979,45.673703660770336
11.8975665431313,-81.23469387755102,45.673703660770336
11.8975665431313,-80.81632653061224,45.673703660770336
11.8975665431313,-80.39795918367346,45.673703660770336
11.8975665431313,-79.9795918367347,45.673703660770336
11.8975665431313,-79.56122448979592,45.673703660770336
11.8975665431313,-79.14285714285714,45.673703660770336
11.8975665431313,-78.72448979591837,45.673703660770336
11.8975665431313,-78.3061224489796,45.673703660770336
11.89756932800984,-77.88775510204081,45.673703660770336
11.89756932800984,-77.46938775510205,45.673703660770336
11.89756932800984,-77.05102040816327,45.673703660770336
11.89756932800984,-76.63265306122449,45.673703660770336
11.89756932800984,-76.21428571428571,45.673703660770336
11.89756932800984,-75.79591836734694,45.673703660770336
11.89756932800984,-75.37755102040816,45.673703660770336
11.89756932800984,-74.95918367346938,45.673703660770336
11.89756932800984,-74.54081632653062,45.673703660770336
11.89756932800984,-74.12244897959184,45.673703660770336
11.693164424388977,-73.70408163265306,45.673703660770336
11.693164424388977,-73.28571428571428,45.673703660770336
11.693164424388977,-72.86734693877551,45.673703660770336
11.6931638249176,-72.44897959183673,45.673703660770336
11.6931638249176,-72.03061224489795,45.673703660770336
11.6931638249176,-71.61224489795919,45.673703660770336
11.6931638249176,-71.1938775510204,45.673703660770336
11.6931638249176,-70.77551020408163,45.673703660770336
11.6931638249176,-70.35714285714286,45.673703660770336
11.6931638249176,-69.93877551020408,45.673703660770336
11.6931638249176,-69.5204081632653,45.673703660770336
11.6931638249176,-69.10204081632654,45.673703660770336
11.086368918187864,-68.68367346938776,45.673703660770336
11.086368918187864,-68.26530612244898,45.673703660770336
11.086368918187864,-67.84693877551021,45.673703660770336
11.086368918187864,-67.42857142857143,45.673703660770336
11.086368918187864,-67.01020408163265,45.673703660770336
11.086368918187864,-66.59183673469389,45.673703660770336
11.086368918187864,-66.1734693877551,45.673703660770336
11.086368918187864,-65.75510204081633,45.673703660770336
11.086368918187864,-65.33673469387755,45.673703660770336
11.086368918187864,-64.91836734693877,45.673703660770336
11.086368918187864,-64.5,45.673703660770336
11.8975665431313,-85,46.50029334243463
11.8975665431313,-84.58163265306122,46.50029334243463
11.8975665431313,-84.16326530612245,46.50029334243463
11.8975665431313,-83.74489795918367,46.50029334243463
11.8975665431313,-83.3265306122449,46.50029334243463
11.8975665431313,-82.90816326530613,46.50029334243463
11.8975665431313,-82.48979591836735,46.50029334243463
11.8975665431313,-82.07142857142857,46.50029334243463
11.8975665431313,-81.65306122448979,46.50029334243463
11.8975665431313,-81.23469387755102,46.50029334243463
11.8975665431313,-80.81632653061224,46.50029334243463
11.8975665431313,-80.39795918367346,46.50029334243463
11.8975665431313,-79.9795918367347,46.50029334243463
11.8975665431313,-79.56122448979592,46.50029334243463
11.8975665431313,-79.14285714285714,46.50029334243463
11.8975665431313,-78.72448979591837,46.50029334243463
11.8975665431313,-78.3061224489796,46.50029334243463
11.89756932800984,-77.88775510204081,46.50029334243463
11.89756932800984,-77.46938775510205,46.50029334243463
11.89756932800984,-77.05102040816327,46.50029334243463
11.89756932800984,-76.63265306122449,46.50029334243463
11.89756932800984,-76.21428571428571,46.50029334243463
11.89756932800984,-75.79591836734694,46.50029334243463
11.89756932800984,-75.37755102040816,46.50029334243463
11.89756932800984,-74.95918367346938,46.50029334243463
11.89756932800984,-74.54081632653062,46.50029334243463
11.89756932800984,-74.12244897959184,46.50029334243463
11.693164424388977,-73.70408163265306,46.50029334243463
11.693164424388977,-73.28571428571428,46.50029334243463
11.693164424388977,-72.86734693877551,46.50029334243463
11.6931638249176,-72.44897959183673,46.50029334243463
11.6931638249176,-72.03061224489795,46.50029334243463
11.6931638249176,-71.61224489795919,46.50029334243463
11.6931638249176,-71.1938775510204,46.50029334243463
11.6931638249176,-70.77551020408163,46.50029334243463
11.6931638249176,-70.35714285714286,46.50029334243463
11.6931638249176,-69.93877551020408,46.50029334243463
11.6931638249176,-69.5204081632653,46.50029334243463
11.6931638249176,-69.10204081632654,46.50029334243463
11.086368918187864,-68.68367346938776,46.50029334243463
11.086368918187864,-68.26530612244898,46.50029334243463
11.086368918187864,-67.84693877551021,46.50029334243463
11.086368918187864,-67.42857142857143,46.50029334243463
11.086368918187864,-67.01020408163265,46.50029334243463
11.086368918187864,-66.59183673469389,46.50029334243463
11.086368918187864,-66.1734693877551,46.50029334243463
11.086368918187864,-65.75510204081633,46.50029334243463
11.086368918187864,-65.33673469387755,46.50029334243463
11.086368918187864,-64.91836734693877,46.50029334243463
11.086368918187864,-64.5,46.50029334243463
11.8975665431313,-85,47.32688302409892
11.8975665431313,-84.58163265306122,47.32688302409892
11.8975665431313,-84.16326530612245,47.32688302409892
11.8975665431313,-83.74489795918367,47.32688302409892
11.8975665431313,-83.3265306122449,47.32688302409892
11.8975665431313,-82.90816326530613,47.32688302409892
11.8975665431313,-82.48979591836735,47.32688302409892
11.8975665431313,-82.07142857142857,47.32688302409892
11.8975665431313,-81.65306122448979,47.32688302409892
11.8975665431313,-81.23469387755102,47.32688302409892
11.8975665431313,-80.81632653061224,47.32688302409892
11.8975665431313,-80.39795918367346,47.32688302409892
11.8975665431313,-79.9795918367347,47.32688302409892
11.8975665431313,-79.56122448979592,47.32688302409892
11.8975665431313,-79.14285714285714,47.32688302409892
11.8975665431313,-78.72448979591837,47.32688302409892
11.8975665431313,-78.3061224489796,47.32688302409892
11.89756932800984,-77.88775510204081,47.32688302409892
11.89756932800984,-77.46938775510205,47.32688302409892
11.89756932800984,-77.05102040816327,47.32688302409892
11.89756932800984,-76.63265306122449,47.32688302409892
11.89756932800984,-76.21428571428571,47.32688302409892
11.89756932800984,-75.79591836734694,47.32688302409892
11.89756932800984,-75.37755102040816,47.32688302409892
11.89756932800984,-74.95918367346938,47.32688302409892
11.89756932800984,-74.54081632653062,47.32688302409892
11.89756932800984,-74.12244897959184,47.32688302409892
11.693164424388977,-73.70408163265306,47.32688302409892
11.693164424388977,-73.28571428571428,47.32688302409892
11.693164424388977,-72.86734693877551,47.32688302409892
11.6931638249176,-72.44897959183673,47.32688302409892
11.6931638249176,-72.03061224489795,47.32688302409892
11.6931638249176,-71.61224489795919,47.32688302409892
11.6931638249176,-71.1938775510204,47.32688302409892
11.6931638249176,-70.77551020408163,47.32688302409892
11.6931638249176,-70.35714285714286,47.32688302409892
11.6931638249176,-69.93877551020408,47.32688302409892
11.6931638249176,-69.5204081632653,47.32688302409892
11.6931638249176,-69.10204081632654,47.32688302409892
11.086368918187864,-68.68367346938776,47.32688302409892
11.086368918187864,-68.26530612244898,47.32688302409892
11.086368918187864,-67.84693877551021,47.32688302409892
11.086368918187864,-67.42857142857143,47.32688302409892
11.086368918187864,-67.01020408163265,47.32688302409892
11.086368918187864,-66.59183673469389,47.32688302409892
11.086368918187864,-66.1734693877551,47.32688302409892
11.086368918187864,-65.75510204081633,47.32688302409892
11.086368918187864,-65.33673469387755,47.32688302409892
11.086368918187864,-64.91836734693877,47.32688302409892
11.086368918187864,-64.5,47.32688302409892
11.8975665431313,-85,48.153472705763214
11.8975665431313,-84.58163265306122,48.153472705763214
11.8975665431313,-84.16326530612245,48.153472705763214
11.8975665431313,-83.74489795918367,48.153472705763214
11.8975665431313,-83.3265306122449,48.153472705763214
11.8975665431313,-82.90816326530613,48.153472705763214
11.8975665431313,-82.48979591836735,48.153472705763214
11.8975665431313,-82.07142857142857,48.153472705763214
11.8975665431313,-81.65306122448979,48.153472705763214
11.8975665431313,-81.23469387755102,48.153472705763214
11.8975665431313,-80.81632653061224,48.153472705763214
11.8975665431313,-80.39795918367346,48.153472705763214
11.8975665431313,-79.9795918367347,48.153472705763214
11.8975665431313,-79.56122448979592,48.153472705763214
11.8975665431313,-79.14285714285714,48.153472705763214
11.8975665431313,-78.72448979591837,48.153472705763214
11.8975665431313,-78.3061224489796,48.153472705763214
11.89756932800984,-77.88775510204081,48.153472705763214
11.89756932800984,-77.46938775510205,48.153472705763214
11.89756932800984,-77.05102040816327,48.153472705763214
11.89756932800984,-76.63265306122449,48.153472705763214
11.89756932800984,-76.21428571428571,48.153472705763214
11.89756932800984,-75.79591836734694,48.153472705763214
11.89756932800984,-75.37755102040816,48.153472705763214
11.89756932800984,-74.95918367346938,48.153472705763214
11.89756932800984,-74.54081632653062,48.153472705763214
11.89756932800984,-74.12244897959184,48.153472705763214
11.693164424388977,-73.70408163265306,48.153472705763214
11.693164424388977,-73.28571428571428,48.153472705763214
11.693164424388977,-72.86734693877551,48.153472705763214
11.6931638249176,-72.44897959183673,48.153472705763214
11.6931638249176,-72.03061224489795,48.153472705763214
11.6931638249176,-71.61224489795919,48.153472705763214
11.6931638249176,-71.1938775510204,48.153472705763214
11.6931638249176,-70.77551020408163,48.153472705763214
11.6931638249176,-70.35714285714286,48.153472705763214
11.6931638249176,-69.93877551020408,48.153472705763214
11.6931638249176,-69.5204081632653,48.153472705763214
11.6931638249176,-69.10204081632654,48.153472705763214
11.086368918187864,-68.68367346938776,48.153472705763214
11.086368918187864,-68.26530612244898,48.153472705763214
11.086368918187864,-67.84693877551021,48.153472705763214
11.086368918187864,-67.42857142857143,48.153472705763214
11.086368918187864,-67.01020408163265,48.153472705763214
11.086368918187864,-66.59183673469389,48.153472705763214
11.086368918187864,-66.1734693877551,48.153472705763214
11.086368918187864,-65.75510204081633,48.153472705763214
11.086368918187864,-65.33673469387755,48.153472705763214
11.086368918187864,-64.91836734693877,48.153472705763214
11.086368918187864,-64.5,48.153472705763214
11.8975665431313,-85,48.98006238742751
11.8975665431313,-84.58163265306122,48.98006238742751
11.8975665431313,-84.16326530612245,48.98006238742751
11.8975665431313,-83.74489795918367,48.98006238742751
11.8975665431313,-83.3265306122449,48.98006238742751
11.8975665431313,-82.90816326530613,48.98006238742751
11.8975665431313,-82.48979591836735,48.98006238742751
11.8975665431313,-82.07142857142857,48.98006238742751
11.8975665431313,-81.65306122448979,48.98006238742751
11.8975665431313,-81.23469387755102,48.98006238742751
11.8975665431313,-80.81632653061224,48.98006238742751
11.8975665431313,-80.39795918367346,48.98006238742751
11.8975665431313,-79.9795918367347,48.98006238742751
11.8975665431313,-79.56122448979592,48.98006238742751
11.8975665431313,-79.14285714285714,48.98006238742751
11.8975665431313,-78.72448979591837,48.98006238742751
11.8975665431313,-78.3061224489796,48.98006238742751
11.89756932800984,-77.88775510204081,48.98006238742751
11.89756932800984,-77.46938775510205,48.98006238742751
11.89756932800984,-77.05102040816327,48.98006238742751
11.89756932800984,-76.63265306122449,48.98006238742751
11.89756932800984,-76.21428571428571,48.98006238742751
11.89756932800984,-75.79591836734694,48.98006238742751
11.89756932800984,-75.37755102040816,48.98006238742751
11.89756932800984,-74.95918367346938,48.98006238742751
11.89756932800984,-74.54081632653062,48.98006238742751
11.89756932800984,-74.12244897959184,48.98006238742751
11.693164424388977,-73.70408163265306,48.98006238742751
11.693164424388977,-73.28571428571428,48.98006238742751
11.693164424388977,-72.86734693877551,48.98006238742751
11.6931638249176,-72.44897959183673,48.98006238742751
11.6931638249176,-72.03061224489795,48.98006238742751
11.6931638249176,-71.61224489795919,48.98006238742751
11.6931638249176,-71.1938775510204,48.98006238742751
11.6931638249176,-70.77551020408163,48.98006238742751
11.6931638249176,-70.35714285714286,48.98006238742751
11.6931638249176,-69.93877551020408,48.98006238742751
11.6931638249176,-69.5204081632653,48.98006238742751
11.6931638249176,-69.10204081632654,48.98006238742751
11.086368918187864,-68.68367346938776,48.98006238742751
11.086368918187864,-68.26530612244898,48.98006238742751
11.086368918187864,-67.84693877551021,48.98006238742751
11.086368918187864,-67.42857142857143,48.98006238742751
11.086368918187864,-67.01020408163265,48.98006238742751
11.086368918187864,-66.59183673469389,48.98006238742751
11.086368918187864,-66.1734693877551,48.98006238742751
11.086368918187864,-65.75510204081633,48.98006238742751
11.086368918187864,-65.33673469387755,48.98006238742751
11.086368918187864,-64.91836734693877,48.98006238742751
11.086368918187864,-64.5,48.98006238742751
11.8975665431313,-85,49.8066520690918
11.8975665431313,-84.58163265306122,49.8066520690918
11.8975665431313,-84.16326530612245,49.8066520690918
11.8975665431313,-83.74489795918367,49.8066520690918
11.8975665431313,-83.3265306122449,49.8066520690918
11.8975665431313,-82.90816326530613,49.8066520690918
11.8975665431313,-82.48979591836735,49.8066520690918
11.8975665431313,-82.07142857142857,49.8066520690918
11.8975665431313,-81.65306122448979,49.8066520690918
11.8975665431313,-81.23469387755102,49.8066520690918
11.8975665431313,-80.81632653061224,49.8066520690918
11.8975665431313,-80.39795918367346,49.8066520690918
11.8975665431313,-79.9795918367347,49.8066520690918
11.8975665431313,-79.56122448979592,49.8066520690918
11.8975665431313,-79.14285714285714,49.8066520690918
11.8975665431313,-78.72448979591837,49.8066520690918
11.8975665431313,-78.3061224489796,49.8066520690918
11.89756932800984,-77.88775510204081,49.8066520690918
11.89756932800984,-77.46938775510205,49.8066520690918
11.89756932800984,-77.05102040816327,49.8066520690918
11.89756932800984,-76.63265306122449,49.8066520690918
11.89756932800984,-76.21428571428571,49.8066520690918
11.89756932800984,-75.79591836734694,49.8066520690918
11.89756932800984,-75.37755102040816,49.8066520690918
11.89756932800984,-74.95918367346938,49.8066520690918
11.89756932800984,-74.54081632653062,49.8066520690918
11.89756932800984,-74.12244897959184,49.8066520690918
11.693164424388977,-73.70408163265306,49.8066520690918
11.693164424388977,-73.28571428571428,49.8066520690918
11.693164424388977,-72.86734693877551,49.8066520690918
11.6931638249176,-72.44897959183673,49.8066520690918
11.6931638249176,-72.03061224489795,49.8066520690918
11.6931638249176,-71.61224489795919,49.8066520690918
11.6931638249176,-71.1938775510204,49.8066520690918
11.6931638249176,-70.77551020408163,49.8066520690918
11.6931638249176,-70.35714285714286,49.8066520690918
11.6931638249176,-69.93877551020408,49.8066520690918
11.6931638249176,-69.5204081632653,49.8066520690918
11.6931638249176,-69.10204081632654,49.8066520690918
11.086368918187864,-68.68367346938776,49.8066520690918
11.086368918187864,-68.26530612244898,49.8066520690918
11.086368918187864,-67.84693877551021,49.8066520690918
11.086368918187864,-67.42857142857143,49.8066520690918
11.086368918187864,-67.01020408163265,49.8066520690918
11.086368918187864,-66.59183673469389,49.8066520690918
11.086368918187864,-66.1734693877551,49.8066520690918
11.086368918187864,-65.75510204081633,49.8066520690918
11.086368918187864,-65.33673469387755,49.8066520690918
11.086368918187864,-64.91836734693877,49.8066520690918
11.086368918187864,-64.5,49.8066520690918
