Q,max_south_extent,avg_landfalling_minomega
0.8126587585814146,-85,-1.813508185473356
0.7998197558875606,-84.56122448979592,-1.813508185473356
0.7998197558875606,-84.12244897959184,-1.813508185473356
0.7998197558875606,-83.68367346938776,-1.813508185473356
0.7998197558875606,-83.24489795918367,-1.813508185473356
0.7998197558875606,-82.8061224489796,-1.813508185473356
0.7998197558875606,-82.36734693877551,-1.813508185473356
0.7998197558875606,-81.92857142857143,-1.813508185473356
0.7998197558875606,-81.48979591836735,-1.813508185473356
0.7998197558875606,-81.05102040816327,-1.813508185473356
0.7998197558875606,-80.61224489795919,-1.813508185473356
0.7998197558875606,-80.1734693877551,-1.813508185473356
0.7998197558875606,-79.73469387755102,-1.813508185473356
0.7998197558875606,-79.29591836734694,-1.813508185473356
0.7998197558875606,-78.85714285714286,-1.813508185473356
0.7998197558875606,-78.41836734693878,-1.813508185473356
0.7998197558875606,-77.9795918367347,-1.813508185473356
0.7998197558875606,-77.54081632653062,-1.813508185473356
0.7998197558875606,-77.10204081632654,-1.813508185473356
0.7998197558875606,-76.66326530612245,-1.813508185473356
0.7998197558875606,-76.22448979591837,-1.813508185473356
0.7998197558875606,-75.78571428571429,-1.813508185473356
0.7998197558875606,-75.34693877551021,-1.813508185473356
0.7998197558875606,-74.90816326530611,-1.813508185473356
0.7998197558875606,-74.46938775510205,-1.813508185473356
0.7998197558875606,-74.03061224489795,-1.813508185473356
0.7998197558875606,-73.59183673469389,-1.813508185473356
0.7998197558875606,-73.15306122448979,-1.813508185473356
0.7998197558875606,-72.71428571428572,-1.813508185473356
0.7998197558875606,-72.27551020408163,-1.813508185473356
0.7998197558875606,-71.83673469387755,-1.813508185473356
0.7998197558875606,-71.39795918367346,-1.813508185473356
0.7998197558875606,-70.95918367346938,-1.813508185473356
0.7998197558875606,-70.5204081632653,-1.813508185473356
0.7998197558875606,-70.08163265306122,-1.813508185473356
0.7998197558875606,-69.64285714285714,-1.813508185473356
0.7998197558875606,-69.20408163265306,-1.813508185473356
0.7998197558875606,-68.76530612244898,-1.813508185473356
0.7998197558875606,-68.3265306122449,-1.813508185473356
0.7998197558875606,-67.88775510204081,-1.813508185473356
0.7998197558875606,-67.44897959183673,-1.813508185473356
0.7998197558875606,-67.01020408163265,-1.813508185473356
1660488742603961.5,-66.57142857142857,-1.813508185473356
1660488742603961.5,-66.13265306122449,-1.813508185473356
1660488742603961.5,-65.6938775510204,-1.813508185473356
1660488742603961.5,-65.25510204081633,-1.813508185473356
1660488742603961.5,-64.81632653061224,-1.813508185473356
1660488742603961.5,-64.37755102040816,-1.813508185473356
1660488742603961.5,-63.93877551020408,-1.813508185473356
1660488742603961.5,-63.5,-1.813508185473356
0.8126587585814146,-85,-1.7777659679332785
0.7998197558875606,-84.56122448979592,-1.7777659679332785
0.7998197558875606,-84.12244897959184,-1.7777659679332785
0.7998197558875606,-83.68367346938776,-1.7777659679332785
0.7998197558875606,-83.24489795918367,-1.7777659679332785
0.7998197558875606,-82.8061224489796,-1.7777659679332785
0.7998197558875606,-82.36734693877551,-1.7777659679332785
0.7998197558875606,-81.92857142857143,-1.7777659679332785
0.7998197558875606,-81.48979591836735,-1.7777659679332785
0.7998197558875606,-81.05102040816327,-1.7777659679332785
0.7998197558875606,-80.61224489795919,-1.7777659679332785
0.7998197558875606,-80.1734693877551,-1.7777659679332785
0.7998197558875606,-79.73469387755102,-1.7777659679332785
0.7998197558875606,-79.29591836734694,-1.7777659679332785
0.7998197558875606,-78.85714285714286,-1.7777659679332785
0.7998197558875606,-78.41836734693878,-1.7777659679332785
0.7998197558875606,-77.9795918367347,-1.7777659679332785
0.7998197558875606,-77.54081632653062,-1.7777659679332785
0.7998197558875606,-77.10204081632654,-1.7777659679332785
0.7998197558875606,-76.66326530612245,-1.7777659679332785
0.7998197558875606,-76.22448979591837,-1.7777659679332785
0.7998197558875606,-75.78571428571429,-1.7777659679332785
0.7998197558875606,-75.34693877551021,-1.7777659679332785
0.7998197558875606,-74.90816326530611,-1.7777659679332785
0.7998197558875606,-74.46938775510205,-1.7777659679332785
0.7998197558875606,-74.03061224489795,-1.7777659679332785
0.7998197558875606,-73.59183673469389,-1.7777659679332785
0.7998197558875606,-73.15306122448979,-1.7777659679332785
0.7998197558875606,-72.71428571428572,-1.7777659679332785
0.7998197558875606,-72.27551020408163,-1.7777659679332785
0.7998197558875606,-71.83673469387755,-1.7777659679332785
0.7998197558875606,-71.39795918367346,-1.7777659679332785
0.7998197558875606,-70.95918367346938,-1.7777659679332785
0.7998197558875606,-70.5204081632653,-1.7777659679332785
0.7998197558875606,-70.08163265306122,-1.7777659679332785
0.7998197558875606,-69.64285714285714,-1.7777659679332785
0.7998197558875606,-69.20408163265306,-1.7777659679332785
0.7998197558875606,-68.76530612244898,-1.7777659679332785
0.7998197558875606,-68.3265306122449,-1.7777659679332785
0.7998197558875606,-67.88775510204081,-1.7777659679332785
0.7998197558875606,-67.44897959183673,-1.7777659679332785
0.7998197558875606,-67.01020408163265,-1.7777659679332785
1660488742603961.5,-66.57142857142857,-1.7777659679332785
1660488742603961.5,-66.13265306122449,-1.7777659679332785
1660488742603961.5,-65.6938775510204,-1.7777659679332785
1660488742603961.5,-65.25510204081633,-1.7777659679332785
1660488742603961.5,-64.81632653061224,-1.7777659679332785
1660488742603961.5,-64.37755102040816,-1.7777659679332785
1660488742603961.5,-63.93877551020408,-1.7777659679332785
1660488742603961.5,-63.5,-1.7777659679332785
0.8126587585814146,-85,-1.742023750393201
0.7998197558875606,-84.56122448979592,-1.742023750393201
0.7998197558875606,-84.12244897959184,-1.742023750393201
0.7998197558875606,-83.68367346938776,-1.742023750393201
0.7998197558875606,-83.24489795918367,-1.742023750393201
0.7998197558875606,-82.8061224489796,-1.742023750393201
0.7998197558875606,-82.36734693877551,-1.742023750393201
0.7998197558875606,-81.92857142857143,-1.742023750393201
0.7998197558875606,-81.48979591836735,-1.742023750393201
0.7998197558875606,-81.05102040816327,-1.742023750393201
0.7998197558875606,-80.61224489795919,-1.742023750393201
0.7998197558875606,-80.1734693877551,-1.742023750393201
0.7998197558875606,-79.73469387755102,-1.742023750393201
0.7998197558875606,-79.29591836734694,-1.742023750393201
0.7998197558875606,-78.85714285714286,-1.742023750393201
0.7998197558875606,-78.41836734693878,-1.742023750393201
0.7998197558875606,-77.9795918367347,-1.742023750393201
0.7998197558875606,-77.54081632653062,-1.742023750393201
0.7998197558875606,-77.10204081632654,-1.742023750393201
0.7998197558875606,-76.66326530612245,-1.742023750393201
0.7998197558875606,-76.22448979591837,-1.742023750393201
0.7998197558875606,-75.78571428571429,-1.742023750393201
0.7998197558875606,-75.34693877551021,-1.742023750393201
0.7998197558875606,-74.90816326530611,-1.742023750393201
0.7998197558875606,-74.46938775510205,-1.742023750393201
0.7998197558875606,-74.03061224489795,-1.742023750393201
0.7998197558875606,-73.59183673469389,-1.742023750393201
0.7998197558875606,-73.15306122448979,-1.742023750393201
0.7998197558875606,-72.71428571428572,-1.742023750393201
0.7998197558875606,-72.27551020408163,-1.742023750393201
0.7998197558875606,-71.83673469387755,-1.742023750393201
0.7998197558875606,-71.39795918367346,-1.742023750393201
0.7998197558875606,-70.95918367346938,-1.742023750393201
0.7998197558875606,-70.5204081632653,-1.742023750393201
0.7998197558875606,-70.08163265306122,-1.742023750393201
0.7998197558875606,-69.64285714285714,-1.742023750393201
0.7998197558875606,-69.20408163265306,-1.742023750393201
0.7998197558875606,-68.76530612244898,-1.742023750393201
0.7998197558875606,-68.3265306122449,-1.742023750393201
0.7998197558875606,-67.88775510204081,-1.742023750393201
0.7998197558875606,-67.44897959183673,-1.742023750393201
0.7998197558875606,-67.01020408163265,-1.742023750393201
1660488742603961.5,-66.57142857142857,-1.742023750393201
1660488742603961.5,-66.13265306122449,-1.742023750393201
1660488742603961.5,-65.6938775510204,-1.742023750393201
1660488742603961.5,-65.25510204081633,-1.742023750393201
1660488742603961.5,-64.81632653061224,-1.742023750393201
1660488742603961.5,-64.37755102040816,-1.742023750393201
1660488742603961.5,-63.93877551020408,-1.742023750393201
1660488742603961.5,-63.5,-1.742023750393201
0.8126587585814146,-85,-1.7062815328531236
0.7998197558875606,-84.56122448979592,-1.7062815328531236
0.7998197558875606,-84.12244897959184,-1.7062815328531236
0.7998197558875606,-83.68367346938776,-1.7062815328531236
0.7998197558875606,-83.24489795918367,-1.7062815328531236
0.7998197558875606,-82.8061224489796,-1.7062815328531236
0.7998197558875606,-82.36734693877551,-1.7062815328531236
0.7998197558875606,-81.92857142857143,-1.7062815328531236
0.7998197558875606,-81.48979591836735,-1.7062815328531236
0.7998197558875606,-81.05102040816327,-1.7062815328531236
0.7998197558875606,-80.61224489795919,-1.7062815328531236
0.7998197558875606,-80.1734693877551,-1.7062815328531236
0.7998197558875606,-79.73469387755102,-1.7062815328531236
0.7998197558875606,-79.29591836734694,-1.7062815328531236
0.7998197558875606,-78.85714285714286,-1.7062815328531236
0.7998197558875606,-78.41836734693878,-1.7062815328531236
0.7998197558875606,-77.9795918367347,-1.7062815328531236
0.7998197558875606,-77.54081632653062,-1.7062815328531236
0.7998197558875606,-77.10204081632654,-1.7062815328531236
0.7998197558875606,-76.66326530612245,-1.7062815328531236
0.7998197558875606,-76.22448979591837,-1.7062815328531236
0.7998197558875606,-75.78571428571429,-1.7062815328531236
0.7998197558875606,-75.34693877551021,-1.7062815328531236
0.7998197558875606,-74.90816326530611,-1.7062815328531236
0.7998197558875606,-74.46938775510205,-1.7062815328531236
0.7998197558875606,-74.03061224489795,-1.7062815328531236
0.7998197558875606,-73.59183673469389,-1.7062815328531236
0.7998197558875606,-73.15306122448979,-1.7062815328531236
0.7998197558875606,-72.71428571428572,-1.7062815328531236
0.7998197558875606,-72.27551020408163,-1.7062815328531236
0.7998197558875606,-71.83673469387755,-1.7062815328531236
0.7998197558875606,-71.39795918367346,-1.7062815328531236
0.7998197558875606,-70.95918367346938,-1.7062815328531236
0.7998197558875606,-70.5204081632653,-1.7062815328531236
0.7998197558875606,-70.08163265306122,-1.7062815328531236
0.7998197558875606,-69.64285714285714,-1.7062815328531236
0.7998197558875606,-69.20408163265306,-1.7062815328531236
0.7998197558875606,-68.76530612244898,-1.7062815328531236
0.7998197558875606,-68.3265306122449,-1.7062815328531236
0.7998197558875606,-67.88775510204081,-1.7062815328531236
0.7998197558875606,-67.44897959183673,-1.7062815328531236
0.7998197558875606,-67.01020408163265,-1.7062815328531236
1660488742603961.5,-66.57142857142857,-1.7062815328531236
1660488742603961.5,-66.13265306122449,-1.7062815328531236
1660488742603961.5,-65.6938775510204,-1.7062815328531236
1660488742603961.5,-65.25510204081633,-1.7062815328531236
1660488742603961.5,-64.81632653061224,-1.7062815328531236
1660488742603961.5,-64.37755102040816,-1.7062815328531236
1660488742603961.5,-63.93877551020408,-1.7062815328531236
1660488742603961.5,-63.5,-1.7062815328531236
0.8126587585814146,-85,-1.6705393153130461
0.7998197558875606,-84.56122448979592,-1.6705393153130461
0.7998197558875606,-84.12244897959184,-1.6705393153130461
0.7998197558875606,-83.68367346938776,-1.6705393153130461
0.7998197558875606,-83.24489795918367,-1.6705393153130461
0.7998197558875606,-82.8061224489796,-1.6705393153130461
0.7998197558875606,-82.36734693877551,-1.6705393153130461
0.7998197558875606,-81.92857142857143,-1.6705393153130461
0.7998197558875606,-81.48979591836735,-1.6705393153130461
0.7998197558875606,-81.05102040816327,-1.6705393153130461
0.7998197558875606,-80.61224489795919,-1.6705393153130461
0.7998197558875606,-80.1734693877551,-1.6705393153130461
0.7998197558875606,-79.73469387755102,-1.6705393153130461
0.7998197558875606,-79.29591836734694,-1.6705393153130461
0.7998197558875606,-78.85714285714286,-1.6705393153130461
0.7998197558875606,-78.41836734693878,-1.6705393153130461
0.7998197558875606,-77.9795918367347,-1.6705393153130461
0.7998197558875606,-77.54081632653062,-1.6705393153130461
0.7998197558875606,-77.10204081632654,-1.6705393153130461
0.7998197558875606,-76.66326530612245,-1.6705393153130461
0.7998197558875606,-76.22448979591837,-1.6705393153130461
0.7998197558875606,-75.78571428571429,-1.6705393153130461
0.7998197558875606,-75.34693877551021,-1.6705393153130461
0.7998197558875606,-74.90816326530611,-1.6705393153130461
0.7998197558875606,-74.46938775510205,-1.6705393153130461
0.7998197558875606,-74.03061224489795,-1.6705393153130461
0.7998197558875606,-73.59183673469389,-1.6705393153130461
0.7998197558875606,-73.15306122448979,-1.6705393153130461
0.7998197558875606,-72.71428571428572,-1.6705393153130461
0.7998197558875606,-72.27551020408163,-1.6705393153130461
0.7998197558875606,-71.83673469387755,-1.6705393153130461
0.7998197558875606,-71.39795918367346,-1.6705393153130461
0.7998197558875606,-70.95918367346938,-1.6705393153130461
0.7998197558875606,-70.5204081632653,-1.6705393153130461
0.7998197558875606,-70.08163265306122,-1.6705393153130461
0.7998197558875606,-69.64285714285714,-1.6705393153130461
0.7998197558875606,-69.20408163265306,-1.6705393153130461
0.7998197558875606,-68.76530612244898,-1.6705393153130461
0.7998197558875606,-68.3265306122449,-1.6705393153130461
0.7998197558875606,-67.88775510204081,-1.6705393153130461
0.7998197558875606,-67.44897959183673,-1.6705393153130461
0.7998197558875606,-67.01020408163265,-1.6705393153130461
1660488742603961.5,-66.57142857142857,-1.6705393153130461
1660488742603961.5,-66.13265306122449,-1.6705393153130461
1660488742603961.5,-65.6938775510204,-1.6705393153130461
1660488742603961.5,-65.25510204081633,-1.6705393153130461
1660488742603961.5,-64.81632653061224,-1.6705393153130461
1660488742603961.5,-64.37755102040816,-1.6705393153130461
1660488742603961.5,-63.93877551020408,-1.6705393153130461
1660488742603961.5,-63.5,-1.6705393153130461
0.8126587585814146,-85,-1.6347970977729684
0.7998197558875606,-84.56122448979592,-1.6347970977729684
0.7998197558875606,-84.12244897959184,-1.6347970977729684
0.7998197558875606,-83.68367346938776,-1.6347970977729684
0.7998197558875606,-83.24489795918367,-1.6347970977729684
0.7998197558875606,-82.8061224489796,-1.6347970977729684
0.7998197558875606,-82.36734693877551,-1.6347970977729684
0.7998197558875606,-81.92857142857143,-1.6347970977729684
0.7998197558875606,-81.48979591836735,-1.6347970977729684
0.7998197558875606,-81.05102040816327,-1.6347970977729684
0.7998197558875606,-80.61224489795919,-1.6347970977729684
0.7998197558875606,-80.1734693877551,-1.6347970977729684
0.7998197558875606,-79.73469387755102,-1.6347970977729684
0.7998197558875606,-79.29591836734694,-1.6347970977729684
0.7998197558875606,-78.85714285714286,-1.6347970977729684
0.7998197558875606,-78.41836734693878,-1.6347970977729684
0.7998197558875606,-77.9795918367347,-1.6347970977729684
0.7998197558875606,-77.54081632653062,-1.6347970977729684
0.7998197558875606,-77.10204081632654,-1.6347970977729684
0.7998197558875606,-76.66326530612245,-1.6347970977729684
0.7998197558875606,-76.22448979591837,-1.6347970977729684
0.7998197558875606,-75.78571428571429,-1.6347970977729684
0.7998197558875606,-75.34693877551021,-1.6347970977729684
0.7998197558875606,-74.90816326530611,-1.6347970977729684
0.7998197558875606,-74.46938775510205,-1.6347970977729684
0.7998197558875606,-74.03061224489795,-1.6347970977729684
0.7998197558875606,-73.59183673469389,-1.6347970977729684
0.7998197558875606,-73.15306122448979,-1.6347970977729684
0.7998197558875606,-72.71428571428572,-1.6347970977729684
0.7998197558875606,-72.27551020408163,-1.6347970977729684
0.7998197558875606,-71.83673469387755,-1.6347970977729684
0.7998197558875606,-71.39795918367346,-1.6347970977729684
0.7998197558875606,-70.95918367346938,-1.6347970977729684
0.7998197558875606,-70.5204081632653,-1.6347970977729684
0.7998197558875606,-70.08163265306122,-1.6347970977729684
0.7998197558875606,-69.64285714285714,-1.6347970977729684
0.7998197558875606,-69.20408163265306,-1.6347970977729684
0.7998197558875606,-68.76530612244898,-1.6347970977729684
0.7998197558875606,-68.3265306122449,-1.6347970977729684
0.7998197558875606,-67.88775510204081,-1.6347970977729684
0.7998197558875606,-67.44897959183673,-1.6347970977729684
0.7998197558875606,-67.01020408163265,-1.6347970977729684
1660488742603961.5,-66.57142857142857,-1.6347970977729684
1660488742603961.5,-66.13265306122449,-1.6347970977729684
1660488742603961.5,-65.6938775510204,-1.6347970977729684
1660488742603961.5,-65.25510204081633,-1.6347970977729684
1660488742603961.5,-64.81632653061224,-1.6347970977729684
1660488742603961.5,-64.37755102040816,-1.6347970977729684
1660488742603961.5,-63.93877551020408,-1.6347970977729684
1660488742603961.5,-63.5,-1.6347970977729684
0.8126587585814146,-85,-1.599054880232891
0.7998197558875606,-84.56122448979592,-1.599054880232891
0.7998197558875606,-84.12244897959184,-1.599054880232891
0.7998197558875606,-83.68367346938776,-1.599054880232891
0.7998197558875606,-83.24489795918367,-1.599054880232891
0.7998197558875606,-82.8061224489796,-1.599054880232891
0.7998197558875606,-82.36734693877551,-1.599054880232891
0.7998197558875606,-81.92857142857143,-1.599054880232891
0.7998197558875606,-81.48979591836735,-1.599054880232891
0.7998197558875606,-81.05102040816327,-1.599054880232891
0.7998197558875606,-80.61224489795919,-1.599054880232891
0.7998197558875606,-80.1734693877551,-1.599054880232891
0.7998197558875606,-79.73469387755102,-1.599054880232891
0.7998197558875606,-79.29591836734694,-1.599054880232891
0.7998197558875606,-78.85714285714286,-1.599054880232891
0.7998197558875606,-78.41836734693878,-1.599054880232891
0.7998197558875606,-77.9795918367347,-1.599054880232891
0.7998197558875606,-77.54081632653062,-1.599054880232891
0.7998197558875606,-77.10204081632654,-1.599054880232891
0.7998197558875606,-76.66326530612245,-1.599054880232891
0.7998197558875606,-76.22448979591837,-1.599054880232891
0.7998197558875606,-75.78571428571429,-1.599054880232891
0.7998197558875606,-75.34693877551021,-1.599054880232891
0.7998197558875606,-74.90816326530611,-1.599054880232891
0.7998197558875606,-74.46938775510205,-1.599054880232891
0.7998197558875606,-74.03061224489795,-1.599054880232891
0.7998197558875606,-73.59183673469389,-1.599054880232891
0.7998197558875606,-73.15306122448979,-1.599054880232891
0.7998197558875606,-72.71428571428572,-1.599054880232891
0.7998197558875606,-72.27551020408163,-1.599054880232891
0.7998197558875606,-71.83673469387755,-1.599054880232891
0.7998197558875606,-71.39795918367346,-1.599054880232891
0.7998197558875606,-70.95918367346938,-1.599054880232891
0.7998197558875606,-70.5204081632653,-1.599054880232891
0.7998197558875606,-70.08163265306122,-1.599054880232891
0.7998197558875606,-69.64285714285714,-1.599054880232891
0.7998197558875606,-69.20408163265306,-1.599054880232891
0.7998197558875606,-68.76530612244898,-1.599054880232891
0.7998197558875606,-68.3265306122449,-1.599054880232891
0.7998197558875606,-67.88775510204081,-1.599054880232891
0.7998197558875606,-67.44897959183673,-1.599054880232891
0.7998197558875606,-67.01020408163265,-1.599054880232891
1660488742603961.5,-66.57142857142857,-1.599054880232891
1660488742603961.5,-66.13265306122449,-1.599054880232891
1660488742603961.5,-65.6938775510204,-1.599054880232891
1660488742603961.5,-65.25510204081633,-1.599054880232891
1660488742603961.5,-64.81632653061224,-1.599054880232891
1660488742603961.5,-64.37755102040816,-1.599054880232891
1660488742603961.5,-63.93877551020408,-1.599054880232891
1660488742603961.5,-63.5,-1.599054880232891
0.8126587585814146,-85,-1.5633126626928135
0.7998197558875606,-84.56122448979592,-1.5633126626928135
0.7998197558875606,-84.12244897959184,-1.5633126626928135
0.7998197558875606,-83.68367346938776,-1.5633126626928135
0.7998197558875606,-83.24489795918367,-1.5633126626928135
0.7998197558875606,-82.8061224489796,-1.5633126626928135
0.7998197558875606,-82.36734693877551,-1.5633126626928135
0.7998197558875606,-81.92857142857143,-1.5633126626928135
0.7998197558875606,-81.48979591836735,-1.5633126626928135
0.7998197558875606,-81.05102040816327,-1.5633126626928135
0.7998197558875606,-80.61224489795919,-1.5633126626928135
0.7998197558875606,-80.1734693877551,-1.5633126626928135
0.7998197558875606,-79.73469387755102,-1.5633126626928135
0.7998197558875606,-79.29591836734694,-1.5633126626928135
0.7998197558875606,-78.85714285714286,-1.5633126626928135
0.7998197558875606,-78.41836734693878,-1.5633126626928135
0.7998197558875606,-77.9795918367347,-1.5633126626928135
0.7998197558875606,-77.54081632653062,-1.5633126626928135
0.7998197558875606,-77.10204081632654,-1.5633126626928135
0.7998197558875606,-76.66326530612245,-1.5633126626928135
0.7998197558875606,-76.22448979591837,-1.5633126626928135
0.7998197558875606,-75.78571428571429,-1.5633126626928135
0.7998197558875606,-75.34693877551021,-1.5633126626928135
0.7998197558875606,-74.90816326530611,-1.5633126626928135
0.7998197558875606,-74.46938775510205,-1.5633126626928135
0.7998197558875606,-74.03061224489795,-1.5633126626928135
0.7998197558875606,-73.59183673469389,-1.5633126626928135
0.7998197558875606,-73.15306122448979,-1.5633126626928135
0.7998197558875606,-72.71428571428572,-1.5633126626928135
0.7998197558875606,-72.27551020408163,-1.5633126626928135
0.7998197558875606,-71.83673469387755,-1.5633126626928135
0.7998197558875606,-71.39795918367346,-1.5633126626928135
0.7998197558875606,-70.95918367346938,-1.5633126626928135
0.7998197558875606,-70.5204081632653,-1.5633126626928135
0.7998197558875606,-70.08163265306122,-1.5633126626928135
0.7998197558875606,-69.64285714285714,-1.5633126626928135
0.7998197558875606,-69.20408163265306,-1.5633126626928135
0.7998197558875606,-68.76530612244898,-1.5633126626928135
0.7998197558875606,-68.3265306122449,-1.5633126626928135
0.7998197558875606,-67.88775510204081,-1.5633126626928135
0.7998197558875606,-67.44897959183673,-1.5633126626928135
0.7998197558875606,-67.01020408163265,-1.5633126626928135
1660488742603961.5,-66.57142857142857,-1.5633126626928135
1660488742603961.5,-66.13265306122449,-1.5633126626928135
1660488742603961.5,-65.6938775510204,-1.5633126626928135
1660488742603961.5,-65.25510204081633,-1.5633126626928135
1660488742603961.5,-64.81632653061224,-1.5633126626928135
1660488742603961.5,-64.37755102040816,-1.5633126626928135
1660488742603961.5,-63.93877551020408,-1.5633126626928135
1660488742603961.5,-63.5,-1.5633126626928135
0.8126587585814146,-85,-1.527570445152736
0.7998197558875606,-84.56122448979592,-1.527570445152736
0.7998197558875606,-84.12244897959184,-1.527570445152736
0.7998197558875606,-83.68367346938776,-1.527570445152736
0.7998197558875606,-83.24489795918367,-1.527570445152736
0.7998197558875606,-82.8061224489796,-1.527570445152736
0.7998197558875606,-82.36734693877551,-1.527570445152736
0.7998197558875606,-81.92857142857143,-1.527570445152736
0.7998197558875606,-81.48979591836735,-1.527570445152736
0.7998197558875606,-81.05102040816327,-1.527570445152736
0.7998197558875606,-80.61224489795919,-1.527570445152736
0.7998197558875606,-80.1734693877551,-1.527570445152736
0.7998197558875606,-79.73469387755102,-1.527570445152736
0.7998197558875606,-79.29591836734694,-1.527570445152736
0.7998197558875606,-78.85714285714286,-1.527570445152736
0.7998197558875606,-78.41836734693878,-1.527570445152736
0.7998197558875606,-77.9795918367347,-1.527570445152736
0.7998197558875606,-77.54081632653062,-1.527570445152736
0.7998197558875606,-77.10204081632654,-1.527570445152736
0.7998197558875606,-76.66326530612245,-1.527570445152736
0.7998197558875606,-76.22448979591837,-1.527570445152736
0.7998197558875606,-75.78571428571429,-1.527570445152736
0.7998197558875606,-75.34693877551021,-1.527570445152736
0.7998197558875606,-74.90816326530611,-1.527570445152736
0.7998197558875606,-74.46938775510205,-1.527570445152736
0.7998197558875606,-74.03061224489795,-1.527570445152736
0.7998197558875606,-73.59183673469389,-1.527570445152736
0.7998197558875606,-73.15306122448979,-1.527570445152736
0.7998197558875606,-72.71428571428572,-1.527570445152736
0.7998197558875606,-72.27551020408163,-1.527570445152736
0.7998197558875606,-71.83673469387755,-1.527570445152736
0.7998197558875606,-71.39795918367346,-1.527570445152736
0.7998197558875606,-70.95918367346938,-1.527570445152736
0.7998197558875606,-70.5204081632653,-1.527570445152736
0.7998197558875606,-70.08163265306122,-1.527570445152736
0.7998197558875606,-69.64285714285714,-1.527570445152736
0.7998197558875606,-69.20408163265306,-1.527570445152736
0.7998197558875606,-68.76530612244898,-1.527570445152736
0.7998197558875606,-68.3265306122449,-1.527570445152736
0.7998197558875606,-67.88775510204081,-1.527570445152736
0.7998197558875606,-67.44897959183673,-1.527570445152736
0.7998197558875606,-67.01020408163265,-1.527570445152736
1660488742603961.5,-66.57142857142857,-1.527570445152736
1660488742603961.5,-66.13265306122449,-1.527570445152736
1660488742603961.5,-65.6938775510204,-1.527570445152736
1660488742603961.5,-65.25510204081633,-1.527570445152736
1660488742603961.5,-64.81632653061224,-1.527570445152736
1660488742603961.5,-64.37755102040816,-1.527570445152736
1660488742603961.5,-63.93877551020408,-1.527570445152736
1660488742603961.5,-63.5,-1.527570445152736
0.8126587585814146,-85,-1.4918282276126587
0.7998197558875606,-84.56122448979592,-1.4918282276126587
0.7998197558875606,-84.12244897959184,-1.4918282276126587
0.7998197558875606,-83.68367346938776,-1.4918282276126587
0.7998197558875606,-83.24489795918367,-1.4918282276126587
0.7998197558875606,-82.8061224489796,-1.4918282276126587
0.7998197558875606,-82.36734693877551,-1.4918282276126587
0.7998197558875606,-81.92857142857143,-1.4918282276126587
0.7998197558875606,-81.48979591836735,-1.4918282276126587
0.7998197558875606,-81.05102040816327,-1.4918282276126587
0.7998197558875606,-80.61224489795919,-1.4918282276126587
0.7998197558875606,-80.1734693877551,-1.4918282276126587
0.7998197558875606,-79.73469387755102,-1.4918282276126587
0.7998197558875606,-79.29591836734694,-1.4918282276126587
0.7998197558875606,-78.85714285714286,-1.4918282276126587
0.7998197558875606,-78.41836734693878,-1.4918282276126587
0.7998197558875606,-77.9795918367347,-1.4918282276126587
0.7998197558875606,-77.54081632653062,-1.4918282276126587
0.7998197558875606,-77.10204081632654,-1.4918282276126587
0.7998197558875606,-76.66326530612245,-1.4918282276126587
0.7998197558875606,-76.22448979591837,-1.4918282276126587
0.7998197558875606,-75.78571428571429,-1.4918282276126587
0.7998197558875606,-75.34693877551021,-1.4918282276126587
0.7998197558875606,-74.90816326530611,-1.4918282276126587
0.7998197558875606,-74.46938775510205,-1.4918282276126587
0.7998197558875606,-74.03061224489795,-1.4918282276126587
0.7998197558875606,-73.59183673469389,-1.4918282276126587
0.7998197558875606,-73.15306122448979,-1.4918282276126587
0.7998197558875606,-72.71428571428572,-1.4918282276126587
0.7998197558875606,-72.27551020408163,-1.4918282276126587
0.7998197558875606,-71.83673469387755,-1.4918282276126587
0.7998197558875606,-71.39795918367346,-1.4918282276126587
0.7998197558875606,-70.95918367346938,-1.4918282276126587
0.7998197558875606,-70.5204081632653,-1.4918282276126587
0.7998197558875606,-70.08163265306122,-1.4918282276126587
0.7998197558875606,-69.64285714285714,-1.4918282276126587
0.7998197558875606,-69.20408163265306,-1.4918282276126587
0.7998197558875606,-68.76530612244898,-1.4918282276126587
0.7998197558875606,-68.3265306122449,-1.4918282276126587
0.7998197558875606,-67.88775510204081,-1.4918282276126587
0.7998197558875606,-67.44897959183673,-1.4918282276126587
0.7998197558875606,-67.01020408163265,-1.4918282276126587
1660488742603961.5,-66.57142857142857,-1.4918282276126587
1660488742603961.5,-66.13265306122449,-1.4918282276126587
1660488742603961.5,-65.6938775510204,-1.4918282276126587
1660488742603961.5,-65.25510204081633,-1.4918282276126587
1660488742603961.5,-64.81632653061224,-1.4918282276126587
1660488742603961.5,-64.37755102040816,-1.4918282276126587
1660488742603961.5,-63.93877551020408,-1.4918282276126587
1660488742603961.5,-63.5,-1.4918282276126587
0.8126587585814146,-85,-1.4560860100725812
0.7998197558875606,-84.56122448979592,-1.4560860100725812
0.7998197558875606,-84.12244897959184,-1.4560860100725812
0.7998197558875606,-83.68367346938776,-1.4560860100725812
0.7998197558875606,-83.24489795918367,-1.4560860100725812
0.7998197558875606,-82.8061224489796,-1.4560860100725812
0.7998197558875606,-82.36734693877551,-1.4560860100725812
0.7998197558875606,-81.92857142857143,-1.4560860100725812
0.7998197558875606,-81.48979591836735,-1.4560860100725812
0.7998197558875606,-81.05102040816327,-1.4560860100725812
0.7998197558875606,-80.61224489795919,-1.4560860100725812
0.7998197558875606,-80.1734693877551,-1.4560860100725812
0.7998197558875606,-79.73469387755102,-1.4560860100725812
0.7998197558875606,-79.29591836734694,-1.4560860100725812
0.7998197558875606,-78.85714285714286,-1.4560860100725812
0.7998197558875606,-78.41836734693878,-1.4560860100725812
0.7998197558875606,-77.9795918367347,-1.4560860100725812
0.7998197558875606,-77.54081632653062,-1.4560860100725812
0.7998197558875606,-77.10204081632654,-1.4560860100725812
0.7998197558875606,-76.66326530612245,-1.4560860100725812
0.7998197558875606,-76.22448979591837,-1.4560860100725812
0.7998197558875606,-75.78571428571429,-1.4560860100725812
0.7998197558875606,-75.34693877551021,-1.4560860100725812
0.7998197558875606,-74.90816326530611,-1.4560860100725812
0.7998197558875606,-74.46938775510205,-1.4560860100725812
0.7998197558875606,-74.03061224489795,-1.4560860100725812
0.7998197558875606,-73.59183673469389,-1.4560860100725812
0.7998197558875606,-73.15306122448979,-1.4560860100725812
0.7998197558875606,-72.71428571428572,-1.4560860100725812
0.7998197558875606,-72.27551020408163,-1.4560860100725812
0.7998197558875606,-71.83673469387755,-1.4560860100725812
0.7998197558875606,-71.39795918367346,-1.4560860100725812
0.7998197558875606,-70.95918367346938,-1.4560860100725812
0.7998197558875606,-70.5204081632653,-1.4560860100725812
0.7998197558875606,-70.08163265306122,-1.4560860100725812
0.7998197558875606,-69.64285714285714,-1.4560860100725812
0.7998197558875606,-69.20408163265306,-1.4560860100725812
0.7998197558875606,-68.76530612244898,-1.4560860100725812
0.7998197558875606,-68.3265306122449,-1.4560860100725812
0.7998197558875606,-67.88775510204081,-1.4560860100725812
0.7998197558875606,-67.44897959183673,-1.4560860100725812
0.7998197558875606,-67.01020408163265,-1.4560860100725812
1660488742603961.5,-66.57142857142857,-1.4560860100725812
1660488742603961.5,-66.13265306122449,-1.4560860100725812
1660488742603961.5,-65.6938775510204,-1.4560860100725812
1660488742603961.5,-65.25510204081633,-1.4560860100725812
1660488742603961.5,-64.81632653061224,-1.4560860100725812
1660488742603961.5,-64.37755102040816,-1.4560860100725812
1660488742603961.5,-63.93877551020408,-1.4560860100725812
1660488742603961.5,-63.5,-1.4560860100725812
0.8126587585814146,-85,-1.4203437925325035
0.7998197558875606,-84.56122448979592,-1.4203437925325035
0.7998197558875606,-84.12244897959184,-1.4203437925325035
0.7998197558875606,-83.68367346938776,-1.4203437925325035
0.7998197558875606,-83.24489795918367,-1.4203437925325035
0.7998197558875606,-82.8061224489796,-1.4203437925325035
0.7998197558875606,-82.36734693877551,-1.4203437925325035
0.7998197558875606,-81.92857142857143,-1.4203437925325035
0.7998197558875606,-81.48979591836735,-1.4203437925325035
0.7998197558875606,-81.05102040816327,-1.4203437925325035
0.7998197558875606,-80.61224489795919,-1.4203437925325035
0.7998197558875606,-80.1734693877551,-1.4203437925325035
0.7998197558875606,-79.73469387755102,-1.4203437925325035
0.7998197558875606,-79.29591836734694,-1.4203437925325035
0.7998197558875606,-78.85714285714286,-1.4203437925325035
0.7998197558875606,-78.41836734693878,-1.4203437925325035
0.7998197558875606,-77.9795918367347,-1.4203437925325035
0.7998197558875606,-77.54081632653062,-1.4203437925325035
0.7998197558875606,-77.10204081632654,-1.4203437925325035
0.7998197558875606,-76.66326530612245,-1.4203437925325035
0.7998197558875606,-76.22448979591837,-1.4203437925325035
0.7998197558875606,-75.78571428571429,-1.4203437925325035
0.7998197558875606,-75.34693877551021,-1.4203437925325035
0.7998197558875606,-74.90816326530611,-1.4203437925325035
0.7998197558875606,-74.46938775510205,-1.4203437925325035
0.7998197558875606,-74.03061224489795,-1.4203437925325035
0.7998197558875606,-73.59183673469389,-1.4203437925325035
0.7998197558875606,-73.15306122448979,-1.4203437925325035
0.7998197558875606,-72.71428571428572,-1.4203437925325035
0.7998197558875606,-72.27551020408163,-1.4203437925325035
0.7998197558875606,-71.83673469387755,-1.4203437925325035
0.7998197558875606,-71.39795918367346,-1.4203437925325035
0.7998197558875606,-70.95918367346938,-1.4203437925325035
0.7998197558875606,-70.5204081632653,-1.4203437925325035
0.7998197558875606,-70.08163265306122,-1.4203437925325035
0.7998197558875606,-69.64285714285714,-1.4203437925325035
0.7998197558875606,-69.20408163265306,-1.4203437925325035
0.7998197558875606,-68.76530612244898,-1.4203437925325035
0.7998197558875606,-68.3265306122449,-1.4203437925325035
0.7998197558875606,-67.88775510204081,-1.4203437925325035
0.7998197558875606,-67.44897959183673,-1.4203437925325035
0.7998197558875606,-67.01020408163265,-1.4203437925325035
1660488742603961.5,-66.57142857142857,-1.4203437925325035
1660488742603961.5,-66.13265306122449,-1.4203437925325035
1660488742603961.5,-65.6938775510204,-1.4203437925325035
1660488742603961.5,-65.25510204081633,-1.4203437925325035
1660488742603961.5,-64.81632653061224,-1.4203437925325035
1660488742603961.5,-64.37755102040816,-1.4203437925325035
1660488742603961.5,-63.93877551020408,-1.4203437925325035
1660488742603961.5,-63.5,-1.4203437925325035
0.8126587585814146,-85,-1.384601574992426
0.7998197558875606,-84.56122448979592,-1.384601574992426
0.7998197558875606,-84.12244897959184,-1.384601574992426
0.7998197558875606,-83.68367346938776,-1.384601574992426
0.7998197558875606,-83.24489795918367,-1.384601574992426
0.7998197558875606,-82.8061224489796,-1.384601574992426
0.7998197558875606,-82.36734693877551,-1.384601574992426
0.7998197558875606,-81.92857142857143,-1.384601574992426
0.7998197558875606,-81.48979591836735,-1.384601574992426
0.7998197558875606,-81.05102040816327,-1.384601574992426
0.7998197558875606,-80.61224489795919,-1.384601574992426
0.7998197558875606,-80.1734693877551,-1.384601574992426
0.7998197558875606,-79.73469387755102,-1.384601574992426
0.7998197558875606,-79.29591836734694,-1.384601574992426
0.7998197558875606,-78.85714285714286,-1.384601574992426
0.7998197558875606,-78.41836734693878,-1.384601574992426
0.7998197558875606,-77.9795918367347,-1.384601574992426
0.7998197558875606,-77.54081632653062,-1.384601574992426
0.7998197558875606,-77.10204081632654,-1.384601574992426
0.7998197558875606,-76.66326530612245,-1.384601574992426
0.7998197558875606,-76.22448979591837,-1.384601574992426
0.7998197558875606,-75.78571428571429,-1.384601574992426
0.7998197558875606,-75.34693877551021,-1.384601574992426
0.7998197558875606,-74.90816326530611,-1.384601574992426
0.7998197558875606,-74.46938775510205,-1.384601574992426
0.7998197558875606,-74.03061224489795,-1.384601574992426
0.7998197558875606,-73.59183673469389,-1.384601574992426
0.7998197558875606,-73.15306122448979,-1.384601574992426
0.7998197558875606,-72.71428571428572,-1.384601574992426
0.7998197558875606,-72.27551020408163,-1.384601574992426
0.7998197558875606,-71.83673469387755,-1.384601574992426
0.7998197558875606,-71.39795918367346,-1.384601574992426
0.7998197558875606,-70.95918367346938,-1.384601574992426
0.7998197558875606,-70.5204081632653,-1.384601574992426
0.7998197558875606,-70.08163265306122,-1.384601574992426
0.7998197558875606,-69.64285714285714,-1.384601574992426
0.7998197558875606,-69.20408163265306,-1.384601574992426
0.7998197558875606,-68.76530612244898,-1.384601574992426
0.7998197558875606,-68.3265306122449,-1.384601574992426
0.7998197558875606,-67.88775510204081,-1.384601574992426
0.7998197558875606,-67.44897959183673,-1.384601574992426
0.7998197558875606,-67.01020408163265,-1.384601574992426
1660488742603961.5,-66.57142857142857,-1.384601574992426
1660488742603961.5,-66.13265306122449,-1.384601574992426
1660488742603961.5,-65.6938775510204,-1.384601574992426
1660488742603961.5,-65.25510204081633,-1.384601574992426
1660488742603961.5,-64.81632653061224,-1.384601574992426
1660488742603961.5,-64.37755102040816,-1.384601574992426
1660488742603961.5,-63.93877551020408,-1.384601574992426
1660488742603961.5,-63.5,-1.384601574992426
0.8126587585814146,-85,-1.3488593574523486
0.7998197558875606,-84.56122448979592,-1.3488593574523486
0.7998197558875606,-84.12244897959184,-1.3488593574523486
0.7998197558875606,-83.68367346938776,-1.3488593574523486
0.7998197558875606,-83.24489795918367,-1.3488593574523486
0.7998197558875606,-82.8061224489796,-1.3488593574523486
0.7998197558875606,-82.36734693877551,-1.3488593574523486
0.7998197558875606,-81.92857142857143,-1.3488593574523486
0.7998197558875606,-81.48979591836735,-1.3488593574523486
0.7998197558875606,-81.05102040816327,-1.3488593574523486
0.7998197558875606,-80.61224489795919,-1.3488593574523486
0.7998197558875606,-80.1734693877551,-1.3488593574523486
0.7998197558875606,-79.73469387755102,-1.3488593574523486
0.7998197558875606,-79.29591836734694,-1.3488593574523486
0.7998197558875606,-78.85714285714286,-1.3488593574523486
0.7998197558875606,-78.41836734693878,-1.3488593574523486
0.7998197558875606,-77.9795918367347,-1.3488593574523486
0.7998197558875606,-77.54081632653062,-1.3488593574523486
0.7998197558875606,-77.10204081632654,-1.3488593574523486
0.7998197558875606,-76.66326530612245,-1.3488593574523486
0.7998197558875606,-76.22448979591837,-1.3488593574523486
0.7998197558875606,-75.78571428571429,-1.3488593574523486
0.7998197558875606,-75.34693877551021,-1.3488593574523486
0.7998197558875606,-74.90816326530611,-1.3488593574523486
0.7998197558875606,-74.46938775510205,-1.3488593574523486
0.7998197558875606,-74.03061224489795,-1.3488593574523486
0.7998197558875606,-73.59183673469389,-1.3488593574523486
0.7998197558875606,-73.15306122448979,-1.3488593574523486
0.7998197558875606,-72.71428571428572,-1.3488593574523486
0.7998197558875606,-72.27551020408163,-1.3488593574523486
0.7998197558875606,-71.83673469387755,-1.3488593574523486
0.7998197558875606,-71.39795918367346,-1.3488593574523486
0.7998197558875606,-70.95918367346938,-1.3488593574523486
0.7998197558875606,-70.5204081632653,-1.3488593574523486
0.7998197558875606,-70.08163265306122,-1.3488593574523486
0.7998197558875606,-69.64285714285714,-1.3488593574523486
0.7998197558875606,-69.20408163265306,-1.3488593574523486
0.7998197558875606,-68.76530612244898,-1.3488593574523486
0.7998197558875606,-68.3265306122449,-1.3488593574523486
0.7998197558875606,-67.88775510204081,-1.3488593574523486
0.7998197558875606,-67.44897959183673,-1.3488593574523486
0.7998197558875606,-67.01020408163265,-1.3488593574523486
1660488742603961.5,-66.57142857142857,-1.3488593574523486
1660488742603961.5,-66.13265306122449,-1.3488593574523486
1660488742603961.5,-65.6938775510204,-1.3488593574523486
1660488742603961.5,-65.25510204081633,-1.3488593574523486
1660488742603961.5,-64.81632653061224,-1.3488593574523486
1660488742603961.5,-64.37755102040816,-1.3488593574523486
1660488742603961.5,-63.93877551020408,-1.3488593574523486
1660488742603961.5,-63.5,-1.3488593574523486
0.8126587585814146,-85,-1.3131171399122712
0.7998197558875606,-84.56122448979592,-1.3131171399122712
0.7998197558875606,-84.12244897959184,-1.3131171399122712
0.7998197558875606,-83.68367346938776,-1.3131171399122712
0.7998197558875606,-83.24489795918367,-1.3131171399122712
0.7998197558875606,-82.8061224489796,-1.3131171399122712
0.7998197558875606,-82.36734693877551,-1.3131171399122712
0.7998197558875606,-81.92857142857143,-1.3131171399122712
0.7998197558875606,-81.48979591836735,-1.3131171399122712
0.7998197558875606,-81.05102040816327,-1.3131171399122712
0.7998197558875606,-80.61224489795919,-1.3131171399122712
0.7998197558875606,-80.1734693877551,-1.3131171399122712
0.7998197558875606,-79.73469387755102,-1.3131171399122712
0.7998197558875606,-79.29591836734694,-1.3131171399122712
0.7998197558875606,-78.85714285714286,-1.3131171399122712
0.7998197558875606,-78.41836734693878,-1.3131171399122712
0.7998197558875606,-77.9795918367347,-1.3131171399122712
0.7998197558875606,-77.54081632653062,-1.3131171399122712
0.7998197558875606,-77.10204081632654,-1.3131171399122712
0.7998197558875606,-76.66326530612245,-1.3131171399122712
0.7998197558875606,-76.22448979591837,-1.3131171399122712
0.7998197558875606,-75.78571428571429,-1.3131171399122712
0.7998197558875606,-75.34693877551021,-1.3131171399122712
0.7998197558875606,-74.90816326530611,-1.3131171399122712
0.7998197558875606,-74.46938775510205,-1.3131171399122712
0.7998197558875606,-74.03061224489795,-1.3131171399122712
0.7998197558875606,-73.59183673469389,-1.3131171399122712
0.7998197558875606,-73.15306122448979,-1.3131171399122712
0.7998197558875606,-72.71428571428572,-1.3131171399122712
0.7998197558875606,-72.27551020408163,-1.3131171399122712
0.7998197558875606,-71.83673469387755,-1.3131171399122712
0.7998197558875606,-71.39795918367346,-1.3131171399122712
0.7998197558875606,-70.95918367346938,-1.3131171399122712
0.7998197558875606,-70.5204081632653,-1.3131171399122712
0.7998197558875606,-70.08163265306122,-1.3131171399122712
0.7998197558875606,-69.64285714285714,-1.3131171399122712
0.7998197558875606,-69.20408163265306,-1.3131171399122712
0.7998197558875606,-68.76530612244898,-1.3131171399122712
0.7998197558875606,-68.3265306122449,-1.3131171399122712
0.7998197558875606,-67.88775510204081,-1.3131171399122712
0.7998197558875606,-67.44897959183673,-1.3131171399122712
0.7998197558875606,-67.01020408163265,-1.3131171399122712
1660488742603961.5,-66.57142857142857,-1.3131171399122712
1660488742603961.5,-66.13265306122449,-1.3131171399122712
1660488742603961.5,-65.6938775510204,-1.3131171399122712
1660488742603961.5,-65.25510204081633,-1.3131171399122712
1660488742603961.5,-64.81632653061224,-1.3131171399122712
1660488742603961.5,-64.37755102040816,-1.3131171399122712
1660488742603961.5,-63.93877551020408,-1.3131171399122712
1660488742603961.5,-63.5,-1.3131171399122712
0.7399292086199127,-85,-1.2773749223721937
0.7282392428102591,-84.56122448979592,-1.2773749223721937
0.7282392428102591,-84.12244897959184,-1.2773749223721937
0.7282392428102591,-83.68367346938776,-1.2773749223721937
0.7282392428102591,-83.24489795918367,-1.2773749223721937
0.7282392428102591,-82.8061224489796,-1.2773749223721937
0.7282392428102591,-82.36734693877551,-1.2773749223721937
0.7282392428102591,-81.92857142857143,-1.2773749223721937
0.7282392428102591,-81.48979591836735,-1.2773749223721937
0.7282392428102591,-81.05102040816327,-1.2773749223721937
0.7282392428102591,-80.61224489795919,-1.2773749223721937
0.7282392428102591,-80.1734693877551,-1.2773749223721937
0.7282392428102591,-79.73469387755102,-1.2773749223721937
0.7282392428102591,-79.29591836734694,-1.2773749223721937
0.7282392428102591,-78.85714285714286,-1.2773749223721937
0.7282392428102591,-78.41836734693878,-1.2773749223721937
0.7282392428102591,-77.9795918367347,-1.2773749223721937
0.7282392428102591,-77.54081632653062,-1.2773749223721937
0.7282392428102591,-77.10204081632654,-1.2773749223721937
0.7282392428102591,-76.66326530612245,-1.2773749223721937
0.7282392428102591,-76.22448979591837,-1.2773749223721937
0.7282392428102591,-75.78571428571429,-1.2773749223721937
0.7282392428102591,-75.34693877551021,-1.2773749223721937
0.7282392428102591,-74.90816326530611,-1.2773749223721937
0.7282392428102591,-74.46938775510205,-1.2773749223721937
0.7282392428102591,-74.03061224489795,-1.2773749223721937
0.7282392428102591,-73.59183673469389,-1.2773749223721937
0.7282392428102591,-73.15306122448979,-1.2773749223721937
0.7282392428102591,-72.71428571428572,-1.2773749223721937
0.7282392428102591,-72.27551020408163,-1.2773749223721937
0.7282392428102591,-71.83673469387755,-1.2773749223721937
0.7282392428102591,-71.39795918367346,-1.2773749223721937
0.7282392428102591,-70.95918367346938,-1.2773749223721937
0.7282392428102591,-70.5204081632653,-1.2773749223721937
0.7282392428102591,-70.08163265306122,-1.2773749223721937
0.7282392428102591,-69.64285714285714,-1.2773749223721937
0.7282392428102591,-69.20408163265306,-1.2773749223721937
0.7282392428102591,-68.76530612244898,-1.2773749223721937
0.7282392428102591,-68.3265306122449,-1.2773749223721937
0.7282392428102591,-67.88775510204081,-1.2773749223721937
0.7282392428102591,-67.44897959183673,-1.2773749223721937
0.7282392428102591,-67.01020408163265,-1.2773749223721937
1511881965539824.5,-66.57142857142857,-1.2773749223721937
1511881965539824.5,-66.13265306122449,-1.2773749223721937
1511881965539824.5,-65.6938775510204,-1.2773749223721937
1511881965539824.5,-65.25510204081633,-1.2773749223721937
1511881965539824.5,-64.81632653061224,-1.2773749223721937
1511881965539824.5,-64.37755102040816,-1.2773749223721937
1511881965539824.5,-63.93877551020408,-1.2773749223721937
1511881965539824.5,-63.5,-1.2773749223721937
0.7399292086199127,-85,-1.2416327048321163
0.7282392428102591,-84.56122448979592,-1.2416327048321163
0.7282392428102591,-84.12244897959184,-1.2416327048321163
0.7282392428102591,-83.68367346938776,-1.2416327048321163
0.7282392428102591,-83.24489795918367,-1.2416327048321163
0.7282392428102591,-82.8061224489796,-1.2416327048321163
0.7282392428102591,-82.36734693877551,-1.2416327048321163
0.7282392428102591,-81.92857142857143,-1.2416327048321163
0.7282392428102591,-81.48979591836735,-1.2416327048321163
0.7282392428102591,-81.05102040816327,-1.2416327048321163
0.7282392428102591,-80.61224489795919,-1.2416327048321163
0.7282392428102591,-80.1734693877551,-1.2416327048321163
0.7282392428102591,-79.73469387755102,-1.2416327048321163
0.7282392428102591,-79.29591836734694,-1.2416327048321163
0.7282392428102591,-78.85714285714286,-1.2416327048321163
0.7282392428102591,-78.41836734693878,-1.2416327048321163
0.7282392428102591,-77.9795918367347,-1.2416327048321163
0.7282392428102591,-77.54081632653062,-1.2416327048321163
0.7282392428102591,-77.10204081632654,-1.2416327048321163
0.7282392428102591,-76.66326530612245,-1.2416327048321163
0.7282392428102591,-76.22448979591837,-1.2416327048321163
0.7282392428102591,-75.78571428571429,-1.2416327048321163
0.7282392428102591,-75.34693877551021,-1.2416327048321163
0.7282392428102591,-74.90816326530611,-1.2416327048321163
0.7282392428102591,-74.46938775510205,-1.2416327048321163
0.7282392428102591,-74.03061224489795,-1.2416327048321163
0.7282392428102591,-73.59183673469389,-1.2416327048321163
0.7282392428102591,-73.15306122448979,-1.2416327048321163
0.7282392428102591,-72.71428571428572,-1.2416327048321163
0.7282392428102591,-72.27551020408163,-1.2416327048321163
0.7282392428102591,-71.83673469387755,-1.2416327048321163
0.7282392428102591,-71.39795918367346,-1.2416327048321163
0.7282392428102591,-70.95918367346938,-1.2416327048321163
0.7282392428102591,-70.5204081632653,-1.2416327048321163
0.7282392428102591,-70.08163265306122,-1.2416327048321163
0.7282392428102591,-69.64285714285714,-1.2416327048321163
0.7282392428102591,-69.20408163265306,-1.2416327048321163
0.7282392428102591,-68.76530612244898,-1.2416327048321163
0.7282392428102591,-68.3265306122449,-1.2416327048321163
0.7282392428102591,-67.88775510204081,-1.2416327048321163
0.7282392428102591,-67.44897959183673,-1.2416327048321163
0.7282392428102591,-67.01020408163265,-1.2416327048321163
1511881965539824.5,-66.57142857142857,-1.2416327048321163
1511881965539824.5,-66.13265306122449,-1.2416327048321163
1511881965539824.5,-65.6938775510204,-1.2416327048321163
1511881965539824.5,-65.25510204081633,-1.2416327048321163
1511881965539824.5,-64.81632653061224,-1.2416327048321163
1511881965539824.5,-64.37755102040816,-1.2416327048321163
1511881965539824.5,-63.93877551020408,-1.2416327048321163
1511881965539824.5,-63.5,-1.2416327048321163
0.7399292086199127,-85,-1.2058904872920388
0.7282392428102591,-84.56122448979592,-1.2058904872920388
0.7282392428102591,-84.12244897959184,-1.2058904872920388
0.7282392428102591,-83.68367346938776,-1.2058904872920388
0.7282392428102591,-83.24489795918367,-1.2058904872920388
0.7282392428102591,-82.8061224489796,-1.2058904872920388
0.7282392428102591,-82.36734693877551,-1.2058904872920388
0.7282392428102591,-81.92857142857143,-1.2058904872920388
0.7282392428102591,-81.48979591836735,-1.2058904872920388
0.7282392428102591,-81.05102040816327,-1.2058904872920388
0.7282392428102591,-80.61224489795919,-1.2058904872920388
0.7282392428102591,-80.1734693877551,-1.2058904872920388
0.7282392428102591,-79.73469387755102,-1.2058904872920388
0.7282392428102591,-79.29591836734694,-1.2058904872920388
0.7282392428102591,-78.85714285714286,-1.2058904872920388
0.7282392428102591,-78.41836734693878,-1.2058904872920388
0.7282392428102591,-77.9795918367347,-1.2058904872920388
0.7282392428102591,-77.54081632653062,-1.2058904872920388
0.7282392428102591,-77.10204081632654,-1.2058904872920388
0.7282392428102591,-76.66326530612245,-1.2058904872920388
0.7282392428102591,-76.22448979591837,-1.2058904872920388
0.7282392428102591,-75.78571428571429,-1.2058904872920388
0.7282392428102591,-75.34693877551021,-1.2058904872920388
0.7282392428102591,-74.90816326530611,-1.2058904872920388
0.7282392428102591,-74.46938775510205,-1.2058904872920388
0.7282392428102591,-74.03061224489795,-1.2058904872920388
0.7282392428102591,-73.59183673469389,-1.2058904872920388
0.7282392428102591,-73.15306122448979,-1.2058904872920388
0.7282392428102591,-72.71428571428572,-1.2058904872920388
0.7282392428102591,-72.27551020408163,-1.2058904872920388
0.7282392428102591,-71.83673469387755,-1.2058904872920388
0.7282392428102591,-71.39795918367346,-1.2058904872920388
0.7282392428102591,-70.95918367346938,-1.2058904872920388
0.7282392428102591,-70.5204081632653,-1.2058904872920388
0.7282392428102591,-70.08163265306122,-1.2058904872920388
0.7282392428102591,-69.64285714285714,-1.2058904872920388
0.7282392428102591,-69.20408163265306,-1.2058904872920388
0.7282392428102591,-68.76530612244898,-1.2058904872920388
0.7282392428102591,-68.3265306122449,-1.2058904872920388
0.7282392428102591,-67.88775510204081,-1.2058904872920388
0.7282392428102591,-67.44897959183673,-1.2058904872920388
0.7282392428102591,-67.01020408163265,-1.2058904872920388
1511881965539824.5,-66.57142857142857,-1.2058904872920388
1511881965539824.5,-66.13265306122449,-1.2058904872920388
1511881965539824.5,-65.6938775510204,-1.2058904872920388
1511881965539824.5,-65.25510204081633,-1.2058904872920388
1511881965539824.5,-64.81632653061224,-1.2058904872920388
1511881965539824.5,-64.37755102040816,-1.2058904872920388
1511881965539824.5,-63.93877551020408,-1.2058904872920388
1511881965539824.5,-63.5,-1.2058904872920388
0.7399292086199127,-85,-1.1701482697519614
0.7282392428102591,-84.56122448979592,-1.1701482697519614
0.7282392428102591,-84.12244897959184,-1.1701482697519614
0.7282392428102591,-83.68367346938776,-1.1701482697519614
0.7282392428102591,-83.24489795918367,-1.1701482697519614
0.7282392428102591,-82.8061224489796,-1.1701482697519614
0.7282392428102591,-82.36734693877551,-1.1701482697519614
0.7282392428102591,-81.92857142857143,-1.1701482697519614
0.7282392428102591,-81.48979591836735,-1.1701482697519614
0.7282392428102591,-81.05102040816327,-1.1701482697519614
0.7282392428102591,-80.61224489795919,-1.1701482697519614
0.7282392428102591,-80.1734693877551,-1.1701482697519614
0.7282392428102591,-79.73469387755102,-1.1701482697519614
0.7282392428102591,-79.29591836734694,-1.1701482697519614
0.7282392428102591,-78.85714285714286,-1.1701482697519614
0.7282392428102591,-78.41836734693878,-1.1701482697519614
0.7282392428102591,-77.9795918367347,-1.1701482697519614
0.7282392428102591,-77.54081632653062,-1.1701482697519614
0.7282392428102591,-77.10204081632654,-1.1701482697519614
0.7282392428102591,-76.66326530612245,-1.1701482697519614
0.7282392428102591,-76.22448979591837,-1.1701482697519614
0.7282392428102591,-75.78571428571429,-1.1701482697519614
0.7282392428102591,-75.34693877551021,-1.1701482697519614
0.7282392428102591,-74.90816326530611,-1.1701482697519614
0.7282392428102591,-74.46938775510205,-1.1701482697519614
0.7282392428102591,-74.03061224489795,-1.1701482697519614
0.7282392428102591,-73.59183673469389,-1.1701482697519614
0.7282392428102591,-73.15306122448979,-1.1701482697519614
0.7282392428102591,-72.71428571428572,-1.1701482697519614
0.7282392428102591,-72.27551020408163,-1.1701482697519614
0.7282392428102591,-71.83673469387755,-1.1701482697519614
0.7282392428102591,-71.39795918367346,-1.1701482697519614
0.7282392428102591,-70.95918367346938,-1.1701482697519614
0.7282392428102591,-70.5204081632653,-1.1701482697519614
0.7282392428102591,-70.08163265306122,-1.1701482697519614
0.7282392428102591,-69.64285714285714,-1.1701482697519614
0.7282392428102591,-69.20408163265306,-1.1701482697519614
0.7282392428102591,-68.76530612244898,-1.1701482697519614
0.7282392428102591,-68.3265306122449,-1.1701482697519614
0.7282392428102591,-67.88775510204081,-1.1701482697519614
0.7282392428102591,-67.44897959183673,-1.1701482697519614
0.7282392428102591,-67.01020408163265,-1.1701482697519614
1511881965539824.5,-66.57142857142857,-1.1701482697519614
1511881965539824.5,-66.13265306122449,-1.1701482697519614
1511881965539824.5,-65.6938775510204,-1.1701482697519614
1511881965539824.5,-65.25510204081633,-1.1701482697519614
1511881965539824.5,-64.81632653061224,-1.1701482697519614
1511881965539824.5,-64.37755102040816,-1.1701482697519614
1511881965539824.5,-63.93877551020408,-1.1701482697519614
1511881965539824.5,-63.5,-1.1701482697519614
0.70726100798157,-85,-1.134406052211884
0.6960871593140379,-84.56122448979592,-1.134406052211884
0.6960871593140379,-84.12244897959184,-1.134406052211884
0.6960871593140379,-83.68367346938776,-1.134406052211884
0.6960871593140379,-83.24489795918367,-1.134406052211884
0.6960871593140379,-82.8061224489796,-1.134406052211884
0.6960871593140379,-82.36734693877551,-1.134406052211884
0.6960871593140379,-81.92857142857143,-1.134406052211884
0.6960871593140379,-81.48979591836735,-1.134406052211884
0.6960871593140379,-81.05102040816327,-1.134406052211884
0.6960871593140379,-80.61224489795919,-1.134406052211884
0.6960871593140379,-80.1734693877551,-1.134406052211884
0.6960871593140379,-79.73469387755102,-1.134406052211884
0.6960871593140379,-79.29591836734694,-1.134406052211884
0.6960871593140379,-78.85714285714286,-1.134406052211884
0.6960871593140379,-78.41836734693878,-1.134406052211884
0.6960871593140379,-77.9795918367347,-1.134406052211884
0.6960871593140379,-77.54081632653062,-1.134406052211884
0.6960871593140379,-77.10204081632654,-1.134406052211884
0.6960871593140379,-76.66326530612245,-1.134406052211884
0.6960871593140379,-76.22448979591837,-1.134406052211884
0.6960871593140379,-75.78571428571429,-1.134406052211884
0.6960871593140379,-75.34693877551021,-1.134406052211884
0.6960871593140379,-74.90816326530611,-1.134406052211884
0.6960871593140379,-74.46938775510205,-1.134406052211884
0.6960871593140379,-74.03061224489795,-1.134406052211884
0.6960871593140379,-73.59183673469389,-1.134406052211884
0.6960871593140379,-73.15306122448979,-1.134406052211884
0.6960871593140379,-72.71428571428572,-1.134406052211884
0.6960871593140379,-72.27551020408163,-1.134406052211884
0.6960871593140379,-71.83673469387755,-1.134406052211884
0.6960871593140379,-71.39795918367346,-1.134406052211884
0.6960871593140379,-70.95918367346938,-1.134406052211884
0.6960871593140379,-70.5204081632653,-1.134406052211884
0.6960871593140379,-70.08163265306122,-1.134406052211884
0.6960871593140379,-69.64285714285714,-1.134406052211884
0.6960871593140379,-69.20408163265306,-1.134406052211884
0.6960871593140379,-68.76530612244898,-1.134406052211884
0.6960871593140379,-68.3265306122449,-1.134406052211884
0.6960871593140379,-67.88775510204081,-1.134406052211884
0.6960871593140379,-67.44897959183673,-1.134406052211884
0.6960871593140379,-67.01020408163265,-1.134406052211884
1445131710493307,-66.57142857142857,-1.134406052211884
1445131710493307,-66.13265306122449,-1.134406052211884
1445131710493307,-65.6938775510204,-1.134406052211884
1445131710493307,-65.25510204081633,-1.134406052211884
1445131710493307,-64.81632653061224,-1.134406052211884
1445131710493307,-64.37755102040816,-1.134406052211884
1445131710493307,-63.93877551020408,-1.134406052211884
1445131710493307,-63.5,-1.134406052211884
0.70726100798157,-85,-1.0986638346718065
0.6960871593140379,-84.56122448979592,-1.0986638346718065
0.6960871593140379,-84.12244897959184,-1.0986638346718065
0.6960871593140379,-83.68367346938776,-1.0986638346718065
0.6960871593140379,-83.24489795918367,-1.0986638346718065
0.6960871593140379,-82.8061224489796,-1.0986638346718065
0.6960871593140379,-82.36734693877551,-1.0986638346718065
0.6960871593140379,-81.92857142857143,-1.0986638346718065
0.6960871593140379,-81.48979591836735,-1.0986638346718065
0.6960871593140379,-81.05102040816327,-1.0986638346718065
0.6960871593140379,-80.61224489795919,-1.0986638346718065
0.6960871593140379,-80.1734693877551,-1.0986638346718065
0.6960871593140379,-79.73469387755102,-1.0986638346718065
0.6960871593140379,-79.29591836734694,-1.0986638346718065
0.6960871593140379,-78.85714285714286,-1.0986638346718065
0.6960871593140379,-78.41836734693878,-1.0986638346718065
0.6960871593140379,-77.9795918367347,-1.0986638346718065
0.6960871593140379,-77.54081632653062,-1.0986638346718065
0.6960871593140379,-77.10204081632654,-1.0986638346718065
0.6960871593140379,-76.66326530612245,-1.0986638346718065
0.6960871593140379,-76.22448979591837,-1.0986638346718065
0.6960871593140379,-75.78571428571429,-1.0986638346718065
0.6960871593140379,-75.34693877551021,-1.0986638346718065
0.6960871593140379,-74.90816326530611,-1.0986638346718065
0.6960871593140379,-74.46938775510205,-1.0986638346718065
0.6960871593140379,-74.03061224489795,-1.0986638346718065
0.6960871593140379,-73.59183673469389,-1.0986638346718065
0.6960871593140379,-73.15306122448979,-1.0986638346718065
0.6960871593140379,-72.71428571428572,-1.0986638346718065
0.6960871593140379,-72.27551020408163,-1.0986638346718065
0.6960871593140379,-71.83673469387755,-1.0986638346718065
0.6960871593140379,-71.39795918367346,-1.0986638346718065
0.6960871593140379,-70.95918367346938,-1.0986638346718065
0.6960871593140379,-70.5204081632653,-1.0986638346718065
0.6960871593140379,-70.08163265306122,-1.0986638346718065
0.6960871593140379,-69.64285714285714,-1.0986638346718065
0.6960871593140379,-69.20408163265306,-1.0986638346718065
0.6960871593140379,-68.76530612244898,-1.0986638346718065
0.6960871593140379,-68.3265306122449,-1.0986638346718065
0.6960871593140379,-67.88775510204081,-1.0986638346718065
0.6960871593140379,-67.44897959183673,-1.0986638346718065
0.6960871593140379,-67.01020408163265,-1.0986638346718065
1445131710493307,-66.57142857142857,-1.0986638346718065
1445131710493307,-66.13265306122449,-1.0986638346718065
1445131710493307,-65.6938775510204,-1.0986638346718065
1445131710493307,-65.25510204081633,-1.0986638346718065
1445131710493307,-64.81632653061224,-1.0986638346718065
1445131710493307,-64.37755102040816,-1.0986638346718065
1445131710493307,-63.93877551020408,-1.0986638346718065
1445131710493307,-63.5,-1.0986638346718065
0.70726100798157,-85,-1.062921617131729
0.6960871593140379,-84.56122448979592,-1.062921617131729
0.6960871593140379,-84.12244897959184,-1.062921617131729
0.6960871593140379,-83.68367346938776,-1.062921617131729
0.6960871593140379,-83.24489795918367,-1.062921617131729
0.6960871593140379,-82.8061224489796,-1.062921617131729
0.6960871593140379,-82.36734693877551,-1.062921617131729
0.6960871593140379,-81.92857142857143,-1.062921617131729
0.6960871593140379,-81.48979591836735,-1.062921617131729
0.6960871593140379,-81.05102040816327,-1.062921617131729
0.6960871593140379,-80.61224489795919,-1.062921617131729
0.6960871593140379,-80.1734693877551,-1.062921617131729
0.6960871593140379,-79.73469387755102,-1.062921617131729
0.6960871593140379,-79.29591836734694,-1.062921617131729
0.6960871593140379,-78.85714285714286,-1.062921617131729
0.6960871593140379,-78.41836734693878,-1.062921617131729
0.6960871593140379,-77.9795918367347,-1.062921617131729
0.6960871593140379,-77.54081632653062,-1.062921617131729
0.6960871593140379,-77.10204081632654,-1.062921617131729
0.6960871593140379,-76.66326530612245,-1.062921617131729
0.6960871593140379,-76.22448979591837,-1.062921617131729
0.6960871593140379,-75.78571428571429,-1.062921617131729
0.6960871593140379,-75.34693877551021,-1.062921617131729
0.6960871593140379,-74.90816326530611,-1.062921617131729
0.6960871593140379,-74.46938775510205,-1.062921617131729
0.6960871593140379,-74.03061224489795,-1.062921617131729
0.6960871593140379,-73.59183673469389,-1.062921617131729
0.6960871593140379,-73.15306122448979,-1.062921617131729
0.6960871593140379,-72.71428571428572,-1.062921617131729
0.6960871593140379,-72.27551020408163,-1.062921617131729
0.6960871593140379,-71.83673469387755,-1.062921617131729
0.6960871593140379,-71.39795918367346,-1.062921617131729
0.6960871593140379,-70.95918367346938,-1.062921617131729
0.6960871593140379,-70.5204081632653,-1.062921617131729
0.6960871593140379,-70.08163265306122,-1.062921617131729
0.6960871593140379,-69.64285714285714,-1.062921617131729
0.6960871593140379,-69.20408163265306,-1.062921617131729
0.6960871593140379,-68.76530612244898,-1.062921617131729
0.6960871593140379,-68.3265306122449,-1.062921617131729
0.6960871593140379,-67.88775510204081,-1.062921617131729
0.6960871593140379,-67.44897959183673,-1.062921617131729
0.6960871593140379,-67.01020408163265,-1.062921617131729
1445131710493307,-66.57142857142857,-1.062921617131729
1445131710493307,-66.13265306122449,-1.062921617131729
1445131710493307,-65.6938775510204,-1.062921617131729
1445131710493307,-65.25510204081633,-1.062921617131729
1445131710493307,-64.81632653061224,-1.062921617131729
1445131710493307,-64.37755102040816,-1.062921617131729
1445131710493307,-63.93877551020408,-1.062921617131729
1445131710493307,-63.5,-1.062921617131729
0.70726100798157,-85,-1.0271793995916514
0.6960871593140379,-84.56122448979592,-1.0271793995916514
0.6960871593140379,-84.12244897959184,-1.0271793995916514
0.6960871593140379,-83.68367346938776,-1.0271793995916514
0.6960871593140379,-83.24489795918367,-1.0271793995916514
0.6960871593140379,-82.8061224489796,-1.0271793995916514
0.6960871593140379,-82.36734693877551,-1.0271793995916514
0.6960871593140379,-81.92857142857143,-1.0271793995916514
0.6960871593140379,-81.48979591836735,-1.0271793995916514
0.6960871593140379,-81.05102040816327,-1.0271793995916514
0.6960871593140379,-80.61224489795919,-1.0271793995916514
0.6960871593140379,-80.1734693877551,-1.0271793995916514
0.6960871593140379,-79.73469387755102,-1.0271793995916514
0.6960871593140379,-79.29591836734694,-1.0271793995916514
0.6960871593140379,-78.85714285714286,-1.0271793995916514
0.6960871593140379,-78.41836734693878,-1.0271793995916514
0.6960871593140379,-77.9795918367347,-1.0271793995916514
0.6960871593140379,-77.54081632653062,-1.0271793995916514
0.6960871593140379,-77.10204081632654,-1.0271793995916514
0.6960871593140379,-76.66326530612245,-1.0271793995916514
0.6960871593140379,-76.22448979591837,-1.0271793995916514
0.6960871593140379,-75.78571428571429,-1.0271793995916514
0.6960871593140379,-75.34693877551021,-1.0271793995916514
0.6960871593140379,-74.90816326530611,-1.0271793995916514
0.6960871593140379,-74.46938775510205,-1.0271793995916514
0.6960871593140379,-74.03061224489795,-1.0271793995916514
0.6960871593140379,-73.59183673469389,-1.0271793995916514
0.6960871593140379,-73.15306122448979,-1.0271793995916514
0.6960871593140379,-72.71428571428572,-1.0271793995916514
0.6960871593140379,-72.27551020408163,-1.0271793995916514
0.6960871593140379,-71.83673469387755,-1.0271793995916514
0.6960871593140379,-71.39795918367346,-1.0271793995916514
0.6960871593140379,-70.95918367346938,-1.0271793995916514
0.6960871593140379,-70.5204081632653,-1.0271793995916514
0.6960871593140379,-70.08163265306122,-1.0271793995916514
0.6960871593140379,-69.64285714285714,-1.0271793995916514
0.6960871593140379,-69.20408163265306,-1.0271793995916514
0.6960871593140379,-68.76530612244898,-1.0271793995916514
0.6960871593140379,-68.3265306122449,-1.0271793995916514
0.6960871593140379,-67.88775510204081,-1.0271793995916514
0.6960871593140379,-67.44897959183673,-1.0271793995916514
0.6960871593140379,-67.01020408163265,-1.0271793995916514
1445131710493307,-66.57142857142857,-1.0271793995916514
1445131710493307,-66.13265306122449,-1.0271793995916514
1445131710493307,-65.6938775510204,-1.0271793995916514
1445131710493307,-65.25510204081633,-1.0271793995916514
1445131710493307,-64.81632653061224,-1.0271793995916514
1445131710493307,-64.37755102040816,-1.0271793995916514
1445131710493307,-63.93877551020408,-1.0271793995916514
1445131710493307,-63.5,-1.0271793995916514
0.70726100798157,-85,-0.9914371820515739
0.6960871593140379,-84.56122448979592,-0.9914371820515739
0.6960871593140379,-84.12244897959184,-0.9914371820515739
0.6960871593140379,-83.68367346938776,-0.9914371820515739
0.6960871593140379,-83.24489795918367,-0.9914371820515739
0.6960871593140379,-82.8061224489796,-0.9914371820515739
0.6960871593140379,-82.36734693877551,-0.9914371820515739
0.6960871593140379,-81.92857142857143,-0.9914371820515739
0.6960871593140379,-81.48979591836735,-0.9914371820515739
0.6960871593140379,-81.05102040816327,-0.9914371820515739
0.6960871593140379,-80.61224489795919,-0.9914371820515739
0.6960871593140379,-80.1734693877551,-0.9914371820515739
0.6960871593140379,-79.73469387755102,-0.9914371820515739
0.6960871593140379,-79.29591836734694,-0.9914371820515739
0.6960871593140379,-78.85714285714286,-0.9914371820515739
0.6960871593140379,-78.41836734693878,-0.9914371820515739
0.6960871593140379,-77.9795918367347,-0.9914371820515739
0.6960871593140379,-77.54081632653062,-0.9914371820515739
0.6960871593140379,-77.10204081632654,-0.9914371820515739
0.6960871593140379,-76.66326530612245,-0.9914371820515739
0.6960871593140379,-76.22448979591837,-0.9914371820515739
0.6960871593140379,-75.78571428571429,-0.9914371820515739
0.6960871593140379,-75.34693877551021,-0.9914371820515739
0.6960871593140379,-74.90816326530611,-0.9914371820515739
0.6960871593140379,-74.46938775510205,-0.9914371820515739
0.6960871593140379,-74.03061224489795,-0.9914371820515739
0.6960871593140379,-73.59183673469389,-0.9914371820515739
0.6960871593140379,-73.15306122448979,-0.9914371820515739
0.6960871593140379,-72.71428571428572,-0.9914371820515739
0.6960871593140379,-72.27551020408163,-0.9914371820515739
0.6960871593140379,-71.83673469387755,-0.9914371820515739
0.6960871593140379,-71.39795918367346,-0.9914371820515739
0.6960871593140379,-70.95918367346938,-0.9914371820515739
0.6960871593140379,-70.5204081632653,-0.9914371820515739
0.6960871593140379,-70.08163265306122,-0.9914371820515739
0.6960871593140379,-69.64285714285714,-0.9914371820515739
0.6960871593140379,-69.20408163265306,-0.9914371820515739
0.6960871593140379,-68.76530612244898,-0.9914371820515739
0.6960871593140379,-68.3265306122449,-0.9914371820515739
0.6960871593140379,-67.88775510204081,-0.9914371820515739
0.6960871593140379,-67.44897959183673,-0.9914371820515739
0.6960871593140379,-67.01020408163265,-0.9914371820515739
1445131710493307,-66.57142857142857,-0.9914371820515739
1445131710493307,-66.13265306122449,-0.9914371820515739
1445131710493307,-65.6938775510204,-0.9914371820515739
1445131710493307,-65.25510204081633,-0.9914371820515739
1445131710493307,-64.81632653061224,-0.9914371820515739
1445131710493307,-64.37755102040816,-0.9914371820515739
1445131710493307,-63.93877551020408,-0.9914371820515739
1445131710493307,-63.5,-0.9914371820515739
0.5982384008094664,-85,-0.9556949645114965
0.5887869744162196,-84.56122448979592,-0.9556949645114965
0.5887869744162196,-84.12244897959184,-0.9556949645114965
0.5887869744162196,-83.68367346938776,-0.9556949645114965
0.5887869744162196,-83.24489795918367,-0.9556949645114965
0.5887869744162196,-82.8061224489796,-0.9556949645114965
0.5887869744162196,-82.36734693877551,-0.9556949645114965
0.5887869744162196,-81.92857142857143,-0.9556949645114965
0.5887869744162196,-81.48979591836735,-0.9556949645114965
0.5887869744162196,-81.05102040816327,-0.9556949645114965
0.5887869744162196,-80.61224489795919,-0.9556949645114965
0.5887869744162196,-80.1734693877551,-0.9556949645114965
0.5887869744162196,-79.73469387755102,-0.9556949645114965
0.5887869744162196,-79.29591836734694,-0.9556949645114965
0.5887869744162196,-78.85714285714286,-0.9556949645114965
0.5887869744162196,-78.41836734693878,-0.9556949645114965
0.5887869744162196,-77.9795918367347,-0.9556949645114965
0.5887869744162196,-77.54081632653062,-0.9556949645114965
0.5887869744162196,-77.10204081632654,-0.9556949645114965
0.5887869744162196,-76.66326530612245,-0.9556949645114965
0.5887869744162196,-76.22448979591837,-0.9556949645114965
0.5887869744162196,-75.78571428571429,-0.9556949645114965
0.5887869744162196,-75.34693877551021,-0.9556949645114965
0.5887869744162196,-74.90816326530611,-0.9556949645114965
0.5887869744162196,-74.46938775510205,-0.9556949645114965
0.5887869744162196,-74.03061224489795,-0.9556949645114965
0.5887869744162196,-73.59183673469389,-0.9556949645114965
0.5887869744162196,-73.15306122448979,-0.9556949645114965
0.5887869744162196,-72.71428571428572,-0.9556949645114965
0.5887869744162196,-72.27551020408163,-0.9556949645114965
0.5887869744162196,-71.83673469387755,-0.9556949645114965
0.5887869744162196,-71.39795918367346,-0.9556949645114965
0.5887869744162196,-70.95918367346938,-0.9556949645114965
0.5887869744162196,-70.5204081632653,-0.9556949645114965
0.5887869744162196,-70.08163265306122,-0.9556949645114965
0.5887869744162196,-69.64285714285714,-0.9556949645114965
0.5887869744162196,-69.20408163265306,-0.9556949645114965
0.5887869744162196,-68.76530612244898,-0.9556949645114965
0.5887869744162196,-68.3265306122449,-0.9556949645114965
0.5887869744162196,-67.88775510204081,-0.9556949645114965
0.5887869744162196,-67.44897959183673,-0.9556949645114965
0.5887869744162196,-67.01020408163265,-0.9556949645114965
1222368084325515.2,-66.57142857142857,-0.9556949645114965
1222368084325515.2,-66.13265306122449,-0.9556949645114965
1222368084325515.2,-65.6938775510204,-0.9556949645114965
1222368084325515.2,-65.25510204081633,-0.9556949645114965
1222368084325515.2,-64.81632653061224,-0.9556949645114965
1222368084325515.2,-64.37755102040816,-0.9556949645114965
1222368084325515.2,-63.93877551020408,-0.9556949645114965
1222368084325515.2,-63.5,-0.9556949645114965
0.5982384008094664,-85,-0.919952746971419
0.5887869744162196,-84.56122448979592,-0.919952746971419
0.5887869744162196,-84.12244897959184,-0.919952746971419
0.5887869744162196,-83.68367346938776,-0.919952746971419
0.5887869744162196,-83.24489795918367,-0.919952746971419
0.5887869744162196,-82.8061224489796,-0.919952746971419
0.5887869744162196,-82.36734693877551,-0.919952746971419
0.5887869744162196,-81.92857142857143,-0.919952746971419
0.5887869744162196,-81.48979591836735,-0.919952746971419
0.5887869744162196,-81.05102040816327,-0.919952746971419
0.5887869744162196,-80.61224489795919,-0.919952746971419
0.5887869744162196,-80.1734693877551,-0.919952746971419
0.5887869744162196,-79.73469387755102,-0.919952746971419
0.5887869744162196,-79.29591836734694,-0.919952746971419
0.5887869744162196,-78.85714285714286,-0.919952746971419
0.5887869744162196,-78.41836734693878,-0.919952746971419
0.5887869744162196,-77.9795918367347,-0.919952746971419
0.5887869744162196,-77.54081632653062,-0.919952746971419
0.5887869744162196,-77.10204081632654,-0.919952746971419
0.5887869744162196,-76.66326530612245,-0.919952746971419
0.5887869744162196,-76.22448979591837,-0.919952746971419
0.5887869744162196,-75.78571428571429,-0.919952746971419
0.5887869744162196,-75.34693877551021,-0.919952746971419
0.5887869744162196,-74.90816326530611,-0.919952746971419
0.5887869744162196,-74.46938775510205,-0.919952746971419
0.5887869744162196,-74.03061224489795,-0.919952746971419
0.5887869744162196,-73.59183673469389,-0.919952746971419
0.5887869744162196,-73.15306122448979,-0.919952746971419
0.5887869744162196,-72.71428571428572,-0.919952746971419
0.5887869744162196,-72.27551020408163,-0.919952746971419
0.5887869744162196,-71.83673469387755,-0.919952746971419
0.5887869744162196,-71.39795918367346,-0.919952746971419
0.5887869744162196,-70.95918367346938,-0.919952746971419
0.5887869744162196,-70.5204081632653,-0.919952746971419
0.5887869744162196,-70.08163265306122,-0.919952746971419
0.5887869744162196,-69.64285714285714,-0.919952746971419
0.5887869744162196,-69.20408163265306,-0.919952746971419
0.5887869744162196,-68.76530612244898,-0.919952746971419
0.5887869744162196,-68.3265306122449,-0.919952746971419
0.5887869744162196,-67.88775510204081,-0.919952746971419
0.5887869744162196,-67.44897959183673,-0.919952746971419
0.5887869744162196,-67.01020408163265,-0.919952746971419
1222368084325515.2,-66.57142857142857,-0.919952746971419
1222368084325515.2,-66.13265306122449,-0.919952746971419
1222368084325515.2,-65.6938775510204,-0.919952746971419
1222368084325515.2,-65.25510204081633,-0.919952746971419
1222368084325515.2,-64.81632653061224,-0.919952746971419
1222368084325515.2,-64.37755102040816,-0.919952746971419
1222368084325515.2,-63.93877551020408,-0.919952746971419
1222368084325515.2,-63.5,-0.919952746971419
0.5982384008094664,-85,-0.8842105294313416
0.5887869744162196,-84.56122448979592,-0.8842105294313416
0.5887869744162196,-84.12244897959184,-0.8842105294313416
0.5887869744162196,-83.68367346938776,-0.8842105294313416
0.5887869744162196,-83.24489795918367,-0.8842105294313416
0.5887869744162196,-82.8061224489796,-0.8842105294313416
0.5887869744162196,-82.36734693877551,-0.8842105294313416
0.5887869744162196,-81.92857142857143,-0.8842105294313416
0.5887869744162196,-81.48979591836735,-0.8842105294313416
0.5887869744162196,-81.05102040816327,-0.8842105294313416
0.5887869744162196,-80.61224489795919,-0.8842105294313416
0.5887869744162196,-80.1734693877551,-0.8842105294313416
0.5887869744162196,-79.73469387755102,-0.8842105294313416
0.5887869744162196,-79.29591836734694,-0.8842105294313416
0.5887869744162196,-78.85714285714286,-0.8842105294313416
0.5887869744162196,-78.41836734693878,-0.8842105294313416
0.5887869744162196,-77.9795918367347,-0.8842105294313416
0.5887869744162196,-77.54081632653062,-0.8842105294313416
0.5887869744162196,-77.10204081632654,-0.8842105294313416
0.5887869744162196,-76.66326530612245,-0.8842105294313416
0.5887869744162196,-76.22448979591837,-0.8842105294313416
0.5887869744162196,-75.78571428571429,-0.8842105294313416
0.5887869744162196,-75.34693877551021,-0.8842105294313416
0.5887869744162196,-74.90816326530611,-0.8842105294313416
0.5887869744162196,-74.46938775510205,-0.8842105294313416
0.5887869744162196,-74.03061224489795,-0.8842105294313416
0.5887869744162196,-73.59183673469389,-0.8842105294313416
0.5887869744162196,-73.15306122448979,-0.8842105294313416
0.5887869744162196,-72.71428571428572,-0.8842105294313416
0.5887869744162196,-72.27551020408163,-0.8842105294313416
0.5887869744162196,-71.83673469387755,-0.8842105294313416
0.5887869744162196,-71.39795918367346,-0.8842105294313416
0.5887869744162196,-70.95918367346938,-0.8842105294313416
0.5887869744162196,-70.5204081632653,-0.8842105294313416
0.5887869744162196,-70.08163265306122,-0.8842105294313416
0.5887869744162196,-69.64285714285714,-0.8842105294313416
0.5887869744162196,-69.20408163265306,-0.8842105294313416
0.5887869744162196,-68.76530612244898,-0.8842105294313416
0.5887869744162196,-68.3265306122449,-0.8842105294313416
0.5887869744162196,-67.88775510204081,-0.8842105294313416
0.5887869744162196,-67.44897959183673,-0.8842105294313416
0.5887869744162196,-67.01020408163265,-0.8842105294313416
1222368084325515.2,-66.57142857142857,-0.8842105294313416
1222368084325515.2,-66.13265306122449,-0.8842105294313416
1222368084325515.2,-65.6938775510204,-0.8842105294313416
1222368084325515.2,-65.25510204081633,-0.8842105294313416
1222368084325515.2,-64.81632653061224,-0.8842105294313416
1222368084325515.2,-64.37755102040816,-0.8842105294313416
1222368084325515.2,-63.93877551020408,-0.8842105294313416
1222368084325515.2,-63.5,-0.8842105294313416
0.5982384008094664,-85,-0.848468311891264
0.5887869744162196,-84.56122448979592,-0.848468311891264
0.5887869744162196,-84.12244897959184,-0.848468311891264
0.5887869744162196,-83.68367346938776,-0.848468311891264
0.5887869744162196,-83.24489795918367,-0.848468311891264
0.5887869744162196,-82.8061224489796,-0.848468311891264
0.5887869744162196,-82.36734693877551,-0.848468311891264
0.5887869744162196,-81.92857142857143,-0.848468311891264
0.5887869744162196,-81.48979591836735,-0.848468311891264
0.5887869744162196,-81.05102040816327,-0.848468311891264
0.5887869744162196,-80.61224489795919,-0.848468311891264
0.5887869744162196,-80.1734693877551,-0.848468311891264
0.5887869744162196,-79.73469387755102,-0.848468311891264
0.5887869744162196,-79.29591836734694,-0.848468311891264
0.5887869744162196,-78.85714285714286,-0.848468311891264
0.5887869744162196,-78.41836734693878,-0.848468311891264
0.5887869744162196,-77.9795918367347,-0.848468311891264
0.5887869744162196,-77.54081632653062,-0.848468311891264
0.5887869744162196,-77.10204081632654,-0.848468311891264
0.5887869744162196,-76.66326530612245,-0.848468311891264
0.5887869744162196,-76.22448979591837,-0.848468311891264
0.5887869744162196,-75.78571428571429,-0.848468311891264
0.5887869744162196,-75.34693877551021,-0.848468311891264
0.5887869744162196,-74.90816326530611,-0.848468311891264
0.5887869744162196,-74.46938775510205,-0.848468311891264
0.5887869744162196,-74.03061224489795,-0.848468311891264
0.5887869744162196,-73.59183673469389,-0.848468311891264
0.5887869744162196,-73.15306122448979,-0.848468311891264
0.5887869744162196,-72.71428571428572,-0.848468311891264
0.5887869744162196,-72.27551020408163,-0.848468311891264
0.5887869744162196,-71.83673469387755,-0.848468311891264
0.5887869744162196,-71.39795918367346,-0.848468311891264
0.5887869744162196,-70.95918367346938,-0.848468311891264
0.5887869744162196,-70.5204081632653,-0.848468311891264
0.5887869744162196,-70.08163265306122,-0.848468311891264
0.5887869744162196,-69.64285714285714,-0.848468311891264
0.5887869744162196,-69.20408163265306,-0.848468311891264
0.5887869744162196,-68.76530612244898,-0.848468311891264
0.5887869744162196,-68.3265306122449,-0.848468311891264
0.5887869744162196,-67.88775510204081,-0.848468311891264
0.5887869744162196,-67.44897959183673,-0.848468311891264
0.5887869744162196,-67.01020408163265,-0.848468311891264
1222368084325515.2,-66.57142857142857,-0.848468311891264
1222368084325515.2,-66.13265306122449,-0.848468311891264
1222368084325515.2,-65.6938775510204,-0.848468311891264
1222368084325515.2,-65.25510204081633,-0.848468311891264
1222368084325515.2,-64.81632653061224,-0.848468311891264
1222368084325515.2,-64.37755102040816,-0.848468311891264
1222368084325515.2,-63.93877551020408,-0.848468311891264
1222368084325515.2,-63.5,-0.848468311891264
0.5982384008094664,-85,-0.8127260943511865
0.5887869744162196,-84.56122448979592,-0.8127260943511865
0.5887869744162196,-84.12244897959184,-0.8127260943511865
0.5887869744162196,-83.68367346938776,-0.8127260943511865
0.5887869744162196,-83.24489795918367,-0.8127260943511865
0.5887869744162196,-82.8061224489796,-0.8127260943511865
0.5887869744162196,-82.36734693877551,-0.8127260943511865
0.5887869744162196,-81.92857142857143,-0.8127260943511865
0.5887869744162196,-81.48979591836735,-0.8127260943511865
0.5887869744162196,-81.05102040816327,-0.8127260943511865
0.5887869744162196,-80.61224489795919,-0.8127260943511865
0.5887869744162196,-80.1734693877551,-0.8127260943511865
0.5887869744162196,-79.73469387755102,-0.8127260943511865
0.5887869744162196,-79.29591836734694,-0.8127260943511865
0.5887869744162196,-78.85714285714286,-0.8127260943511865
0.5887869744162196,-78.41836734693878,-0.8127260943511865
0.5887869744162196,-77.9795918367347,-0.8127260943511865
0.5887869744162196,-77.54081632653062,-0.8127260943511865
0.5887869744162196,-77.10204081632654,-0.8127260943511865
0.5887869744162196,-76.66326530612245,-0.8127260943511865
0.5887869744162196,-76.22448979591837,-0.8127260943511865
0.5887869744162196,-75.78571428571429,-0.8127260943511865
0.5887869744162196,-75.34693877551021,-0.8127260943511865
0.5887869744162196,-74.90816326530611,-0.8127260943511865
0.5887869744162196,-74.46938775510205,-0.8127260943511865
0.5887869744162196,-74.03061224489795,-0.8127260943511865
0.5887869744162196,-73.59183673469389,-0.8127260943511865
0.5887869744162196,-73.15306122448979,-0.8127260943511865
0.5887869744162196,-72.71428571428572,-0.8127260943511865
0.5887869744162196,-72.27551020408163,-0.8127260943511865
0.5887869744162196,-71.83673469387755,-0.8127260943511865
0.5887869744162196,-71.39795918367346,-0.8127260943511865
0.5887869744162196,-70.95918367346938,-0.8127260943511865
0.5887869744162196,-70.5204081632653,-0.8127260943511865
0.5887869744162196,-70.08163265306122,-0.8127260943511865
0.5887869744162196,-69.64285714285714,-0.8127260943511865
0.5887869744162196,-69.20408163265306,-0.8127260943511865
0.5887869744162196,-68.76530612244898,-0.8127260943511865
0.5887869744162196,-68.3265306122449,-0.8127260943511865
0.5887869744162196,-67.88775510204081,-0.8127260943511865
0.5887869744162196,-67.44897959183673,-0.8127260943511865
0.5887869744162196,-67.01020408163265,-0.8127260943511865
1222368084325515.2,-66.57142857142857,-0.8127260943511865
1222368084325515.2,-66.13265306122449,-0.8127260943511865
1222368084325515.2,-65.6938775510204,-0.8127260943511865
1222368084325515.2,-65.25510204081633,-0.8127260943511865
1222368084325515.2,-64.81632653061224,-0.8127260943511865
1222368084325515.2,-64.37755102040816,-0.8127260943511865
1222368084325515.2,-63.93877551020408,-0.8127260943511865
1222368084325515.2,-63.5,-0.8127260943511865
0.5982384008094664,-85,-0.776983876811109
0.5887869744162196,-84.56122448979592,-0.776983876811109
0.5887869744162196,-84.12244897959184,-0.776983876811109
0.5887869744162196,-83.68367346938776,-0.776983876811109
0.5887869744162196,-83.24489795918367,-0.776983876811109
0.5887869744162196,-82.8061224489796,-0.776983876811109
0.5887869744162196,-82.36734693877551,-0.776983876811109
0.5887869744162196,-81.92857142857143,-0.776983876811109
0.5887869744162196,-81.48979591836735,-0.776983876811109
0.5887869744162196,-81.05102040816327,-0.776983876811109
0.5887869744162196,-80.61224489795919,-0.776983876811109
0.5887869744162196,-80.1734693877551,-0.776983876811109
0.5887869744162196,-79.73469387755102,-0.776983876811109
0.5887869744162196,-79.29591836734694,-0.776983876811109
0.5887869744162196,-78.85714285714286,-0.776983876811109
0.5887869744162196,-78.41836734693878,-0.776983876811109
0.5887869744162196,-77.9795918367347,-0.776983876811109
0.5887869744162196,-77.54081632653062,-0.776983876811109
0.5887869744162196,-77.10204081632654,-0.776983876811109
0.5887869744162196,-76.66326530612245,-0.776983876811109
0.5887869744162196,-76.22448979591837,-0.776983876811109
0.5887869744162196,-75.78571428571429,-0.776983876811109
0.5887869744162196,-75.34693877551021,-0.776983876811109
0.5887869744162196,-74.90816326530611,-0.776983876811109
0.5887869744162196,-74.46938775510205,-0.776983876811109
0.5887869744162196,-74.03061224489795,-0.776983876811109
0.5887869744162196,-73.59183673469389,-0.776983876811109
0.5887869744162196,-73.15306122448979,-0.776983876811109
0.5887869744162196,-72.71428571428572,-0.776983876811109
0.5887869744162196,-72.27551020408163,-0.776983876811109
0.5887869744162196,-71.83673469387755,-0.776983876811109
0.5887869744162196,-71.39795918367346,-0.776983876811109
0.5887869744162196,-70.95918367346938,-0.776983876811109
0.5887869744162196,-70.5204081632653,-0.776983876811109
0.5887869744162196,-70.08163265306122,-0.776983876811109
0.5887869744162196,-69.64285714285714,-0.776983876811109
0.5887869744162196,-69.20408163265306,-0.776983876811109
0.5887869744162196,-68.76530612244898,-0.776983876811109
0.5887869744162196,-68.3265306122449,-0.776983876811109
0.5887869744162196,-67.88775510204081,-0.776983876811109
0.5887869744162196,-67.44897959183673,-0.776983876811109
0.5887869744162196,-67.01020408163265,-0.776983876811109
1222368084325515.2,-66.57142857142857,-0.776983876811109
1222368084325515.2,-66.13265306122449,-0.776983876811109
1222368084325515.2,-65.6938775510204,-0.776983876811109
1222368084325515.2,-65.25510204081633,-0.776983876811109
1222368084325515.2,-64.81632653061224,-0.776983876811109
1222368084325515.2,-64.37755102040816,-0.776983876811109
1222368084325515.2,-63.93877551020408,-0.776983876811109
1222368084325515.2,-63.5,-0.776983876811109
0.5774066929184895,-85,-0.7412416592710316
0.5682843817300017,-84.56122448979592,-0.7412416592710316
0.5682843817300017,-84.12244897959184,-0.7412416592710316
0.5682843817300017,-83.68367346938776,-0.7412416592710316
0.5682843817300017,-83.24489795918367,-0.7412416592710316
0.5682843817300017,-82.8061224489796,-0.7412416592710316
0.5682843817300017,-82.36734693877551,-0.7412416592710316
0.5682843817300017,-81.92857142857143,-0.7412416592710316
0.5682843817300017,-81.48979591836735,-0.7412416592710316
0.5682843817300017,-81.05102040816327,-0.7412416592710316
0.5682843817300017,-80.61224489795919,-0.7412416592710316
0.5682843817300017,-80.1734693877551,-0.7412416592710316
0.5682843817300017,-79.73469387755102,-0.7412416592710316
0.5682843817300017,-79.29591836734694,-0.7412416592710316
0.5682843817300017,-78.85714285714286,-0.7412416592710316
0.5682843817300017,-78.41836734693878,-0.7412416592710316
0.5682843817300017,-77.9795918367347,-0.7412416592710316
0.5682843817300017,-77.54081632653062,-0.7412416592710316
0.5682843817300017,-77.10204081632654,-0.7412416592710316
0.5682843817300017,-76.66326530612245,-0.7412416592710316
0.5682843817300017,-76.22448979591837,-0.7412416592710316
0.5682843817300017,-75.78571428571429,-0.7412416592710316
0.5682843817300017,-75.34693877551021,-0.7412416592710316
0.5682843817300017,-74.90816326530611,-0.7412416592710316
0.5682843817300017,-74.46938775510205,-0.7412416592710316
0.5682843817300017,-74.03061224489795,-0.7412416592710316
0.5682843817300017,-73.59183673469389,-0.7412416592710316
0.5682843817300017,-73.15306122448979,-0.7412416592710316
0.5682843817300017,-72.71428571428572,-0.7412416592710316
0.5682843817300017,-72.27551020408163,-0.7412416592710316
0.5682843817300017,-71.83673469387755,-0.7412416592710316
0.5682843817300017,-71.39795918367346,-0.7412416592710316
0.5682843817300017,-70.95918367346938,-0.7412416592710316
0.5682843817300017,-70.5204081632653,-0.7412416592710316
0.5682843817300017,-70.08163265306122,-0.7412416592710316
0.5682843817300017,-69.64285714285714,-0.7412416592710316
0.5682843817300017,-69.20408163265306,-0.7412416592710316
0.5682843817300017,-68.76530612244898,-0.7412416592710316
0.5682843817300017,-68.3265306122449,-0.7412416592710316
0.5682843817300017,-67.88775510204081,-0.7412416592710316
0.5682843817300017,-67.44897959183673,-0.7412416592710316
0.5682843817300017,-67.01020408163265,-0.7412416592710316
1179803088776136.8,-66.57142857142857,-0.7412416592710316
1179803088776136.8,-66.13265306122449,-0.7412416592710316
1179803088776136.8,-65.6938775510204,-0.7412416592710316
1179803088776136.8,-65.25510204081633,-0.7412416592710316
1179803088776136.8,-64.81632653061224,-0.7412416592710316
1179803088776136.8,-64.37755102040816,-0.7412416592710316
1179803088776136.8,-63.93877551020408,-0.7412416592710316
1179803088776136.8,-63.5,-0.7412416592710316
0.5774066929184895,-85,-0.7054994417309541
0.5682843817300017,-84.56122448979592,-0.7054994417309541
0.5682843817300017,-84.12244897959184,-0.7054994417309541
0.5682843817300017,-83.68367346938776,-0.7054994417309541
0.5682843817300017,-83.24489795918367,-0.7054994417309541
0.5682843817300017,-82.8061224489796,-0.7054994417309541
0.5682843817300017,-82.36734693877551,-0.7054994417309541
0.5682843817300017,-81.92857142857143,-0.7054994417309541
0.5682843817300017,-81.48979591836735,-0.7054994417309541
0.5682843817300017,-81.05102040816327,-0.7054994417309541
0.5682843817300017,-80.61224489795919,-0.7054994417309541
0.5682843817300017,-80.1734693877551,-0.7054994417309541
0.5682843817300017,-79.73469387755102,-0.7054994417309541
0.5682843817300017,-79.29591836734694,-0.7054994417309541
0.5682843817300017,-78.85714285714286,-0.7054994417309541
0.5682843817300017,-78.41836734693878,-0.7054994417309541
0.5682843817300017,-77.9795918367347,-0.7054994417309541
0.5682843817300017,-77.54081632653062,-0.7054994417309541
0.5682843817300017,-77.10204081632654,-0.7054994417309541
0.5682843817300017,-76.66326530612245,-0.7054994417309541
0.5682843817300017,-76.22448979591837,-0.7054994417309541
0.5682843817300017,-75.78571428571429,-0.7054994417309541
0.5682843817300017,-75.34693877551021,-0.7054994417309541
0.5682843817300017,-74.90816326530611,-0.7054994417309541
0.5682843817300017,-74.46938775510205,-0.7054994417309541
0.5682843817300017,-74.03061224489795,-0.7054994417309541
0.5682843817300017,-73.59183673469389,-0.7054994417309541
0.5682843817300017,-73.15306122448979,-0.7054994417309541
0.5682843817300017,-72.71428571428572,-0.7054994417309541
0.5682843817300017,-72.27551020408163,-0.7054994417309541
0.5682843817300017,-71.83673469387755,-0.7054994417309541
0.5682843817300017,-71.39795918367346,-0.7054994417309541
0.5682843817300017,-70.95918367346938,-0.7054994417309541
0.5682843817300017,-70.5204081632653,-0.7054994417309541
0.5682843817300017,-70.08163265306122,-0.7054994417309541
0.5682843817300017,-69.64285714285714,-0.7054994417309541
0.5682843817300017,-69.20408163265306,-0.7054994417309541
0.5682843817300017,-68.76530612244898,-0.7054994417309541
0.5682843817300017,-68.3265306122449,-0.7054994417309541
0.5682843817300017,-67.88775510204081,-0.7054994417309541
0.5682843817300017,-67.44897959183673,-0.7054994417309541
0.5682843817300017,-67.01020408163265,-0.7054994417309541
1179803088776136.8,-66.57142857142857,-0.7054994417309541
1179803088776136.8,-66.13265306122449,-0.7054994417309541
1179803088776136.8,-65.6938775510204,-0.7054994417309541
1179803088776136.8,-65.25510204081633,-0.7054994417309541
1179803088776136.8,-64.81632653061224,-0.7054994417309541
1179803088776136.8,-64.37755102040816,-0.7054994417309541
1179803088776136.8,-63.93877551020408,-0.7054994417309541
1179803088776136.8,-63.5,-0.7054994417309541
0.5399819101511698,-85,-0.6697572241908767
0.5314508642160158,-84.56122448979592,-0.6697572241908767
0.5314508642160158,-84.12244897959184,-0.6697572241908767
0.5314508642160158,-83.68367346938776,-0.6697572241908767
0.5314508642160158,-83.24489795918367,-0.6697572241908767
0.5314508642160158,-82.8061224489796,-0.6697572241908767
0.5314508642160158,-82.36734693877551,-0.6697572241908767
0.5314508642160158,-81.92857142857143,-0.6697572241908767
0.5314508642160158,-81.48979591836735,-0.6697572241908767
0.5314508642160158,-81.05102040816327,-0.6697572241908767
0.5314508642160158,-80.61224489795919,-0.6697572241908767
0.5314508642160158,-80.1734693877551,-0.6697572241908767
0.5314508642160158,-79.73469387755102,-0.6697572241908767
0.5314508642160158,-79.29591836734694,-0.6697572241908767
0.5314508642160158,-78.85714285714286,-0.6697572241908767
0.5314508642160158,-78.41836734693878,-0.6697572241908767
0.5314508642160158,-77.9795918367347,-0.6697572241908767
0.5314508642160158,-77.54081632653062,-0.6697572241908767
0.5314508642160158,-77.10204081632654,-0.6697572241908767
0.5314508642160158,-76.66326530612245,-0.6697572241908767
0.5314508642160158,-76.22448979591837,-0.6697572241908767
0.5314508642160158,-75.78571428571429,-0.6697572241908767
0.5314508642160158,-75.34693877551021,-0.6697572241908767
0.5314508642160158,-74.90816326530611,-0.6697572241908767
0.5314508642160158,-74.46938775510205,-0.6697572241908767
0.5314508642160158,-74.03061224489795,-0.6697572241908767
0.5314508642160158,-73.59183673469389,-0.6697572241908767
0.5314508642160158,-73.15306122448979,-0.6697572241908767
0.5314508642160158,-72.71428571428572,-0.6697572241908767
0.5314508642160158,-72.27551020408163,-0.6697572241908767
0.5314508642160158,-71.83673469387755,-0.6697572241908767
0.5314508642160158,-71.39795918367346,-0.6697572241908767
0.5314508642160158,-70.95918367346938,-0.6697572241908767
0.5314508642160158,-70.5204081632653,-0.6697572241908767
0.5314508642160158,-70.08163265306122,-0.6697572241908767
0.5314508642160158,-69.64285714285714,-0.6697572241908767
0.5314508642160158,-69.20408163265306,-0.6697572241908767
0.5314508642160158,-68.76530612244898,-0.6697572241908767
0.5314508642160158,-68.3265306122449,-0.6697572241908767
0.5314508642160158,-67.88775510204081,-0.6697572241908767
0.5314508642160158,-67.44897959183673,-0.6697572241908767
0.5314508642160158,-67.01020408163265,-0.6697572241908767
1103333808376069.6,-66.57142857142857,-0.6697572241908767
1103333808376069.6,-66.13265306122449,-0.6697572241908767
1103333808376069.6,-65.6938775510204,-0.6697572241908767
1103333808376069.6,-65.25510204081633,-0.6697572241908767
1103333808376069.6,-64.81632653061224,-0.6697572241908767
1103333808376069.6,-64.37755102040816,-0.6697572241908767
1103333808376069.6,-63.93877551020408,-0.6697572241908767
1103333808376069.6,-63.5,-0.6697572241908767
0.5399819101511698,-85,-0.6340150066507992
0.5314508642160158,-84.56122448979592,-0.6340150066507992
0.5314508642160158,-84.12244897959184,-0.6340150066507992
0.5314508642160158,-83.68367346938776,-0.6340150066507992
0.5314508642160158,-83.24489795918367,-0.6340150066507992
0.5314508642160158,-82.8061224489796,-0.6340150066507992
0.5314508642160158,-82.36734693877551,-0.6340150066507992
0.5314508642160158,-81.92857142857143,-0.6340150066507992
0.5314508642160158,-81.48979591836735,-0.6340150066507992
0.5314508642160158,-81.05102040816327,-0.6340150066507992
0.5314508642160158,-80.61224489795919,-0.6340150066507992
0.5314508642160158,-80.1734693877551,-0.6340150066507992
0.5314508642160158,-79.73469387755102,-0.6340150066507992
0.5314508642160158,-79.29591836734694,-0.6340150066507992
0.5314508642160158,-78.85714285714286,-0.6340150066507992
0.5314508642160158,-78.41836734693878,-0.6340150066507992
0.5314508642160158,-77.9795918367347,-0.6340150066507992
0.5314508642160158,-77.54081632653062,-0.6340150066507992
0.5314508642160158,-77.10204081632654,-0.6340150066507992
0.5314508642160158,-76.66326530612245,-0.6340150066507992
0.5314508642160158,-76.22448979591837,-0.6340150066507992
0.5314508642160158,-75.78571428571429,-0.6340150066507992
0.5314508642160158,-75.34693877551021,-0.6340150066507992
0.5314508642160158,-74.90816326530611,-0.6340150066507992
0.5314508642160158,-74.46938775510205,-0.6340150066507992
0.5314508642160158,-74.03061224489795,-0.6340150066507992
0.5314508642160158,-73.59183673469389,-0.6340150066507992
0.5314508642160158,-73.15306122448979,-0.6340150066507992
0.5314508642160158,-72.71428571428572,-0.6340150066507992
0.5314508642160158,-72.27551020408163,-0.6340150066507992
0.5314508642160158,-71.83673469387755,-0.6340150066507992
0.5314508642160158,-71.39795918367346,-0.6340150066507992
0.5314508642160158,-70.95918367346938,-0.6340150066507992
0.5314508642160158,-70.5204081632653,-0.6340150066507992
0.5314508642160158,-70.08163265306122,-0.6340150066507992
0.5314508642160158,-69.64285714285714,-0.6340150066507992
0.5314508642160158,-69.20408163265306,-0.6340150066507992
0.5314508642160158,-68.76530612244898,-0.6340150066507992
0.5314508642160158,-68.3265306122449,-0.6340150066507992
0.5314508642160158,-67.88775510204081,-0.6340150066507992
0.5314508642160158,-67.44897959183673,-0.6340150066507992
0.5314508642160158,-67.01020408163265,-0.6340150066507992
1103333808376069.6,-66.57142857142857,-0.6340150066507992
1103333808376069.6,-66.13265306122449,-0.6340150066507992
1103333808376069.6,-65.6938775510204,-0.6340150066507992
1103333808376069.6,-65.25510204081633,-0.6340150066507992
1103333808376069.6,-64.81632653061224,-0.6340150066507992
1103333808376069.6,-64.37755102040816,-0.6340150066507992
1103333808376069.6,-63.93877551020408,-0.6340150066507992
1103333808376069.6,-63.5,-0.6340150066507992
0.5399819101511698,-85,-0.5982727891107218
0.5314508642160158,-84.56122448979592,-0.5982727891107218
0.5314508642160158,-84.12244897959184,-0.5982727891107218
0.5314508642160158,-83.68367346938776,-0.5982727891107218
0.5314508642160158,-83.24489795918367,-0.5982727891107218
0.5314508642160158,-82.8061224489796,-0.5982727891107218
0.5314508642160158,-82.36734693877551,-0.5982727891107218
0.5314508642160158,-81.92857142857143,-0.5982727891107218
0.5314508642160158,-81.48979591836735,-0.5982727891107218
0.5314508642160158,-81.05102040816327,-0.5982727891107218
0.5314508642160158,-80.61224489795919,-0.5982727891107218
0.5314508642160158,-80.1734693877551,-0.5982727891107218
0.5314508642160158,-79.73469387755102,-0.5982727891107218
0.5314508642160158,-79.29591836734694,-0.5982727891107218
0.5314508642160158,-78.85714285714286,-0.5982727891107218
0.5314508642160158,-78.41836734693878,-0.5982727891107218
0.5314508642160158,-77.9795918367347,-0.5982727891107218
0.5314508642160158,-77.54081632653062,-0.5982727891107218
0.5314508642160158,-77.10204081632654,-0.5982727891107218
0.5314508642160158,-76.66326530612245,-0.5982727891107218
0.5314508642160158,-76.22448979591837,-0.5982727891107218
0.5314508642160158,-75.78571428571429,-0.5982727891107218
0.5314508642160158,-75.34693877551021,-0.5982727891107218
0.5314508642160158,-74.90816326530611,-0.5982727891107218
0.5314508642160158,-74.46938775510205,-0.5982727891107218
0.5314508642160158,-74.03061224489795,-0.5982727891107218
0.5314508642160158,-73.59183673469389,-0.5982727891107218
0.5314508642160158,-73.15306122448979,-0.5982727891107218
0.5314508642160158,-72.71428571428572,-0.5982727891107218
0.5314508642160158,-72.27551020408163,-0.5982727891107218
0.5314508642160158,-71.83673469387755,-0.5982727891107218
0.5314508642160158,-71.39795918367346,-0.5982727891107218
0.5314508642160158,-70.95918367346938,-0.5982727891107218
0.5314508642160158,-70.5204081632653,-0.5982727891107218
0.5314508642160158,-70.08163265306122,-0.5982727891107218
0.5314508642160158,-69.64285714285714,-0.5982727891107218
0.5314508642160158,-69.20408163265306,-0.5982727891107218
0.5314508642160158,-68.76530612244898,-0.5982727891107218
0.5314508642160158,-68.3265306122449,-0.5982727891107218
0.5314508642160158,-67.88775510204081,-0.5982727891107218
0.5314508642160158,-67.44897959183673,-0.5982727891107218
0.5314508642160158,-67.01020408163265,-0.5982727891107218
1103333808376069.6,-66.57142857142857,-0.5982727891107218
1103333808376069.6,-66.13265306122449,-0.5982727891107218
1103333808376069.6,-65.6938775510204,-0.5982727891107218
1103333808376069.6,-65.25510204081633,-0.5982727891107218
1103333808376069.6,-64.81632653061224,-0.5982727891107218
1103333808376069.6,-64.37755102040816,-0.5982727891107218
1103333808376069.6,-63.93877551020408,-0.5982727891107218
1103333808376069.6,-63.5,-0.5982727891107218
0.5399819101511698,-85,-0.5625305715706443
0.5314508642160158,-84.56122448979592,-0.5625305715706443
0.5314508642160158,-84.12244897959184,-0.5625305715706443
0.5314508642160158,-83.68367346938776,-0.5625305715706443
0.5314508642160158,-83.24489795918367,-0.5625305715706443
0.5314508642160158,-82.8061224489796,-0.5625305715706443
0.5314508642160158,-82.36734693877551,-0.5625305715706443
0.5314508642160158,-81.92857142857143,-0.5625305715706443
0.5314508642160158,-81.48979591836735,-0.5625305715706443
0.5314508642160158,-81.05102040816327,-0.5625305715706443
0.5314508642160158,-80.61224489795919,-0.5625305715706443
0.5314508642160158,-80.1734693877551,-0.5625305715706443
0.5314508642160158,-79.73469387755102,-0.5625305715706443
0.5314508642160158,-79.29591836734694,-0.5625305715706443
0.5314508642160158,-78.85714285714286,-0.5625305715706443
0.5314508642160158,-78.41836734693878,-0.5625305715706443
0.5314508642160158,-77.9795918367347,-0.5625305715706443
0.5314508642160158,-77.54081632653062,-0.5625305715706443
0.5314508642160158,-77.10204081632654,-0.5625305715706443
0.5314508642160158,-76.66326530612245,-0.5625305715706443
0.5314508642160158,-76.22448979591837,-0.5625305715706443
0.5314508642160158,-75.78571428571429,-0.5625305715706443
0.5314508642160158,-75.34693877551021,-0.5625305715706443
0.5314508642160158,-74.90816326530611,-0.5625305715706443
0.5314508642160158,-74.46938775510205,-0.5625305715706443
0.5314508642160158,-74.03061224489795,-0.5625305715706443
0.5314508642160158,-73.59183673469389,-0.5625305715706443
0.5314508642160158,-73.15306122448979,-0.5625305715706443
0.5314508642160158,-72.71428571428572,-0.5625305715706443
0.5314508642160158,-72.27551020408163,-0.5625305715706443
0.5314508642160158,-71.83673469387755,-0.5625305715706443
0.5314508642160158,-71.39795918367346,-0.5625305715706443
0.5314508642160158,-70.95918367346938,-0.5625305715706443
0.5314508642160158,-70.5204081632653,-0.5625305715706443
0.5314508642160158,-70.08163265306122,-0.5625305715706443
0.5314508642160158,-69.64285714285714,-0.5625305715706443
0.5314508642160158,-69.20408163265306,-0.5625305715706443
0.5314508642160158,-68.76530612244898,-0.5625305715706443
0.5314508642160158,-68.3265306122449,-0.5625305715706443
0.5314508642160158,-67.88775510204081,-0.5625305715706443
0.5314508642160158,-67.44897959183673,-0.5625305715706443
0.5314508642160158,-67.01020408163265,-0.5625305715706443
1103333808376069.6,-66.57142857142857,-0.5625305715706443
1103333808376069.6,-66.13265306122449,-0.5625305715706443
1103333808376069.6,-65.6938775510204,-0.5625305715706443
1103333808376069.6,-65.25510204081633,-0.5625305715706443
1103333808376069.6,-64.81632653061224,-0.5625305715706443
1103333808376069.6,-64.37755102040816,-0.5625305715706443
1103333808376069.6,-63.93877551020408,-0.5625305715706443
1103333808376069.6,-63.5,-0.5625305715706443
0.557573218809768,-85,-0.5267883540305669
0.5487642519676266,-84.56122448979592,-0.5267883540305669
0.5487642519676266,-84.12244897959184,-0.5267883540305669
0.5487642519676266,-83.68367346938776,-0.5267883540305669
0.5487642519676266,-83.24489795918367,-0.5267883540305669
0.5487642519676266,-82.8061224489796,-0.5267883540305669
0.5487642519676266,-82.36734693877551,-0.5267883540305669
0.5487642519676266,-81.92857142857143,-0.5267883540305669
0.5487642519676266,-81.48979591836735,-0.5267883540305669
0.5487642519676266,-81.05102040816327,-0.5267883540305669
0.5487642519676266,-80.61224489795919,-0.5267883540305669
0.5487642519676266,-80.1734693877551,-0.5267883540305669
0.5487642519676266,-79.73469387755102,-0.5267883540305669
0.5487642519676266,-79.29591836734694,-0.5267883540305669
0.5487642519676266,-78.85714285714286,-0.5267883540305669
0.5487642519676266,-78.41836734693878,-0.5267883540305669
0.5487642519676266,-77.9795918367347,-0.5267883540305669
0.5487642519676266,-77.54081632653062,-0.5267883540305669
0.5487642519676266,-77.10204081632654,-0.5267883540305669
0.5487642519676266,-76.66326530612245,-0.5267883540305669
0.5487642519676266,-76.22448979591837,-0.5267883540305669
0.5487642519676266,-75.78571428571429,-0.5267883540305669
0.5487642519676266,-75.34693877551021,-0.5267883540305669
0.5487642519676266,-74.90816326530611,-0.5267883540305669
0.5487642519676266,-74.46938775510205,-0.5267883540305669
0.5487642519676266,-74.03061224489795,-0.5267883540305669
0.5487642519676266,-73.59183673469389,-0.5267883540305669
0.5487642519676266,-73.15306122448979,-0.5267883540305669
0.5487642519676266,-72.71428571428572,-0.5267883540305669
0.5487642519676266,-72.27551020408163,-0.5267883540305669
0.5487642519676266,-71.83673469387755,-0.5267883540305669
0.5487642519676266,-71.39795918367346,-0.5267883540305669
0.5487642519676266,-70.95918367346938,-0.5267883540305669
0.5487642519676266,-70.5204081632653,-0.5267883540305669
0.5487642519676266,-70.08163265306122,-0.5267883540305669
0.5487642519676266,-69.64285714285714,-0.5267883540305669
0.5487642519676266,-69.20408163265306,-0.5267883540305669
0.5487642519676266,-68.76530612244898,-0.5267883540305669
0.5487642519676266,-68.3265306122449,-0.5267883540305669
0.5487642519676266,-67.88775510204081,-0.5267883540305669
0.5487642519676266,-67.44897959183673,-0.5267883540305669
0.5487642519676266,-67.01020408163265,-0.5267883540305669
1139277763556301.8,-66.57142857142857,-0.5267883540305669
1139277763556301.8,-66.13265306122449,-0.5267883540305669
1139277763556301.8,-65.6938775510204,-0.5267883540305669
1139277763556301.8,-65.25510204081633,-0.5267883540305669
1139277763556301.8,-64.81632653061224,-0.5267883540305669
1139277763556301.8,-64.37755102040816,-0.5267883540305669
1139277763556301.8,-63.93877551020408,-0.5267883540305669
1139277763556301.8,-63.5,-0.5267883540305669
0.557573218809768,-85,-0.4910461364904892
0.5487642519676266,-84.56122448979592,-0.4910461364904892
0.5487642519676266,-84.12244897959184,-0.4910461364904892
0.5487642519676266,-83.68367346938776,-0.4910461364904892
0.5487642519676266,-83.24489795918367,-0.4910461364904892
0.5487642519676266,-82.8061224489796,-0.4910461364904892
0.5487642519676266,-82.36734693877551,-0.4910461364904892
0.5487642519676266,-81.92857142857143,-0.4910461364904892
0.5487642519676266,-81.48979591836735,-0.4910461364904892
0.5487642519676266,-81.05102040816327,-0.4910461364904892
0.5487642519676266,-80.61224489795919,-0.4910461364904892
0.5487642519676266,-80.1734693877551,-0.4910461364904892
0.5487642519676266,-79.73469387755102,-0.4910461364904892
0.5487642519676266,-79.29591836734694,-0.4910461364904892
0.5487642519676266,-78.85714285714286,-0.4910461364904892
0.5487642519676266,-78.41836734693878,-0.4910461364904892
0.5487642519676266,-77.9795918367347,-0.4910461364904892
0.5487642519676266,-77.54081632653062,-0.4910461364904892
0.5487642519676266,-77.10204081632654,-0.4910461364904892
0.5487642519676266,-76.66326530612245,-0.4910461364904892
0.5487642519676266,-76.22448979591837,-0.4910461364904892
0.5487642519676266,-75.78571428571429,-0.4910461364904892
0.5487642519676266,-75.34693877551021,-0.4910461364904892
0.5487642519676266,-74.90816326530611,-0.4910461364904892
0.5487642519676266,-74.46938775510205,-0.4910461364904892
0.5487642519676266,-74.03061224489795,-0.4910461364904892
0.5487642519676266,-73.59183673469389,-0.4910461364904892
0.5487642519676266,-73.15306122448979,-0.4910461364904892
0.5487642519676266,-72.71428571428572,-0.4910461364904892
0.5487642519676266,-72.27551020408163,-0.4910461364904892
0.5487642519676266,-71.83673469387755,-0.4910461364904892
0.5487642519676266,-71.39795918367346,-0.4910461364904892
0.5487642519676266,-70.95918367346938,-0.4910461364904892
0.5487642519676266,-70.5204081632653,-0.4910461364904892
0.5487642519676266,-70.08163265306122,-0.4910461364904892
0.5487642519676266,-69.64285714285714,-0.4910461364904892
0.5487642519676266,-69.20408163265306,-0.4910461364904892
0.5487642519676266,-68.76530612244898,-0.4910461364904892
0.5487642519676266,-68.3265306122449,-0.4910461364904892
0.5487642519676266,-67.88775510204081,-0.4910461364904892
0.5487642519676266,-67.44897959183673,-0.4910461364904892
0.5487642519676266,-67.01020408163265,-0.4910461364904892
1139277763556301.8,-66.57142857142857,-0.4910461364904892
1139277763556301.8,-66.13265306122449,-0.4910461364904892
1139277763556301.8,-65.6938775510204,-0.4910461364904892
1139277763556301.8,-65.25510204081633,-0.4910461364904892
1139277763556301.8,-64.81632653061224,-0.4910461364904892
1139277763556301.8,-64.37755102040816,-0.4910461364904892
1139277763556301.8,-63.93877551020408,-0.4910461364904892
1139277763556301.8,-63.5,-0.4910461364904892
0.557573218809768,-85,-0.4553039189504118
0.5487642519676266,-84.56122448979592,-0.4553039189504118
0.5487642519676266,-84.12244897959184,-0.4553039189504118
0.5487642519676266,-83.68367346938776,-0.4553039189504118
0.5487642519676266,-83.24489795918367,-0.4553039189504118
0.5487642519676266,-82.8061224489796,-0.4553039189504118
0.5487642519676266,-82.36734693877551,-0.4553039189504118
0.5487642519676266,-81.92857142857143,-0.4553039189504118
0.5487642519676266,-81.48979591836735,-0.4553039189504118
0.5487642519676266,-81.05102040816327,-0.4553039189504118
0.5487642519676266,-80.61224489795919,-0.4553039189504118
0.5487642519676266,-80.1734693877551,-0.4553039189504118
0.5487642519676266,-79.73469387755102,-0.4553039189504118
0.5487642519676266,-79.29591836734694,-0.4553039189504118
0.5487642519676266,-78.85714285714286,-0.4553039189504118
0.5487642519676266,-78.41836734693878,-0.4553039189504118
0.5487642519676266,-77.9795918367347,-0.4553039189504118
0.5487642519676266,-77.54081632653062,-0.4553039189504118
0.5487642519676266,-77.10204081632654,-0.4553039189504118
0.5487642519676266,-76.66326530612245,-0.4553039189504118
0.5487642519676266,-76.22448979591837,-0.4553039189504118
0.5487642519676266,-75.78571428571429,-0.4553039189504118
0.5487642519676266,-75.34693877551021,-0.4553039189504118
0.5487642519676266,-74.90816326530611,-0.4553039189504118
0.5487642519676266,-74.46938775510205,-0.4553039189504118
0.5487642519676266,-74.03061224489795,-0.4553039189504118
0.5487642519676266,-73.59183673469389,-0.4553039189504118
0.5487642519676266,-73.15306122448979,-0.4553039189504118
0.5487642519676266,-72.71428571428572,-0.4553039189504118
0.5487642519676266,-72.27551020408163,-0.4553039189504118
0.5487642519676266,-71.83673469387755,-0.4553039189504118
0.5487642519676266,-71.39795918367346,-0.4553039189504118
0.5487642519676266,-70.95918367346938,-0.4553039189504118
0.5487642519676266,-70.5204081632653,-0.4553039189504118
0.5487642519676266,-70.08163265306122,-0.4553039189504118
0.5487642519676266,-69.64285714285714,-0.4553039189504118
0.5487642519676266,-69.20408163265306,-0.4553039189504118
0.5487642519676266,-68.76530612244898,-0.4553039189504118
0.5487642519676266,-68.3265306122449,-0.4553039189504118
0.5487642519676266,-67.88775510204081,-0.4553039189504118
0.5487642519676266,-67.44897959183673,-0.4553039189504118
0.5487642519676266,-67.01020408163265,-0.4553039189504118
1139277763556301.8,-66.57142857142857,-0.4553039189504118
1139277763556301.8,-66.13265306122449,-0.4553039189504118
1139277763556301.8,-65.6938775510204,-0.4553039189504118
1139277763556301.8,-65.25510204081633,-0.4553039189504118
1139277763556301.8,-64.81632653061224,-0.4553039189504118
1139277763556301.8,-64.37755102040816,-0.4553039189504118
1139277763556301.8,-63.93877551020408,-0.4553039189504118
1139277763556301.8,-63.5,-0.4553039189504118
0.557573218809768,-85,-0.41956170141033433
0.5487642519676266,-84.56122448979592,-0.41956170141033433
0.5487642519676266,-84.12244897959184,-0.41956170141033433
0.5487642519676266,-83.68367346938776,-0.41956170141033433
0.5487642519676266,-83.24489795918367,-0.41956170141033433
0.5487642519676266,-82.8061224489796,-0.41956170141033433
0.5487642519676266,-82.36734693877551,-0.41956170141033433
0.5487642519676266,-81.92857142857143,-0.41956170141033433
0.5487642519676266,-81.48979591836735,-0.41956170141033433
0.5487642519676266,-81.05102040816327,-0.41956170141033433
0.5487642519676266,-80.61224489795919,-0.41956170141033433
0.5487642519676266,-80.1734693877551,-0.41956170141033433
0.5487642519676266,-79.73469387755102,-0.41956170141033433
0.5487642519676266,-79.29591836734694,-0.41956170141033433
0.5487642519676266,-78.85714285714286,-0.41956170141033433
0.5487642519676266,-78.41836734693878,-0.41956170141033433
0.5487642519676266,-77.9795918367347,-0.41956170141033433
0.5487642519676266,-77.54081632653062,-0.41956170141033433
0.5487642519676266,-77.10204081632654,-0.41956170141033433
0.5487642519676266,-76.66326530612245,-0.41956170141033433
0.5487642519676266,-76.22448979591837,-0.41956170141033433
0.5487642519676266,-75.78571428571429,-0.41956170141033433
0.5487642519676266,-75.34693877551021,-0.41956170141033433
0.5487642519676266,-74.90816326530611,-0.41956170141033433
0.5487642519676266,-74.46938775510205,-0.41956170141033433
0.5487642519676266,-74.03061224489795,-0.41956170141033433
0.5487642519676266,-73.59183673469389,-0.41956170141033433
0.5487642519676266,-73.15306122448979,-0.41956170141033433
0.5487642519676266,-72.71428571428572,-0.41956170141033433
0.5487642519676266,-72.27551020408163,-0.41956170141033433
0.5487642519676266,-71.83673469387755,-0.41956170141033433
0.5487642519676266,-71.39795918367346,-0.41956170141033433
0.5487642519676266,-70.95918367346938,-0.41956170141033433
0.5487642519676266,-70.5204081632653,-0.41956170141033433
0.5487642519676266,-70.08163265306122,-0.41956170141033433
0.5487642519676266,-69.64285714285714,-0.41956170141033433
0.5487642519676266,-69.20408163265306,-0.41956170141033433
0.5487642519676266,-68.76530612244898,-0.41956170141033433
0.5487642519676266,-68.3265306122449,-0.41956170141033433
0.5487642519676266,-67.88775510204081,-0.41956170141033433
0.5487642519676266,-67.44897959183673,-0.41956170141033433
0.5487642519676266,-67.01020408163265,-0.41956170141033433
1139277763556301.8,-66.57142857142857,-0.41956170141033433
1139277763556301.8,-66.13265306122449,-0.41956170141033433
1139277763556301.8,-65.6938775510204,-0.41956170141033433
1139277763556301.8,-65.25510204081633,-0.41956170141033433
1139277763556301.8,-64.81632653061224,-0.41956170141033433
1139277763556301.8,-64.37755102040816,-0.41956170141033433
1139277763556301.8,-63.93877551020408,-0.41956170141033433
1139277763556301.8,-63.5,-0.41956170141033433
0.557573218809768,-85,-0.3838194838702569
0.5487642519676266,-84.56122448979592,-0.3838194838702569
0.5487642519676266,-84.12244897959184,-0.3838194838702569
0.5487642519676266,-83.68367346938776,-0.3838194838702569
0.5487642519676266,-83.24489795918367,-0.3838194838702569
0.5487642519676266,-82.8061224489796,-0.3838194838702569
0.5487642519676266,-82.36734693877551,-0.3838194838702569
0.5487642519676266,-81.92857142857143,-0.3838194838702569
0.5487642519676266,-81.48979591836735,-0.3838194838702569
0.5487642519676266,-81.05102040816327,-0.3838194838702569
0.5487642519676266,-80.61224489795919,-0.3838194838702569
0.5487642519676266,-80.1734693877551,-0.3838194838702569
0.5487642519676266,-79.73469387755102,-0.3838194838702569
0.5487642519676266,-79.29591836734694,-0.3838194838702569
0.5487642519676266,-78.85714285714286,-0.3838194838702569
0.5487642519676266,-78.41836734693878,-0.3838194838702569
0.5487642519676266,-77.9795918367347,-0.3838194838702569
0.5487642519676266,-77.54081632653062,-0.3838194838702569
0.5487642519676266,-77.10204081632654,-0.3838194838702569
0.5487642519676266,-76.66326530612245,-0.3838194838702569
0.5487642519676266,-76.22448979591837,-0.3838194838702569
0.5487642519676266,-75.78571428571429,-0.3838194838702569
0.5487642519676266,-75.34693877551021,-0.3838194838702569
0.5487642519676266,-74.90816326530611,-0.3838194838702569
0.5487642519676266,-74.46938775510205,-0.3838194838702569
0.5487642519676266,-74.03061224489795,-0.3838194838702569
0.5487642519676266,-73.59183673469389,-0.3838194838702569
0.5487642519676266,-73.15306122448979,-0.3838194838702569
0.5487642519676266,-72.71428571428572,-0.3838194838702569
0.5487642519676266,-72.27551020408163,-0.3838194838702569
0.5487642519676266,-71.83673469387755,-0.3838194838702569
0.5487642519676266,-71.39795918367346,-0.3838194838702569
0.5487642519676266,-70.95918367346938,-0.3838194838702569
0.5487642519676266,-70.5204081632653,-0.3838194838702569
0.5487642519676266,-70.08163265306122,-0.3838194838702569
0.5487642519676266,-69.64285714285714,-0.3838194838702569
0.5487642519676266,-69.20408163265306,-0.3838194838702569
0.5487642519676266,-68.76530612244898,-0.3838194838702569
0.5487642519676266,-68.3265306122449,-0.3838194838702569
0.5487642519676266,-67.88775510204081,-0.3838194838702569
0.5487642519676266,-67.44897959183673,-0.3838194838702569
0.5487642519676266,-67.01020408163265,-0.3838194838702569
1139277763556301.8,-66.57142857142857,-0.3838194838702569
1139277763556301.8,-66.13265306122449,-0.3838194838702569
1139277763556301.8,-65.6938775510204,-0.3838194838702569
1139277763556301.8,-65.25510204081633,-0.3838194838702569
1139277763556301.8,-64.81632653061224,-0.3838194838702569
1139277763556301.8,-64.37755102040816,-0.3838194838702569
1139277763556301.8,-63.93877551020408,-0.3838194838702569
1139277763556301.8,-63.5,-0.3838194838702569
0.557573218809768,-85,-0.34807726633017944
0.5487642519676266,-84.56122448979592,-0.34807726633017944
0.5487642519676266,-84.12244897959184,-0.34807726633017944
0.5487642519676266,-83.68367346938776,-0.34807726633017944
0.5487642519676266,-83.24489795918367,-0.34807726633017944
0.5487642519676266,-82.8061224489796,-0.34807726633017944
0.5487642519676266,-82.36734693877551,-0.34807726633017944
0.5487642519676266,-81.92857142857143,-0.34807726633017944
0.5487642519676266,-81.48979591836735,-0.34807726633017944
0.5487642519676266,-81.05102040816327,-0.34807726633017944
0.5487642519676266,-80.61224489795919,-0.34807726633017944
0.5487642519676266,-80.1734693877551,-0.34807726633017944
0.5487642519676266,-79.73469387755102,-0.34807726633017944
0.5487642519676266,-79.29591836734694,-0.34807726633017944
0.5487642519676266,-78.85714285714286,-0.34807726633017944
0.5487642519676266,-78.41836734693878,-0.34807726633017944
0.5487642519676266,-77.9795918367347,-0.34807726633017944
0.5487642519676266,-77.54081632653062,-0.34807726633017944
0.5487642519676266,-77.10204081632654,-0.34807726633017944
0.5487642519676266,-76.66326530612245,-0.34807726633017944
0.5487642519676266,-76.22448979591837,-0.34807726633017944
0.5487642519676266,-75.78571428571429,-0.34807726633017944
0.5487642519676266,-75.34693877551021,-0.34807726633017944
0.5487642519676266,-74.90816326530611,-0.34807726633017944
0.5487642519676266,-74.46938775510205,-0.34807726633017944
0.5487642519676266,-74.03061224489795,-0.34807726633017944
0.5487642519676266,-73.59183673469389,-0.34807726633017944
0.5487642519676266,-73.15306122448979,-0.34807726633017944
0.5487642519676266,-72.71428571428572,-0.34807726633017944
0.5487642519676266,-72.27551020408163,-0.34807726633017944
0.5487642519676266,-71.83673469387755,-0.34807726633017944
0.5487642519676266,-71.39795918367346,-0.34807726633017944
0.5487642519676266,-70.95918367346938,-0.34807726633017944
0.5487642519676266,-70.5204081632653,-0.34807726633017944
0.5487642519676266,-70.08163265306122,-0.34807726633017944
0.5487642519676266,-69.64285714285714,-0.34807726633017944
0.5487642519676266,-69.20408163265306,-0.34807726633017944
0.5487642519676266,-68.76530612244898,-0.34807726633017944
0.5487642519676266,-68.3265306122449,-0.34807726633017944
0.5487642519676266,-67.88775510204081,-0.34807726633017944
0.5487642519676266,-67.44897959183673,-0.34807726633017944
0.5487642519676266,-67.01020408163265,-0.34807726633017944
1139277763556301.8,-66.57142857142857,-0.34807726633017944
1139277763556301.8,-66.13265306122449,-0.34807726633017944
1139277763556301.8,-65.6938775510204,-0.34807726633017944
1139277763556301.8,-65.25510204081633,-0.34807726633017944
1139277763556301.8,-64.81632653061224,-0.34807726633017944
1139277763556301.8,-64.37755102040816,-0.34807726633017944
1139277763556301.8,-63.93877551020408,-0.34807726633017944
1139277763556301.8,-63.5,-0.34807726633017944
0.5969893010597559,-85,-0.312335048790102
0.5875576088967528,-84.56122448979592,-0.312335048790102
0.5875576088967528,-84.12244897959184,-0.312335048790102
0.5875576088967528,-83.68367346938776,-0.312335048790102
0.5875576088967528,-83.24489795918367,-0.312335048790102
0.5875576088967528,-82.8061224489796,-0.312335048790102
0.5875576088967528,-82.36734693877551,-0.312335048790102
0.5875576088967528,-81.92857142857143,-0.312335048790102
0.5875576088967528,-81.48979591836735,-0.312335048790102
0.5875576088967528,-81.05102040816327,-0.312335048790102
0.5875576088967528,-80.61224489795919,-0.312335048790102
0.5875576088967528,-80.1734693877551,-0.312335048790102
0.5875576088967528,-79.73469387755102,-0.312335048790102
0.5875576088967528,-79.29591836734694,-0.312335048790102
0.5875576088967528,-78.85714285714286,-0.312335048790102
0.5875576088967528,-78.41836734693878,-0.312335048790102
0.5875576088967528,-77.9795918367347,-0.312335048790102
0.5875576088967528,-77.54081632653062,-0.312335048790102
0.5875576088967528,-77.10204081632654,-0.312335048790102
0.5875576088967528,-76.66326530612245,-0.312335048790102
0.5875576088967528,-76.22448979591837,-0.312335048790102
0.5875576088967528,-75.78571428571429,-0.312335048790102
0.5875576088967528,-75.34693877551021,-0.312335048790102
0.5875576088967528,-74.90816326530611,-0.312335048790102
0.5875576088967528,-74.46938775510205,-0.312335048790102
0.5875576088967528,-74.03061224489795,-0.312335048790102
0.5875576088967528,-73.59183673469389,-0.312335048790102
0.5875576088967528,-73.15306122448979,-0.312335048790102
0.5875576088967528,-72.71428571428572,-0.312335048790102
0.5875576088967528,-72.27551020408163,-0.312335048790102
0.5875576088967528,-71.83673469387755,-0.312335048790102
0.5875576088967528,-71.39795918367346,-0.312335048790102
0.5875576088967528,-70.95918367346938,-0.312335048790102
0.5875576088967528,-70.5204081632653,-0.312335048790102
0.5875576088967528,-70.08163265306122,-0.312335048790102
0.5875576088967528,-69.64285714285714,-0.312335048790102
0.5875576088967528,-69.20408163265306,-0.312335048790102
0.5875576088967528,-68.76530612244898,-0.312335048790102
0.5875576088967528,-68.3265306122449,-0.312335048790102
0.5875576088967528,-67.88775510204081,-0.312335048790102
0.5875576088967528,-67.44897959183673,-0.312335048790102
0.5875576088967528,-67.01020408163265,-0.312335048790102
21018859377446097e6,-66.57142857142857,-0.312335048790102
21018859377446097e6,-66.13265306122449,-0.312335048790102
21018859377446097e6,-65.6938775510204,-0.312335048790102
21018859377446097e6,-65.25510204081633,-0.312335048790102
21018859377446097e6,-64.81632653061224,-0.312335048790102
21018859377446097e6,-64.37755102040816,-0.312335048790102
21018859377446097e6,-63.93877551020408,-0.312335048790102
21018859377446097e6,-63.5,-0.312335048790102
0.5969893010597559,-85,-0.27659283125002454
0.5875576088967528,-84.56122448979592,-0.27659283125002454
0.5875576088967528,-84.12244897959184,-0.27659283125002454
0.5875576088967528,-83.68367346938776,-0.27659283125002454
0.5875576088967528,-83.24489795918367,-0.27659283125002454
0.5875576088967528,-82.8061224489796,-0.27659283125002454
0.5875576088967528,-82.36734693877551,-0.27659283125002454
0.5875576088967528,-81.92857142857143,-0.27659283125002454
0.5875576088967528,-81.48979591836735,-0.27659283125002454
0.5875576088967528,-81.05102040816327,-0.27659283125002454
0.5875576088967528,-80.61224489795919,-0.27659283125002454
0.5875576088967528,-80.1734693877551,-0.27659283125002454
0.5875576088967528,-79.73469387755102,-0.27659283125002454
0.5875576088967528,-79.29591836734694,-0.27659283125002454
0.5875576088967528,-78.85714285714286,-0.27659283125002454
0.5875576088967528,-78.41836734693878,-0.27659283125002454
0.5875576088967528,-77.9795918367347,-0.27659283125002454
0.5875576088967528,-77.54081632653062,-0.27659283125002454
0.5875576088967528,-77.10204081632654,-0.27659283125002454
0.5875576088967528,-76.66326530612245,-0.27659283125002454
0.5875576088967528,-76.22448979591837,-0.27659283125002454
0.5875576088967528,-75.78571428571429,-0.27659283125002454
0.5875576088967528,-75.34693877551021,-0.27659283125002454
0.5875576088967528,-74.90816326530611,-0.27659283125002454
0.5875576088967528,-74.46938775510205,-0.27659283125002454
0.5875576088967528,-74.03061224489795,-0.27659283125002454
0.5875576088967528,-73.59183673469389,-0.27659283125002454
0.5875576088967528,-73.15306122448979,-0.27659283125002454
0.5875576088967528,-72.71428571428572,-0.27659283125002454
0.5875576088967528,-72.27551020408163,-0.27659283125002454
0.5875576088967528,-71.83673469387755,-0.27659283125002454
0.5875576088967528,-71.39795918367346,-0.27659283125002454
0.5875576088967528,-70.95918367346938,-0.27659283125002454
0.5875576088967528,-70.5204081632653,-0.27659283125002454
0.5875576088967528,-70.08163265306122,-0.27659283125002454
0.5875576088967528,-69.64285714285714,-0.27659283125002454
0.5875576088967528,-69.20408163265306,-0.27659283125002454
0.5875576088967528,-68.76530612244898,-0.27659283125002454
0.5875576088967528,-68.3265306122449,-0.27659283125002454
0.5875576088967528,-67.88775510204081,-0.27659283125002454
0.5875576088967528,-67.44897959183673,-0.27659283125002454
0.5875576088967528,-67.01020408163265,-0.27659283125002454
21018859377446097e6,-66.57142857142857,-0.27659283125002454
21018859377446097e6,-66.13265306122449,-0.27659283125002454
21018859377446097e6,-65.6938775510204,-0.27659283125002454
21018859377446097e6,-65.25510204081633,-0.27659283125002454
21018859377446097e6,-64.81632653061224,-0.27659283125002454
21018859377446097e6,-64.37755102040816,-0.27659283125002454
21018859377446097e6,-63.93877551020408,-0.27659283125002454
21018859377446097e6,-63.5,-0.27659283125002454
0.5399813613163241,-85,-0.24085061370994687
0.5314503240520815,-84.56122448979592,-0.24085061370994687
0.5314503240520815,-84.12244897959184,-0.24085061370994687
0.5314503240520815,-83.68367346938776,-0.24085061370994687
0.5314503240520815,-83.24489795918367,-0.24085061370994687
0.5314503240520815,-82.8061224489796,-0.24085061370994687
0.5314503240520815,-82.36734693877551,-0.24085061370994687
0.5314503240520815,-81.92857142857143,-0.24085061370994687
0.5314503240520815,-81.48979591836735,-0.24085061370994687
0.5314503240520815,-81.05102040816327,-0.24085061370994687
0.5314503240520815,-80.61224489795919,-0.24085061370994687
0.5314503240520815,-80.1734693877551,-0.24085061370994687
0.5314503240520815,-79.73469387755102,-0.24085061370994687
0.5314503240520815,-79.29591836734694,-0.24085061370994687
0.5314503240520815,-78.85714285714286,-0.24085061370994687
0.5314503240520815,-78.41836734693878,-0.24085061370994687
0.5314503240520815,-77.9795918367347,-0.24085061370994687
0.5314503240520815,-77.54081632653062,-0.24085061370994687
0.5314503240520815,-77.10204081632654,-0.24085061370994687
0.5314503240520815,-76.66326530612245,-0.24085061370994687
0.5314503240520815,-76.22448979591837,-0.24085061370994687
0.5314503240520815,-75.78571428571429,-0.24085061370994687
0.5314503240520815,-75.34693877551021,-0.24085061370994687
0.5314503240520815,-74.90816326530611,-0.24085061370994687
0.5314503240520815,-74.46938775510205,-0.24085061370994687
0.5314503240520815,-74.03061224489795,-0.24085061370994687
0.5314503240520815,-73.59183673469389,-0.24085061370994687
0.5314503240520815,-73.15306122448979,-0.24085061370994687
0.5314503240520815,-72.71428571428572,-0.24085061370994687
0.5314503240520815,-72.27551020408163,-0.24085061370994687
0.5314503240520815,-71.83673469387755,-0.24085061370994687
0.5314503240520815,-71.39795918367346,-0.24085061370994687
0.5314503240520815,-70.95918367346938,-0.24085061370994687
0.5314503240520815,-70.5204081632653,-0.24085061370994687
0.5314503240520815,-70.08163265306122,-0.24085061370994687
0.5314503240520815,-69.64285714285714,-0.24085061370994687
0.5314503240520815,-69.20408163265306,-0.24085061370994687
0.5314503240520815,-68.76530612244898,-0.24085061370994687
0.5314503240520815,-68.3265306122449,-0.24085061370994687
0.5314503240520815,-67.88775510204081,-0.24085061370994687
0.5314503240520815,-67.44897959183673,-0.24085061370994687
0.5314503240520815,-67.01020408163265,-0.24085061370994687
19011718099138383e6,-66.57142857142857,-0.24085061370994687
19011718099138383e6,-66.13265306122449,-0.24085061370994687
19011718099138383e6,-65.6938775510204,-0.24085061370994687
19011718099138383e6,-65.25510204081633,-0.24085061370994687
19011718099138383e6,-64.81632653061224,-0.24085061370994687
19011718099138383e6,-64.37755102040816,-0.24085061370994687
19011718099138383e6,-63.93877551020408,-0.24085061370994687
19011718099138383e6,-63.5,-0.24085061370994687
0.5399813613163241,-85,-0.20510839616986942
0.5314503240520815,-84.56122448979592,-0.20510839616986942
0.5314503240520815,-84.12244897959184,-0.20510839616986942
0.5314503240520815,-83.68367346938776,-0.20510839616986942
0.5314503240520815,-83.24489795918367,-0.20510839616986942
0.5314503240520815,-82.8061224489796,-0.20510839616986942
0.5314503240520815,-82.36734693877551,-0.20510839616986942
0.5314503240520815,-81.92857142857143,-0.20510839616986942
0.5314503240520815,-81.48979591836735,-0.20510839616986942
0.5314503240520815,-81.05102040816327,-0.20510839616986942
0.5314503240520815,-80.61224489795919,-0.20510839616986942
0.5314503240520815,-80.1734693877551,-0.20510839616986942
0.5314503240520815,-79.73469387755102,-0.20510839616986942
0.5314503240520815,-79.29591836734694,-0.20510839616986942
0.5314503240520815,-78.85714285714286,-0.20510839616986942
0.5314503240520815,-78.41836734693878,-0.20510839616986942
0.5314503240520815,-77.9795918367347,-0.20510839616986942
0.5314503240520815,-77.54081632653062,-0.20510839616986942
0.5314503240520815,-77.10204081632654,-0.20510839616986942
0.5314503240520815,-76.66326530612245,-0.20510839616986942
0.5314503240520815,-76.22448979591837,-0.20510839616986942
0.5314503240520815,-75.78571428571429,-0.20510839616986942
0.5314503240520815,-75.34693877551021,-0.20510839616986942
0.5314503240520815,-74.90816326530611,-0.20510839616986942
0.5314503240520815,-74.46938775510205,-0.20510839616986942
0.5314503240520815,-74.03061224489795,-0.20510839616986942
0.5314503240520815,-73.59183673469389,-0.20510839616986942
0.5314503240520815,-73.15306122448979,-0.20510839616986942
0.5314503240520815,-72.71428571428572,-0.20510839616986942
0.5314503240520815,-72.27551020408163,-0.20510839616986942
0.5314503240520815,-71.83673469387755,-0.20510839616986942
0.5314503240520815,-71.39795918367346,-0.20510839616986942
0.5314503240520815,-70.95918367346938,-0.20510839616986942
0.5314503240520815,-70.5204081632653,-0.20510839616986942
0.5314503240520815,-70.08163265306122,-0.20510839616986942
0.5314503240520815,-69.64285714285714,-0.20510839616986942
0.5314503240520815,-69.20408163265306,-0.20510839616986942
0.5314503240520815,-68.76530612244898,-0.20510839616986942
0.5314503240520815,-68.3265306122449,-0.20510839616986942
0.5314503240520815,-67.88775510204081,-0.20510839616986942
0.5314503240520815,-67.44897959183673,-0.20510839616986942
0.5314503240520815,-67.01020408163265,-0.20510839616986942
19011718099138383e6,-66.57142857142857,-0.20510839616986942
19011718099138383e6,-66.13265306122449,-0.20510839616986942
19011718099138383e6,-65.6938775510204,-0.20510839616986942
19011718099138383e6,-65.25510204081633,-0.20510839616986942
19011718099138383e6,-64.81632653061224,-0.20510839616986942
19011718099138383e6,-64.37755102040816,-0.20510839616986942
19011718099138383e6,-63.93877551020408,-0.20510839616986942
19011718099138383e6,-63.5,-0.20510839616986942
0.5399813613163241,-85,-0.16936617862979197
0.5314503240520815,-84.56122448979592,-0.16936617862979197
0.5314503240520815,-84.12244897959184,-0.16936617862979197
0.5314503240520815,-83.68367346938776,-0.16936617862979197
0.5314503240520815,-83.24489795918367,-0.16936617862979197
0.5314503240520815,-82.8061224489796,-0.16936617862979197
0.5314503240520815,-82.36734693877551,-0.16936617862979197
0.5314503240520815,-81.92857142857143,-0.16936617862979197
0.5314503240520815,-81.48979591836735,-0.16936617862979197
0.5314503240520815,-81.05102040816327,-0.16936617862979197
0.5314503240520815,-80.61224489795919,-0.16936617862979197
0.5314503240520815,-80.1734693877551,-0.16936617862979197
0.5314503240520815,-79.73469387755102,-0.16936617862979197
0.5314503240520815,-79.29591836734694,-0.16936617862979197
0.5314503240520815,-78.85714285714286,-0.16936617862979197
0.5314503240520815,-78.41836734693878,-0.16936617862979197
0.5314503240520815,-77.9795918367347,-0.16936617862979197
0.5314503240520815,-77.54081632653062,-0.16936617862979197
0.5314503240520815,-77.10204081632654,-0.16936617862979197
0.5314503240520815,-76.66326530612245,-0.16936617862979197
0.5314503240520815,-76.22448979591837,-0.16936617862979197
0.5314503240520815,-75.78571428571429,-0.16936617862979197
0.5314503240520815,-75.34693877551021,-0.16936617862979197
0.5314503240520815,-74.90816326530611,-0.16936617862979197
0.5314503240520815,-74.46938775510205,-0.16936617862979197
0.5314503240520815,-74.03061224489795,-0.16936617862979197
0.5314503240520815,-73.59183673469389,-0.16936617862979197
0.5314503240520815,-73.15306122448979,-0.16936617862979197
0.5314503240520815,-72.71428571428572,-0.16936617862979197
0.5314503240520815,-72.27551020408163,-0.16936617862979197
0.5314503240520815,-71.83673469387755,-0.16936617862979197
0.5314503240520815,-71.39795918367346,-0.16936617862979197
0.5314503240520815,-70.95918367346938,-0.16936617862979197
0.5314503240520815,-70.5204081632653,-0.16936617862979197
0.5314503240520815,-70.08163265306122,-0.16936617862979197
0.5314503240520815,-69.64285714285714,-0.16936617862979197
0.5314503240520815,-69.20408163265306,-0.16936617862979197
0.5314503240520815,-68.76530612244898,-0.16936617862979197
0.5314503240520815,-68.3265306122449,-0.16936617862979197
0.5314503240520815,-67.88775510204081,-0.16936617862979197
0.5314503240520815,-67.44897959183673,-0.16936617862979197
0.5314503240520815,-67.01020408163265,-0.16936617862979197
19011718099138383e6,-66.57142857142857,-0.16936617862979197
19011718099138383e6,-66.13265306122449,-0.16936617862979197
19011718099138383e6,-65.6938775510204,-0.16936617862979197
19011718099138383e6,-65.25510204081633,-0.16936617862979197
19011718099138383e6,-64.81632653061224,-0.16936617862979197
19011718099138383e6,-64.37755102040816,-0.16936617862979197
19011718099138383e6,-63.93877551020408,-0.16936617862979197
19011718099138383e6,-63.5,-0.16936617862979197
0.5399813613163241,-85,-0.13362396108971453
0.5314503240520815,-84.56122448979592,-0.13362396108971453
0.5314503240520815,-84.12244897959184,-0.13362396108971453
0.5314503240520815,-83.68367346938776,-0.13362396108971453
0.5314503240520815,-83.24489795918367,-0.13362396108971453
0.5314503240520815,-82.8061224489796,-0.13362396108971453
0.5314503240520815,-82.36734693877551,-0.13362396108971453
0.5314503240520815,-81.92857142857143,-0.13362396108971453
0.5314503240520815,-81.48979591836735,-0.13362396108971453
0.5314503240520815,-81.05102040816327,-0.13362396108971453
0.5314503240520815,-80.61224489795919,-0.13362396108971453
0.5314503240520815,-80.1734693877551,-0.13362396108971453
0.5314503240520815,-79.73469387755102,-0.13362396108971453
0.5314503240520815,-79.29591836734694,-0.13362396108971453
0.5314503240520815,-78.85714285714286,-0.13362396108971453
0.5314503240520815,-78.41836734693878,-0.13362396108971453
0.5314503240520815,-77.9795918367347,-0.13362396108971453
0.5314503240520815,-77.54081632653062,-0.13362396108971453
0.5314503240520815,-77.10204081632654,-0.13362396108971453
0.5314503240520815,-76.66326530612245,-0.13362396108971453
0.5314503240520815,-76.22448979591837,-0.13362396108971453
0.5314503240520815,-75.78571428571429,-0.13362396108971453
0.5314503240520815,-75.34693877551021,-0.13362396108971453
0.5314503240520815,-74.90816326530611,-0.13362396108971453
0.5314503240520815,-74.46938775510205,-0.13362396108971453
0.5314503240520815,-74.03061224489795,-0.13362396108971453
0.5314503240520815,-73.59183673469389,-0.13362396108971453
0.5314503240520815,-73.15306122448979,-0.13362396108971453
0.5314503240520815,-72.71428571428572,-0.13362396108971453
0.5314503240520815,-72.27551020408163,-0.13362396108971453
0.5314503240520815,-71.83673469387755,-0.13362396108971453
0.5314503240520815,-71.39795918367346,-0.13362396108971453
0.5314503240520815,-70.95918367346938,-0.13362396108971453
0.5314503240520815,-70.5204081632653,-0.13362396108971453
0.5314503240520815,-70.08163265306122,-0.13362396108971453
0.5314503240520815,-69.64285714285714,-0.13362396108971453
0.5314503240520815,-69.20408163265306,-0.13362396108971453
0.5314503240520815,-68.76530612244898,-0.13362396108971453
0.5314503240520815,-68.3265306122449,-0.13362396108971453
0.5314503240520815,-67.88775510204081,-0.13362396108971453
0.5314503240520815,-67.44897959183673,-0.13362396108971453
0.5314503240520815,-67.01020408163265,-0.13362396108971453
19011718099138383e6,-66.57142857142857,-0.13362396108971453
19011718099138383e6,-66.13265306122449,-0.13362396108971453
19011718099138383e6,-65.6938775510204,-0.13362396108971453
19011718099138383e6,-65.25510204081633,-0.13362396108971453
19011718099138383e6,-64.81632653061224,-0.13362396108971453
19011718099138383e6,-64.37755102040816,-0.13362396108971453
19011718099138383e6,-63.93877551020408,-0.13362396108971453
19011718099138383e6,-63.5,-0.13362396108971453
0.5399813613163241,-85,-0.09788174354963708
0.5314503240520815,-84.56122448979592,-0.09788174354963708
0.5314503240520815,-84.12244897959184,-0.09788174354963708
0.5314503240520815,-83.68367346938776,-0.09788174354963708
0.5314503240520815,-83.24489795918367,-0.09788174354963708
0.5314503240520815,-82.8061224489796,-0.09788174354963708
0.5314503240520815,-82.36734693877551,-0.09788174354963708
0.5314503240520815,-81.92857142857143,-0.09788174354963708
0.5314503240520815,-81.48979591836735,-0.09788174354963708
0.5314503240520815,-81.05102040816327,-0.09788174354963708
0.5314503240520815,-80.61224489795919,-0.09788174354963708
0.5314503240520815,-80.1734693877551,-0.09788174354963708
0.5314503240520815,-79.73469387755102,-0.09788174354963708
0.5314503240520815,-79.29591836734694,-0.09788174354963708
0.5314503240520815,-78.85714285714286,-0.09788174354963708
0.5314503240520815,-78.41836734693878,-0.09788174354963708
0.5314503240520815,-77.9795918367347,-0.09788174354963708
0.5314503240520815,-77.54081632653062,-0.09788174354963708
0.5314503240520815,-77.10204081632654,-0.09788174354963708
0.5314503240520815,-76.66326530612245,-0.09788174354963708
0.5314503240520815,-76.22448979591837,-0.09788174354963708
0.5314503240520815,-75.78571428571429,-0.09788174354963708
0.5314503240520815,-75.34693877551021,-0.09788174354963708
0.5314503240520815,-74.90816326530611,-0.09788174354963708
0.5314503240520815,-74.46938775510205,-0.09788174354963708
0.5314503240520815,-74.03061224489795,-0.09788174354963708
0.5314503240520815,-73.59183673469389,-0.09788174354963708
0.5314503240520815,-73.15306122448979,-0.09788174354963708
0.5314503240520815,-72.71428571428572,-0.09788174354963708
0.5314503240520815,-72.27551020408163,-0.09788174354963708
0.5314503240520815,-71.83673469387755,-0.09788174354963708
0.5314503240520815,-71.39795918367346,-0.09788174354963708
0.5314503240520815,-70.95918367346938,-0.09788174354963708
0.5314503240520815,-70.5204081632653,-0.09788174354963708
0.5314503240520815,-70.08163265306122,-0.09788174354963708
0.5314503240520815,-69.64285714285714,-0.09788174354963708
0.5314503240520815,-69.20408163265306,-0.09788174354963708
0.5314503240520815,-68.76530612244898,-0.09788174354963708
0.5314503240520815,-68.3265306122449,-0.09788174354963708
0.5314503240520815,-67.88775510204081,-0.09788174354963708
0.5314503240520815,-67.44897959183673,-0.09788174354963708
0.5314503240520815,-67.01020408163265,-0.09788174354963708
19011718099138383e6,-66.57142857142857,-0.09788174354963708
19011718099138383e6,-66.13265306122449,-0.09788174354963708
19011718099138383e6,-65.6938775510204,-0.09788174354963708
19011718099138383e6,-65.25510204081633,-0.09788174354963708
19011718099138383e6,-64.81632653061224,-0.09788174354963708
19011718099138383e6,-64.37755102040816,-0.09788174354963708
19011718099138383e6,-63.93877551020408,-0.09788174354963708
19011718099138383e6,-63.5,-0.09788174354963708
0.5399813613163241,-85,-0.0621395260095596
0.5314503240520815,-84.56122448979592,-0.0621395260095596
0.5314503240520815,-84.12244897959184,-0.0621395260095596
0.5314503240520815,-83.68367346938776,-0.0621395260095596
0.5314503240520815,-83.24489795918367,-0.0621395260095596
0.5314503240520815,-82.8061224489796,-0.0621395260095596
0.5314503240520815,-82.36734693877551,-0.0621395260095596
0.5314503240520815,-81.92857142857143,-0.0621395260095596
0.5314503240520815,-81.48979591836735,-0.0621395260095596
0.5314503240520815,-81.05102040816327,-0.0621395260095596
0.5314503240520815,-80.61224489795919,-0.0621395260095596
0.5314503240520815,-80.1734693877551,-0.0621395260095596
0.5314503240520815,-79.73469387755102,-0.0621395260095596
0.5314503240520815,-79.29591836734694,-0.0621395260095596
0.5314503240520815,-78.85714285714286,-0.0621395260095596
0.5314503240520815,-78.41836734693878,-0.0621395260095596
0.5314503240520815,-77.9795918367347,-0.0621395260095596
0.5314503240520815,-77.54081632653062,-0.0621395260095596
0.5314503240520815,-77.10204081632654,-0.0621395260095596
0.5314503240520815,-76.66326530612245,-0.0621395260095596
0.5314503240520815,-76.22448979591837,-0.0621395260095596
0.5314503240520815,-75.78571428571429,-0.0621395260095596
0.5314503240520815,-75.34693877551021,-0.0621395260095596
0.5314503240520815,-74.90816326530611,-0.0621395260095596
0.5314503240520815,-74.46938775510205,-0.0621395260095596
0.5314503240520815,-74.03061224489795,-0.0621395260095596
0.5314503240520815,-73.59183673469389,-0.0621395260095596
0.5314503240520815,-73.15306122448979,-0.0621395260095596
0.5314503240520815,-72.71428571428572,-0.0621395260095596
0.5314503240520815,-72.27551020408163,-0.0621395260095596
0.5314503240520815,-71.83673469387755,-0.0621395260095596
0.5314503240520815,-71.39795918367346,-0.0621395260095596
0.5314503240520815,-70.95918367346938,-0.0621395260095596
0.5314503240520815,-70.5204081632653,-0.0621395260095596
0.5314503240520815,-70.08163265306122,-0.0621395260095596
0.5314503240520815,-69.64285714285714,-0.0621395260095596
0.5314503240520815,-69.20408163265306,-0.0621395260095596
0.5314503240520815,-68.76530612244898,-0.0621395260095596
0.5314503240520815,-68.3265306122449,-0.0621395260095596
0.5314503240520815,-67.88775510204081,-0.0621395260095596
0.5314503240520815,-67.44897959183673,-0.0621395260095596
0.5314503240520815,-67.01020408163265,-0.0621395260095596
19011718099138383e6,-66.57142857142857,-0.0621395260095596
19011718099138383e6,-66.13265306122449,-0.0621395260095596
19011718099138383e6,-65.6938775510204,-0.0621395260095596
19011718099138383e6,-65.25510204081633,-0.0621395260095596
19011718099138383e6,-64.81632653061224,-0.0621395260095596
19011718099138383e6,-64.37755102040816,-0.0621395260095596
19011718099138383e6,-63.93877551020408,-0.0621395260095596
19011718099138383e6,-63.5,-0.0621395260095596
