Q,max_south_extent,max_IWV_ais
13.324967073915564,-85,3.6118316650390634
13.324967073915564,-84.58163265306122,3.6118316650390634
13.324967073915564,-84.16326530612245,3.6118316650390634
13.324967073915564,-83.74489795918367,3.6118316650390634
13.324967073915564,-83.3265306122449,3.6118316650390634
13.324967073915564,-82.90816326530613,3.6118316650390634
13.324967073915564,-82.48979591836735,3.6118316650390634
13.324967073915564,-82.07142857142857,3.6118316650390634
13.324967073915564,-81.65306122448979,3.6118316650390634
13.324967073915564,-81.23469387755102,3.6118316650390634
13.324967073915564,-80.81632653061224,3.6118316650390634
13.324967073915564,-80.39795918367346,3.6118316650390634
13.324967073915564,-79.9795918367347,3.6118316650390634
13.324967073915564,-79.56122448979592,3.6118316650390634
13.324967073915564,-79.14285714285714,3.6118316650390634
13.324967073915564,-78.72448979591837,3.6118316650390634
13.324967073915564,-78.3061224489796,3.6118316650390634
13.324968535272399,-77.88775510204081,3.6118316650390634
13.324968535272399,-77.46938775510205,3.6118316650390634
13.324968535272399,-77.05102040816327,3.6118316650390634
13.324968535272399,-76.63265306122449,3.6118316650390634
13.324968535272399,-76.21428571428571,3.6118316650390634
13.324968535272399,-75.79591836734694,3.6118316650390634
13.324968535272399,-75.37755102040816,3.6118316650390634
13.324968535272399,-74.95918367346938,3.6118316650390634
13.324968535272399,-74.54081632653062,3.6118316650390634
13.324968535272399,-74.12244897959184,3.6118316650390634
13.09398319084072,-73.70408163265306,3.6118316650390634
13.09398319084072,-73.28571428571428,3.6118316650390634
13.09398319084072,-72.86734693877551,3.6118316650390634
13.093982608714722,-72.44897959183673,3.6118316650390634
13.093982608714722,-72.03061224489795,3.6118316650390634
13.093982608714722,-71.61224489795919,3.6118316650390634
13.093982608714722,-71.1938775510204,3.6118316650390634
13.093982608714722,-70.77551020408163,3.6118316650390634
13.093982608714722,-70.35714285714286,3.6118316650390634
13.093982608714722,-69.93877551020408,3.6118316650390634
13.093982608714722,-69.5204081632653,3.6118316650390634
13.093982608714722,-69.10204081632654,3.6118316650390634
12.458635158764968,-68.68367346938776,3.6118316650390634
12.458635158764968,-68.26530612244898,3.6118316650390634
12.458635158764968,-67.84693877551021,3.6118316650390634
12.458635158764968,-67.42857142857143,3.6118316650390634
12.458635158764968,-67.01020408163265,3.6118316650390634
12.458635158764968,-66.59183673469389,3.6118316650390634
12.458635158764968,-66.1734693877551,3.6118316650390634
12.458635158764968,-65.75510204081633,3.6118316650390634
12.458635158764968,-65.33673469387755,3.6118316650390634
12.458635158764968,-64.91836734693877,3.6118316650390634
12.458635158764968,-64.5,3.6118316650390634
13.324967073915564,-85,4.009729307525013
13.324967073915564,-84.58163265306122,4.009729307525013
13.324967073915564,-84.16326530612245,4.009729307525013
13.324967073915564,-83.74489795918367,4.009729307525013
13.324967073915564,-83.3265306122449,4.009729307525013
13.324967073915564,-82.90816326530613,4.009729307525013
13.324967073915564,-82.48979591836735,4.009729307525013
13.324967073915564,-82.07142857142857,4.009729307525013
13.324967073915564,-81.65306122448979,4.009729307525013
13.324967073915564,-81.23469387755102,4.009729307525013
13.324967073915564,-80.81632653061224,4.009729307525013
13.324967073915564,-80.39795918367346,4.009729307525013
13.324967073915564,-79.9795918367347,4.009729307525013
13.324967073915564,-79.56122448979592,4.009729307525013
13.324967073915564,-79.14285714285714,4.009729307525013
13.324967073915564,-78.72448979591837,4.009729307525013
13.324967073915564,-78.3061224489796,4.009729307525013
13.324968535272399,-77.88775510204081,4.009729307525013
13.324968535272399,-77.46938775510205,4.009729307525013
13.324968535272399,-77.05102040816327,4.009729307525013
13.324968535272399,-76.63265306122449,4.009729307525013
13.324968535272399,-76.21428571428571,4.009729307525013
13.324968535272399,-75.79591836734694,4.009729307525013
13.324968535272399,-75.37755102040816,4.009729307525013
13.324968535272399,-74.95918367346938,4.009729307525013
13.324968535272399,-74.54081632653062,4.009729307525013
13.324968535272399,-74.12244897959184,4.009729307525013
13.09398319084072,-73.70408163265306,4.009729307525013
13.09398319084072,-73.28571428571428,4.009729307525013
13.09398319084072,-72.86734693877551,4.009729307525013
13.093982608714722,-72.44897959183673,4.009729307525013
13.093982608714722,-72.03061224489795,4.009729307525013
13.093982608714722,-71.61224489795919,4.009729307525013
13.093982608714722,-71.1938775510204,4.009729307525013
13.093982608714722,-70.77551020408163,4.009729307525013
13.093982608714722,-70.35714285714286,4.009729307525013
13.093982608714722,-69.93877551020408,4.009729307525013
13.093982608714722,-69.5204081632653,4.009729307525013
13.093982608714722,-69.10204081632654,4.009729307525013
12.458635158764968,-68.68367346938776,4.009729307525013
12.458635158764968,-68.26530612244898,4.009729307525013
12.458635158764968,-67.84693877551021,4.009729307525013
12.458635158764968,-67.42857142857143,4.009729307525013
12.458635158764968,-67.01020408163265,4.009729307525013
12.458635158764968,-66.59183673469389,4.009729307525013
12.458635158764968,-66.1734693877551,4.009729307525013
12.458635158764968,-65.75510204081633,4.009729307525013
12.458635158764968,-65.33673469387755,4.009729307525013
12.458635158764968,-64.91836734693877,4.009729307525013
12.458635158764968,-64.5,4.009729307525013
12.102473237223037,-85,4.407626950010962
12.102473237223037,-84.58163265306122,4.407626950010962
12.102473237223037,-84.16326530612245,4.407626950010962
12.102473237223037,-83.74489795918367,4.407626950010962
12.102473237223037,-83.3265306122449,4.407626950010962
12.102473237223037,-82.90816326530613,4.407626950010962
12.102473237223037,-82.48979591836735,4.407626950010962
12.102473237223037,-82.07142857142857,4.407626950010962
12.102473237223037,-81.65306122448979,4.407626950010962
12.102473237223037,-81.23469387755102,4.407626950010962
12.102473237223037,-80.81632653061224,4.407626950010962
12.102473237223037,-80.39795918367346,4.407626950010962
12.102473237223037,-79.9795918367347,4.407626950010962
12.102473237223037,-79.56122448979592,4.407626950010962
12.102473237223037,-79.14285714285714,4.407626950010962
12.102473237223037,-78.72448979591837,4.407626950010962
12.102473237223037,-78.3061224489796,4.407626950010962
12.10247455653953,-77.88775510204081,4.407626950010962
12.10247455653953,-77.46938775510205,4.407626950010962
12.10247455653953,-77.05102040816327,4.407626950010962
12.10247455653953,-76.63265306122449,4.407626950010962
12.10247455653953,-76.21428571428571,4.407626950010962
12.10247455653953,-75.79591836734694,4.407626950010962
12.10247455653953,-75.37755102040816,4.407626950010962
12.10247455653953,-74.95918367346938,4.407626950010962
12.10247455653953,-74.54081632653062,4.407626950010962
12.10247455653953,-74.12244897959184,4.407626950010962
11.892661687633987,-73.70408163265306,4.407626950010962
11.892661687633987,-73.28571428571428,4.407626950010962
11.892661687633987,-72.86734693877551,4.407626950010962
11.892661161454168,-72.44897959183673,4.407626950010962
11.892661161454168,-72.03061224489795,4.407626950010962
11.892661161454168,-71.61224489795919,4.407626950010962
11.892661161454168,-71.1938775510204,4.407626950010962
11.892661161454168,-70.77551020408163,4.407626950010962
11.892661161454168,-70.35714285714286,4.407626950010962
11.892661161454168,-69.93877551020408,4.407626950010962
11.892661161454168,-69.5204081632653,4.407626950010962
11.892661161454168,-69.10204081632654,4.407626950010962
11.319471682363687,-68.68367346938776,4.407626950010962
11.319471682363687,-68.26530612244898,4.407626950010962
11.319471682363687,-67.84693877551021,4.407626950010962
11.319471682363687,-67.42857142857143,4.407626950010962
11.319471682363687,-67.01020408163265,4.407626950010962
11.319471682363687,-66.59183673469389,4.407626950010962
11.319471682363687,-66.1734693877551,4.407626950010962
11.319471682363687,-65.75510204081633,4.407626950010962
11.319471682363687,-65.33673469387755,4.407626950010962
11.319471682363687,-64.91836734693877,4.407626950010962
11.319471682363687,-64.5,4.407626950010962
12.102473237223037,-85,4.805524592496912
12.102473237223037,-84.58163265306122,4.805524592496912
12.102473237223037,-84.16326530612245,4.805524592496912
12.102473237223037,-83.74489795918367,4.805524592496912
12.102473237223037,-83.3265306122449,4.805524592496912
12.102473237223037,-82.90816326530613,4.805524592496912
12.102473237223037,-82.48979591836735,4.805524592496912
12.102473237223037,-82.07142857142857,4.805524592496912
12.102473237223037,-81.65306122448979,4.805524592496912
12.102473237223037,-81.23469387755102,4.805524592496912
12.102473237223037,-80.81632653061224,4.805524592496912
12.102473237223037,-80.39795918367346,4.805524592496912
12.102473237223037,-79.9795918367347,4.805524592496912
12.102473237223037,-79.56122448979592,4.805524592496912
12.102473237223037,-79.14285714285714,4.805524592496912
12.102473237223037,-78.72448979591837,4.805524592496912
12.102473237223037,-78.3061224489796,4.805524592496912
12.10247455653953,-77.88775510204081,4.805524592496912
12.10247455653953,-77.46938775510205,4.805524592496912
12.10247455653953,-77.05102040816327,4.805524592496912
12.10247455653953,-76.63265306122449,4.805524592496912
12.10247455653953,-76.21428571428571,4.805524592496912
12.10247455653953,-75.79591836734694,4.805524592496912
12.10247455653953,-75.37755102040816,4.805524592496912
12.10247455653953,-74.95918367346938,4.805524592496912
12.10247455653953,-74.54081632653062,4.805524592496912
12.10247455653953,-74.12244897959184,4.805524592496912
11.892661687633987,-73.70408163265306,4.805524592496912
11.892661687633987,-73.28571428571428,4.805524592496912
11.892661687633987,-72.86734693877551,4.805524592496912
11.892661161454168,-72.44897959183673,4.805524592496912
11.892661161454168,-72.03061224489795,4.805524592496912
11.892661161454168,-71.61224489795919,4.805524592496912
11.892661161454168,-71.1938775510204,4.805524592496912
11.892661161454168,-70.77551020408163,4.805524592496912
11.892661161454168,-70.35714285714286,4.805524592496912
11.892661161454168,-69.93877551020408,4.805524592496912
11.892661161454168,-69.5204081632653,4.805524592496912
11.892661161454168,-69.10204081632654,4.805524592496912
11.319471682363687,-68.68367346938776,4.805524592496912
11.319471682363687,-68.26530612244898,4.805524592496912
11.319471682363687,-67.84693877551021,4.805524592496912
11.319471682363687,-67.42857142857143,4.805524592496912
11.319471682363687,-67.01020408163265,4.805524592496912
11.319471682363687,-66.59183673469389,4.805524592496912
11.319471682363687,-66.1734693877551,4.805524592496912
11.319471682363687,-65.75510204081633,4.805524592496912
11.319471682363687,-65.33673469387755,4.805524592496912
11.319471682363687,-64.91836734693877,4.805524592496912
11.319471682363687,-64.5,4.805524592496912
12.102473237223037,-85,5.203422234982861
12.102473237223037,-84.58163265306122,5.203422234982861
12.102473237223037,-84.16326530612245,5.203422234982861
12.102473237223037,-83.74489795918367,5.203422234982861
12.102473237223037,-83.3265306122449,5.203422234982861
12.102473237223037,-82.90816326530613,5.203422234982861
12.102473237223037,-82.48979591836735,5.203422234982861
12.102473237223037,-82.07142857142857,5.203422234982861
12.102473237223037,-81.65306122448979,5.203422234982861
12.102473237223037,-81.23469387755102,5.203422234982861
12.102473237223037,-80.81632653061224,5.203422234982861
12.102473237223037,-80.39795918367346,5.203422234982861
12.102473237223037,-79.9795918367347,5.203422234982861
12.102473237223037,-79.56122448979592,5.203422234982861
12.102473237223037,-79.14285714285714,5.203422234982861
12.102473237223037,-78.72448979591837,5.203422234982861
12.102473237223037,-78.3061224489796,5.203422234982861
12.10247455653953,-77.88775510204081,5.203422234982861
12.10247455653953,-77.46938775510205,5.203422234982861
12.10247455653953,-77.05102040816327,5.203422234982861
12.10247455653953,-76.63265306122449,5.203422234982861
12.10247455653953,-76.21428571428571,5.203422234982861
12.10247455653953,-75.79591836734694,5.203422234982861
12.10247455653953,-75.37755102040816,5.203422234982861
12.10247455653953,-74.95918367346938,5.203422234982861
12.10247455653953,-74.54081632653062,5.203422234982861
12.10247455653953,-74.12244897959184,5.203422234982861
11.892661687633987,-73.70408163265306,5.203422234982861
11.892661687633987,-73.28571428571428,5.203422234982861
11.892661687633987,-72.86734693877551,5.203422234982861
11.892661161454168,-72.44897959183673,5.203422234982861
11.892661161454168,-72.03061224489795,5.203422234982861
11.892661161454168,-71.61224489795919,5.203422234982861
11.892661161454168,-71.1938775510204,5.203422234982861
11.892661161454168,-70.77551020408163,5.203422234982861
11.892661161454168,-70.35714285714286,5.203422234982861
11.892661161454168,-69.93877551020408,5.203422234982861
11.892661161454168,-69.5204081632653,5.203422234982861
11.892661161454168,-69.10204081632654,5.203422234982861
11.319471682363687,-68.68367346938776,5.203422234982861
11.319471682363687,-68.26530612244898,5.203422234982861
11.319471682363687,-67.84693877551021,5.203422234982861
11.319471682363687,-67.42857142857143,5.203422234982861
11.319471682363687,-67.01020408163265,5.203422234982861
11.319471682363687,-66.59183673469389,5.203422234982861
11.319471682363687,-66.1734693877551,5.203422234982861
11.319471682363687,-65.75510204081633,5.203422234982861
11.319471682363687,-65.33673469387755,5.203422234982861
11.319471682363687,-64.91836734693877,5.203422234982861
11.319471682363687,-64.5,5.203422234982861
12.102473237223037,-85,5.601319877468811
12.102473237223037,-84.58163265306122,5.601319877468811
12.102473237223037,-84.16326530612245,5.601319877468811
12.102473237223037,-83.74489795918367,5.601319877468811
12.102473237223037,-83.3265306122449,5.601319877468811
12.102473237223037,-82.90816326530613,5.601319877468811
12.102473237223037,-82.48979591836735,5.601319877468811
12.102473237223037,-82.07142857142857,5.601319877468811
12.102473237223037,-81.65306122448979,5.601319877468811
12.102473237223037,-81.23469387755102,5.601319877468811
12.102473237223037,-80.81632653061224,5.601319877468811
12.102473237223037,-80.39795918367346,5.601319877468811
12.102473237223037,-79.9795918367347,5.601319877468811
12.102473237223037,-79.56122448979592,5.601319877468811
12.102473237223037,-79.14285714285714,5.601319877468811
12.102473237223037,-78.72448979591837,5.601319877468811
12.102473237223037,-78.3061224489796,5.601319877468811
12.10247455653953,-77.88775510204081,5.601319877468811
12.10247455653953,-77.46938775510205,5.601319877468811
12.10247455653953,-77.05102040816327,5.601319877468811
12.10247455653953,-76.63265306122449,5.601319877468811
12.10247455653953,-76.21428571428571,5.601319877468811
12.10247455653953,-75.79591836734694,5.601319877468811
12.10247455653953,-75.37755102040816,5.601319877468811
12.10247455653953,-74.95918367346938,5.601319877468811
12.10247455653953,-74.54081632653062,5.601319877468811
12.10247455653953,-74.12244897959184,5.601319877468811
11.892661687633987,-73.70408163265306,5.601319877468811
11.892661687633987,-73.28571428571428,5.601319877468811
11.892661687633987,-72.86734693877551,5.601319877468811
11.892661161454168,-72.44897959183673,5.601319877468811
11.892661161454168,-72.03061224489795,5.601319877468811
11.892661161454168,-71.61224489795919,5.601319877468811
11.892661161454168,-71.1938775510204,5.601319877468811
11.892661161454168,-70.77551020408163,5.601319877468811
11.892661161454168,-70.35714285714286,5.601319877468811
11.892661161454168,-69.93877551020408,5.601319877468811
11.892661161454168,-69.5204081632653,5.601319877468811
11.892661161454168,-69.10204081632654,5.601319877468811
11.319471682363687,-68.68367346938776,5.601319877468811
11.319471682363687,-68.26530612244898,5.601319877468811
11.319471682363687,-67.84693877551021,5.601319877468811
11.319471682363687,-67.42857142857143,5.601319877468811
11.319471682363687,-67.01020408163265,5.601319877468811
11.319471682363687,-66.59183673469389,5.601319877468811
11.319471682363687,-66.1734693877551,5.601319877468811
11.319471682363687,-65.75510204081633,5.601319877468811
11.319471682363687,-65.33673469387755,5.601319877468811
11.319471682363687,-64.91836734693877,5.601319877468811
11.319471682363687,-64.5,5.601319877468811
12.102473237223037,-85,5.99921751995476
12.102473237223037,-84.58163265306122,5.99921751995476
12.102473237223037,-84.16326530612245,5.99921751995476
12.102473237223037,-83.74489795918367,5.99921751995476
12.102473237223037,-83.3265306122449,5.99921751995476
12.102473237223037,-82.90816326530613,5.99921751995476
12.102473237223037,-82.48979591836735,5.99921751995476
12.102473237223037,-82.07142857142857,5.99921751995476
12.102473237223037,-81.65306122448979,5.99921751995476
12.102473237223037,-81.23469387755102,5.99921751995476
12.102473237223037,-80.81632653061224,5.99921751995476
12.102473237223037,-80.39795918367346,5.99921751995476
12.102473237223037,-79.9795918367347,5.99921751995476
12.102473237223037,-79.56122448979592,5.99921751995476
12.102473237223037,-79.14285714285714,5.99921751995476
12.102473237223037,-78.72448979591837,5.99921751995476
12.102473237223037,-78.3061224489796,5.99921751995476
12.10247455653953,-77.88775510204081,5.99921751995476
12.10247455653953,-77.46938775510205,5.99921751995476
12.10247455653953,-77.05102040816327,5.99921751995476
12.10247455653953,-76.63265306122449,5.99921751995476
12.10247455653953,-76.21428571428571,5.99921751995476
12.10247455653953,-75.79591836734694,5.99921751995476
12.10247455653953,-75.37755102040816,5.99921751995476
12.10247455653953,-74.95918367346938,5.99921751995476
12.10247455653953,-74.54081632653062,5.99921751995476
12.10247455653953,-74.12244897959184,5.99921751995476
11.892661687633987,-73.70408163265306,5.99921751995476
11.892661687633987,-73.28571428571428,5.99921751995476
11.892661687633987,-72.86734693877551,5.99921751995476
11.892661161454168,-72.44897959183673,5.99921751995476
11.892661161454168,-72.03061224489795,5.99921751995476
11.892661161454168,-71.61224489795919,5.99921751995476
11.892661161454168,-71.1938775510204,5.99921751995476
11.892661161454168,-70.77551020408163,5.99921751995476
11.892661161454168,-70.35714285714286,5.99921751995476
11.892661161454168,-69.93877551020408,5.99921751995476
11.892661161454168,-69.5204081632653,5.99921751995476
11.892661161454168,-69.10204081632654,5.99921751995476
11.319471682363687,-68.68367346938776,5.99921751995476
11.319471682363687,-68.26530612244898,5.99921751995476
11.319471682363687,-67.84693877551021,5.99921751995476
11.319471682363687,-67.42857142857143,5.99921751995476
11.319471682363687,-67.01020408163265,5.99921751995476
11.319471682363687,-66.59183673469389,5.99921751995476
11.319471682363687,-66.1734693877551,5.99921751995476
11.319471682363687,-65.75510204081633,5.99921751995476
11.319471682363687,-65.33673469387755,5.99921751995476
11.319471682363687,-64.91836734693877,5.99921751995476
11.319471682363687,-64.5,5.99921751995476
12.102473237223037,-85,6.397115162440709
12.102473237223037,-84.58163265306122,6.397115162440709
12.102473237223037,-84.16326530612245,6.397115162440709
12.102473237223037,-83.74489795918367,6.397115162440709
12.102473237223037,-83.3265306122449,6.397115162440709
12.102473237223037,-82.90816326530613,6.397115162440709
12.102473237223037,-82.48979591836735,6.397115162440709
12.102473237223037,-82.07142857142857,6.397115162440709
12.102473237223037,-81.65306122448979,6.397115162440709
12.102473237223037,-81.23469387755102,6.397115162440709
12.102473237223037,-80.81632653061224,6.397115162440709
12.102473237223037,-80.39795918367346,6.397115162440709
12.102473237223037,-79.9795918367347,6.397115162440709
12.102473237223037,-79.56122448979592,6.397115162440709
12.102473237223037,-79.14285714285714,6.397115162440709
12.102473237223037,-78.72448979591837,6.397115162440709
12.102473237223037,-78.3061224489796,6.397115162440709
12.10247455653953,-77.88775510204081,6.397115162440709
12.10247455653953,-77.46938775510205,6.397115162440709
12.10247455653953,-77.05102040816327,6.397115162440709
12.10247455653953,-76.63265306122449,6.397115162440709
12.10247455653953,-76.21428571428571,6.397115162440709
12.10247455653953,-75.79591836734694,6.397115162440709
12.10247455653953,-75.37755102040816,6.397115162440709
12.10247455653953,-74.95918367346938,6.397115162440709
12.10247455653953,-74.54081632653062,6.397115162440709
12.10247455653953,-74.12244897959184,6.397115162440709
11.892661687633987,-73.70408163265306,6.397115162440709
11.892661687633987,-73.28571428571428,6.397115162440709
11.892661687633987,-72.86734693877551,6.397115162440709
11.892661161454168,-72.44897959183673,6.397115162440709
11.892661161454168,-72.03061224489795,6.397115162440709
11.892661161454168,-71.61224489795919,6.397115162440709
11.892661161454168,-71.1938775510204,6.397115162440709
11.892661161454168,-70.77551020408163,6.397115162440709
11.892661161454168,-70.35714285714286,6.397115162440709
11.892661161454168,-69.93877551020408,6.397115162440709
11.892661161454168,-69.5204081632653,6.397115162440709
11.892661161454168,-69.10204081632654,6.397115162440709
11.319471682363687,-68.68367346938776,6.397115162440709
11.319471682363687,-68.26530612244898,6.397115162440709
11.319471682363687,-67.84693877551021,6.397115162440709
11.319471682363687,-67.42857142857143,6.397115162440709
11.319471682363687,-67.01020408163265,6.397115162440709
11.319471682363687,-66.59183673469389,6.397115162440709
11.319471682363687,-66.1734693877551,6.397115162440709
11.319471682363687,-65.75510204081633,6.397115162440709
11.319471682363687,-65.33673469387755,6.397115162440709
11.319471682363687,-64.91836734693877,6.397115162440709
11.319471682363687,-64.5,6.397115162440709
12.102473237223037,-85,6.7950128049266585
12.102473237223037,-84.58163265306122,6.7950128049266585
12.102473237223037,-84.16326530612245,6.7950128049266585
12.102473237223037,-83.74489795918367,6.7950128049266585
12.102473237223037,-83.3265306122449,6.7950128049266585
12.102473237223037,-82.90816326530613,6.7950128049266585
12.102473237223037,-82.48979591836735,6.7950128049266585
12.102473237223037,-82.07142857142857,6.7950128049266585
12.102473237223037,-81.65306122448979,6.7950128049266585
12.102473237223037,-81.23469387755102,6.7950128049266585
12.102473237223037,-80.81632653061224,6.7950128049266585
12.102473237223037,-80.39795918367346,6.7950128049266585
12.102473237223037,-79.9795918367347,6.7950128049266585
12.102473237223037,-79.56122448979592,6.7950128049266585
12.102473237223037,-79.14285714285714,6.7950128049266585
12.102473237223037,-78.72448979591837,6.7950128049266585
12.102473237223037,-78.3061224489796,6.7950128049266585
12.10247455653953,-77.88775510204081,6.7950128049266585
12.10247455653953,-77.46938775510205,6.7950128049266585
12.10247455653953,-77.05102040816327,6.7950128049266585
12.10247455653953,-76.63265306122449,6.7950128049266585
12.10247455653953,-76.21428571428571,6.7950128049266585
12.10247455653953,-75.79591836734694,6.7950128049266585
12.10247455653953,-75.37755102040816,6.7950128049266585
12.10247455653953,-74.95918367346938,6.7950128049266585
12.10247455653953,-74.54081632653062,6.7950128049266585
12.10247455653953,-74.12244897959184,6.7950128049266585
11.892661687633987,-73.70408163265306,6.7950128049266585
11.892661687633987,-73.28571428571428,6.7950128049266585
11.892661687633987,-72.86734693877551,6.7950128049266585
11.892661161454168,-72.44897959183673,6.7950128049266585
11.892661161454168,-72.03061224489795,6.7950128049266585
11.892661161454168,-71.61224489795919,6.7950128049266585
11.892661161454168,-71.1938775510204,6.7950128049266585
11.892661161454168,-70.77551020408163,6.7950128049266585
11.892661161454168,-70.35714285714286,6.7950128049266585
11.892661161454168,-69.93877551020408,6.7950128049266585
11.892661161454168,-69.5204081632653,6.7950128049266585
11.892661161454168,-69.10204081632654,6.7950128049266585
11.319471682363687,-68.68367346938776,6.7950128049266585
11.319471682363687,-68.26530612244898,6.7950128049266585
11.319471682363687,-67.84693877551021,6.7950128049266585
11.319471682363687,-67.42857142857143,6.7950128049266585
11.319471682363687,-67.01020408163265,6.7950128049266585
11.319471682363687,-66.59183673469389,6.7950128049266585
11.319471682363687,-66.1734693877551,6.7950128049266585
11.319471682363687,-65.75510204081633,6.7950128049266585
11.319471682363687,-65.33673469387755,6.7950128049266585
11.319471682363687,-64.91836734693877,6.7950128049266585
11.319471682363687,-64.5,6.7950128049266585
12.102473237223037,-85,7.192910447412608
12.102473237223037,-84.58163265306122,7.192910447412608
12.102473237223037,-84.16326530612245,7.192910447412608
12.102473237223037,-83.74489795918367,7.192910447412608
12.102473237223037,-83.3265306122449,7.192910447412608
12.102473237223037,-82.90816326530613,7.192910447412608
12.102473237223037,-82.48979591836735,7.192910447412608
12.102473237223037,-82.07142857142857,7.192910447412608
12.102473237223037,-81.65306122448979,7.192910447412608
12.102473237223037,-81.23469387755102,7.192910447412608
12.102473237223037,-80.81632653061224,7.192910447412608
12.102473237223037,-80.39795918367346,7.192910447412608
12.102473237223037,-79.9795918367347,7.192910447412608
12.102473237223037,-79.56122448979592,7.192910447412608
12.102473237223037,-79.14285714285714,7.192910447412608
12.102473237223037,-78.72448979591837,7.192910447412608
12.102473237223037,-78.3061224489796,7.192910447412608
12.10247455653953,-77.88775510204081,7.192910447412608
12.10247455653953,-77.46938775510205,7.192910447412608
12.10247455653953,-77.05102040816327,7.192910447412608
12.10247455653953,-76.63265306122449,7.192910447412608
12.10247455653953,-76.21428571428571,7.192910447412608
12.10247455653953,-75.79591836734694,7.192910447412608
12.10247455653953,-75.37755102040816,7.192910447412608
12.10247455653953,-74.95918367346938,7.192910447412608
12.10247455653953,-74.54081632653062,7.192910447412608
12.10247455653953,-74.12244897959184,7.192910447412608
11.892661687633987,-73.70408163265306,7.192910447412608
11.892661687633987,-73.28571428571428,7.192910447412608
11.892661687633987,-72.86734693877551,7.192910447412608
11.892661161454168,-72.44897959183673,7.192910447412608
11.892661161454168,-72.03061224489795,7.192910447412608
11.892661161454168,-71.61224489795919,7.192910447412608
11.892661161454168,-71.1938775510204,7.192910447412608
11.892661161454168,-70.77551020408163,7.192910447412608
11.892661161454168,-70.35714285714286,7.192910447412608
11.892661161454168,-69.93877551020408,7.192910447412608
11.892661161454168,-69.5204081632653,7.192910447412608
11.892661161454168,-69.10204081632654,7.192910447412608
11.319471682363687,-68.68367346938776,7.192910447412608
11.319471682363687,-68.26530612244898,7.192910447412608
11.319471682363687,-67.84693877551021,7.192910447412608
11.319471682363687,-67.42857142857143,7.192910447412608
11.319471682363687,-67.01020408163265,7.192910447412608
11.319471682363687,-66.59183673469389,7.192910447412608
11.319471682363687,-66.1734693877551,7.192910447412608
11.319471682363687,-65.75510204081633,7.192910447412608
11.319471682363687,-65.33673469387755,7.192910447412608
11.319471682363687,-64.91836734693877,7.192910447412608
11.319471682363687,-64.5,7.192910447412608
12.102473237223037,-85,7.590808089898557
12.102473237223037,-84.58163265306122,7.590808089898557
12.102473237223037,-84.16326530612245,7.590808089898557
12.102473237223037,-83.74489795918367,7.590808089898557
12.102473237223037,-83.3265306122449,7.590808089898557
12.102473237223037,-82.90816326530613,7.590808089898557
12.102473237223037,-82.48979591836735,7.590808089898557
12.102473237223037,-82.07142857142857,7.590808089898557
12.102473237223037,-81.65306122448979,7.590808089898557
12.102473237223037,-81.23469387755102,7.590808089898557
12.102473237223037,-80.81632653061224,7.590808089898557
12.102473237223037,-80.39795918367346,7.590808089898557
12.102473237223037,-79.9795918367347,7.590808089898557
12.102473237223037,-79.56122448979592,7.590808089898557
12.102473237223037,-79.14285714285714,7.590808089898557
12.102473237223037,-78.72448979591837,7.590808089898557
12.102473237223037,-78.3061224489796,7.590808089898557
12.10247455653953,-77.88775510204081,7.590808089898557
12.10247455653953,-77.46938775510205,7.590808089898557
12.10247455653953,-77.05102040816327,7.590808089898557
12.10247455653953,-76.63265306122449,7.590808089898557
12.10247455653953,-76.21428571428571,7.590808089898557
12.10247455653953,-75.79591836734694,7.590808089898557
12.10247455653953,-75.37755102040816,7.590808089898557
12.10247455653953,-74.95918367346938,7.590808089898557
12.10247455653953,-74.54081632653062,7.590808089898557
12.10247455653953,-74.12244897959184,7.590808089898557
11.892661687633987,-73.70408163265306,7.590808089898557
11.892661687633987,-73.28571428571428,7.590808089898557
11.892661687633987,-72.86734693877551,7.590808089898557
11.892661161454168,-72.44897959183673,7.590808089898557
11.892661161454168,-72.03061224489795,7.590808089898557
11.892661161454168,-71.61224489795919,7.590808089898557
11.892661161454168,-71.1938775510204,7.590808089898557
11.892661161454168,-70.77551020408163,7.590808089898557
11.892661161454168,-70.35714285714286,7.590808089898557
11.892661161454168,-69.93877551020408,7.590808089898557
11.892661161454168,-69.5204081632653,7.590808089898557
11.892661161454168,-69.10204081632654,7.590808089898557
11.319471682363687,-68.68367346938776,7.590808089898557
11.319471682363687,-68.26530612244898,7.590808089898557
11.319471682363687,-67.84693877551021,7.590808089898557
11.319471682363687,-67.42857142857143,7.590808089898557
11.319471682363687,-67.01020408163265,7.590808089898557
11.319471682363687,-66.59183673469389,7.590808089898557
11.319471682363687,-66.1734693877551,7.590808089898557
11.319471682363687,-65.75510204081633,7.590808089898557
11.319471682363687,-65.33673469387755,7.590808089898557
11.319471682363687,-64.91836734693877,7.590808089898557
11.319471682363687,-64.5,7.590808089898557
12.102473237223037,-85,7.988705732384506
12.102473237223037,-84.58163265306122,7.988705732384506
12.102473237223037,-84.16326530612245,7.988705732384506
12.102473237223037,-83.74489795918367,7.988705732384506
12.102473237223037,-83.3265306122449,7.988705732384506
12.102473237223037,-82.90816326530613,7.988705732384506
12.102473237223037,-82.48979591836735,7.988705732384506
12.102473237223037,-82.07142857142857,7.988705732384506
12.102473237223037,-81.65306122448979,7.988705732384506
12.102473237223037,-81.23469387755102,7.988705732384506
12.102473237223037,-80.81632653061224,7.988705732384506
12.102473237223037,-80.39795918367346,7.988705732384506
12.102473237223037,-79.9795918367347,7.988705732384506
12.102473237223037,-79.56122448979592,7.988705732384506
12.102473237223037,-79.14285714285714,7.988705732384506
12.102473237223037,-78.72448979591837,7.988705732384506
12.102473237223037,-78.3061224489796,7.988705732384506
12.10247455653953,-77.88775510204081,7.988705732384506
12.10247455653953,-77.46938775510205,7.988705732384506
12.10247455653953,-77.05102040816327,7.988705732384506
12.10247455653953,-76.63265306122449,7.988705732384506
12.10247455653953,-76.21428571428571,7.988705732384506
12.10247455653953,-75.79591836734694,7.988705732384506
12.10247455653953,-75.37755102040816,7.988705732384506
12.10247455653953,-74.95918367346938,7.988705732384506
12.10247455653953,-74.54081632653062,7.988705732384506
12.10247455653953,-74.12244897959184,7.988705732384506
11.892661687633987,-73.70408163265306,7.988705732384506
11.892661687633987,-73.28571428571428,7.988705732384506
11.892661687633987,-72.86734693877551,7.988705732384506
11.892661161454168,-72.44897959183673,7.988705732384506
11.892661161454168,-72.03061224489795,7.988705732384506
11.892661161454168,-71.61224489795919,7.988705732384506
11.892661161454168,-71.1938775510204,7.988705732384506
11.892661161454168,-70.77551020408163,7.988705732384506
11.892661161454168,-70.35714285714286,7.988705732384506
11.892661161454168,-69.93877551020408,7.988705732384506
11.892661161454168,-69.5204081632653,7.988705732384506
11.892661161454168,-69.10204081632654,7.988705732384506
11.319471682363687,-68.68367346938776,7.988705732384506
11.319471682363687,-68.26530612244898,7.988705732384506
11.319471682363687,-67.84693877551021,7.988705732384506
11.319471682363687,-67.42857142857143,7.988705732384506
11.319471682363687,-67.01020408163265,7.988705732384506
11.319471682363687,-66.59183673469389,7.988705732384506
11.319471682363687,-66.1734693877551,7.988705732384506
11.319471682363687,-65.75510204081633,7.988705732384506
11.319471682363687,-65.33673469387755,7.988705732384506
11.319471682363687,-64.91836734693877,7.988705732384506
11.319471682363687,-64.5,7.988705732384506
12.172967305873053,-85,8.386603374870457
12.172967305873053,-84.58163265306122,8.386603374870457
12.172967305873053,-84.16326530612245,8.386603374870457
12.172967305873053,-83.74489795918367,8.386603374870457
12.172967305873053,-83.3265306122449,8.386603374870457
12.172967305873053,-82.90816326530613,8.386603374870457
12.172967305873053,-82.48979591836735,8.386603374870457
12.172967305873053,-82.07142857142857,8.386603374870457
12.172967305873053,-81.65306122448979,8.386603374870457
12.172967305873053,-81.23469387755102,8.386603374870457
12.172967305873053,-80.81632653061224,8.386603374870457
12.172967305873053,-80.39795918367346,8.386603374870457
12.172967305873053,-79.9795918367347,8.386603374870457
12.172967305873053,-79.56122448979592,8.386603374870457
12.172967305873053,-79.14285714285714,8.386603374870457
12.172967305873053,-78.72448979591837,8.386603374870457
12.172967305873053,-78.3061224489796,8.386603374870457
12.172968626060515,-77.88775510204081,8.386603374870457
12.172968626060515,-77.46938775510205,8.386603374870457
12.172968626060515,-77.05102040816327,8.386603374870457
12.172968626060515,-76.63265306122449,8.386603374870457
12.172968626060515,-76.21428571428571,8.386603374870457
12.172968626060515,-75.79591836734694,8.386603374870457
12.172968626060515,-75.37755102040816,8.386603374870457
12.172968626060515,-74.95918367346938,8.386603374870457
12.172968626060515,-74.54081632653062,8.386603374870457
12.172968626060515,-74.12244897959184,8.386603374870457
11.961916399286322,-73.70408163265306,8.386603374870457
11.961916399286322,-73.28571428571428,8.386603374870457
11.961916399286322,-72.86734693877551,8.386603374870457
11.961915872235533,-72.44897959183673,8.386603374870457
11.961915872235533,-72.03061224489795,8.386603374870457
11.961915872235533,-71.61224489795919,8.386603374870457
11.961915872235533,-71.1938775510204,8.386603374870457
11.961915872235533,-70.77551020408163,8.386603374870457
11.961915872235533,-70.35714285714286,8.386603374870457
11.961915872235533,-69.93877551020408,8.386603374870457
11.961915872235533,-69.5204081632653,8.386603374870457
11.961915872235533,-69.10204081632654,8.386603374870457
11.388684327737085,-68.68367346938776,8.386603374870457
11.388684327737085,-68.26530612244898,8.386603374870457
11.388684327737085,-67.84693877551021,8.386603374870457
11.388684327737085,-67.42857142857143,8.386603374870457
11.388684327737085,-67.01020408163265,8.386603374870457
11.388684327737085,-66.59183673469389,8.386603374870457
11.388684327737085,-66.1734693877551,8.386603374870457
11.388684327737085,-65.75510204081633,8.386603374870457
11.388684327737085,-65.33673469387755,8.386603374870457
11.388684327737085,-64.91836734693877,8.386603374870457
11.388684327737085,-64.5,8.386603374870457
12.172967305873053,-85,8.784501017356405
12.172967305873053,-84.58163265306122,8.784501017356405
12.172967305873053,-84.16326530612245,8.784501017356405
12.172967305873053,-83.74489795918367,8.784501017356405
12.172967305873053,-83.3265306122449,8.784501017356405
12.172967305873053,-82.90816326530613,8.784501017356405
12.172967305873053,-82.48979591836735,8.784501017356405
12.172967305873053,-82.07142857142857,8.784501017356405
12.172967305873053,-81.65306122448979,8.784501017356405
12.172967305873053,-81.23469387755102,8.784501017356405
12.172967305873053,-80.81632653061224,8.784501017356405
12.172967305873053,-80.39795918367346,8.784501017356405
12.172967305873053,-79.9795918367347,8.784501017356405
12.172967305873053,-79.56122448979592,8.784501017356405
12.172967305873053,-79.14285714285714,8.784501017356405
12.172967305873053,-78.72448979591837,8.784501017356405
12.172967305873053,-78.3061224489796,8.784501017356405
12.172968626060515,-77.88775510204081,8.784501017356405
12.172968626060515,-77.46938775510205,8.784501017356405
12.172968626060515,-77.05102040816327,8.784501017356405
12.172968626060515,-76.63265306122449,8.784501017356405
12.172968626060515,-76.21428571428571,8.784501017356405
12.172968626060515,-75.79591836734694,8.784501017356405
12.172968626060515,-75.37755102040816,8.784501017356405
12.172968626060515,-74.95918367346938,8.784501017356405
12.172968626060515,-74.54081632653062,8.784501017356405
12.172968626060515,-74.12244897959184,8.784501017356405
11.961916399286322,-73.70408163265306,8.784501017356405
11.961916399286322,-73.28571428571428,8.784501017356405
11.961916399286322,-72.86734693877551,8.784501017356405
11.961915872235533,-72.44897959183673,8.784501017356405
11.961915872235533,-72.03061224489795,8.784501017356405
11.961915872235533,-71.61224489795919,8.784501017356405
11.961915872235533,-71.1938775510204,8.784501017356405
11.961915872235533,-70.77551020408163,8.784501017356405
11.961915872235533,-70.35714285714286,8.784501017356405
11.961915872235533,-69.93877551020408,8.784501017356405
11.961915872235533,-69.5204081632653,8.784501017356405
11.961915872235533,-69.10204081632654,8.784501017356405
11.388684327737085,-68.68367346938776,8.784501017356405
11.388684327737085,-68.26530612244898,8.784501017356405
11.388684327737085,-67.84693877551021,8.784501017356405
11.388684327737085,-67.42857142857143,8.784501017356405
11.388684327737085,-67.01020408163265,8.784501017356405
11.388684327737085,-66.59183673469389,8.784501017356405
11.388684327737085,-66.1734693877551,8.784501017356405
11.388684327737085,-65.75510204081633,8.784501017356405
11.388684327737085,-65.33673469387755,8.784501017356405
11.388684327737085,-64.91836734693877,8.784501017356405
11.388684327737085,-64.5,8.784501017356405
12.172967305873053,-85,9.182398659842356
12.172967305873053,-84.58163265306122,9.182398659842356
12.172967305873053,-84.16326530612245,9.182398659842356
12.172967305873053,-83.74489795918367,9.182398659842356
12.172967305873053,-83.3265306122449,9.182398659842356
12.172967305873053,-82.90816326530613,9.182398659842356
12.172967305873053,-82.48979591836735,9.182398659842356
12.172967305873053,-82.07142857142857,9.182398659842356
12.172967305873053,-81.65306122448979,9.182398659842356
12.172967305873053,-81.23469387755102,9.182398659842356
12.172967305873053,-80.81632653061224,9.182398659842356
12.172967305873053,-80.39795918367346,9.182398659842356
12.172967305873053,-79.9795918367347,9.182398659842356
12.172967305873053,-79.56122448979592,9.182398659842356
12.172967305873053,-79.14285714285714,9.182398659842356
12.172967305873053,-78.72448979591837,9.182398659842356
12.172967305873053,-78.3061224489796,9.182398659842356
12.172968626060515,-77.88775510204081,9.182398659842356
12.172968626060515,-77.46938775510205,9.182398659842356
12.172968626060515,-77.05102040816327,9.182398659842356
12.172968626060515,-76.63265306122449,9.182398659842356
12.172968626060515,-76.21428571428571,9.182398659842356
12.172968626060515,-75.79591836734694,9.182398659842356
12.172968626060515,-75.37755102040816,9.182398659842356
12.172968626060515,-74.95918367346938,9.182398659842356
12.172968626060515,-74.54081632653062,9.182398659842356
12.172968626060515,-74.12244897959184,9.182398659842356
11.961916399286322,-73.70408163265306,9.182398659842356
11.961916399286322,-73.28571428571428,9.182398659842356
11.961916399286322,-72.86734693877551,9.182398659842356
11.961915872235533,-72.44897959183673,9.182398659842356
11.961915872235533,-72.03061224489795,9.182398659842356
11.961915872235533,-71.61224489795919,9.182398659842356
11.961915872235533,-71.1938775510204,9.182398659842356
11.961915872235533,-70.77551020408163,9.182398659842356
11.961915872235533,-70.35714285714286,9.182398659842356
11.961915872235533,-69.93877551020408,9.182398659842356
11.961915872235533,-69.5204081632653,9.182398659842356
11.961915872235533,-69.10204081632654,9.182398659842356
11.388684327737085,-68.68367346938776,9.182398659842356
11.388684327737085,-68.26530612244898,9.182398659842356
11.388684327737085,-67.84693877551021,9.182398659842356
11.388684327737085,-67.42857142857143,9.182398659842356
11.388684327737085,-67.01020408163265,9.182398659842356
11.388684327737085,-66.59183673469389,9.182398659842356
11.388684327737085,-66.1734693877551,9.182398659842356
11.388684327737085,-65.75510204081633,9.182398659842356
11.388684327737085,-65.33673469387755,9.182398659842356
11.388684327737085,-64.91836734693877,9.182398659842356
11.388684327737085,-64.5,9.182398659842356
12.172967305873053,-85,9.580296302328303
12.172967305873053,-84.58163265306122,9.580296302328303
12.172967305873053,-84.16326530612245,9.580296302328303
12.172967305873053,-83.74489795918367,9.580296302328303
12.172967305873053,-83.3265306122449,9.580296302328303
12.172967305873053,-82.90816326530613,9.580296302328303
12.172967305873053,-82.48979591836735,9.580296302328303
12.172967305873053,-82.07142857142857,9.580296302328303
12.172967305873053,-81.65306122448979,9.580296302328303
12.172967305873053,-81.23469387755102,9.580296302328303
12.172967305873053,-80.81632653061224,9.580296302328303
12.172967305873053,-80.39795918367346,9.580296302328303
12.172967305873053,-79.9795918367347,9.580296302328303
12.172967305873053,-79.56122448979592,9.580296302328303
12.172967305873053,-79.14285714285714,9.580296302328303
12.172967305873053,-78.72448979591837,9.580296302328303
12.172967305873053,-78.3061224489796,9.580296302328303
12.172968626060515,-77.88775510204081,9.580296302328303
12.172968626060515,-77.46938775510205,9.580296302328303
12.172968626060515,-77.05102040816327,9.580296302328303
12.172968626060515,-76.63265306122449,9.580296302328303
12.172968626060515,-76.21428571428571,9.580296302328303
12.172968626060515,-75.79591836734694,9.580296302328303
12.172968626060515,-75.37755102040816,9.580296302328303
12.172968626060515,-74.95918367346938,9.580296302328303
12.172968626060515,-74.54081632653062,9.580296302328303
12.172968626060515,-74.12244897959184,9.580296302328303
11.961916399286322,-73.70408163265306,9.580296302328303
11.961916399286322,-73.28571428571428,9.580296302328303
11.961916399286322,-72.86734693877551,9.580296302328303
11.961915872235533,-72.44897959183673,9.580296302328303
11.961915872235533,-72.03061224489795,9.580296302328303
11.961915872235533,-71.61224489795919,9.580296302328303
11.961915872235533,-71.1938775510204,9.580296302328303
11.961915872235533,-70.77551020408163,9.580296302328303
11.961915872235533,-70.35714285714286,9.580296302328303
11.961915872235533,-69.93877551020408,9.580296302328303
11.961915872235533,-69.5204081632653,9.580296302328303
11.961915872235533,-69.10204081632654,9.580296302328303
11.388684327737085,-68.68367346938776,9.580296302328303
11.388684327737085,-68.26530612244898,9.580296302328303
11.388684327737085,-67.84693877551021,9.580296302328303
11.388684327737085,-67.42857142857143,9.580296302328303
11.388684327737085,-67.01020408163265,9.580296302328303
11.388684327737085,-66.59183673469389,9.580296302328303
11.388684327737085,-66.1734693877551,9.580296302328303
11.388684327737085,-65.75510204081633,9.580296302328303
11.388684327737085,-65.33673469387755,9.580296302328303
11.388684327737085,-64.91836734693877,9.580296302328303
11.388684327737085,-64.5,9.580296302328303
12.170848156014586,-85,9.978193944814254
12.170848156014586,-84.58163265306122,9.978193944814254
12.170848156014586,-84.16326530612245,9.978193944814254
12.170848156014586,-83.74489795918367,9.978193944814254
12.170848156014586,-83.3265306122449,9.978193944814254
12.170848156014586,-82.90816326530613,9.978193944814254
12.170848156014586,-82.48979591836735,9.978193944814254
12.170848156014586,-82.07142857142857,9.978193944814254
12.170848156014586,-81.65306122448979,9.978193944814254
12.170848156014586,-81.23469387755102,9.978193944814254
12.170848156014586,-80.81632653061224,9.978193944814254
12.170848156014586,-80.39795918367346,9.978193944814254
12.170848156014586,-79.9795918367347,9.978193944814254
12.170848156014586,-79.56122448979592,9.978193944814254
12.170848156014586,-79.14285714285714,9.978193944814254
12.170848156014586,-78.72448979591837,9.978193944814254
12.170848156014586,-78.3061224489796,9.978193944814254
12.170849476202047,-77.88775510204081,9.978193944814254
12.170849476202047,-77.46938775510205,9.978193944814254
12.170849476202047,-77.05102040816327,9.978193944814254
12.170849476202047,-76.63265306122449,9.978193944814254
12.170849476202047,-76.21428571428571,9.978193944814254
12.170849476202047,-75.79591836734694,9.978193944814254
12.170849476202047,-75.37755102040816,9.978193944814254
12.170849476202047,-74.95918367346938,9.978193944814254
12.170849476202047,-74.54081632653062,9.978193944814254
12.170849476202047,-74.12244897959184,9.978193944814254
11.959883980441424,-73.70408163265306,9.978193944814254
11.959883980441424,-73.28571428571428,9.978193944814254
11.959883980441424,-72.86734693877551,9.978193944814254
11.959883453390635,-72.44897959183673,9.978193944814254
11.959883453390635,-72.03061224489795,9.978193944814254
11.959883453390635,-71.61224489795919,9.978193944814254
11.959883453390635,-71.1938775510204,9.978193944814254
11.959883453390635,-70.77551020408163,9.978193944814254
11.959883453390635,-70.35714285714286,9.978193944814254
11.959883453390635,-69.93877551020408,9.978193944814254
11.959883453390635,-69.5204081632653,9.978193944814254
11.959883453390635,-69.10204081632654,9.978193944814254
11.386747879254708,-68.68367346938776,9.978193944814254
11.386747879254708,-68.26530612244898,9.978193944814254
11.386747879254708,-67.84693877551021,9.978193944814254
11.386747879254708,-67.42857142857143,9.978193944814254
11.386747879254708,-67.01020408163265,9.978193944814254
11.386747879254708,-66.59183673469389,9.978193944814254
11.386747879254708,-66.1734693877551,9.978193944814254
11.386747879254708,-65.75510204081633,9.978193944814254
11.386747879254708,-65.33673469387755,9.978193944814254
11.386747879254708,-64.91836734693877,9.978193944814254
11.386747879254708,-64.5,9.978193944814254
12.170848156014586,-85,10.376091587300202
12.170848156014586,-84.58163265306122,10.376091587300202
12.170848156014586,-84.16326530612245,10.376091587300202
12.170848156014586,-83.74489795918367,10.376091587300202
12.170848156014586,-83.3265306122449,10.376091587300202
12.170848156014586,-82.90816326530613,10.376091587300202
12.170848156014586,-82.48979591836735,10.376091587300202
12.170848156014586,-82.07142857142857,10.376091587300202
12.170848156014586,-81.65306122448979,10.376091587300202
12.170848156014586,-81.23469387755102,10.376091587300202
12.170848156014586,-80.81632653061224,10.376091587300202
12.170848156014586,-80.39795918367346,10.376091587300202
12.170848156014586,-79.9795918367347,10.376091587300202
12.170848156014586,-79.56122448979592,10.376091587300202
12.170848156014586,-79.14285714285714,10.376091587300202
12.170848156014586,-78.72448979591837,10.376091587300202
12.170848156014586,-78.3061224489796,10.376091587300202
12.170849476202047,-77.88775510204081,10.376091587300202
12.170849476202047,-77.46938775510205,10.376091587300202
12.170849476202047,-77.05102040816327,10.376091587300202
12.170849476202047,-76.63265306122449,10.376091587300202
12.170849476202047,-76.21428571428571,10.376091587300202
12.170849476202047,-75.79591836734694,10.376091587300202
12.170849476202047,-75.37755102040816,10.376091587300202
12.170849476202047,-74.95918367346938,10.376091587300202
12.170849476202047,-74.54081632653062,10.376091587300202
12.170849476202047,-74.12244897959184,10.376091587300202
11.959883980441424,-73.70408163265306,10.376091587300202
11.959883980441424,-73.28571428571428,10.376091587300202
11.959883980441424,-72.86734693877551,10.376091587300202
11.959883453390635,-72.44897959183673,10.376091587300202
11.959883453390635,-72.03061224489795,10.376091587300202
11.959883453390635,-71.61224489795919,10.376091587300202
11.959883453390635,-71.1938775510204,10.376091587300202
11.959883453390635,-70.77551020408163,10.376091587300202
11.959883453390635,-70.35714285714286,10.376091587300202
11.959883453390635,-69.93877551020408,10.376091587300202
11.959883453390635,-69.5204081632653,10.376091587300202
11.959883453390635,-69.10204081632654,10.376091587300202
11.386747879254708,-68.68367346938776,10.376091587300202
11.386747879254708,-68.26530612244898,10.376091587300202
11.386747879254708,-67.84693877551021,10.376091587300202
11.386747879254708,-67.42857142857143,10.376091587300202
11.386747879254708,-67.01020408163265,10.376091587300202
11.386747879254708,-66.59183673469389,10.376091587300202
11.386747879254708,-66.1734693877551,10.376091587300202
11.386747879254708,-65.75510204081633,10.376091587300202
11.386747879254708,-65.33673469387755,10.376091587300202
11.386747879254708,-64.91836734693877,10.376091587300202
11.386747879254708,-64.5,10.376091587300202
12.170848156014586,-85,10.773989229786153
12.170848156014586,-84.58163265306122,10.773989229786153
12.170848156014586,-84.16326530612245,10.773989229786153
12.170848156014586,-83.74489795918367,10.773989229786153
12.170848156014586,-83.3265306122449,10.773989229786153
12.170848156014586,-82.90816326530613,10.773989229786153
12.170848156014586,-82.48979591836735,10.773989229786153
12.170848156014586,-82.07142857142857,10.773989229786153
12.170848156014586,-81.65306122448979,10.773989229786153
12.170848156014586,-81.23469387755102,10.773989229786153
12.170848156014586,-80.81632653061224,10.773989229786153
12.170848156014586,-80.39795918367346,10.773989229786153
12.170848156014586,-79.9795918367347,10.773989229786153
12.170848156014586,-79.56122448979592,10.773989229786153
12.170848156014586,-79.14285714285714,10.773989229786153
12.170848156014586,-78.72448979591837,10.773989229786153
12.170848156014586,-78.3061224489796,10.773989229786153
12.170849476202047,-77.88775510204081,10.773989229786153
12.170849476202047,-77.46938775510205,10.773989229786153
12.170849476202047,-77.05102040816327,10.773989229786153
12.170849476202047,-76.63265306122449,10.773989229786153
12.170849476202047,-76.21428571428571,10.773989229786153
12.170849476202047,-75.79591836734694,10.773989229786153
12.170849476202047,-75.37755102040816,10.773989229786153
12.170849476202047,-74.95918367346938,10.773989229786153
12.170849476202047,-74.54081632653062,10.773989229786153
12.170849476202047,-74.12244897959184,10.773989229786153
11.959883980441424,-73.70408163265306,10.773989229786153
11.959883980441424,-73.28571428571428,10.773989229786153
11.959883980441424,-72.86734693877551,10.773989229786153
11.959883453390635,-72.44897959183673,10.773989229786153
11.959883453390635,-72.03061224489795,10.773989229786153
11.959883453390635,-71.61224489795919,10.773989229786153
11.959883453390635,-71.1938775510204,10.773989229786153
11.959883453390635,-70.77551020408163,10.773989229786153
11.959883453390635,-70.35714285714286,10.773989229786153
11.959883453390635,-69.93877551020408,10.773989229786153
11.959883453390635,-69.5204081632653,10.773989229786153
11.959883453390635,-69.10204081632654,10.773989229786153
11.386747879254708,-68.68367346938776,10.773989229786153
11.386747879254708,-68.26530612244898,10.773989229786153
11.386747879254708,-67.84693877551021,10.773989229786153
11.386747879254708,-67.42857142857143,10.773989229786153
11.386747879254708,-67.01020408163265,10.773989229786153
11.386747879254708,-66.59183673469389,10.773989229786153
11.386747879254708,-66.1734693877551,10.773989229786153
11.386747879254708,-65.75510204081633,10.773989229786153
11.386747879254708,-65.33673469387755,10.773989229786153
11.386747879254708,-64.91836734693877,10.773989229786153
11.386747879254708,-64.5,10.773989229786153
12.170650199178194,-85,11.1718868722721
12.170650199178194,-84.58163265306122,11.1718868722721
12.170650199178194,-84.16326530612245,11.1718868722721
12.170650199178194,-83.74489795918367,11.1718868722721
12.170650199178194,-83.3265306122449,11.1718868722721
12.170650199178194,-82.90816326530613,11.1718868722721
12.170650199178194,-82.48979591836735,11.1718868722721
12.170650199178194,-82.07142857142857,11.1718868722721
12.170650199178194,-81.65306122448979,11.1718868722721
12.170650199178194,-81.23469387755102,11.1718868722721
12.170650199178194,-80.81632653061224,11.1718868722721
12.170650199178194,-80.39795918367346,11.1718868722721
12.170650199178194,-79.9795918367347,11.1718868722721
12.170650199178194,-79.56122448979592,11.1718868722721
12.170650199178194,-79.14285714285714,11.1718868722721
12.170650199178194,-78.72448979591837,11.1718868722721
12.170650199178194,-78.3061224489796,11.1718868722721
12.170651516888302,-77.88775510204081,11.1718868722721
12.170651516888302,-77.46938775510205,11.1718868722721
12.170651516888302,-77.05102040816327,11.1718868722721
12.170651516888302,-76.63265306122449,11.1718868722721
12.170651516888302,-76.21428571428571,11.1718868722721
12.170651516888302,-75.79591836734694,11.1718868722721
12.170651516888302,-75.37755102040816,11.1718868722721
12.170651516888302,-74.95918367346938,11.1718868722721
12.170651516888302,-74.54081632653062,11.1718868722721
12.170651516888302,-74.12244897959184,11.1718868722721
11.959693860080693,-73.70408163265306,11.1718868722721
11.959693860080693,-73.28571428571428,11.1718868722721
11.959693860080693,-72.86734693877551,11.1718868722721
11.959693334123578,-72.44897959183673,11.1718868722721
11.959693334123578,-72.03061224489795,11.1718868722721
11.959693334123578,-71.61224489795919,11.1718868722721
11.959693334123578,-71.1938775510204,11.1718868722721
11.959693334123578,-70.77551020408163,11.1718868722721
11.959693334123578,-70.35714285714286,11.1718868722721
11.959693334123578,-69.93877551020408,11.1718868722721
11.959693334123578,-69.5204081632653,11.1718868722721
11.959693334123578,-69.10204081632654,11.1718868722721
11.386567551183047,-68.68367346938776,11.1718868722721
11.386567551183047,-68.26530612244898,11.1718868722721
11.386567551183047,-67.84693877551021,11.1718868722721
11.386567551183047,-67.42857142857143,11.1718868722721
11.386567551183047,-67.01020408163265,11.1718868722721
11.386567551183047,-66.59183673469389,11.1718868722721
11.386567551183047,-66.1734693877551,11.1718868722721
11.386567551183047,-65.75510204081633,11.1718868722721
11.386567551183047,-65.33673469387755,11.1718868722721
11.386567551183047,-64.91836734693877,11.1718868722721
11.386567551183047,-64.5,11.1718868722721
12.170650199178194,-85,11.569784514758052
12.170650199178194,-84.58163265306122,11.569784514758052
12.170650199178194,-84.16326530612245,11.569784514758052
12.170650199178194,-83.74489795918367,11.569784514758052
12.170650199178194,-83.3265306122449,11.569784514758052
12.170650199178194,-82.90816326530613,11.569784514758052
12.170650199178194,-82.48979591836735,11.569784514758052
12.170650199178194,-82.07142857142857,11.569784514758052
12.170650199178194,-81.65306122448979,11.569784514758052
12.170650199178194,-81.23469387755102,11.569784514758052
12.170650199178194,-80.81632653061224,11.569784514758052
12.170650199178194,-80.39795918367346,11.569784514758052
12.170650199178194,-79.9795918367347,11.569784514758052
12.170650199178194,-79.56122448979592,11.569784514758052
12.170650199178194,-79.14285714285714,11.569784514758052
12.170650199178194,-78.72448979591837,11.569784514758052
12.170650199178194,-78.3061224489796,11.569784514758052
12.170651516888302,-77.88775510204081,11.569784514758052
12.170651516888302,-77.46938775510205,11.569784514758052
12.170651516888302,-77.05102040816327,11.569784514758052
12.170651516888302,-76.63265306122449,11.569784514758052
12.170651516888302,-76.21428571428571,11.569784514758052
12.170651516888302,-75.79591836734694,11.569784514758052
12.170651516888302,-75.37755102040816,11.569784514758052
12.170651516888302,-74.95918367346938,11.569784514758052
12.170651516888302,-74.54081632653062,11.569784514758052
12.170651516888302,-74.12244897959184,11.569784514758052
11.959693860080693,-73.70408163265306,11.569784514758052
11.959693860080693,-73.28571428571428,11.569784514758052
11.959693860080693,-72.86734693877551,11.569784514758052
11.959693334123578,-72.44897959183673,11.569784514758052
11.959693334123578,-72.03061224489795,11.569784514758052
11.959693334123578,-71.61224489795919,11.569784514758052
11.959693334123578,-71.1938775510204,11.569784514758052
11.959693334123578,-70.77551020408163,11.569784514758052
11.959693334123578,-70.35714285714286,11.569784514758052
11.959693334123578,-69.93877551020408,11.569784514758052
11.959693334123578,-69.5204081632653,11.569784514758052
11.959693334123578,-69.10204081632654,11.569784514758052
11.386567551183047,-68.68367346938776,11.569784514758052
11.386567551183047,-68.26530612244898,11.569784514758052
11.386567551183047,-67.84693877551021,11.569784514758052
11.386567551183047,-67.42857142857143,11.569784514758052
11.386567551183047,-67.01020408163265,11.569784514758052
11.386567551183047,-66.59183673469389,11.569784514758052
11.386567551183047,-66.1734693877551,11.569784514758052
11.386567551183047,-65.75510204081633,11.569784514758052
11.386567551183047,-65.33673469387755,11.569784514758052
11.386567551183047,-64.91836734693877,11.569784514758052
11.386567551183047,-64.5,11.569784514758052
12.170650199178194,-85,11.967682157243999
12.170650199178194,-84.58163265306122,11.967682157243999
12.170650199178194,-84.16326530612245,11.967682157243999
12.170650199178194,-83.74489795918367,11.967682157243999
12.170650199178194,-83.3265306122449,11.967682157243999
12.170650199178194,-82.90816326530613,11.967682157243999
12.170650199178194,-82.48979591836735,11.967682157243999
12.170650199178194,-82.07142857142857,11.967682157243999
12.170650199178194,-81.65306122448979,11.967682157243999
12.170650199178194,-81.23469387755102,11.967682157243999
12.170650199178194,-80.81632653061224,11.967682157243999
12.170650199178194,-80.39795918367346,11.967682157243999
12.170650199178194,-79.9795918367347,11.967682157243999
12.170650199178194,-79.56122448979592,11.967682157243999
12.170650199178194,-79.14285714285714,11.967682157243999
12.170650199178194,-78.72448979591837,11.967682157243999
12.170650199178194,-78.3061224489796,11.967682157243999
12.170651516888302,-77.88775510204081,11.967682157243999
12.170651516888302,-77.46938775510205,11.967682157243999
12.170651516888302,-77.05102040816327,11.967682157243999
12.170651516888302,-76.63265306122449,11.967682157243999
12.170651516888302,-76.21428571428571,11.967682157243999
12.170651516888302,-75.79591836734694,11.967682157243999
12.170651516888302,-75.37755102040816,11.967682157243999
12.170651516888302,-74.95918367346938,11.967682157243999
12.170651516888302,-74.54081632653062,11.967682157243999
12.170651516888302,-74.12244897959184,11.967682157243999
11.959693860080693,-73.70408163265306,11.967682157243999
11.959693860080693,-73.28571428571428,11.967682157243999
11.959693860080693,-72.86734693877551,11.967682157243999
11.959693334123578,-72.44897959183673,11.967682157243999
11.959693334123578,-72.03061224489795,11.967682157243999
11.959693334123578,-71.61224489795919,11.967682157243999
11.959693334123578,-71.1938775510204,11.967682157243999
11.959693334123578,-70.77551020408163,11.967682157243999
11.959693334123578,-70.35714285714286,11.967682157243999
11.959693334123578,-69.93877551020408,11.967682157243999
11.959693334123578,-69.5204081632653,11.967682157243999
11.959693334123578,-69.10204081632654,11.967682157243999
11.386567551183047,-68.68367346938776,11.967682157243999
11.386567551183047,-68.26530612244898,11.967682157243999
11.386567551183047,-67.84693877551021,11.967682157243999
11.386567551183047,-67.42857142857143,11.967682157243999
11.386567551183047,-67.01020408163265,11.967682157243999
11.386567551183047,-66.59183673469389,11.967682157243999
11.386567551183047,-66.1734693877551,11.967682157243999
11.386567551183047,-65.75510204081633,11.967682157243999
11.386567551183047,-65.33673469387755,11.967682157243999
11.386567551183047,-64.91836734693877,11.967682157243999
11.386567551183047,-64.5,11.967682157243999
12.170650199178194,-85,12.36557979972995
12.170650199178194,-84.58163265306122,12.36557979972995
12.170650199178194,-84.16326530612245,12.36557979972995
12.170650199178194,-83.74489795918367,12.36557979972995
12.170650199178194,-83.3265306122449,12.36557979972995
12.170650199178194,-82.90816326530613,12.36557979972995
12.170650199178194,-82.48979591836735,12.36557979972995
12.170650199178194,-82.07142857142857,12.36557979972995
12.170650199178194,-81.65306122448979,12.36557979972995
12.170650199178194,-81.23469387755102,12.36557979972995
12.170650199178194,-80.81632653061224,12.36557979972995
12.170650199178194,-80.39795918367346,12.36557979972995
12.170650199178194,-79.9795918367347,12.36557979972995
12.170650199178194,-79.56122448979592,12.36557979972995
12.170650199178194,-79.14285714285714,12.36557979972995
12.170650199178194,-78.72448979591837,12.36557979972995
12.170650199178194,-78.3061224489796,12.36557979972995
12.170651516888302,-77.88775510204081,12.36557979972995
12.170651516888302,-77.46938775510205,12.36557979972995
12.170651516888302,-77.05102040816327,12.36557979972995
12.170651516888302,-76.63265306122449,12.36557979972995
12.170651516888302,-76.21428571428571,12.36557979972995
12.170651516888302,-75.79591836734694,12.36557979972995
12.170651516888302,-75.37755102040816,12.36557979972995
12.170651516888302,-74.95918367346938,12.36557979972995
12.170651516888302,-74.54081632653062,12.36557979972995
12.170651516888302,-74.12244897959184,12.36557979972995
11.959693860080693,-73.70408163265306,12.36557979972995
11.959693860080693,-73.28571428571428,12.36557979972995
11.959693860080693,-72.86734693877551,12.36557979972995
11.959693334123578,-72.44897959183673,12.36557979972995
11.959693334123578,-72.03061224489795,12.36557979972995
11.959693334123578,-71.61224489795919,12.36557979972995
11.959693334123578,-71.1938775510204,12.36557979972995
11.959693334123578,-70.77551020408163,12.36557979972995
11.959693334123578,-70.35714285714286,12.36557979972995
11.959693334123578,-69.93877551020408,12.36557979972995
11.959693334123578,-69.5204081632653,12.36557979972995
11.959693334123578,-69.10204081632654,12.36557979972995
11.386567551183047,-68.68367346938776,12.36557979972995
11.386567551183047,-68.26530612244898,12.36557979972995
11.386567551183047,-67.84693877551021,12.36557979972995
11.386567551183047,-67.42857142857143,12.36557979972995
11.386567551183047,-67.01020408163265,12.36557979972995
11.386567551183047,-66.59183673469389,12.36557979972995
11.386567551183047,-66.1734693877551,12.36557979972995
11.386567551183047,-65.75510204081633,12.36557979972995
11.386567551183047,-65.33673469387755,12.36557979972995
11.386567551183047,-64.91836734693877,12.36557979972995
11.386567551183047,-64.5,12.36557979972995
12.170650199178194,-85,12.763477442215898
12.170650199178194,-84.58163265306122,12.763477442215898
12.170650199178194,-84.16326530612245,12.763477442215898
12.170650199178194,-83.74489795918367,12.763477442215898
12.170650199178194,-83.3265306122449,12.763477442215898
12.170650199178194,-82.90816326530613,12.763477442215898
12.170650199178194,-82.48979591836735,12.763477442215898
12.170650199178194,-82.07142857142857,12.763477442215898
12.170650199178194,-81.65306122448979,12.763477442215898
12.170650199178194,-81.23469387755102,12.763477442215898
12.170650199178194,-80.81632653061224,12.763477442215898
12.170650199178194,-80.39795918367346,12.763477442215898
12.170650199178194,-79.9795918367347,12.763477442215898
12.170650199178194,-79.56122448979592,12.763477442215898
12.170650199178194,-79.14285714285714,12.763477442215898
12.170650199178194,-78.72448979591837,12.763477442215898
12.170650199178194,-78.3061224489796,12.763477442215898
12.170651516888302,-77.88775510204081,12.763477442215898
12.170651516888302,-77.46938775510205,12.763477442215898
12.170651516888302,-77.05102040816327,12.763477442215898
12.170651516888302,-76.63265306122449,12.763477442215898
12.170651516888302,-76.21428571428571,12.763477442215898
12.170651516888302,-75.79591836734694,12.763477442215898
12.170651516888302,-75.37755102040816,12.763477442215898
12.170651516888302,-74.95918367346938,12.763477442215898
12.170651516888302,-74.54081632653062,12.763477442215898
12.170651516888302,-74.12244897959184,12.763477442215898
11.959693860080693,-73.70408163265306,12.763477442215898
11.959693860080693,-73.28571428571428,12.763477442215898
11.959693860080693,-72.86734693877551,12.763477442215898
11.959693334123578,-72.44897959183673,12.763477442215898
11.959693334123578,-72.03061224489795,12.763477442215898
11.959693334123578,-71.61224489795919,12.763477442215898
11.959693334123578,-71.1938775510204,12.763477442215898
11.959693334123578,-70.77551020408163,12.763477442215898
11.959693334123578,-70.35714285714286,12.763477442215898
11.959693334123578,-69.93877551020408,12.763477442215898
11.959693334123578,-69.5204081632653,12.763477442215898
11.959693334123578,-69.10204081632654,12.763477442215898
11.386567551183047,-68.68367346938776,12.763477442215898
11.386567551183047,-68.26530612244898,12.763477442215898
11.386567551183047,-67.84693877551021,12.763477442215898
11.386567551183047,-67.42857142857143,12.763477442215898
11.386567551183047,-67.01020408163265,12.763477442215898
11.386567551183047,-66.59183673469389,12.763477442215898
11.386567551183047,-66.1734693877551,12.763477442215898
11.386567551183047,-65.75510204081633,12.763477442215898
11.386567551183047,-65.33673469387755,12.763477442215898
11.386567551183047,-64.91836734693877,12.763477442215898
11.386567551183047,-64.5,12.763477442215898
12.170650199178194,-85,13.161375084701849
12.170650199178194,-84.58163265306122,13.161375084701849
12.170650199178194,-84.16326530612245,13.161375084701849
12.170650199178194,-83.74489795918367,13.161375084701849
12.170650199178194,-83.3265306122449,13.161375084701849
12.170650199178194,-82.90816326530613,13.161375084701849
12.170650199178194,-82.48979591836735,13.161375084701849
12.170650199178194,-82.07142857142857,13.161375084701849
12.170650199178194,-81.65306122448979,13.161375084701849
12.170650199178194,-81.23469387755102,13.161375084701849
12.170650199178194,-80.81632653061224,13.161375084701849
12.170650199178194,-80.39795918367346,13.161375084701849
12.170650199178194,-79.9795918367347,13.161375084701849
12.170650199178194,-79.56122448979592,13.161375084701849
12.170650199178194,-79.14285714285714,13.161375084701849
12.170650199178194,-78.72448979591837,13.161375084701849
12.170650199178194,-78.3061224489796,13.161375084701849
12.170651516888302,-77.88775510204081,13.161375084701849
12.170651516888302,-77.46938775510205,13.161375084701849
12.170651516888302,-77.05102040816327,13.161375084701849
12.170651516888302,-76.63265306122449,13.161375084701849
12.170651516888302,-76.21428571428571,13.161375084701849
12.170651516888302,-75.79591836734694,13.161375084701849
12.170651516888302,-75.37755102040816,13.161375084701849
12.170651516888302,-74.95918367346938,13.161375084701849
12.170651516888302,-74.54081632653062,13.161375084701849
12.170651516888302,-74.12244897959184,13.161375084701849
11.959693860080693,-73.70408163265306,13.161375084701849
11.959693860080693,-73.28571428571428,13.161375084701849
11.959693860080693,-72.86734693877551,13.161375084701849
11.959693334123578,-72.44897959183673,13.161375084701849
11.959693334123578,-72.03061224489795,13.161375084701849
11.959693334123578,-71.61224489795919,13.161375084701849
11.959693334123578,-71.1938775510204,13.161375084701849
11.959693334123578,-70.77551020408163,13.161375084701849
11.959693334123578,-70.35714285714286,13.161375084701849
11.959693334123578,-69.93877551020408,13.161375084701849
11.959693334123578,-69.5204081632653,13.161375084701849
11.959693334123578,-69.10204081632654,13.161375084701849
11.386567551183047,-68.68367346938776,13.161375084701849
11.386567551183047,-68.26530612244898,13.161375084701849
11.386567551183047,-67.84693877551021,13.161375084701849
11.386567551183047,-67.42857142857143,13.161375084701849
11.386567551183047,-67.01020408163265,13.161375084701849
11.386567551183047,-66.59183673469389,13.161375084701849
11.386567551183047,-66.1734693877551,13.161375084701849
11.386567551183047,-65.75510204081633,13.161375084701849
11.386567551183047,-65.33673469387755,13.161375084701849
11.386567551183047,-64.91836734693877,13.161375084701849
11.386567551183047,-64.5,13.161375084701849
12.170650199178194,-85,13.5592727271878
12.170650199178194,-84.58163265306122,13.5592727271878
12.170650199178194,-84.16326530612245,13.5592727271878
12.170650199178194,-83.74489795918367,13.5592727271878
12.170650199178194,-83.3265306122449,13.5592727271878
12.170650199178194,-82.90816326530613,13.5592727271878
12.170650199178194,-82.48979591836735,13.5592727271878
12.170650199178194,-82.07142857142857,13.5592727271878
12.170650199178194,-81.65306122448979,13.5592727271878
12.170650199178194,-81.23469387755102,13.5592727271878
12.170650199178194,-80.81632653061224,13.5592727271878
12.170650199178194,-80.39795918367346,13.5592727271878
12.170650199178194,-79.9795918367347,13.5592727271878
12.170650199178194,-79.56122448979592,13.5592727271878
12.170650199178194,-79.14285714285714,13.5592727271878
12.170650199178194,-78.72448979591837,13.5592727271878
12.170650199178194,-78.3061224489796,13.5592727271878
12.170651516888302,-77.88775510204081,13.5592727271878
12.170651516888302,-77.46938775510205,13.5592727271878
12.170651516888302,-77.05102040816327,13.5592727271878
12.170651516888302,-76.63265306122449,13.5592727271878
12.170651516888302,-76.21428571428571,13.5592727271878
12.170651516888302,-75.79591836734694,13.5592727271878
12.170651516888302,-75.37755102040816,13.5592727271878
12.170651516888302,-74.95918367346938,13.5592727271878
12.170651516888302,-74.54081632653062,13.5592727271878
12.170651516888302,-74.12244897959184,13.5592727271878
11.959693860080693,-73.70408163265306,13.5592727271878
11.959693860080693,-73.28571428571428,13.5592727271878
11.959693860080693,-72.86734693877551,13.5592727271878
11.959693334123578,-72.44897959183673,13.5592727271878
11.959693334123578,-72.03061224489795,13.5592727271878
11.959693334123578,-71.61224489795919,13.5592727271878
11.959693334123578,-71.1938775510204,13.5592727271878
11.959693334123578,-70.77551020408163,13.5592727271878
11.959693334123578,-70.35714285714286,13.5592727271878
11.959693334123578,-69.93877551020408,13.5592727271878
11.959693334123578,-69.5204081632653,13.5592727271878
11.959693334123578,-69.10204081632654,13.5592727271878
11.386567551183047,-68.68367346938776,13.5592727271878
11.386567551183047,-68.26530612244898,13.5592727271878
11.386567551183047,-67.84693877551021,13.5592727271878
11.386567551183047,-67.42857142857143,13.5592727271878
11.386567551183047,-67.01020408163265,13.5592727271878
11.386567551183047,-66.59183673469389,13.5592727271878
11.386567551183047,-66.1734693877551,13.5592727271878
11.386567551183047,-65.75510204081633,13.5592727271878
11.386567551183047,-65.33673469387755,13.5592727271878
11.386567551183047,-64.91836734693877,13.5592727271878
11.386567551183047,-64.5,13.5592727271878
12.170650199178194,-85,13.957170369673747
12.170650199178194,-84.58163265306122,13.957170369673747
12.170650199178194,-84.16326530612245,13.957170369673747
12.170650199178194,-83.74489795918367,13.957170369673747
12.170650199178194,-83.3265306122449,13.957170369673747
12.170650199178194,-82.90816326530613,13.957170369673747
12.170650199178194,-82.48979591836735,13.957170369673747
12.170650199178194,-82.07142857142857,13.957170369673747
12.170650199178194,-81.65306122448979,13.957170369673747
12.170650199178194,-81.23469387755102,13.957170369673747
12.170650199178194,-80.81632653061224,13.957170369673747
12.170650199178194,-80.39795918367346,13.957170369673747
12.170650199178194,-79.9795918367347,13.957170369673747
12.170650199178194,-79.56122448979592,13.957170369673747
12.170650199178194,-79.14285714285714,13.957170369673747
12.170650199178194,-78.72448979591837,13.957170369673747
12.170650199178194,-78.3061224489796,13.957170369673747
12.170651516888302,-77.88775510204081,13.957170369673747
12.170651516888302,-77.46938775510205,13.957170369673747
12.170651516888302,-77.05102040816327,13.957170369673747
12.170651516888302,-76.63265306122449,13.957170369673747
12.170651516888302,-76.21428571428571,13.957170369673747
12.170651516888302,-75.79591836734694,13.957170369673747
12.170651516888302,-75.37755102040816,13.957170369673747
12.170651516888302,-74.95918367346938,13.957170369673747
12.170651516888302,-74.54081632653062,13.957170369673747
12.170651516888302,-74.12244897959184,13.957170369673747
11.959693860080693,-73.70408163265306,13.957170369673747
11.959693860080693,-73.28571428571428,13.957170369673747
11.959693860080693,-72.86734693877551,13.957170369673747
11.959693334123578,-72.44897959183673,13.957170369673747
11.959693334123578,-72.03061224489795,13.957170369673747
11.959693334123578,-71.61224489795919,13.957170369673747
11.959693334123578,-71.1938775510204,13.957170369673747
11.959693334123578,-70.77551020408163,13.957170369673747
11.959693334123578,-70.35714285714286,13.957170369673747
11.959693334123578,-69.93877551020408,13.957170369673747
11.959693334123578,-69.5204081632653,13.957170369673747
11.959693334123578,-69.10204081632654,13.957170369673747
11.386567551183047,-68.68367346938776,13.957170369673747
11.386567551183047,-68.26530612244898,13.957170369673747
11.386567551183047,-67.84693877551021,13.957170369673747
11.386567551183047,-67.42857142857143,13.957170369673747
11.386567551183047,-67.01020408163265,13.957170369673747
11.386567551183047,-66.59183673469389,13.957170369673747
11.386567551183047,-66.1734693877551,13.957170369673747
11.386567551183047,-65.75510204081633,13.957170369673747
11.386567551183047,-65.33673469387755,13.957170369673747
11.386567551183047,-64.91836734693877,13.957170369673747
11.386567551183047,-64.5,13.957170369673747
12.170650199178194,-85,14.355068012159698
12.170650199178194,-84.58163265306122,14.355068012159698
12.170650199178194,-84.16326530612245,14.355068012159698
12.170650199178194,-83.74489795918367,14.355068012159698
12.170650199178194,-83.3265306122449,14.355068012159698
12.170650199178194,-82.90816326530613,14.355068012159698
12.170650199178194,-82.48979591836735,14.355068012159698
12.170650199178194,-82.07142857142857,14.355068012159698
12.170650199178194,-81.65306122448979,14.355068012159698
12.170650199178194,-81.23469387755102,14.355068012159698
12.170650199178194,-80.81632653061224,14.355068012159698
12.170650199178194,-80.39795918367346,14.355068012159698
12.170650199178194,-79.9795918367347,14.355068012159698
12.170650199178194,-79.56122448979592,14.355068012159698
12.170650199178194,-79.14285714285714,14.355068012159698
12.170650199178194,-78.72448979591837,14.355068012159698
12.170650199178194,-78.3061224489796,14.355068012159698
12.170651516888302,-77.88775510204081,14.355068012159698
12.170651516888302,-77.46938775510205,14.355068012159698
12.170651516888302,-77.05102040816327,14.355068012159698
12.170651516888302,-76.63265306122449,14.355068012159698
12.170651516888302,-76.21428571428571,14.355068012159698
12.170651516888302,-75.79591836734694,14.355068012159698
12.170651516888302,-75.37755102040816,14.355068012159698
12.170651516888302,-74.95918367346938,14.355068012159698
12.170651516888302,-74.54081632653062,14.355068012159698
12.170651516888302,-74.12244897959184,14.355068012159698
11.959693860080693,-73.70408163265306,14.355068012159698
11.959693860080693,-73.28571428571428,14.355068012159698
11.959693860080693,-72.86734693877551,14.355068012159698
11.959693334123578,-72.44897959183673,14.355068012159698
11.959693334123578,-72.03061224489795,14.355068012159698
11.959693334123578,-71.61224489795919,14.355068012159698
11.959693334123578,-71.1938775510204,14.355068012159698
11.959693334123578,-70.77551020408163,14.355068012159698
11.959693334123578,-70.35714285714286,14.355068012159698
11.959693334123578,-69.93877551020408,14.355068012159698
11.959693334123578,-69.5204081632653,14.355068012159698
11.959693334123578,-69.10204081632654,14.355068012159698
11.386567551183047,-68.68367346938776,14.355068012159698
11.386567551183047,-68.26530612244898,14.355068012159698
11.386567551183047,-67.84693877551021,14.355068012159698
11.386567551183047,-67.42857142857143,14.355068012159698
11.386567551183047,-67.01020408163265,14.355068012159698
11.386567551183047,-66.59183673469389,14.355068012159698
11.386567551183047,-66.1734693877551,14.355068012159698
11.386567551183047,-65.75510204081633,14.355068012159698
11.386567551183047,-65.33673469387755,14.355068012159698
11.386567551183047,-64.91836734693877,14.355068012159698
11.386567551183047,-64.5,14.355068012159698
12.170650199178194,-85,14.752965654645646
12.170650199178194,-84.58163265306122,14.752965654645646
12.170650199178194,-84.16326530612245,14.752965654645646
12.170650199178194,-83.74489795918367,14.752965654645646
12.170650199178194,-83.3265306122449,14.752965654645646
12.170650199178194,-82.90816326530613,14.752965654645646
12.170650199178194,-82.48979591836735,14.752965654645646
12.170650199178194,-82.07142857142857,14.752965654645646
12.170650199178194,-81.65306122448979,14.752965654645646
12.170650199178194,-81.23469387755102,14.752965654645646
12.170650199178194,-80.81632653061224,14.752965654645646
12.170650199178194,-80.39795918367346,14.752965654645646
12.170650199178194,-79.9795918367347,14.752965654645646
12.170650199178194,-79.56122448979592,14.752965654645646
12.170650199178194,-79.14285714285714,14.752965654645646
12.170650199178194,-78.72448979591837,14.752965654645646
12.170650199178194,-78.3061224489796,14.752965654645646
12.170651516888302,-77.88775510204081,14.752965654645646
12.170651516888302,-77.46938775510205,14.752965654645646
12.170651516888302,-77.05102040816327,14.752965654645646
12.170651516888302,-76.63265306122449,14.752965654645646
12.170651516888302,-76.21428571428571,14.752965654645646
12.170651516888302,-75.79591836734694,14.752965654645646
12.170651516888302,-75.37755102040816,14.752965654645646
12.170651516888302,-74.95918367346938,14.752965654645646
12.170651516888302,-74.54081632653062,14.752965654645646
12.170651516888302,-74.12244897959184,14.752965654645646
11.959693860080693,-73.70408163265306,14.752965654645646
11.959693860080693,-73.28571428571428,14.752965654645646
11.959693860080693,-72.86734693877551,14.752965654645646
11.959693334123578,-72.44897959183673,14.752965654645646
11.959693334123578,-72.03061224489795,14.752965654645646
11.959693334123578,-71.61224489795919,14.752965654645646
11.959693334123578,-71.1938775510204,14.752965654645646
11.959693334123578,-70.77551020408163,14.752965654645646
11.959693334123578,-70.35714285714286,14.752965654645646
11.959693334123578,-69.93877551020408,14.752965654645646
11.959693334123578,-69.5204081632653,14.752965654645646
11.959693334123578,-69.10204081632654,14.752965654645646
11.386567551183047,-68.68367346938776,14.752965654645646
11.386567551183047,-68.26530612244898,14.752965654645646
11.386567551183047,-67.84693877551021,14.752965654645646
11.386567551183047,-67.42857142857143,14.752965654645646
11.386567551183047,-67.01020408163265,14.752965654645646
11.386567551183047,-66.59183673469389,14.752965654645646
11.386567551183047,-66.1734693877551,14.752965654645646
11.386567551183047,-65.75510204081633,14.752965654645646
11.386567551183047,-65.33673469387755,14.752965654645646
11.386567551183047,-64.91836734693877,14.752965654645646
11.386567551183047,-64.5,14.752965654645646
12.170650199178194,-85,15.150863297131597
12.170650199178194,-84.58163265306122,15.150863297131597
12.170650199178194,-84.16326530612245,15.150863297131597
12.170650199178194,-83.74489795918367,15.150863297131597
12.170650199178194,-83.3265306122449,15.150863297131597
12.170650199178194,-82.90816326530613,15.150863297131597
12.170650199178194,-82.48979591836735,15.150863297131597
12.170650199178194,-82.07142857142857,15.150863297131597
12.170650199178194,-81.65306122448979,15.150863297131597
12.170650199178194,-81.23469387755102,15.150863297131597
12.170650199178194,-80.81632653061224,15.150863297131597
12.170650199178194,-80.39795918367346,15.150863297131597
12.170650199178194,-79.9795918367347,15.150863297131597
12.170650199178194,-79.56122448979592,15.150863297131597
12.170650199178194,-79.14285714285714,15.150863297131597
12.170650199178194,-78.72448979591837,15.150863297131597
12.170650199178194,-78.3061224489796,15.150863297131597
12.170651516888302,-77.88775510204081,15.150863297131597
12.170651516888302,-77.46938775510205,15.150863297131597
12.170651516888302,-77.05102040816327,15.150863297131597
12.170651516888302,-76.63265306122449,15.150863297131597
12.170651516888302,-76.21428571428571,15.150863297131597
12.170651516888302,-75.79591836734694,15.150863297131597
12.170651516888302,-75.37755102040816,15.150863297131597
12.170651516888302,-74.95918367346938,15.150863297131597
12.170651516888302,-74.54081632653062,15.150863297131597
12.170651516888302,-74.12244897959184,15.150863297131597
11.959693860080693,-73.70408163265306,15.150863297131597
11.959693860080693,-73.28571428571428,15.150863297131597
11.959693860080693,-72.86734693877551,15.150863297131597
11.959693334123578,-72.44897959183673,15.150863297131597
11.959693334123578,-72.03061224489795,15.150863297131597
11.959693334123578,-71.61224489795919,15.150863297131597
11.959693334123578,-71.1938775510204,15.150863297131597
11.959693334123578,-70.77551020408163,15.150863297131597
11.959693334123578,-70.35714285714286,15.150863297131597
11.959693334123578,-69.93877551020408,15.150863297131597
11.959693334123578,-69.5204081632653,15.150863297131597
11.959693334123578,-69.10204081632654,15.150863297131597
11.386567551183047,-68.68367346938776,15.150863297131597
11.386567551183047,-68.26530612244898,15.150863297131597
11.386567551183047,-67.84693877551021,15.150863297131597
11.386567551183047,-67.42857142857143,15.150863297131597
11.386567551183047,-67.01020408163265,15.150863297131597
11.386567551183047,-66.59183673469389,15.150863297131597
11.386567551183047,-66.1734693877551,15.150863297131597
11.386567551183047,-65.75510204081633,15.150863297131597
11.386567551183047,-65.33673469387755,15.150863297131597
11.386567551183047,-64.91836734693877,15.150863297131597
11.386567551183047,-64.5,15.150863297131597
12.170650199178194,-85,15.548760939617544
12.170650199178194,-84.58163265306122,15.548760939617544
12.170650199178194,-84.16326530612245,15.548760939617544
12.170650199178194,-83.74489795918367,15.548760939617544
12.170650199178194,-83.3265306122449,15.548760939617544
12.170650199178194,-82.90816326530613,15.548760939617544
12.170650199178194,-82.48979591836735,15.548760939617544
12.170650199178194,-82.07142857142857,15.548760939617544
12.170650199178194,-81.65306122448979,15.548760939617544
12.170650199178194,-81.23469387755102,15.548760939617544
12.170650199178194,-80.81632653061224,15.548760939617544
12.170650199178194,-80.39795918367346,15.548760939617544
12.170650199178194,-79.9795918367347,15.548760939617544
12.170650199178194,-79.56122448979592,15.548760939617544
12.170650199178194,-79.14285714285714,15.548760939617544
12.170650199178194,-78.72448979591837,15.548760939617544
12.170650199178194,-78.3061224489796,15.548760939617544
12.170651516888302,-77.88775510204081,15.548760939617544
12.170651516888302,-77.46938775510205,15.548760939617544
12.170651516888302,-77.05102040816327,15.548760939617544
12.170651516888302,-76.63265306122449,15.548760939617544
12.170651516888302,-76.21428571428571,15.548760939617544
12.170651516888302,-75.79591836734694,15.548760939617544
12.170651516888302,-75.37755102040816,15.548760939617544
12.170651516888302,-74.95918367346938,15.548760939617544
12.170651516888302,-74.54081632653062,15.548760939617544
12.170651516888302,-74.12244897959184,15.548760939617544
11.959693860080693,-73.70408163265306,15.548760939617544
11.959693860080693,-73.28571428571428,15.548760939617544
11.959693860080693,-72.86734693877551,15.548760939617544
11.959693334123578,-72.44897959183673,15.548760939617544
11.959693334123578,-72.03061224489795,15.548760939617544
11.959693334123578,-71.61224489795919,15.548760939617544
11.959693334123578,-71.1938775510204,15.548760939617544
11.959693334123578,-70.77551020408163,15.548760939617544
11.959693334123578,-70.35714285714286,15.548760939617544
11.959693334123578,-69.93877551020408,15.548760939617544
11.959693334123578,-69.5204081632653,15.548760939617544
11.959693334123578,-69.10204081632654,15.548760939617544
11.386567551183047,-68.68367346938776,15.548760939617544
11.386567551183047,-68.26530612244898,15.548760939617544
11.386567551183047,-67.84693877551021,15.548760939617544
11.386567551183047,-67.42857142857143,15.548760939617544
11.386567551183047,-67.01020408163265,15.548760939617544
11.386567551183047,-66.59183673469389,15.548760939617544
11.386567551183047,-66.1734693877551,15.548760939617544
11.386567551183047,-65.75510204081633,15.548760939617544
11.386567551183047,-65.33673469387755,15.548760939617544
11.386567551183047,-64.91836734693877,15.548760939617544
11.386567551183047,-64.5,15.548760939617544
12.170650199178194,-85,15.946658582103495
12.170650199178194,-84.58163265306122,15.946658582103495
12.170650199178194,-84.16326530612245,15.946658582103495
12.170650199178194,-83.74489795918367,15.946658582103495
12.170650199178194,-83.3265306122449,15.946658582103495
12.170650199178194,-82.90816326530613,15.946658582103495
12.170650199178194,-82.48979591836735,15.946658582103495
12.170650199178194,-82.07142857142857,15.946658582103495
12.170650199178194,-81.65306122448979,15.946658582103495
12.170650199178194,-81.23469387755102,15.946658582103495
12.170650199178194,-80.81632653061224,15.946658582103495
12.170650199178194,-80.39795918367346,15.946658582103495
12.170650199178194,-79.9795918367347,15.946658582103495
12.170650199178194,-79.56122448979592,15.946658582103495
12.170650199178194,-79.14285714285714,15.946658582103495
12.170650199178194,-78.72448979591837,15.946658582103495
12.170650199178194,-78.3061224489796,15.946658582103495
12.170651516888302,-77.88775510204081,15.946658582103495
12.170651516888302,-77.46938775510205,15.946658582103495
12.170651516888302,-77.05102040816327,15.946658582103495
12.170651516888302,-76.63265306122449,15.946658582103495
12.170651516888302,-76.21428571428571,15.946658582103495
12.170651516888302,-75.79591836734694,15.946658582103495
12.170651516888302,-75.37755102040816,15.946658582103495
12.170651516888302,-74.95918367346938,15.946658582103495
12.170651516888302,-74.54081632653062,15.946658582103495
12.170651516888302,-74.12244897959184,15.946658582103495
11.959693860080693,-73.70408163265306,15.946658582103495
11.959693860080693,-73.28571428571428,15.946658582103495
11.959693860080693,-72.86734693877551,15.946658582103495
11.959693334123578,-72.44897959183673,15.946658582103495
11.959693334123578,-72.03061224489795,15.946658582103495
11.959693334123578,-71.61224489795919,15.946658582103495
11.959693334123578,-71.1938775510204,15.946658582103495
11.959693334123578,-70.77551020408163,15.946658582103495
11.959693334123578,-70.35714285714286,15.946658582103495
11.959693334123578,-69.93877551020408,15.946658582103495
11.959693334123578,-69.5204081632653,15.946658582103495
11.959693334123578,-69.10204081632654,15.946658582103495
11.386567551183047,-68.68367346938776,15.946658582103495
11.386567551183047,-68.26530612244898,15.946658582103495
11.386567551183047,-67.84693877551021,15.946658582103495
11.386567551183047,-67.42857142857143,15.946658582103495
11.386567551183047,-67.01020408163265,15.946658582103495
11.386567551183047,-66.59183673469389,15.946658582103495
11.386567551183047,-66.1734693877551,15.946658582103495
11.386567551183047,-65.75510204081633,15.946658582103495
11.386567551183047,-65.33673469387755,15.946658582103495
11.386567551183047,-64.91836734693877,15.946658582103495
11.386567551183047,-64.5,15.946658582103495
12.170650199178194,-85,16.344556224589443
12.170650199178194,-84.58163265306122,16.344556224589443
12.170650199178194,-84.16326530612245,16.344556224589443
12.170650199178194,-83.74489795918367,16.344556224589443
12.170650199178194,-83.3265306122449,16.344556224589443
12.170650199178194,-82.90816326530613,16.344556224589443
12.170650199178194,-82.48979591836735,16.344556224589443
12.170650199178194,-82.07142857142857,16.344556224589443
12.170650199178194,-81.65306122448979,16.344556224589443
12.170650199178194,-81.23469387755102,16.344556224589443
12.170650199178194,-80.81632653061224,16.344556224589443
12.170650199178194,-80.39795918367346,16.344556224589443
12.170650199178194,-79.9795918367347,16.344556224589443
12.170650199178194,-79.56122448979592,16.344556224589443
12.170650199178194,-79.14285714285714,16.344556224589443
12.170650199178194,-78.72448979591837,16.344556224589443
12.170650199178194,-78.3061224489796,16.344556224589443
12.170651516888302,-77.88775510204081,16.344556224589443
12.170651516888302,-77.46938775510205,16.344556224589443
12.170651516888302,-77.05102040816327,16.344556224589443
12.170651516888302,-76.63265306122449,16.344556224589443
12.170651516888302,-76.21428571428571,16.344556224589443
12.170651516888302,-75.79591836734694,16.344556224589443
12.170651516888302,-75.37755102040816,16.344556224589443
12.170651516888302,-74.95918367346938,16.344556224589443
12.170651516888302,-74.54081632653062,16.344556224589443
12.170651516888302,-74.12244897959184,16.344556224589443
11.959693860080693,-73.70408163265306,16.344556224589443
11.959693860080693,-73.28571428571428,16.344556224589443
11.959693860080693,-72.86734693877551,16.344556224589443
11.959693334123578,-72.44897959183673,16.344556224589443
11.959693334123578,-72.03061224489795,16.344556224589443
11.959693334123578,-71.61224489795919,16.344556224589443
11.959693334123578,-71.1938775510204,16.344556224589443
11.959693334123578,-70.77551020408163,16.344556224589443
11.959693334123578,-70.35714285714286,16.344556224589443
11.959693334123578,-69.93877551020408,16.344556224589443
11.959693334123578,-69.5204081632653,16.344556224589443
11.959693334123578,-69.10204081632654,16.344556224589443
11.386567551183047,-68.68367346938776,16.344556224589443
11.386567551183047,-68.26530612244898,16.344556224589443
11.386567551183047,-67.84693877551021,16.344556224589443
11.386567551183047,-67.42857142857143,16.344556224589443
11.386567551183047,-67.01020408163265,16.344556224589443
11.386567551183047,-66.59183673469389,16.344556224589443
11.386567551183047,-66.1734693877551,16.344556224589443
11.386567551183047,-65.75510204081633,16.344556224589443
11.386567551183047,-65.33673469387755,16.344556224589443
11.386567551183047,-64.91836734693877,16.344556224589443
11.386567551183047,-64.5,16.344556224589443
12.170650199178194,-85,16.742453867075394
12.170650199178194,-84.58163265306122,16.742453867075394
12.170650199178194,-84.16326530612245,16.742453867075394
12.170650199178194,-83.74489795918367,16.742453867075394
12.170650199178194,-83.3265306122449,16.742453867075394
12.170650199178194,-82.90816326530613,16.742453867075394
12.170650199178194,-82.48979591836735,16.742453867075394
12.170650199178194,-82.07142857142857,16.742453867075394
12.170650199178194,-81.65306122448979,16.742453867075394
12.170650199178194,-81.23469387755102,16.742453867075394
12.170650199178194,-80.81632653061224,16.742453867075394
12.170650199178194,-80.39795918367346,16.742453867075394
12.170650199178194,-79.9795918367347,16.742453867075394
12.170650199178194,-79.56122448979592,16.742453867075394
12.170650199178194,-79.14285714285714,16.742453867075394
12.170650199178194,-78.72448979591837,16.742453867075394
12.170650199178194,-78.3061224489796,16.742453867075394
12.170651516888302,-77.88775510204081,16.742453867075394
12.170651516888302,-77.46938775510205,16.742453867075394
12.170651516888302,-77.05102040816327,16.742453867075394
12.170651516888302,-76.63265306122449,16.742453867075394
12.170651516888302,-76.21428571428571,16.742453867075394
12.170651516888302,-75.79591836734694,16.742453867075394
12.170651516888302,-75.37755102040816,16.742453867075394
12.170651516888302,-74.95918367346938,16.742453867075394
12.170651516888302,-74.54081632653062,16.742453867075394
12.170651516888302,-74.12244897959184,16.742453867075394
11.959693860080693,-73.70408163265306,16.742453867075394
11.959693860080693,-73.28571428571428,16.742453867075394
11.959693860080693,-72.86734693877551,16.742453867075394
11.959693334123578,-72.44897959183673,16.742453867075394
11.959693334123578,-72.03061224489795,16.742453867075394
11.959693334123578,-71.61224489795919,16.742453867075394
11.959693334123578,-71.1938775510204,16.742453867075394
11.959693334123578,-70.77551020408163,16.742453867075394
11.959693334123578,-70.35714285714286,16.742453867075394
11.959693334123578,-69.93877551020408,16.742453867075394
11.959693334123578,-69.5204081632653,16.742453867075394
11.959693334123578,-69.10204081632654,16.742453867075394
11.386567551183047,-68.68367346938776,16.742453867075394
11.386567551183047,-68.26530612244898,16.742453867075394
11.386567551183047,-67.84693877551021,16.742453867075394
11.386567551183047,-67.42857142857143,16.742453867075394
11.386567551183047,-67.01020408163265,16.742453867075394
11.386567551183047,-66.59183673469389,16.742453867075394
11.386567551183047,-66.1734693877551,16.742453867075394
11.386567551183047,-65.75510204081633,16.742453867075394
11.386567551183047,-65.33673469387755,16.742453867075394
11.386567551183047,-64.91836734693877,16.742453867075394
11.386567551183047,-64.5,16.742453867075394
12.170650199178194,-85,17.14035150956134
12.170650199178194,-84.58163265306122,17.14035150956134
12.170650199178194,-84.16326530612245,17.14035150956134
12.170650199178194,-83.74489795918367,17.14035150956134
12.170650199178194,-83.3265306122449,17.14035150956134
12.170650199178194,-82.90816326530613,17.14035150956134
12.170650199178194,-82.48979591836735,17.14035150956134
12.170650199178194,-82.07142857142857,17.14035150956134
12.170650199178194,-81.65306122448979,17.14035150956134
12.170650199178194,-81.23469387755102,17.14035150956134
12.170650199178194,-80.81632653061224,17.14035150956134
12.170650199178194,-80.39795918367346,17.14035150956134
12.170650199178194,-79.9795918367347,17.14035150956134
12.170650199178194,-79.56122448979592,17.14035150956134
12.170650199178194,-79.14285714285714,17.14035150956134
12.170650199178194,-78.72448979591837,17.14035150956134
12.170650199178194,-78.3061224489796,17.14035150956134
12.170651516888302,-77.88775510204081,17.14035150956134
12.170651516888302,-77.46938775510205,17.14035150956134
12.170651516888302,-77.05102040816327,17.14035150956134
12.170651516888302,-76.63265306122449,17.14035150956134
12.170651516888302,-76.21428571428571,17.14035150956134
12.170651516888302,-75.79591836734694,17.14035150956134
12.170651516888302,-75.37755102040816,17.14035150956134
12.170651516888302,-74.95918367346938,17.14035150956134
12.170651516888302,-74.54081632653062,17.14035150956134
12.170651516888302,-74.12244897959184,17.14035150956134
11.959693860080693,-73.70408163265306,17.14035150956134
11.959693860080693,-73.28571428571428,17.14035150956134
11.959693860080693,-72.86734693877551,17.14035150956134
11.959693334123578,-72.44897959183673,17.14035150956134
11.959693334123578,-72.03061224489795,17.14035150956134
11.959693334123578,-71.61224489795919,17.14035150956134
11.959693334123578,-71.1938775510204,17.14035150956134
11.959693334123578,-70.77551020408163,17.14035150956134
11.959693334123578,-70.35714285714286,17.14035150956134
11.959693334123578,-69.93877551020408,17.14035150956134
11.959693334123578,-69.5204081632653,17.14035150956134
11.959693334123578,-69.10204081632654,17.14035150956134
11.386567551183047,-68.68367346938776,17.14035150956134
11.386567551183047,-68.26530612244898,17.14035150956134
11.386567551183047,-67.84693877551021,17.14035150956134
11.386567551183047,-67.42857142857143,17.14035150956134
11.386567551183047,-67.01020408163265,17.14035150956134
11.386567551183047,-66.59183673469389,17.14035150956134
11.386567551183047,-66.1734693877551,17.14035150956134
11.386567551183047,-65.75510204081633,17.14035150956134
11.386567551183047,-65.33673469387755,17.14035150956134
11.386567551183047,-64.91836734693877,17.14035150956134
11.386567551183047,-64.5,17.14035150956134
12.170650199178194,-85,17.538249152047293
12.170650199178194,-84.58163265306122,17.538249152047293
12.170650199178194,-84.16326530612245,17.538249152047293
12.170650199178194,-83.74489795918367,17.538249152047293
12.170650199178194,-83.3265306122449,17.538249152047293
12.170650199178194,-82.90816326530613,17.538249152047293
12.170650199178194,-82.48979591836735,17.538249152047293
12.170650199178194,-82.07142857142857,17.538249152047293
12.170650199178194,-81.65306122448979,17.538249152047293
12.170650199178194,-81.23469387755102,17.538249152047293
12.170650199178194,-80.81632653061224,17.538249152047293
12.170650199178194,-80.39795918367346,17.538249152047293
12.170650199178194,-79.9795918367347,17.538249152047293
12.170650199178194,-79.56122448979592,17.538249152047293
12.170650199178194,-79.14285714285714,17.538249152047293
12.170650199178194,-78.72448979591837,17.538249152047293
12.170650199178194,-78.3061224489796,17.538249152047293
12.170651516888302,-77.88775510204081,17.538249152047293
12.170651516888302,-77.46938775510205,17.538249152047293
12.170651516888302,-77.05102040816327,17.538249152047293
12.170651516888302,-76.63265306122449,17.538249152047293
12.170651516888302,-76.21428571428571,17.538249152047293
12.170651516888302,-75.79591836734694,17.538249152047293
12.170651516888302,-75.37755102040816,17.538249152047293
12.170651516888302,-74.95918367346938,17.538249152047293
12.170651516888302,-74.54081632653062,17.538249152047293
12.170651516888302,-74.12244897959184,17.538249152047293
11.959693860080693,-73.70408163265306,17.538249152047293
11.959693860080693,-73.28571428571428,17.538249152047293
11.959693860080693,-72.86734693877551,17.538249152047293
11.959693334123578,-72.44897959183673,17.538249152047293
11.959693334123578,-72.03061224489795,17.538249152047293
11.959693334123578,-71.61224489795919,17.538249152047293
11.959693334123578,-71.1938775510204,17.538249152047293
11.959693334123578,-70.77551020408163,17.538249152047293
11.959693334123578,-70.35714285714286,17.538249152047293
11.959693334123578,-69.93877551020408,17.538249152047293
11.959693334123578,-69.5204081632653,17.538249152047293
11.959693334123578,-69.10204081632654,17.538249152047293
11.386567551183047,-68.68367346938776,17.538249152047293
11.386567551183047,-68.26530612244898,17.538249152047293
11.386567551183047,-67.84693877551021,17.538249152047293
11.386567551183047,-67.42857142857143,17.538249152047293
11.386567551183047,-67.01020408163265,17.538249152047293
11.386567551183047,-66.59183673469389,17.538249152047293
11.386567551183047,-66.1734693877551,17.538249152047293
11.386567551183047,-65.75510204081633,17.538249152047293
11.386567551183047,-65.33673469387755,17.538249152047293
11.386567551183047,-64.91836734693877,17.538249152047293
11.386567551183047,-64.5,17.538249152047293
12.170650199178194,-85,17.93614679453324
12.170650199178194,-84.58163265306122,17.93614679453324
12.170650199178194,-84.16326530612245,17.93614679453324
12.170650199178194,-83.74489795918367,17.93614679453324
12.170650199178194,-83.3265306122449,17.93614679453324
12.170650199178194,-82.90816326530613,17.93614679453324
12.170650199178194,-82.48979591836735,17.93614679453324
12.170650199178194,-82.07142857142857,17.93614679453324
12.170650199178194,-81.65306122448979,17.93614679453324
12.170650199178194,-81.23469387755102,17.93614679453324
12.170650199178194,-80.81632653061224,17.93614679453324
12.170650199178194,-80.39795918367346,17.93614679453324
12.170650199178194,-79.9795918367347,17.93614679453324
12.170650199178194,-79.56122448979592,17.93614679453324
12.170650199178194,-79.14285714285714,17.93614679453324
12.170650199178194,-78.72448979591837,17.93614679453324
12.170650199178194,-78.3061224489796,17.93614679453324
12.170651516888302,-77.88775510204081,17.93614679453324
12.170651516888302,-77.46938775510205,17.93614679453324
12.170651516888302,-77.05102040816327,17.93614679453324
12.170651516888302,-76.63265306122449,17.93614679453324
12.170651516888302,-76.21428571428571,17.93614679453324
12.170651516888302,-75.79591836734694,17.93614679453324
12.170651516888302,-75.37755102040816,17.93614679453324
12.170651516888302,-74.95918367346938,17.93614679453324
12.170651516888302,-74.54081632653062,17.93614679453324
12.170651516888302,-74.12244897959184,17.93614679453324
11.959693860080693,-73.70408163265306,17.93614679453324
11.959693860080693,-73.28571428571428,17.93614679453324
11.959693860080693,-72.86734693877551,17.93614679453324
11.959693334123578,-72.44897959183673,17.93614679453324
11.959693334123578,-72.03061224489795,17.93614679453324
11.959693334123578,-71.61224489795919,17.93614679453324
11.959693334123578,-71.1938775510204,17.93614679453324
11.959693334123578,-70.77551020408163,17.93614679453324
11.959693334123578,-70.35714285714286,17.93614679453324
11.959693334123578,-69.93877551020408,17.93614679453324
11.959693334123578,-69.5204081632653,17.93614679453324
11.959693334123578,-69.10204081632654,17.93614679453324
11.386567551183047,-68.68367346938776,17.93614679453324
11.386567551183047,-68.26530612244898,17.93614679453324
11.386567551183047,-67.84693877551021,17.93614679453324
11.386567551183047,-67.42857142857143,17.93614679453324
11.386567551183047,-67.01020408163265,17.93614679453324
11.386567551183047,-66.59183673469389,17.93614679453324
11.386567551183047,-66.1734693877551,17.93614679453324
11.386567551183047,-65.75510204081633,17.93614679453324
11.386567551183047,-65.33673469387755,17.93614679453324
11.386567551183047,-64.91836734693877,17.93614679453324
11.386567551183047,-64.5,17.93614679453324
12.170650199178194,-85,18.33404443701919
12.170650199178194,-84.58163265306122,18.33404443701919
12.170650199178194,-84.16326530612245,18.33404443701919
12.170650199178194,-83.74489795918367,18.33404443701919
12.170650199178194,-83.3265306122449,18.33404443701919
12.170650199178194,-82.90816326530613,18.33404443701919
12.170650199178194,-82.48979591836735,18.33404443701919
12.170650199178194,-82.07142857142857,18.33404443701919
12.170650199178194,-81.65306122448979,18.33404443701919
12.170650199178194,-81.23469387755102,18.33404443701919
12.170650199178194,-80.81632653061224,18.33404443701919
12.170650199178194,-80.39795918367346,18.33404443701919
12.170650199178194,-79.9795918367347,18.33404443701919
12.170650199178194,-79.56122448979592,18.33404443701919
12.170650199178194,-79.14285714285714,18.33404443701919
12.170650199178194,-78.72448979591837,18.33404443701919
12.170650199178194,-78.3061224489796,18.33404443701919
12.170651516888302,-77.88775510204081,18.33404443701919
12.170651516888302,-77.46938775510205,18.33404443701919
12.170651516888302,-77.05102040816327,18.33404443701919
12.170651516888302,-76.63265306122449,18.33404443701919
12.170651516888302,-76.21428571428571,18.33404443701919
12.170651516888302,-75.79591836734694,18.33404443701919
12.170651516888302,-75.37755102040816,18.33404443701919
12.170651516888302,-74.95918367346938,18.33404443701919
12.170651516888302,-74.54081632653062,18.33404443701919
12.170651516888302,-74.12244897959184,18.33404443701919
11.959693860080693,-73.70408163265306,18.33404443701919
11.959693860080693,-73.28571428571428,18.33404443701919
11.959693860080693,-72.86734693877551,18.33404443701919
11.959693334123578,-72.44897959183673,18.33404443701919
11.959693334123578,-72.03061224489795,18.33404443701919
11.959693334123578,-71.61224489795919,18.33404443701919
11.959693334123578,-71.1938775510204,18.33404443701919
11.959693334123578,-70.77551020408163,18.33404443701919
11.959693334123578,-70.35714285714286,18.33404443701919
11.959693334123578,-69.93877551020408,18.33404443701919
11.959693334123578,-69.5204081632653,18.33404443701919
11.959693334123578,-69.10204081632654,18.33404443701919
11.386567551183047,-68.68367346938776,18.33404443701919
11.386567551183047,-68.26530612244898,18.33404443701919
11.386567551183047,-67.84693877551021,18.33404443701919
11.386567551183047,-67.42857142857143,18.33404443701919
11.386567551183047,-67.01020408163265,18.33404443701919
11.386567551183047,-66.59183673469389,18.33404443701919
11.386567551183047,-66.1734693877551,18.33404443701919
11.386567551183047,-65.75510204081633,18.33404443701919
11.386567551183047,-65.33673469387755,18.33404443701919
11.386567551183047,-64.91836734693877,18.33404443701919
11.386567551183047,-64.5,18.33404443701919
12.170650199178194,-85,18.73194207950514
12.170650199178194,-84.58163265306122,18.73194207950514
12.170650199178194,-84.16326530612245,18.73194207950514
12.170650199178194,-83.74489795918367,18.73194207950514
12.170650199178194,-83.3265306122449,18.73194207950514
12.170650199178194,-82.90816326530613,18.73194207950514
12.170650199178194,-82.48979591836735,18.73194207950514
12.170650199178194,-82.07142857142857,18.73194207950514
12.170650199178194,-81.65306122448979,18.73194207950514
12.170650199178194,-81.23469387755102,18.73194207950514
12.170650199178194,-80.81632653061224,18.73194207950514
12.170650199178194,-80.39795918367346,18.73194207950514
12.170650199178194,-79.9795918367347,18.73194207950514
12.170650199178194,-79.56122448979592,18.73194207950514
12.170650199178194,-79.14285714285714,18.73194207950514
12.170650199178194,-78.72448979591837,18.73194207950514
12.170650199178194,-78.3061224489796,18.73194207950514
12.170651516888302,-77.88775510204081,18.73194207950514
12.170651516888302,-77.46938775510205,18.73194207950514
12.170651516888302,-77.05102040816327,18.73194207950514
12.170651516888302,-76.63265306122449,18.73194207950514
12.170651516888302,-76.21428571428571,18.73194207950514
12.170651516888302,-75.79591836734694,18.73194207950514
12.170651516888302,-75.37755102040816,18.73194207950514
12.170651516888302,-74.95918367346938,18.73194207950514
12.170651516888302,-74.54081632653062,18.73194207950514
12.170651516888302,-74.12244897959184,18.73194207950514
11.959693860080693,-73.70408163265306,18.73194207950514
11.959693860080693,-73.28571428571428,18.73194207950514
11.959693860080693,-72.86734693877551,18.73194207950514
11.959693334123578,-72.44897959183673,18.73194207950514
11.959693334123578,-72.03061224489795,18.73194207950514
11.959693334123578,-71.61224489795919,18.73194207950514
11.959693334123578,-71.1938775510204,18.73194207950514
11.959693334123578,-70.77551020408163,18.73194207950514
11.959693334123578,-70.35714285714286,18.73194207950514
11.959693334123578,-69.93877551020408,18.73194207950514
11.959693334123578,-69.5204081632653,18.73194207950514
11.959693334123578,-69.10204081632654,18.73194207950514
11.386567551183047,-68.68367346938776,18.73194207950514
11.386567551183047,-68.26530612244898,18.73194207950514
11.386567551183047,-67.84693877551021,18.73194207950514
11.386567551183047,-67.42857142857143,18.73194207950514
11.386567551183047,-67.01020408163265,18.73194207950514
11.386567551183047,-66.59183673469389,18.73194207950514
11.386567551183047,-66.1734693877551,18.73194207950514
11.386567551183047,-65.75510204081633,18.73194207950514
11.386567551183047,-65.33673469387755,18.73194207950514
11.386567551183047,-64.91836734693877,18.73194207950514
11.386567551183047,-64.5,18.73194207950514
12.170650199178194,-85,19.12983972199109
12.170650199178194,-84.58163265306122,19.12983972199109
12.170650199178194,-84.16326530612245,19.12983972199109
12.170650199178194,-83.74489795918367,19.12983972199109
12.170650199178194,-83.3265306122449,19.12983972199109
12.170650199178194,-82.90816326530613,19.12983972199109
12.170650199178194,-82.48979591836735,19.12983972199109
12.170650199178194,-82.07142857142857,19.12983972199109
12.170650199178194,-81.65306122448979,19.12983972199109
12.170650199178194,-81.23469387755102,19.12983972199109
12.170650199178194,-80.81632653061224,19.12983972199109
12.170650199178194,-80.39795918367346,19.12983972199109
12.170650199178194,-79.9795918367347,19.12983972199109
12.170650199178194,-79.56122448979592,19.12983972199109
12.170650199178194,-79.14285714285714,19.12983972199109
12.170650199178194,-78.72448979591837,19.12983972199109
12.170650199178194,-78.3061224489796,19.12983972199109
12.170651516888302,-77.88775510204081,19.12983972199109
12.170651516888302,-77.46938775510205,19.12983972199109
12.170651516888302,-77.05102040816327,19.12983972199109
12.170651516888302,-76.63265306122449,19.12983972199109
12.170651516888302,-76.21428571428571,19.12983972199109
12.170651516888302,-75.79591836734694,19.12983972199109
12.170651516888302,-75.37755102040816,19.12983972199109
12.170651516888302,-74.95918367346938,19.12983972199109
12.170651516888302,-74.54081632653062,19.12983972199109
12.170651516888302,-74.12244897959184,19.12983972199109
11.959693860080693,-73.70408163265306,19.12983972199109
11.959693860080693,-73.28571428571428,19.12983972199109
11.959693860080693,-72.86734693877551,19.12983972199109
11.959693334123578,-72.44897959183673,19.12983972199109
11.959693334123578,-72.03061224489795,19.12983972199109
11.959693334123578,-71.61224489795919,19.12983972199109
11.959693334123578,-71.1938775510204,19.12983972199109
11.959693334123578,-70.77551020408163,19.12983972199109
11.959693334123578,-70.35714285714286,19.12983972199109
11.959693334123578,-69.93877551020408,19.12983972199109
11.959693334123578,-69.5204081632653,19.12983972199109
11.959693334123578,-69.10204081632654,19.12983972199109
11.386567551183047,-68.68367346938776,19.12983972199109
11.386567551183047,-68.26530612244898,19.12983972199109
11.386567551183047,-67.84693877551021,19.12983972199109
11.386567551183047,-67.42857142857143,19.12983972199109
11.386567551183047,-67.01020408163265,19.12983972199109
11.386567551183047,-66.59183673469389,19.12983972199109
11.386567551183047,-66.1734693877551,19.12983972199109
11.386567551183047,-65.75510204081633,19.12983972199109
11.386567551183047,-65.33673469387755,19.12983972199109
11.386567551183047,-64.91836734693877,19.12983972199109
11.386567551183047,-64.5,19.12983972199109
12.170650199178194,-85,19.527737364477037
12.170650199178194,-84.58163265306122,19.527737364477037
12.170650199178194,-84.16326530612245,19.527737364477037
12.170650199178194,-83.74489795918367,19.527737364477037
12.170650199178194,-83.3265306122449,19.527737364477037
12.170650199178194,-82.90816326530613,19.527737364477037
12.170650199178194,-82.48979591836735,19.527737364477037
12.170650199178194,-82.07142857142857,19.527737364477037
12.170650199178194,-81.65306122448979,19.527737364477037
12.170650199178194,-81.23469387755102,19.527737364477037
12.170650199178194,-80.81632653061224,19.527737364477037
12.170650199178194,-80.39795918367346,19.527737364477037
12.170650199178194,-79.9795918367347,19.527737364477037
12.170650199178194,-79.56122448979592,19.527737364477037
12.170650199178194,-79.14285714285714,19.527737364477037
12.170650199178194,-78.72448979591837,19.527737364477037
12.170650199178194,-78.3061224489796,19.527737364477037
12.170651516888302,-77.88775510204081,19.527737364477037
12.170651516888302,-77.46938775510205,19.527737364477037
12.170651516888302,-77.05102040816327,19.527737364477037
12.170651516888302,-76.63265306122449,19.527737364477037
12.170651516888302,-76.21428571428571,19.527737364477037
12.170651516888302,-75.79591836734694,19.527737364477037
12.170651516888302,-75.37755102040816,19.527737364477037
12.170651516888302,-74.95918367346938,19.527737364477037
12.170651516888302,-74.54081632653062,19.527737364477037
12.170651516888302,-74.12244897959184,19.527737364477037
11.959693860080693,-73.70408163265306,19.527737364477037
11.959693860080693,-73.28571428571428,19.527737364477037
11.959693860080693,-72.86734693877551,19.527737364477037
11.959693334123578,-72.44897959183673,19.527737364477037
11.959693334123578,-72.03061224489795,19.527737364477037
11.959693334123578,-71.61224489795919,19.527737364477037
11.959693334123578,-71.1938775510204,19.527737364477037
11.959693334123578,-70.77551020408163,19.527737364477037
11.959693334123578,-70.35714285714286,19.527737364477037
11.959693334123578,-69.93877551020408,19.527737364477037
11.959693334123578,-69.5204081632653,19.527737364477037
11.959693334123578,-69.10204081632654,19.527737364477037
11.386567551183047,-68.68367346938776,19.527737364477037
11.386567551183047,-68.26530612244898,19.527737364477037
11.386567551183047,-67.84693877551021,19.527737364477037
11.386567551183047,-67.42857142857143,19.527737364477037
11.386567551183047,-67.01020408163265,19.527737364477037
11.386567551183047,-66.59183673469389,19.527737364477037
11.386567551183047,-66.1734693877551,19.527737364477037
11.386567551183047,-65.75510204081633,19.527737364477037
11.386567551183047,-65.33673469387755,19.527737364477037
11.386567551183047,-64.91836734693877,19.527737364477037
11.386567551183047,-64.5,19.527737364477037
12.170650199178194,-85,19.925635006962988
12.170650199178194,-84.58163265306122,19.925635006962988
12.170650199178194,-84.16326530612245,19.925635006962988
12.170650199178194,-83.74489795918367,19.925635006962988
12.170650199178194,-83.3265306122449,19.925635006962988
12.170650199178194,-82.90816326530613,19.925635006962988
12.170650199178194,-82.48979591836735,19.925635006962988
12.170650199178194,-82.07142857142857,19.925635006962988
12.170650199178194,-81.65306122448979,19.925635006962988
12.170650199178194,-81.23469387755102,19.925635006962988
12.170650199178194,-80.81632653061224,19.925635006962988
12.170650199178194,-80.39795918367346,19.925635006962988
12.170650199178194,-79.9795918367347,19.925635006962988
12.170650199178194,-79.56122448979592,19.925635006962988
12.170650199178194,-79.14285714285714,19.925635006962988
12.170650199178194,-78.72448979591837,19.925635006962988
12.170650199178194,-78.3061224489796,19.925635006962988
12.170651516888302,-77.88775510204081,19.925635006962988
12.170651516888302,-77.46938775510205,19.925635006962988
12.170651516888302,-77.05102040816327,19.925635006962988
12.170651516888302,-76.63265306122449,19.925635006962988
12.170651516888302,-76.21428571428571,19.925635006962988
12.170651516888302,-75.79591836734694,19.925635006962988
12.170651516888302,-75.37755102040816,19.925635006962988
12.170651516888302,-74.95918367346938,19.925635006962988
12.170651516888302,-74.54081632653062,19.925635006962988
12.170651516888302,-74.12244897959184,19.925635006962988
11.959693860080693,-73.70408163265306,19.925635006962988
11.959693860080693,-73.28571428571428,19.925635006962988
11.959693860080693,-72.86734693877551,19.925635006962988
11.959693334123578,-72.44897959183673,19.925635006962988
11.959693334123578,-72.03061224489795,19.925635006962988
11.959693334123578,-71.61224489795919,19.925635006962988
11.959693334123578,-71.1938775510204,19.925635006962988
11.959693334123578,-70.77551020408163,19.925635006962988
11.959693334123578,-70.35714285714286,19.925635006962988
11.959693334123578,-69.93877551020408,19.925635006962988
11.959693334123578,-69.5204081632653,19.925635006962988
11.959693334123578,-69.10204081632654,19.925635006962988
11.386567551183047,-68.68367346938776,19.925635006962988
11.386567551183047,-68.26530612244898,19.925635006962988
11.386567551183047,-67.84693877551021,19.925635006962988
11.386567551183047,-67.42857142857143,19.925635006962988
11.386567551183047,-67.01020408163265,19.925635006962988
11.386567551183047,-66.59183673469389,19.925635006962988
11.386567551183047,-66.1734693877551,19.925635006962988
11.386567551183047,-65.75510204081633,19.925635006962988
11.386567551183047,-65.33673469387755,19.925635006962988
11.386567551183047,-64.91836734693877,19.925635006962988
11.386567551183047,-64.5,19.925635006962988
12.170650199178194,-85,20.323532649448936
12.170650199178194,-84.58163265306122,20.323532649448936
12.170650199178194,-84.16326530612245,20.323532649448936
12.170650199178194,-83.74489795918367,20.323532649448936
12.170650199178194,-83.3265306122449,20.323532649448936
12.170650199178194,-82.90816326530613,20.323532649448936
12.170650199178194,-82.48979591836735,20.323532649448936
12.170650199178194,-82.07142857142857,20.323532649448936
12.170650199178194,-81.65306122448979,20.323532649448936
12.170650199178194,-81.23469387755102,20.323532649448936
12.170650199178194,-80.81632653061224,20.323532649448936
12.170650199178194,-80.39795918367346,20.323532649448936
12.170650199178194,-79.9795918367347,20.323532649448936
12.170650199178194,-79.56122448979592,20.323532649448936
12.170650199178194,-79.14285714285714,20.323532649448936
12.170650199178194,-78.72448979591837,20.323532649448936
12.170650199178194,-78.3061224489796,20.323532649448936
12.170651516888302,-77.88775510204081,20.323532649448936
12.170651516888302,-77.46938775510205,20.323532649448936
12.170651516888302,-77.05102040816327,20.323532649448936
12.170651516888302,-76.63265306122449,20.323532649448936
12.170651516888302,-76.21428571428571,20.323532649448936
12.170651516888302,-75.79591836734694,20.323532649448936
12.170651516888302,-75.37755102040816,20.323532649448936
12.170651516888302,-74.95918367346938,20.323532649448936
12.170651516888302,-74.54081632653062,20.323532649448936
12.170651516888302,-74.12244897959184,20.323532649448936
11.959693860080693,-73.70408163265306,20.323532649448936
11.959693860080693,-73.28571428571428,20.323532649448936
11.959693860080693,-72.86734693877551,20.323532649448936
11.959693334123578,-72.44897959183673,20.323532649448936
11.959693334123578,-72.03061224489795,20.323532649448936
11.959693334123578,-71.61224489795919,20.323532649448936
11.959693334123578,-71.1938775510204,20.323532649448936
11.959693334123578,-70.77551020408163,20.323532649448936
11.959693334123578,-70.35714285714286,20.323532649448936
11.959693334123578,-69.93877551020408,20.323532649448936
11.959693334123578,-69.5204081632653,20.323532649448936
11.959693334123578,-69.10204081632654,20.323532649448936
11.386567551183047,-68.68367346938776,20.323532649448936
11.386567551183047,-68.26530612244898,20.323532649448936
11.386567551183047,-67.84693877551021,20.323532649448936
11.386567551183047,-67.42857142857143,20.323532649448936
11.386567551183047,-67.01020408163265,20.323532649448936
11.386567551183047,-66.59183673469389,20.323532649448936
11.386567551183047,-66.1734693877551,20.323532649448936
11.386567551183047,-65.75510204081633,20.323532649448936
11.386567551183047,-65.33673469387755,20.323532649448936
11.386567551183047,-64.91836734693877,20.323532649448936
11.386567551183047,-64.5,20.323532649448936
12.170650199178194,-85,20.721430291934887
12.170650199178194,-84.58163265306122,20.721430291934887
12.170650199178194,-84.16326530612245,20.721430291934887
12.170650199178194,-83.74489795918367,20.721430291934887
12.170650199178194,-83.3265306122449,20.721430291934887
12.170650199178194,-82.90816326530613,20.721430291934887
12.170650199178194,-82.48979591836735,20.721430291934887
12.170650199178194,-82.07142857142857,20.721430291934887
12.170650199178194,-81.65306122448979,20.721430291934887
12.170650199178194,-81.23469387755102,20.721430291934887
12.170650199178194,-80.81632653061224,20.721430291934887
12.170650199178194,-80.39795918367346,20.721430291934887
12.170650199178194,-79.9795918367347,20.721430291934887
12.170650199178194,-79.56122448979592,20.721430291934887
12.170650199178194,-79.14285714285714,20.721430291934887
12.170650199178194,-78.72448979591837,20.721430291934887
12.170650199178194,-78.3061224489796,20.721430291934887
12.170651516888302,-77.88775510204081,20.721430291934887
12.170651516888302,-77.46938775510205,20.721430291934887
12.170651516888302,-77.05102040816327,20.721430291934887
12.170651516888302,-76.63265306122449,20.721430291934887
12.170651516888302,-76.21428571428571,20.721430291934887
12.170651516888302,-75.79591836734694,20.721430291934887
12.170651516888302,-75.37755102040816,20.721430291934887
12.170651516888302,-74.95918367346938,20.721430291934887
12.170651516888302,-74.54081632653062,20.721430291934887
12.170651516888302,-74.12244897959184,20.721430291934887
11.959693860080693,-73.70408163265306,20.721430291934887
11.959693860080693,-73.28571428571428,20.721430291934887
11.959693860080693,-72.86734693877551,20.721430291934887
11.959693334123578,-72.44897959183673,20.721430291934887
11.959693334123578,-72.03061224489795,20.721430291934887
11.959693334123578,-71.61224489795919,20.721430291934887
11.959693334123578,-71.1938775510204,20.721430291934887
11.959693334123578,-70.77551020408163,20.721430291934887
11.959693334123578,-70.35714285714286,20.721430291934887
11.959693334123578,-69.93877551020408,20.721430291934887
11.959693334123578,-69.5204081632653,20.721430291934887
11.959693334123578,-69.10204081632654,20.721430291934887
11.386567551183047,-68.68367346938776,20.721430291934887
11.386567551183047,-68.26530612244898,20.721430291934887
11.386567551183047,-67.84693877551021,20.721430291934887
11.386567551183047,-67.42857142857143,20.721430291934887
11.386567551183047,-67.01020408163265,20.721430291934887
11.386567551183047,-66.59183673469389,20.721430291934887
11.386567551183047,-66.1734693877551,20.721430291934887
11.386567551183047,-65.75510204081633,20.721430291934887
11.386567551183047,-65.33673469387755,20.721430291934887
11.386567551183047,-64.91836734693877,20.721430291934887
11.386567551183047,-64.5,20.721430291934887
12.170650199178194,-85,21.119327934420834
12.170650199178194,-84.58163265306122,21.119327934420834
12.170650199178194,-84.16326530612245,21.119327934420834
12.170650199178194,-83.74489795918367,21.119327934420834
12.170650199178194,-83.3265306122449,21.119327934420834
12.170650199178194,-82.90816326530613,21.119327934420834
12.170650199178194,-82.48979591836735,21.119327934420834
12.170650199178194,-82.07142857142857,21.119327934420834
12.170650199178194,-81.65306122448979,21.119327934420834
12.170650199178194,-81.23469387755102,21.119327934420834
12.170650199178194,-80.81632653061224,21.119327934420834
12.170650199178194,-80.39795918367346,21.119327934420834
12.170650199178194,-79.9795918367347,21.119327934420834
12.170650199178194,-79.56122448979592,21.119327934420834
12.170650199178194,-79.14285714285714,21.119327934420834
12.170650199178194,-78.72448979591837,21.119327934420834
12.170650199178194,-78.3061224489796,21.119327934420834
12.170651516888302,-77.88775510204081,21.119327934420834
12.170651516888302,-77.46938775510205,21.119327934420834
12.170651516888302,-77.05102040816327,21.119327934420834
12.170651516888302,-76.63265306122449,21.119327934420834
12.170651516888302,-76.21428571428571,21.119327934420834
12.170651516888302,-75.79591836734694,21.119327934420834
12.170651516888302,-75.37755102040816,21.119327934420834
12.170651516888302,-74.95918367346938,21.119327934420834
12.170651516888302,-74.54081632653062,21.119327934420834
12.170651516888302,-74.12244897959184,21.119327934420834
11.959693860080693,-73.70408163265306,21.119327934420834
11.959693860080693,-73.28571428571428,21.119327934420834
11.959693860080693,-72.86734693877551,21.119327934420834
11.959693334123578,-72.44897959183673,21.119327934420834
11.959693334123578,-72.03061224489795,21.119327934420834
11.959693334123578,-71.61224489795919,21.119327934420834
11.959693334123578,-71.1938775510204,21.119327934420834
11.959693334123578,-70.77551020408163,21.119327934420834
11.959693334123578,-70.35714285714286,21.119327934420834
11.959693334123578,-69.93877551020408,21.119327934420834
11.959693334123578,-69.5204081632653,21.119327934420834
11.959693334123578,-69.10204081632654,21.119327934420834
11.386567551183047,-68.68367346938776,21.119327934420834
11.386567551183047,-68.26530612244898,21.119327934420834
11.386567551183047,-67.84693877551021,21.119327934420834
11.386567551183047,-67.42857142857143,21.119327934420834
11.386567551183047,-67.01020408163265,21.119327934420834
11.386567551183047,-66.59183673469389,21.119327934420834
11.386567551183047,-66.1734693877551,21.119327934420834
11.386567551183047,-65.75510204081633,21.119327934420834
11.386567551183047,-65.33673469387755,21.119327934420834
11.386567551183047,-64.91836734693877,21.119327934420834
11.386567551183047,-64.5,21.119327934420834
12.170650199178194,-85,21.517225576906785
12.170650199178194,-84.58163265306122,21.517225576906785
12.170650199178194,-84.16326530612245,21.517225576906785
12.170650199178194,-83.74489795918367,21.517225576906785
12.170650199178194,-83.3265306122449,21.517225576906785
12.170650199178194,-82.90816326530613,21.517225576906785
12.170650199178194,-82.48979591836735,21.517225576906785
12.170650199178194,-82.07142857142857,21.517225576906785
12.170650199178194,-81.65306122448979,21.517225576906785
12.170650199178194,-81.23469387755102,21.517225576906785
12.170650199178194,-80.81632653061224,21.517225576906785
12.170650199178194,-80.39795918367346,21.517225576906785
12.170650199178194,-79.9795918367347,21.517225576906785
12.170650199178194,-79.56122448979592,21.517225576906785
12.170650199178194,-79.14285714285714,21.517225576906785
12.170650199178194,-78.72448979591837,21.517225576906785
12.170650199178194,-78.3061224489796,21.517225576906785
12.170651516888302,-77.88775510204081,21.517225576906785
12.170651516888302,-77.46938775510205,21.517225576906785
12.170651516888302,-77.05102040816327,21.517225576906785
12.170651516888302,-76.63265306122449,21.517225576906785
12.170651516888302,-76.21428571428571,21.517225576906785
12.170651516888302,-75.79591836734694,21.517225576906785
12.170651516888302,-75.37755102040816,21.517225576906785
12.170651516888302,-74.95918367346938,21.517225576906785
12.170651516888302,-74.54081632653062,21.517225576906785
12.170651516888302,-74.12244897959184,21.517225576906785
11.959693860080693,-73.70408163265306,21.517225576906785
11.959693860080693,-73.28571428571428,21.517225576906785
11.959693860080693,-72.86734693877551,21.517225576906785
11.959693334123578,-72.44897959183673,21.517225576906785
11.959693334123578,-72.03061224489795,21.517225576906785
11.959693334123578,-71.61224489795919,21.517225576906785
11.959693334123578,-71.1938775510204,21.517225576906785
11.959693334123578,-70.77551020408163,21.517225576906785
11.959693334123578,-70.35714285714286,21.517225576906785
11.959693334123578,-69.93877551020408,21.517225576906785
11.959693334123578,-69.5204081632653,21.517225576906785
11.959693334123578,-69.10204081632654,21.517225576906785
11.386567551183047,-68.68367346938776,21.517225576906785
11.386567551183047,-68.26530612244898,21.517225576906785
11.386567551183047,-67.84693877551021,21.517225576906785
11.386567551183047,-67.42857142857143,21.517225576906785
11.386567551183047,-67.01020408163265,21.517225576906785
11.386567551183047,-66.59183673469389,21.517225576906785
11.386567551183047,-66.1734693877551,21.517225576906785
11.386567551183047,-65.75510204081633,21.517225576906785
11.386567551183047,-65.33673469387755,21.517225576906785
11.386567551183047,-64.91836734693877,21.517225576906785
11.386567551183047,-64.5,21.517225576906785
12.170650199178194,-85,21.915123219392733
12.170650199178194,-84.58163265306122,21.915123219392733
12.170650199178194,-84.16326530612245,21.915123219392733
12.170650199178194,-83.74489795918367,21.915123219392733
12.170650199178194,-83.3265306122449,21.915123219392733
12.170650199178194,-82.90816326530613,21.915123219392733
12.170650199178194,-82.48979591836735,21.915123219392733
12.170650199178194,-82.07142857142857,21.915123219392733
12.170650199178194,-81.65306122448979,21.915123219392733
12.170650199178194,-81.23469387755102,21.915123219392733
12.170650199178194,-80.81632653061224,21.915123219392733
12.170650199178194,-80.39795918367346,21.915123219392733
12.170650199178194,-79.9795918367347,21.915123219392733
12.170650199178194,-79.56122448979592,21.915123219392733
12.170650199178194,-79.14285714285714,21.915123219392733
12.170650199178194,-78.72448979591837,21.915123219392733
12.170650199178194,-78.3061224489796,21.915123219392733
12.170651516888302,-77.88775510204081,21.915123219392733
12.170651516888302,-77.46938775510205,21.915123219392733
12.170651516888302,-77.05102040816327,21.915123219392733
12.170651516888302,-76.63265306122449,21.915123219392733
12.170651516888302,-76.21428571428571,21.915123219392733
12.170651516888302,-75.79591836734694,21.915123219392733
12.170651516888302,-75.37755102040816,21.915123219392733
12.170651516888302,-74.95918367346938,21.915123219392733
12.170651516888302,-74.54081632653062,21.915123219392733
12.170651516888302,-74.12244897959184,21.915123219392733
11.959693860080693,-73.70408163265306,21.915123219392733
11.959693860080693,-73.28571428571428,21.915123219392733
11.959693860080693,-72.86734693877551,21.915123219392733
11.959693334123578,-72.44897959183673,21.915123219392733
11.959693334123578,-72.03061224489795,21.915123219392733
11.959693334123578,-71.61224489795919,21.915123219392733
11.959693334123578,-71.1938775510204,21.915123219392733
11.959693334123578,-70.77551020408163,21.915123219392733
11.959693334123578,-70.35714285714286,21.915123219392733
11.959693334123578,-69.93877551020408,21.915123219392733
11.959693334123578,-69.5204081632653,21.915123219392733
11.959693334123578,-69.10204081632654,21.915123219392733
11.386567551183047,-68.68367346938776,21.915123219392733
11.386567551183047,-68.26530612244898,21.915123219392733
11.386567551183047,-67.84693877551021,21.915123219392733
11.386567551183047,-67.42857142857143,21.915123219392733
11.386567551183047,-67.01020408163265,21.915123219392733
11.386567551183047,-66.59183673469389,21.915123219392733
11.386567551183047,-66.1734693877551,21.915123219392733
11.386567551183047,-65.75510204081633,21.915123219392733
11.386567551183047,-65.33673469387755,21.915123219392733
11.386567551183047,-64.91836734693877,21.915123219392733
11.386567551183047,-64.5,21.915123219392733
12.170650199178194,-85,22.313020861878684
12.170650199178194,-84.58163265306122,22.313020861878684
12.170650199178194,-84.16326530612245,22.313020861878684
12.170650199178194,-83.74489795918367,22.313020861878684
12.170650199178194,-83.3265306122449,22.313020861878684
12.170650199178194,-82.90816326530613,22.313020861878684
12.170650199178194,-82.48979591836735,22.313020861878684
12.170650199178194,-82.07142857142857,22.313020861878684
12.170650199178194,-81.65306122448979,22.313020861878684
12.170650199178194,-81.23469387755102,22.313020861878684
12.170650199178194,-80.81632653061224,22.313020861878684
12.170650199178194,-80.39795918367346,22.313020861878684
12.170650199178194,-79.9795918367347,22.313020861878684
12.170650199178194,-79.56122448979592,22.313020861878684
12.170650199178194,-79.14285714285714,22.313020861878684
12.170650199178194,-78.72448979591837,22.313020861878684
12.170650199178194,-78.3061224489796,22.313020861878684
12.170651516888302,-77.88775510204081,22.313020861878684
12.170651516888302,-77.46938775510205,22.313020861878684
12.170651516888302,-77.05102040816327,22.313020861878684
12.170651516888302,-76.63265306122449,22.313020861878684
12.170651516888302,-76.21428571428571,22.313020861878684
12.170651516888302,-75.79591836734694,22.313020861878684
12.170651516888302,-75.37755102040816,22.313020861878684
12.170651516888302,-74.95918367346938,22.313020861878684
12.170651516888302,-74.54081632653062,22.313020861878684
12.170651516888302,-74.12244897959184,22.313020861878684
11.959693860080693,-73.70408163265306,22.313020861878684
11.959693860080693,-73.28571428571428,22.313020861878684
11.959693860080693,-72.86734693877551,22.313020861878684
11.959693334123578,-72.44897959183673,22.313020861878684
11.959693334123578,-72.03061224489795,22.313020861878684
11.959693334123578,-71.61224489795919,22.313020861878684
11.959693334123578,-71.1938775510204,22.313020861878684
11.959693334123578,-70.77551020408163,22.313020861878684
11.959693334123578,-70.35714285714286,22.313020861878684
11.959693334123578,-69.93877551020408,22.313020861878684
11.959693334123578,-69.5204081632653,22.313020861878684
11.959693334123578,-69.10204081632654,22.313020861878684
11.386567551183047,-68.68367346938776,22.313020861878684
11.386567551183047,-68.26530612244898,22.313020861878684
11.386567551183047,-67.84693877551021,22.313020861878684
11.386567551183047,-67.42857142857143,22.313020861878684
11.386567551183047,-67.01020408163265,22.313020861878684
11.386567551183047,-66.59183673469389,22.313020861878684
11.386567551183047,-66.1734693877551,22.313020861878684
11.386567551183047,-65.75510204081633,22.313020861878684
11.386567551183047,-65.33673469387755,22.313020861878684
11.386567551183047,-64.91836734693877,22.313020861878684
11.386567551183047,-64.5,22.313020861878684
12.170650199178194,-85,22.710918504364635
12.170650199178194,-84.58163265306122,22.710918504364635
12.170650199178194,-84.16326530612245,22.710918504364635
12.170650199178194,-83.74489795918367,22.710918504364635
12.170650199178194,-83.3265306122449,22.710918504364635
12.170650199178194,-82.90816326530613,22.710918504364635
12.170650199178194,-82.48979591836735,22.710918504364635
12.170650199178194,-82.07142857142857,22.710918504364635
12.170650199178194,-81.65306122448979,22.710918504364635
12.170650199178194,-81.23469387755102,22.710918504364635
12.170650199178194,-80.81632653061224,22.710918504364635
12.170650199178194,-80.39795918367346,22.710918504364635
12.170650199178194,-79.9795918367347,22.710918504364635
12.170650199178194,-79.56122448979592,22.710918504364635
12.170650199178194,-79.14285714285714,22.710918504364635
12.170650199178194,-78.72448979591837,22.710918504364635
12.170650199178194,-78.3061224489796,22.710918504364635
12.170651516888302,-77.88775510204081,22.710918504364635
12.170651516888302,-77.46938775510205,22.710918504364635
12.170651516888302,-77.05102040816327,22.710918504364635
12.170651516888302,-76.63265306122449,22.710918504364635
12.170651516888302,-76.21428571428571,22.710918504364635
12.170651516888302,-75.79591836734694,22.710918504364635
12.170651516888302,-75.37755102040816,22.710918504364635
12.170651516888302,-74.95918367346938,22.710918504364635
12.170651516888302,-74.54081632653062,22.710918504364635
12.170651516888302,-74.12244897959184,22.710918504364635
11.959693860080693,-73.70408163265306,22.710918504364635
11.959693860080693,-73.28571428571428,22.710918504364635
11.959693860080693,-72.86734693877551,22.710918504364635
11.959693334123578,-72.44897959183673,22.710918504364635
11.959693334123578,-72.03061224489795,22.710918504364635
11.959693334123578,-71.61224489795919,22.710918504364635
11.959693334123578,-71.1938775510204,22.710918504364635
11.959693334123578,-70.77551020408163,22.710918504364635
11.959693334123578,-70.35714285714286,22.710918504364635
11.959693334123578,-69.93877551020408,22.710918504364635
11.959693334123578,-69.5204081632653,22.710918504364635
11.959693334123578,-69.10204081632654,22.710918504364635
11.386567551183047,-68.68367346938776,22.710918504364635
11.386567551183047,-68.26530612244898,22.710918504364635
11.386567551183047,-67.84693877551021,22.710918504364635
11.386567551183047,-67.42857142857143,22.710918504364635
11.386567551183047,-67.01020408163265,22.710918504364635
11.386567551183047,-66.59183673469389,22.710918504364635
11.386567551183047,-66.1734693877551,22.710918504364635
11.386567551183047,-65.75510204081633,22.710918504364635
11.386567551183047,-65.33673469387755,22.710918504364635
11.386567551183047,-64.91836734693877,22.710918504364635
11.386567551183047,-64.5,22.710918504364635
12.170650199178194,-85,23.108816146850582
12.170650199178194,-84.58163265306122,23.108816146850582
12.170650199178194,-84.16326530612245,23.108816146850582
12.170650199178194,-83.74489795918367,23.108816146850582
12.170650199178194,-83.3265306122449,23.108816146850582
12.170650199178194,-82.90816326530613,23.108816146850582
12.170650199178194,-82.48979591836735,23.108816146850582
12.170650199178194,-82.07142857142857,23.108816146850582
12.170650199178194,-81.65306122448979,23.108816146850582
12.170650199178194,-81.23469387755102,23.108816146850582
12.170650199178194,-80.81632653061224,23.108816146850582
12.170650199178194,-80.39795918367346,23.108816146850582
12.170650199178194,-79.9795918367347,23.108816146850582
12.170650199178194,-79.56122448979592,23.108816146850582
12.170650199178194,-79.14285714285714,23.108816146850582
12.170650199178194,-78.72448979591837,23.108816146850582
12.170650199178194,-78.3061224489796,23.108816146850582
12.170651516888302,-77.88775510204081,23.108816146850582
12.170651516888302,-77.46938775510205,23.108816146850582
12.170651516888302,-77.05102040816327,23.108816146850582
12.170651516888302,-76.63265306122449,23.108816146850582
12.170651516888302,-76.21428571428571,23.108816146850582
12.170651516888302,-75.79591836734694,23.108816146850582
12.170651516888302,-75.37755102040816,23.108816146850582
12.170651516888302,-74.95918367346938,23.108816146850582
12.170651516888302,-74.54081632653062,23.108816146850582
12.170651516888302,-74.12244897959184,23.108816146850582
11.959693860080693,-73.70408163265306,23.108816146850582
11.959693860080693,-73.28571428571428,23.108816146850582
11.959693860080693,-72.86734693877551,23.108816146850582
11.959693334123578,-72.44897959183673,23.108816146850582
11.959693334123578,-72.03061224489795,23.108816146850582
11.959693334123578,-71.61224489795919,23.108816146850582
11.959693334123578,-71.1938775510204,23.108816146850582
11.959693334123578,-70.77551020408163,23.108816146850582
11.959693334123578,-70.35714285714286,23.108816146850582
11.959693334123578,-69.93877551020408,23.108816146850582
11.959693334123578,-69.5204081632653,23.108816146850582
11.959693334123578,-69.10204081632654,23.108816146850582
11.386567551183047,-68.68367346938776,23.108816146850582
11.386567551183047,-68.26530612244898,23.108816146850582
11.386567551183047,-67.84693877551021,23.108816146850582
11.386567551183047,-67.42857142857143,23.108816146850582
11.386567551183047,-67.01020408163265,23.108816146850582
11.386567551183047,-66.59183673469389,23.108816146850582
11.386567551183047,-66.1734693877551,23.108816146850582
11.386567551183047,-65.75510204081633,23.108816146850582
11.386567551183047,-65.33673469387755,23.108816146850582
11.386567551183047,-64.91836734693877,23.108816146850582
11.386567551183047,-64.5,23.108816146850582
