Q,max_IWV_ais,avg_landfalling_minomega
0.35241015230178546,3.271653652191162,-1.813508185473356
0.35241015230178546,3.8018524014219945,-1.813508185473356
0.35241015230178546,4.332051150652827,-1.813508185473356
0.35241015230178546,4.862249899883659,-1.813508185473356
0.35241015230178546,5.392448649114492,-1.813508185473356
0.35241015230178546,5.922647398345324,-1.813508185473356
0.35241015230178546,6.452846147576158,-1.813508185473356
0.36882847790773493,6.98304489680699,-1.813508185473356
0.5061385811130329,7.5132436460378225,-1.813508185473356
0.5061385811130329,8.043442395268656,-1.813508185473356
0.5061385811130329,8.573641144499486,-1.813508185473356
0.5061385811130329,9.10383989373032,-1.813508185473356
0.6854844379167825,9.634038642961153,-1.813508185473356
0.6854844379167825,10.164237392191986,-1.813508185473356
0.6854844379167825,10.694436141422818,-1.813508185473356
0.6854844379167825,11.22463489065365,-1.813508185473356
0.6854844379167825,11.754833639884483,-1.813508185473356
0.6854844379167825,12.285032389115315,-1.813508185473356
0.6854844379167825,12.815231138346148,-1.813508185473356
0.6854844379167825,13.34542988757698,-1.813508185473356
0.6854844379167825,13.875628636807813,-1.813508185473356
0.6854844379167825,14.405827386038645,-1.813508185473356
0.6854844379167825,14.936026135269477,-1.813508185473356
0.6854844379167825,15.46622488450031,-1.813508185473356
0.6854844379167825,15.996423633731144,-1.813508185473356
1.2124910620470624,16.526622382961975,-1.813508185473356
1.2124910620470624,17.05682113219281,-1.813508185473356
1.2124910620470624,17.587019881423643,-1.813508185473356
1.2124910620470624,18.117218630654474,-1.813508185473356
1.2557535640772033,18.647417379885304,-1.813508185473356
1.2557535640772033,19.17761612911614,-1.813508185473356
1.2557535640772033,19.70781487834697,-1.813508185473356
1.2557535640772033,20.238013627577804,-1.813508185473356
1.547424259870421,20.768212376808638,-1.813508185473356
1.547424259870421,21.29841112603947,-1.813508185473356
1.547424259870421,21.828609875270303,-1.813508185473356
1.547424259870421,22.358808624501133,-1.813508185473356
1.547424259870421,22.889007373731967,-1.813508185473356
1.547424259870421,23.419206122962798,-1.813508185473356
1.547424259870421,23.949404872193632,-1.813508185473356
1.547424259870421,24.479603621424463,-1.813508185473356
1.547424259870421,25.009802370655297,-1.813508185473356
1.547424259870421,25.540001119886128,-1.813508185473356
1.547424259870421,26.070199869116962,-1.813508185473356
1.547424259870421,26.600398618347793,-1.813508185473356
1.547424259870421,27.130597367578627,-1.813508185473356
1.547424259870421,27.660796116809458,-1.813508185473356
1.547424259870421,28.190994866040292,-1.813508185473356
1.547424259870421,28.721193615271126,-1.813508185473356
1.547424259870421,29.251392364501957,-1.813508185473356
0.35241015230178546,3.271653652191162,-1.7777659679332785
0.35241015230178546,3.8018524014219945,-1.7777659679332785
0.35241015230178546,4.332051150652827,-1.7777659679332785
0.35241015230178546,4.862249899883659,-1.7777659679332785
0.35241015230178546,5.392448649114492,-1.7777659679332785
0.35241015230178546,5.922647398345324,-1.7777659679332785
0.35241015230178546,6.452846147576158,-1.7777659679332785
0.36882847790773493,6.98304489680699,-1.7777659679332785
0.5061385811130329,7.5132436460378225,-1.7777659679332785
0.5061385811130329,8.043442395268656,-1.7777659679332785
0.5061385811130329,8.573641144499486,-1.7777659679332785
0.5061385811130329,9.10383989373032,-1.7777659679332785
0.6854844379167825,9.634038642961153,-1.7777659679332785
0.6854844379167825,10.164237392191986,-1.7777659679332785
0.6854844379167825,10.694436141422818,-1.7777659679332785
0.6854844379167825,11.22463489065365,-1.7777659679332785
0.6854844379167825,11.754833639884483,-1.7777659679332785
0.6854844379167825,12.285032389115315,-1.7777659679332785
0.6854844379167825,12.815231138346148,-1.7777659679332785
0.6854844379167825,13.34542988757698,-1.7777659679332785
0.6854844379167825,13.875628636807813,-1.7777659679332785
0.6854844379167825,14.405827386038645,-1.7777659679332785
0.6854844379167825,14.936026135269477,-1.7777659679332785
0.6854844379167825,15.46622488450031,-1.7777659679332785
0.6854844379167825,15.996423633731144,-1.7777659679332785
1.2124910620470624,16.526622382961975,-1.7777659679332785
1.2124910620470624,17.05682113219281,-1.7777659679332785
1.2124910620470624,17.587019881423643,-1.7777659679332785
1.2124910620470624,18.117218630654474,-1.7777659679332785
1.2557535640772033,18.647417379885304,-1.7777659679332785
1.2557535640772033,19.17761612911614,-1.7777659679332785
1.2557535640772033,19.70781487834697,-1.7777659679332785
1.2557535640772033,20.238013627577804,-1.7777659679332785
1.547424259870421,20.768212376808638,-1.7777659679332785
1.547424259870421,21.29841112603947,-1.7777659679332785
1.547424259870421,21.828609875270303,-1.7777659679332785
1.547424259870421,22.358808624501133,-1.7777659679332785
1.547424259870421,22.889007373731967,-1.7777659679332785
1.547424259870421,23.419206122962798,-1.7777659679332785
1.547424259870421,23.949404872193632,-1.7777659679332785
1.547424259870421,24.479603621424463,-1.7777659679332785
1.547424259870421,25.009802370655297,-1.7777659679332785
1.547424259870421,25.540001119886128,-1.7777659679332785
1.547424259870421,26.070199869116962,-1.7777659679332785
1.547424259870421,26.600398618347793,-1.7777659679332785
1.547424259870421,27.130597367578627,-1.7777659679332785
1.547424259870421,27.660796116809458,-1.7777659679332785
1.547424259870421,28.190994866040292,-1.7777659679332785
1.547424259870421,28.721193615271126,-1.7777659679332785
1.547424259870421,29.251392364501957,-1.7777659679332785
0.35241015230178546,3.271653652191162,-1.742023750393201
0.35241015230178546,3.8018524014219945,-1.742023750393201
0.35241015230178546,4.332051150652827,-1.742023750393201
0.35241015230178546,4.862249899883659,-1.742023750393201
0.35241015230178546,5.392448649114492,-1.742023750393201
0.35241015230178546,5.922647398345324,-1.742023750393201
0.35241015230178546,6.452846147576158,-1.742023750393201
0.36882847790773493,6.98304489680699,-1.742023750393201
0.5061385811130329,7.5132436460378225,-1.742023750393201
0.5061385811130329,8.043442395268656,-1.742023750393201
0.5061385811130329,8.573641144499486,-1.742023750393201
0.5061385811130329,9.10383989373032,-1.742023750393201
0.6854844379167825,9.634038642961153,-1.742023750393201
0.6854844379167825,10.164237392191986,-1.742023750393201
0.6854844379167825,10.694436141422818,-1.742023750393201
0.6854844379167825,11.22463489065365,-1.742023750393201
0.6854844379167825,11.754833639884483,-1.742023750393201
0.6854844379167825,12.285032389115315,-1.742023750393201
0.6854844379167825,12.815231138346148,-1.742023750393201
0.6854844379167825,13.34542988757698,-1.742023750393201
0.6854844379167825,13.875628636807813,-1.742023750393201
0.6854844379167825,14.405827386038645,-1.742023750393201
0.6854844379167825,14.936026135269477,-1.742023750393201
0.6854844379167825,15.46622488450031,-1.742023750393201
0.6854844379167825,15.996423633731144,-1.742023750393201
1.2124910620470624,16.526622382961975,-1.742023750393201
1.2124910620470624,17.05682113219281,-1.742023750393201
1.2124910620470624,17.587019881423643,-1.742023750393201
1.2124910620470624,18.117218630654474,-1.742023750393201
1.2557535640772033,18.647417379885304,-1.742023750393201
1.2557535640772033,19.17761612911614,-1.742023750393201
1.2557535640772033,19.70781487834697,-1.742023750393201
1.2557535640772033,20.238013627577804,-1.742023750393201
1.547424259870421,20.768212376808638,-1.742023750393201
1.547424259870421,21.29841112603947,-1.742023750393201
1.547424259870421,21.828609875270303,-1.742023750393201
1.547424259870421,22.358808624501133,-1.742023750393201
1.547424259870421,22.889007373731967,-1.742023750393201
1.547424259870421,23.419206122962798,-1.742023750393201
1.547424259870421,23.949404872193632,-1.742023750393201
1.547424259870421,24.479603621424463,-1.742023750393201
1.547424259870421,25.009802370655297,-1.742023750393201
1.547424259870421,25.540001119886128,-1.742023750393201
1.547424259870421,26.070199869116962,-1.742023750393201
1.547424259870421,26.600398618347793,-1.742023750393201
1.547424259870421,27.130597367578627,-1.742023750393201
1.547424259870421,27.660796116809458,-1.742023750393201
1.547424259870421,28.190994866040292,-1.742023750393201
1.547424259870421,28.721193615271126,-1.742023750393201
1.547424259870421,29.251392364501957,-1.742023750393201
0.35241015230178546,3.271653652191162,-1.7062815328531236
0.35241015230178546,3.8018524014219945,-1.7062815328531236
0.35241015230178546,4.332051150652827,-1.7062815328531236
0.35241015230178546,4.862249899883659,-1.7062815328531236
0.35241015230178546,5.392448649114492,-1.7062815328531236
0.35241015230178546,5.922647398345324,-1.7062815328531236
0.35241015230178546,6.452846147576158,-1.7062815328531236
0.36882847790773493,6.98304489680699,-1.7062815328531236
0.5061385811130329,7.5132436460378225,-1.7062815328531236
0.5061385811130329,8.043442395268656,-1.7062815328531236
0.5061385811130329,8.573641144499486,-1.7062815328531236
0.5061385811130329,9.10383989373032,-1.7062815328531236
0.6854844379167825,9.634038642961153,-1.7062815328531236
0.6854844379167825,10.164237392191986,-1.7062815328531236
0.6854844379167825,10.694436141422818,-1.7062815328531236
0.6854844379167825,11.22463489065365,-1.7062815328531236
0.6854844379167825,11.754833639884483,-1.7062815328531236
0.6854844379167825,12.285032389115315,-1.7062815328531236
0.6854844379167825,12.815231138346148,-1.7062815328531236
0.6854844379167825,13.34542988757698,-1.7062815328531236
0.6854844379167825,13.875628636807813,-1.7062815328531236
0.6854844379167825,14.405827386038645,-1.7062815328531236
0.6854844379167825,14.936026135269477,-1.7062815328531236
0.6854844379167825,15.46622488450031,-1.7062815328531236
0.6854844379167825,15.996423633731144,-1.7062815328531236
1.2124910620470624,16.526622382961975,-1.7062815328531236
1.2124910620470624,17.05682113219281,-1.7062815328531236
1.2124910620470624,17.587019881423643,-1.7062815328531236
1.2124910620470624,18.117218630654474,-1.7062815328531236
1.2557535640772033,18.647417379885304,-1.7062815328531236
1.2557535640772033,19.17761612911614,-1.7062815328531236
1.2557535640772033,19.70781487834697,-1.7062815328531236
1.2557535640772033,20.238013627577804,-1.7062815328531236
1.547424259870421,20.768212376808638,-1.7062815328531236
1.547424259870421,21.29841112603947,-1.7062815328531236
1.547424259870421,21.828609875270303,-1.7062815328531236
1.547424259870421,22.358808624501133,-1.7062815328531236
1.547424259870421,22.889007373731967,-1.7062815328531236
1.547424259870421,23.419206122962798,-1.7062815328531236
1.547424259870421,23.949404872193632,-1.7062815328531236
1.547424259870421,24.479603621424463,-1.7062815328531236
1.547424259870421,25.009802370655297,-1.7062815328531236
1.547424259870421,25.540001119886128,-1.7062815328531236
1.547424259870421,26.070199869116962,-1.7062815328531236
1.547424259870421,26.600398618347793,-1.7062815328531236
1.547424259870421,27.130597367578627,-1.7062815328531236
1.547424259870421,27.660796116809458,-1.7062815328531236
1.547424259870421,28.190994866040292,-1.7062815328531236
1.547424259870421,28.721193615271126,-1.7062815328531236
1.547424259870421,29.251392364501957,-1.7062815328531236
0.35241015230178546,3.271653652191162,-1.6705393153130461
0.35241015230178546,3.8018524014219945,-1.6705393153130461
0.35241015230178546,4.332051150652827,-1.6705393153130461
0.35241015230178546,4.862249899883659,-1.6705393153130461
0.35241015230178546,5.392448649114492,-1.6705393153130461
0.35241015230178546,5.922647398345324,-1.6705393153130461
0.35241015230178546,6.452846147576158,-1.6705393153130461
0.36882847790773493,6.98304489680699,-1.6705393153130461
0.5061385811130329,7.5132436460378225,-1.6705393153130461
0.5061385811130329,8.043442395268656,-1.6705393153130461
0.5061385811130329,8.573641144499486,-1.6705393153130461
0.5061385811130329,9.10383989373032,-1.6705393153130461
0.6854844379167825,9.634038642961153,-1.6705393153130461
0.6854844379167825,10.164237392191986,-1.6705393153130461
0.6854844379167825,10.694436141422818,-1.6705393153130461
0.6854844379167825,11.22463489065365,-1.6705393153130461
0.6854844379167825,11.754833639884483,-1.6705393153130461
0.6854844379167825,12.285032389115315,-1.6705393153130461
0.6854844379167825,12.815231138346148,-1.6705393153130461
0.6854844379167825,13.34542988757698,-1.6705393153130461
0.6854844379167825,13.875628636807813,-1.6705393153130461
0.6854844379167825,14.405827386038645,-1.6705393153130461
0.6854844379167825,14.936026135269477,-1.6705393153130461
0.6854844379167825,15.46622488450031,-1.6705393153130461
0.6854844379167825,15.996423633731144,-1.6705393153130461
1.2124910620470624,16.526622382961975,-1.6705393153130461
1.2124910620470624,17.05682113219281,-1.6705393153130461
1.2124910620470624,17.587019881423643,-1.6705393153130461
1.2124910620470624,18.117218630654474,-1.6705393153130461
1.2557535640772033,18.647417379885304,-1.6705393153130461
1.2557535640772033,19.17761612911614,-1.6705393153130461
1.2557535640772033,19.70781487834697,-1.6705393153130461
1.2557535640772033,20.238013627577804,-1.6705393153130461
1.547424259870421,20.768212376808638,-1.6705393153130461
1.547424259870421,21.29841112603947,-1.6705393153130461
1.547424259870421,21.828609875270303,-1.6705393153130461
1.547424259870421,22.358808624501133,-1.6705393153130461
1.547424259870421,22.889007373731967,-1.6705393153130461
1.547424259870421,23.419206122962798,-1.6705393153130461
1.547424259870421,23.949404872193632,-1.6705393153130461
1.547424259870421,24.479603621424463,-1.6705393153130461
1.547424259870421,25.009802370655297,-1.6705393153130461
1.547424259870421,25.540001119886128,-1.6705393153130461
1.547424259870421,26.070199869116962,-1.6705393153130461
1.547424259870421,26.600398618347793,-1.6705393153130461
1.547424259870421,27.130597367578627,-1.6705393153130461
1.547424259870421,27.660796116809458,-1.6705393153130461
1.547424259870421,28.190994866040292,-1.6705393153130461
1.547424259870421,28.721193615271126,-1.6705393153130461
1.547424259870421,29.251392364501957,-1.6705393153130461
0.35241015230178546,3.271653652191162,-1.6347970977729684
0.35241015230178546,3.8018524014219945,-1.6347970977729684
0.35241015230178546,4.332051150652827,-1.6347970977729684
0.35241015230178546,4.862249899883659,-1.6347970977729684
0.35241015230178546,5.392448649114492,-1.6347970977729684
0.35241015230178546,5.922647398345324,-1.6347970977729684
0.35241015230178546,6.452846147576158,-1.6347970977729684
0.36882847790773493,6.98304489680699,-1.6347970977729684
0.5061385811130329,7.5132436460378225,-1.6347970977729684
0.5061385811130329,8.043442395268656,-1.6347970977729684
0.5061385811130329,8.573641144499486,-1.6347970977729684
0.5061385811130329,9.10383989373032,-1.6347970977729684
0.6854844379167825,9.634038642961153,-1.6347970977729684
0.6854844379167825,10.164237392191986,-1.6347970977729684
0.6854844379167825,10.694436141422818,-1.6347970977729684
0.6854844379167825,11.22463489065365,-1.6347970977729684
0.6854844379167825,11.754833639884483,-1.6347970977729684
0.6854844379167825,12.285032389115315,-1.6347970977729684
0.6854844379167825,12.815231138346148,-1.6347970977729684
0.6854844379167825,13.34542988757698,-1.6347970977729684
0.6854844379167825,13.875628636807813,-1.6347970977729684
0.6854844379167825,14.405827386038645,-1.6347970977729684
0.6854844379167825,14.936026135269477,-1.6347970977729684
0.6854844379167825,15.46622488450031,-1.6347970977729684
0.6854844379167825,15.996423633731144,-1.6347970977729684
1.2124910620470624,16.526622382961975,-1.6347970977729684
1.2124910620470624,17.05682113219281,-1.6347970977729684
1.2124910620470624,17.587019881423643,-1.6347970977729684
1.2124910620470624,18.117218630654474,-1.6347970977729684
1.2557535640772033,18.647417379885304,-1.6347970977729684
1.2557535640772033,19.17761612911614,-1.6347970977729684
1.2557535640772033,19.70781487834697,-1.6347970977729684
1.2557535640772033,20.238013627577804,-1.6347970977729684
1.547424259870421,20.768212376808638,-1.6347970977729684
1.547424259870421,21.29841112603947,-1.6347970977729684
1.547424259870421,21.828609875270303,-1.6347970977729684
1.547424259870421,22.358808624501133,-1.6347970977729684
1.547424259870421,22.889007373731967,-1.6347970977729684
1.547424259870421,23.419206122962798,-1.6347970977729684
1.547424259870421,23.949404872193632,-1.6347970977729684
1.547424259870421,24.479603621424463,-1.6347970977729684
1.547424259870421,25.009802370655297,-1.6347970977729684
1.547424259870421,25.540001119886128,-1.6347970977729684
1.547424259870421,26.070199869116962,-1.6347970977729684
1.547424259870421,26.600398618347793,-1.6347970977729684
1.547424259870421,27.130597367578627,-1.6347970977729684
1.547424259870421,27.660796116809458,-1.6347970977729684
1.547424259870421,28.190994866040292,-1.6347970977729684
1.547424259870421,28.721193615271126,-1.6347970977729684
1.547424259870421,29.251392364501957,-1.6347970977729684
0.35241015230178546,3.271653652191162,-1.599054880232891
0.35241015230178546,3.8018524014219945,-1.599054880232891
0.35241015230178546,4.332051150652827,-1.599054880232891
0.35241015230178546,4.862249899883659,-1.599054880232891
0.35241015230178546,5.392448649114492,-1.599054880232891
0.35241015230178546,5.922647398345324,-1.599054880232891
0.35241015230178546,6.452846147576158,-1.599054880232891
0.36882847790773493,6.98304489680699,-1.599054880232891
0.5061385811130329,7.5132436460378225,-1.599054880232891
0.5061385811130329,8.043442395268656,-1.599054880232891
0.5061385811130329,8.573641144499486,-1.599054880232891
0.5061385811130329,9.10383989373032,-1.599054880232891
0.6854844379167825,9.634038642961153,-1.599054880232891
0.6854844379167825,10.164237392191986,-1.599054880232891
0.6854844379167825,10.694436141422818,-1.599054880232891
0.6854844379167825,11.22463489065365,-1.599054880232891
0.6854844379167825,11.754833639884483,-1.599054880232891
0.6854844379167825,12.285032389115315,-1.599054880232891
0.6854844379167825,12.815231138346148,-1.599054880232891
0.6854844379167825,13.34542988757698,-1.599054880232891
0.6854844379167825,13.875628636807813,-1.599054880232891
0.6854844379167825,14.405827386038645,-1.599054880232891
0.6854844379167825,14.936026135269477,-1.599054880232891
0.6854844379167825,15.46622488450031,-1.599054880232891
0.6854844379167825,15.996423633731144,-1.599054880232891
1.2124910620470624,16.526622382961975,-1.599054880232891
1.2124910620470624,17.05682113219281,-1.599054880232891
1.2124910620470624,17.587019881423643,-1.599054880232891
1.2124910620470624,18.117218630654474,-1.599054880232891
1.2557535640772033,18.647417379885304,-1.599054880232891
1.2557535640772033,19.17761612911614,-1.599054880232891
1.2557535640772033,19.70781487834697,-1.599054880232891
1.2557535640772033,20.238013627577804,-1.599054880232891
1.547424259870421,20.768212376808638,-1.599054880232891
1.547424259870421,21.29841112603947,-1.599054880232891
1.547424259870421,21.828609875270303,-1.599054880232891
1.547424259870421,22.358808624501133,-1.599054880232891
1.547424259870421,22.889007373731967,-1.599054880232891
1.547424259870421,23.419206122962798,-1.599054880232891
1.547424259870421,23.949404872193632,-1.599054880232891
1.547424259870421,24.479603621424463,-1.599054880232891
1.547424259870421,25.009802370655297,-1.599054880232891
1.547424259870421,25.540001119886128,-1.599054880232891
1.547424259870421,26.070199869116962,-1.599054880232891
1.547424259870421,26.600398618347793,-1.599054880232891
1.547424259870421,27.130597367578627,-1.599054880232891
1.547424259870421,27.660796116809458,-1.599054880232891
1.547424259870421,28.190994866040292,-1.599054880232891
1.547424259870421,28.721193615271126,-1.599054880232891
1.547424259870421,29.251392364501957,-1.599054880232891
0.35241015230178546,3.271653652191162,-1.5633126626928135
0.35241015230178546,3.8018524014219945,-1.5633126626928135
0.35241015230178546,4.332051150652827,-1.5633126626928135
0.35241015230178546,4.862249899883659,-1.5633126626928135
0.35241015230178546,5.392448649114492,-1.5633126626928135
0.35241015230178546,5.922647398345324,-1.5633126626928135
0.35241015230178546,6.452846147576158,-1.5633126626928135
0.36882847790773493,6.98304489680699,-1.5633126626928135
0.5061385811130329,7.5132436460378225,-1.5633126626928135
0.5061385811130329,8.043442395268656,-1.5633126626928135
0.5061385811130329,8.573641144499486,-1.5633126626928135
0.5061385811130329,9.10383989373032,-1.5633126626928135
0.6854844379167825,9.634038642961153,-1.5633126626928135
0.6854844379167825,10.164237392191986,-1.5633126626928135
0.6854844379167825,10.694436141422818,-1.5633126626928135
0.6854844379167825,11.22463489065365,-1.5633126626928135
0.6854844379167825,11.754833639884483,-1.5633126626928135
0.6854844379167825,12.285032389115315,-1.5633126626928135
0.6854844379167825,12.815231138346148,-1.5633126626928135
0.6854844379167825,13.34542988757698,-1.5633126626928135
0.6854844379167825,13.875628636807813,-1.5633126626928135
0.6854844379167825,14.405827386038645,-1.5633126626928135
0.6854844379167825,14.936026135269477,-1.5633126626928135
0.6854844379167825,15.46622488450031,-1.5633126626928135
0.6854844379167825,15.996423633731144,-1.5633126626928135
1.2124910620470624,16.526622382961975,-1.5633126626928135
1.2124910620470624,17.05682113219281,-1.5633126626928135
1.2124910620470624,17.587019881423643,-1.5633126626928135
1.2124910620470624,18.117218630654474,-1.5633126626928135
1.2557535640772033,18.647417379885304,-1.5633126626928135
1.2557535640772033,19.17761612911614,-1.5633126626928135
1.2557535640772033,19.70781487834697,-1.5633126626928135
1.2557535640772033,20.238013627577804,-1.5633126626928135
1.547424259870421,20.768212376808638,-1.5633126626928135
1.547424259870421,21.29841112603947,-1.5633126626928135
1.547424259870421,21.828609875270303,-1.5633126626928135
1.547424259870421,22.358808624501133,-1.5633126626928135
1.547424259870421,22.889007373731967,-1.5633126626928135
1.547424259870421,23.419206122962798,-1.5633126626928135
1.547424259870421,23.949404872193632,-1.5633126626928135
1.547424259870421,24.479603621424463,-1.5633126626928135
1.547424259870421,25.009802370655297,-1.5633126626928135
1.547424259870421,25.540001119886128,-1.5633126626928135
1.547424259870421,26.070199869116962,-1.5633126626928135
1.547424259870421,26.600398618347793,-1.5633126626928135
1.547424259870421,27.130597367578627,-1.5633126626928135
1.547424259870421,27.660796116809458,-1.5633126626928135
1.547424259870421,28.190994866040292,-1.5633126626928135
1.547424259870421,28.721193615271126,-1.5633126626928135
1.547424259870421,29.251392364501957,-1.5633126626928135
0.35241015230178546,3.271653652191162,-1.527570445152736
0.35241015230178546,3.8018524014219945,-1.527570445152736
0.35241015230178546,4.332051150652827,-1.527570445152736
0.35241015230178546,4.862249899883659,-1.527570445152736
0.35241015230178546,5.392448649114492,-1.527570445152736
0.35241015230178546,5.922647398345324,-1.527570445152736
0.35241015230178546,6.452846147576158,-1.527570445152736
0.36882847790773493,6.98304489680699,-1.527570445152736
0.5061385811130329,7.5132436460378225,-1.527570445152736
0.5061385811130329,8.043442395268656,-1.527570445152736
0.5061385811130329,8.573641144499486,-1.527570445152736
0.5061385811130329,9.10383989373032,-1.527570445152736
0.6854844379167825,9.634038642961153,-1.527570445152736
0.6854844379167825,10.164237392191986,-1.527570445152736
0.6854844379167825,10.694436141422818,-1.527570445152736
0.6854844379167825,11.22463489065365,-1.527570445152736
0.6854844379167825,11.754833639884483,-1.527570445152736
0.6854844379167825,12.285032389115315,-1.527570445152736
0.6854844379167825,12.815231138346148,-1.527570445152736
0.6854844379167825,13.34542988757698,-1.527570445152736
0.6854844379167825,13.875628636807813,-1.527570445152736
0.6854844379167825,14.405827386038645,-1.527570445152736
0.6854844379167825,14.936026135269477,-1.527570445152736
0.6854844379167825,15.46622488450031,-1.527570445152736
0.6854844379167825,15.996423633731144,-1.527570445152736
1.2124910620470624,16.526622382961975,-1.527570445152736
1.2124910620470624,17.05682113219281,-1.527570445152736
1.2124910620470624,17.587019881423643,-1.527570445152736
1.2124910620470624,18.117218630654474,-1.527570445152736
1.2557535640772033,18.647417379885304,-1.527570445152736
1.2557535640772033,19.17761612911614,-1.527570445152736
1.2557535640772033,19.70781487834697,-1.527570445152736
1.2557535640772033,20.238013627577804,-1.527570445152736
1.547424259870421,20.768212376808638,-1.527570445152736
1.547424259870421,21.29841112603947,-1.527570445152736
1.547424259870421,21.828609875270303,-1.527570445152736
1.547424259870421,22.358808624501133,-1.527570445152736
1.547424259870421,22.889007373731967,-1.527570445152736
1.547424259870421,23.419206122962798,-1.527570445152736
1.547424259870421,23.949404872193632,-1.527570445152736
1.547424259870421,24.479603621424463,-1.527570445152736
1.547424259870421,25.009802370655297,-1.527570445152736
1.547424259870421,25.540001119886128,-1.527570445152736
1.547424259870421,26.070199869116962,-1.527570445152736
1.547424259870421,26.600398618347793,-1.527570445152736
1.547424259870421,27.130597367578627,-1.527570445152736
1.547424259870421,27.660796116809458,-1.527570445152736
1.547424259870421,28.190994866040292,-1.527570445152736
1.547424259870421,28.721193615271126,-1.527570445152736
1.547424259870421,29.251392364501957,-1.527570445152736
0.35241015230178546,3.271653652191162,-1.4918282276126587
0.35241015230178546,3.8018524014219945,-1.4918282276126587
0.35241015230178546,4.332051150652827,-1.4918282276126587
0.35241015230178546,4.862249899883659,-1.4918282276126587
0.35241015230178546,5.392448649114492,-1.4918282276126587
0.35241015230178546,5.922647398345324,-1.4918282276126587
0.35241015230178546,6.452846147576158,-1.4918282276126587
0.36882847790773493,6.98304489680699,-1.4918282276126587
0.5061385811130329,7.5132436460378225,-1.4918282276126587
0.5061385811130329,8.043442395268656,-1.4918282276126587
0.5061385811130329,8.573641144499486,-1.4918282276126587
0.5061385811130329,9.10383989373032,-1.4918282276126587
0.6854844379167825,9.634038642961153,-1.4918282276126587
0.6854844379167825,10.164237392191986,-1.4918282276126587
0.6854844379167825,10.694436141422818,-1.4918282276126587
0.6854844379167825,11.22463489065365,-1.4918282276126587
0.6854844379167825,11.754833639884483,-1.4918282276126587
0.6854844379167825,12.285032389115315,-1.4918282276126587
0.6854844379167825,12.815231138346148,-1.4918282276126587
0.6854844379167825,13.34542988757698,-1.4918282276126587
0.6854844379167825,13.875628636807813,-1.4918282276126587
0.6854844379167825,14.405827386038645,-1.4918282276126587
0.6854844379167825,14.936026135269477,-1.4918282276126587
0.6854844379167825,15.46622488450031,-1.4918282276126587
0.6854844379167825,15.996423633731144,-1.4918282276126587
1.2124910620470624,16.526622382961975,-1.4918282276126587
1.2124910620470624,17.05682113219281,-1.4918282276126587
1.2124910620470624,17.587019881423643,-1.4918282276126587
1.2124910620470624,18.117218630654474,-1.4918282276126587
1.2557535640772033,18.647417379885304,-1.4918282276126587
1.2557535640772033,19.17761612911614,-1.4918282276126587
1.2557535640772033,19.70781487834697,-1.4918282276126587
1.2557535640772033,20.238013627577804,-1.4918282276126587
1.547424259870421,20.768212376808638,-1.4918282276126587
1.547424259870421,21.29841112603947,-1.4918282276126587
1.547424259870421,21.828609875270303,-1.4918282276126587
1.547424259870421,22.358808624501133,-1.4918282276126587
1.547424259870421,22.889007373731967,-1.4918282276126587
1.547424259870421,23.419206122962798,-1.4918282276126587
1.547424259870421,23.949404872193632,-1.4918282276126587
1.547424259870421,24.479603621424463,-1.4918282276126587
1.547424259870421,25.009802370655297,-1.4918282276126587
1.547424259870421,25.540001119886128,-1.4918282276126587
1.547424259870421,26.070199869116962,-1.4918282276126587
1.547424259870421,26.600398618347793,-1.4918282276126587
1.547424259870421,27.130597367578627,-1.4918282276126587
1.547424259870421,27.660796116809458,-1.4918282276126587
1.547424259870421,28.190994866040292,-1.4918282276126587
1.547424259870421,28.721193615271126,-1.4918282276126587
1.547424259870421,29.251392364501957,-1.4918282276126587
0.35241015230178546,3.271653652191162,-1.4560860100725812
0.35241015230178546,3.8018524014219945,-1.4560860100725812
0.35241015230178546,4.332051150652827,-1.4560860100725812
0.35241015230178546,4.862249899883659,-1.4560860100725812
0.35241015230178546,5.392448649114492,-1.4560860100725812
0.35241015230178546,5.922647398345324,-1.4560860100725812
0.35241015230178546,6.452846147576158,-1.4560860100725812
0.36882847790773493,6.98304489680699,-1.4560860100725812
0.5061385811130329,7.5132436460378225,-1.4560860100725812
0.5061385811130329,8.043442395268656,-1.4560860100725812
0.5061385811130329,8.573641144499486,-1.4560860100725812
0.5061385811130329,9.10383989373032,-1.4560860100725812
0.6854844379167825,9.634038642961153,-1.4560860100725812
0.6854844379167825,10.164237392191986,-1.4560860100725812
0.6854844379167825,10.694436141422818,-1.4560860100725812
0.6854844379167825,11.22463489065365,-1.4560860100725812
0.6854844379167825,11.754833639884483,-1.4560860100725812
0.6854844379167825,12.285032389115315,-1.4560860100725812
0.6854844379167825,12.815231138346148,-1.4560860100725812
0.6854844379167825,13.34542988757698,-1.4560860100725812
0.6854844379167825,13.875628636807813,-1.4560860100725812
0.6854844379167825,14.405827386038645,-1.4560860100725812
0.6854844379167825,14.936026135269477,-1.4560860100725812
0.6854844379167825,15.46622488450031,-1.4560860100725812
0.6854844379167825,15.996423633731144,-1.4560860100725812
1.2124910620470624,16.526622382961975,-1.4560860100725812
1.2124910620470624,17.05682113219281,-1.4560860100725812
1.2124910620470624,17.587019881423643,-1.4560860100725812
1.2124910620470624,18.117218630654474,-1.4560860100725812
1.2557535640772033,18.647417379885304,-1.4560860100725812
1.2557535640772033,19.17761612911614,-1.4560860100725812
1.2557535640772033,19.70781487834697,-1.4560860100725812
1.2557535640772033,20.238013627577804,-1.4560860100725812
1.547424259870421,20.768212376808638,-1.4560860100725812
1.547424259870421,21.29841112603947,-1.4560860100725812
1.547424259870421,21.828609875270303,-1.4560860100725812
1.547424259870421,22.358808624501133,-1.4560860100725812
1.547424259870421,22.889007373731967,-1.4560860100725812
1.547424259870421,23.419206122962798,-1.4560860100725812
1.547424259870421,23.949404872193632,-1.4560860100725812
1.547424259870421,24.479603621424463,-1.4560860100725812
1.547424259870421,25.009802370655297,-1.4560860100725812
1.547424259870421,25.540001119886128,-1.4560860100725812
1.547424259870421,26.070199869116962,-1.4560860100725812
1.547424259870421,26.600398618347793,-1.4560860100725812
1.547424259870421,27.130597367578627,-1.4560860100725812
1.547424259870421,27.660796116809458,-1.4560860100725812
1.547424259870421,28.190994866040292,-1.4560860100725812
1.547424259870421,28.721193615271126,-1.4560860100725812
1.547424259870421,29.251392364501957,-1.4560860100725812
0.35241015230178546,3.271653652191162,-1.4203437925325035
0.35241015230178546,3.8018524014219945,-1.4203437925325035
0.35241015230178546,4.332051150652827,-1.4203437925325035
0.35241015230178546,4.862249899883659,-1.4203437925325035
0.35241015230178546,5.392448649114492,-1.4203437925325035
0.35241015230178546,5.922647398345324,-1.4203437925325035
0.35241015230178546,6.452846147576158,-1.4203437925325035
0.36882847790773493,6.98304489680699,-1.4203437925325035
0.5061385811130329,7.5132436460378225,-1.4203437925325035
0.5061385811130329,8.043442395268656,-1.4203437925325035
0.5061385811130329,8.573641144499486,-1.4203437925325035
0.5061385811130329,9.10383989373032,-1.4203437925325035
0.6854844379167825,9.634038642961153,-1.4203437925325035
0.6854844379167825,10.164237392191986,-1.4203437925325035
0.6854844379167825,10.694436141422818,-1.4203437925325035
0.6854844379167825,11.22463489065365,-1.4203437925325035
0.6854844379167825,11.754833639884483,-1.4203437925325035
0.6854844379167825,12.285032389115315,-1.4203437925325035
0.6854844379167825,12.815231138346148,-1.4203437925325035
0.6854844379167825,13.34542988757698,-1.4203437925325035
0.6854844379167825,13.875628636807813,-1.4203437925325035
0.6854844379167825,14.405827386038645,-1.4203437925325035
0.6854844379167825,14.936026135269477,-1.4203437925325035
0.6854844379167825,15.46622488450031,-1.4203437925325035
0.6854844379167825,15.996423633731144,-1.4203437925325035
1.2124910620470624,16.526622382961975,-1.4203437925325035
1.2124910620470624,17.05682113219281,-1.4203437925325035
1.2124910620470624,17.587019881423643,-1.4203437925325035
1.2124910620470624,18.117218630654474,-1.4203437925325035
1.2557535640772033,18.647417379885304,-1.4203437925325035
1.2557535640772033,19.17761612911614,-1.4203437925325035
1.2557535640772033,19.70781487834697,-1.4203437925325035
1.2557535640772033,20.238013627577804,-1.4203437925325035
1.547424259870421,20.768212376808638,-1.4203437925325035
1.547424259870421,21.29841112603947,-1.4203437925325035
1.547424259870421,21.828609875270303,-1.4203437925325035
1.547424259870421,22.358808624501133,-1.4203437925325035
1.547424259870421,22.889007373731967,-1.4203437925325035
1.547424259870421,23.419206122962798,-1.4203437925325035
1.547424259870421,23.949404872193632,-1.4203437925325035
1.547424259870421,24.479603621424463,-1.4203437925325035
1.547424259870421,25.009802370655297,-1.4203437925325035
1.547424259870421,25.540001119886128,-1.4203437925325035
1.547424259870421,26.070199869116962,-1.4203437925325035
1.547424259870421,26.600398618347793,-1.4203437925325035
1.547424259870421,27.130597367578627,-1.4203437925325035
1.547424259870421,27.660796116809458,-1.4203437925325035
1.547424259870421,28.190994866040292,-1.4203437925325035
1.547424259870421,28.721193615271126,-1.4203437925325035
1.547424259870421,29.251392364501957,-1.4203437925325035
0.35241015230178546,3.271653652191162,-1.384601574992426
0.35241015230178546,3.8018524014219945,-1.384601574992426
0.35241015230178546,4.332051150652827,-1.384601574992426
0.35241015230178546,4.862249899883659,-1.384601574992426
0.35241015230178546,5.392448649114492,-1.384601574992426
0.35241015230178546,5.922647398345324,-1.384601574992426
0.35241015230178546,6.452846147576158,-1.384601574992426
0.36882847790773493,6.98304489680699,-1.384601574992426
0.5061385811130329,7.5132436460378225,-1.384601574992426
0.5061385811130329,8.043442395268656,-1.384601574992426
0.5061385811130329,8.573641144499486,-1.384601574992426
0.5061385811130329,9.10383989373032,-1.384601574992426
0.6854844379167825,9.634038642961153,-1.384601574992426
0.6854844379167825,10.164237392191986,-1.384601574992426
0.6854844379167825,10.694436141422818,-1.384601574992426
0.6854844379167825,11.22463489065365,-1.384601574992426
0.6854844379167825,11.754833639884483,-1.384601574992426
0.6854844379167825,12.285032389115315,-1.384601574992426
0.6854844379167825,12.815231138346148,-1.384601574992426
0.6854844379167825,13.34542988757698,-1.384601574992426
0.6854844379167825,13.875628636807813,-1.384601574992426
0.6854844379167825,14.405827386038645,-1.384601574992426
0.6854844379167825,14.936026135269477,-1.384601574992426
0.6854844379167825,15.46622488450031,-1.384601574992426
0.6854844379167825,15.996423633731144,-1.384601574992426
1.2124910620470624,16.526622382961975,-1.384601574992426
1.2124910620470624,17.05682113219281,-1.384601574992426
1.2124910620470624,17.587019881423643,-1.384601574992426
1.2124910620470624,18.117218630654474,-1.384601574992426
1.2557535640772033,18.647417379885304,-1.384601574992426
1.2557535640772033,19.17761612911614,-1.384601574992426
1.2557535640772033,19.70781487834697,-1.384601574992426
1.2557535640772033,20.238013627577804,-1.384601574992426
1.547424259870421,20.768212376808638,-1.384601574992426
1.547424259870421,21.29841112603947,-1.384601574992426
1.547424259870421,21.828609875270303,-1.384601574992426
1.547424259870421,22.358808624501133,-1.384601574992426
1.547424259870421,22.889007373731967,-1.384601574992426
1.547424259870421,23.419206122962798,-1.384601574992426
1.547424259870421,23.949404872193632,-1.384601574992426
1.547424259870421,24.479603621424463,-1.384601574992426
1.547424259870421,25.009802370655297,-1.384601574992426
1.547424259870421,25.540001119886128,-1.384601574992426
1.547424259870421,26.070199869116962,-1.384601574992426
1.547424259870421,26.600398618347793,-1.384601574992426
1.547424259870421,27.130597367578627,-1.384601574992426
1.547424259870421,27.660796116809458,-1.384601574992426
1.547424259870421,28.190994866040292,-1.384601574992426
1.547424259870421,28.721193615271126,-1.384601574992426
1.547424259870421,29.251392364501957,-1.384601574992426
0.35241015230178546,3.271653652191162,-1.3488593574523486
0.35241015230178546,3.8018524014219945,-1.3488593574523486
0.35241015230178546,4.332051150652827,-1.3488593574523486
0.35241015230178546,4.862249899883659,-1.3488593574523486
0.35241015230178546,5.392448649114492,-1.3488593574523486
0.35241015230178546,5.922647398345324,-1.3488593574523486
0.35241015230178546,6.452846147576158,-1.3488593574523486
0.36882847790773493,6.98304489680699,-1.3488593574523486
0.5061385811130329,7.5132436460378225,-1.3488593574523486
0.5061385811130329,8.043442395268656,-1.3488593574523486
0.5061385811130329,8.573641144499486,-1.3488593574523486
0.5061385811130329,9.10383989373032,-1.3488593574523486
0.6854844379167825,9.634038642961153,-1.3488593574523486
0.6854844379167825,10.164237392191986,-1.3488593574523486
0.6854844379167825,10.694436141422818,-1.3488593574523486
0.6854844379167825,11.22463489065365,-1.3488593574523486
0.6854844379167825,11.754833639884483,-1.3488593574523486
0.6854844379167825,12.285032389115315,-1.3488593574523486
0.6854844379167825,12.815231138346148,-1.3488593574523486
0.6854844379167825,13.34542988757698,-1.3488593574523486
0.6854844379167825,13.875628636807813,-1.3488593574523486
0.6854844379167825,14.405827386038645,-1.3488593574523486
0.6854844379167825,14.936026135269477,-1.3488593574523486
0.6854844379167825,15.46622488450031,-1.3488593574523486
0.6854844379167825,15.996423633731144,-1.3488593574523486
1.2124910620470624,16.526622382961975,-1.3488593574523486
1.2124910620470624,17.05682113219281,-1.3488593574523486
1.2124910620470624,17.587019881423643,-1.3488593574523486
1.2124910620470624,18.117218630654474,-1.3488593574523486
1.2557535640772033,18.647417379885304,-1.3488593574523486
1.2557535640772033,19.17761612911614,-1.3488593574523486
1.2557535640772033,19.70781487834697,-1.3488593574523486
1.2557535640772033,20.238013627577804,-1.3488593574523486
1.547424259870421,20.768212376808638,-1.3488593574523486
1.547424259870421,21.29841112603947,-1.3488593574523486
1.547424259870421,21.828609875270303,-1.3488593574523486
1.547424259870421,22.358808624501133,-1.3488593574523486
1.547424259870421,22.889007373731967,-1.3488593574523486
1.547424259870421,23.419206122962798,-1.3488593574523486
1.547424259870421,23.949404872193632,-1.3488593574523486
1.547424259870421,24.479603621424463,-1.3488593574523486
1.547424259870421,25.009802370655297,-1.3488593574523486
1.547424259870421,25.540001119886128,-1.3488593574523486
1.547424259870421,26.070199869116962,-1.3488593574523486
1.547424259870421,26.600398618347793,-1.3488593574523486
1.547424259870421,27.130597367578627,-1.3488593574523486
1.547424259870421,27.660796116809458,-1.3488593574523486
1.547424259870421,28.190994866040292,-1.3488593574523486
1.547424259870421,28.721193615271126,-1.3488593574523486
1.547424259870421,29.251392364501957,-1.3488593574523486
0.35241015230178546,3.271653652191162,-1.3131171399122712
0.35241015230178546,3.8018524014219945,-1.3131171399122712
0.35241015230178546,4.332051150652827,-1.3131171399122712
0.35241015230178546,4.862249899883659,-1.3131171399122712
0.35241015230178546,5.392448649114492,-1.3131171399122712
0.35241015230178546,5.922647398345324,-1.3131171399122712
0.35241015230178546,6.452846147576158,-1.3131171399122712
0.36882847790773493,6.98304489680699,-1.3131171399122712
0.5061385811130329,7.5132436460378225,-1.3131171399122712
0.5061385811130329,8.043442395268656,-1.3131171399122712
0.5061385811130329,8.573641144499486,-1.3131171399122712
0.5061385811130329,9.10383989373032,-1.3131171399122712
0.6854844379167825,9.634038642961153,-1.3131171399122712
0.6854844379167825,10.164237392191986,-1.3131171399122712
0.6854844379167825,10.694436141422818,-1.3131171399122712
0.6854844379167825,11.22463489065365,-1.3131171399122712
0.6854844379167825,11.754833639884483,-1.3131171399122712
0.6854844379167825,12.285032389115315,-1.3131171399122712
0.6854844379167825,12.815231138346148,-1.3131171399122712
0.6854844379167825,13.34542988757698,-1.3131171399122712
0.6854844379167825,13.875628636807813,-1.3131171399122712
0.6854844379167825,14.405827386038645,-1.3131171399122712
0.6854844379167825,14.936026135269477,-1.3131171399122712
0.6854844379167825,15.46622488450031,-1.3131171399122712
0.6854844379167825,15.996423633731144,-1.3131171399122712
1.2124910620470624,16.526622382961975,-1.3131171399122712
1.2124910620470624,17.05682113219281,-1.3131171399122712
1.2124910620470624,17.587019881423643,-1.3131171399122712
1.2124910620470624,18.117218630654474,-1.3131171399122712
1.2557535640772033,18.647417379885304,-1.3131171399122712
1.2557535640772033,19.17761612911614,-1.3131171399122712
1.2557535640772033,19.70781487834697,-1.3131171399122712
1.2557535640772033,20.238013627577804,-1.3131171399122712
1.547424259870421,20.768212376808638,-1.3131171399122712
1.547424259870421,21.29841112603947,-1.3131171399122712
1.547424259870421,21.828609875270303,-1.3131171399122712
1.547424259870421,22.358808624501133,-1.3131171399122712
1.547424259870421,22.889007373731967,-1.3131171399122712
1.547424259870421,23.419206122962798,-1.3131171399122712
1.547424259870421,23.949404872193632,-1.3131171399122712
1.547424259870421,24.479603621424463,-1.3131171399122712
1.547424259870421,25.009802370655297,-1.3131171399122712
1.547424259870421,25.540001119886128,-1.3131171399122712
1.547424259870421,26.070199869116962,-1.3131171399122712
1.547424259870421,26.600398618347793,-1.3131171399122712
1.547424259870421,27.130597367578627,-1.3131171399122712
1.547424259870421,27.660796116809458,-1.3131171399122712
1.547424259870421,28.190994866040292,-1.3131171399122712
1.547424259870421,28.721193615271126,-1.3131171399122712
1.547424259870421,29.251392364501957,-1.3131171399122712
0.32087092195679506,3.271653652191162,-1.2773749223721937
0.32087092195679506,3.8018524014219945,-1.2773749223721937
0.32087092195679506,4.332051150652827,-1.2773749223721937
0.32087092195679506,4.862249899883659,-1.2773749223721937
0.32087092195679506,5.392448649114492,-1.2773749223721937
0.32087092195679506,5.922647398345324,-1.2773749223721937
0.32087092195679506,6.452846147576158,-1.2773749223721937
0.3358198762924139,6.98304489680699,-1.2773749223721937
0.4608413012476659,7.5132436460378225,-1.2773749223721937
0.4608413012476659,8.043442395268656,-1.2773749223721937
0.4608413012476659,8.573641144499486,-1.2773749223721937
0.4608413012476659,9.10383989373032,-1.2773749223721937
0.6241364561853998,9.634038642961153,-1.2773749223721937
0.6241364561853998,10.164237392191986,-1.2773749223721937
0.6241364561853998,10.694436141422818,-1.2773749223721937
0.6241364561853998,11.22463489065365,-1.2773749223721937
0.6241364561853998,11.754833639884483,-1.2773749223721937
0.6241364561853998,12.285032389115315,-1.2773749223721937
0.6241364561853998,12.815231138346148,-1.2773749223721937
0.6241364561853998,13.34542988757698,-1.2773749223721937
0.6241364561853998,13.875628636807813,-1.2773749223721937
0.6241364561853998,14.405827386038645,-1.2773749223721937
0.6241364561853998,14.936026135269477,-1.2773749223721937
0.6241364561853998,15.46622488450031,-1.2773749223721937
0.6241364561853998,15.996423633731144,-1.2773749223721937
1.103978198137294,16.526622382961975,-1.2773749223721937
1.103978198137294,17.05682113219281,-1.2773749223721937
1.103978198137294,17.587019881423643,-1.2773749223721937
1.103978198137294,18.117218630654474,-1.2773749223721937
1.1433688877127792,18.647417379885304,-1.2773749223721937
1.1433688877127792,19.17761612911614,-1.2773749223721937
1.1433688877127792,19.70781487834697,-1.2773749223721937
1.1433688877127792,20.238013627577804,-1.2773749223721937
1.4089362797293559,20.768212376808638,-1.2773749223721937
1.4089362797293559,21.29841112603947,-1.2773749223721937
1.4089362797293559,21.828609875270303,-1.2773749223721937
1.4089362797293559,22.358808624501133,-1.2773749223721937
1.4089362797293559,22.889007373731967,-1.2773749223721937
1.4089362797293559,23.419206122962798,-1.2773749223721937
1.4089362797293559,23.949404872193632,-1.2773749223721937
1.4089362797293559,24.479603621424463,-1.2773749223721937
1.4089362797293559,25.009802370655297,-1.2773749223721937
1.4089362797293559,25.540001119886128,-1.2773749223721937
1.4089362797293559,26.070199869116962,-1.2773749223721937
1.4089362797293559,26.600398618347793,-1.2773749223721937
1.4089362797293559,27.130597367578627,-1.2773749223721937
1.4089362797293559,27.660796116809458,-1.2773749223721937
1.4089362797293559,28.190994866040292,-1.2773749223721937
1.4089362797293559,28.721193615271126,-1.2773749223721937
1.4089362797293559,29.251392364501957,-1.2773749223721937
0.32087092195679506,3.271653652191162,-1.2416327048321163
0.32087092195679506,3.8018524014219945,-1.2416327048321163
0.32087092195679506,4.332051150652827,-1.2416327048321163
0.32087092195679506,4.862249899883659,-1.2416327048321163
0.32087092195679506,5.392448649114492,-1.2416327048321163
0.32087092195679506,5.922647398345324,-1.2416327048321163
0.32087092195679506,6.452846147576158,-1.2416327048321163
0.3358198762924139,6.98304489680699,-1.2416327048321163
0.4608413012476659,7.5132436460378225,-1.2416327048321163
0.4608413012476659,8.043442395268656,-1.2416327048321163
0.4608413012476659,8.573641144499486,-1.2416327048321163
0.4608413012476659,9.10383989373032,-1.2416327048321163
0.6241364561853998,9.634038642961153,-1.2416327048321163
0.6241364561853998,10.164237392191986,-1.2416327048321163
0.6241364561853998,10.694436141422818,-1.2416327048321163
0.6241364561853998,11.22463489065365,-1.2416327048321163
0.6241364561853998,11.754833639884483,-1.2416327048321163
0.6241364561853998,12.285032389115315,-1.2416327048321163
0.6241364561853998,12.815231138346148,-1.2416327048321163
0.6241364561853998,13.34542988757698,-1.2416327048321163
0.6241364561853998,13.875628636807813,-1.2416327048321163
0.6241364561853998,14.405827386038645,-1.2416327048321163
0.6241364561853998,14.936026135269477,-1.2416327048321163
0.6241364561853998,15.46622488450031,-1.2416327048321163
0.6241364561853998,15.996423633731144,-1.2416327048321163
1.103978198137294,16.526622382961975,-1.2416327048321163
1.103978198137294,17.05682113219281,-1.2416327048321163
1.103978198137294,17.587019881423643,-1.2416327048321163
1.103978198137294,18.117218630654474,-1.2416327048321163
1.1433688877127792,18.647417379885304,-1.2416327048321163
1.1433688877127792,19.17761612911614,-1.2416327048321163
1.1433688877127792,19.70781487834697,-1.2416327048321163
1.1433688877127792,20.238013627577804,-1.2416327048321163
1.4089362797293559,20.768212376808638,-1.2416327048321163
1.4089362797293559,21.29841112603947,-1.2416327048321163
1.4089362797293559,21.828609875270303,-1.2416327048321163
1.4089362797293559,22.358808624501133,-1.2416327048321163
1.4089362797293559,22.889007373731967,-1.2416327048321163
1.4089362797293559,23.419206122962798,-1.2416327048321163
1.4089362797293559,23.949404872193632,-1.2416327048321163
1.4089362797293559,24.479603621424463,-1.2416327048321163
1.4089362797293559,25.009802370655297,-1.2416327048321163
1.4089362797293559,25.540001119886128,-1.2416327048321163
1.4089362797293559,26.070199869116962,-1.2416327048321163
1.4089362797293559,26.600398618347793,-1.2416327048321163
1.4089362797293559,27.130597367578627,-1.2416327048321163
1.4089362797293559,27.660796116809458,-1.2416327048321163
1.4089362797293559,28.190994866040292,-1.2416327048321163
1.4089362797293559,28.721193615271126,-1.2416327048321163
1.4089362797293559,29.251392364501957,-1.2416327048321163
0.32087092195679506,3.271653652191162,-1.2058904872920388
0.32087092195679506,3.8018524014219945,-1.2058904872920388
0.32087092195679506,4.332051150652827,-1.2058904872920388
0.32087092195679506,4.862249899883659,-1.2058904872920388
0.32087092195679506,5.392448649114492,-1.2058904872920388
0.32087092195679506,5.922647398345324,-1.2058904872920388
0.32087092195679506,6.452846147576158,-1.2058904872920388
0.3358198762924139,6.98304489680699,-1.2058904872920388
0.4608413012476659,7.5132436460378225,-1.2058904872920388
0.4608413012476659,8.043442395268656,-1.2058904872920388
0.4608413012476659,8.573641144499486,-1.2058904872920388
0.4608413012476659,9.10383989373032,-1.2058904872920388
0.6241364561853998,9.634038642961153,-1.2058904872920388
0.6241364561853998,10.164237392191986,-1.2058904872920388
0.6241364561853998,10.694436141422818,-1.2058904872920388
0.6241364561853998,11.22463489065365,-1.2058904872920388
0.6241364561853998,11.754833639884483,-1.2058904872920388
0.6241364561853998,12.285032389115315,-1.2058904872920388
0.6241364561853998,12.815231138346148,-1.2058904872920388
0.6241364561853998,13.34542988757698,-1.2058904872920388
0.6241364561853998,13.875628636807813,-1.2058904872920388
0.6241364561853998,14.405827386038645,-1.2058904872920388
0.6241364561853998,14.936026135269477,-1.2058904872920388
0.6241364561853998,15.46622488450031,-1.2058904872920388
0.6241364561853998,15.996423633731144,-1.2058904872920388
1.103978198137294,16.526622382961975,-1.2058904872920388
1.103978198137294,17.05682113219281,-1.2058904872920388
1.103978198137294,17.587019881423643,-1.2058904872920388
1.103978198137294,18.117218630654474,-1.2058904872920388
1.1433688877127792,18.647417379885304,-1.2058904872920388
1.1433688877127792,19.17761612911614,-1.2058904872920388
1.1433688877127792,19.70781487834697,-1.2058904872920388
1.1433688877127792,20.238013627577804,-1.2058904872920388
1.4089362797293559,20.768212376808638,-1.2058904872920388
1.4089362797293559,21.29841112603947,-1.2058904872920388
1.4089362797293559,21.828609875270303,-1.2058904872920388
1.4089362797293559,22.358808624501133,-1.2058904872920388
1.4089362797293559,22.889007373731967,-1.2058904872920388
1.4089362797293559,23.419206122962798,-1.2058904872920388
1.4089362797293559,23.949404872193632,-1.2058904872920388
1.4089362797293559,24.479603621424463,-1.2058904872920388
1.4089362797293559,25.009802370655297,-1.2058904872920388
1.4089362797293559,25.540001119886128,-1.2058904872920388
1.4089362797293559,26.070199869116962,-1.2058904872920388
1.4089362797293559,26.600398618347793,-1.2058904872920388
1.4089362797293559,27.130597367578627,-1.2058904872920388
1.4089362797293559,27.660796116809458,-1.2058904872920388
1.4089362797293559,28.190994866040292,-1.2058904872920388
1.4089362797293559,28.721193615271126,-1.2058904872920388
1.4089362797293559,29.251392364501957,-1.2058904872920388
0.32087092195679506,3.271653652191162,-1.1701482697519614
0.32087092195679506,3.8018524014219945,-1.1701482697519614
0.32087092195679506,4.332051150652827,-1.1701482697519614
0.32087092195679506,4.862249899883659,-1.1701482697519614
0.32087092195679506,5.392448649114492,-1.1701482697519614
0.32087092195679506,5.922647398345324,-1.1701482697519614
0.32087092195679506,6.452846147576158,-1.1701482697519614
0.3358198762924139,6.98304489680699,-1.1701482697519614
0.4608413012476659,7.5132436460378225,-1.1701482697519614
0.4608413012476659,8.043442395268656,-1.1701482697519614
0.4608413012476659,8.573641144499486,-1.1701482697519614
0.4608413012476659,9.10383989373032,-1.1701482697519614
0.6241364561853998,9.634038642961153,-1.1701482697519614
0.6241364561853998,10.164237392191986,-1.1701482697519614
0.6241364561853998,10.694436141422818,-1.1701482697519614
0.6241364561853998,11.22463489065365,-1.1701482697519614
0.6241364561853998,11.754833639884483,-1.1701482697519614
0.6241364561853998,12.285032389115315,-1.1701482697519614
0.6241364561853998,12.815231138346148,-1.1701482697519614
0.6241364561853998,13.34542988757698,-1.1701482697519614
0.6241364561853998,13.875628636807813,-1.1701482697519614
0.6241364561853998,14.405827386038645,-1.1701482697519614
0.6241364561853998,14.936026135269477,-1.1701482697519614
0.6241364561853998,15.46622488450031,-1.1701482697519614
0.6241364561853998,15.996423633731144,-1.1701482697519614
1.103978198137294,16.526622382961975,-1.1701482697519614
1.103978198137294,17.05682113219281,-1.1701482697519614
1.103978198137294,17.587019881423643,-1.1701482697519614
1.103978198137294,18.117218630654474,-1.1701482697519614
1.1433688877127792,18.647417379885304,-1.1701482697519614
1.1433688877127792,19.17761612911614,-1.1701482697519614
1.1433688877127792,19.70781487834697,-1.1701482697519614
1.1433688877127792,20.238013627577804,-1.1701482697519614
1.4089362797293559,20.768212376808638,-1.1701482697519614
1.4089362797293559,21.29841112603947,-1.1701482697519614
1.4089362797293559,21.828609875270303,-1.1701482697519614
1.4089362797293559,22.358808624501133,-1.1701482697519614
1.4089362797293559,22.889007373731967,-1.1701482697519614
1.4089362797293559,23.419206122962798,-1.1701482697519614
1.4089362797293559,23.949404872193632,-1.1701482697519614
1.4089362797293559,24.479603621424463,-1.1701482697519614
1.4089362797293559,25.009802370655297,-1.1701482697519614
1.4089362797293559,25.540001119886128,-1.1701482697519614
1.4089362797293559,26.070199869116962,-1.1701482697519614
1.4089362797293559,26.600398618347793,-1.1701482697519614
1.4089362797293559,27.130597367578627,-1.1701482697519614
1.4089362797293559,27.660796116809458,-1.1701482697519614
1.4089362797293559,28.190994866040292,-1.1701482697519614
1.4089362797293559,28.721193615271126,-1.1701482697519614
1.4089362797293559,29.251392364501957,-1.1701482697519614
0.30670432934850256,3.271653652191162,-1.134406052211884
0.30670432934850256,3.8018524014219945,-1.134406052211884
0.30670432934850256,4.332051150652827,-1.134406052211884
0.30670432934850256,4.862249899883659,-1.134406052211884
0.30670432934850256,5.392448649114492,-1.134406052211884
0.30670432934850256,5.922647398345324,-1.134406052211884
0.30670432934850256,6.452846147576158,-1.134406052211884
0.32099328076238204,6.98304489680699,-1.134406052211884
0.44049495471044325,7.5132436460378225,-1.134406052211884
0.44049495471044325,8.043442395268656,-1.134406052211884
0.44049495471044325,8.573641144499486,-1.134406052211884
0.44049495471044325,9.10383989373032,-1.134406052211884
0.596580556595494,9.634038642961153,-1.134406052211884
0.596580556595494,10.164237392191986,-1.134406052211884
0.596580556595494,10.694436141422818,-1.134406052211884
0.596580556595494,11.22463489065365,-1.134406052211884
0.596580556595494,11.754833639884483,-1.134406052211884
0.596580556595494,12.285032389115315,-1.134406052211884
0.596580556595494,12.815231138346148,-1.134406052211884
0.596580556595494,13.34542988757698,-1.134406052211884
0.596580556595494,13.875628636807813,-1.134406052211884
0.596580556595494,14.405827386038645,-1.134406052211884
0.596580556595494,14.936026135269477,-1.134406052211884
0.596580556595494,15.46622488450031,-1.134406052211884
0.596580556595494,15.996423633731144,-1.134406052211884
1.0552370741798114,16.526622382961975,-1.134406052211884
1.0552370741798114,17.05682113219281,-1.134406052211884
1.0552370741798114,17.587019881423643,-1.134406052211884
1.0552370741798114,18.117218630654474,-1.134406052211884
1.0928886474515425,18.647417379885304,-1.134406052211884
1.0928886474515425,19.17761612911614,-1.134406052211884
1.0928886474515425,19.70781487834697,-1.134406052211884
1.0928886474515425,20.238013627577804,-1.134406052211884
1.346731122078278,20.768212376808638,-1.134406052211884
1.346731122078278,21.29841112603947,-1.134406052211884
1.346731122078278,21.828609875270303,-1.134406052211884
1.346731122078278,22.358808624501133,-1.134406052211884
1.346731122078278,22.889007373731967,-1.134406052211884
1.346731122078278,23.419206122962798,-1.134406052211884
1.346731122078278,23.949404872193632,-1.134406052211884
1.346731122078278,24.479603621424463,-1.134406052211884
1.346731122078278,25.009802370655297,-1.134406052211884
1.346731122078278,25.540001119886128,-1.134406052211884
1.346731122078278,26.070199869116962,-1.134406052211884
1.346731122078278,26.600398618347793,-1.134406052211884
1.346731122078278,27.130597367578627,-1.134406052211884
1.346731122078278,27.660796116809458,-1.134406052211884
1.346731122078278,28.190994866040292,-1.134406052211884
1.346731122078278,28.721193615271126,-1.134406052211884
1.346731122078278,29.251392364501957,-1.134406052211884
0.30670432934850256,3.271653652191162,-1.0986638346718065
0.30670432934850256,3.8018524014219945,-1.0986638346718065
0.30670432934850256,4.332051150652827,-1.0986638346718065
0.30670432934850256,4.862249899883659,-1.0986638346718065
0.30670432934850256,5.392448649114492,-1.0986638346718065
0.30670432934850256,5.922647398345324,-1.0986638346718065
0.30670432934850256,6.452846147576158,-1.0986638346718065
0.32099328076238204,6.98304489680699,-1.0986638346718065
0.44049495471044325,7.5132436460378225,-1.0986638346718065
0.44049495471044325,8.043442395268656,-1.0986638346718065
0.44049495471044325,8.573641144499486,-1.0986638346718065
0.44049495471044325,9.10383989373032,-1.0986638346718065
0.596580556595494,9.634038642961153,-1.0986638346718065
0.596580556595494,10.164237392191986,-1.0986638346718065
0.596580556595494,10.694436141422818,-1.0986638346718065
0.596580556595494,11.22463489065365,-1.0986638346718065
0.596580556595494,11.754833639884483,-1.0986638346718065
0.596580556595494,12.285032389115315,-1.0986638346718065
0.596580556595494,12.815231138346148,-1.0986638346718065
0.596580556595494,13.34542988757698,-1.0986638346718065
0.596580556595494,13.875628636807813,-1.0986638346718065
0.596580556595494,14.405827386038645,-1.0986638346718065
0.596580556595494,14.936026135269477,-1.0986638346718065
0.596580556595494,15.46622488450031,-1.0986638346718065
0.596580556595494,15.996423633731144,-1.0986638346718065
1.0552370741798114,16.526622382961975,-1.0986638346718065
1.0552370741798114,17.05682113219281,-1.0986638346718065
1.0552370741798114,17.587019881423643,-1.0986638346718065
1.0552370741798114,18.117218630654474,-1.0986638346718065
1.0928886474515425,18.647417379885304,-1.0986638346718065
1.0928886474515425,19.17761612911614,-1.0986638346718065
1.0928886474515425,19.70781487834697,-1.0986638346718065
1.0928886474515425,20.238013627577804,-1.0986638346718065
1.346731122078278,20.768212376808638,-1.0986638346718065
1.346731122078278,21.29841112603947,-1.0986638346718065
1.346731122078278,21.828609875270303,-1.0986638346718065
1.346731122078278,22.358808624501133,-1.0986638346718065
1.346731122078278,22.889007373731967,-1.0986638346718065
1.346731122078278,23.419206122962798,-1.0986638346718065
1.346731122078278,23.949404872193632,-1.0986638346718065
1.346731122078278,24.479603621424463,-1.0986638346718065
1.346731122078278,25.009802370655297,-1.0986638346718065
1.346731122078278,25.540001119886128,-1.0986638346718065
1.346731122078278,26.070199869116962,-1.0986638346718065
1.346731122078278,26.600398618347793,-1.0986638346718065
1.346731122078278,27.130597367578627,-1.0986638346718065
1.346731122078278,27.660796116809458,-1.0986638346718065
1.346731122078278,28.190994866040292,-1.0986638346718065
1.346731122078278,28.721193615271126,-1.0986638346718065
1.346731122078278,29.251392364501957,-1.0986638346718065
0.30670432934850256,3.271653652191162,-1.062921617131729
0.30670432934850256,3.8018524014219945,-1.062921617131729
0.30670432934850256,4.332051150652827,-1.062921617131729
0.30670432934850256,4.862249899883659,-1.062921617131729
0.30670432934850256,5.392448649114492,-1.062921617131729
0.30670432934850256,5.922647398345324,-1.062921617131729
0.30670432934850256,6.452846147576158,-1.062921617131729
0.32099328076238204,6.98304489680699,-1.062921617131729
0.44049495471044325,7.5132436460378225,-1.062921617131729
0.44049495471044325,8.043442395268656,-1.062921617131729
0.44049495471044325,8.573641144499486,-1.062921617131729
0.44049495471044325,9.10383989373032,-1.062921617131729
0.596580556595494,9.634038642961153,-1.062921617131729
0.596580556595494,10.164237392191986,-1.062921617131729
0.596580556595494,10.694436141422818,-1.062921617131729
0.596580556595494,11.22463489065365,-1.062921617131729
0.596580556595494,11.754833639884483,-1.062921617131729
0.596580556595494,12.285032389115315,-1.062921617131729
0.596580556595494,12.815231138346148,-1.062921617131729
0.596580556595494,13.34542988757698,-1.062921617131729
0.596580556595494,13.875628636807813,-1.062921617131729
0.596580556595494,14.405827386038645,-1.062921617131729
0.596580556595494,14.936026135269477,-1.062921617131729
0.596580556595494,15.46622488450031,-1.062921617131729
0.596580556595494,15.996423633731144,-1.062921617131729
1.0552370741798114,16.526622382961975,-1.062921617131729
1.0552370741798114,17.05682113219281,-1.062921617131729
1.0552370741798114,17.587019881423643,-1.062921617131729
1.0552370741798114,18.117218630654474,-1.062921617131729
1.0928886474515425,18.647417379885304,-1.062921617131729
1.0928886474515425,19.17761612911614,-1.062921617131729
1.0928886474515425,19.70781487834697,-1.062921617131729
1.0928886474515425,20.238013627577804,-1.062921617131729
1.346731122078278,20.768212376808638,-1.062921617131729
1.346731122078278,21.29841112603947,-1.062921617131729
1.346731122078278,21.828609875270303,-1.062921617131729
1.346731122078278,22.358808624501133,-1.062921617131729
1.346731122078278,22.889007373731967,-1.062921617131729
1.346731122078278,23.419206122962798,-1.062921617131729
1.346731122078278,23.949404872193632,-1.062921617131729
1.346731122078278,24.479603621424463,-1.062921617131729
1.346731122078278,25.009802370655297,-1.062921617131729
1.346731122078278,25.540001119886128,-1.062921617131729
1.346731122078278,26.070199869116962,-1.062921617131729
1.346731122078278,26.600398618347793,-1.062921617131729
1.346731122078278,27.130597367578627,-1.062921617131729
1.346731122078278,27.660796116809458,-1.062921617131729
1.346731122078278,28.190994866040292,-1.062921617131729
1.346731122078278,28.721193615271126,-1.062921617131729
1.346731122078278,29.251392364501957,-1.062921617131729
0.30670432934850256,3.271653652191162,-1.0271793995916514
0.30670432934850256,3.8018524014219945,-1.0271793995916514
0.30670432934850256,4.332051150652827,-1.0271793995916514
0.30670432934850256,4.862249899883659,-1.0271793995916514
0.30670432934850256,5.392448649114492,-1.0271793995916514
0.30670432934850256,5.922647398345324,-1.0271793995916514
0.30670432934850256,6.452846147576158,-1.0271793995916514
0.32099328076238204,6.98304489680699,-1.0271793995916514
0.44049495471044325,7.5132436460378225,-1.0271793995916514
0.44049495471044325,8.043442395268656,-1.0271793995916514
0.44049495471044325,8.573641144499486,-1.0271793995916514
0.44049495471044325,9.10383989373032,-1.0271793995916514
0.596580556595494,9.634038642961153,-1.0271793995916514
0.596580556595494,10.164237392191986,-1.0271793995916514
0.596580556595494,10.694436141422818,-1.0271793995916514
0.596580556595494,11.22463489065365,-1.0271793995916514
0.596580556595494,11.754833639884483,-1.0271793995916514
0.596580556595494,12.285032389115315,-1.0271793995916514
0.596580556595494,12.815231138346148,-1.0271793995916514
0.596580556595494,13.34542988757698,-1.0271793995916514
0.596580556595494,13.875628636807813,-1.0271793995916514
0.596580556595494,14.405827386038645,-1.0271793995916514
0.596580556595494,14.936026135269477,-1.0271793995916514
0.596580556595494,15.46622488450031,-1.0271793995916514
0.596580556595494,15.996423633731144,-1.0271793995916514
1.0552370741798114,16.526622382961975,-1.0271793995916514
1.0552370741798114,17.05682113219281,-1.0271793995916514
1.0552370741798114,17.587019881423643,-1.0271793995916514
1.0552370741798114,18.117218630654474,-1.0271793995916514
1.0928886474515425,18.647417379885304,-1.0271793995916514
1.0928886474515425,19.17761612911614,-1.0271793995916514
1.0928886474515425,19.70781487834697,-1.0271793995916514
1.0928886474515425,20.238013627577804,-1.0271793995916514
1.346731122078278,20.768212376808638,-1.0271793995916514
1.346731122078278,21.29841112603947,-1.0271793995916514
1.346731122078278,21.828609875270303,-1.0271793995916514
1.346731122078278,22.358808624501133,-1.0271793995916514
1.346731122078278,22.889007373731967,-1.0271793995916514
1.346731122078278,23.419206122962798,-1.0271793995916514
1.346731122078278,23.949404872193632,-1.0271793995916514
1.346731122078278,24.479603621424463,-1.0271793995916514
1.346731122078278,25.009802370655297,-1.0271793995916514
1.346731122078278,25.540001119886128,-1.0271793995916514
1.346731122078278,26.070199869116962,-1.0271793995916514
1.346731122078278,26.600398618347793,-1.0271793995916514
1.346731122078278,27.130597367578627,-1.0271793995916514
1.346731122078278,27.660796116809458,-1.0271793995916514
1.346731122078278,28.190994866040292,-1.0271793995916514
1.346731122078278,28.721193615271126,-1.0271793995916514
1.346731122078278,29.251392364501957,-1.0271793995916514
0.30670432934850256,3.271653652191162,-0.9914371820515739
0.30670432934850256,3.8018524014219945,-0.9914371820515739
0.30670432934850256,4.332051150652827,-0.9914371820515739
0.30670432934850256,4.862249899883659,-0.9914371820515739
0.30670432934850256,5.392448649114492,-0.9914371820515739
0.30670432934850256,5.922647398345324,-0.9914371820515739
0.30670432934850256,6.452846147576158,-0.9914371820515739
0.32099328076238204,6.98304489680699,-0.9914371820515739
0.44049495471044325,7.5132436460378225,-0.9914371820515739
0.44049495471044325,8.043442395268656,-0.9914371820515739
0.44049495471044325,8.573641144499486,-0.9914371820515739
0.44049495471044325,9.10383989373032,-0.9914371820515739
0.596580556595494,9.634038642961153,-0.9914371820515739
0.596580556595494,10.164237392191986,-0.9914371820515739
0.596580556595494,10.694436141422818,-0.9914371820515739
0.596580556595494,11.22463489065365,-0.9914371820515739
0.596580556595494,11.754833639884483,-0.9914371820515739
0.596580556595494,12.285032389115315,-0.9914371820515739
0.596580556595494,12.815231138346148,-0.9914371820515739
0.596580556595494,13.34542988757698,-0.9914371820515739
0.596580556595494,13.875628636807813,-0.9914371820515739
0.596580556595494,14.405827386038645,-0.9914371820515739
0.596580556595494,14.936026135269477,-0.9914371820515739
0.596580556595494,15.46622488450031,-0.9914371820515739
0.596580556595494,15.996423633731144,-0.9914371820515739
1.0552370741798114,16.526622382961975,-0.9914371820515739
1.0552370741798114,17.05682113219281,-0.9914371820515739
1.0552370741798114,17.587019881423643,-0.9914371820515739
1.0552370741798114,18.117218630654474,-0.9914371820515739
1.0928886474515425,18.647417379885304,-0.9914371820515739
1.0928886474515425,19.17761612911614,-0.9914371820515739
1.0928886474515425,19.70781487834697,-0.9914371820515739
1.0928886474515425,20.238013627577804,-0.9914371820515739
1.346731122078278,20.768212376808638,-0.9914371820515739
1.346731122078278,21.29841112603947,-0.9914371820515739
1.346731122078278,21.828609875270303,-0.9914371820515739
1.346731122078278,22.358808624501133,-0.9914371820515739
1.346731122078278,22.889007373731967,-0.9914371820515739
1.346731122078278,23.419206122962798,-0.9914371820515739
1.346731122078278,23.949404872193632,-0.9914371820515739
1.346731122078278,24.479603621424463,-0.9914371820515739
1.346731122078278,25.009802370655297,-0.9914371820515739
1.346731122078278,25.540001119886128,-0.9914371820515739
1.346731122078278,26.070199869116962,-0.9914371820515739
1.346731122078278,26.600398618347793,-0.9914371820515739
1.346731122078278,27.130597367578627,-0.9914371820515739
1.346731122078278,27.660796116809458,-0.9914371820515739
1.346731122078278,28.190994866040292,-0.9914371820515739
1.346731122078278,28.721193615271126,-0.9914371820515739
1.346731122078278,29.251392364501957,-0.9914371820515739
0.2594265843021977,3.271653652191162,-0.9556949645114965
0.2594265843021977,3.8018524014219945,-0.9556949645114965
0.2594265843021977,4.332051150652827,-0.9556949645114965
0.2594265843021977,4.862249899883659,-0.9556949645114965
0.2594265843021977,5.392448649114492,-0.9556949645114965
0.2594265843021977,5.922647398345324,-0.9556949645114965
0.2594265843021977,6.452846147576158,-0.9556949645114965
0.27151292774063907,6.98304489680699,-0.9556949645114965
0.3725937020374816,7.5132436460378225,-0.9556949645114965
0.3725937020374816,8.043442395268656,-0.9556949645114965
0.3725937020374816,8.573641144499486,-0.9556949645114965
0.3725937020374816,9.10383989373032,-0.9556949645114965
0.5046190785354449,9.634038642961153,-0.9556949645114965
0.5046190785354449,10.164237392191986,-0.9556949645114965
0.5046190785354449,10.694436141422818,-0.9556949645114965
0.5046190785354449,11.22463489065365,-0.9556949645114965
0.5046190785354449,11.754833639884483,-0.9556949645114965
0.5046190785354449,12.285032389115315,-0.9556949645114965
0.5046190785354449,12.815231138346148,-0.9556949645114965
0.5046190785354449,13.34542988757698,-0.9556949645114965
0.5046190785354449,13.875628636807813,-0.9556949645114965
0.5046190785354449,14.405827386038645,-0.9556949645114965
0.5046190785354449,14.936026135269477,-0.9556949645114965
0.5046190785354449,15.46622488450031,-0.9556949645114965
0.5046190785354449,15.996423633731144,-0.9556949645114965
0.8925747815983669,16.526622382961975,-0.9556949645114965
0.8925747815983669,17.05682113219281,-0.9556949645114965
0.8925747815983669,17.587019881423643,-0.9556949645114965
0.8925747815983669,18.117218630654474,-0.9556949645114965
0.9244224541377074,18.647417379885304,-0.9556949645114965
0.9244224541377074,19.17761612911614,-0.9556949645114965
0.9244224541377074,19.70781487834697,-0.9556949645114965
0.9244224541377074,20.238013627577804,-0.9556949645114965
1.139135713266186,20.768212376808638,-0.9556949645114965
1.139135713266186,21.29841112603947,-0.9556949645114965
1.139135713266186,21.828609875270303,-0.9556949645114965
1.139135713266186,22.358808624501133,-0.9556949645114965
1.139135713266186,22.889007373731967,-0.9556949645114965
1.139135713266186,23.419206122962798,-0.9556949645114965
1.139135713266186,23.949404872193632,-0.9556949645114965
1.139135713266186,24.479603621424463,-0.9556949645114965
1.139135713266186,25.009802370655297,-0.9556949645114965
1.139135713266186,25.540001119886128,-0.9556949645114965
1.139135713266186,26.070199869116962,-0.9556949645114965
1.139135713266186,26.600398618347793,-0.9556949645114965
1.139135713266186,27.130597367578627,-0.9556949645114965
1.139135713266186,27.660796116809458,-0.9556949645114965
1.139135713266186,28.190994866040292,-0.9556949645114965
1.139135713266186,28.721193615271126,-0.9556949645114965
1.139135713266186,29.251392364501957,-0.9556949645114965
0.2594265843021977,3.271653652191162,-0.919952746971419
0.2594265843021977,3.8018524014219945,-0.919952746971419
0.2594265843021977,4.332051150652827,-0.919952746971419
0.2594265843021977,4.862249899883659,-0.919952746971419
0.2594265843021977,5.392448649114492,-0.919952746971419
0.2594265843021977,5.922647398345324,-0.919952746971419
0.2594265843021977,6.452846147576158,-0.919952746971419
0.27151292774063907,6.98304489680699,-0.919952746971419
0.3725937020374816,7.5132436460378225,-0.919952746971419
0.3725937020374816,8.043442395268656,-0.919952746971419
0.3725937020374816,8.573641144499486,-0.919952746971419
0.3725937020374816,9.10383989373032,-0.919952746971419
0.5046190785354449,9.634038642961153,-0.919952746971419
0.5046190785354449,10.164237392191986,-0.919952746971419
0.5046190785354449,10.694436141422818,-0.919952746971419
0.5046190785354449,11.22463489065365,-0.919952746971419
0.5046190785354449,11.754833639884483,-0.919952746971419
0.5046190785354449,12.285032389115315,-0.919952746971419
0.5046190785354449,12.815231138346148,-0.919952746971419
0.5046190785354449,13.34542988757698,-0.919952746971419
0.5046190785354449,13.875628636807813,-0.919952746971419
0.5046190785354449,14.405827386038645,-0.919952746971419
0.5046190785354449,14.936026135269477,-0.919952746971419
0.5046190785354449,15.46622488450031,-0.919952746971419
0.5046190785354449,15.996423633731144,-0.919952746971419
0.8925747815983669,16.526622382961975,-0.919952746971419
0.8925747815983669,17.05682113219281,-0.919952746971419
0.8925747815983669,17.587019881423643,-0.919952746971419
0.8925747815983669,18.117218630654474,-0.919952746971419
0.9244224541377074,18.647417379885304,-0.919952746971419
0.9244224541377074,19.17761612911614,-0.919952746971419
0.9244224541377074,19.70781487834697,-0.919952746971419
0.9244224541377074,20.238013627577804,-0.919952746971419
1.139135713266186,20.768212376808638,-0.919952746971419
1.139135713266186,21.29841112603947,-0.919952746971419
1.139135713266186,21.828609875270303,-0.919952746971419
1.139135713266186,22.358808624501133,-0.919952746971419
1.139135713266186,22.889007373731967,-0.919952746971419
1.139135713266186,23.419206122962798,-0.919952746971419
1.139135713266186,23.949404872193632,-0.919952746971419
1.139135713266186,24.479603621424463,-0.919952746971419
1.139135713266186,25.009802370655297,-0.919952746971419
1.139135713266186,25.540001119886128,-0.919952746971419
1.139135713266186,26.070199869116962,-0.919952746971419
1.139135713266186,26.600398618347793,-0.919952746971419
1.139135713266186,27.130597367578627,-0.919952746971419
1.139135713266186,27.660796116809458,-0.919952746971419
1.139135713266186,28.190994866040292,-0.919952746971419
1.139135713266186,28.721193615271126,-0.919952746971419
1.139135713266186,29.251392364501957,-0.919952746971419
0.2594265843021977,3.271653652191162,-0.8842105294313416
0.2594265843021977,3.8018524014219945,-0.8842105294313416
0.2594265843021977,4.332051150652827,-0.8842105294313416
0.2594265843021977,4.862249899883659,-0.8842105294313416
0.2594265843021977,5.392448649114492,-0.8842105294313416
0.2594265843021977,5.922647398345324,-0.8842105294313416
0.2594265843021977,6.452846147576158,-0.8842105294313416
0.27151292774063907,6.98304489680699,-0.8842105294313416
0.3725937020374816,7.5132436460378225,-0.8842105294313416
0.3725937020374816,8.043442395268656,-0.8842105294313416
0.3725937020374816,8.573641144499486,-0.8842105294313416
0.3725937020374816,9.10383989373032,-0.8842105294313416
0.5046190785354449,9.634038642961153,-0.8842105294313416
0.5046190785354449,10.164237392191986,-0.8842105294313416
0.5046190785354449,10.694436141422818,-0.8842105294313416
0.5046190785354449,11.22463489065365,-0.8842105294313416
0.5046190785354449,11.754833639884483,-0.8842105294313416
0.5046190785354449,12.285032389115315,-0.8842105294313416
0.5046190785354449,12.815231138346148,-0.8842105294313416
0.5046190785354449,13.34542988757698,-0.8842105294313416
0.5046190785354449,13.875628636807813,-0.8842105294313416
0.5046190785354449,14.405827386038645,-0.8842105294313416
0.5046190785354449,14.936026135269477,-0.8842105294313416
0.5046190785354449,15.46622488450031,-0.8842105294313416
0.5046190785354449,15.996423633731144,-0.8842105294313416
0.8925747815983669,16.526622382961975,-0.8842105294313416
0.8925747815983669,17.05682113219281,-0.8842105294313416
0.8925747815983669,17.587019881423643,-0.8842105294313416
0.8925747815983669,18.117218630654474,-0.8842105294313416
0.9244224541377074,18.647417379885304,-0.8842105294313416
0.9244224541377074,19.17761612911614,-0.8842105294313416
0.9244224541377074,19.70781487834697,-0.8842105294313416
0.9244224541377074,20.238013627577804,-0.8842105294313416
1.139135713266186,20.768212376808638,-0.8842105294313416
1.139135713266186,21.29841112603947,-0.8842105294313416
1.139135713266186,21.828609875270303,-0.8842105294313416
1.139135713266186,22.358808624501133,-0.8842105294313416
1.139135713266186,22.889007373731967,-0.8842105294313416
1.139135713266186,23.419206122962798,-0.8842105294313416
1.139135713266186,23.949404872193632,-0.8842105294313416
1.139135713266186,24.479603621424463,-0.8842105294313416
1.139135713266186,25.009802370655297,-0.8842105294313416
1.139135713266186,25.540001119886128,-0.8842105294313416
1.139135713266186,26.070199869116962,-0.8842105294313416
1.139135713266186,26.600398618347793,-0.8842105294313416
1.139135713266186,27.130597367578627,-0.8842105294313416
1.139135713266186,27.660796116809458,-0.8842105294313416
1.139135713266186,28.190994866040292,-0.8842105294313416
1.139135713266186,28.721193615271126,-0.8842105294313416
1.139135713266186,29.251392364501957,-0.8842105294313416
0.2594265843021977,3.271653652191162,-0.848468311891264
0.2594265843021977,3.8018524014219945,-0.848468311891264
0.2594265843021977,4.332051150652827,-0.848468311891264
0.2594265843021977,4.862249899883659,-0.848468311891264
0.2594265843021977,5.392448649114492,-0.848468311891264
0.2594265843021977,5.922647398345324,-0.848468311891264
0.2594265843021977,6.452846147576158,-0.848468311891264
0.27151292774063907,6.98304489680699,-0.848468311891264
0.3725937020374816,7.5132436460378225,-0.848468311891264
0.3725937020374816,8.043442395268656,-0.848468311891264
0.3725937020374816,8.573641144499486,-0.848468311891264
0.3725937020374816,9.10383989373032,-0.848468311891264
0.5046190785354449,9.634038642961153,-0.848468311891264
0.5046190785354449,10.164237392191986,-0.848468311891264
0.5046190785354449,10.694436141422818,-0.848468311891264
0.5046190785354449,11.22463489065365,-0.848468311891264
0.5046190785354449,11.754833639884483,-0.848468311891264
0.5046190785354449,12.285032389115315,-0.848468311891264
0.5046190785354449,12.815231138346148,-0.848468311891264
0.5046190785354449,13.34542988757698,-0.848468311891264
0.5046190785354449,13.875628636807813,-0.848468311891264
0.5046190785354449,14.405827386038645,-0.848468311891264
0.5046190785354449,14.936026135269477,-0.848468311891264
0.5046190785354449,15.46622488450031,-0.848468311891264
0.5046190785354449,15.996423633731144,-0.848468311891264
0.8925747815983669,16.526622382961975,-0.848468311891264
0.8925747815983669,17.05682113219281,-0.848468311891264
0.8925747815983669,17.587019881423643,-0.848468311891264
0.8925747815983669,18.117218630654474,-0.848468311891264
0.9244224541377074,18.647417379885304,-0.848468311891264
0.9244224541377074,19.17761612911614,-0.848468311891264
0.9244224541377074,19.70781487834697,-0.848468311891264
0.9244224541377074,20.238013627577804,-0.848468311891264
1.139135713266186,20.768212376808638,-0.848468311891264
1.139135713266186,21.29841112603947,-0.848468311891264
1.139135713266186,21.828609875270303,-0.848468311891264
1.139135713266186,22.358808624501133,-0.848468311891264
1.139135713266186,22.889007373731967,-0.848468311891264
1.139135713266186,23.419206122962798,-0.848468311891264
1.139135713266186,23.949404872193632,-0.848468311891264
1.139135713266186,24.479603621424463,-0.848468311891264
1.139135713266186,25.009802370655297,-0.848468311891264
1.139135713266186,25.540001119886128,-0.848468311891264
1.139135713266186,26.070199869116962,-0.848468311891264
1.139135713266186,26.600398618347793,-0.848468311891264
1.139135713266186,27.130597367578627,-0.848468311891264
1.139135713266186,27.660796116809458,-0.848468311891264
1.139135713266186,28.190994866040292,-0.848468311891264
1.139135713266186,28.721193615271126,-0.848468311891264
1.139135713266186,29.251392364501957,-0.848468311891264
0.2594265843021977,3.271653652191162,-0.8127260943511865
0.2594265843021977,3.8018524014219945,-0.8127260943511865
0.2594265843021977,4.332051150652827,-0.8127260943511865
0.2594265843021977,4.862249899883659,-0.8127260943511865
0.2594265843021977,5.392448649114492,-0.8127260943511865
0.2594265843021977,5.922647398345324,-0.8127260943511865
0.2594265843021977,6.452846147576158,-0.8127260943511865
0.27151292774063907,6.98304489680699,-0.8127260943511865
0.3725937020374816,7.5132436460378225,-0.8127260943511865
0.3725937020374816,8.043442395268656,-0.8127260943511865
0.3725937020374816,8.573641144499486,-0.8127260943511865
0.3725937020374816,9.10383989373032,-0.8127260943511865
0.5046190785354449,9.634038642961153,-0.8127260943511865
0.5046190785354449,10.164237392191986,-0.8127260943511865
0.5046190785354449,10.694436141422818,-0.8127260943511865
0.5046190785354449,11.22463489065365,-0.8127260943511865
0.5046190785354449,11.754833639884483,-0.8127260943511865
0.5046190785354449,12.285032389115315,-0.8127260943511865
0.5046190785354449,12.815231138346148,-0.8127260943511865
0.5046190785354449,13.34542988757698,-0.8127260943511865
0.5046190785354449,13.875628636807813,-0.8127260943511865
0.5046190785354449,14.405827386038645,-0.8127260943511865
0.5046190785354449,14.936026135269477,-0.8127260943511865
0.5046190785354449,15.46622488450031,-0.8127260943511865
0.5046190785354449,15.996423633731144,-0.8127260943511865
0.8925747815983669,16.526622382961975,-0.8127260943511865
0.8925747815983669,17.05682113219281,-0.8127260943511865
0.8925747815983669,17.587019881423643,-0.8127260943511865
0.8925747815983669,18.117218630654474,-0.8127260943511865
0.9244224541377074,18.647417379885304,-0.8127260943511865
0.9244224541377074,19.17761612911614,-0.8127260943511865
0.9244224541377074,19.70781487834697,-0.8127260943511865
0.9244224541377074,20.238013627577804,-0.8127260943511865
1.139135713266186,20.768212376808638,-0.8127260943511865
1.139135713266186,21.29841112603947,-0.8127260943511865
1.139135713266186,21.828609875270303,-0.8127260943511865
1.139135713266186,22.358808624501133,-0.8127260943511865
1.139135713266186,22.889007373731967,-0.8127260943511865
1.139135713266186,23.419206122962798,-0.8127260943511865
1.139135713266186,23.949404872193632,-0.8127260943511865
1.139135713266186,24.479603621424463,-0.8127260943511865
1.139135713266186,25.009802370655297,-0.8127260943511865
1.139135713266186,25.540001119886128,-0.8127260943511865
1.139135713266186,26.070199869116962,-0.8127260943511865
1.139135713266186,26.600398618347793,-0.8127260943511865
1.139135713266186,27.130597367578627,-0.8127260943511865
1.139135713266186,27.660796116809458,-0.8127260943511865
1.139135713266186,28.190994866040292,-0.8127260943511865
1.139135713266186,28.721193615271126,-0.8127260943511865
1.139135713266186,29.251392364501957,-0.8127260943511865
0.2594265843021977,3.271653652191162,-0.776983876811109
0.2594265843021977,3.8018524014219945,-0.776983876811109
0.2594265843021977,4.332051150652827,-0.776983876811109
0.2594265843021977,4.862249899883659,-0.776983876811109
0.2594265843021977,5.392448649114492,-0.776983876811109
0.2594265843021977,5.922647398345324,-0.776983876811109
0.2594265843021977,6.452846147576158,-0.776983876811109
0.27151292774063907,6.98304489680699,-0.776983876811109
0.3725937020374816,7.5132436460378225,-0.776983876811109
0.3725937020374816,8.043442395268656,-0.776983876811109
0.3725937020374816,8.573641144499486,-0.776983876811109
0.3725937020374816,9.10383989373032,-0.776983876811109
0.5046190785354449,9.634038642961153,-0.776983876811109
0.5046190785354449,10.164237392191986,-0.776983876811109
0.5046190785354449,10.694436141422818,-0.776983876811109
0.5046190785354449,11.22463489065365,-0.776983876811109
0.5046190785354449,11.754833639884483,-0.776983876811109
0.5046190785354449,12.285032389115315,-0.776983876811109
0.5046190785354449,12.815231138346148,-0.776983876811109
0.5046190785354449,13.34542988757698,-0.776983876811109
0.5046190785354449,13.875628636807813,-0.776983876811109
0.5046190785354449,14.405827386038645,-0.776983876811109
0.5046190785354449,14.936026135269477,-0.776983876811109
0.5046190785354449,15.46622488450031,-0.776983876811109
0.5046190785354449,15.996423633731144,-0.776983876811109
0.8925747815983669,16.526622382961975,-0.776983876811109
0.8925747815983669,17.05682113219281,-0.776983876811109
0.8925747815983669,17.587019881423643,-0.776983876811109
0.8925747815983669,18.117218630654474,-0.776983876811109
0.9244224541377074,18.647417379885304,-0.776983876811109
0.9244224541377074,19.17761612911614,-0.776983876811109
0.9244224541377074,19.70781487834697,-0.776983876811109
0.9244224541377074,20.238013627577804,-0.776983876811109
1.139135713266186,20.768212376808638,-0.776983876811109
1.139135713266186,21.29841112603947,-0.776983876811109
1.139135713266186,21.828609875270303,-0.776983876811109
1.139135713266186,22.358808624501133,-0.776983876811109
1.139135713266186,22.889007373731967,-0.776983876811109
1.139135713266186,23.419206122962798,-0.776983876811109
1.139135713266186,23.949404872193632,-0.776983876811109
1.139135713266186,24.479603621424463,-0.776983876811109
1.139135713266186,25.009802370655297,-0.776983876811109
1.139135713266186,25.540001119886128,-0.776983876811109
1.139135713266186,26.070199869116962,-0.776983876811109
1.139135713266186,26.600398618347793,-0.776983876811109
1.139135713266186,27.130597367578627,-0.776983876811109
1.139135713266186,27.660796116809458,-0.776983876811109
1.139135713266186,28.190994866040292,-0.776983876811109
1.139135713266186,28.721193615271126,-0.776983876811109
1.139135713266186,29.251392364501957,-0.776983876811109
0.25039289670202897,3.271653652191162,-0.7412416592710316
0.25039289670202897,3.8018524014219945,-0.7412416592710316
0.25039289670202897,4.332051150652827,-0.7412416592710316
0.25039289670202897,4.862249899883659,-0.7412416592710316
0.25039289670202897,5.392448649114492,-0.7412416592710316
0.25039289670202897,5.922647398345324,-0.7412416592710316
0.25039289670202897,6.452846147576158,-0.7412416592710316
0.26205837251371983,6.98304489680699,-0.7412416592710316
0.3596193373822535,7.5132436460378225,-0.7412416592710316
0.3596193373822535,8.043442395268656,-0.7412416592710316
0.3596193373822535,8.573641144499486,-0.7412416592710316
0.3596193373822535,9.10383989373032,-0.7412416592710316
0.4870473592575773,9.634038642961153,-0.7412416592710316
0.4870473592575773,10.164237392191986,-0.7412416592710316
0.4870473592575773,10.694436141422818,-0.7412416592710316
0.4870473592575773,11.22463489065365,-0.7412416592710316
0.4870473592575773,11.754833639884483,-0.7412416592710316
0.4870473592575773,12.285032389115315,-0.7412416592710316
0.4870473592575773,12.815231138346148,-0.7412416592710316
0.4870473592575773,13.34542988757698,-0.7412416592710316
0.4870473592575773,13.875628636807813,-0.7412416592710316
0.4870473592575773,14.405827386038645,-0.7412416592710316
0.4870473592575773,14.936026135269477,-0.7412416592710316
0.4870473592575773,15.46622488450031,-0.7412416592710316
0.4870473592575773,15.996423633731144,-0.7412416592710316
0.8614937659097205,16.526622382961975,-0.7412416592710316
0.8614937659097205,17.05682113219281,-0.7412416592710316
0.8614937659097205,17.587019881423643,-0.7412416592710316
0.8614937659097205,18.117218630654474,-0.7412416592710316
0.8922324467653955,18.647417379885304,-0.7412416592710316
0.8922324467653955,19.17761612911614,-0.7412416592710316
0.8922324467653955,19.70781487834697,-0.7412416592710316
0.8922324467653955,20.238013627577804,-0.7412416592710316
1.0994690145139292,20.768212376808638,-0.7412416592710316
1.0994690145139292,21.29841112603947,-0.7412416592710316
1.0994690145139292,21.828609875270303,-0.7412416592710316
1.0994690145139292,22.358808624501133,-0.7412416592710316
1.0994690145139292,22.889007373731967,-0.7412416592710316
1.0994690145139292,23.419206122962798,-0.7412416592710316
1.0994690145139292,23.949404872193632,-0.7412416592710316
1.0994690145139292,24.479603621424463,-0.7412416592710316
1.0994690145139292,25.009802370655297,-0.7412416592710316
1.0994690145139292,25.540001119886128,-0.7412416592710316
1.0994690145139292,26.070199869116962,-0.7412416592710316
1.0994690145139292,26.600398618347793,-0.7412416592710316
1.0994690145139292,27.130597367578627,-0.7412416592710316
1.0994690145139292,27.660796116809458,-0.7412416592710316
1.0994690145139292,28.190994866040292,-0.7412416592710316
1.0994690145139292,28.721193615271126,-0.7412416592710316
1.0994690145139292,29.251392364501957,-0.7412416592710316
0.25039289670202897,3.271653652191162,-0.7054994417309541
0.25039289670202897,3.8018524014219945,-0.7054994417309541
0.25039289670202897,4.332051150652827,-0.7054994417309541
0.25039289670202897,4.862249899883659,-0.7054994417309541
0.25039289670202897,5.392448649114492,-0.7054994417309541
0.25039289670202897,5.922647398345324,-0.7054994417309541
0.25039289670202897,6.452846147576158,-0.7054994417309541
0.26205837251371983,6.98304489680699,-0.7054994417309541
0.3596193373822535,7.5132436460378225,-0.7054994417309541
0.3596193373822535,8.043442395268656,-0.7054994417309541
0.3596193373822535,8.573641144499486,-0.7054994417309541
0.3596193373822535,9.10383989373032,-0.7054994417309541
0.4870473592575773,9.634038642961153,-0.7054994417309541
0.4870473592575773,10.164237392191986,-0.7054994417309541
0.4870473592575773,10.694436141422818,-0.7054994417309541
0.4870473592575773,11.22463489065365,-0.7054994417309541
0.4870473592575773,11.754833639884483,-0.7054994417309541
0.4870473592575773,12.285032389115315,-0.7054994417309541
0.4870473592575773,12.815231138346148,-0.7054994417309541
0.4870473592575773,13.34542988757698,-0.7054994417309541
0.4870473592575773,13.875628636807813,-0.7054994417309541
0.4870473592575773,14.405827386038645,-0.7054994417309541
0.4870473592575773,14.936026135269477,-0.7054994417309541
0.4870473592575773,15.46622488450031,-0.7054994417309541
0.4870473592575773,15.996423633731144,-0.7054994417309541
0.8614937659097205,16.526622382961975,-0.7054994417309541
0.8614937659097205,17.05682113219281,-0.7054994417309541
0.8614937659097205,17.587019881423643,-0.7054994417309541
0.8614937659097205,18.117218630654474,-0.7054994417309541
0.8922324467653955,18.647417379885304,-0.7054994417309541
0.8922324467653955,19.17761612911614,-0.7054994417309541
0.8922324467653955,19.70781487834697,-0.7054994417309541
0.8922324467653955,20.238013627577804,-0.7054994417309541
1.0994690145139292,20.768212376808638,-0.7054994417309541
1.0994690145139292,21.29841112603947,-0.7054994417309541
1.0994690145139292,21.828609875270303,-0.7054994417309541
1.0994690145139292,22.358808624501133,-0.7054994417309541
1.0994690145139292,22.889007373731967,-0.7054994417309541
1.0994690145139292,23.419206122962798,-0.7054994417309541
1.0994690145139292,23.949404872193632,-0.7054994417309541
1.0994690145139292,24.479603621424463,-0.7054994417309541
1.0994690145139292,25.009802370655297,-0.7054994417309541
1.0994690145139292,25.540001119886128,-0.7054994417309541
1.0994690145139292,26.070199869116962,-0.7054994417309541
1.0994690145139292,26.600398618347793,-0.7054994417309541
1.0994690145139292,27.130597367578627,-0.7054994417309541
1.0994690145139292,27.660796116809458,-0.7054994417309541
1.0994690145139292,28.190994866040292,-0.7054994417309541
1.0994690145139292,28.721193615271126,-0.7054994417309541
1.0994690145139292,29.251392364501957,-0.7054994417309541
0.23416360826377353,3.271653652191162,-0.6697572241908767
0.23416360826377353,3.8018524014219945,-0.6697572241908767
0.23416360826377353,4.332051150652827,-0.6697572241908767
0.23416360826377353,4.862249899883659,-0.6697572241908767
0.23416360826377353,5.392448649114492,-0.6697572241908767
0.23416360826377353,5.922647398345324,-0.6697572241908767
0.23416360826377353,6.452846147576158,-0.6697572241908767
0.2450729828672791,6.98304489680699,-0.6697572241908767
0.3363105054176781,7.5132436460378225,-0.6697572241908767
0.3363105054176781,8.043442395268656,-0.6697572241908767
0.3363105054176781,8.573641144499486,-0.6697572241908767
0.3363105054176781,9.10383989373032,-0.6697572241908767
0.45547924298673825,9.634038642961153,-0.6697572241908767
0.45547924298673825,10.164237392191986,-0.6697572241908767
0.45547924298673825,10.694436141422818,-0.6697572241908767
0.45547924298673825,11.22463489065365,-0.6697572241908767
0.45547924298673825,11.754833639884483,-0.6697572241908767
0.45547924298673825,12.285032389115315,-0.6697572241908767
0.45547924298673825,12.815231138346148,-0.6697572241908767
0.45547924298673825,13.34542988757698,-0.6697572241908767
0.45547924298673825,13.875628636807813,-0.6697572241908767
0.45547924298673825,14.405827386038645,-0.6697572241908767
0.45547924298673825,14.936026135269477,-0.6697572241908767
0.45547924298673825,15.46622488450031,-0.6697572241908767
0.45547924298673825,15.996423633731144,-0.6697572241908767
0.80565579686643,16.526622382961975,-0.6697572241908767
0.80565579686643,17.05682113219281,-0.6697572241908767
0.80565579686643,17.587019881423643,-0.6697572241908767
0.80565579686643,18.117218630654474,-0.6697572241908767
0.8344021411806578,18.647417379885304,-0.6697572241908767
0.8344021411806578,19.17761612911614,-0.6697572241908767
0.8344021411806578,19.70781487834697,-0.6697572241908767
0.8344021411806578,20.238013627577804,-0.6697572241908767
1.0282066105060985,20.768212376808638,-0.6697572241908767
1.0282066105060985,21.29841112603947,-0.6697572241908767
1.0282066105060985,21.828609875270303,-0.6697572241908767
1.0282066105060985,22.358808624501133,-0.6697572241908767
1.0282066105060985,22.889007373731967,-0.6697572241908767
1.0282066105060985,23.419206122962798,-0.6697572241908767
1.0282066105060985,23.949404872193632,-0.6697572241908767
1.0282066105060985,24.479603621424463,-0.6697572241908767
1.0282066105060985,25.009802370655297,-0.6697572241908767
1.0282066105060985,25.540001119886128,-0.6697572241908767
1.0282066105060985,26.070199869116962,-0.6697572241908767
1.0282066105060985,26.600398618347793,-0.6697572241908767
1.0282066105060985,27.130597367578627,-0.6697572241908767
1.0282066105060985,27.660796116809458,-0.6697572241908767
1.0282066105060985,28.190994866040292,-0.6697572241908767
1.0282066105060985,28.721193615271126,-0.6697572241908767
1.0282066105060985,29.251392364501957,-0.6697572241908767
0.23416360826377353,3.271653652191162,-0.6340150066507992
0.23416360826377353,3.8018524014219945,-0.6340150066507992
0.23416360826377353,4.332051150652827,-0.6340150066507992
0.23416360826377353,4.862249899883659,-0.6340150066507992
0.23416360826377353,5.392448649114492,-0.6340150066507992
0.23416360826377353,5.922647398345324,-0.6340150066507992
0.23416360826377353,6.452846147576158,-0.6340150066507992
0.2450729828672791,6.98304489680699,-0.6340150066507992
0.3363105054176781,7.5132436460378225,-0.6340150066507992
0.3363105054176781,8.043442395268656,-0.6340150066507992
0.3363105054176781,8.573641144499486,-0.6340150066507992
0.3363105054176781,9.10383989373032,-0.6340150066507992
0.45547924298673825,9.634038642961153,-0.6340150066507992
0.45547924298673825,10.164237392191986,-0.6340150066507992
0.45547924298673825,10.694436141422818,-0.6340150066507992
0.45547924298673825,11.22463489065365,-0.6340150066507992
0.45547924298673825,11.754833639884483,-0.6340150066507992
0.45547924298673825,12.285032389115315,-0.6340150066507992
0.45547924298673825,12.815231138346148,-0.6340150066507992
0.45547924298673825,13.34542988757698,-0.6340150066507992
0.45547924298673825,13.875628636807813,-0.6340150066507992
0.45547924298673825,14.405827386038645,-0.6340150066507992
0.45547924298673825,14.936026135269477,-0.6340150066507992
0.45547924298673825,15.46622488450031,-0.6340150066507992
0.45547924298673825,15.996423633731144,-0.6340150066507992
0.80565579686643,16.526622382961975,-0.6340150066507992
0.80565579686643,17.05682113219281,-0.6340150066507992
0.80565579686643,17.587019881423643,-0.6340150066507992
0.80565579686643,18.117218630654474,-0.6340150066507992
0.8344021411806578,18.647417379885304,-0.6340150066507992
0.8344021411806578,19.17761612911614,-0.6340150066507992
0.8344021411806578,19.70781487834697,-0.6340150066507992
0.8344021411806578,20.238013627577804,-0.6340150066507992
1.0282066105060985,20.768212376808638,-0.6340150066507992
1.0282066105060985,21.29841112603947,-0.6340150066507992
1.0282066105060985,21.828609875270303,-0.6340150066507992
1.0282066105060985,22.358808624501133,-0.6340150066507992
1.0282066105060985,22.889007373731967,-0.6340150066507992
1.0282066105060985,23.419206122962798,-0.6340150066507992
1.0282066105060985,23.949404872193632,-0.6340150066507992
1.0282066105060985,24.479603621424463,-0.6340150066507992
1.0282066105060985,25.009802370655297,-0.6340150066507992
1.0282066105060985,25.540001119886128,-0.6340150066507992
1.0282066105060985,26.070199869116962,-0.6340150066507992
1.0282066105060985,26.600398618347793,-0.6340150066507992
1.0282066105060985,27.130597367578627,-0.6340150066507992
1.0282066105060985,27.660796116809458,-0.6340150066507992
1.0282066105060985,28.190994866040292,-0.6340150066507992
1.0282066105060985,28.721193615271126,-0.6340150066507992
1.0282066105060985,29.251392364501957,-0.6340150066507992
0.23416360826377353,3.271653652191162,-0.5982727891107218
0.23416360826377353,3.8018524014219945,-0.5982727891107218
0.23416360826377353,4.332051150652827,-0.5982727891107218
0.23416360826377353,4.862249899883659,-0.5982727891107218
0.23416360826377353,5.392448649114492,-0.5982727891107218
0.23416360826377353,5.922647398345324,-0.5982727891107218
0.23416360826377353,6.452846147576158,-0.5982727891107218
0.2450729828672791,6.98304489680699,-0.5982727891107218
0.3363105054176781,7.5132436460378225,-0.5982727891107218
0.3363105054176781,8.043442395268656,-0.5982727891107218
0.3363105054176781,8.573641144499486,-0.5982727891107218
0.3363105054176781,9.10383989373032,-0.5982727891107218
0.45547924298673825,9.634038642961153,-0.5982727891107218
0.45547924298673825,10.164237392191986,-0.5982727891107218
0.45547924298673825,10.694436141422818,-0.5982727891107218
0.45547924298673825,11.22463489065365,-0.5982727891107218
0.45547924298673825,11.754833639884483,-0.5982727891107218
0.45547924298673825,12.285032389115315,-0.5982727891107218
0.45547924298673825,12.815231138346148,-0.5982727891107218
0.45547924298673825,13.34542988757698,-0.5982727891107218
0.45547924298673825,13.875628636807813,-0.5982727891107218
0.45547924298673825,14.405827386038645,-0.5982727891107218
0.45547924298673825,14.936026135269477,-0.5982727891107218
0.45547924298673825,15.46622488450031,-0.5982727891107218
0.45547924298673825,15.996423633731144,-0.5982727891107218
0.80565579686643,16.526622382961975,-0.5982727891107218
0.80565579686643,17.05682113219281,-0.5982727891107218
0.80565579686643,17.587019881423643,-0.5982727891107218
0.80565579686643,18.117218630654474,-0.5982727891107218
0.8344021411806578,18.647417379885304,-0.5982727891107218
0.8344021411806578,19.17761612911614,-0.5982727891107218
0.8344021411806578,19.70781487834697,-0.5982727891107218
0.8344021411806578,20.238013627577804,-0.5982727891107218
1.0282066105060985,20.768212376808638,-0.5982727891107218
1.0282066105060985,21.29841112603947,-0.5982727891107218
1.0282066105060985,21.828609875270303,-0.5982727891107218
1.0282066105060985,22.358808624501133,-0.5982727891107218
1.0282066105060985,22.889007373731967,-0.5982727891107218
1.0282066105060985,23.419206122962798,-0.5982727891107218
1.0282066105060985,23.949404872193632,-0.5982727891107218
1.0282066105060985,24.479603621424463,-0.5982727891107218
1.0282066105060985,25.009802370655297,-0.5982727891107218
1.0282066105060985,25.540001119886128,-0.5982727891107218
1.0282066105060985,26.070199869116962,-0.5982727891107218
1.0282066105060985,26.600398618347793,-0.5982727891107218
1.0282066105060985,27.130597367578627,-0.5982727891107218
1.0282066105060985,27.660796116809458,-0.5982727891107218
1.0282066105060985,28.190994866040292,-0.5982727891107218
1.0282066105060985,28.721193615271126,-0.5982727891107218
1.0282066105060985,29.251392364501957,-0.5982727891107218
0.23416360826377353,3.271653652191162,-0.5625305715706443
0.23416360826377353,3.8018524014219945,-0.5625305715706443
0.23416360826377353,4.332051150652827,-0.5625305715706443
0.23416360826377353,4.862249899883659,-0.5625305715706443
0.23416360826377353,5.392448649114492,-0.5625305715706443
0.23416360826377353,5.922647398345324,-0.5625305715706443
0.23416360826377353,6.452846147576158,-0.5625305715706443
0.2450729828672791,6.98304489680699,-0.5625305715706443
0.3363105054176781,7.5132436460378225,-0.5625305715706443
0.3363105054176781,8.043442395268656,-0.5625305715706443
0.3363105054176781,8.573641144499486,-0.5625305715706443
0.3363105054176781,9.10383989373032,-0.5625305715706443
0.45547924298673825,9.634038642961153,-0.5625305715706443
0.45547924298673825,10.164237392191986,-0.5625305715706443
0.45547924298673825,10.694436141422818,-0.5625305715706443
0.45547924298673825,11.22463489065365,-0.5625305715706443
0.45547924298673825,11.754833639884483,-0.5625305715706443
0.45547924298673825,12.285032389115315,-0.5625305715706443
0.45547924298673825,12.815231138346148,-0.5625305715706443
0.45547924298673825,13.34542988757698,-0.5625305715706443
0.45547924298673825,13.875628636807813,-0.5625305715706443
0.45547924298673825,14.405827386038645,-0.5625305715706443
0.45547924298673825,14.936026135269477,-0.5625305715706443
0.45547924298673825,15.46622488450031,-0.5625305715706443
0.45547924298673825,15.996423633731144,-0.5625305715706443
0.80565579686643,16.526622382961975,-0.5625305715706443
0.80565579686643,17.05682113219281,-0.5625305715706443
0.80565579686643,17.587019881423643,-0.5625305715706443
0.80565579686643,18.117218630654474,-0.5625305715706443
0.8344021411806578,18.647417379885304,-0.5625305715706443
0.8344021411806578,19.17761612911614,-0.5625305715706443
0.8344021411806578,19.70781487834697,-0.5625305715706443
0.8344021411806578,20.238013627577804,-0.5625305715706443
1.0282066105060985,20.768212376808638,-0.5625305715706443
1.0282066105060985,21.29841112603947,-0.5625305715706443
1.0282066105060985,21.828609875270303,-0.5625305715706443
1.0282066105060985,22.358808624501133,-0.5625305715706443
1.0282066105060985,22.889007373731967,-0.5625305715706443
1.0282066105060985,23.419206122962798,-0.5625305715706443
1.0282066105060985,23.949404872193632,-0.5625305715706443
1.0282066105060985,24.479603621424463,-0.5625305715706443
1.0282066105060985,25.009802370655297,-0.5625305715706443
1.0282066105060985,25.540001119886128,-0.5625305715706443
1.0282066105060985,26.070199869116962,-0.5625305715706443
1.0282066105060985,26.600398618347793,-0.5625305715706443
1.0282066105060985,27.130597367578627,-0.5625305715706443
1.0282066105060985,27.660796116809458,-0.5625305715706443
1.0282066105060985,28.190994866040292,-0.5625305715706443
1.0282066105060985,28.721193615271126,-0.5625305715706443
1.0282066105060985,29.251392364501957,-0.5625305715706443
0.24179209401883503,3.271653652191162,-0.5267883540305669
0.24179209401883503,3.8018524014219945,-0.5267883540305669
0.24179209401883503,4.332051150652827,-0.5267883540305669
0.24179209401883503,4.862249899883659,-0.5267883540305669
0.24179209401883503,5.392448649114492,-0.5267883540305669
0.24179209401883503,5.922647398345324,-0.5267883540305669
0.24179209401883503,6.452846147576158,-0.5267883540305669
0.25305686974285,6.98304489680699,-0.5267883540305669
0.3472666907911386,7.5132436460378225,-0.5267883540305669
0.3472666907911386,8.043442395268656,-0.5267883540305669
0.3472666907911386,8.573641144499486,-0.5267883540305669
0.3472666907911386,9.10383989373032,-0.5267883540305669
0.4703176584972157,9.634038642961153,-0.5267883540305669
0.4703176584972157,10.164237392191986,-0.5267883540305669
0.4703176584972157,10.694436141422818,-0.5267883540305669
0.4703176584972157,11.22463489065365,-0.5267883540305669
0.4703176584972157,11.754833639884483,-0.5267883540305669
0.4703176584972157,12.285032389115315,-0.5267883540305669
0.4703176584972157,12.815231138346148,-0.5267883540305669
0.4703176584972157,13.34542988757698,-0.5267883540305669
0.4703176584972157,13.875628636807813,-0.5267883540305669
0.4703176584972157,14.405827386038645,-0.5267883540305669
0.4703176584972157,14.936026135269477,-0.5267883540305669
0.4703176584972157,15.46622488450031,-0.5267883540305669
0.4703176584972157,15.996423633731144,-0.5267883540305669
0.831902120176221,16.526622382961975,-0.5267883540305669
0.831902120176221,17.05682113219281,-0.5267883540305669
0.831902120176221,17.587019881423643,-0.5267883540305669
0.831902120176221,18.117218630654474,-0.5267883540305669
0.8615849510766317,18.647417379885304,-0.5267883540305669
0.8615849510766317,19.17761612911614,-0.5267883540305669
0.8615849510766317,19.70781487834697,-0.5267883540305669
0.8615849510766317,20.238013627577804,-0.5267883540305669
1.0617031027222175,20.768212376808638,-0.5267883540305669
1.0617031027222175,21.29841112603947,-0.5267883540305669
1.0617031027222175,21.828609875270303,-0.5267883540305669
1.0617031027222175,22.358808624501133,-0.5267883540305669
1.0617031027222175,22.889007373731967,-0.5267883540305669
1.0617031027222175,23.419206122962798,-0.5267883540305669
1.0617031027222175,23.949404872193632,-0.5267883540305669
1.0617031027222175,24.479603621424463,-0.5267883540305669
1.0617031027222175,25.009802370655297,-0.5267883540305669
1.0617031027222175,25.540001119886128,-0.5267883540305669
1.0617031027222175,26.070199869116962,-0.5267883540305669
1.0617031027222175,26.600398618347793,-0.5267883540305669
1.0617031027222175,27.130597367578627,-0.5267883540305669
1.0617031027222175,27.660796116809458,-0.5267883540305669
1.0617031027222175,28.190994866040292,-0.5267883540305669
1.0617031027222175,28.721193615271126,-0.5267883540305669
1.0617031027222175,29.251392364501957,-0.5267883540305669
0.24179209401883503,3.271653652191162,-0.4910461364904892
0.24179209401883503,3.8018524014219945,-0.4910461364904892
0.24179209401883503,4.332051150652827,-0.4910461364904892
0.24179209401883503,4.862249899883659,-0.4910461364904892
0.24179209401883503,5.392448649114492,-0.4910461364904892
0.24179209401883503,5.922647398345324,-0.4910461364904892
0.24179209401883503,6.452846147576158,-0.4910461364904892
0.25305686974285,6.98304489680699,-0.4910461364904892
0.3472666907911386,7.5132436460378225,-0.4910461364904892
0.3472666907911386,8.043442395268656,-0.4910461364904892
0.3472666907911386,8.573641144499486,-0.4910461364904892
0.3472666907911386,9.10383989373032,-0.4910461364904892
0.4703176584972157,9.634038642961153,-0.4910461364904892
0.4703176584972157,10.164237392191986,-0.4910461364904892
0.4703176584972157,10.694436141422818,-0.4910461364904892
0.4703176584972157,11.22463489065365,-0.4910461364904892
0.4703176584972157,11.754833639884483,-0.4910461364904892
0.4703176584972157,12.285032389115315,-0.4910461364904892
0.4703176584972157,12.815231138346148,-0.4910461364904892
0.4703176584972157,13.34542988757698,-0.4910461364904892
0.4703176584972157,13.875628636807813,-0.4910461364904892
0.4703176584972157,14.405827386038645,-0.4910461364904892
0.4703176584972157,14.936026135269477,-0.4910461364904892
0.4703176584972157,15.46622488450031,-0.4910461364904892
0.4703176584972157,15.996423633731144,-0.4910461364904892
0.831902120176221,16.526622382961975,-0.4910461364904892
0.831902120176221,17.05682113219281,-0.4910461364904892
0.831902120176221,17.587019881423643,-0.4910461364904892
0.831902120176221,18.117218630654474,-0.4910461364904892
0.8615849510766317,18.647417379885304,-0.4910461364904892
0.8615849510766317,19.17761612911614,-0.4910461364904892
0.8615849510766317,19.70781487834697,-0.4910461364904892
0.8615849510766317,20.238013627577804,-0.4910461364904892
1.0617031027222175,20.768212376808638,-0.4910461364904892
1.0617031027222175,21.29841112603947,-0.4910461364904892
1.0617031027222175,21.828609875270303,-0.4910461364904892
1.0617031027222175,22.358808624501133,-0.4910461364904892
1.0617031027222175,22.889007373731967,-0.4910461364904892
1.0617031027222175,23.419206122962798,-0.4910461364904892
1.0617031027222175,23.949404872193632,-0.4910461364904892
1.0617031027222175,24.479603621424463,-0.4910461364904892
1.0617031027222175,25.009802370655297,-0.4910461364904892
1.0617031027222175,25.540001119886128,-0.4910461364904892
1.0617031027222175,26.070199869116962,-0.4910461364904892
1.0617031027222175,26.600398618347793,-0.4910461364904892
1.0617031027222175,27.130597367578627,-0.4910461364904892
1.0617031027222175,27.660796116809458,-0.4910461364904892
1.0617031027222175,28.190994866040292,-0.4910461364904892
1.0617031027222175,28.721193615271126,-0.4910461364904892
1.0617031027222175,29.251392364501957,-0.4910461364904892
0.24179209401883503,3.271653652191162,-0.4553039189504118
0.24179209401883503,3.8018524014219945,-0.4553039189504118
0.24179209401883503,4.332051150652827,-0.4553039189504118
0.24179209401883503,4.862249899883659,-0.4553039189504118
0.24179209401883503,5.392448649114492,-0.4553039189504118
0.24179209401883503,5.922647398345324,-0.4553039189504118
0.24179209401883503,6.452846147576158,-0.4553039189504118
0.25305686974285,6.98304489680699,-0.4553039189504118
0.3472666907911386,7.5132436460378225,-0.4553039189504118
0.3472666907911386,8.043442395268656,-0.4553039189504118
0.3472666907911386,8.573641144499486,-0.4553039189504118
0.3472666907911386,9.10383989373032,-0.4553039189504118
0.4703176584972157,9.634038642961153,-0.4553039189504118
0.4703176584972157,10.164237392191986,-0.4553039189504118
0.4703176584972157,10.694436141422818,-0.4553039189504118
0.4703176584972157,11.22463489065365,-0.4553039189504118
0.4703176584972157,11.754833639884483,-0.4553039189504118
0.4703176584972157,12.285032389115315,-0.4553039189504118
0.4703176584972157,12.815231138346148,-0.4553039189504118
0.4703176584972157,13.34542988757698,-0.4553039189504118
0.4703176584972157,13.875628636807813,-0.4553039189504118
0.4703176584972157,14.405827386038645,-0.4553039189504118
0.4703176584972157,14.936026135269477,-0.4553039189504118
0.4703176584972157,15.46622488450031,-0.4553039189504118
0.4703176584972157,15.996423633731144,-0.4553039189504118
0.831902120176221,16.526622382961975,-0.4553039189504118
0.831902120176221,17.05682113219281,-0.4553039189504118
0.831902120176221,17.587019881423643,-0.4553039189504118
0.831902120176221,18.117218630654474,-0.4553039189504118
0.8615849510766317,18.647417379885304,-0.4553039189504118
0.8615849510766317,19.17761612911614,-0.4553039189504118
0.8615849510766317,19.70781487834697,-0.4553039189504118
0.8615849510766317,20.238013627577804,-0.4553039189504118
1.0617031027222175,20.768212376808638,-0.4553039189504118
1.0617031027222175,21.29841112603947,-0.4553039189504118
1.0617031027222175,21.828609875270303,-0.4553039189504118
1.0617031027222175,22.358808624501133,-0.4553039189504118
1.0617031027222175,22.889007373731967,-0.4553039189504118
1.0617031027222175,23.419206122962798,-0.4553039189504118
1.0617031027222175,23.949404872193632,-0.4553039189504118
1.0617031027222175,24.479603621424463,-0.4553039189504118
1.0617031027222175,25.009802370655297,-0.4553039189504118
1.0617031027222175,25.540001119886128,-0.4553039189504118
1.0617031027222175,26.070199869116962,-0.4553039189504118
1.0617031027222175,26.600398618347793,-0.4553039189504118
1.0617031027222175,27.130597367578627,-0.4553039189504118
1.0617031027222175,27.660796116809458,-0.4553039189504118
1.0617031027222175,28.190994866040292,-0.4553039189504118
1.0617031027222175,28.721193615271126,-0.4553039189504118
1.0617031027222175,29.251392364501957,-0.4553039189504118
0.24179209401883503,3.271653652191162,-0.41956170141033433
0.24179209401883503,3.8018524014219945,-0.41956170141033433
0.24179209401883503,4.332051150652827,-0.41956170141033433
0.24179209401883503,4.862249899883659,-0.41956170141033433
0.24179209401883503,5.392448649114492,-0.41956170141033433
0.24179209401883503,5.922647398345324,-0.41956170141033433
0.24179209401883503,6.452846147576158,-0.41956170141033433
0.25305686974285,6.98304489680699,-0.41956170141033433
0.3472666907911386,7.5132436460378225,-0.41956170141033433
0.3472666907911386,8.043442395268656,-0.41956170141033433
0.3472666907911386,8.573641144499486,-0.41956170141033433
0.3472666907911386,9.10383989373032,-0.41956170141033433
0.4703176584972157,9.634038642961153,-0.41956170141033433
0.4703176584972157,10.164237392191986,-0.41956170141033433
0.4703176584972157,10.694436141422818,-0.41956170141033433
0.4703176584972157,11.22463489065365,-0.41956170141033433
0.4703176584972157,11.754833639884483,-0.41956170141033433
0.4703176584972157,12.285032389115315,-0.41956170141033433
0.4703176584972157,12.815231138346148,-0.41956170141033433
0.4703176584972157,13.34542988757698,-0.41956170141033433
0.4703176584972157,13.875628636807813,-0.41956170141033433
0.4703176584972157,14.405827386038645,-0.41956170141033433
0.4703176584972157,14.936026135269477,-0.41956170141033433
0.4703176584972157,15.46622488450031,-0.41956170141033433
0.4703176584972157,15.996423633731144,-0.41956170141033433
0.831902120176221,16.526622382961975,-0.41956170141033433
0.831902120176221,17.05682113219281,-0.41956170141033433
0.831902120176221,17.587019881423643,-0.41956170141033433
0.831902120176221,18.117218630654474,-0.41956170141033433
0.8615849510766317,18.647417379885304,-0.41956170141033433
0.8615849510766317,19.17761612911614,-0.41956170141033433
0.8615849510766317,19.70781487834697,-0.41956170141033433
0.8615849510766317,20.238013627577804,-0.41956170141033433
1.0617031027222175,20.768212376808638,-0.41956170141033433
1.0617031027222175,21.29841112603947,-0.41956170141033433
1.0617031027222175,21.828609875270303,-0.41956170141033433
1.0617031027222175,22.358808624501133,-0.41956170141033433
1.0617031027222175,22.889007373731967,-0.41956170141033433
1.0617031027222175,23.419206122962798,-0.41956170141033433
1.0617031027222175,23.949404872193632,-0.41956170141033433
1.0617031027222175,24.479603621424463,-0.41956170141033433
1.0617031027222175,25.009802370655297,-0.41956170141033433
1.0617031027222175,25.540001119886128,-0.41956170141033433
1.0617031027222175,26.070199869116962,-0.41956170141033433
1.0617031027222175,26.600398618347793,-0.41956170141033433
1.0617031027222175,27.130597367578627,-0.41956170141033433
1.0617031027222175,27.660796116809458,-0.41956170141033433
1.0617031027222175,28.190994866040292,-0.41956170141033433
1.0617031027222175,28.721193615271126,-0.41956170141033433
1.0617031027222175,29.251392364501957,-0.41956170141033433
0.24179209401883503,3.271653652191162,-0.3838194838702569
0.24179209401883503,3.8018524014219945,-0.3838194838702569
0.24179209401883503,4.332051150652827,-0.3838194838702569
0.24179209401883503,4.862249899883659,-0.3838194838702569
0.24179209401883503,5.392448649114492,-0.3838194838702569
0.24179209401883503,5.922647398345324,-0.3838194838702569
0.24179209401883503,6.452846147576158,-0.3838194838702569
0.25305686974285,6.98304489680699,-0.3838194838702569
0.3472666907911386,7.5132436460378225,-0.3838194838702569
0.3472666907911386,8.043442395268656,-0.3838194838702569
0.3472666907911386,8.573641144499486,-0.3838194838702569
0.3472666907911386,9.10383989373032,-0.3838194838702569
0.4703176584972157,9.634038642961153,-0.3838194838702569
0.4703176584972157,10.164237392191986,-0.3838194838702569
0.4703176584972157,10.694436141422818,-0.3838194838702569
0.4703176584972157,11.22463489065365,-0.3838194838702569
0.4703176584972157,11.754833639884483,-0.3838194838702569
0.4703176584972157,12.285032389115315,-0.3838194838702569
0.4703176584972157,12.815231138346148,-0.3838194838702569
0.4703176584972157,13.34542988757698,-0.3838194838702569
0.4703176584972157,13.875628636807813,-0.3838194838702569
0.4703176584972157,14.405827386038645,-0.3838194838702569
0.4703176584972157,14.936026135269477,-0.3838194838702569
0.4703176584972157,15.46622488450031,-0.3838194838702569
0.4703176584972157,15.996423633731144,-0.3838194838702569
0.831902120176221,16.526622382961975,-0.3838194838702569
0.831902120176221,17.05682113219281,-0.3838194838702569
0.831902120176221,17.587019881423643,-0.3838194838702569
0.831902120176221,18.117218630654474,-0.3838194838702569
0.8615849510766317,18.647417379885304,-0.3838194838702569
0.8615849510766317,19.17761612911614,-0.3838194838702569
0.8615849510766317,19.70781487834697,-0.3838194838702569
0.8615849510766317,20.238013627577804,-0.3838194838702569
1.0617031027222175,20.768212376808638,-0.3838194838702569
1.0617031027222175,21.29841112603947,-0.3838194838702569
1.0617031027222175,21.828609875270303,-0.3838194838702569
1.0617031027222175,22.358808624501133,-0.3838194838702569
1.0617031027222175,22.889007373731967,-0.3838194838702569
1.0617031027222175,23.419206122962798,-0.3838194838702569
1.0617031027222175,23.949404872193632,-0.3838194838702569
1.0617031027222175,24.479603621424463,-0.3838194838702569
1.0617031027222175,25.009802370655297,-0.3838194838702569
1.0617031027222175,25.540001119886128,-0.3838194838702569
1.0617031027222175,26.070199869116962,-0.3838194838702569
1.0617031027222175,26.600398618347793,-0.3838194838702569
1.0617031027222175,27.130597367578627,-0.3838194838702569
1.0617031027222175,27.660796116809458,-0.3838194838702569
1.0617031027222175,28.190994866040292,-0.3838194838702569
1.0617031027222175,28.721193615271126,-0.3838194838702569
1.0617031027222175,29.251392364501957,-0.3838194838702569
0.24179209401883503,3.271653652191162,-0.34807726633017944
0.24179209401883503,3.8018524014219945,-0.34807726633017944
0.24179209401883503,4.332051150652827,-0.34807726633017944
0.24179209401883503,4.862249899883659,-0.34807726633017944
0.24179209401883503,5.392448649114492,-0.34807726633017944
0.24179209401883503,5.922647398345324,-0.34807726633017944
0.24179209401883503,6.452846147576158,-0.34807726633017944
0.25305686974285,6.98304489680699,-0.34807726633017944
0.3472666907911386,7.5132436460378225,-0.34807726633017944
0.3472666907911386,8.043442395268656,-0.34807726633017944
0.3472666907911386,8.573641144499486,-0.34807726633017944
0.3472666907911386,9.10383989373032,-0.34807726633017944
0.4703176584972157,9.634038642961153,-0.34807726633017944
0.4703176584972157,10.164237392191986,-0.34807726633017944
0.4703176584972157,10.694436141422818,-0.34807726633017944
0.4703176584972157,11.22463489065365,-0.34807726633017944
0.4703176584972157,11.754833639884483,-0.34807726633017944
0.4703176584972157,12.285032389115315,-0.34807726633017944
0.4703176584972157,12.815231138346148,-0.34807726633017944
0.4703176584972157,13.34542988757698,-0.34807726633017944
0.4703176584972157,13.875628636807813,-0.34807726633017944
0.4703176584972157,14.405827386038645,-0.34807726633017944
0.4703176584972157,14.936026135269477,-0.34807726633017944
0.4703176584972157,15.46622488450031,-0.34807726633017944
0.4703176584972157,15.996423633731144,-0.34807726633017944
0.831902120176221,16.526622382961975,-0.34807726633017944
0.831902120176221,17.05682113219281,-0.34807726633017944
0.831902120176221,17.587019881423643,-0.34807726633017944
0.831902120176221,18.117218630654474,-0.34807726633017944
0.8615849510766317,18.647417379885304,-0.34807726633017944
0.8615849510766317,19.17761612911614,-0.34807726633017944
0.8615849510766317,19.70781487834697,-0.34807726633017944
0.8615849510766317,20.238013627577804,-0.34807726633017944
1.0617031027222175,20.768212376808638,-0.34807726633017944
1.0617031027222175,21.29841112603947,-0.34807726633017944
1.0617031027222175,21.828609875270303,-0.34807726633017944
1.0617031027222175,22.358808624501133,-0.34807726633017944
1.0617031027222175,22.889007373731967,-0.34807726633017944
1.0617031027222175,23.419206122962798,-0.34807726633017944
1.0617031027222175,23.949404872193632,-0.34807726633017944
1.0617031027222175,24.479603621424463,-0.34807726633017944
1.0617031027222175,25.009802370655297,-0.34807726633017944
1.0617031027222175,25.540001119886128,-0.34807726633017944
1.0617031027222175,26.070199869116962,-0.34807726633017944
1.0617031027222175,26.600398618347793,-0.34807726633017944
1.0617031027222175,27.130597367578627,-0.34807726633017944
1.0617031027222175,27.660796116809458,-0.34807726633017944
1.0617031027222175,28.190994866040292,-0.34807726633017944
1.0617031027222175,28.721193615271126,-0.34807726633017944
1.0617031027222175,29.251392364501957,-0.34807726633017944
0.1986021384614644,3.271653652191162,-0.312335048790102
0.1986021384614644,3.8018524014219945,-0.312335048790102
0.1986021384614644,4.332051150652827,-0.312335048790102
0.1986021384614644,4.862249899883659,-0.312335048790102
0.1986021384614644,5.392448649114492,-0.312335048790102
0.1986021384614644,5.922647398345324,-0.312335048790102
0.1986021384614644,6.452846147576158,-0.312335048790102
0.20785475094723035,6.98304489680699,-0.312335048790102
0.2852364039751598,7.5132436460378225,-0.312335048790102
0.2852364039751598,8.043442395268656,-0.312335048790102
0.2852364039751598,8.573641144499486,-0.312335048790102
0.2852364039751598,9.10383989373032,-0.312335048790102
0.3900531143239804,9.634038642961153,-0.312335048790102
0.3900531143239804,10.164237392191986,-0.312335048790102
0.3900531143239804,10.694436141422818,-0.312335048790102
0.3900531143239804,11.22463489065365,-0.312335048790102
0.3900531143239804,11.754833639884483,-0.312335048790102
0.3900531143239804,12.285032389115315,-0.312335048790102
0.3900531143239804,12.815231138346148,-0.312335048790102
0.3900531143239804,13.34542988757698,-0.312335048790102
0.3900531143239804,13.875628636807813,-0.312335048790102
0.3900531143239804,14.405827386038645,-0.312335048790102
0.3900531143239804,14.936026135269477,-0.312335048790102
0.3900531143239804,15.46622488450031,-0.312335048790102
0.3900531143239804,15.996423633731144,-0.312335048790102
0.7291312923270962,16.526622382961975,-0.312335048790102
0.7291312923270962,17.05682113219281,-0.312335048790102
0.7291312923270962,17.587019881423643,-0.312335048790102
0.7291312923270962,18.117218630654474,-0.312335048790102
0.778359564918094,18.647417379885304,-0.312335048790102
0.778359564918094,19.17761612911614,-0.312335048790102
0.778359564918094,19.70781487834697,-0.312335048790102
0.778359564918094,20.238013627577804,-0.312335048790102
1.2603141853885385,20.768212376808638,-0.312335048790102
1.2603141853885385,21.29841112603947,-0.312335048790102
1.2603141853885385,21.828609875270303,-0.312335048790102
1.2603141853885385,22.358808624501133,-0.312335048790102
1.2603141853885385,22.889007373731967,-0.312335048790102
1.2603141853885385,23.419206122962798,-0.312335048790102
1.2603141853885385,23.949404872193632,-0.312335048790102
1.2603141853885385,24.479603621424463,-0.312335048790102
1.2603141853885385,25.009802370655297,-0.312335048790102
1.2603141853885385,25.540001119886128,-0.312335048790102
1.2603141853885385,26.070199869116962,-0.312335048790102
1.2603141853885385,26.600398618347793,-0.312335048790102
1.2603141853885385,27.130597367578627,-0.312335048790102
1.2603141853885385,27.660796116809458,-0.312335048790102
1.2603141853885385,28.190994866040292,-0.312335048790102
1.2603141853885385,28.721193615271126,-0.312335048790102
1.2603141853885385,29.251392364501957,-0.312335048790102
0.1986021384614644,3.271653652191162,-0.27659283125002454
0.1986021384614644,3.8018524014219945,-0.27659283125002454
0.1986021384614644,4.332051150652827,-0.27659283125002454
0.1986021384614644,4.862249899883659,-0.27659283125002454
0.1986021384614644,5.392448649114492,-0.27659283125002454
0.1986021384614644,5.922647398345324,-0.27659283125002454
0.1986021384614644,6.452846147576158,-0.27659283125002454
0.20785475094723035,6.98304489680699,-0.27659283125002454
0.2852364039751598,7.5132436460378225,-0.27659283125002454
0.2852364039751598,8.043442395268656,-0.27659283125002454
0.2852364039751598,8.573641144499486,-0.27659283125002454
0.2852364039751598,9.10383989373032,-0.27659283125002454
0.3900531143239804,9.634038642961153,-0.27659283125002454
0.3900531143239804,10.164237392191986,-0.27659283125002454
0.3900531143239804,10.694436141422818,-0.27659283125002454
0.3900531143239804,11.22463489065365,-0.27659283125002454
0.3900531143239804,11.754833639884483,-0.27659283125002454
0.3900531143239804,12.285032389115315,-0.27659283125002454
0.3900531143239804,12.815231138346148,-0.27659283125002454
0.3900531143239804,13.34542988757698,-0.27659283125002454
0.3900531143239804,13.875628636807813,-0.27659283125002454
0.3900531143239804,14.405827386038645,-0.27659283125002454
0.3900531143239804,14.936026135269477,-0.27659283125002454
0.3900531143239804,15.46622488450031,-0.27659283125002454
0.3900531143239804,15.996423633731144,-0.27659283125002454
0.7291312923270962,16.526622382961975,-0.27659283125002454
0.7291312923270962,17.05682113219281,-0.27659283125002454
0.7291312923270962,17.587019881423643,-0.27659283125002454
0.7291312923270962,18.117218630654474,-0.27659283125002454
0.778359564918094,18.647417379885304,-0.27659283125002454
0.778359564918094,19.17761612911614,-0.27659283125002454
0.778359564918094,19.70781487834697,-0.27659283125002454
0.778359564918094,20.238013627577804,-0.27659283125002454
1.2603141853885385,20.768212376808638,-0.27659283125002454
1.2603141853885385,21.29841112603947,-0.27659283125002454
1.2603141853885385,21.828609875270303,-0.27659283125002454
1.2603141853885385,22.358808624501133,-0.27659283125002454
1.2603141853885385,22.889007373731967,-0.27659283125002454
1.2603141853885385,23.419206122962798,-0.27659283125002454
1.2603141853885385,23.949404872193632,-0.27659283125002454
1.2603141853885385,24.479603621424463,-0.27659283125002454
1.2603141853885385,25.009802370655297,-0.27659283125002454
1.2603141853885385,25.540001119886128,-0.27659283125002454
1.2603141853885385,26.070199869116962,-0.27659283125002454
1.2603141853885385,26.600398618347793,-0.27659283125002454
1.2603141853885385,27.130597367578627,-0.27659283125002454
1.2603141853885385,27.660796116809458,-0.27659283125002454
1.2603141853885385,28.190994866040292,-0.27659283125002454
1.2603141853885385,28.721193615271126,-0.27659283125002454
1.2603141853885385,29.251392364501957,-0.27659283125002454
0.1796371440767583,3.271653652191162,-0.24085061370994687
0.1796371440767583,3.8018524014219945,-0.24085061370994687
0.1796371440767583,4.332051150652827,-0.24085061370994687
0.1796371440767583,4.862249899883659,-0.24085061370994687
0.1796371440767583,5.392448649114492,-0.24085061370994687
0.1796371440767583,5.922647398345324,-0.24085061370994687
0.1796371440767583,6.452846147576158,-0.24085061370994687
0.18800620241151766,6.98304489680699,-0.24085061370994687
0.25799849585589607,7.5132436460378225,-0.24085061370994687
0.25799849585589607,8.043442395268656,-0.24085061370994687
0.25799849585589607,8.573641144499486,-0.24085061370994687
0.25799849585589607,9.10383989373032,-0.24085061370994687
0.35280600721729255,9.634038642961153,-0.24085061370994687
0.35280600721729255,10.164237392191986,-0.24085061370994687
0.35280600721729255,10.694436141422818,-0.24085061370994687
0.35280600721729255,11.22463489065365,-0.24085061370994687
0.35280600721729255,11.754833639884483,-0.24085061370994687
0.35280600721729255,12.285032389115315,-0.24085061370994687
0.35280600721729255,12.815231138346148,-0.24085061370994687
0.35280600721729255,13.34542988757698,-0.24085061370994687
0.35280600721729255,13.875628636807813,-0.24085061370994687
0.35280600721729255,14.405827386038645,-0.24085061370994687
0.35280600721729255,14.936026135269477,-0.24085061370994687
0.35280600721729255,15.46622488450031,-0.24085061370994687
0.35280600721729255,15.996423633731144,-0.24085061370994687
0.6595047970042376,16.526622382961975,-0.24085061370994687
0.6595047970042376,17.05682113219281,-0.24085061370994687
0.6595047970042376,17.587019881423643,-0.24085061370994687
0.6595047970042376,18.117218630654474,-0.24085061370994687
0.7040321438122121,18.647417379885304,-0.24085061370994687
0.7040321438122121,19.17761612911614,-0.24085061370994687
0.7040321438122121,19.70781487834697,-0.24085061370994687
0.7040321438122121,20.238013627577804,-0.24085061370994687
1.1399637620042664,20.768212376808638,-0.24085061370994687
1.1399637620042664,21.29841112603947,-0.24085061370994687
1.1399637620042664,21.828609875270303,-0.24085061370994687
1.1399637620042664,22.358808624501133,-0.24085061370994687
1.1399637620042664,22.889007373731967,-0.24085061370994687
1.1399637620042664,23.419206122962798,-0.24085061370994687
1.1399637620042664,23.949404872193632,-0.24085061370994687
1.1399637620042664,24.479603621424463,-0.24085061370994687
1.1399637620042664,25.009802370655297,-0.24085061370994687
1.1399637620042664,25.540001119886128,-0.24085061370994687
1.1399637620042664,26.070199869116962,-0.24085061370994687
1.1399637620042664,26.600398618347793,-0.24085061370994687
1.1399637620042664,27.130597367578627,-0.24085061370994687
1.1399637620042664,27.660796116809458,-0.24085061370994687
1.1399637620042664,28.190994866040292,-0.24085061370994687
1.1399637620042664,28.721193615271126,-0.24085061370994687
1.1399637620042664,29.251392364501957,-0.24085061370994687
0.1796371440767583,3.271653652191162,-0.20510839616986942
0.1796371440767583,3.8018524014219945,-0.20510839616986942
0.1796371440767583,4.332051150652827,-0.20510839616986942
0.1796371440767583,4.862249899883659,-0.20510839616986942
0.1796371440767583,5.392448649114492,-0.20510839616986942
0.1796371440767583,5.922647398345324,-0.20510839616986942
0.1796371440767583,6.452846147576158,-0.20510839616986942
0.18800620241151766,6.98304489680699,-0.20510839616986942
0.25799849585589607,7.5132436460378225,-0.20510839616986942
0.25799849585589607,8.043442395268656,-0.20510839616986942
0.25799849585589607,8.573641144499486,-0.20510839616986942
0.25799849585589607,9.10383989373032,-0.20510839616986942
0.35280600721729255,9.634038642961153,-0.20510839616986942
0.35280600721729255,10.164237392191986,-0.20510839616986942
0.35280600721729255,10.694436141422818,-0.20510839616986942
0.35280600721729255,11.22463489065365,-0.20510839616986942
0.35280600721729255,11.754833639884483,-0.20510839616986942
0.35280600721729255,12.285032389115315,-0.20510839616986942
0.35280600721729255,12.815231138346148,-0.20510839616986942
0.35280600721729255,13.34542988757698,-0.20510839616986942
0.35280600721729255,13.875628636807813,-0.20510839616986942
0.35280600721729255,14.405827386038645,-0.20510839616986942
0.35280600721729255,14.936026135269477,-0.20510839616986942
0.35280600721729255,15.46622488450031,-0.20510839616986942
0.35280600721729255,15.996423633731144,-0.20510839616986942
0.6595047970042376,16.526622382961975,-0.20510839616986942
0.6595047970042376,17.05682113219281,-0.20510839616986942
0.6595047970042376,17.587019881423643,-0.20510839616986942
0.6595047970042376,18.117218630654474,-0.20510839616986942
0.7040321438122121,18.647417379885304,-0.20510839616986942
0.7040321438122121,19.17761612911614,-0.20510839616986942
0.7040321438122121,19.70781487834697,-0.20510839616986942
0.7040321438122121,20.238013627577804,-0.20510839616986942
1.1399637620042664,20.768212376808638,-0.20510839616986942
1.1399637620042664,21.29841112603947,-0.20510839616986942
1.1399637620042664,21.828609875270303,-0.20510839616986942
1.1399637620042664,22.358808624501133,-0.20510839616986942
1.1399637620042664,22.889007373731967,-0.20510839616986942
1.1399637620042664,23.419206122962798,-0.20510839616986942
1.1399637620042664,23.949404872193632,-0.20510839616986942
1.1399637620042664,24.479603621424463,-0.20510839616986942
1.1399637620042664,25.009802370655297,-0.20510839616986942
1.1399637620042664,25.540001119886128,-0.20510839616986942
1.1399637620042664,26.070199869116962,-0.20510839616986942
1.1399637620042664,26.600398618347793,-0.20510839616986942
1.1399637620042664,27.130597367578627,-0.20510839616986942
1.1399637620042664,27.660796116809458,-0.20510839616986942
1.1399637620042664,28.190994866040292,-0.20510839616986942
1.1399637620042664,28.721193615271126,-0.20510839616986942
1.1399637620042664,29.251392364501957,-0.20510839616986942
0.1796371440767583,3.271653652191162,-0.16936617862979197
0.1796371440767583,3.8018524014219945,-0.16936617862979197
0.1796371440767583,4.332051150652827,-0.16936617862979197
0.1796371440767583,4.862249899883659,-0.16936617862979197
0.1796371440767583,5.392448649114492,-0.16936617862979197
0.1796371440767583,5.922647398345324,-0.16936617862979197
0.1796371440767583,6.452846147576158,-0.16936617862979197
0.18800620241151766,6.98304489680699,-0.16936617862979197
0.25799849585589607,7.5132436460378225,-0.16936617862979197
0.25799849585589607,8.043442395268656,-0.16936617862979197
0.25799849585589607,8.573641144499486,-0.16936617862979197
0.25799849585589607,9.10383989373032,-0.16936617862979197
0.35280600721729255,9.634038642961153,-0.16936617862979197
0.35280600721729255,10.164237392191986,-0.16936617862979197
0.35280600721729255,10.694436141422818,-0.16936617862979197
0.35280600721729255,11.22463489065365,-0.16936617862979197
0.35280600721729255,11.754833639884483,-0.16936617862979197
0.35280600721729255,12.285032389115315,-0.16936617862979197
0.35280600721729255,12.815231138346148,-0.16936617862979197
0.35280600721729255,13.34542988757698,-0.16936617862979197
0.35280600721729255,13.875628636807813,-0.16936617862979197
0.35280600721729255,14.405827386038645,-0.16936617862979197
0.35280600721729255,14.936026135269477,-0.16936617862979197
0.35280600721729255,15.46622488450031,-0.16936617862979197
0.35280600721729255,15.996423633731144,-0.16936617862979197
0.6595047970042376,16.526622382961975,-0.16936617862979197
0.6595047970042376,17.05682113219281,-0.16936617862979197
0.6595047970042376,17.587019881423643,-0.16936617862979197
0.6595047970042376,18.117218630654474,-0.16936617862979197
0.7040321438122121,18.647417379885304,-0.16936617862979197
0.7040321438122121,19.17761612911614,-0.16936617862979197
0.7040321438122121,19.70781487834697,-0.16936617862979197
0.7040321438122121,20.238013627577804,-0.16936617862979197
1.1399637620042664,20.768212376808638,-0.16936617862979197
1.1399637620042664,21.29841112603947,-0.16936617862979197
1.1399637620042664,21.828609875270303,-0.16936617862979197
1.1399637620042664,22.358808624501133,-0.16936617862979197
1.1399637620042664,22.889007373731967,-0.16936617862979197
1.1399637620042664,23.419206122962798,-0.16936617862979197
1.1399637620042664,23.949404872193632,-0.16936617862979197
1.1399637620042664,24.479603621424463,-0.16936617862979197
1.1399637620042664,25.009802370655297,-0.16936617862979197
1.1399637620042664,25.540001119886128,-0.16936617862979197
1.1399637620042664,26.070199869116962,-0.16936617862979197
1.1399637620042664,26.600398618347793,-0.16936617862979197
1.1399637620042664,27.130597367578627,-0.16936617862979197
1.1399637620042664,27.660796116809458,-0.16936617862979197
1.1399637620042664,28.190994866040292,-0.16936617862979197
1.1399637620042664,28.721193615271126,-0.16936617862979197
1.1399637620042664,29.251392364501957,-0.16936617862979197
0.1796371440767583,3.271653652191162,-0.13362396108971453
0.1796371440767583,3.8018524014219945,-0.13362396108971453
0.1796371440767583,4.332051150652827,-0.13362396108971453
0.1796371440767583,4.862249899883659,-0.13362396108971453
0.1796371440767583,5.392448649114492,-0.13362396108971453
0.1796371440767583,5.922647398345324,-0.13362396108971453
0.1796371440767583,6.452846147576158,-0.13362396108971453
0.18800620241151766,6.98304489680699,-0.13362396108971453
0.25799849585589607,7.5132436460378225,-0.13362396108971453
0.25799849585589607,8.043442395268656,-0.13362396108971453
0.25799849585589607,8.573641144499486,-0.13362396108971453
0.25799849585589607,9.10383989373032,-0.13362396108971453
0.35280600721729255,9.634038642961153,-0.13362396108971453
0.35280600721729255,10.164237392191986,-0.13362396108971453
0.35280600721729255,10.694436141422818,-0.13362396108971453
0.35280600721729255,11.22463489065365,-0.13362396108971453
0.35280600721729255,11.754833639884483,-0.13362396108971453
0.35280600721729255,12.285032389115315,-0.13362396108971453
0.35280600721729255,12.815231138346148,-0.13362396108971453
0.35280600721729255,13.34542988757698,-0.13362396108971453
0.35280600721729255,13.875628636807813,-0.13362396108971453
0.35280600721729255,14.405827386038645,-0.13362396108971453
0.35280600721729255,14.936026135269477,-0.13362396108971453
0.35280600721729255,15.46622488450031,-0.13362396108971453
0.35280600721729255,15.996423633731144,-0.13362396108971453
0.6595047970042376,16.526622382961975,-0.13362396108971453
0.6595047970042376,17.05682113219281,-0.13362396108971453
0.6595047970042376,17.587019881423643,-0.13362396108971453
0.6595047970042376,18.117218630654474,-0.13362396108971453
0.7040321438122121,18.647417379885304,-0.13362396108971453
0.7040321438122121,19.17761612911614,-0.13362396108971453
0.7040321438122121,19.70781487834697,-0.13362396108971453
0.7040321438122121,20.238013627577804,-0.13362396108971453
1.1399637620042664,20.768212376808638,-0.13362396108971453
1.1399637620042664,21.29841112603947,-0.13362396108971453
1.1399637620042664,21.828609875270303,-0.13362396108971453
1.1399637620042664,22.358808624501133,-0.13362396108971453
1.1399637620042664,22.889007373731967,-0.13362396108971453
1.1399637620042664,23.419206122962798,-0.13362396108971453
1.1399637620042664,23.949404872193632,-0.13362396108971453
1.1399637620042664,24.479603621424463,-0.13362396108971453
1.1399637620042664,25.009802370655297,-0.13362396108971453
1.1399637620042664,25.540001119886128,-0.13362396108971453
1.1399637620042664,26.070199869116962,-0.13362396108971453
1.1399637620042664,26.600398618347793,-0.13362396108971453
1.1399637620042664,27.130597367578627,-0.13362396108971453
1.1399637620042664,27.660796116809458,-0.13362396108971453
1.1399637620042664,28.190994866040292,-0.13362396108971453
1.1399637620042664,28.721193615271126,-0.13362396108971453
1.1399637620042664,29.251392364501957,-0.13362396108971453
0.1796371440767583,3.271653652191162,-0.09788174354963708
0.1796371440767583,3.8018524014219945,-0.09788174354963708
0.1796371440767583,4.332051150652827,-0.09788174354963708
0.1796371440767583,4.862249899883659,-0.09788174354963708
0.1796371440767583,5.392448649114492,-0.09788174354963708
0.1796371440767583,5.922647398345324,-0.09788174354963708
0.1796371440767583,6.452846147576158,-0.09788174354963708
0.18800620241151766,6.98304489680699,-0.09788174354963708
0.25799849585589607,7.5132436460378225,-0.09788174354963708
0.25799849585589607,8.043442395268656,-0.09788174354963708
0.25799849585589607,8.573641144499486,-0.09788174354963708
0.25799849585589607,9.10383989373032,-0.09788174354963708
0.35280600721729255,9.634038642961153,-0.09788174354963708
0.35280600721729255,10.164237392191986,-0.09788174354963708
0.35280600721729255,10.694436141422818,-0.09788174354963708
0.35280600721729255,11.22463489065365,-0.09788174354963708
0.35280600721729255,11.754833639884483,-0.09788174354963708
0.35280600721729255,12.285032389115315,-0.09788174354963708
0.35280600721729255,12.815231138346148,-0.09788174354963708
0.35280600721729255,13.34542988757698,-0.09788174354963708
0.35280600721729255,13.875628636807813,-0.09788174354963708
0.35280600721729255,14.405827386038645,-0.09788174354963708
0.35280600721729255,14.936026135269477,-0.09788174354963708
0.35280600721729255,15.46622488450031,-0.09788174354963708
0.35280600721729255,15.996423633731144,-0.09788174354963708
0.6595047970042376,16.526622382961975,-0.09788174354963708
0.6595047970042376,17.05682113219281,-0.09788174354963708
0.6595047970042376,17.587019881423643,-0.09788174354963708
0.6595047970042376,18.117218630654474,-0.09788174354963708
0.7040321438122121,18.647417379885304,-0.09788174354963708
0.7040321438122121,19.17761612911614,-0.09788174354963708
0.7040321438122121,19.70781487834697,-0.09788174354963708
0.7040321438122121,20.238013627577804,-0.09788174354963708
1.1399637620042664,20.768212376808638,-0.09788174354963708
1.1399637620042664,21.29841112603947,-0.09788174354963708
1.1399637620042664,21.828609875270303,-0.09788174354963708
1.1399637620042664,22.358808624501133,-0.09788174354963708
1.1399637620042664,22.889007373731967,-0.09788174354963708
1.1399637620042664,23.419206122962798,-0.09788174354963708
1.1399637620042664,23.949404872193632,-0.09788174354963708
1.1399637620042664,24.479603621424463,-0.09788174354963708
1.1399637620042664,25.009802370655297,-0.09788174354963708
1.1399637620042664,25.540001119886128,-0.09788174354963708
1.1399637620042664,26.070199869116962,-0.09788174354963708
1.1399637620042664,26.600398618347793,-0.09788174354963708
1.1399637620042664,27.130597367578627,-0.09788174354963708
1.1399637620042664,27.660796116809458,-0.09788174354963708
1.1399637620042664,28.190994866040292,-0.09788174354963708
1.1399637620042664,28.721193615271126,-0.09788174354963708
1.1399637620042664,29.251392364501957,-0.09788174354963708
0.1796371440767583,3.271653652191162,-0.0621395260095596
0.1796371440767583,3.8018524014219945,-0.0621395260095596
0.1796371440767583,4.332051150652827,-0.0621395260095596
0.1796371440767583,4.862249899883659,-0.0621395260095596
0.1796371440767583,5.392448649114492,-0.0621395260095596
0.1796371440767583,5.922647398345324,-0.0621395260095596
0.1796371440767583,6.452846147576158,-0.0621395260095596
0.18800620241151766,6.98304489680699,-0.0621395260095596
0.25799849585589607,7.5132436460378225,-0.0621395260095596
0.25799849585589607,8.043442395268656,-0.0621395260095596
0.25799849585589607,8.573641144499486,-0.0621395260095596
0.25799849585589607,9.10383989373032,-0.0621395260095596
0.35280600721729255,9.634038642961153,-0.0621395260095596
0.35280600721729255,10.164237392191986,-0.0621395260095596
0.35280600721729255,10.694436141422818,-0.0621395260095596
0.35280600721729255,11.22463489065365,-0.0621395260095596
0.35280600721729255,11.754833639884483,-0.0621395260095596
0.35280600721729255,12.285032389115315,-0.0621395260095596
0.35280600721729255,12.815231138346148,-0.0621395260095596
0.35280600721729255,13.34542988757698,-0.0621395260095596
0.35280600721729255,13.875628636807813,-0.0621395260095596
0.35280600721729255,14.405827386038645,-0.0621395260095596
0.35280600721729255,14.936026135269477,-0.0621395260095596
0.35280600721729255,15.46622488450031,-0.0621395260095596
0.35280600721729255,15.996423633731144,-0.0621395260095596
0.6595047970042376,16.526622382961975,-0.0621395260095596
0.6595047970042376,17.05682113219281,-0.0621395260095596
0.6595047970042376,17.587019881423643,-0.0621395260095596
0.6595047970042376,18.117218630654474,-0.0621395260095596
0.7040321438122121,18.647417379885304,-0.0621395260095596
0.7040321438122121,19.17761612911614,-0.0621395260095596
0.7040321438122121,19.70781487834697,-0.0621395260095596
0.7040321438122121,20.238013627577804,-0.0621395260095596
1.1399637620042664,20.768212376808638,-0.0621395260095596
1.1399637620042664,21.29841112603947,-0.0621395260095596
1.1399637620042664,21.828609875270303,-0.0621395260095596
1.1399637620042664,22.358808624501133,-0.0621395260095596
1.1399637620042664,22.889007373731967,-0.0621395260095596
1.1399637620042664,23.419206122962798,-0.0621395260095596
1.1399637620042664,23.949404872193632,-0.0621395260095596
1.1399637620042664,24.479603621424463,-0.0621395260095596
1.1399637620042664,25.009802370655297,-0.0621395260095596
1.1399637620042664,25.540001119886128,-0.0621395260095596
1.1399637620042664,26.070199869116962,-0.0621395260095596
1.1399637620042664,26.600398618347793,-0.0621395260095596
1.1399637620042664,27.130597367578627,-0.0621395260095596
1.1399637620042664,27.660796116809458,-0.0621395260095596
1.1399637620042664,28.190994866040292,-0.0621395260095596
1.1399637620042664,28.721193615271126,-0.0621395260095596
1.1399637620042664,29.251392364501957,-0.0621395260095596
