Q,max_IWV_ais,max_ocean_SLP_gradient
0.24100214970263567,3.271653652191162,1.9763417045365497
0.24100214970263567,3.8018524014219945,1.9763417045365497
0.24100214970263567,4.332051150652827,1.9763417045365497
0.24100214970263567,4.862249899883659,1.9763417045365497
0.24100214970263567,5.392448649114492,1.9763417045365497
0.24100214970263567,5.922647398345324,1.9763417045365497
0.24100214970263567,6.452846147576158,1.9763417045365497
0.25223012295966946,6.98304489680699,1.9763417045365497
0.3461321568035449,7.5132436460378225,1.9763417045365497
0.3461321568035449,8.043442395268656,1.9763417045365497
0.3461321568035449,8.573641144499486,1.9763417045365497
0.3461321568035449,9.10383989373032,1.9763417045365497
0.4687892932320663,9.634038642961153,1.9763417045365497
0.4687892932320663,10.164237392191986,1.9763417045365497
0.4687892932320663,10.694436141422818,1.9763417045365497
0.4687892932320663,11.22463489065365,1.9763417045365497
0.4687892932320663,11.754833639884483,1.9763417045365497
0.4687892932320663,12.285032389115315,1.9763417045365497
0.4687892932320663,12.815231138346148,1.9763417045365497
0.4687892932320663,13.34542988757698,1.9763417045365497
0.4687892932320663,13.875628636807813,1.9763417045365497
0.4687892932320663,14.405827386038645,1.9763417045365497
0.4687892932320663,14.936026135269477,1.9763417045365497
0.4687892932320663,15.46622488450031,1.9763417045365497
0.4687892932320663,15.996423633731144,1.9763417045365497
0.8301249957474026,16.526622382961975,1.9763417045365497
0.8301249957474026,17.05682113219281,1.9763417045365497
0.8301249957474026,17.587019881423643,1.9763417045365497
0.8301249957474026,18.117218630654474,1.9763417045365497
0.8608329969492381,18.647417379885304,1.9763417045365497
0.8608329969492381,19.17761612911614,1.9763417045365497
0.8608329969492381,19.70781487834697,1.9763417045365497
0.8608329969492381,20.238013627577804,1.9763417045365497
1.0877299155708555,20.768212376808638,1.9763417045365497
1.0877299155708555,21.29841112603947,1.9763417045365497
1.0877299155708555,21.828609875270303,1.9763417045365497
1.0877299155708555,22.358808624501133,1.9763417045365497
1.0877299155708555,22.889007373731967,1.9763417045365497
1.0877299155708555,23.419206122962798,1.9763417045365497
1.0877299155708555,23.949404872193632,1.9763417045365497
1.0877299155708555,24.479603621424463,1.9763417045365497
1.0877299155708555,25.009802370655297,1.9763417045365497
1.0877299155708555,25.540001119886128,1.9763417045365497
1.0877299155708555,26.070199869116962,1.9763417045365497
1.0877299155708555,26.600398618347793,1.9763417045365497
1.0877299155708555,27.130597367578627,1.9763417045365497
1.0877299155708555,27.660796116809458,1.9763417045365497
1.0877299155708555,28.190994866040292,1.9763417045365497
1.0877299155708555,28.721193615271126,1.9763417045365497
1.0877299155708555,29.251392364501957,1.9763417045365497
0.24100214970263567,3.271653652191162,2.2013399121739883
0.24100214970263567,3.8018524014219945,2.2013399121739883
0.24100214970263567,4.332051150652827,2.2013399121739883
0.24100214970263567,4.862249899883659,2.2013399121739883
0.24100214970263567,5.392448649114492,2.2013399121739883
0.24100214970263567,5.922647398345324,2.2013399121739883
0.24100214970263567,6.452846147576158,2.2013399121739883
0.25223012295966946,6.98304489680699,2.2013399121739883
0.3461321568035449,7.5132436460378225,2.2013399121739883
0.3461321568035449,8.043442395268656,2.2013399121739883
0.3461321568035449,8.573641144499486,2.2013399121739883
0.3461321568035449,9.10383989373032,2.2013399121739883
0.4687892932320663,9.634038642961153,2.2013399121739883
0.4687892932320663,10.164237392191986,2.2013399121739883
0.4687892932320663,10.694436141422818,2.2013399121739883
0.4687892932320663,11.22463489065365,2.2013399121739883
0.4687892932320663,11.754833639884483,2.2013399121739883
0.4687892932320663,12.285032389115315,2.2013399121739883
0.4687892932320663,12.815231138346148,2.2013399121739883
0.4687892932320663,13.34542988757698,2.2013399121739883
0.4687892932320663,13.875628636807813,2.2013399121739883
0.4687892932320663,14.405827386038645,2.2013399121739883
0.4687892932320663,14.936026135269477,2.2013399121739883
0.4687892932320663,15.46622488450031,2.2013399121739883
0.4687892932320663,15.996423633731144,2.2013399121739883
0.8301249957474026,16.526622382961975,2.2013399121739883
0.8301249957474026,17.05682113219281,2.2013399121739883
0.8301249957474026,17.587019881423643,2.2013399121739883
0.8301249957474026,18.117218630654474,2.2013399121739883
0.8608329969492381,18.647417379885304,2.2013399121739883
0.8608329969492381,19.17761612911614,2.2013399121739883
0.8608329969492381,19.70781487834697,2.2013399121739883
0.8608329969492381,20.238013627577804,2.2013399121739883
1.0877299155708555,20.768212376808638,2.2013399121739883
1.0877299155708555,21.29841112603947,2.2013399121739883
1.0877299155708555,21.828609875270303,2.2013399121739883
1.0877299155708555,22.358808624501133,2.2013399121739883
1.0877299155708555,22.889007373731967,2.2013399121739883
1.0877299155708555,23.419206122962798,2.2013399121739883
1.0877299155708555,23.949404872193632,2.2013399121739883
1.0877299155708555,24.479603621424463,2.2013399121739883
1.0877299155708555,25.009802370655297,2.2013399121739883
1.0877299155708555,25.540001119886128,2.2013399121739883
1.0877299155708555,26.070199869116962,2.2013399121739883
1.0877299155708555,26.600398618347793,2.2013399121739883
1.0877299155708555,27.130597367578627,2.2013399121739883
1.0877299155708555,27.660796116809458,2.2013399121739883
1.0877299155708555,28.190994866040292,2.2013399121739883
1.0877299155708555,28.721193615271126,2.2013399121739883
1.0877299155708555,29.251392364501957,2.2013399121739883
0.24100214970263567,3.271653652191162,2.426338119811427
0.24100214970263567,3.8018524014219945,2.426338119811427
0.24100214970263567,4.332051150652827,2.426338119811427
0.24100214970263567,4.862249899883659,2.426338119811427
0.24100214970263567,5.392448649114492,2.426338119811427
0.24100214970263567,5.922647398345324,2.426338119811427
0.24100214970263567,6.452846147576158,2.426338119811427
0.25223012295966946,6.98304489680699,2.426338119811427
0.3461321568035449,7.5132436460378225,2.426338119811427
0.3461321568035449,8.043442395268656,2.426338119811427
0.3461321568035449,8.573641144499486,2.426338119811427
0.3461321568035449,9.10383989373032,2.426338119811427
0.4687892932320663,9.634038642961153,2.426338119811427
0.4687892932320663,10.164237392191986,2.426338119811427
0.4687892932320663,10.694436141422818,2.426338119811427
0.4687892932320663,11.22463489065365,2.426338119811427
0.4687892932320663,11.754833639884483,2.426338119811427
0.4687892932320663,12.285032389115315,2.426338119811427
0.4687892932320663,12.815231138346148,2.426338119811427
0.4687892932320663,13.34542988757698,2.426338119811427
0.4687892932320663,13.875628636807813,2.426338119811427
0.4687892932320663,14.405827386038645,2.426338119811427
0.4687892932320663,14.936026135269477,2.426338119811427
0.4687892932320663,15.46622488450031,2.426338119811427
0.4687892932320663,15.996423633731144,2.426338119811427
0.8301249957474026,16.526622382961975,2.426338119811427
0.8301249957474026,17.05682113219281,2.426338119811427
0.8301249957474026,17.587019881423643,2.426338119811427
0.8301249957474026,18.117218630654474,2.426338119811427
0.8608329969492381,18.647417379885304,2.426338119811427
0.8608329969492381,19.17761612911614,2.426338119811427
0.8608329969492381,19.70781487834697,2.426338119811427
0.8608329969492381,20.238013627577804,2.426338119811427
1.0877299155708555,20.768212376808638,2.426338119811427
1.0877299155708555,21.29841112603947,2.426338119811427
1.0877299155708555,21.828609875270303,2.426338119811427
1.0877299155708555,22.358808624501133,2.426338119811427
1.0877299155708555,22.889007373731967,2.426338119811427
1.0877299155708555,23.419206122962798,2.426338119811427
1.0877299155708555,23.949404872193632,2.426338119811427
1.0877299155708555,24.479603621424463,2.426338119811427
1.0877299155708555,25.009802370655297,2.426338119811427
1.0877299155708555,25.540001119886128,2.426338119811427
1.0877299155708555,26.070199869116962,2.426338119811427
1.0877299155708555,26.600398618347793,2.426338119811427
1.0877299155708555,27.130597367578627,2.426338119811427
1.0877299155708555,27.660796116809458,2.426338119811427
1.0877299155708555,28.190994866040292,2.426338119811427
1.0877299155708555,28.721193615271126,2.426338119811427
1.0877299155708555,29.251392364501957,2.426338119811427
0.24100214970263567,3.271653652191162,2.651336327448866
0.24100214970263567,3.8018524014219945,2.651336327448866
0.24100214970263567,4.332051150652827,2.651336327448866
0.24100214970263567,4.862249899883659,2.651336327448866
0.24100214970263567,5.392448649114492,2.651336327448866
0.24100214970263567,5.922647398345324,2.651336327448866
0.24100214970263567,6.452846147576158,2.651336327448866
0.25223012295966946,6.98304489680699,2.651336327448866
0.3461321568035449,7.5132436460378225,2.651336327448866
0.3461321568035449,8.043442395268656,2.651336327448866
0.3461321568035449,8.573641144499486,2.651336327448866
0.3461321568035449,9.10383989373032,2.651336327448866
0.4687892932320663,9.634038642961153,2.651336327448866
0.4687892932320663,10.164237392191986,2.651336327448866
0.4687892932320663,10.694436141422818,2.651336327448866
0.4687892932320663,11.22463489065365,2.651336327448866
0.4687892932320663,11.754833639884483,2.651336327448866
0.4687892932320663,12.285032389115315,2.651336327448866
0.4687892932320663,12.815231138346148,2.651336327448866
0.4687892932320663,13.34542988757698,2.651336327448866
0.4687892932320663,13.875628636807813,2.651336327448866
0.4687892932320663,14.405827386038645,2.651336327448866
0.4687892932320663,14.936026135269477,2.651336327448866
0.4687892932320663,15.46622488450031,2.651336327448866
0.4687892932320663,15.996423633731144,2.651336327448866
0.8301249957474026,16.526622382961975,2.651336327448866
0.8301249957474026,17.05682113219281,2.651336327448866
0.8301249957474026,17.587019881423643,2.651336327448866
0.8301249957474026,18.117218630654474,2.651336327448866
0.8608329969492381,18.647417379885304,2.651336327448866
0.8608329969492381,19.17761612911614,2.651336327448866
0.8608329969492381,19.70781487834697,2.651336327448866
0.8608329969492381,20.238013627577804,2.651336327448866
1.0877299155708555,20.768212376808638,2.651336327448866
1.0877299155708555,21.29841112603947,2.651336327448866
1.0877299155708555,21.828609875270303,2.651336327448866
1.0877299155708555,22.358808624501133,2.651336327448866
1.0877299155708555,22.889007373731967,2.651336327448866
1.0877299155708555,23.419206122962798,2.651336327448866
1.0877299155708555,23.949404872193632,2.651336327448866
1.0877299155708555,24.479603621424463,2.651336327448866
1.0877299155708555,25.009802370655297,2.651336327448866
1.0877299155708555,25.540001119886128,2.651336327448866
1.0877299155708555,26.070199869116962,2.651336327448866
1.0877299155708555,26.600398618347793,2.651336327448866
1.0877299155708555,27.130597367578627,2.651336327448866
1.0877299155708555,27.660796116809458,2.651336327448866
1.0877299155708555,28.190994866040292,2.651336327448866
1.0877299155708555,28.721193615271126,2.651336327448866
1.0877299155708555,29.251392364501957,2.651336327448866
0.24100214970263567,3.271653652191162,2.8763345350863045
0.24100214970263567,3.8018524014219945,2.8763345350863045
0.24100214970263567,4.332051150652827,2.8763345350863045
0.24100214970263567,4.862249899883659,2.8763345350863045
0.24100214970263567,5.392448649114492,2.8763345350863045
0.24100214970263567,5.922647398345324,2.8763345350863045
0.24100214970263567,6.452846147576158,2.8763345350863045
0.25223012295966946,6.98304489680699,2.8763345350863045
0.3461321568035449,7.5132436460378225,2.8763345350863045
0.3461321568035449,8.043442395268656,2.8763345350863045
0.3461321568035449,8.573641144499486,2.8763345350863045
0.3461321568035449,9.10383989373032,2.8763345350863045
0.4687892932320663,9.634038642961153,2.8763345350863045
0.4687892932320663,10.164237392191986,2.8763345350863045
0.4687892932320663,10.694436141422818,2.8763345350863045
0.4687892932320663,11.22463489065365,2.8763345350863045
0.4687892932320663,11.754833639884483,2.8763345350863045
0.4687892932320663,12.285032389115315,2.8763345350863045
0.4687892932320663,12.815231138346148,2.8763345350863045
0.4687892932320663,13.34542988757698,2.8763345350863045
0.4687892932320663,13.875628636807813,2.8763345350863045
0.4687892932320663,14.405827386038645,2.8763345350863045
0.4687892932320663,14.936026135269477,2.8763345350863045
0.4687892932320663,15.46622488450031,2.8763345350863045
0.4687892932320663,15.996423633731144,2.8763345350863045
0.8301249957474026,16.526622382961975,2.8763345350863045
0.8301249957474026,17.05682113219281,2.8763345350863045
0.8301249957474026,17.587019881423643,2.8763345350863045
0.8301249957474026,18.117218630654474,2.8763345350863045
0.8608329969492381,18.647417379885304,2.8763345350863045
0.8608329969492381,19.17761612911614,2.8763345350863045
0.8608329969492381,19.70781487834697,2.8763345350863045
0.8608329969492381,20.238013627577804,2.8763345350863045
1.0877299155708555,20.768212376808638,2.8763345350863045
1.0877299155708555,21.29841112603947,2.8763345350863045
1.0877299155708555,21.828609875270303,2.8763345350863045
1.0877299155708555,22.358808624501133,2.8763345350863045
1.0877299155708555,22.889007373731967,2.8763345350863045
1.0877299155708555,23.419206122962798,2.8763345350863045
1.0877299155708555,23.949404872193632,2.8763345350863045
1.0877299155708555,24.479603621424463,2.8763345350863045
1.0877299155708555,25.009802370655297,2.8763345350863045
1.0877299155708555,25.540001119886128,2.8763345350863045
1.0877299155708555,26.070199869116962,2.8763345350863045
1.0877299155708555,26.600398618347793,2.8763345350863045
1.0877299155708555,27.130597367578627,2.8763345350863045
1.0877299155708555,27.660796116809458,2.8763345350863045
1.0877299155708555,28.190994866040292,2.8763345350863045
1.0877299155708555,28.721193615271126,2.8763345350863045
1.0877299155708555,29.251392364501957,2.8763345350863045
0.24100214970263567,3.271653652191162,3.101332742723743
0.24100214970263567,3.8018524014219945,3.101332742723743
0.24100214970263567,4.332051150652827,3.101332742723743
0.24100214970263567,4.862249899883659,3.101332742723743
0.24100214970263567,5.392448649114492,3.101332742723743
0.24100214970263567,5.922647398345324,3.101332742723743
0.24100214970263567,6.452846147576158,3.101332742723743
0.25223012295966946,6.98304489680699,3.101332742723743
0.3461321568035449,7.5132436460378225,3.101332742723743
0.3461321568035449,8.043442395268656,3.101332742723743
0.3461321568035449,8.573641144499486,3.101332742723743
0.3461321568035449,9.10383989373032,3.101332742723743
0.4687892932320663,9.634038642961153,3.101332742723743
0.4687892932320663,10.164237392191986,3.101332742723743
0.4687892932320663,10.694436141422818,3.101332742723743
0.4687892932320663,11.22463489065365,3.101332742723743
0.4687892932320663,11.754833639884483,3.101332742723743
0.4687892932320663,12.285032389115315,3.101332742723743
0.4687892932320663,12.815231138346148,3.101332742723743
0.4687892932320663,13.34542988757698,3.101332742723743
0.4687892932320663,13.875628636807813,3.101332742723743
0.4687892932320663,14.405827386038645,3.101332742723743
0.4687892932320663,14.936026135269477,3.101332742723743
0.4687892932320663,15.46622488450031,3.101332742723743
0.4687892932320663,15.996423633731144,3.101332742723743
0.8301249957474026,16.526622382961975,3.101332742723743
0.8301249957474026,17.05682113219281,3.101332742723743
0.8301249957474026,17.587019881423643,3.101332742723743
0.8301249957474026,18.117218630654474,3.101332742723743
0.8608329969492381,18.647417379885304,3.101332742723743
0.8608329969492381,19.17761612911614,3.101332742723743
0.8608329969492381,19.70781487834697,3.101332742723743
0.8608329969492381,20.238013627577804,3.101332742723743
1.0877299155708555,20.768212376808638,3.101332742723743
1.0877299155708555,21.29841112603947,3.101332742723743
1.0877299155708555,21.828609875270303,3.101332742723743
1.0877299155708555,22.358808624501133,3.101332742723743
1.0877299155708555,22.889007373731967,3.101332742723743
1.0877299155708555,23.419206122962798,3.101332742723743
1.0877299155708555,23.949404872193632,3.101332742723743
1.0877299155708555,24.479603621424463,3.101332742723743
1.0877299155708555,25.009802370655297,3.101332742723743
1.0877299155708555,25.540001119886128,3.101332742723743
1.0877299155708555,26.070199869116962,3.101332742723743
1.0877299155708555,26.600398618347793,3.101332742723743
1.0877299155708555,27.130597367578627,3.101332742723743
1.0877299155708555,27.660796116809458,3.101332742723743
1.0877299155708555,28.190994866040292,3.101332742723743
1.0877299155708555,28.721193615271126,3.101332742723743
1.0877299155708555,29.251392364501957,3.101332742723743
0.24100214970263567,3.271653652191162,3.326330950361182
0.24100214970263567,3.8018524014219945,3.326330950361182
0.24100214970263567,4.332051150652827,3.326330950361182
0.24100214970263567,4.862249899883659,3.326330950361182
0.24100214970263567,5.392448649114492,3.326330950361182
0.24100214970263567,5.922647398345324,3.326330950361182
0.24100214970263567,6.452846147576158,3.326330950361182
0.25223012295966946,6.98304489680699,3.326330950361182
0.3461321568035449,7.5132436460378225,3.326330950361182
0.3461321568035449,8.043442395268656,3.326330950361182
0.3461321568035449,8.573641144499486,3.326330950361182
0.3461321568035449,9.10383989373032,3.326330950361182
0.4687892932320663,9.634038642961153,3.326330950361182
0.4687892932320663,10.164237392191986,3.326330950361182
0.4687892932320663,10.694436141422818,3.326330950361182
0.4687892932320663,11.22463489065365,3.326330950361182
0.4687892932320663,11.754833639884483,3.326330950361182
0.4687892932320663,12.285032389115315,3.326330950361182
0.4687892932320663,12.815231138346148,3.326330950361182
0.4687892932320663,13.34542988757698,3.326330950361182
0.4687892932320663,13.875628636807813,3.326330950361182
0.4687892932320663,14.405827386038645,3.326330950361182
0.4687892932320663,14.936026135269477,3.326330950361182
0.4687892932320663,15.46622488450031,3.326330950361182
0.4687892932320663,15.996423633731144,3.326330950361182
0.8301249957474026,16.526622382961975,3.326330950361182
0.8301249957474026,17.05682113219281,3.326330950361182
0.8301249957474026,17.587019881423643,3.326330950361182
0.8301249957474026,18.117218630654474,3.326330950361182
0.8608329969492381,18.647417379885304,3.326330950361182
0.8608329969492381,19.17761612911614,3.326330950361182
0.8608329969492381,19.70781487834697,3.326330950361182
0.8608329969492381,20.238013627577804,3.326330950361182
1.0877299155708555,20.768212376808638,3.326330950361182
1.0877299155708555,21.29841112603947,3.326330950361182
1.0877299155708555,21.828609875270303,3.326330950361182
1.0877299155708555,22.358808624501133,3.326330950361182
1.0877299155708555,22.889007373731967,3.326330950361182
1.0877299155708555,23.419206122962798,3.326330950361182
1.0877299155708555,23.949404872193632,3.326330950361182
1.0877299155708555,24.479603621424463,3.326330950361182
1.0877299155708555,25.009802370655297,3.326330950361182
1.0877299155708555,25.540001119886128,3.326330950361182
1.0877299155708555,26.070199869116962,3.326330950361182
1.0877299155708555,26.600398618347793,3.326330950361182
1.0877299155708555,27.130597367578627,3.326330950361182
1.0877299155708555,27.660796116809458,3.326330950361182
1.0877299155708555,28.190994866040292,3.326330950361182
1.0877299155708555,28.721193615271126,3.326330950361182
1.0877299155708555,29.251392364501957,3.326330950361182
0.24100214970263567,3.271653652191162,3.551329157998621
0.24100214970263567,3.8018524014219945,3.551329157998621
0.24100214970263567,4.332051150652827,3.551329157998621
0.24100214970263567,4.862249899883659,3.551329157998621
0.24100214970263567,5.392448649114492,3.551329157998621
0.24100214970263567,5.922647398345324,3.551329157998621
0.24100214970263567,6.452846147576158,3.551329157998621
0.25223012295966946,6.98304489680699,3.551329157998621
0.3461321568035449,7.5132436460378225,3.551329157998621
0.3461321568035449,8.043442395268656,3.551329157998621
0.3461321568035449,8.573641144499486,3.551329157998621
0.3461321568035449,9.10383989373032,3.551329157998621
0.4687892932320663,9.634038642961153,3.551329157998621
0.4687892932320663,10.164237392191986,3.551329157998621
0.4687892932320663,10.694436141422818,3.551329157998621
0.4687892932320663,11.22463489065365,3.551329157998621
0.4687892932320663,11.754833639884483,3.551329157998621
0.4687892932320663,12.285032389115315,3.551329157998621
0.4687892932320663,12.815231138346148,3.551329157998621
0.4687892932320663,13.34542988757698,3.551329157998621
0.4687892932320663,13.875628636807813,3.551329157998621
0.4687892932320663,14.405827386038645,3.551329157998621
0.4687892932320663,14.936026135269477,3.551329157998621
0.4687892932320663,15.46622488450031,3.551329157998621
0.4687892932320663,15.996423633731144,3.551329157998621
0.8301249957474026,16.526622382961975,3.551329157998621
0.8301249957474026,17.05682113219281,3.551329157998621
0.8301249957474026,17.587019881423643,3.551329157998621
0.8301249957474026,18.117218630654474,3.551329157998621
0.8608329969492381,18.647417379885304,3.551329157998621
0.8608329969492381,19.17761612911614,3.551329157998621
0.8608329969492381,19.70781487834697,3.551329157998621
0.8608329969492381,20.238013627577804,3.551329157998621
1.0877299155708555,20.768212376808638,3.551329157998621
1.0877299155708555,21.29841112603947,3.551329157998621
1.0877299155708555,21.828609875270303,3.551329157998621
1.0877299155708555,22.358808624501133,3.551329157998621
1.0877299155708555,22.889007373731967,3.551329157998621
1.0877299155708555,23.419206122962798,3.551329157998621
1.0877299155708555,23.949404872193632,3.551329157998621
1.0877299155708555,24.479603621424463,3.551329157998621
1.0877299155708555,25.009802370655297,3.551329157998621
1.0877299155708555,25.540001119886128,3.551329157998621
1.0877299155708555,26.070199869116962,3.551329157998621
1.0877299155708555,26.600398618347793,3.551329157998621
1.0877299155708555,27.130597367578627,3.551329157998621
1.0877299155708555,27.660796116809458,3.551329157998621
1.0877299155708555,28.190994866040292,3.551329157998621
1.0877299155708555,28.721193615271126,3.551329157998621
1.0877299155708555,29.251392364501957,3.551329157998621
0.24100214970263567,3.271653652191162,3.7763273656360594
0.24100214970263567,3.8018524014219945,3.7763273656360594
0.24100214970263567,4.332051150652827,3.7763273656360594
0.24100214970263567,4.862249899883659,3.7763273656360594
0.24100214970263567,5.392448649114492,3.7763273656360594
0.24100214970263567,5.922647398345324,3.7763273656360594
0.24100214970263567,6.452846147576158,3.7763273656360594
0.25223012295966946,6.98304489680699,3.7763273656360594
0.3461321568035449,7.5132436460378225,3.7763273656360594
0.3461321568035449,8.043442395268656,3.7763273656360594
0.3461321568035449,8.573641144499486,3.7763273656360594
0.3461321568035449,9.10383989373032,3.7763273656360594
0.4687892932320663,9.634038642961153,3.7763273656360594
0.4687892932320663,10.164237392191986,3.7763273656360594
0.4687892932320663,10.694436141422818,3.7763273656360594
0.4687892932320663,11.22463489065365,3.7763273656360594
0.4687892932320663,11.754833639884483,3.7763273656360594
0.4687892932320663,12.285032389115315,3.7763273656360594
0.4687892932320663,12.815231138346148,3.7763273656360594
0.4687892932320663,13.34542988757698,3.7763273656360594
0.4687892932320663,13.875628636807813,3.7763273656360594
0.4687892932320663,14.405827386038645,3.7763273656360594
0.4687892932320663,14.936026135269477,3.7763273656360594
0.4687892932320663,15.46622488450031,3.7763273656360594
0.4687892932320663,15.996423633731144,3.7763273656360594
0.8301249957474026,16.526622382961975,3.7763273656360594
0.8301249957474026,17.05682113219281,3.7763273656360594
0.8301249957474026,17.587019881423643,3.7763273656360594
0.8301249957474026,18.117218630654474,3.7763273656360594
0.8608329969492381,18.647417379885304,3.7763273656360594
0.8608329969492381,19.17761612911614,3.7763273656360594
0.8608329969492381,19.70781487834697,3.7763273656360594
0.8608329969492381,20.238013627577804,3.7763273656360594
1.0877299155708555,20.768212376808638,3.7763273656360594
1.0877299155708555,21.29841112603947,3.7763273656360594
1.0877299155708555,21.828609875270303,3.7763273656360594
1.0877299155708555,22.358808624501133,3.7763273656360594
1.0877299155708555,22.889007373731967,3.7763273656360594
1.0877299155708555,23.419206122962798,3.7763273656360594
1.0877299155708555,23.949404872193632,3.7763273656360594
1.0877299155708555,24.479603621424463,3.7763273656360594
1.0877299155708555,25.009802370655297,3.7763273656360594
1.0877299155708555,25.540001119886128,3.7763273656360594
1.0877299155708555,26.070199869116962,3.7763273656360594
1.0877299155708555,26.600398618347793,3.7763273656360594
1.0877299155708555,27.130597367578627,3.7763273656360594
1.0877299155708555,27.660796116809458,3.7763273656360594
1.0877299155708555,28.190994866040292,3.7763273656360594
1.0877299155708555,28.721193615271126,3.7763273656360594
1.0877299155708555,29.251392364501957,3.7763273656360594
0.24100214970263567,3.271653652191162,4.001325573273498
0.24100214970263567,3.8018524014219945,4.001325573273498
0.24100214970263567,4.332051150652827,4.001325573273498
0.24100214970263567,4.862249899883659,4.001325573273498
0.24100214970263567,5.392448649114492,4.001325573273498
0.24100214970263567,5.922647398345324,4.001325573273498
0.24100214970263567,6.452846147576158,4.001325573273498
0.25223012295966946,6.98304489680699,4.001325573273498
0.3461321568035449,7.5132436460378225,4.001325573273498
0.3461321568035449,8.043442395268656,4.001325573273498
0.3461321568035449,8.573641144499486,4.001325573273498
0.3461321568035449,9.10383989373032,4.001325573273498
0.4687892932320663,9.634038642961153,4.001325573273498
0.4687892932320663,10.164237392191986,4.001325573273498
0.4687892932320663,10.694436141422818,4.001325573273498
0.4687892932320663,11.22463489065365,4.001325573273498
0.4687892932320663,11.754833639884483,4.001325573273498
0.4687892932320663,12.285032389115315,4.001325573273498
0.4687892932320663,12.815231138346148,4.001325573273498
0.4687892932320663,13.34542988757698,4.001325573273498
0.4687892932320663,13.875628636807813,4.001325573273498
0.4687892932320663,14.405827386038645,4.001325573273498
0.4687892932320663,14.936026135269477,4.001325573273498
0.4687892932320663,15.46622488450031,4.001325573273498
0.4687892932320663,15.996423633731144,4.001325573273498
0.8301249957474026,16.526622382961975,4.001325573273498
0.8301249957474026,17.05682113219281,4.001325573273498
0.8301249957474026,17.587019881423643,4.001325573273498
0.8301249957474026,18.117218630654474,4.001325573273498
0.8608329969492381,18.647417379885304,4.001325573273498
0.8608329969492381,19.17761612911614,4.001325573273498
0.8608329969492381,19.70781487834697,4.001325573273498
0.8608329969492381,20.238013627577804,4.001325573273498
1.0877299155708555,20.768212376808638,4.001325573273498
1.0877299155708555,21.29841112603947,4.001325573273498
1.0877299155708555,21.828609875270303,4.001325573273498
1.0877299155708555,22.358808624501133,4.001325573273498
1.0877299155708555,22.889007373731967,4.001325573273498
1.0877299155708555,23.419206122962798,4.001325573273498
1.0877299155708555,23.949404872193632,4.001325573273498
1.0877299155708555,24.479603621424463,4.001325573273498
1.0877299155708555,25.009802370655297,4.001325573273498
1.0877299155708555,25.540001119886128,4.001325573273498
1.0877299155708555,26.070199869116962,4.001325573273498
1.0877299155708555,26.600398618347793,4.001325573273498
1.0877299155708555,27.130597367578627,4.001325573273498
1.0877299155708555,27.660796116809458,4.001325573273498
1.0877299155708555,28.190994866040292,4.001325573273498
1.0877299155708555,28.721193615271126,4.001325573273498
1.0877299155708555,29.251392364501957,4.001325573273498
0.24100214970263567,3.271653652191162,4.226323780910937
0.24100214970263567,3.8018524014219945,4.226323780910937
0.24100214970263567,4.332051150652827,4.226323780910937
0.24100214970263567,4.862249899883659,4.226323780910937
0.24100214970263567,5.392448649114492,4.226323780910937
0.24100214970263567,5.922647398345324,4.226323780910937
0.24100214970263567,6.452846147576158,4.226323780910937
0.25223012295966946,6.98304489680699,4.226323780910937
0.3461321568035449,7.5132436460378225,4.226323780910937
0.3461321568035449,8.043442395268656,4.226323780910937
0.3461321568035449,8.573641144499486,4.226323780910937
0.3461321568035449,9.10383989373032,4.226323780910937
0.4687892932320663,9.634038642961153,4.226323780910937
0.4687892932320663,10.164237392191986,4.226323780910937
0.4687892932320663,10.694436141422818,4.226323780910937
0.4687892932320663,11.22463489065365,4.226323780910937
0.4687892932320663,11.754833639884483,4.226323780910937
0.4687892932320663,12.285032389115315,4.226323780910937
0.4687892932320663,12.815231138346148,4.226323780910937
0.4687892932320663,13.34542988757698,4.226323780910937
0.4687892932320663,13.875628636807813,4.226323780910937
0.4687892932320663,14.405827386038645,4.226323780910937
0.4687892932320663,14.936026135269477,4.226323780910937
0.4687892932320663,15.46622488450031,4.226323780910937
0.4687892932320663,15.996423633731144,4.226323780910937
0.8301249957474026,16.526622382961975,4.226323780910937
0.8301249957474026,17.05682113219281,4.226323780910937
0.8301249957474026,17.587019881423643,4.226323780910937
0.8301249957474026,18.117218630654474,4.226323780910937
0.8608329969492381,18.647417379885304,4.226323780910937
0.8608329969492381,19.17761612911614,4.226323780910937
0.8608329969492381,19.70781487834697,4.226323780910937
0.8608329969492381,20.238013627577804,4.226323780910937
1.0877299155708555,20.768212376808638,4.226323780910937
1.0877299155708555,21.29841112603947,4.226323780910937
1.0877299155708555,21.828609875270303,4.226323780910937
1.0877299155708555,22.358808624501133,4.226323780910937
1.0877299155708555,22.889007373731967,4.226323780910937
1.0877299155708555,23.419206122962798,4.226323780910937
1.0877299155708555,23.949404872193632,4.226323780910937
1.0877299155708555,24.479603621424463,4.226323780910937
1.0877299155708555,25.009802370655297,4.226323780910937
1.0877299155708555,25.540001119886128,4.226323780910937
1.0877299155708555,26.070199869116962,4.226323780910937
1.0877299155708555,26.600398618347793,4.226323780910937
1.0877299155708555,27.130597367578627,4.226323780910937
1.0877299155708555,27.660796116809458,4.226323780910937
1.0877299155708555,28.190994866040292,4.226323780910937
1.0877299155708555,28.721193615271126,4.226323780910937
1.0877299155708555,29.251392364501957,4.226323780910937
0.24100214970263567,3.271653652191162,4.451321988548376
0.24100214970263567,3.8018524014219945,4.451321988548376
0.24100214970263567,4.332051150652827,4.451321988548376
0.24100214970263567,4.862249899883659,4.451321988548376
0.24100214970263567,5.392448649114492,4.451321988548376
0.24100214970263567,5.922647398345324,4.451321988548376
0.24100214970263567,6.452846147576158,4.451321988548376
0.25223012295966946,6.98304489680699,4.451321988548376
0.3461321568035449,7.5132436460378225,4.451321988548376
0.3461321568035449,8.043442395268656,4.451321988548376
0.3461321568035449,8.573641144499486,4.451321988548376
0.3461321568035449,9.10383989373032,4.451321988548376
0.4687892932320663,9.634038642961153,4.451321988548376
0.4687892932320663,10.164237392191986,4.451321988548376
0.4687892932320663,10.694436141422818,4.451321988548376
0.4687892932320663,11.22463489065365,4.451321988548376
0.4687892932320663,11.754833639884483,4.451321988548376
0.4687892932320663,12.285032389115315,4.451321988548376
0.4687892932320663,12.815231138346148,4.451321988548376
0.4687892932320663,13.34542988757698,4.451321988548376
0.4687892932320663,13.875628636807813,4.451321988548376
0.4687892932320663,14.405827386038645,4.451321988548376
0.4687892932320663,14.936026135269477,4.451321988548376
0.4687892932320663,15.46622488450031,4.451321988548376
0.4687892932320663,15.996423633731144,4.451321988548376
0.8301249957474026,16.526622382961975,4.451321988548376
0.8301249957474026,17.05682113219281,4.451321988548376
0.8301249957474026,17.587019881423643,4.451321988548376
0.8301249957474026,18.117218630654474,4.451321988548376
0.8608329969492381,18.647417379885304,4.451321988548376
0.8608329969492381,19.17761612911614,4.451321988548376
0.8608329969492381,19.70781487834697,4.451321988548376
0.8608329969492381,20.238013627577804,4.451321988548376
1.0877299155708555,20.768212376808638,4.451321988548376
1.0877299155708555,21.29841112603947,4.451321988548376
1.0877299155708555,21.828609875270303,4.451321988548376
1.0877299155708555,22.358808624501133,4.451321988548376
1.0877299155708555,22.889007373731967,4.451321988548376
1.0877299155708555,23.419206122962798,4.451321988548376
1.0877299155708555,23.949404872193632,4.451321988548376
1.0877299155708555,24.479603621424463,4.451321988548376
1.0877299155708555,25.009802370655297,4.451321988548376
1.0877299155708555,25.540001119886128,4.451321988548376
1.0877299155708555,26.070199869116962,4.451321988548376
1.0877299155708555,26.600398618347793,4.451321988548376
1.0877299155708555,27.130597367578627,4.451321988548376
1.0877299155708555,27.660796116809458,4.451321988548376
1.0877299155708555,28.190994866040292,4.451321988548376
1.0877299155708555,28.721193615271126,4.451321988548376
1.0877299155708555,29.251392364501957,4.451321988548376
0.24100214970263567,3.271653652191162,4.676320196185815
0.24100214970263567,3.8018524014219945,4.676320196185815
0.24100214970263567,4.332051150652827,4.676320196185815
0.24100214970263567,4.862249899883659,4.676320196185815
0.24100214970263567,5.392448649114492,4.676320196185815
0.24100214970263567,5.922647398345324,4.676320196185815
0.24100214970263567,6.452846147576158,4.676320196185815
0.25223012295966946,6.98304489680699,4.676320196185815
0.3461321568035449,7.5132436460378225,4.676320196185815
0.3461321568035449,8.043442395268656,4.676320196185815
0.3461321568035449,8.573641144499486,4.676320196185815
0.3461321568035449,9.10383989373032,4.676320196185815
0.4687892932320663,9.634038642961153,4.676320196185815
0.4687892932320663,10.164237392191986,4.676320196185815
0.4687892932320663,10.694436141422818,4.676320196185815
0.4687892932320663,11.22463489065365,4.676320196185815
0.4687892932320663,11.754833639884483,4.676320196185815
0.4687892932320663,12.285032389115315,4.676320196185815
0.4687892932320663,12.815231138346148,4.676320196185815
0.4687892932320663,13.34542988757698,4.676320196185815
0.4687892932320663,13.875628636807813,4.676320196185815
0.4687892932320663,14.405827386038645,4.676320196185815
0.4687892932320663,14.936026135269477,4.676320196185815
0.4687892932320663,15.46622488450031,4.676320196185815
0.4687892932320663,15.996423633731144,4.676320196185815
0.8301249957474026,16.526622382961975,4.676320196185815
0.8301249957474026,17.05682113219281,4.676320196185815
0.8301249957474026,17.587019881423643,4.676320196185815
0.8301249957474026,18.117218630654474,4.676320196185815
0.8608329969492381,18.647417379885304,4.676320196185815
0.8608329969492381,19.17761612911614,4.676320196185815
0.8608329969492381,19.70781487834697,4.676320196185815
0.8608329969492381,20.238013627577804,4.676320196185815
1.0877299155708555,20.768212376808638,4.676320196185815
1.0877299155708555,21.29841112603947,4.676320196185815
1.0877299155708555,21.828609875270303,4.676320196185815
1.0877299155708555,22.358808624501133,4.676320196185815
1.0877299155708555,22.889007373731967,4.676320196185815
1.0877299155708555,23.419206122962798,4.676320196185815
1.0877299155708555,23.949404872193632,4.676320196185815
1.0877299155708555,24.479603621424463,4.676320196185815
1.0877299155708555,25.009802370655297,4.676320196185815
1.0877299155708555,25.540001119886128,4.676320196185815
1.0877299155708555,26.070199869116962,4.676320196185815
1.0877299155708555,26.600398618347793,4.676320196185815
1.0877299155708555,27.130597367578627,4.676320196185815
1.0877299155708555,27.660796116809458,4.676320196185815
1.0877299155708555,28.190994866040292,4.676320196185815
1.0877299155708555,28.721193615271126,4.676320196185815
1.0877299155708555,29.251392364501957,4.676320196185815
0.24100214970263567,3.271653652191162,4.901318403823253
0.24100214970263567,3.8018524014219945,4.901318403823253
0.24100214970263567,4.332051150652827,4.901318403823253
0.24100214970263567,4.862249899883659,4.901318403823253
0.24100214970263567,5.392448649114492,4.901318403823253
0.24100214970263567,5.922647398345324,4.901318403823253
0.24100214970263567,6.452846147576158,4.901318403823253
0.25223012295966946,6.98304489680699,4.901318403823253
0.3461321568035449,7.5132436460378225,4.901318403823253
0.3461321568035449,8.043442395268656,4.901318403823253
0.3461321568035449,8.573641144499486,4.901318403823253
0.3461321568035449,9.10383989373032,4.901318403823253
0.4687892932320663,9.634038642961153,4.901318403823253
0.4687892932320663,10.164237392191986,4.901318403823253
0.4687892932320663,10.694436141422818,4.901318403823253
0.4687892932320663,11.22463489065365,4.901318403823253
0.4687892932320663,11.754833639884483,4.901318403823253
0.4687892932320663,12.285032389115315,4.901318403823253
0.4687892932320663,12.815231138346148,4.901318403823253
0.4687892932320663,13.34542988757698,4.901318403823253
0.4687892932320663,13.875628636807813,4.901318403823253
0.4687892932320663,14.405827386038645,4.901318403823253
0.4687892932320663,14.936026135269477,4.901318403823253
0.4687892932320663,15.46622488450031,4.901318403823253
0.4687892932320663,15.996423633731144,4.901318403823253
0.8301249957474026,16.526622382961975,4.901318403823253
0.8301249957474026,17.05682113219281,4.901318403823253
0.8301249957474026,17.587019881423643,4.901318403823253
0.8301249957474026,18.117218630654474,4.901318403823253
0.8608329969492381,18.647417379885304,4.901318403823253
0.8608329969492381,19.17761612911614,4.901318403823253
0.8608329969492381,19.70781487834697,4.901318403823253
0.8608329969492381,20.238013627577804,4.901318403823253
1.0877299155708555,20.768212376808638,4.901318403823253
1.0877299155708555,21.29841112603947,4.901318403823253
1.0877299155708555,21.828609875270303,4.901318403823253
1.0877299155708555,22.358808624501133,4.901318403823253
1.0877299155708555,22.889007373731967,4.901318403823253
1.0877299155708555,23.419206122962798,4.901318403823253
1.0877299155708555,23.949404872193632,4.901318403823253
1.0877299155708555,24.479603621424463,4.901318403823253
1.0877299155708555,25.009802370655297,4.901318403823253
1.0877299155708555,25.540001119886128,4.901318403823253
1.0877299155708555,26.070199869116962,4.901318403823253
1.0877299155708555,26.600398618347793,4.901318403823253
1.0877299155708555,27.130597367578627,4.901318403823253
1.0877299155708555,27.660796116809458,4.901318403823253
1.0877299155708555,28.190994866040292,4.901318403823253
1.0877299155708555,28.721193615271126,4.901318403823253
1.0877299155708555,29.251392364501957,4.901318403823253
0.23850044317156785,3.271653652191162,5.126316611460692
0.23850044317156785,3.8018524014219945,5.126316611460692
0.23850044317156785,4.332051150652827,5.126316611460692
0.23850044317156785,4.862249899883659,5.126316611460692
0.23850044317156785,5.392448649114492,5.126316611460692
0.23850044317156785,5.922647398345324,5.126316611460692
0.23850044317156785,6.452846147576158,5.126316611460692
0.24961186521085343,6.98304489680699,5.126316611460692
0.3425391553371412,7.5132436460378225,5.126316611460692
0.3425391553371412,8.043442395268656,5.126316611460692
0.3425391553371412,8.573641144499486,5.126316611460692
0.3425391553371412,9.10383989373032,5.126316611460692
0.46392305764860625,9.634038642961153,5.126316611460692
0.46392305764860625,10.164237392191986,5.126316611460692
0.46392305764860625,10.694436141422818,5.126316611460692
0.46392305764860625,11.22463489065365,5.126316611460692
0.46392305764860625,11.754833639884483,5.126316611460692
0.46392305764860625,12.285032389115315,5.126316611460692
0.46392305764860625,12.815231138346148,5.126316611460692
0.46392305764860625,13.34542988757698,5.126316611460692
0.46392305764860625,13.875628636807813,5.126316611460692
0.46392305764860625,14.405827386038645,5.126316611460692
0.46392305764860625,14.936026135269477,5.126316611460692
0.46392305764860625,15.46622488450031,5.126316611460692
0.46392305764860625,15.996423633731144,5.126316611460692
0.8215079393185437,16.526622382961975,5.126316611460692
0.8215079393185437,17.05682113219281,5.126316611460692
0.8215079393185437,17.587019881423643,5.126316611460692
0.8215079393185437,18.117218630654474,5.126316611460692
0.8518971781887674,18.647417379885304,5.126316611460692
0.8518971781887674,19.17761612911614,5.126316611460692
0.8518971781887674,19.70781487834697,5.126316611460692
0.8518971781887674,20.238013627577804,5.126316611460692
1.0764388086774979,20.768212376808638,5.126316611460692
1.0764388086774979,21.29841112603947,5.126316611460692
1.0764388086774979,21.828609875270303,5.126316611460692
1.0764388086774979,22.358808624501133,5.126316611460692
1.0764388086774979,22.889007373731967,5.126316611460692
1.0764388086774979,23.419206122962798,5.126316611460692
1.0764388086774979,23.949404872193632,5.126316611460692
1.0764388086774979,24.479603621424463,5.126316611460692
1.0764388086774979,25.009802370655297,5.126316611460692
1.0764388086774979,25.540001119886128,5.126316611460692
1.0764388086774979,26.070199869116962,5.126316611460692
1.0764388086774979,26.600398618347793,5.126316611460692
1.0764388086774979,27.130597367578627,5.126316611460692
1.0764388086774979,27.660796116809458,5.126316611460692
1.0764388086774979,28.190994866040292,5.126316611460692
1.0764388086774979,28.721193615271126,5.126316611460692
1.0764388086774979,29.251392364501957,5.126316611460692
0.23850044317156785,3.271653652191162,5.35131481909813
0.23850044317156785,3.8018524014219945,5.35131481909813
0.23850044317156785,4.332051150652827,5.35131481909813
0.23850044317156785,4.862249899883659,5.35131481909813
0.23850044317156785,5.392448649114492,5.35131481909813
0.23850044317156785,5.922647398345324,5.35131481909813
0.23850044317156785,6.452846147576158,5.35131481909813
0.24961186521085343,6.98304489680699,5.35131481909813
0.3425391553371412,7.5132436460378225,5.35131481909813
0.3425391553371412,8.043442395268656,5.35131481909813
0.3425391553371412,8.573641144499486,5.35131481909813
0.3425391553371412,9.10383989373032,5.35131481909813
0.46392305764860625,9.634038642961153,5.35131481909813
0.46392305764860625,10.164237392191986,5.35131481909813
0.46392305764860625,10.694436141422818,5.35131481909813
0.46392305764860625,11.22463489065365,5.35131481909813
0.46392305764860625,11.754833639884483,5.35131481909813
0.46392305764860625,12.285032389115315,5.35131481909813
0.46392305764860625,12.815231138346148,5.35131481909813
0.46392305764860625,13.34542988757698,5.35131481909813
0.46392305764860625,13.875628636807813,5.35131481909813
0.46392305764860625,14.405827386038645,5.35131481909813
0.46392305764860625,14.936026135269477,5.35131481909813
0.46392305764860625,15.46622488450031,5.35131481909813
0.46392305764860625,15.996423633731144,5.35131481909813
0.8215079393185437,16.526622382961975,5.35131481909813
0.8215079393185437,17.05682113219281,5.35131481909813
0.8215079393185437,17.587019881423643,5.35131481909813
0.8215079393185437,18.117218630654474,5.35131481909813
0.8518971781887674,18.647417379885304,5.35131481909813
0.8518971781887674,19.17761612911614,5.35131481909813
0.8518971781887674,19.70781487834697,5.35131481909813
0.8518971781887674,20.238013627577804,5.35131481909813
1.0764388086774979,20.768212376808638,5.35131481909813
1.0764388086774979,21.29841112603947,5.35131481909813
1.0764388086774979,21.828609875270303,5.35131481909813
1.0764388086774979,22.358808624501133,5.35131481909813
1.0764388086774979,22.889007373731967,5.35131481909813
1.0764388086774979,23.419206122962798,5.35131481909813
1.0764388086774979,23.949404872193632,5.35131481909813
1.0764388086774979,24.479603621424463,5.35131481909813
1.0764388086774979,25.009802370655297,5.35131481909813
1.0764388086774979,25.540001119886128,5.35131481909813
1.0764388086774979,26.070199869116962,5.35131481909813
1.0764388086774979,26.600398618347793,5.35131481909813
1.0764388086774979,27.130597367578627,5.35131481909813
1.0764388086774979,27.660796116809458,5.35131481909813
1.0764388086774979,28.190994866040292,5.35131481909813
1.0764388086774979,28.721193615271126,5.35131481909813
1.0764388086774979,29.251392364501957,5.35131481909813
0.23850044317156785,3.271653652191162,5.576313026735569
0.23850044317156785,3.8018524014219945,5.576313026735569
0.23850044317156785,4.332051150652827,5.576313026735569
0.23850044317156785,4.862249899883659,5.576313026735569
0.23850044317156785,5.392448649114492,5.576313026735569
0.23850044317156785,5.922647398345324,5.576313026735569
0.23850044317156785,6.452846147576158,5.576313026735569
0.24961186521085343,6.98304489680699,5.576313026735569
0.3425391553371412,7.5132436460378225,5.576313026735569
0.3425391553371412,8.043442395268656,5.576313026735569
0.3425391553371412,8.573641144499486,5.576313026735569
0.3425391553371412,9.10383989373032,5.576313026735569
0.46392305764860625,9.634038642961153,5.576313026735569
0.46392305764860625,10.164237392191986,5.576313026735569
0.46392305764860625,10.694436141422818,5.576313026735569
0.46392305764860625,11.22463489065365,5.576313026735569
0.46392305764860625,11.754833639884483,5.576313026735569
0.46392305764860625,12.285032389115315,5.576313026735569
0.46392305764860625,12.815231138346148,5.576313026735569
0.46392305764860625,13.34542988757698,5.576313026735569
0.46392305764860625,13.875628636807813,5.576313026735569
0.46392305764860625,14.405827386038645,5.576313026735569
0.46392305764860625,14.936026135269477,5.576313026735569
0.46392305764860625,15.46622488450031,5.576313026735569
0.46392305764860625,15.996423633731144,5.576313026735569
0.8215079393185437,16.526622382961975,5.576313026735569
0.8215079393185437,17.05682113219281,5.576313026735569
0.8215079393185437,17.587019881423643,5.576313026735569
0.8215079393185437,18.117218630654474,5.576313026735569
0.8518971781887674,18.647417379885304,5.576313026735569
0.8518971781887674,19.17761612911614,5.576313026735569
0.8518971781887674,19.70781487834697,5.576313026735569
0.8518971781887674,20.238013627577804,5.576313026735569
1.0764388086774979,20.768212376808638,5.576313026735569
1.0764388086774979,21.29841112603947,5.576313026735569
1.0764388086774979,21.828609875270303,5.576313026735569
1.0764388086774979,22.358808624501133,5.576313026735569
1.0764388086774979,22.889007373731967,5.576313026735569
1.0764388086774979,23.419206122962798,5.576313026735569
1.0764388086774979,23.949404872193632,5.576313026735569
1.0764388086774979,24.479603621424463,5.576313026735569
1.0764388086774979,25.009802370655297,5.576313026735569
1.0764388086774979,25.540001119886128,5.576313026735569
1.0764388086774979,26.070199869116962,5.576313026735569
1.0764388086774979,26.600398618347793,5.576313026735569
1.0764388086774979,27.130597367578627,5.576313026735569
1.0764388086774979,27.660796116809458,5.576313026735569
1.0764388086774979,28.190994866040292,5.576313026735569
1.0764388086774979,28.721193615271126,5.576313026735569
1.0764388086774979,29.251392364501957,5.576313026735569
0.23850044317156785,3.271653652191162,5.801311234373008
0.23850044317156785,3.8018524014219945,5.801311234373008
0.23850044317156785,4.332051150652827,5.801311234373008
0.23850044317156785,4.862249899883659,5.801311234373008
0.23850044317156785,5.392448649114492,5.801311234373008
0.23850044317156785,5.922647398345324,5.801311234373008
0.23850044317156785,6.452846147576158,5.801311234373008
0.24961186521085343,6.98304489680699,5.801311234373008
0.3425391553371412,7.5132436460378225,5.801311234373008
0.3425391553371412,8.043442395268656,5.801311234373008
0.3425391553371412,8.573641144499486,5.801311234373008
0.3425391553371412,9.10383989373032,5.801311234373008
0.46392305764860625,9.634038642961153,5.801311234373008
0.46392305764860625,10.164237392191986,5.801311234373008
0.46392305764860625,10.694436141422818,5.801311234373008
0.46392305764860625,11.22463489065365,5.801311234373008
0.46392305764860625,11.754833639884483,5.801311234373008
0.46392305764860625,12.285032389115315,5.801311234373008
0.46392305764860625,12.815231138346148,5.801311234373008
0.46392305764860625,13.34542988757698,5.801311234373008
0.46392305764860625,13.875628636807813,5.801311234373008
0.46392305764860625,14.405827386038645,5.801311234373008
0.46392305764860625,14.936026135269477,5.801311234373008
0.46392305764860625,15.46622488450031,5.801311234373008
0.46392305764860625,15.996423633731144,5.801311234373008
0.8215079393185437,16.526622382961975,5.801311234373008
0.8215079393185437,17.05682113219281,5.801311234373008
0.8215079393185437,17.587019881423643,5.801311234373008
0.8215079393185437,18.117218630654474,5.801311234373008
0.8518971781887674,18.647417379885304,5.801311234373008
0.8518971781887674,19.17761612911614,5.801311234373008
0.8518971781887674,19.70781487834697,5.801311234373008
0.8518971781887674,20.238013627577804,5.801311234373008
1.0764388086774979,20.768212376808638,5.801311234373008
1.0764388086774979,21.29841112603947,5.801311234373008
1.0764388086774979,21.828609875270303,5.801311234373008
1.0764388086774979,22.358808624501133,5.801311234373008
1.0764388086774979,22.889007373731967,5.801311234373008
1.0764388086774979,23.419206122962798,5.801311234373008
1.0764388086774979,23.949404872193632,5.801311234373008
1.0764388086774979,24.479603621424463,5.801311234373008
1.0764388086774979,25.009802370655297,5.801311234373008
1.0764388086774979,25.540001119886128,5.801311234373008
1.0764388086774979,26.070199869116962,5.801311234373008
1.0764388086774979,26.600398618347793,5.801311234373008
1.0764388086774979,27.130597367578627,5.801311234373008
1.0764388086774979,27.660796116809458,5.801311234373008
1.0764388086774979,28.190994866040292,5.801311234373008
1.0764388086774979,28.721193615271126,5.801311234373008
1.0764388086774979,29.251392364501957,5.801311234373008
0.23850044317156785,3.271653652191162,6.026309442010446
0.23850044317156785,3.8018524014219945,6.026309442010446
0.23850044317156785,4.332051150652827,6.026309442010446
0.23850044317156785,4.862249899883659,6.026309442010446
0.23850044317156785,5.392448649114492,6.026309442010446
0.23850044317156785,5.922647398345324,6.026309442010446
0.23850044317156785,6.452846147576158,6.026309442010446
0.24961186521085343,6.98304489680699,6.026309442010446
0.3425391553371412,7.5132436460378225,6.026309442010446
0.3425391553371412,8.043442395268656,6.026309442010446
0.3425391553371412,8.573641144499486,6.026309442010446
0.3425391553371412,9.10383989373032,6.026309442010446
0.46392305764860625,9.634038642961153,6.026309442010446
0.46392305764860625,10.164237392191986,6.026309442010446
0.46392305764860625,10.694436141422818,6.026309442010446
0.46392305764860625,11.22463489065365,6.026309442010446
0.46392305764860625,11.754833639884483,6.026309442010446
0.46392305764860625,12.285032389115315,6.026309442010446
0.46392305764860625,12.815231138346148,6.026309442010446
0.46392305764860625,13.34542988757698,6.026309442010446
0.46392305764860625,13.875628636807813,6.026309442010446
0.46392305764860625,14.405827386038645,6.026309442010446
0.46392305764860625,14.936026135269477,6.026309442010446
0.46392305764860625,15.46622488450031,6.026309442010446
0.46392305764860625,15.996423633731144,6.026309442010446
0.8215079393185437,16.526622382961975,6.026309442010446
0.8215079393185437,17.05682113219281,6.026309442010446
0.8215079393185437,17.587019881423643,6.026309442010446
0.8215079393185437,18.117218630654474,6.026309442010446
0.8518971781887674,18.647417379885304,6.026309442010446
0.8518971781887674,19.17761612911614,6.026309442010446
0.8518971781887674,19.70781487834697,6.026309442010446
0.8518971781887674,20.238013627577804,6.026309442010446
1.0764388086774979,20.768212376808638,6.026309442010446
1.0764388086774979,21.29841112603947,6.026309442010446
1.0764388086774979,21.828609875270303,6.026309442010446
1.0764388086774979,22.358808624501133,6.026309442010446
1.0764388086774979,22.889007373731967,6.026309442010446
1.0764388086774979,23.419206122962798,6.026309442010446
1.0764388086774979,23.949404872193632,6.026309442010446
1.0764388086774979,24.479603621424463,6.026309442010446
1.0764388086774979,25.009802370655297,6.026309442010446
1.0764388086774979,25.540001119886128,6.026309442010446
1.0764388086774979,26.070199869116962,6.026309442010446
1.0764388086774979,26.600398618347793,6.026309442010446
1.0764388086774979,27.130597367578627,6.026309442010446
1.0764388086774979,27.660796116809458,6.026309442010446
1.0764388086774979,28.190994866040292,6.026309442010446
1.0764388086774979,28.721193615271126,6.026309442010446
1.0764388086774979,29.251392364501957,6.026309442010446
0.23850044317156785,3.271653652191162,6.251307649647885
0.23850044317156785,3.8018524014219945,6.251307649647885
0.23850044317156785,4.332051150652827,6.251307649647885
0.23850044317156785,4.862249899883659,6.251307649647885
0.23850044317156785,5.392448649114492,6.251307649647885
0.23850044317156785,5.922647398345324,6.251307649647885
0.23850044317156785,6.452846147576158,6.251307649647885
0.24961186521085343,6.98304489680699,6.251307649647885
0.3425391553371412,7.5132436460378225,6.251307649647885
0.3425391553371412,8.043442395268656,6.251307649647885
0.3425391553371412,8.573641144499486,6.251307649647885
0.3425391553371412,9.10383989373032,6.251307649647885
0.46392305764860625,9.634038642961153,6.251307649647885
0.46392305764860625,10.164237392191986,6.251307649647885
0.46392305764860625,10.694436141422818,6.251307649647885
0.46392305764860625,11.22463489065365,6.251307649647885
0.46392305764860625,11.754833639884483,6.251307649647885
0.46392305764860625,12.285032389115315,6.251307649647885
0.46392305764860625,12.815231138346148,6.251307649647885
0.46392305764860625,13.34542988757698,6.251307649647885
0.46392305764860625,13.875628636807813,6.251307649647885
0.46392305764860625,14.405827386038645,6.251307649647885
0.46392305764860625,14.936026135269477,6.251307649647885
0.46392305764860625,15.46622488450031,6.251307649647885
0.46392305764860625,15.996423633731144,6.251307649647885
0.8215079393185437,16.526622382961975,6.251307649647885
0.8215079393185437,17.05682113219281,6.251307649647885
0.8215079393185437,17.587019881423643,6.251307649647885
0.8215079393185437,18.117218630654474,6.251307649647885
0.8518971781887674,18.647417379885304,6.251307649647885
0.8518971781887674,19.17761612911614,6.251307649647885
0.8518971781887674,19.70781487834697,6.251307649647885
0.8518971781887674,20.238013627577804,6.251307649647885
1.0764388086774979,20.768212376808638,6.251307649647885
1.0764388086774979,21.29841112603947,6.251307649647885
1.0764388086774979,21.828609875270303,6.251307649647885
1.0764388086774979,22.358808624501133,6.251307649647885
1.0764388086774979,22.889007373731967,6.251307649647885
1.0764388086774979,23.419206122962798,6.251307649647885
1.0764388086774979,23.949404872193632,6.251307649647885
1.0764388086774979,24.479603621424463,6.251307649647885
1.0764388086774979,25.009802370655297,6.251307649647885
1.0764388086774979,25.540001119886128,6.251307649647885
1.0764388086774979,26.070199869116962,6.251307649647885
1.0764388086774979,26.600398618347793,6.251307649647885
1.0764388086774979,27.130597367578627,6.251307649647885
1.0764388086774979,27.660796116809458,6.251307649647885
1.0764388086774979,28.190994866040292,6.251307649647885
1.0764388086774979,28.721193615271126,6.251307649647885
1.0764388086774979,29.251392364501957,6.251307649647885
0.24197655090795286,3.271653652191162,6.476305857285324
0.24197655090795286,3.8018524014219945,6.476305857285324
0.24197655090795286,4.332051150652827,6.476305857285324
0.24197655090795286,4.862249899883659,6.476305857285324
0.24197655090795286,5.392448649114492,6.476305857285324
0.24197655090795286,5.922647398345324,6.476305857285324
0.24197655090795286,6.452846147576158,6.476305857285324
0.25324992023588655,6.98304489680699,6.476305857285324
0.3475316115022045,7.5132436460378225,6.476305857285324
0.3475316115022045,8.043442395268656,6.476305857285324
0.3475316115022045,8.573641144499486,6.476305857285324
0.3475316115022045,9.10383989373032,6.476305857285324
0.4721080541286461,9.634038642961153,6.476305857285324
0.4721080541286461,10.164237392191986,6.476305857285324
0.4721080541286461,10.694436141422818,6.476305857285324
0.4721080541286461,11.22463489065365,6.476305857285324
0.4721080541286461,11.754833639884483,6.476305857285324
0.4721080541286461,12.285032389115315,6.476305857285324
0.4721080541286461,12.815231138346148,6.476305857285324
0.4721080541286461,13.34542988757698,6.476305857285324
0.4721080541286461,13.875628636807813,6.476305857285324
0.4721080541286461,14.405827386038645,6.476305857285324
0.4721080541286461,14.936026135269477,6.476305857285324
0.4721080541286461,15.46622488450031,6.476305857285324
0.4721080541286461,15.996423633731144,6.476305857285324
0.8504159184175918,16.526622382961975,6.476305857285324
0.8504159184175918,17.05682113219281,6.476305857285324
0.8504159184175918,17.587019881423643,6.476305857285324
0.8504159184175918,18.117218630654474,6.476305857285324
0.8902015651552838,18.647417379885304,6.476305857285324
0.8902015651552838,19.17761612911614,6.476305857285324
0.8902015651552838,19.70781487834697,6.476305857285324
0.8902015651552838,20.238013627577804,6.476305857285324
1.235092685757522,20.768212376808638,6.476305857285324
1.235092685757522,21.29841112603947,6.476305857285324
1.235092685757522,21.828609875270303,6.476305857285324
1.235092685757522,22.358808624501133,6.476305857285324
1.235092685757522,22.889007373731967,6.476305857285324
1.235092685757522,23.419206122962798,6.476305857285324
1.235092685757522,23.949404872193632,6.476305857285324
1.235092685757522,24.479603621424463,6.476305857285324
1.235092685757522,25.009802370655297,6.476305857285324
1.235092685757522,25.540001119886128,6.476305857285324
1.235092685757522,26.070199869116962,6.476305857285324
1.235092685757522,26.600398618347793,6.476305857285324
1.235092685757522,27.130597367578627,6.476305857285324
1.235092685757522,27.660796116809458,6.476305857285324
1.235092685757522,28.190994866040292,6.476305857285324
1.235092685757522,28.721193615271126,6.476305857285324
1.235092685757522,29.251392364501957,6.476305857285324
0.24197655090795286,3.271653652191162,6.701304064922763
0.24197655090795286,3.8018524014219945,6.701304064922763
0.24197655090795286,4.332051150652827,6.701304064922763
0.24197655090795286,4.862249899883659,6.701304064922763
0.24197655090795286,5.392448649114492,6.701304064922763
0.24197655090795286,5.922647398345324,6.701304064922763
0.24197655090795286,6.452846147576158,6.701304064922763
0.25324992023588655,6.98304489680699,6.701304064922763
0.3475316115022045,7.5132436460378225,6.701304064922763
0.3475316115022045,8.043442395268656,6.701304064922763
0.3475316115022045,8.573641144499486,6.701304064922763
0.3475316115022045,9.10383989373032,6.701304064922763
0.4721080541286461,9.634038642961153,6.701304064922763
0.4721080541286461,10.164237392191986,6.701304064922763
0.4721080541286461,10.694436141422818,6.701304064922763
0.4721080541286461,11.22463489065365,6.701304064922763
0.4721080541286461,11.754833639884483,6.701304064922763
0.4721080541286461,12.285032389115315,6.701304064922763
0.4721080541286461,12.815231138346148,6.701304064922763
0.4721080541286461,13.34542988757698,6.701304064922763
0.4721080541286461,13.875628636807813,6.701304064922763
0.4721080541286461,14.405827386038645,6.701304064922763
0.4721080541286461,14.936026135269477,6.701304064922763
0.4721080541286461,15.46622488450031,6.701304064922763
0.4721080541286461,15.996423633731144,6.701304064922763
0.8504159184175918,16.526622382961975,6.701304064922763
0.8504159184175918,17.05682113219281,6.701304064922763
0.8504159184175918,17.587019881423643,6.701304064922763
0.8504159184175918,18.117218630654474,6.701304064922763
0.8902015651552838,18.647417379885304,6.701304064922763
0.8902015651552838,19.17761612911614,6.701304064922763
0.8902015651552838,19.70781487834697,6.701304064922763
0.8902015651552838,20.238013627577804,6.701304064922763
1.235092685757522,20.768212376808638,6.701304064922763
1.235092685757522,21.29841112603947,6.701304064922763
1.235092685757522,21.828609875270303,6.701304064922763
1.235092685757522,22.358808624501133,6.701304064922763
1.235092685757522,22.889007373731967,6.701304064922763
1.235092685757522,23.419206122962798,6.701304064922763
1.235092685757522,23.949404872193632,6.701304064922763
1.235092685757522,24.479603621424463,6.701304064922763
1.235092685757522,25.009802370655297,6.701304064922763
1.235092685757522,25.540001119886128,6.701304064922763
1.235092685757522,26.070199869116962,6.701304064922763
1.235092685757522,26.600398618347793,6.701304064922763
1.235092685757522,27.130597367578627,6.701304064922763
1.235092685757522,27.660796116809458,6.701304064922763
1.235092685757522,28.190994866040292,6.701304064922763
1.235092685757522,28.721193615271126,6.701304064922763
1.235092685757522,29.251392364501957,6.701304064922763
0.24197655090795286,3.271653652191162,6.926302272560202
0.24197655090795286,3.8018524014219945,6.926302272560202
0.24197655090795286,4.332051150652827,6.926302272560202
0.24197655090795286,4.862249899883659,6.926302272560202
0.24197655090795286,5.392448649114492,6.926302272560202
0.24197655090795286,5.922647398345324,6.926302272560202
0.24197655090795286,6.452846147576158,6.926302272560202
0.25324992023588655,6.98304489680699,6.926302272560202
0.3475316115022045,7.5132436460378225,6.926302272560202
0.3475316115022045,8.043442395268656,6.926302272560202
0.3475316115022045,8.573641144499486,6.926302272560202
0.3475316115022045,9.10383989373032,6.926302272560202
0.4721080541286461,9.634038642961153,6.926302272560202
0.4721080541286461,10.164237392191986,6.926302272560202
0.4721080541286461,10.694436141422818,6.926302272560202
0.4721080541286461,11.22463489065365,6.926302272560202
0.4721080541286461,11.754833639884483,6.926302272560202
0.4721080541286461,12.285032389115315,6.926302272560202
0.4721080541286461,12.815231138346148,6.926302272560202
0.4721080541286461,13.34542988757698,6.926302272560202
0.4721080541286461,13.875628636807813,6.926302272560202
0.4721080541286461,14.405827386038645,6.926302272560202
0.4721080541286461,14.936026135269477,6.926302272560202
0.4721080541286461,15.46622488450031,6.926302272560202
0.4721080541286461,15.996423633731144,6.926302272560202
0.8504159184175918,16.526622382961975,6.926302272560202
0.8504159184175918,17.05682113219281,6.926302272560202
0.8504159184175918,17.587019881423643,6.926302272560202
0.8504159184175918,18.117218630654474,6.926302272560202
0.8902015651552838,18.647417379885304,6.926302272560202
0.8902015651552838,19.17761612911614,6.926302272560202
0.8902015651552838,19.70781487834697,6.926302272560202
0.8902015651552838,20.238013627577804,6.926302272560202
1.235092685757522,20.768212376808638,6.926302272560202
1.235092685757522,21.29841112603947,6.926302272560202
1.235092685757522,21.828609875270303,6.926302272560202
1.235092685757522,22.358808624501133,6.926302272560202
1.235092685757522,22.889007373731967,6.926302272560202
1.235092685757522,23.419206122962798,6.926302272560202
1.235092685757522,23.949404872193632,6.926302272560202
1.235092685757522,24.479603621424463,6.926302272560202
1.235092685757522,25.009802370655297,6.926302272560202
1.235092685757522,25.540001119886128,6.926302272560202
1.235092685757522,26.070199869116962,6.926302272560202
1.235092685757522,26.600398618347793,6.926302272560202
1.235092685757522,27.130597367578627,6.926302272560202
1.235092685757522,27.660796116809458,6.926302272560202
1.235092685757522,28.190994866040292,6.926302272560202
1.235092685757522,28.721193615271126,6.926302272560202
1.235092685757522,29.251392364501957,6.926302272560202
0.24197655090795286,3.271653652191162,7.15130048019764
0.24197655090795286,3.8018524014219945,7.15130048019764
0.24197655090795286,4.332051150652827,7.15130048019764
0.24197655090795286,4.862249899883659,7.15130048019764
0.24197655090795286,5.392448649114492,7.15130048019764
0.24197655090795286,5.922647398345324,7.15130048019764
0.24197655090795286,6.452846147576158,7.15130048019764
0.25324992023588655,6.98304489680699,7.15130048019764
0.3475316115022045,7.5132436460378225,7.15130048019764
0.3475316115022045,8.043442395268656,7.15130048019764
0.3475316115022045,8.573641144499486,7.15130048019764
0.3475316115022045,9.10383989373032,7.15130048019764
0.4721080541286461,9.634038642961153,7.15130048019764
0.4721080541286461,10.164237392191986,7.15130048019764
0.4721080541286461,10.694436141422818,7.15130048019764
0.4721080541286461,11.22463489065365,7.15130048019764
0.4721080541286461,11.754833639884483,7.15130048019764
0.4721080541286461,12.285032389115315,7.15130048019764
0.4721080541286461,12.815231138346148,7.15130048019764
0.4721080541286461,13.34542988757698,7.15130048019764
0.4721080541286461,13.875628636807813,7.15130048019764
0.4721080541286461,14.405827386038645,7.15130048019764
0.4721080541286461,14.936026135269477,7.15130048019764
0.4721080541286461,15.46622488450031,7.15130048019764
0.4721080541286461,15.996423633731144,7.15130048019764
0.8504159184175918,16.526622382961975,7.15130048019764
0.8504159184175918,17.05682113219281,7.15130048019764
0.8504159184175918,17.587019881423643,7.15130048019764
0.8504159184175918,18.117218630654474,7.15130048019764
0.8902015651552838,18.647417379885304,7.15130048019764
0.8902015651552838,19.17761612911614,7.15130048019764
0.8902015651552838,19.70781487834697,7.15130048019764
0.8902015651552838,20.238013627577804,7.15130048019764
1.235092685757522,20.768212376808638,7.15130048019764
1.235092685757522,21.29841112603947,7.15130048019764
1.235092685757522,21.828609875270303,7.15130048019764
1.235092685757522,22.358808624501133,7.15130048019764
1.235092685757522,22.889007373731967,7.15130048019764
1.235092685757522,23.419206122962798,7.15130048019764
1.235092685757522,23.949404872193632,7.15130048019764
1.235092685757522,24.479603621424463,7.15130048019764
1.235092685757522,25.009802370655297,7.15130048019764
1.235092685757522,25.540001119886128,7.15130048019764
1.235092685757522,26.070199869116962,7.15130048019764
1.235092685757522,26.600398618347793,7.15130048019764
1.235092685757522,27.130597367578627,7.15130048019764
1.235092685757522,27.660796116809458,7.15130048019764
1.235092685757522,28.190994866040292,7.15130048019764
1.235092685757522,28.721193615271126,7.15130048019764
1.235092685757522,29.251392364501957,7.15130048019764
0.24197655090795286,3.271653652191162,7.376298687835079
0.24197655090795286,3.8018524014219945,7.376298687835079
0.24197655090795286,4.332051150652827,7.376298687835079
0.24197655090795286,4.862249899883659,7.376298687835079
0.24197655090795286,5.392448649114492,7.376298687835079
0.24197655090795286,5.922647398345324,7.376298687835079
0.24197655090795286,6.452846147576158,7.376298687835079
0.25324992023588655,6.98304489680699,7.376298687835079
0.3475316115022045,7.5132436460378225,7.376298687835079
0.3475316115022045,8.043442395268656,7.376298687835079
0.3475316115022045,8.573641144499486,7.376298687835079
0.3475316115022045,9.10383989373032,7.376298687835079
0.4721080541286461,9.634038642961153,7.376298687835079
0.4721080541286461,10.164237392191986,7.376298687835079
0.4721080541286461,10.694436141422818,7.376298687835079
0.4721080541286461,11.22463489065365,7.376298687835079
0.4721080541286461,11.754833639884483,7.376298687835079
0.4721080541286461,12.285032389115315,7.376298687835079
0.4721080541286461,12.815231138346148,7.376298687835079
0.4721080541286461,13.34542988757698,7.376298687835079
0.4721080541286461,13.875628636807813,7.376298687835079
0.4721080541286461,14.405827386038645,7.376298687835079
0.4721080541286461,14.936026135269477,7.376298687835079
0.4721080541286461,15.46622488450031,7.376298687835079
0.4721080541286461,15.996423633731144,7.376298687835079
0.8504159184175918,16.526622382961975,7.376298687835079
0.8504159184175918,17.05682113219281,7.376298687835079
0.8504159184175918,17.587019881423643,7.376298687835079
0.8504159184175918,18.117218630654474,7.376298687835079
0.8902015651552838,18.647417379885304,7.376298687835079
0.8902015651552838,19.17761612911614,7.376298687835079
0.8902015651552838,19.70781487834697,7.376298687835079
0.8902015651552838,20.238013627577804,7.376298687835079
1.235092685757522,20.768212376808638,7.376298687835079
1.235092685757522,21.29841112603947,7.376298687835079
1.235092685757522,21.828609875270303,7.376298687835079
1.235092685757522,22.358808624501133,7.376298687835079
1.235092685757522,22.889007373731967,7.376298687835079
1.235092685757522,23.419206122962798,7.376298687835079
1.235092685757522,23.949404872193632,7.376298687835079
1.235092685757522,24.479603621424463,7.376298687835079
1.235092685757522,25.009802370655297,7.376298687835079
1.235092685757522,25.540001119886128,7.376298687835079
1.235092685757522,26.070199869116962,7.376298687835079
1.235092685757522,26.600398618347793,7.376298687835079
1.235092685757522,27.130597367578627,7.376298687835079
1.235092685757522,27.660796116809458,7.376298687835079
1.235092685757522,28.190994866040292,7.376298687835079
1.235092685757522,28.721193615271126,7.376298687835079
1.235092685757522,29.251392364501957,7.376298687835079
0.24197655090795286,3.271653652191162,7.601296895472518
0.24197655090795286,3.8018524014219945,7.601296895472518
0.24197655090795286,4.332051150652827,7.601296895472518
0.24197655090795286,4.862249899883659,7.601296895472518
0.24197655090795286,5.392448649114492,7.601296895472518
0.24197655090795286,5.922647398345324,7.601296895472518
0.24197655090795286,6.452846147576158,7.601296895472518
0.25324992023588655,6.98304489680699,7.601296895472518
0.3475316115022045,7.5132436460378225,7.601296895472518
0.3475316115022045,8.043442395268656,7.601296895472518
0.3475316115022045,8.573641144499486,7.601296895472518
0.3475316115022045,9.10383989373032,7.601296895472518
0.4721080541286461,9.634038642961153,7.601296895472518
0.4721080541286461,10.164237392191986,7.601296895472518
0.4721080541286461,10.694436141422818,7.601296895472518
0.4721080541286461,11.22463489065365,7.601296895472518
0.4721080541286461,11.754833639884483,7.601296895472518
0.4721080541286461,12.285032389115315,7.601296895472518
0.4721080541286461,12.815231138346148,7.601296895472518
0.4721080541286461,13.34542988757698,7.601296895472518
0.4721080541286461,13.875628636807813,7.601296895472518
0.4721080541286461,14.405827386038645,7.601296895472518
0.4721080541286461,14.936026135269477,7.601296895472518
0.4721080541286461,15.46622488450031,7.601296895472518
0.4721080541286461,15.996423633731144,7.601296895472518
0.8504159184175918,16.526622382961975,7.601296895472518
0.8504159184175918,17.05682113219281,7.601296895472518
0.8504159184175918,17.587019881423643,7.601296895472518
0.8504159184175918,18.117218630654474,7.601296895472518
0.8902015651552838,18.647417379885304,7.601296895472518
0.8902015651552838,19.17761612911614,7.601296895472518
0.8902015651552838,19.70781487834697,7.601296895472518
0.8902015651552838,20.238013627577804,7.601296895472518
1.235092685757522,20.768212376808638,7.601296895472518
1.235092685757522,21.29841112603947,7.601296895472518
1.235092685757522,21.828609875270303,7.601296895472518
1.235092685757522,22.358808624501133,7.601296895472518
1.235092685757522,22.889007373731967,7.601296895472518
1.235092685757522,23.419206122962798,7.601296895472518
1.235092685757522,23.949404872193632,7.601296895472518
1.235092685757522,24.479603621424463,7.601296895472518
1.235092685757522,25.009802370655297,7.601296895472518
1.235092685757522,25.540001119886128,7.601296895472518
1.235092685757522,26.070199869116962,7.601296895472518
1.235092685757522,26.600398618347793,7.601296895472518
1.235092685757522,27.130597367578627,7.601296895472518
1.235092685757522,27.660796116809458,7.601296895472518
1.235092685757522,28.190994866040292,7.601296895472518
1.235092685757522,28.721193615271126,7.601296895472518
1.235092685757522,29.251392364501957,7.601296895472518
0.24197655090795286,3.271653652191162,7.826295103109956
0.24197655090795286,3.8018524014219945,7.826295103109956
0.24197655090795286,4.332051150652827,7.826295103109956
0.24197655090795286,4.862249899883659,7.826295103109956
0.24197655090795286,5.392448649114492,7.826295103109956
0.24197655090795286,5.922647398345324,7.826295103109956
0.24197655090795286,6.452846147576158,7.826295103109956
0.25324992023588655,6.98304489680699,7.826295103109956
0.3475316115022045,7.5132436460378225,7.826295103109956
0.3475316115022045,8.043442395268656,7.826295103109956
0.3475316115022045,8.573641144499486,7.826295103109956
0.3475316115022045,9.10383989373032,7.826295103109956
0.4721080541286461,9.634038642961153,7.826295103109956
0.4721080541286461,10.164237392191986,7.826295103109956
0.4721080541286461,10.694436141422818,7.826295103109956
0.4721080541286461,11.22463489065365,7.826295103109956
0.4721080541286461,11.754833639884483,7.826295103109956
0.4721080541286461,12.285032389115315,7.826295103109956
0.4721080541286461,12.815231138346148,7.826295103109956
0.4721080541286461,13.34542988757698,7.826295103109956
0.4721080541286461,13.875628636807813,7.826295103109956
0.4721080541286461,14.405827386038645,7.826295103109956
0.4721080541286461,14.936026135269477,7.826295103109956
0.4721080541286461,15.46622488450031,7.826295103109956
0.4721080541286461,15.996423633731144,7.826295103109956
0.8504159184175918,16.526622382961975,7.826295103109956
0.8504159184175918,17.05682113219281,7.826295103109956
0.8504159184175918,17.587019881423643,7.826295103109956
0.8504159184175918,18.117218630654474,7.826295103109956
0.8902015651552838,18.647417379885304,7.826295103109956
0.8902015651552838,19.17761612911614,7.826295103109956
0.8902015651552838,19.70781487834697,7.826295103109956
0.8902015651552838,20.238013627577804,7.826295103109956
1.235092685757522,20.768212376808638,7.826295103109956
1.235092685757522,21.29841112603947,7.826295103109956
1.235092685757522,21.828609875270303,7.826295103109956
1.235092685757522,22.358808624501133,7.826295103109956
1.235092685757522,22.889007373731967,7.826295103109956
1.235092685757522,23.419206122962798,7.826295103109956
1.235092685757522,23.949404872193632,7.826295103109956
1.235092685757522,24.479603621424463,7.826295103109956
1.235092685757522,25.009802370655297,7.826295103109956
1.235092685757522,25.540001119886128,7.826295103109956
1.235092685757522,26.070199869116962,7.826295103109956
1.235092685757522,26.600398618347793,7.826295103109956
1.235092685757522,27.130597367578627,7.826295103109956
1.235092685757522,27.660796116809458,7.826295103109956
1.235092685757522,28.190994866040292,7.826295103109956
1.235092685757522,28.721193615271126,7.826295103109956
1.235092685757522,29.251392364501957,7.826295103109956
0.2973856655147896,3.271653652191162,8.051293310747395
0.2973856655147896,3.8018524014219945,8.051293310747395
0.2973856655147896,4.332051150652827,8.051293310747395
0.2973856655147896,4.862249899883659,8.051293310747395
0.2973856655147896,5.392448649114492,8.051293310747395
0.2973856655147896,5.922647398345324,8.051293310747395
0.2973856655147896,6.452846147576158,8.051293310747395
0.31124047263391774,6.98304489680699,8.051293310747395
0.4271113014307108,7.5132436460378225,8.051293310747395
0.4271113014307108,8.043442395268656,8.051293310747395
0.4271113014307108,8.573641144499486,8.051293310747395
0.4271113014307108,9.10383989373032,8.051293310747395
0.5807678606648968,9.634038642961153,8.051293310747395
0.5807678606648968,10.164237392191986,8.051293310747395
0.5807678606648968,10.694436141422818,8.051293310747395
0.5807678606648968,11.22463489065365,8.051293310747395
0.5807678606648968,11.754833639884483,8.051293310747395
0.5807678606648968,12.285032389115315,8.051293310747395
0.5807678606648968,12.815231138346148,8.051293310747395
0.5807678606648968,13.34542988757698,8.051293310747395
0.5807678606648968,13.875628636807813,8.051293310747395
0.5807678606648968,14.405827386038645,8.051293310747395
0.5807678606648968,14.936026135269477,8.051293310747395
0.5807678606648968,15.46622488450031,8.051293310747395
0.5807678606648968,15.996423633731144,8.051293310747395
1.052058435764787,16.526622382961975,8.051293310747395
1.052058435764787,17.05682113219281,8.051293310747395
1.052058435764787,17.587019881423643,8.051293310747395
1.052058435764787,18.117218630654474,8.051293310747395
1.1048678659823232,18.647417379885304,8.051293310747395
1.1048678659823232,19.17761612911614,8.051293310747395
1.1048678659823232,19.70781487834697,8.051293310747395
1.1048678659823232,20.238013627577804,8.051293310747395
1.5884366170227737,20.768212376808638,8.051293310747395
1.5884366170227737,21.29841112603947,8.051293310747395
1.5884366170227737,21.828609875270303,8.051293310747395
1.5884366170227737,22.358808624501133,8.051293310747395
1.5884366170227737,22.889007373731967,8.051293310747395
1.5884366170227737,23.419206122962798,8.051293310747395
1.5884366170227737,23.949404872193632,8.051293310747395
1.5884366170227737,24.479603621424463,8.051293310747395
1.5884366170227737,25.009802370655297,8.051293310747395
1.5884366170227737,25.540001119886128,8.051293310747395
1.5884366170227737,26.070199869116962,8.051293310747395
1.5884366170227737,26.600398618347793,8.051293310747395
1.5884366170227737,27.130597367578627,8.051293310747395
1.5884366170227737,27.660796116809458,8.051293310747395
1.5884366170227737,28.190994866040292,8.051293310747395
1.5884366170227737,28.721193615271126,8.051293310747395
1.5884366170227737,29.251392364501957,8.051293310747395
0.2973856655147896,3.271653652191162,8.276291518384834
0.2973856655147896,3.8018524014219945,8.276291518384834
0.2973856655147896,4.332051150652827,8.276291518384834
0.2973856655147896,4.862249899883659,8.276291518384834
0.2973856655147896,5.392448649114492,8.276291518384834
0.2973856655147896,5.922647398345324,8.276291518384834
0.2973856655147896,6.452846147576158,8.276291518384834
0.31124047263391774,6.98304489680699,8.276291518384834
0.4271113014307108,7.5132436460378225,8.276291518384834
0.4271113014307108,8.043442395268656,8.276291518384834
0.4271113014307108,8.573641144499486,8.276291518384834
0.4271113014307108,9.10383989373032,8.276291518384834
0.5807678606648968,9.634038642961153,8.276291518384834
0.5807678606648968,10.164237392191986,8.276291518384834
0.5807678606648968,10.694436141422818,8.276291518384834
0.5807678606648968,11.22463489065365,8.276291518384834
0.5807678606648968,11.754833639884483,8.276291518384834
0.5807678606648968,12.285032389115315,8.276291518384834
0.5807678606648968,12.815231138346148,8.276291518384834
0.5807678606648968,13.34542988757698,8.276291518384834
0.5807678606648968,13.875628636807813,8.276291518384834
0.5807678606648968,14.405827386038645,8.276291518384834
0.5807678606648968,14.936026135269477,8.276291518384834
0.5807678606648968,15.46622488450031,8.276291518384834
0.5807678606648968,15.996423633731144,8.276291518384834
1.052058435764787,16.526622382961975,8.276291518384834
1.052058435764787,17.05682113219281,8.276291518384834
1.052058435764787,17.587019881423643,8.276291518384834
1.052058435764787,18.117218630654474,8.276291518384834
1.1048678659823232,18.647417379885304,8.276291518384834
1.1048678659823232,19.17761612911614,8.276291518384834
1.1048678659823232,19.70781487834697,8.276291518384834
1.1048678659823232,20.238013627577804,8.276291518384834
1.5884366170227737,20.768212376808638,8.276291518384834
1.5884366170227737,21.29841112603947,8.276291518384834
1.5884366170227737,21.828609875270303,8.276291518384834
1.5884366170227737,22.358808624501133,8.276291518384834
1.5884366170227737,22.889007373731967,8.276291518384834
1.5884366170227737,23.419206122962798,8.276291518384834
1.5884366170227737,23.949404872193632,8.276291518384834
1.5884366170227737,24.479603621424463,8.276291518384834
1.5884366170227737,25.009802370655297,8.276291518384834
1.5884366170227737,25.540001119886128,8.276291518384834
1.5884366170227737,26.070199869116962,8.276291518384834
1.5884366170227737,26.600398618347793,8.276291518384834
1.5884366170227737,27.130597367578627,8.276291518384834
1.5884366170227737,27.660796116809458,8.276291518384834
1.5884366170227737,28.190994866040292,8.276291518384834
1.5884366170227737,28.721193615271126,8.276291518384834
1.5884366170227737,29.251392364501957,8.276291518384834
0.2973856655147896,3.271653652191162,8.501289726022272
0.2973856655147896,3.8018524014219945,8.501289726022272
0.2973856655147896,4.332051150652827,8.501289726022272
0.2973856655147896,4.862249899883659,8.501289726022272
0.2973856655147896,5.392448649114492,8.501289726022272
0.2973856655147896,5.922647398345324,8.501289726022272
0.2973856655147896,6.452846147576158,8.501289726022272
0.31124047263391774,6.98304489680699,8.501289726022272
0.4271113014307108,7.5132436460378225,8.501289726022272
0.4271113014307108,8.043442395268656,8.501289726022272
0.4271113014307108,8.573641144499486,8.501289726022272
0.4271113014307108,9.10383989373032,8.501289726022272
0.5807678606648968,9.634038642961153,8.501289726022272
0.5807678606648968,10.164237392191986,8.501289726022272
0.5807678606648968,10.694436141422818,8.501289726022272
0.5807678606648968,11.22463489065365,8.501289726022272
0.5807678606648968,11.754833639884483,8.501289726022272
0.5807678606648968,12.285032389115315,8.501289726022272
0.5807678606648968,12.815231138346148,8.501289726022272
0.5807678606648968,13.34542988757698,8.501289726022272
0.5807678606648968,13.875628636807813,8.501289726022272
0.5807678606648968,14.405827386038645,8.501289726022272
0.5807678606648968,14.936026135269477,8.501289726022272
0.5807678606648968,15.46622488450031,8.501289726022272
0.5807678606648968,15.996423633731144,8.501289726022272
1.052058435764787,16.526622382961975,8.501289726022272
1.052058435764787,17.05682113219281,8.501289726022272
1.052058435764787,17.587019881423643,8.501289726022272
1.052058435764787,18.117218630654474,8.501289726022272
1.1048678659823232,18.647417379885304,8.501289726022272
1.1048678659823232,19.17761612911614,8.501289726022272
1.1048678659823232,19.70781487834697,8.501289726022272
1.1048678659823232,20.238013627577804,8.501289726022272
1.5884366170227737,20.768212376808638,8.501289726022272
1.5884366170227737,21.29841112603947,8.501289726022272
1.5884366170227737,21.828609875270303,8.501289726022272
1.5884366170227737,22.358808624501133,8.501289726022272
1.5884366170227737,22.889007373731967,8.501289726022272
1.5884366170227737,23.419206122962798,8.501289726022272
1.5884366170227737,23.949404872193632,8.501289726022272
1.5884366170227737,24.479603621424463,8.501289726022272
1.5884366170227737,25.009802370655297,8.501289726022272
1.5884366170227737,25.540001119886128,8.501289726022272
1.5884366170227737,26.070199869116962,8.501289726022272
1.5884366170227737,26.600398618347793,8.501289726022272
1.5884366170227737,27.130597367578627,8.501289726022272
1.5884366170227737,27.660796116809458,8.501289726022272
1.5884366170227737,28.190994866040292,8.501289726022272
1.5884366170227737,28.721193615271126,8.501289726022272
1.5884366170227737,29.251392364501957,8.501289726022272
0.2973856655147896,3.271653652191162,8.726287933659712
0.2973856655147896,3.8018524014219945,8.726287933659712
0.2973856655147896,4.332051150652827,8.726287933659712
0.2973856655147896,4.862249899883659,8.726287933659712
0.2973856655147896,5.392448649114492,8.726287933659712
0.2973856655147896,5.922647398345324,8.726287933659712
0.2973856655147896,6.452846147576158,8.726287933659712
0.31124047263391774,6.98304489680699,8.726287933659712
0.4271113014307108,7.5132436460378225,8.726287933659712
0.4271113014307108,8.043442395268656,8.726287933659712
0.4271113014307108,8.573641144499486,8.726287933659712
0.4271113014307108,9.10383989373032,8.726287933659712
0.5807678606648968,9.634038642961153,8.726287933659712
0.5807678606648968,10.164237392191986,8.726287933659712
0.5807678606648968,10.694436141422818,8.726287933659712
0.5807678606648968,11.22463489065365,8.726287933659712
0.5807678606648968,11.754833639884483,8.726287933659712
0.5807678606648968,12.285032389115315,8.726287933659712
0.5807678606648968,12.815231138346148,8.726287933659712
0.5807678606648968,13.34542988757698,8.726287933659712
0.5807678606648968,13.875628636807813,8.726287933659712
0.5807678606648968,14.405827386038645,8.726287933659712
0.5807678606648968,14.936026135269477,8.726287933659712
0.5807678606648968,15.46622488450031,8.726287933659712
0.5807678606648968,15.996423633731144,8.726287933659712
1.052058435764787,16.526622382961975,8.726287933659712
1.052058435764787,17.05682113219281,8.726287933659712
1.052058435764787,17.587019881423643,8.726287933659712
1.052058435764787,18.117218630654474,8.726287933659712
1.1048678659823232,18.647417379885304,8.726287933659712
1.1048678659823232,19.17761612911614,8.726287933659712
1.1048678659823232,19.70781487834697,8.726287933659712
1.1048678659823232,20.238013627577804,8.726287933659712
1.5884366170227737,20.768212376808638,8.726287933659712
1.5884366170227737,21.29841112603947,8.726287933659712
1.5884366170227737,21.828609875270303,8.726287933659712
1.5884366170227737,22.358808624501133,8.726287933659712
1.5884366170227737,22.889007373731967,8.726287933659712
1.5884366170227737,23.419206122962798,8.726287933659712
1.5884366170227737,23.949404872193632,8.726287933659712
1.5884366170227737,24.479603621424463,8.726287933659712
1.5884366170227737,25.009802370655297,8.726287933659712
1.5884366170227737,25.540001119886128,8.726287933659712
1.5884366170227737,26.070199869116962,8.726287933659712
1.5884366170227737,26.600398618347793,8.726287933659712
1.5884366170227737,27.130597367578627,8.726287933659712
1.5884366170227737,27.660796116809458,8.726287933659712
1.5884366170227737,28.190994866040292,8.726287933659712
1.5884366170227737,28.721193615271126,8.726287933659712
1.5884366170227737,29.251392364501957,8.726287933659712
0.2973856655147896,3.271653652191162,8.95128614129715
0.2973856655147896,3.8018524014219945,8.95128614129715
0.2973856655147896,4.332051150652827,8.95128614129715
0.2973856655147896,4.862249899883659,8.95128614129715
0.2973856655147896,5.392448649114492,8.95128614129715
0.2973856655147896,5.922647398345324,8.95128614129715
0.2973856655147896,6.452846147576158,8.95128614129715
0.31124047263391774,6.98304489680699,8.95128614129715
0.4271113014307108,7.5132436460378225,8.95128614129715
0.4271113014307108,8.043442395268656,8.95128614129715
0.4271113014307108,8.573641144499486,8.95128614129715
0.4271113014307108,9.10383989373032,8.95128614129715
0.5807678606648968,9.634038642961153,8.95128614129715
0.5807678606648968,10.164237392191986,8.95128614129715
0.5807678606648968,10.694436141422818,8.95128614129715
0.5807678606648968,11.22463489065365,8.95128614129715
0.5807678606648968,11.754833639884483,8.95128614129715
0.5807678606648968,12.285032389115315,8.95128614129715
0.5807678606648968,12.815231138346148,8.95128614129715
0.5807678606648968,13.34542988757698,8.95128614129715
0.5807678606648968,13.875628636807813,8.95128614129715
0.5807678606648968,14.405827386038645,8.95128614129715
0.5807678606648968,14.936026135269477,8.95128614129715
0.5807678606648968,15.46622488450031,8.95128614129715
0.5807678606648968,15.996423633731144,8.95128614129715
1.052058435764787,16.526622382961975,8.95128614129715
1.052058435764787,17.05682113219281,8.95128614129715
1.052058435764787,17.587019881423643,8.95128614129715
1.052058435764787,18.117218630654474,8.95128614129715
1.1048678659823232,18.647417379885304,8.95128614129715
1.1048678659823232,19.17761612911614,8.95128614129715
1.1048678659823232,19.70781487834697,8.95128614129715
1.1048678659823232,20.238013627577804,8.95128614129715
1.5884366170227737,20.768212376808638,8.95128614129715
1.5884366170227737,21.29841112603947,8.95128614129715
1.5884366170227737,21.828609875270303,8.95128614129715
1.5884366170227737,22.358808624501133,8.95128614129715
1.5884366170227737,22.889007373731967,8.95128614129715
1.5884366170227737,23.419206122962798,8.95128614129715
1.5884366170227737,23.949404872193632,8.95128614129715
1.5884366170227737,24.479603621424463,8.95128614129715
1.5884366170227737,25.009802370655297,8.95128614129715
1.5884366170227737,25.540001119886128,8.95128614129715
1.5884366170227737,26.070199869116962,8.95128614129715
1.5884366170227737,26.600398618347793,8.95128614129715
1.5884366170227737,27.130597367578627,8.95128614129715
1.5884366170227737,27.660796116809458,8.95128614129715
1.5884366170227737,28.190994866040292,8.95128614129715
1.5884366170227737,28.721193615271126,8.95128614129715
1.5884366170227737,29.251392364501957,8.95128614129715
0.2973856655147896,3.271653652191162,9.176284348934589
0.2973856655147896,3.8018524014219945,9.176284348934589
0.2973856655147896,4.332051150652827,9.176284348934589
0.2973856655147896,4.862249899883659,9.176284348934589
0.2973856655147896,5.392448649114492,9.176284348934589
0.2973856655147896,5.922647398345324,9.176284348934589
0.2973856655147896,6.452846147576158,9.176284348934589
0.31124047263391774,6.98304489680699,9.176284348934589
0.4271113014307108,7.5132436460378225,9.176284348934589
0.4271113014307108,8.043442395268656,9.176284348934589
0.4271113014307108,8.573641144499486,9.176284348934589
0.4271113014307108,9.10383989373032,9.176284348934589
0.5807678606648968,9.634038642961153,9.176284348934589
0.5807678606648968,10.164237392191986,9.176284348934589
0.5807678606648968,10.694436141422818,9.176284348934589
0.5807678606648968,11.22463489065365,9.176284348934589
0.5807678606648968,11.754833639884483,9.176284348934589
0.5807678606648968,12.285032389115315,9.176284348934589
0.5807678606648968,12.815231138346148,9.176284348934589
0.5807678606648968,13.34542988757698,9.176284348934589
0.5807678606648968,13.875628636807813,9.176284348934589
0.5807678606648968,14.405827386038645,9.176284348934589
0.5807678606648968,14.936026135269477,9.176284348934589
0.5807678606648968,15.46622488450031,9.176284348934589
0.5807678606648968,15.996423633731144,9.176284348934589
1.052058435764787,16.526622382961975,9.176284348934589
1.052058435764787,17.05682113219281,9.176284348934589
1.052058435764787,17.587019881423643,9.176284348934589
1.052058435764787,18.117218630654474,9.176284348934589
1.1048678659823232,18.647417379885304,9.176284348934589
1.1048678659823232,19.17761612911614,9.176284348934589
1.1048678659823232,19.70781487834697,9.176284348934589
1.1048678659823232,20.238013627577804,9.176284348934589
1.5884366170227737,20.768212376808638,9.176284348934589
1.5884366170227737,21.29841112603947,9.176284348934589
1.5884366170227737,21.828609875270303,9.176284348934589
1.5884366170227737,22.358808624501133,9.176284348934589
1.5884366170227737,22.889007373731967,9.176284348934589
1.5884366170227737,23.419206122962798,9.176284348934589
1.5884366170227737,23.949404872193632,9.176284348934589
1.5884366170227737,24.479603621424463,9.176284348934589
1.5884366170227737,25.009802370655297,9.176284348934589
1.5884366170227737,25.540001119886128,9.176284348934589
1.5884366170227737,26.070199869116962,9.176284348934589
1.5884366170227737,26.600398618347793,9.176284348934589
1.5884366170227737,27.130597367578627,9.176284348934589
1.5884366170227737,27.660796116809458,9.176284348934589
1.5884366170227737,28.190994866040292,9.176284348934589
1.5884366170227737,28.721193615271126,9.176284348934589
1.5884366170227737,29.251392364501957,9.176284348934589
0.2973856655147896,3.271653652191162,9.401282556572028
0.2973856655147896,3.8018524014219945,9.401282556572028
0.2973856655147896,4.332051150652827,9.401282556572028
0.2973856655147896,4.862249899883659,9.401282556572028
0.2973856655147896,5.392448649114492,9.401282556572028
0.2973856655147896,5.922647398345324,9.401282556572028
0.2973856655147896,6.452846147576158,9.401282556572028
0.31124047263391774,6.98304489680699,9.401282556572028
0.4271113014307108,7.5132436460378225,9.401282556572028
0.4271113014307108,8.043442395268656,9.401282556572028
0.4271113014307108,8.573641144499486,9.401282556572028
0.4271113014307108,9.10383989373032,9.401282556572028
0.5807678606648968,9.634038642961153,9.401282556572028
0.5807678606648968,10.164237392191986,9.401282556572028
0.5807678606648968,10.694436141422818,9.401282556572028
0.5807678606648968,11.22463489065365,9.401282556572028
0.5807678606648968,11.754833639884483,9.401282556572028
0.5807678606648968,12.285032389115315,9.401282556572028
0.5807678606648968,12.815231138346148,9.401282556572028
0.5807678606648968,13.34542988757698,9.401282556572028
0.5807678606648968,13.875628636807813,9.401282556572028
0.5807678606648968,14.405827386038645,9.401282556572028
0.5807678606648968,14.936026135269477,9.401282556572028
0.5807678606648968,15.46622488450031,9.401282556572028
0.5807678606648968,15.996423633731144,9.401282556572028
1.052058435764787,16.526622382961975,9.401282556572028
1.052058435764787,17.05682113219281,9.401282556572028
1.052058435764787,17.587019881423643,9.401282556572028
1.052058435764787,18.117218630654474,9.401282556572028
1.1048678659823232,18.647417379885304,9.401282556572028
1.1048678659823232,19.17761612911614,9.401282556572028
1.1048678659823232,19.70781487834697,9.401282556572028
1.1048678659823232,20.238013627577804,9.401282556572028
1.5884366170227737,20.768212376808638,9.401282556572028
1.5884366170227737,21.29841112603947,9.401282556572028
1.5884366170227737,21.828609875270303,9.401282556572028
1.5884366170227737,22.358808624501133,9.401282556572028
1.5884366170227737,22.889007373731967,9.401282556572028
1.5884366170227737,23.419206122962798,9.401282556572028
1.5884366170227737,23.949404872193632,9.401282556572028
1.5884366170227737,24.479603621424463,9.401282556572028
1.5884366170227737,25.009802370655297,9.401282556572028
1.5884366170227737,25.540001119886128,9.401282556572028
1.5884366170227737,26.070199869116962,9.401282556572028
1.5884366170227737,26.600398618347793,9.401282556572028
1.5884366170227737,27.130597367578627,9.401282556572028
1.5884366170227737,27.660796116809458,9.401282556572028
1.5884366170227737,28.190994866040292,9.401282556572028
1.5884366170227737,28.721193615271126,9.401282556572028
1.5884366170227737,29.251392364501957,9.401282556572028
0.2973856655147896,3.271653652191162,9.626280764209465
0.2973856655147896,3.8018524014219945,9.626280764209465
0.2973856655147896,4.332051150652827,9.626280764209465
0.2973856655147896,4.862249899883659,9.626280764209465
0.2973856655147896,5.392448649114492,9.626280764209465
0.2973856655147896,5.922647398345324,9.626280764209465
0.2973856655147896,6.452846147576158,9.626280764209465
0.31124047263391774,6.98304489680699,9.626280764209465
0.4271113014307108,7.5132436460378225,9.626280764209465
0.4271113014307108,8.043442395268656,9.626280764209465
0.4271113014307108,8.573641144499486,9.626280764209465
0.4271113014307108,9.10383989373032,9.626280764209465
0.5807678606648968,9.634038642961153,9.626280764209465
0.5807678606648968,10.164237392191986,9.626280764209465
0.5807678606648968,10.694436141422818,9.626280764209465
0.5807678606648968,11.22463489065365,9.626280764209465
0.5807678606648968,11.754833639884483,9.626280764209465
0.5807678606648968,12.285032389115315,9.626280764209465
0.5807678606648968,12.815231138346148,9.626280764209465
0.5807678606648968,13.34542988757698,9.626280764209465
0.5807678606648968,13.875628636807813,9.626280764209465
0.5807678606648968,14.405827386038645,9.626280764209465
0.5807678606648968,14.936026135269477,9.626280764209465
0.5807678606648968,15.46622488450031,9.626280764209465
0.5807678606648968,15.996423633731144,9.626280764209465
1.052058435764787,16.526622382961975,9.626280764209465
1.052058435764787,17.05682113219281,9.626280764209465
1.052058435764787,17.587019881423643,9.626280764209465
1.052058435764787,18.117218630654474,9.626280764209465
1.1048678659823232,18.647417379885304,9.626280764209465
1.1048678659823232,19.17761612911614,9.626280764209465
1.1048678659823232,19.70781487834697,9.626280764209465
1.1048678659823232,20.238013627577804,9.626280764209465
1.5884366170227737,20.768212376808638,9.626280764209465
1.5884366170227737,21.29841112603947,9.626280764209465
1.5884366170227737,21.828609875270303,9.626280764209465
1.5884366170227737,22.358808624501133,9.626280764209465
1.5884366170227737,22.889007373731967,9.626280764209465
1.5884366170227737,23.419206122962798,9.626280764209465
1.5884366170227737,23.949404872193632,9.626280764209465
1.5884366170227737,24.479603621424463,9.626280764209465
1.5884366170227737,25.009802370655297,9.626280764209465
1.5884366170227737,25.540001119886128,9.626280764209465
1.5884366170227737,26.070199869116962,9.626280764209465
1.5884366170227737,26.600398618347793,9.626280764209465
1.5884366170227737,27.130597367578627,9.626280764209465
1.5884366170227737,27.660796116809458,9.626280764209465
1.5884366170227737,28.190994866040292,9.626280764209465
1.5884366170227737,28.721193615271126,9.626280764209465
1.5884366170227737,29.251392364501957,9.626280764209465
0.2973856655147896,3.271653652191162,9.851278971846906
0.2973856655147896,3.8018524014219945,9.851278971846906
0.2973856655147896,4.332051150652827,9.851278971846906
0.2973856655147896,4.862249899883659,9.851278971846906
0.2973856655147896,5.392448649114492,9.851278971846906
0.2973856655147896,5.922647398345324,9.851278971846906
0.2973856655147896,6.452846147576158,9.851278971846906
0.31124047263391774,6.98304489680699,9.851278971846906
0.4271113014307108,7.5132436460378225,9.851278971846906
0.4271113014307108,8.043442395268656,9.851278971846906
0.4271113014307108,8.573641144499486,9.851278971846906
0.4271113014307108,9.10383989373032,9.851278971846906
0.5807678606648968,9.634038642961153,9.851278971846906
0.5807678606648968,10.164237392191986,9.851278971846906
0.5807678606648968,10.694436141422818,9.851278971846906
0.5807678606648968,11.22463489065365,9.851278971846906
0.5807678606648968,11.754833639884483,9.851278971846906
0.5807678606648968,12.285032389115315,9.851278971846906
0.5807678606648968,12.815231138346148,9.851278971846906
0.5807678606648968,13.34542988757698,9.851278971846906
0.5807678606648968,13.875628636807813,9.851278971846906
0.5807678606648968,14.405827386038645,9.851278971846906
0.5807678606648968,14.936026135269477,9.851278971846906
0.5807678606648968,15.46622488450031,9.851278971846906
0.5807678606648968,15.996423633731144,9.851278971846906
1.052058435764787,16.526622382961975,9.851278971846906
1.052058435764787,17.05682113219281,9.851278971846906
1.052058435764787,17.587019881423643,9.851278971846906
1.052058435764787,18.117218630654474,9.851278971846906
1.1048678659823232,18.647417379885304,9.851278971846906
1.1048678659823232,19.17761612911614,9.851278971846906
1.1048678659823232,19.70781487834697,9.851278971846906
1.1048678659823232,20.238013627577804,9.851278971846906
1.5884366170227737,20.768212376808638,9.851278971846906
1.5884366170227737,21.29841112603947,9.851278971846906
1.5884366170227737,21.828609875270303,9.851278971846906
1.5884366170227737,22.358808624501133,9.851278971846906
1.5884366170227737,22.889007373731967,9.851278971846906
1.5884366170227737,23.419206122962798,9.851278971846906
1.5884366170227737,23.949404872193632,9.851278971846906
1.5884366170227737,24.479603621424463,9.851278971846906
1.5884366170227737,25.009802370655297,9.851278971846906
1.5884366170227737,25.540001119886128,9.851278971846906
1.5884366170227737,26.070199869116962,9.851278971846906
1.5884366170227737,26.600398618347793,9.851278971846906
1.5884366170227737,27.130597367578627,9.851278971846906
1.5884366170227737,27.660796116809458,9.851278971846906
1.5884366170227737,28.190994866040292,9.851278971846906
1.5884366170227737,28.721193615271126,9.851278971846906
1.5884366170227737,29.251392364501957,9.851278971846906
0.3205285017606799,3.271653652191162,10.076277179484343
0.3205285017606799,3.8018524014219945,10.076277179484343
0.3205285017606799,4.332051150652827,10.076277179484343
0.3205285017606799,4.862249899883659,10.076277179484343
0.3205285017606799,5.392448649114492,10.076277179484343
0.3205285017606799,5.922647398345324,10.076277179484343
0.3205285017606799,6.452846147576158,10.076277179484343
0.33546150318961554,6.98304489680699,10.076277179484343
0.46034951044347316,7.5132436460378225,10.076277179484343
0.46034951044347316,8.043442395268656,10.076277179484343
0.46034951044347316,8.573641144499486,10.076277179484343
0.46034951044347316,9.10383989373032,10.076277179484343
0.6259637697312512,9.634038642961153,10.076277179484343
0.6259637697312512,10.164237392191986,10.076277179484343
0.6259637697312512,10.694436141422818,10.076277179484343
0.6259637697312512,11.22463489065365,10.076277179484343
0.6259637697312512,11.754833639884483,10.076277179484343
0.6259637697312512,12.285032389115315,10.076277179484343
0.6259637697312512,12.815231138346148,10.076277179484343
0.6259637697312512,13.34542988757698,10.076277179484343
0.6259637697312512,13.875628636807813,10.076277179484343
0.6259637697312512,14.405827386038645,10.076277179484343
0.6259637697312512,14.936026135269477,10.076277179484343
0.6259637697312512,15.46622488450031,10.076277179484343
0.6259637697312512,15.996423633731144,10.076277179484343
1.1339306270752356,16.526622382961975,10.076277179484343
1.1339306270752356,17.05682113219281,10.076277179484343
1.1339306270752356,17.587019881423643,10.076277179484343
1.1339306270752356,18.117218630654474,10.076277179484343
1.1908497375413056,18.647417379885304,10.076277179484343
1.1908497375413056,19.17761612911614,10.076277179484343
1.1908497375413056,19.70781487834697,10.076277179484343
1.1908497375413056,20.238013627577804,10.076277179484343
1.7120502701929723,20.768212376808638,10.076277179484343
1.7120502701929723,21.29841112603947,10.076277179484343
1.7120502701929723,21.828609875270303,10.076277179484343
1.7120502701929723,22.358808624501133,10.076277179484343
1.7120502701929723,22.889007373731967,10.076277179484343
1.7120502701929723,23.419206122962798,10.076277179484343
1.7120502701929723,23.949404872193632,10.076277179484343
1.7120502701929723,24.479603621424463,10.076277179484343
1.7120502701929723,25.009802370655297,10.076277179484343
1.7120502701929723,25.540001119886128,10.076277179484343
1.7120502701929723,26.070199869116962,10.076277179484343
1.7120502701929723,26.600398618347793,10.076277179484343
1.7120502701929723,27.130597367578627,10.076277179484343
1.7120502701929723,27.660796116809458,10.076277179484343
1.7120502701929723,28.190994866040292,10.076277179484343
1.7120502701929723,28.721193615271126,10.076277179484343
1.7120502701929723,29.251392364501957,10.076277179484343
0.40523540600195446,3.271653652191162,10.301275387121782
0.40523540600195446,3.8018524014219945,10.301275387121782
0.40523540600195446,4.332051150652827,10.301275387121782
0.40523540600195446,4.862249899883659,10.301275387121782
0.40523540600195446,5.392448649114492,10.301275387121782
0.40523540600195446,5.922647398345324,10.301275387121782
0.40523540600195446,6.452846147576158,10.301275387121782
0.42411479071701713,6.98304489680699,10.301275387121782
0.582007277800986,7.5132436460378225,10.301275387121782
0.582007277800986,8.043442395268656,10.301275387121782
0.582007277800986,8.573641144499486,10.301275387121782
0.582007277800986,9.10383989373032,10.301275387121782
0.7913888499031292,9.634038642961153,10.301275387121782
0.7913888499031292,10.164237392191986,10.301275387121782
0.7913888499031292,10.694436141422818,10.301275387121782
0.7913888499031292,11.22463489065365,10.301275387121782
0.7913888499031292,11.754833639884483,10.301275387121782
0.7913888499031292,12.285032389115315,10.301275387121782
0.7913888499031292,12.815231138346148,10.301275387121782
0.7913888499031292,13.34542988757698,10.301275387121782
0.7913888499031292,13.875628636807813,10.301275387121782
0.7913888499031292,14.405827386038645,10.301275387121782
0.7913888499031292,14.936026135269477,10.301275387121782
0.7913888499031292,15.46622488450031,10.301275387121782
0.7913888499031292,15.996423633731144,10.301275387121782
1.4335974352258154,16.526622382961975,10.301275387121782
1.4335974352258154,17.05682113219281,10.301275387121782
1.4335974352258154,17.587019881423643,10.301275387121782
1.4335974352258154,18.117218630654474,10.301275387121782
1.5055587076627037,18.647417379885304,10.301275387121782
1.5055587076627037,19.17761612911614,10.301275387121782
1.5055587076627037,19.70781487834697,10.301275387121782
1.5055587076627037,20.238013627577804,10.301275387121782
2.164498266227236,20.768212376808638,10.301275387121782
2.164498266227236,21.29841112603947,10.301275387121782
2.164498266227236,21.828609875270303,10.301275387121782
2.164498266227236,22.358808624501133,10.301275387121782
2.164498266227236,22.889007373731967,10.301275387121782
2.164498266227236,23.419206122962798,10.301275387121782
2.164498266227236,23.949404872193632,10.301275387121782
2.164498266227236,24.479603621424463,10.301275387121782
2.164498266227236,25.009802370655297,10.301275387121782
2.164498266227236,25.540001119886128,10.301275387121782
2.164498266227236,26.070199869116962,10.301275387121782
2.164498266227236,26.600398618347793,10.301275387121782
2.164498266227236,27.130597367578627,10.301275387121782
2.164498266227236,27.660796116809458,10.301275387121782
2.164498266227236,28.190994866040292,10.301275387121782
2.164498266227236,28.721193615271126,10.301275387121782
2.164498266227236,29.251392364501957,10.301275387121782
0.40523540600195446,3.271653652191162,10.526273594759221
0.40523540600195446,3.8018524014219945,10.526273594759221
0.40523540600195446,4.332051150652827,10.526273594759221
0.40523540600195446,4.862249899883659,10.526273594759221
0.40523540600195446,5.392448649114492,10.526273594759221
0.40523540600195446,5.922647398345324,10.526273594759221
0.40523540600195446,6.452846147576158,10.526273594759221
0.42411479071701713,6.98304489680699,10.526273594759221
0.582007277800986,7.5132436460378225,10.526273594759221
0.582007277800986,8.043442395268656,10.526273594759221
0.582007277800986,8.573641144499486,10.526273594759221
0.582007277800986,9.10383989373032,10.526273594759221
0.7913888499031292,9.634038642961153,10.526273594759221
0.7913888499031292,10.164237392191986,10.526273594759221
0.7913888499031292,10.694436141422818,10.526273594759221
0.7913888499031292,11.22463489065365,10.526273594759221
0.7913888499031292,11.754833639884483,10.526273594759221
0.7913888499031292,12.285032389115315,10.526273594759221
0.7913888499031292,12.815231138346148,10.526273594759221
0.7913888499031292,13.34542988757698,10.526273594759221
0.7913888499031292,13.875628636807813,10.526273594759221
0.7913888499031292,14.405827386038645,10.526273594759221
0.7913888499031292,14.936026135269477,10.526273594759221
0.7913888499031292,15.46622488450031,10.526273594759221
0.7913888499031292,15.996423633731144,10.526273594759221
1.4335974352258154,16.526622382961975,10.526273594759221
1.4335974352258154,17.05682113219281,10.526273594759221
1.4335974352258154,17.587019881423643,10.526273594759221
1.4335974352258154,18.117218630654474,10.526273594759221
1.5055587076627037,18.647417379885304,10.526273594759221
1.5055587076627037,19.17761612911614,10.526273594759221
1.5055587076627037,19.70781487834697,10.526273594759221
1.5055587076627037,20.238013627577804,10.526273594759221
2.164498266227236,20.768212376808638,10.526273594759221
2.164498266227236,21.29841112603947,10.526273594759221
2.164498266227236,21.828609875270303,10.526273594759221
2.164498266227236,22.358808624501133,10.526273594759221
2.164498266227236,22.889007373731967,10.526273594759221
2.164498266227236,23.419206122962798,10.526273594759221
2.164498266227236,23.949404872193632,10.526273594759221
2.164498266227236,24.479603621424463,10.526273594759221
2.164498266227236,25.009802370655297,10.526273594759221
2.164498266227236,25.540001119886128,10.526273594759221
2.164498266227236,26.070199869116962,10.526273594759221
2.164498266227236,26.600398618347793,10.526273594759221
2.164498266227236,27.130597367578627,10.526273594759221
2.164498266227236,27.660796116809458,10.526273594759221
2.164498266227236,28.190994866040292,10.526273594759221
2.164498266227236,28.721193615271126,10.526273594759221
2.164498266227236,29.251392364501957,10.526273594759221
0.40523540600195446,3.271653652191162,10.75127180239666
0.40523540600195446,3.8018524014219945,10.75127180239666
0.40523540600195446,4.332051150652827,10.75127180239666
0.40523540600195446,4.862249899883659,10.75127180239666
0.40523540600195446,5.392448649114492,10.75127180239666
0.40523540600195446,5.922647398345324,10.75127180239666
0.40523540600195446,6.452846147576158,10.75127180239666
0.42411479071701713,6.98304489680699,10.75127180239666
0.582007277800986,7.5132436460378225,10.75127180239666
0.582007277800986,8.043442395268656,10.75127180239666
0.582007277800986,8.573641144499486,10.75127180239666
0.582007277800986,9.10383989373032,10.75127180239666
0.7913888499031292,9.634038642961153,10.75127180239666
0.7913888499031292,10.164237392191986,10.75127180239666
0.7913888499031292,10.694436141422818,10.75127180239666
0.7913888499031292,11.22463489065365,10.75127180239666
0.7913888499031292,11.754833639884483,10.75127180239666
0.7913888499031292,12.285032389115315,10.75127180239666
0.7913888499031292,12.815231138346148,10.75127180239666
0.7913888499031292,13.34542988757698,10.75127180239666
0.7913888499031292,13.875628636807813,10.75127180239666
0.7913888499031292,14.405827386038645,10.75127180239666
0.7913888499031292,14.936026135269477,10.75127180239666
0.7913888499031292,15.46622488450031,10.75127180239666
0.7913888499031292,15.996423633731144,10.75127180239666
1.4335974352258154,16.526622382961975,10.75127180239666
1.4335974352258154,17.05682113219281,10.75127180239666
1.4335974352258154,17.587019881423643,10.75127180239666
1.4335974352258154,18.117218630654474,10.75127180239666
1.5055587076627037,18.647417379885304,10.75127180239666
1.5055587076627037,19.17761612911614,10.75127180239666
1.5055587076627037,19.70781487834697,10.75127180239666
1.5055587076627037,20.238013627577804,10.75127180239666
2.164498266227236,20.768212376808638,10.75127180239666
2.164498266227236,21.29841112603947,10.75127180239666
2.164498266227236,21.828609875270303,10.75127180239666
2.164498266227236,22.358808624501133,10.75127180239666
2.164498266227236,22.889007373731967,10.75127180239666
2.164498266227236,23.419206122962798,10.75127180239666
2.164498266227236,23.949404872193632,10.75127180239666
2.164498266227236,24.479603621424463,10.75127180239666
2.164498266227236,25.009802370655297,10.75127180239666
2.164498266227236,25.540001119886128,10.75127180239666
2.164498266227236,26.070199869116962,10.75127180239666
2.164498266227236,26.600398618347793,10.75127180239666
2.164498266227236,27.130597367578627,10.75127180239666
2.164498266227236,27.660796116809458,10.75127180239666
2.164498266227236,28.190994866040292,10.75127180239666
2.164498266227236,28.721193615271126,10.75127180239666
2.164498266227236,29.251392364501957,10.75127180239666
0.40523540600195446,3.271653652191162,10.976270010034098
0.40523540600195446,3.8018524014219945,10.976270010034098
0.40523540600195446,4.332051150652827,10.976270010034098
0.40523540600195446,4.862249899883659,10.976270010034098
0.40523540600195446,5.392448649114492,10.976270010034098
0.40523540600195446,5.922647398345324,10.976270010034098
0.40523540600195446,6.452846147576158,10.976270010034098
0.42411479071701713,6.98304489680699,10.976270010034098
0.582007277800986,7.5132436460378225,10.976270010034098
0.582007277800986,8.043442395268656,10.976270010034098
0.582007277800986,8.573641144499486,10.976270010034098
0.582007277800986,9.10383989373032,10.976270010034098
0.7913888499031292,9.634038642961153,10.976270010034098
0.7913888499031292,10.164237392191986,10.976270010034098
0.7913888499031292,10.694436141422818,10.976270010034098
0.7913888499031292,11.22463489065365,10.976270010034098
0.7913888499031292,11.754833639884483,10.976270010034098
0.7913888499031292,12.285032389115315,10.976270010034098
0.7913888499031292,12.815231138346148,10.976270010034098
0.7913888499031292,13.34542988757698,10.976270010034098
0.7913888499031292,13.875628636807813,10.976270010034098
0.7913888499031292,14.405827386038645,10.976270010034098
0.7913888499031292,14.936026135269477,10.976270010034098
0.7913888499031292,15.46622488450031,10.976270010034098
0.7913888499031292,15.996423633731144,10.976270010034098
1.4335974352258154,16.526622382961975,10.976270010034098
1.4335974352258154,17.05682113219281,10.976270010034098
1.4335974352258154,17.587019881423643,10.976270010034098
1.4335974352258154,18.117218630654474,10.976270010034098
1.5055587076627037,18.647417379885304,10.976270010034098
1.5055587076627037,19.17761612911614,10.976270010034098
1.5055587076627037,19.70781487834697,10.976270010034098
1.5055587076627037,20.238013627577804,10.976270010034098
2.164498266227236,20.768212376808638,10.976270010034098
2.164498266227236,21.29841112603947,10.976270010034098
2.164498266227236,21.828609875270303,10.976270010034098
2.164498266227236,22.358808624501133,10.976270010034098
2.164498266227236,22.889007373731967,10.976270010034098
2.164498266227236,23.419206122962798,10.976270010034098
2.164498266227236,23.949404872193632,10.976270010034098
2.164498266227236,24.479603621424463,10.976270010034098
2.164498266227236,25.009802370655297,10.976270010034098
2.164498266227236,25.540001119886128,10.976270010034098
2.164498266227236,26.070199869116962,10.976270010034098
2.164498266227236,26.600398618347793,10.976270010034098
2.164498266227236,27.130597367578627,10.976270010034098
2.164498266227236,27.660796116809458,10.976270010034098
2.164498266227236,28.190994866040292,10.976270010034098
2.164498266227236,28.721193615271126,10.976270010034098
2.164498266227236,29.251392364501957,10.976270010034098
0.40523540600195446,3.271653652191162,11.201268217671537
0.40523540600195446,3.8018524014219945,11.201268217671537
0.40523540600195446,4.332051150652827,11.201268217671537
0.40523540600195446,4.862249899883659,11.201268217671537
0.40523540600195446,5.392448649114492,11.201268217671537
0.40523540600195446,5.922647398345324,11.201268217671537
0.40523540600195446,6.452846147576158,11.201268217671537
0.42411479071701713,6.98304489680699,11.201268217671537
0.582007277800986,7.5132436460378225,11.201268217671537
0.582007277800986,8.043442395268656,11.201268217671537
0.582007277800986,8.573641144499486,11.201268217671537
0.582007277800986,9.10383989373032,11.201268217671537
0.7913888499031292,9.634038642961153,11.201268217671537
0.7913888499031292,10.164237392191986,11.201268217671537
0.7913888499031292,10.694436141422818,11.201268217671537
0.7913888499031292,11.22463489065365,11.201268217671537
0.7913888499031292,11.754833639884483,11.201268217671537
0.7913888499031292,12.285032389115315,11.201268217671537
0.7913888499031292,12.815231138346148,11.201268217671537
0.7913888499031292,13.34542988757698,11.201268217671537
0.7913888499031292,13.875628636807813,11.201268217671537
0.7913888499031292,14.405827386038645,11.201268217671537
0.7913888499031292,14.936026135269477,11.201268217671537
0.7913888499031292,15.46622488450031,11.201268217671537
0.7913888499031292,15.996423633731144,11.201268217671537
1.4335974352258154,16.526622382961975,11.201268217671537
1.4335974352258154,17.05682113219281,11.201268217671537
1.4335974352258154,17.587019881423643,11.201268217671537
1.4335974352258154,18.117218630654474,11.201268217671537
1.5055587076627037,18.647417379885304,11.201268217671537
1.5055587076627037,19.17761612911614,11.201268217671537
1.5055587076627037,19.70781487834697,11.201268217671537
1.5055587076627037,20.238013627577804,11.201268217671537
2.164498266227236,20.768212376808638,11.201268217671537
2.164498266227236,21.29841112603947,11.201268217671537
2.164498266227236,21.828609875270303,11.201268217671537
2.164498266227236,22.358808624501133,11.201268217671537
2.164498266227236,22.889007373731967,11.201268217671537
2.164498266227236,23.419206122962798,11.201268217671537
2.164498266227236,23.949404872193632,11.201268217671537
2.164498266227236,24.479603621424463,11.201268217671537
2.164498266227236,25.009802370655297,11.201268217671537
2.164498266227236,25.540001119886128,11.201268217671537
2.164498266227236,26.070199869116962,11.201268217671537
2.164498266227236,26.600398618347793,11.201268217671537
2.164498266227236,27.130597367578627,11.201268217671537
2.164498266227236,27.660796116809458,11.201268217671537
2.164498266227236,28.190994866040292,11.201268217671537
2.164498266227236,28.721193615271126,11.201268217671537
2.164498266227236,29.251392364501957,11.201268217671537
0.40523540600195446,3.271653652191162,11.426266425308976
0.40523540600195446,3.8018524014219945,11.426266425308976
0.40523540600195446,4.332051150652827,11.426266425308976
0.40523540600195446,4.862249899883659,11.426266425308976
0.40523540600195446,5.392448649114492,11.426266425308976
0.40523540600195446,5.922647398345324,11.426266425308976
0.40523540600195446,6.452846147576158,11.426266425308976
0.42411479071701713,6.98304489680699,11.426266425308976
0.582007277800986,7.5132436460378225,11.426266425308976
0.582007277800986,8.043442395268656,11.426266425308976
0.582007277800986,8.573641144499486,11.426266425308976
0.582007277800986,9.10383989373032,11.426266425308976
0.7913888499031292,9.634038642961153,11.426266425308976
0.7913888499031292,10.164237392191986,11.426266425308976
0.7913888499031292,10.694436141422818,11.426266425308976
0.7913888499031292,11.22463489065365,11.426266425308976
0.7913888499031292,11.754833639884483,11.426266425308976
0.7913888499031292,12.285032389115315,11.426266425308976
0.7913888499031292,12.815231138346148,11.426266425308976
0.7913888499031292,13.34542988757698,11.426266425308976
0.7913888499031292,13.875628636807813,11.426266425308976
0.7913888499031292,14.405827386038645,11.426266425308976
0.7913888499031292,14.936026135269477,11.426266425308976
0.7913888499031292,15.46622488450031,11.426266425308976
0.7913888499031292,15.996423633731144,11.426266425308976
1.4335974352258154,16.526622382961975,11.426266425308976
1.4335974352258154,17.05682113219281,11.426266425308976
1.4335974352258154,17.587019881423643,11.426266425308976
1.4335974352258154,18.117218630654474,11.426266425308976
1.5055587076627037,18.647417379885304,11.426266425308976
1.5055587076627037,19.17761612911614,11.426266425308976
1.5055587076627037,19.70781487834697,11.426266425308976
1.5055587076627037,20.238013627577804,11.426266425308976
2.164498266227236,20.768212376808638,11.426266425308976
2.164498266227236,21.29841112603947,11.426266425308976
2.164498266227236,21.828609875270303,11.426266425308976
2.164498266227236,22.358808624501133,11.426266425308976
2.164498266227236,22.889007373731967,11.426266425308976
2.164498266227236,23.419206122962798,11.426266425308976
2.164498266227236,23.949404872193632,11.426266425308976
2.164498266227236,24.479603621424463,11.426266425308976
2.164498266227236,25.009802370655297,11.426266425308976
2.164498266227236,25.540001119886128,11.426266425308976
2.164498266227236,26.070199869116962,11.426266425308976
2.164498266227236,26.600398618347793,11.426266425308976
2.164498266227236,27.130597367578627,11.426266425308976
2.164498266227236,27.660796116809458,11.426266425308976
2.164498266227236,28.190994866040292,11.426266425308976
2.164498266227236,28.721193615271126,11.426266425308976
2.164498266227236,29.251392364501957,11.426266425308976
0.40523540600195446,3.271653652191162,11.651264632946415
0.40523540600195446,3.8018524014219945,11.651264632946415
0.40523540600195446,4.332051150652827,11.651264632946415
0.40523540600195446,4.862249899883659,11.651264632946415
0.40523540600195446,5.392448649114492,11.651264632946415
0.40523540600195446,5.922647398345324,11.651264632946415
0.40523540600195446,6.452846147576158,11.651264632946415
0.42411479071701713,6.98304489680699,11.651264632946415
0.582007277800986,7.5132436460378225,11.651264632946415
0.582007277800986,8.043442395268656,11.651264632946415
0.582007277800986,8.573641144499486,11.651264632946415
0.582007277800986,9.10383989373032,11.651264632946415
0.7913888499031292,9.634038642961153,11.651264632946415
0.7913888499031292,10.164237392191986,11.651264632946415
0.7913888499031292,10.694436141422818,11.651264632946415
0.7913888499031292,11.22463489065365,11.651264632946415
0.7913888499031292,11.754833639884483,11.651264632946415
0.7913888499031292,12.285032389115315,11.651264632946415
0.7913888499031292,12.815231138346148,11.651264632946415
0.7913888499031292,13.34542988757698,11.651264632946415
0.7913888499031292,13.875628636807813,11.651264632946415
0.7913888499031292,14.405827386038645,11.651264632946415
0.7913888499031292,14.936026135269477,11.651264632946415
0.7913888499031292,15.46622488450031,11.651264632946415
0.7913888499031292,15.996423633731144,11.651264632946415
1.4335974352258154,16.526622382961975,11.651264632946415
1.4335974352258154,17.05682113219281,11.651264632946415
1.4335974352258154,17.587019881423643,11.651264632946415
1.4335974352258154,18.117218630654474,11.651264632946415
1.5055587076627037,18.647417379885304,11.651264632946415
1.5055587076627037,19.17761612911614,11.651264632946415
1.5055587076627037,19.70781487834697,11.651264632946415
1.5055587076627037,20.238013627577804,11.651264632946415
2.164498266227236,20.768212376808638,11.651264632946415
2.164498266227236,21.29841112603947,11.651264632946415
2.164498266227236,21.828609875270303,11.651264632946415
2.164498266227236,22.358808624501133,11.651264632946415
2.164498266227236,22.889007373731967,11.651264632946415
2.164498266227236,23.419206122962798,11.651264632946415
2.164498266227236,23.949404872193632,11.651264632946415
2.164498266227236,24.479603621424463,11.651264632946415
2.164498266227236,25.009802370655297,11.651264632946415
2.164498266227236,25.540001119886128,11.651264632946415
2.164498266227236,26.070199869116962,11.651264632946415
2.164498266227236,26.600398618347793,11.651264632946415
2.164498266227236,27.130597367578627,11.651264632946415
2.164498266227236,27.660796116809458,11.651264632946415
2.164498266227236,28.190994866040292,11.651264632946415
2.164498266227236,28.721193615271126,11.651264632946415
2.164498266227236,29.251392364501957,11.651264632946415
0.40523540600195446,3.271653652191162,11.876262840583854
0.40523540600195446,3.8018524014219945,11.876262840583854
0.40523540600195446,4.332051150652827,11.876262840583854
0.40523540600195446,4.862249899883659,11.876262840583854
0.40523540600195446,5.392448649114492,11.876262840583854
0.40523540600195446,5.922647398345324,11.876262840583854
0.40523540600195446,6.452846147576158,11.876262840583854
0.42411479071701713,6.98304489680699,11.876262840583854
0.582007277800986,7.5132436460378225,11.876262840583854
0.582007277800986,8.043442395268656,11.876262840583854
0.582007277800986,8.573641144499486,11.876262840583854
0.582007277800986,9.10383989373032,11.876262840583854
0.7913888499031292,9.634038642961153,11.876262840583854
0.7913888499031292,10.164237392191986,11.876262840583854
0.7913888499031292,10.694436141422818,11.876262840583854
0.7913888499031292,11.22463489065365,11.876262840583854
0.7913888499031292,11.754833639884483,11.876262840583854
0.7913888499031292,12.285032389115315,11.876262840583854
0.7913888499031292,12.815231138346148,11.876262840583854
0.7913888499031292,13.34542988757698,11.876262840583854
0.7913888499031292,13.875628636807813,11.876262840583854
0.7913888499031292,14.405827386038645,11.876262840583854
0.7913888499031292,14.936026135269477,11.876262840583854
0.7913888499031292,15.46622488450031,11.876262840583854
0.7913888499031292,15.996423633731144,11.876262840583854
1.4335974352258154,16.526622382961975,11.876262840583854
1.4335974352258154,17.05682113219281,11.876262840583854
1.4335974352258154,17.587019881423643,11.876262840583854
1.4335974352258154,18.117218630654474,11.876262840583854
1.5055587076627037,18.647417379885304,11.876262840583854
1.5055587076627037,19.17761612911614,11.876262840583854
1.5055587076627037,19.70781487834697,11.876262840583854
1.5055587076627037,20.238013627577804,11.876262840583854
2.164498266227236,20.768212376808638,11.876262840583854
2.164498266227236,21.29841112603947,11.876262840583854
2.164498266227236,21.828609875270303,11.876262840583854
2.164498266227236,22.358808624501133,11.876262840583854
2.164498266227236,22.889007373731967,11.876262840583854
2.164498266227236,23.419206122962798,11.876262840583854
2.164498266227236,23.949404872193632,11.876262840583854
2.164498266227236,24.479603621424463,11.876262840583854
2.164498266227236,25.009802370655297,11.876262840583854
2.164498266227236,25.540001119886128,11.876262840583854
2.164498266227236,26.070199869116962,11.876262840583854
2.164498266227236,26.600398618347793,11.876262840583854
2.164498266227236,27.130597367578627,11.876262840583854
2.164498266227236,27.660796116809458,11.876262840583854
2.164498266227236,28.190994866040292,11.876262840583854
2.164498266227236,28.721193615271126,11.876262840583854
2.164498266227236,29.251392364501957,11.876262840583854
0.40523540600195446,3.271653652191162,12.101261048221293
0.40523540600195446,3.8018524014219945,12.101261048221293
0.40523540600195446,4.332051150652827,12.101261048221293
0.40523540600195446,4.862249899883659,12.101261048221293
0.40523540600195446,5.392448649114492,12.101261048221293
0.40523540600195446,5.922647398345324,12.101261048221293
0.40523540600195446,6.452846147576158,12.101261048221293
0.42411479071701713,6.98304489680699,12.101261048221293
0.582007277800986,7.5132436460378225,12.101261048221293
0.582007277800986,8.043442395268656,12.101261048221293
0.582007277800986,8.573641144499486,12.101261048221293
0.582007277800986,9.10383989373032,12.101261048221293
0.7913888499031292,9.634038642961153,12.101261048221293
0.7913888499031292,10.164237392191986,12.101261048221293
0.7913888499031292,10.694436141422818,12.101261048221293
0.7913888499031292,11.22463489065365,12.101261048221293
0.7913888499031292,11.754833639884483,12.101261048221293
0.7913888499031292,12.285032389115315,12.101261048221293
0.7913888499031292,12.815231138346148,12.101261048221293
0.7913888499031292,13.34542988757698,12.101261048221293
0.7913888499031292,13.875628636807813,12.101261048221293
0.7913888499031292,14.405827386038645,12.101261048221293
0.7913888499031292,14.936026135269477,12.101261048221293
0.7913888499031292,15.46622488450031,12.101261048221293
0.7913888499031292,15.996423633731144,12.101261048221293
1.4335974352258154,16.526622382961975,12.101261048221293
1.4335974352258154,17.05682113219281,12.101261048221293
1.4335974352258154,17.587019881423643,12.101261048221293
1.4335974352258154,18.117218630654474,12.101261048221293
1.5055587076627037,18.647417379885304,12.101261048221293
1.5055587076627037,19.17761612911614,12.101261048221293
1.5055587076627037,19.70781487834697,12.101261048221293
1.5055587076627037,20.238013627577804,12.101261048221293
2.164498266227236,20.768212376808638,12.101261048221293
2.164498266227236,21.29841112603947,12.101261048221293
2.164498266227236,21.828609875270303,12.101261048221293
2.164498266227236,22.358808624501133,12.101261048221293
2.164498266227236,22.889007373731967,12.101261048221293
2.164498266227236,23.419206122962798,12.101261048221293
2.164498266227236,23.949404872193632,12.101261048221293
2.164498266227236,24.479603621424463,12.101261048221293
2.164498266227236,25.009802370655297,12.101261048221293
2.164498266227236,25.540001119886128,12.101261048221293
2.164498266227236,26.070199869116962,12.101261048221293
2.164498266227236,26.600398618347793,12.101261048221293
2.164498266227236,27.130597367578627,12.101261048221293
2.164498266227236,27.660796116809458,12.101261048221293
2.164498266227236,28.190994866040292,12.101261048221293
2.164498266227236,28.721193615271126,12.101261048221293
2.164498266227236,29.251392364501957,12.101261048221293
0.40523540600195446,3.271653652191162,12.32625925585873
0.40523540600195446,3.8018524014219945,12.32625925585873
0.40523540600195446,4.332051150652827,12.32625925585873
0.40523540600195446,4.862249899883659,12.32625925585873
0.40523540600195446,5.392448649114492,12.32625925585873
0.40523540600195446,5.922647398345324,12.32625925585873
0.40523540600195446,6.452846147576158,12.32625925585873
0.42411479071701713,6.98304489680699,12.32625925585873
0.582007277800986,7.5132436460378225,12.32625925585873
0.582007277800986,8.043442395268656,12.32625925585873
0.582007277800986,8.573641144499486,12.32625925585873
0.582007277800986,9.10383989373032,12.32625925585873
0.7913888499031292,9.634038642961153,12.32625925585873
0.7913888499031292,10.164237392191986,12.32625925585873
0.7913888499031292,10.694436141422818,12.32625925585873
0.7913888499031292,11.22463489065365,12.32625925585873
0.7913888499031292,11.754833639884483,12.32625925585873
0.7913888499031292,12.285032389115315,12.32625925585873
0.7913888499031292,12.815231138346148,12.32625925585873
0.7913888499031292,13.34542988757698,12.32625925585873
0.7913888499031292,13.875628636807813,12.32625925585873
0.7913888499031292,14.405827386038645,12.32625925585873
0.7913888499031292,14.936026135269477,12.32625925585873
0.7913888499031292,15.46622488450031,12.32625925585873
0.7913888499031292,15.996423633731144,12.32625925585873
1.4335974352258154,16.526622382961975,12.32625925585873
1.4335974352258154,17.05682113219281,12.32625925585873
1.4335974352258154,17.587019881423643,12.32625925585873
1.4335974352258154,18.117218630654474,12.32625925585873
1.5055587076627037,18.647417379885304,12.32625925585873
1.5055587076627037,19.17761612911614,12.32625925585873
1.5055587076627037,19.70781487834697,12.32625925585873
1.5055587076627037,20.238013627577804,12.32625925585873
2.164498266227236,20.768212376808638,12.32625925585873
2.164498266227236,21.29841112603947,12.32625925585873
2.164498266227236,21.828609875270303,12.32625925585873
2.164498266227236,22.358808624501133,12.32625925585873
2.164498266227236,22.889007373731967,12.32625925585873
2.164498266227236,23.419206122962798,12.32625925585873
2.164498266227236,23.949404872193632,12.32625925585873
2.164498266227236,24.479603621424463,12.32625925585873
2.164498266227236,25.009802370655297,12.32625925585873
2.164498266227236,25.540001119886128,12.32625925585873
2.164498266227236,26.070199869116962,12.32625925585873
2.164498266227236,26.600398618347793,12.32625925585873
2.164498266227236,27.130597367578627,12.32625925585873
2.164498266227236,27.660796116809458,12.32625925585873
2.164498266227236,28.190994866040292,12.32625925585873
2.164498266227236,28.721193615271126,12.32625925585873
2.164498266227236,29.251392364501957,12.32625925585873
0.40523540600195446,3.271653652191162,12.551257463496169
0.40523540600195446,3.8018524014219945,12.551257463496169
0.40523540600195446,4.332051150652827,12.551257463496169
0.40523540600195446,4.862249899883659,12.551257463496169
0.40523540600195446,5.392448649114492,12.551257463496169
0.40523540600195446,5.922647398345324,12.551257463496169
0.40523540600195446,6.452846147576158,12.551257463496169
0.42411479071701713,6.98304489680699,12.551257463496169
0.582007277800986,7.5132436460378225,12.551257463496169
0.582007277800986,8.043442395268656,12.551257463496169
0.582007277800986,8.573641144499486,12.551257463496169
0.582007277800986,9.10383989373032,12.551257463496169
0.7913888499031292,9.634038642961153,12.551257463496169
0.7913888499031292,10.164237392191986,12.551257463496169
0.7913888499031292,10.694436141422818,12.551257463496169
0.7913888499031292,11.22463489065365,12.551257463496169
0.7913888499031292,11.754833639884483,12.551257463496169
0.7913888499031292,12.285032389115315,12.551257463496169
0.7913888499031292,12.815231138346148,12.551257463496169
0.7913888499031292,13.34542988757698,12.551257463496169
0.7913888499031292,13.875628636807813,12.551257463496169
0.7913888499031292,14.405827386038645,12.551257463496169
0.7913888499031292,14.936026135269477,12.551257463496169
0.7913888499031292,15.46622488450031,12.551257463496169
0.7913888499031292,15.996423633731144,12.551257463496169
1.4335974352258154,16.526622382961975,12.551257463496169
1.4335974352258154,17.05682113219281,12.551257463496169
1.4335974352258154,17.587019881423643,12.551257463496169
1.4335974352258154,18.117218630654474,12.551257463496169
1.5055587076627037,18.647417379885304,12.551257463496169
1.5055587076627037,19.17761612911614,12.551257463496169
1.5055587076627037,19.70781487834697,12.551257463496169
1.5055587076627037,20.238013627577804,12.551257463496169
2.164498266227236,20.768212376808638,12.551257463496169
2.164498266227236,21.29841112603947,12.551257463496169
2.164498266227236,21.828609875270303,12.551257463496169
2.164498266227236,22.358808624501133,12.551257463496169
2.164498266227236,22.889007373731967,12.551257463496169
2.164498266227236,23.419206122962798,12.551257463496169
2.164498266227236,23.949404872193632,12.551257463496169
2.164498266227236,24.479603621424463,12.551257463496169
2.164498266227236,25.009802370655297,12.551257463496169
2.164498266227236,25.540001119886128,12.551257463496169
2.164498266227236,26.070199869116962,12.551257463496169
2.164498266227236,26.600398618347793,12.551257463496169
2.164498266227236,27.130597367578627,12.551257463496169
2.164498266227236,27.660796116809458,12.551257463496169
2.164498266227236,28.190994866040292,12.551257463496169
2.164498266227236,28.721193615271126,12.551257463496169
2.164498266227236,29.251392364501957,12.551257463496169
0.40523540600195446,3.271653652191162,12.776255671133608
0.40523540600195446,3.8018524014219945,12.776255671133608
0.40523540600195446,4.332051150652827,12.776255671133608
0.40523540600195446,4.862249899883659,12.776255671133608
0.40523540600195446,5.392448649114492,12.776255671133608
0.40523540600195446,5.922647398345324,12.776255671133608
0.40523540600195446,6.452846147576158,12.776255671133608
0.42411479071701713,6.98304489680699,12.776255671133608
0.582007277800986,7.5132436460378225,12.776255671133608
0.582007277800986,8.043442395268656,12.776255671133608
0.582007277800986,8.573641144499486,12.776255671133608
0.582007277800986,9.10383989373032,12.776255671133608
0.7913888499031292,9.634038642961153,12.776255671133608
0.7913888499031292,10.164237392191986,12.776255671133608
0.7913888499031292,10.694436141422818,12.776255671133608
0.7913888499031292,11.22463489065365,12.776255671133608
0.7913888499031292,11.754833639884483,12.776255671133608
0.7913888499031292,12.285032389115315,12.776255671133608
0.7913888499031292,12.815231138346148,12.776255671133608
0.7913888499031292,13.34542988757698,12.776255671133608
0.7913888499031292,13.875628636807813,12.776255671133608
0.7913888499031292,14.405827386038645,12.776255671133608
0.7913888499031292,14.936026135269477,12.776255671133608
0.7913888499031292,15.46622488450031,12.776255671133608
0.7913888499031292,15.996423633731144,12.776255671133608
1.4335974352258154,16.526622382961975,12.776255671133608
1.4335974352258154,17.05682113219281,12.776255671133608
1.4335974352258154,17.587019881423643,12.776255671133608
1.4335974352258154,18.117218630654474,12.776255671133608
1.5055587076627037,18.647417379885304,12.776255671133608
1.5055587076627037,19.17761612911614,12.776255671133608
1.5055587076627037,19.70781487834697,12.776255671133608
1.5055587076627037,20.238013627577804,12.776255671133608
2.164498266227236,20.768212376808638,12.776255671133608
2.164498266227236,21.29841112603947,12.776255671133608
2.164498266227236,21.828609875270303,12.776255671133608
2.164498266227236,22.358808624501133,12.776255671133608
2.164498266227236,22.889007373731967,12.776255671133608
2.164498266227236,23.419206122962798,12.776255671133608
2.164498266227236,23.949404872193632,12.776255671133608
2.164498266227236,24.479603621424463,12.776255671133608
2.164498266227236,25.009802370655297,12.776255671133608
2.164498266227236,25.540001119886128,12.776255671133608
2.164498266227236,26.070199869116962,12.776255671133608
2.164498266227236,26.600398618347793,12.776255671133608
2.164498266227236,27.130597367578627,12.776255671133608
2.164498266227236,27.660796116809458,12.776255671133608
2.164498266227236,28.190994866040292,12.776255671133608
2.164498266227236,28.721193615271126,12.776255671133608
2.164498266227236,29.251392364501957,12.776255671133608
0.40523540600195446,3.271653652191162,13.001253878771047
0.40523540600195446,3.8018524014219945,13.001253878771047
0.40523540600195446,4.332051150652827,13.001253878771047
0.40523540600195446,4.862249899883659,13.001253878771047
0.40523540600195446,5.392448649114492,13.001253878771047
0.40523540600195446,5.922647398345324,13.001253878771047
0.40523540600195446,6.452846147576158,13.001253878771047
0.42411479071701713,6.98304489680699,13.001253878771047
0.582007277800986,7.5132436460378225,13.001253878771047
0.582007277800986,8.043442395268656,13.001253878771047
0.582007277800986,8.573641144499486,13.001253878771047
0.582007277800986,9.10383989373032,13.001253878771047
0.7913888499031292,9.634038642961153,13.001253878771047
0.7913888499031292,10.164237392191986,13.001253878771047
0.7913888499031292,10.694436141422818,13.001253878771047
0.7913888499031292,11.22463489065365,13.001253878771047
0.7913888499031292,11.754833639884483,13.001253878771047
0.7913888499031292,12.285032389115315,13.001253878771047
0.7913888499031292,12.815231138346148,13.001253878771047
0.7913888499031292,13.34542988757698,13.001253878771047
0.7913888499031292,13.875628636807813,13.001253878771047
0.7913888499031292,14.405827386038645,13.001253878771047
0.7913888499031292,14.936026135269477,13.001253878771047
0.7913888499031292,15.46622488450031,13.001253878771047
0.7913888499031292,15.996423633731144,13.001253878771047
1.4335974352258154,16.526622382961975,13.001253878771047
1.4335974352258154,17.05682113219281,13.001253878771047
1.4335974352258154,17.587019881423643,13.001253878771047
1.4335974352258154,18.117218630654474,13.001253878771047
1.5055587076627037,18.647417379885304,13.001253878771047
1.5055587076627037,19.17761612911614,13.001253878771047
1.5055587076627037,19.70781487834697,13.001253878771047
1.5055587076627037,20.238013627577804,13.001253878771047
2.164498266227236,20.768212376808638,13.001253878771047
2.164498266227236,21.29841112603947,13.001253878771047
2.164498266227236,21.828609875270303,13.001253878771047
2.164498266227236,22.358808624501133,13.001253878771047
2.164498266227236,22.889007373731967,13.001253878771047
2.164498266227236,23.419206122962798,13.001253878771047
2.164498266227236,23.949404872193632,13.001253878771047
2.164498266227236,24.479603621424463,13.001253878771047
2.164498266227236,25.009802370655297,13.001253878771047
2.164498266227236,25.540001119886128,13.001253878771047
2.164498266227236,26.070199869116962,13.001253878771047
2.164498266227236,26.600398618347793,13.001253878771047
2.164498266227236,27.130597367578627,13.001253878771047
2.164498266227236,27.660796116809458,13.001253878771047
2.164498266227236,28.190994866040292,13.001253878771047
2.164498266227236,28.721193615271126,13.001253878771047
2.164498266227236,29.251392364501957,13.001253878771047
