Q,max_ocean_SLP_gradient,avg_landfalling_minomega
12.119330500543187,1.9763417045365497,-1.8647817688635515
12.119330500543187,2.2013399121739883,-1.8647817688635515
12.119330500543187,2.426338119811427,-1.8647817688635515
12.119330500543187,2.651336327448866,-1.8647817688635515
12.119330500543187,2.8763345350863045,-1.8647817688635515
12.119330500543187,3.101332742723743,-1.8647817688635515
12.119330500543187,3.326330950361182,-1.8647817688635515
12.119330500543187,3.551329157998621,-1.8647817688635515
12.119330500543187,3.7763273656360594,-1.8647817688635515
12.119330500543187,4.001325573273498,-1.8647817688635515
12.083135299167676,4.226323780910937,-1.8647817688635515
12.083135299167676,4.451321988548376,-1.8647817688635515
12.083135299167676,4.676320196185815,-1.8647817688635515
12.083135299167676,4.901318403823253,-1.8647817688635515
12.083135299167676,5.126316611460692,-1.8647817688635515
12.083135299167676,5.35131481909813,-1.8647817688635515
12.083135299167676,5.576313026735569,-1.8647817688635515
12.083135299167676,5.801311234373008,-1.8647817688635515
12.083135299167676,6.026309442010446,-1.8647817688635515
12.083135299167676,6.251307649647885,-1.8647817688635515
12.083135299167676,6.476305857285324,-1.8647817688635515
12.083135299167676,6.701304064922763,-1.8647817688635515
12.083960379748138,6.926302272560202,-1.8647817688635515
12.083960379748138,7.15130048019764,-1.8647817688635515
12.083960379748138,7.376298687835079,-1.8647817688635515
12.083960379748138,7.601296895472518,-1.8647817688635515
12.083960379748138,7.826295103109956,-1.8647817688635515
12.081382832779918,8.051293310747395,-1.8647817688635515
12.081382832779918,8.276291518384834,-1.8647817688635515
12.076763128661954,8.501289726022272,-1.8647817688635515
12.076763128661954,8.726287933659712,-1.8647817688635515
8.74055021669502,8.95128614129715,-1.8647817688635515
8.74055021669502,9.176284348934589,-1.8647817688635515
8.74055021669502,9.401282556572028,-1.8647817688635515
8.74055021669502,9.626280764209465,-1.8647817688635515
8.74055021669502,9.851278971846906,-1.8647817688635515
8.74055021669502,10.076277179484343,-1.8647817688635515
8.74055021669502,10.301275387121782,-1.8647817688635515
8.74055021669502,10.526273594759221,-1.8647817688635515
8.74055021669502,10.75127180239666,-1.8647817688635515
8.74055021669502,10.976270010034098,-1.8647817688635515
8.74055021669502,11.201268217671537,-1.8647817688635515
8.74055021669502,11.426266425308976,-1.8647817688635515
8.74055021669502,11.651264632946415,-1.8647817688635515
8.74055021669502,11.876262840583854,-1.8647817688635515
8.74055021669502,12.101261048221293,-1.8647817688635515
8.74055021669502,12.32625925585873,-1.8647817688635515
8.74055021669502,12.551257463496169,-1.8647817688635515
8.74055021669502,12.776255671133608,-1.8647817688635515
8.74055021669502,13.001253878771047,-1.8647817688635515
12.119330500543187,1.9763417045365497,-1.8273671842912291
12.119330500543187,2.2013399121739883,-1.8273671842912291
12.119330500543187,2.426338119811427,-1.8273671842912291
12.119330500543187,2.651336327448866,-1.8273671842912291
12.119330500543187,2.8763345350863045,-1.8273671842912291
12.119330500543187,3.101332742723743,-1.8273671842912291
12.119330500543187,3.326330950361182,-1.8273671842912291
12.119330500543187,3.551329157998621,-1.8273671842912291
12.119330500543187,3.7763273656360594,-1.8273671842912291
12.119330500543187,4.001325573273498,-1.8273671842912291
12.083135299167676,4.226323780910937,-1.8273671842912291
12.083135299167676,4.451321988548376,-1.8273671842912291
12.083135299167676,4.676320196185815,-1.8273671842912291
12.083135299167676,4.901318403823253,-1.8273671842912291
12.083135299167676,5.126316611460692,-1.8273671842912291
12.083135299167676,5.35131481909813,-1.8273671842912291
12.083135299167676,5.576313026735569,-1.8273671842912291
12.083135299167676,5.801311234373008,-1.8273671842912291
12.083135299167676,6.026309442010446,-1.8273671842912291
12.083135299167676,6.251307649647885,-1.8273671842912291
12.083135299167676,6.476305857285324,-1.8273671842912291
12.083135299167676,6.701304064922763,-1.8273671842912291
12.083960379748138,6.926302272560202,-1.8273671842912291
12.083960379748138,7.15130048019764,-1.8273671842912291
12.083960379748138,7.376298687835079,-1.8273671842912291
12.083960379748138,7.601296895472518,-1.8273671842912291
12.083960379748138,7.826295103109956,-1.8273671842912291
12.081382832779918,8.051293310747395,-1.8273671842912291
12.081382832779918,8.276291518384834,-1.8273671842912291
12.076763128661954,8.501289726022272,-1.8273671842912291
12.076763128661954,8.726287933659712,-1.8273671842912291
8.74055021669502,8.95128614129715,-1.8273671842912291
8.74055021669502,9.176284348934589,-1.8273671842912291
8.74055021669502,9.401282556572028,-1.8273671842912291
8.74055021669502,9.626280764209465,-1.8273671842912291
8.74055021669502,9.851278971846906,-1.8273671842912291
8.74055021669502,10.076277179484343,-1.8273671842912291
8.74055021669502,10.301275387121782,-1.8273671842912291
8.74055021669502,10.526273594759221,-1.8273671842912291
8.74055021669502,10.75127180239666,-1.8273671842912291
8.74055021669502,10.976270010034098,-1.8273671842912291
8.74055021669502,11.201268217671537,-1.8273671842912291
8.74055021669502,11.426266425308976,-1.8273671842912291
8.74055021669502,11.651264632946415,-1.8273671842912291
8.74055021669502,11.876262840583854,-1.8273671842912291
8.74055021669502,12.101261048221293,-1.8273671842912291
8.74055021669502,12.32625925585873,-1.8273671842912291
8.74055021669502,12.551257463496169,-1.8273671842912291
8.74055021669502,12.776255671133608,-1.8273671842912291
8.74055021669502,13.001253878771047,-1.8273671842912291
12.119330500543187,1.9763417045365497,-1.7899525997189067
12.119330500543187,2.2013399121739883,-1.7899525997189067
12.119330500543187,2.426338119811427,-1.7899525997189067
12.119330500543187,2.651336327448866,-1.7899525997189067
12.119330500543187,2.8763345350863045,-1.7899525997189067
12.119330500543187,3.101332742723743,-1.7899525997189067
12.119330500543187,3.326330950361182,-1.7899525997189067
12.119330500543187,3.551329157998621,-1.7899525997189067
12.119330500543187,3.7763273656360594,-1.7899525997189067
12.119330500543187,4.001325573273498,-1.7899525997189067
12.083135299167676,4.226323780910937,-1.7899525997189067
12.083135299167676,4.451321988548376,-1.7899525997189067
12.083135299167676,4.676320196185815,-1.7899525997189067
12.083135299167676,4.901318403823253,-1.7899525997189067
12.083135299167676,5.126316611460692,-1.7899525997189067
12.083135299167676,5.35131481909813,-1.7899525997189067
12.083135299167676,5.576313026735569,-1.7899525997189067
12.083135299167676,5.801311234373008,-1.7899525997189067
12.083135299167676,6.026309442010446,-1.7899525997189067
12.083135299167676,6.251307649647885,-1.7899525997189067
12.083135299167676,6.476305857285324,-1.7899525997189067
12.083135299167676,6.701304064922763,-1.7899525997189067
12.083960379748138,6.926302272560202,-1.7899525997189067
12.083960379748138,7.15130048019764,-1.7899525997189067
12.083960379748138,7.376298687835079,-1.7899525997189067
12.083960379748138,7.601296895472518,-1.7899525997189067
12.083960379748138,7.826295103109956,-1.7899525997189067
12.081382832779918,8.051293310747395,-1.7899525997189067
12.081382832779918,8.276291518384834,-1.7899525997189067
12.076763128661954,8.501289726022272,-1.7899525997189067
12.076763128661954,8.726287933659712,-1.7899525997189067
8.74055021669502,8.95128614129715,-1.7899525997189067
8.74055021669502,9.176284348934589,-1.7899525997189067
8.74055021669502,9.401282556572028,-1.7899525997189067
8.74055021669502,9.626280764209465,-1.7899525997189067
8.74055021669502,9.851278971846906,-1.7899525997189067
8.74055021669502,10.076277179484343,-1.7899525997189067
8.74055021669502,10.301275387121782,-1.7899525997189067
8.74055021669502,10.526273594759221,-1.7899525997189067
8.74055021669502,10.75127180239666,-1.7899525997189067
8.74055021669502,10.976270010034098,-1.7899525997189067
8.74055021669502,11.201268217671537,-1.7899525997189067
8.74055021669502,11.426266425308976,-1.7899525997189067
8.74055021669502,11.651264632946415,-1.7899525997189067
8.74055021669502,11.876262840583854,-1.7899525997189067
8.74055021669502,12.101261048221293,-1.7899525997189067
8.74055021669502,12.32625925585873,-1.7899525997189067
8.74055021669502,12.551257463496169,-1.7899525997189067
8.74055021669502,12.776255671133608,-1.7899525997189067
8.74055021669502,13.001253878771047,-1.7899525997189067
12.119330500543187,1.9763417045365497,-1.7525380151465844
12.119330500543187,2.2013399121739883,-1.7525380151465844
12.119330500543187,2.426338119811427,-1.7525380151465844
12.119330500543187,2.651336327448866,-1.7525380151465844
12.119330500543187,2.8763345350863045,-1.7525380151465844
12.119330500543187,3.101332742723743,-1.7525380151465844
12.119330500543187,3.326330950361182,-1.7525380151465844
12.119330500543187,3.551329157998621,-1.7525380151465844
12.119330500543187,3.7763273656360594,-1.7525380151465844
12.119330500543187,4.001325573273498,-1.7525380151465844
12.083135299167676,4.226323780910937,-1.7525380151465844
12.083135299167676,4.451321988548376,-1.7525380151465844
12.083135299167676,4.676320196185815,-1.7525380151465844
12.083135299167676,4.901318403823253,-1.7525380151465844
12.083135299167676,5.126316611460692,-1.7525380151465844
12.083135299167676,5.35131481909813,-1.7525380151465844
12.083135299167676,5.576313026735569,-1.7525380151465844
12.083135299167676,5.801311234373008,-1.7525380151465844
12.083135299167676,6.026309442010446,-1.7525380151465844
12.083135299167676,6.251307649647885,-1.7525380151465844
12.083135299167676,6.476305857285324,-1.7525380151465844
12.083135299167676,6.701304064922763,-1.7525380151465844
12.083960379748138,6.926302272560202,-1.7525380151465844
12.083960379748138,7.15130048019764,-1.7525380151465844
12.083960379748138,7.376298687835079,-1.7525380151465844
12.083960379748138,7.601296895472518,-1.7525380151465844
12.083960379748138,7.826295103109956,-1.7525380151465844
12.081382832779918,8.051293310747395,-1.7525380151465844
12.081382832779918,8.276291518384834,-1.7525380151465844
12.076763128661954,8.501289726022272,-1.7525380151465844
12.076763128661954,8.726287933659712,-1.7525380151465844
8.74055021669502,8.95128614129715,-1.7525380151465844
8.74055021669502,9.176284348934589,-1.7525380151465844
8.74055021669502,9.401282556572028,-1.7525380151465844
8.74055021669502,9.626280764209465,-1.7525380151465844
8.74055021669502,9.851278971846906,-1.7525380151465844
8.74055021669502,10.076277179484343,-1.7525380151465844
8.74055021669502,10.301275387121782,-1.7525380151465844
8.74055021669502,10.526273594759221,-1.7525380151465844
8.74055021669502,10.75127180239666,-1.7525380151465844
8.74055021669502,10.976270010034098,-1.7525380151465844
8.74055021669502,11.201268217671537,-1.7525380151465844
8.74055021669502,11.426266425308976,-1.7525380151465844
8.74055021669502,11.651264632946415,-1.7525380151465844
8.74055021669502,11.876262840583854,-1.7525380151465844
8.74055021669502,12.101261048221293,-1.7525380151465844
8.74055021669502,12.32625925585873,-1.7525380151465844
8.74055021669502,12.551257463496169,-1.7525380151465844
8.74055021669502,12.776255671133608,-1.7525380151465844
8.74055021669502,13.001253878771047,-1.7525380151465844
12.119330500543187,1.9763417045365497,-1.715123430574262
12.119330500543187,2.2013399121739883,-1.715123430574262
12.119330500543187,2.426338119811427,-1.715123430574262
12.119330500543187,2.651336327448866,-1.715123430574262
12.119330500543187,2.8763345350863045,-1.715123430574262
12.119330500543187,3.101332742723743,-1.715123430574262
12.119330500543187,3.326330950361182,-1.715123430574262
12.119330500543187,3.551329157998621,-1.715123430574262
12.119330500543187,3.7763273656360594,-1.715123430574262
12.119330500543187,4.001325573273498,-1.715123430574262
12.083135299167676,4.226323780910937,-1.715123430574262
12.083135299167676,4.451321988548376,-1.715123430574262
12.083135299167676,4.676320196185815,-1.715123430574262
12.083135299167676,4.901318403823253,-1.715123430574262
12.083135299167676,5.126316611460692,-1.715123430574262
12.083135299167676,5.35131481909813,-1.715123430574262
12.083135299167676,5.576313026735569,-1.715123430574262
12.083135299167676,5.801311234373008,-1.715123430574262
12.083135299167676,6.026309442010446,-1.715123430574262
12.083135299167676,6.251307649647885,-1.715123430574262
12.083135299167676,6.476305857285324,-1.715123430574262
12.083135299167676,6.701304064922763,-1.715123430574262
12.083960379748138,6.926302272560202,-1.715123430574262
12.083960379748138,7.15130048019764,-1.715123430574262
12.083960379748138,7.376298687835079,-1.715123430574262
12.083960379748138,7.601296895472518,-1.715123430574262
12.083960379748138,7.826295103109956,-1.715123430574262
12.081382832779918,8.051293310747395,-1.715123430574262
12.081382832779918,8.276291518384834,-1.715123430574262
12.076763128661954,8.501289726022272,-1.715123430574262
12.076763128661954,8.726287933659712,-1.715123430574262
8.74055021669502,8.95128614129715,-1.715123430574262
8.74055021669502,9.176284348934589,-1.715123430574262
8.74055021669502,9.401282556572028,-1.715123430574262
8.74055021669502,9.626280764209465,-1.715123430574262
8.74055021669502,9.851278971846906,-1.715123430574262
8.74055021669502,10.076277179484343,-1.715123430574262
8.74055021669502,10.301275387121782,-1.715123430574262
8.74055021669502,10.526273594759221,-1.715123430574262
8.74055021669502,10.75127180239666,-1.715123430574262
8.74055021669502,10.976270010034098,-1.715123430574262
8.74055021669502,11.201268217671537,-1.715123430574262
8.74055021669502,11.426266425308976,-1.715123430574262
8.74055021669502,11.651264632946415,-1.715123430574262
8.74055021669502,11.876262840583854,-1.715123430574262
8.74055021669502,12.101261048221293,-1.715123430574262
8.74055021669502,12.32625925585873,-1.715123430574262
8.74055021669502,12.551257463496169,-1.715123430574262
8.74055021669502,12.776255671133608,-1.715123430574262
8.74055021669502,13.001253878771047,-1.715123430574262
12.119330500543187,1.9763417045365497,-1.6777088460019396
12.119330500543187,2.2013399121739883,-1.6777088460019396
12.119330500543187,2.426338119811427,-1.6777088460019396
12.119330500543187,2.651336327448866,-1.6777088460019396
12.119330500543187,2.8763345350863045,-1.6777088460019396
12.119330500543187,3.101332742723743,-1.6777088460019396
12.119330500543187,3.326330950361182,-1.6777088460019396
12.119330500543187,3.551329157998621,-1.6777088460019396
12.119330500543187,3.7763273656360594,-1.6777088460019396
12.119330500543187,4.001325573273498,-1.6777088460019396
12.083135299167676,4.226323780910937,-1.6777088460019396
12.083135299167676,4.451321988548376,-1.6777088460019396
12.083135299167676,4.676320196185815,-1.6777088460019396
12.083135299167676,4.901318403823253,-1.6777088460019396
12.083135299167676,5.126316611460692,-1.6777088460019396
12.083135299167676,5.35131481909813,-1.6777088460019396
12.083135299167676,5.576313026735569,-1.6777088460019396
12.083135299167676,5.801311234373008,-1.6777088460019396
12.083135299167676,6.026309442010446,-1.6777088460019396
12.083135299167676,6.251307649647885,-1.6777088460019396
12.083135299167676,6.476305857285324,-1.6777088460019396
12.083135299167676,6.701304064922763,-1.6777088460019396
12.083960379748138,6.926302272560202,-1.6777088460019396
12.083960379748138,7.15130048019764,-1.6777088460019396
12.083960379748138,7.376298687835079,-1.6777088460019396
12.083960379748138,7.601296895472518,-1.6777088460019396
12.083960379748138,7.826295103109956,-1.6777088460019396
12.081382832779918,8.051293310747395,-1.6777088460019396
12.081382832779918,8.276291518384834,-1.6777088460019396
12.076763128661954,8.501289726022272,-1.6777088460019396
12.076763128661954,8.726287933659712,-1.6777088460019396
8.74055021669502,8.95128614129715,-1.6777088460019396
8.74055021669502,9.176284348934589,-1.6777088460019396
8.74055021669502,9.401282556572028,-1.6777088460019396
8.74055021669502,9.626280764209465,-1.6777088460019396
8.74055021669502,9.851278971846906,-1.6777088460019396
8.74055021669502,10.076277179484343,-1.6777088460019396
8.74055021669502,10.301275387121782,-1.6777088460019396
8.74055021669502,10.526273594759221,-1.6777088460019396
8.74055021669502,10.75127180239666,-1.6777088460019396
8.74055021669502,10.976270010034098,-1.6777088460019396
8.74055021669502,11.201268217671537,-1.6777088460019396
8.74055021669502,11.426266425308976,-1.6777088460019396
8.74055021669502,11.651264632946415,-1.6777088460019396
8.74055021669502,11.876262840583854,-1.6777088460019396
8.74055021669502,12.101261048221293,-1.6777088460019396
8.74055021669502,12.32625925585873,-1.6777088460019396
8.74055021669502,12.551257463496169,-1.6777088460019396
8.74055021669502,12.776255671133608,-1.6777088460019396
8.74055021669502,13.001253878771047,-1.6777088460019396
12.119330500543187,1.9763417045365497,-1.6402942614296174
12.119330500543187,2.2013399121739883,-1.6402942614296174
12.119330500543187,2.426338119811427,-1.6402942614296174
12.119330500543187,2.651336327448866,-1.6402942614296174
12.119330500543187,2.8763345350863045,-1.6402942614296174
12.119330500543187,3.101332742723743,-1.6402942614296174
12.119330500543187,3.326330950361182,-1.6402942614296174
12.119330500543187,3.551329157998621,-1.6402942614296174
12.119330500543187,3.7763273656360594,-1.6402942614296174
12.119330500543187,4.001325573273498,-1.6402942614296174
12.083135299167676,4.226323780910937,-1.6402942614296174
12.083135299167676,4.451321988548376,-1.6402942614296174
12.083135299167676,4.676320196185815,-1.6402942614296174
12.083135299167676,4.901318403823253,-1.6402942614296174
12.083135299167676,5.126316611460692,-1.6402942614296174
12.083135299167676,5.35131481909813,-1.6402942614296174
12.083135299167676,5.576313026735569,-1.6402942614296174
12.083135299167676,5.801311234373008,-1.6402942614296174
12.083135299167676,6.026309442010446,-1.6402942614296174
12.083135299167676,6.251307649647885,-1.6402942614296174
12.083135299167676,6.476305857285324,-1.6402942614296174
12.083135299167676,6.701304064922763,-1.6402942614296174
12.083960379748138,6.926302272560202,-1.6402942614296174
12.083960379748138,7.15130048019764,-1.6402942614296174
12.083960379748138,7.376298687835079,-1.6402942614296174
12.083960379748138,7.601296895472518,-1.6402942614296174
12.083960379748138,7.826295103109956,-1.6402942614296174
12.081382832779918,8.051293310747395,-1.6402942614296174
12.081382832779918,8.276291518384834,-1.6402942614296174
12.076763128661954,8.501289726022272,-1.6402942614296174
12.076763128661954,8.726287933659712,-1.6402942614296174
8.74055021669502,8.95128614129715,-1.6402942614296174
8.74055021669502,9.176284348934589,-1.6402942614296174
8.74055021669502,9.401282556572028,-1.6402942614296174
8.74055021669502,9.626280764209465,-1.6402942614296174
8.74055021669502,9.851278971846906,-1.6402942614296174
8.74055021669502,10.076277179484343,-1.6402942614296174
8.74055021669502,10.301275387121782,-1.6402942614296174
8.74055021669502,10.526273594759221,-1.6402942614296174
8.74055021669502,10.75127180239666,-1.6402942614296174
8.74055021669502,10.976270010034098,-1.6402942614296174
8.74055021669502,11.201268217671537,-1.6402942614296174
8.74055021669502,11.426266425308976,-1.6402942614296174
8.74055021669502,11.651264632946415,-1.6402942614296174
8.74055021669502,11.876262840583854,-1.6402942614296174
8.74055021669502,12.101261048221293,-1.6402942614296174
8.74055021669502,12.32625925585873,-1.6402942614296174
8.74055021669502,12.551257463496169,-1.6402942614296174
8.74055021669502,12.776255671133608,-1.6402942614296174
8.74055021669502,13.001253878771047,-1.6402942614296174
12.119330500543187,1.9763417045365497,-1.602879676857295
12.119330500543187,2.2013399121739883,-1.602879676857295
12.119330500543187,2.426338119811427,-1.602879676857295
12.119330500543187,2.651336327448866,-1.602879676857295
12.119330500543187,2.8763345350863045,-1.602879676857295
12.119330500543187,3.101332742723743,-1.602879676857295
12.119330500543187,3.326330950361182,-1.602879676857295
12.119330500543187,3.551329157998621,-1.602879676857295
12.119330500543187,3.7763273656360594,-1.602879676857295
12.119330500543187,4.001325573273498,-1.602879676857295
12.083135299167676,4.226323780910937,-1.602879676857295
12.083135299167676,4.451321988548376,-1.602879676857295
12.083135299167676,4.676320196185815,-1.602879676857295
12.083135299167676,4.901318403823253,-1.602879676857295
12.083135299167676,5.126316611460692,-1.602879676857295
12.083135299167676,5.35131481909813,-1.602879676857295
12.083135299167676,5.576313026735569,-1.602879676857295
12.083135299167676,5.801311234373008,-1.602879676857295
12.083135299167676,6.026309442010446,-1.602879676857295
12.083135299167676,6.251307649647885,-1.602879676857295
12.083135299167676,6.476305857285324,-1.602879676857295
12.083135299167676,6.701304064922763,-1.602879676857295
12.083960379748138,6.926302272560202,-1.602879676857295
12.083960379748138,7.15130048019764,-1.602879676857295
12.083960379748138,7.376298687835079,-1.602879676857295
12.083960379748138,7.601296895472518,-1.602879676857295
12.083960379748138,7.826295103109956,-1.602879676857295
12.081382832779918,8.051293310747395,-1.602879676857295
12.081382832779918,8.276291518384834,-1.602879676857295
12.076763128661954,8.501289726022272,-1.602879676857295
12.076763128661954,8.726287933659712,-1.602879676857295
8.74055021669502,8.95128614129715,-1.602879676857295
8.74055021669502,9.176284348934589,-1.602879676857295
8.74055021669502,9.401282556572028,-1.602879676857295
8.74055021669502,9.626280764209465,-1.602879676857295
8.74055021669502,9.851278971846906,-1.602879676857295
8.74055021669502,10.076277179484343,-1.602879676857295
8.74055021669502,10.301275387121782,-1.602879676857295
8.74055021669502,10.526273594759221,-1.602879676857295
8.74055021669502,10.75127180239666,-1.602879676857295
8.74055021669502,10.976270010034098,-1.602879676857295
8.74055021669502,11.201268217671537,-1.602879676857295
8.74055021669502,11.426266425308976,-1.602879676857295
8.74055021669502,11.651264632946415,-1.602879676857295
8.74055021669502,11.876262840583854,-1.602879676857295
8.74055021669502,12.101261048221293,-1.602879676857295
8.74055021669502,12.32625925585873,-1.602879676857295
8.74055021669502,12.551257463496169,-1.602879676857295
8.74055021669502,12.776255671133608,-1.602879676857295
8.74055021669502,13.001253878771047,-1.602879676857295
12.119330500543187,1.9763417045365497,-1.5654650922849727
12.119330500543187,2.2013399121739883,-1.5654650922849727
12.119330500543187,2.426338119811427,-1.5654650922849727
12.119330500543187,2.651336327448866,-1.5654650922849727
12.119330500543187,2.8763345350863045,-1.5654650922849727
12.119330500543187,3.101332742723743,-1.5654650922849727
12.119330500543187,3.326330950361182,-1.5654650922849727
12.119330500543187,3.551329157998621,-1.5654650922849727
12.119330500543187,3.7763273656360594,-1.5654650922849727
12.119330500543187,4.001325573273498,-1.5654650922849727
12.083135299167676,4.226323780910937,-1.5654650922849727
12.083135299167676,4.451321988548376,-1.5654650922849727
12.083135299167676,4.676320196185815,-1.5654650922849727
12.083135299167676,4.901318403823253,-1.5654650922849727
12.083135299167676,5.126316611460692,-1.5654650922849727
12.083135299167676,5.35131481909813,-1.5654650922849727
12.083135299167676,5.576313026735569,-1.5654650922849727
12.083135299167676,5.801311234373008,-1.5654650922849727
12.083135299167676,6.026309442010446,-1.5654650922849727
12.083135299167676,6.251307649647885,-1.5654650922849727
12.083135299167676,6.476305857285324,-1.5654650922849727
12.083135299167676,6.701304064922763,-1.5654650922849727
12.083960379748138,6.926302272560202,-1.5654650922849727
12.083960379748138,7.15130048019764,-1.5654650922849727
12.083960379748138,7.376298687835079,-1.5654650922849727
12.083960379748138,7.601296895472518,-1.5654650922849727
12.083960379748138,7.826295103109956,-1.5654650922849727
12.081382832779918,8.051293310747395,-1.5654650922849727
12.081382832779918,8.276291518384834,-1.5654650922849727
12.076763128661954,8.501289726022272,-1.5654650922849727
12.076763128661954,8.726287933659712,-1.5654650922849727
8.74055021669502,8.95128614129715,-1.5654650922849727
8.74055021669502,9.176284348934589,-1.5654650922849727
8.74055021669502,9.401282556572028,-1.5654650922849727
8.74055021669502,9.626280764209465,-1.5654650922849727
8.74055021669502,9.851278971846906,-1.5654650922849727
8.74055021669502,10.076277179484343,-1.5654650922849727
8.74055021669502,10.301275387121782,-1.5654650922849727
8.74055021669502,10.526273594759221,-1.5654650922849727
8.74055021669502,10.75127180239666,-1.5654650922849727
8.74055021669502,10.976270010034098,-1.5654650922849727
8.74055021669502,11.201268217671537,-1.5654650922849727
8.74055021669502,11.426266425308976,-1.5654650922849727
8.74055021669502,11.651264632946415,-1.5654650922849727
8.74055021669502,11.876262840583854,-1.5654650922849727
8.74055021669502,12.101261048221293,-1.5654650922849727
8.74055021669502,12.32625925585873,-1.5654650922849727
8.74055021669502,12.551257463496169,-1.5654650922849727
8.74055021669502,12.776255671133608,-1.5654650922849727
8.74055021669502,13.001253878771047,-1.5654650922849727
12.119330500543187,1.9763417045365497,-1.5280505077126503
12.119330500543187,2.2013399121739883,-1.5280505077126503
12.119330500543187,2.426338119811427,-1.5280505077126503
12.119330500543187,2.651336327448866,-1.5280505077126503
12.119330500543187,2.8763345350863045,-1.5280505077126503
12.119330500543187,3.101332742723743,-1.5280505077126503
12.119330500543187,3.326330950361182,-1.5280505077126503
12.119330500543187,3.551329157998621,-1.5280505077126503
12.119330500543187,3.7763273656360594,-1.5280505077126503
12.119330500543187,4.001325573273498,-1.5280505077126503
12.083135299167676,4.226323780910937,-1.5280505077126503
12.083135299167676,4.451321988548376,-1.5280505077126503
12.083135299167676,4.676320196185815,-1.5280505077126503
12.083135299167676,4.901318403823253,-1.5280505077126503
12.083135299167676,5.126316611460692,-1.5280505077126503
12.083135299167676,5.35131481909813,-1.5280505077126503
12.083135299167676,5.576313026735569,-1.5280505077126503
12.083135299167676,5.801311234373008,-1.5280505077126503
12.083135299167676,6.026309442010446,-1.5280505077126503
12.083135299167676,6.251307649647885,-1.5280505077126503
12.083135299167676,6.476305857285324,-1.5280505077126503
12.083135299167676,6.701304064922763,-1.5280505077126503
12.083960379748138,6.926302272560202,-1.5280505077126503
12.083960379748138,7.15130048019764,-1.5280505077126503
12.083960379748138,7.376298687835079,-1.5280505077126503
12.083960379748138,7.601296895472518,-1.5280505077126503
12.083960379748138,7.826295103109956,-1.5280505077126503
12.081382832779918,8.051293310747395,-1.5280505077126503
12.081382832779918,8.276291518384834,-1.5280505077126503
12.076763128661954,8.501289726022272,-1.5280505077126503
12.076763128661954,8.726287933659712,-1.5280505077126503
8.74055021669502,8.95128614129715,-1.5280505077126503
8.74055021669502,9.176284348934589,-1.5280505077126503
8.74055021669502,9.401282556572028,-1.5280505077126503
8.74055021669502,9.626280764209465,-1.5280505077126503
8.74055021669502,9.851278971846906,-1.5280505077126503
8.74055021669502,10.076277179484343,-1.5280505077126503
8.74055021669502,10.301275387121782,-1.5280505077126503
8.74055021669502,10.526273594759221,-1.5280505077126503
8.74055021669502,10.75127180239666,-1.5280505077126503
8.74055021669502,10.976270010034098,-1.5280505077126503
8.74055021669502,11.201268217671537,-1.5280505077126503
8.74055021669502,11.426266425308976,-1.5280505077126503
8.74055021669502,11.651264632946415,-1.5280505077126503
8.74055021669502,11.876262840583854,-1.5280505077126503
8.74055021669502,12.101261048221293,-1.5280505077126503
8.74055021669502,12.32625925585873,-1.5280505077126503
8.74055021669502,12.551257463496169,-1.5280505077126503
8.74055021669502,12.776255671133608,-1.5280505077126503
8.74055021669502,13.001253878771047,-1.5280505077126503
12.119330500543187,1.9763417045365497,-1.490635923140328
12.119330500543187,2.2013399121739883,-1.490635923140328
12.119330500543187,2.426338119811427,-1.490635923140328
12.119330500543187,2.651336327448866,-1.490635923140328
12.119330500543187,2.8763345350863045,-1.490635923140328
12.119330500543187,3.101332742723743,-1.490635923140328
12.119330500543187,3.326330950361182,-1.490635923140328
12.119330500543187,3.551329157998621,-1.490635923140328
12.119330500543187,3.7763273656360594,-1.490635923140328
12.119330500543187,4.001325573273498,-1.490635923140328
12.083135299167676,4.226323780910937,-1.490635923140328
12.083135299167676,4.451321988548376,-1.490635923140328
12.083135299167676,4.676320196185815,-1.490635923140328
12.083135299167676,4.901318403823253,-1.490635923140328
12.083135299167676,5.126316611460692,-1.490635923140328
12.083135299167676,5.35131481909813,-1.490635923140328
12.083135299167676,5.576313026735569,-1.490635923140328
12.083135299167676,5.801311234373008,-1.490635923140328
12.083135299167676,6.026309442010446,-1.490635923140328
12.083135299167676,6.251307649647885,-1.490635923140328
12.083135299167676,6.476305857285324,-1.490635923140328
12.083135299167676,6.701304064922763,-1.490635923140328
12.083960379748138,6.926302272560202,-1.490635923140328
12.083960379748138,7.15130048019764,-1.490635923140328
12.083960379748138,7.376298687835079,-1.490635923140328
12.083960379748138,7.601296895472518,-1.490635923140328
12.083960379748138,7.826295103109956,-1.490635923140328
12.081382832779918,8.051293310747395,-1.490635923140328
12.081382832779918,8.276291518384834,-1.490635923140328
12.076763128661954,8.501289726022272,-1.490635923140328
12.076763128661954,8.726287933659712,-1.490635923140328
8.74055021669502,8.95128614129715,-1.490635923140328
8.74055021669502,9.176284348934589,-1.490635923140328
8.74055021669502,9.401282556572028,-1.490635923140328
8.74055021669502,9.626280764209465,-1.490635923140328
8.74055021669502,9.851278971846906,-1.490635923140328
8.74055021669502,10.076277179484343,-1.490635923140328
8.74055021669502,10.301275387121782,-1.490635923140328
8.74055021669502,10.526273594759221,-1.490635923140328
8.74055021669502,10.75127180239666,-1.490635923140328
8.74055021669502,10.976270010034098,-1.490635923140328
8.74055021669502,11.201268217671537,-1.490635923140328
8.74055021669502,11.426266425308976,-1.490635923140328
8.74055021669502,11.651264632946415,-1.490635923140328
8.74055021669502,11.876262840583854,-1.490635923140328
8.74055021669502,12.101261048221293,-1.490635923140328
8.74055021669502,12.32625925585873,-1.490635923140328
8.74055021669502,12.551257463496169,-1.490635923140328
8.74055021669502,12.776255671133608,-1.490635923140328
8.74055021669502,13.001253878771047,-1.490635923140328
12.119330500543187,1.9763417045365497,-1.4532213385680055
12.119330500543187,2.2013399121739883,-1.4532213385680055
12.119330500543187,2.426338119811427,-1.4532213385680055
12.119330500543187,2.651336327448866,-1.4532213385680055
12.119330500543187,2.8763345350863045,-1.4532213385680055
12.119330500543187,3.101332742723743,-1.4532213385680055
12.119330500543187,3.326330950361182,-1.4532213385680055
12.119330500543187,3.551329157998621,-1.4532213385680055
12.119330500543187,3.7763273656360594,-1.4532213385680055
12.119330500543187,4.001325573273498,-1.4532213385680055
12.083135299167676,4.226323780910937,-1.4532213385680055
12.083135299167676,4.451321988548376,-1.4532213385680055
12.083135299167676,4.676320196185815,-1.4532213385680055
12.083135299167676,4.901318403823253,-1.4532213385680055
12.083135299167676,5.126316611460692,-1.4532213385680055
12.083135299167676,5.35131481909813,-1.4532213385680055
12.083135299167676,5.576313026735569,-1.4532213385680055
12.083135299167676,5.801311234373008,-1.4532213385680055
12.083135299167676,6.026309442010446,-1.4532213385680055
12.083135299167676,6.251307649647885,-1.4532213385680055
12.083135299167676,6.476305857285324,-1.4532213385680055
12.083135299167676,6.701304064922763,-1.4532213385680055
12.083960379748138,6.926302272560202,-1.4532213385680055
12.083960379748138,7.15130048019764,-1.4532213385680055
12.083960379748138,7.376298687835079,-1.4532213385680055
12.083960379748138,7.601296895472518,-1.4532213385680055
12.083960379748138,7.826295103109956,-1.4532213385680055
12.081382832779918,8.051293310747395,-1.4532213385680055
12.081382832779918,8.276291518384834,-1.4532213385680055
12.076763128661954,8.501289726022272,-1.4532213385680055
12.076763128661954,8.726287933659712,-1.4532213385680055
8.74055021669502,8.95128614129715,-1.4532213385680055
8.74055021669502,9.176284348934589,-1.4532213385680055
8.74055021669502,9.401282556572028,-1.4532213385680055
8.74055021669502,9.626280764209465,-1.4532213385680055
8.74055021669502,9.851278971846906,-1.4532213385680055
8.74055021669502,10.076277179484343,-1.4532213385680055
8.74055021669502,10.301275387121782,-1.4532213385680055
8.74055021669502,10.526273594759221,-1.4532213385680055
8.74055021669502,10.75127180239666,-1.4532213385680055
8.74055021669502,10.976270010034098,-1.4532213385680055
8.74055021669502,11.201268217671537,-1.4532213385680055
8.74055021669502,11.426266425308976,-1.4532213385680055
8.74055021669502,11.651264632946415,-1.4532213385680055
8.74055021669502,11.876262840583854,-1.4532213385680055
8.74055021669502,12.101261048221293,-1.4532213385680055
8.74055021669502,12.32625925585873,-1.4532213385680055
8.74055021669502,12.551257463496169,-1.4532213385680055
8.74055021669502,12.776255671133608,-1.4532213385680055
8.74055021669502,13.001253878771047,-1.4532213385680055
12.119330500543187,1.9763417045365497,-1.4158067539956831
12.119330500543187,2.2013399121739883,-1.4158067539956831
12.119330500543187,2.426338119811427,-1.4158067539956831
12.119330500543187,2.651336327448866,-1.4158067539956831
12.119330500543187,2.8763345350863045,-1.4158067539956831
12.119330500543187,3.101332742723743,-1.4158067539956831
12.119330500543187,3.326330950361182,-1.4158067539956831
12.119330500543187,3.551329157998621,-1.4158067539956831
12.119330500543187,3.7763273656360594,-1.4158067539956831
12.119330500543187,4.001325573273498,-1.4158067539956831
12.083135299167676,4.226323780910937,-1.4158067539956831
12.083135299167676,4.451321988548376,-1.4158067539956831
12.083135299167676,4.676320196185815,-1.4158067539956831
12.083135299167676,4.901318403823253,-1.4158067539956831
12.083135299167676,5.126316611460692,-1.4158067539956831
12.083135299167676,5.35131481909813,-1.4158067539956831
12.083135299167676,5.576313026735569,-1.4158067539956831
12.083135299167676,5.801311234373008,-1.4158067539956831
12.083135299167676,6.026309442010446,-1.4158067539956831
12.083135299167676,6.251307649647885,-1.4158067539956831
12.083135299167676,6.476305857285324,-1.4158067539956831
12.083135299167676,6.701304064922763,-1.4158067539956831
12.083960379748138,6.926302272560202,-1.4158067539956831
12.083960379748138,7.15130048019764,-1.4158067539956831
12.083960379748138,7.376298687835079,-1.4158067539956831
12.083960379748138,7.601296895472518,-1.4158067539956831
12.083960379748138,7.826295103109956,-1.4158067539956831
12.081382832779918,8.051293310747395,-1.4158067539956831
12.081382832779918,8.276291518384834,-1.4158067539956831
12.076763128661954,8.501289726022272,-1.4158067539956831
12.076763128661954,8.726287933659712,-1.4158067539956831
8.74055021669502,8.95128614129715,-1.4158067539956831
8.74055021669502,9.176284348934589,-1.4158067539956831
8.74055021669502,9.401282556572028,-1.4158067539956831
8.74055021669502,9.626280764209465,-1.4158067539956831
8.74055021669502,9.851278971846906,-1.4158067539956831
8.74055021669502,10.076277179484343,-1.4158067539956831
8.74055021669502,10.301275387121782,-1.4158067539956831
8.74055021669502,10.526273594759221,-1.4158067539956831
8.74055021669502,10.75127180239666,-1.4158067539956831
8.74055021669502,10.976270010034098,-1.4158067539956831
8.74055021669502,11.201268217671537,-1.4158067539956831
8.74055021669502,11.426266425308976,-1.4158067539956831
8.74055021669502,11.651264632946415,-1.4158067539956831
8.74055021669502,11.876262840583854,-1.4158067539956831
8.74055021669502,12.101261048221293,-1.4158067539956831
8.74055021669502,12.32625925585873,-1.4158067539956831
8.74055021669502,12.551257463496169,-1.4158067539956831
8.74055021669502,12.776255671133608,-1.4158067539956831
8.74055021669502,13.001253878771047,-1.4158067539956831
12.119330500543187,1.9763417045365497,-1.3783921694233607
12.119330500543187,2.2013399121739883,-1.3783921694233607
12.119330500543187,2.426338119811427,-1.3783921694233607
12.119330500543187,2.651336327448866,-1.3783921694233607
12.119330500543187,2.8763345350863045,-1.3783921694233607
12.119330500543187,3.101332742723743,-1.3783921694233607
12.119330500543187,3.326330950361182,-1.3783921694233607
12.119330500543187,3.551329157998621,-1.3783921694233607
12.119330500543187,3.7763273656360594,-1.3783921694233607
12.119330500543187,4.001325573273498,-1.3783921694233607
12.083135299167676,4.226323780910937,-1.3783921694233607
12.083135299167676,4.451321988548376,-1.3783921694233607
12.083135299167676,4.676320196185815,-1.3783921694233607
12.083135299167676,4.901318403823253,-1.3783921694233607
12.083135299167676,5.126316611460692,-1.3783921694233607
12.083135299167676,5.35131481909813,-1.3783921694233607
12.083135299167676,5.576313026735569,-1.3783921694233607
12.083135299167676,5.801311234373008,-1.3783921694233607
12.083135299167676,6.026309442010446,-1.3783921694233607
12.083135299167676,6.251307649647885,-1.3783921694233607
12.083135299167676,6.476305857285324,-1.3783921694233607
12.083135299167676,6.701304064922763,-1.3783921694233607
12.083960379748138,6.926302272560202,-1.3783921694233607
12.083960379748138,7.15130048019764,-1.3783921694233607
12.083960379748138,7.376298687835079,-1.3783921694233607
12.083960379748138,7.601296895472518,-1.3783921694233607
12.083960379748138,7.826295103109956,-1.3783921694233607
12.081382832779918,8.051293310747395,-1.3783921694233607
12.081382832779918,8.276291518384834,-1.3783921694233607
12.076763128661954,8.501289726022272,-1.3783921694233607
12.076763128661954,8.726287933659712,-1.3783921694233607
8.74055021669502,8.95128614129715,-1.3783921694233607
8.74055021669502,9.176284348934589,-1.3783921694233607
8.74055021669502,9.401282556572028,-1.3783921694233607
8.74055021669502,9.626280764209465,-1.3783921694233607
8.74055021669502,9.851278971846906,-1.3783921694233607
8.74055021669502,10.076277179484343,-1.3783921694233607
8.74055021669502,10.301275387121782,-1.3783921694233607
8.74055021669502,10.526273594759221,-1.3783921694233607
8.74055021669502,10.75127180239666,-1.3783921694233607
8.74055021669502,10.976270010034098,-1.3783921694233607
8.74055021669502,11.201268217671537,-1.3783921694233607
8.74055021669502,11.426266425308976,-1.3783921694233607
8.74055021669502,11.651264632946415,-1.3783921694233607
8.74055021669502,11.876262840583854,-1.3783921694233607
8.74055021669502,12.101261048221293,-1.3783921694233607
8.74055021669502,12.32625925585873,-1.3783921694233607
8.74055021669502,12.551257463496169,-1.3783921694233607
8.74055021669502,12.776255671133608,-1.3783921694233607
8.74055021669502,13.001253878771047,-1.3783921694233607
12.119330500543187,1.9763417045365497,-1.3409775848510384
12.119330500543187,2.2013399121739883,-1.3409775848510384
12.119330500543187,2.426338119811427,-1.3409775848510384
12.119330500543187,2.651336327448866,-1.3409775848510384
12.119330500543187,2.8763345350863045,-1.3409775848510384
12.119330500543187,3.101332742723743,-1.3409775848510384
12.119330500543187,3.326330950361182,-1.3409775848510384
12.119330500543187,3.551329157998621,-1.3409775848510384
12.119330500543187,3.7763273656360594,-1.3409775848510384
12.119330500543187,4.001325573273498,-1.3409775848510384
12.083135299167676,4.226323780910937,-1.3409775848510384
12.083135299167676,4.451321988548376,-1.3409775848510384
12.083135299167676,4.676320196185815,-1.3409775848510384
12.083135299167676,4.901318403823253,-1.3409775848510384
12.083135299167676,5.126316611460692,-1.3409775848510384
12.083135299167676,5.35131481909813,-1.3409775848510384
12.083135299167676,5.576313026735569,-1.3409775848510384
12.083135299167676,5.801311234373008,-1.3409775848510384
12.083135299167676,6.026309442010446,-1.3409775848510384
12.083135299167676,6.251307649647885,-1.3409775848510384
12.083135299167676,6.476305857285324,-1.3409775848510384
12.083135299167676,6.701304064922763,-1.3409775848510384
12.083960379748138,6.926302272560202,-1.3409775848510384
12.083960379748138,7.15130048019764,-1.3409775848510384
12.083960379748138,7.376298687835079,-1.3409775848510384
12.083960379748138,7.601296895472518,-1.3409775848510384
12.083960379748138,7.826295103109956,-1.3409775848510384
12.081382832779918,8.051293310747395,-1.3409775848510384
12.081382832779918,8.276291518384834,-1.3409775848510384
12.076763128661954,8.501289726022272,-1.3409775848510384
12.076763128661954,8.726287933659712,-1.3409775848510384
8.74055021669502,8.95128614129715,-1.3409775848510384
8.74055021669502,9.176284348934589,-1.3409775848510384
8.74055021669502,9.401282556572028,-1.3409775848510384
8.74055021669502,9.626280764209465,-1.3409775848510384
8.74055021669502,9.851278971846906,-1.3409775848510384
8.74055021669502,10.076277179484343,-1.3409775848510384
8.74055021669502,10.301275387121782,-1.3409775848510384
8.74055021669502,10.526273594759221,-1.3409775848510384
8.74055021669502,10.75127180239666,-1.3409775848510384
8.74055021669502,10.976270010034098,-1.3409775848510384
8.74055021669502,11.201268217671537,-1.3409775848510384
8.74055021669502,11.426266425308976,-1.3409775848510384
8.74055021669502,11.651264632946415,-1.3409775848510384
8.74055021669502,11.876262840583854,-1.3409775848510384
8.74055021669502,12.101261048221293,-1.3409775848510384
8.74055021669502,12.32625925585873,-1.3409775848510384
8.74055021669502,12.551257463496169,-1.3409775848510384
8.74055021669502,12.776255671133608,-1.3409775848510384
8.74055021669502,13.001253878771047,-1.3409775848510384
12.119330500543187,1.9763417045365497,-1.3035630002787162
12.119330500543187,2.2013399121739883,-1.3035630002787162
12.119330500543187,2.426338119811427,-1.3035630002787162
12.119330500543187,2.651336327448866,-1.3035630002787162
12.119330500543187,2.8763345350863045,-1.3035630002787162
12.119330500543187,3.101332742723743,-1.3035630002787162
12.119330500543187,3.326330950361182,-1.3035630002787162
12.119330500543187,3.551329157998621,-1.3035630002787162
12.119330500543187,3.7763273656360594,-1.3035630002787162
12.119330500543187,4.001325573273498,-1.3035630002787162
12.083135299167676,4.226323780910937,-1.3035630002787162
12.083135299167676,4.451321988548376,-1.3035630002787162
12.083135299167676,4.676320196185815,-1.3035630002787162
12.083135299167676,4.901318403823253,-1.3035630002787162
12.083135299167676,5.126316611460692,-1.3035630002787162
12.083135299167676,5.35131481909813,-1.3035630002787162
12.083135299167676,5.576313026735569,-1.3035630002787162
12.083135299167676,5.801311234373008,-1.3035630002787162
12.083135299167676,6.026309442010446,-1.3035630002787162
12.083135299167676,6.251307649647885,-1.3035630002787162
12.083135299167676,6.476305857285324,-1.3035630002787162
12.083135299167676,6.701304064922763,-1.3035630002787162
12.083960379748138,6.926302272560202,-1.3035630002787162
12.083960379748138,7.15130048019764,-1.3035630002787162
12.083960379748138,7.376298687835079,-1.3035630002787162
12.083960379748138,7.601296895472518,-1.3035630002787162
12.083960379748138,7.826295103109956,-1.3035630002787162
12.081382832779918,8.051293310747395,-1.3035630002787162
12.081382832779918,8.276291518384834,-1.3035630002787162
12.076763128661954,8.501289726022272,-1.3035630002787162
12.076763128661954,8.726287933659712,-1.3035630002787162
8.74055021669502,8.95128614129715,-1.3035630002787162
8.74055021669502,9.176284348934589,-1.3035630002787162
8.74055021669502,9.401282556572028,-1.3035630002787162
8.74055021669502,9.626280764209465,-1.3035630002787162
8.74055021669502,9.851278971846906,-1.3035630002787162
8.74055021669502,10.076277179484343,-1.3035630002787162
8.74055021669502,10.301275387121782,-1.3035630002787162
8.74055021669502,10.526273594759221,-1.3035630002787162
8.74055021669502,10.75127180239666,-1.3035630002787162
8.74055021669502,10.976270010034098,-1.3035630002787162
8.74055021669502,11.201268217671537,-1.3035630002787162
8.74055021669502,11.426266425308976,-1.3035630002787162
8.74055021669502,11.651264632946415,-1.3035630002787162
8.74055021669502,11.876262840583854,-1.3035630002787162
8.74055021669502,12.101261048221293,-1.3035630002787162
8.74055021669502,12.32625925585873,-1.3035630002787162
8.74055021669502,12.551257463496169,-1.3035630002787162
8.74055021669502,12.776255671133608,-1.3035630002787162
8.74055021669502,13.001253878771047,-1.3035630002787162
12.119330500543187,1.9763417045365497,-1.2661484157063936
12.119330500543187,2.2013399121739883,-1.2661484157063936
12.119330500543187,2.426338119811427,-1.2661484157063936
12.119330500543187,2.651336327448866,-1.2661484157063936
12.119330500543187,2.8763345350863045,-1.2661484157063936
12.119330500543187,3.101332742723743,-1.2661484157063936
12.119330500543187,3.326330950361182,-1.2661484157063936
12.119330500543187,3.551329157998621,-1.2661484157063936
12.119330500543187,3.7763273656360594,-1.2661484157063936
12.119330500543187,4.001325573273498,-1.2661484157063936
12.083135299167676,4.226323780910937,-1.2661484157063936
12.083135299167676,4.451321988548376,-1.2661484157063936
12.083135299167676,4.676320196185815,-1.2661484157063936
12.083135299167676,4.901318403823253,-1.2661484157063936
12.083135299167676,5.126316611460692,-1.2661484157063936
12.083135299167676,5.35131481909813,-1.2661484157063936
12.083135299167676,5.576313026735569,-1.2661484157063936
12.083135299167676,5.801311234373008,-1.2661484157063936
12.083135299167676,6.026309442010446,-1.2661484157063936
12.083135299167676,6.251307649647885,-1.2661484157063936
12.083135299167676,6.476305857285324,-1.2661484157063936
12.083135299167676,6.701304064922763,-1.2661484157063936
12.083960379748138,6.926302272560202,-1.2661484157063936
12.083960379748138,7.15130048019764,-1.2661484157063936
12.083960379748138,7.376298687835079,-1.2661484157063936
12.083960379748138,7.601296895472518,-1.2661484157063936
12.083960379748138,7.826295103109956,-1.2661484157063936
12.081382832779918,8.051293310747395,-1.2661484157063936
12.081382832779918,8.276291518384834,-1.2661484157063936
12.076763128661954,8.501289726022272,-1.2661484157063936
12.076763128661954,8.726287933659712,-1.2661484157063936
8.74055021669502,8.95128614129715,-1.2661484157063936
8.74055021669502,9.176284348934589,-1.2661484157063936
8.74055021669502,9.401282556572028,-1.2661484157063936
8.74055021669502,9.626280764209465,-1.2661484157063936
8.74055021669502,9.851278971846906,-1.2661484157063936
8.74055021669502,10.076277179484343,-1.2661484157063936
8.74055021669502,10.301275387121782,-1.2661484157063936
8.74055021669502,10.526273594759221,-1.2661484157063936
8.74055021669502,10.75127180239666,-1.2661484157063936
8.74055021669502,10.976270010034098,-1.2661484157063936
8.74055021669502,11.201268217671537,-1.2661484157063936
8.74055021669502,11.426266425308976,-1.2661484157063936
8.74055021669502,11.651264632946415,-1.2661484157063936
8.74055021669502,11.876262840583854,-1.2661484157063936
8.74055021669502,12.101261048221293,-1.2661484157063936
8.74055021669502,12.32625925585873,-1.2661484157063936
8.74055021669502,12.551257463496169,-1.2661484157063936
8.74055021669502,12.776255671133608,-1.2661484157063936
8.74055021669502,13.001253878771047,-1.2661484157063936
12.119330500543187,1.9763417045365497,-1.2287338311340714
12.119330500543187,2.2013399121739883,-1.2287338311340714
12.119330500543187,2.426338119811427,-1.2287338311340714
12.119330500543187,2.651336327448866,-1.2287338311340714
12.119330500543187,2.8763345350863045,-1.2287338311340714
12.119330500543187,3.101332742723743,-1.2287338311340714
12.119330500543187,3.326330950361182,-1.2287338311340714
12.119330500543187,3.551329157998621,-1.2287338311340714
12.119330500543187,3.7763273656360594,-1.2287338311340714
12.119330500543187,4.001325573273498,-1.2287338311340714
12.083135299167676,4.226323780910937,-1.2287338311340714
12.083135299167676,4.451321988548376,-1.2287338311340714
12.083135299167676,4.676320196185815,-1.2287338311340714
12.083135299167676,4.901318403823253,-1.2287338311340714
12.083135299167676,5.126316611460692,-1.2287338311340714
12.083135299167676,5.35131481909813,-1.2287338311340714
12.083135299167676,5.576313026735569,-1.2287338311340714
12.083135299167676,5.801311234373008,-1.2287338311340714
12.083135299167676,6.026309442010446,-1.2287338311340714
12.083135299167676,6.251307649647885,-1.2287338311340714
12.083135299167676,6.476305857285324,-1.2287338311340714
12.083135299167676,6.701304064922763,-1.2287338311340714
12.083960379748138,6.926302272560202,-1.2287338311340714
12.083960379748138,7.15130048019764,-1.2287338311340714
12.083960379748138,7.376298687835079,-1.2287338311340714
12.083960379748138,7.601296895472518,-1.2287338311340714
12.083960379748138,7.826295103109956,-1.2287338311340714
12.081382832779918,8.051293310747395,-1.2287338311340714
12.081382832779918,8.276291518384834,-1.2287338311340714
12.076763128661954,8.501289726022272,-1.2287338311340714
12.076763128661954,8.726287933659712,-1.2287338311340714
8.74055021669502,8.95128614129715,-1.2287338311340714
8.74055021669502,9.176284348934589,-1.2287338311340714
8.74055021669502,9.401282556572028,-1.2287338311340714
8.74055021669502,9.626280764209465,-1.2287338311340714
8.74055021669502,9.851278971846906,-1.2287338311340714
8.74055021669502,10.076277179484343,-1.2287338311340714
8.74055021669502,10.301275387121782,-1.2287338311340714
8.74055021669502,10.526273594759221,-1.2287338311340714
8.74055021669502,10.75127180239666,-1.2287338311340714
8.74055021669502,10.976270010034098,-1.2287338311340714
8.74055021669502,11.201268217671537,-1.2287338311340714
8.74055021669502,11.426266425308976,-1.2287338311340714
8.74055021669502,11.651264632946415,-1.2287338311340714
8.74055021669502,11.876262840583854,-1.2287338311340714
8.74055021669502,12.101261048221293,-1.2287338311340714
8.74055021669502,12.32625925585873,-1.2287338311340714
8.74055021669502,12.551257463496169,-1.2287338311340714
8.74055021669502,12.776255671133608,-1.2287338311340714
8.74055021669502,13.001253878771047,-1.2287338311340714
12.119330500543187,1.9763417045365497,-1.1913192465617488
12.119330500543187,2.2013399121739883,-1.1913192465617488
12.119330500543187,2.426338119811427,-1.1913192465617488
12.119330500543187,2.651336327448866,-1.1913192465617488
12.119330500543187,2.8763345350863045,-1.1913192465617488
12.119330500543187,3.101332742723743,-1.1913192465617488
12.119330500543187,3.326330950361182,-1.1913192465617488
12.119330500543187,3.551329157998621,-1.1913192465617488
12.119330500543187,3.7763273656360594,-1.1913192465617488
12.119330500543187,4.001325573273498,-1.1913192465617488
12.083135299167676,4.226323780910937,-1.1913192465617488
12.083135299167676,4.451321988548376,-1.1913192465617488
12.083135299167676,4.676320196185815,-1.1913192465617488
12.083135299167676,4.901318403823253,-1.1913192465617488
12.083135299167676,5.126316611460692,-1.1913192465617488
12.083135299167676,5.35131481909813,-1.1913192465617488
12.083135299167676,5.576313026735569,-1.1913192465617488
12.083135299167676,5.801311234373008,-1.1913192465617488
12.083135299167676,6.026309442010446,-1.1913192465617488
12.083135299167676,6.251307649647885,-1.1913192465617488
12.083135299167676,6.476305857285324,-1.1913192465617488
12.083135299167676,6.701304064922763,-1.1913192465617488
12.083960379748138,6.926302272560202,-1.1913192465617488
12.083960379748138,7.15130048019764,-1.1913192465617488
12.083960379748138,7.376298687835079,-1.1913192465617488
12.083960379748138,7.601296895472518,-1.1913192465617488
12.083960379748138,7.826295103109956,-1.1913192465617488
12.081382832779918,8.051293310747395,-1.1913192465617488
12.081382832779918,8.276291518384834,-1.1913192465617488
12.076763128661954,8.501289726022272,-1.1913192465617488
12.076763128661954,8.726287933659712,-1.1913192465617488
8.74055021669502,8.95128614129715,-1.1913192465617488
8.74055021669502,9.176284348934589,-1.1913192465617488
8.74055021669502,9.401282556572028,-1.1913192465617488
8.74055021669502,9.626280764209465,-1.1913192465617488
8.74055021669502,9.851278971846906,-1.1913192465617488
8.74055021669502,10.076277179484343,-1.1913192465617488
8.74055021669502,10.301275387121782,-1.1913192465617488
8.74055021669502,10.526273594759221,-1.1913192465617488
8.74055021669502,10.75127180239666,-1.1913192465617488
8.74055021669502,10.976270010034098,-1.1913192465617488
8.74055021669502,11.201268217671537,-1.1913192465617488
8.74055021669502,11.426266425308976,-1.1913192465617488
8.74055021669502,11.651264632946415,-1.1913192465617488
8.74055021669502,11.876262840583854,-1.1913192465617488
8.74055021669502,12.101261048221293,-1.1913192465617488
8.74055021669502,12.32625925585873,-1.1913192465617488
8.74055021669502,12.551257463496169,-1.1913192465617488
8.74055021669502,12.776255671133608,-1.1913192465617488
8.74055021669502,13.001253878771047,-1.1913192465617488
12.119330500543187,1.9763417045365497,-1.1539046619894266
12.119330500543187,2.2013399121739883,-1.1539046619894266
12.119330500543187,2.426338119811427,-1.1539046619894266
12.119330500543187,2.651336327448866,-1.1539046619894266
12.119330500543187,2.8763345350863045,-1.1539046619894266
12.119330500543187,3.101332742723743,-1.1539046619894266
12.119330500543187,3.326330950361182,-1.1539046619894266
12.119330500543187,3.551329157998621,-1.1539046619894266
12.119330500543187,3.7763273656360594,-1.1539046619894266
12.119330500543187,4.001325573273498,-1.1539046619894266
12.083135299167676,4.226323780910937,-1.1539046619894266
12.083135299167676,4.451321988548376,-1.1539046619894266
12.083135299167676,4.676320196185815,-1.1539046619894266
12.083135299167676,4.901318403823253,-1.1539046619894266
12.083135299167676,5.126316611460692,-1.1539046619894266
12.083135299167676,5.35131481909813,-1.1539046619894266
12.083135299167676,5.576313026735569,-1.1539046619894266
12.083135299167676,5.801311234373008,-1.1539046619894266
12.083135299167676,6.026309442010446,-1.1539046619894266
12.083135299167676,6.251307649647885,-1.1539046619894266
12.083135299167676,6.476305857285324,-1.1539046619894266
12.083135299167676,6.701304064922763,-1.1539046619894266
12.083960379748138,6.926302272560202,-1.1539046619894266
12.083960379748138,7.15130048019764,-1.1539046619894266
12.083960379748138,7.376298687835079,-1.1539046619894266
12.083960379748138,7.601296895472518,-1.1539046619894266
12.083960379748138,7.826295103109956,-1.1539046619894266
12.081382832779918,8.051293310747395,-1.1539046619894266
12.081382832779918,8.276291518384834,-1.1539046619894266
12.076763128661954,8.501289726022272,-1.1539046619894266
12.076763128661954,8.726287933659712,-1.1539046619894266
8.74055021669502,8.95128614129715,-1.1539046619894266
8.74055021669502,9.176284348934589,-1.1539046619894266
8.74055021669502,9.401282556572028,-1.1539046619894266
8.74055021669502,9.626280764209465,-1.1539046619894266
8.74055021669502,9.851278971846906,-1.1539046619894266
8.74055021669502,10.076277179484343,-1.1539046619894266
8.74055021669502,10.301275387121782,-1.1539046619894266
8.74055021669502,10.526273594759221,-1.1539046619894266
8.74055021669502,10.75127180239666,-1.1539046619894266
8.74055021669502,10.976270010034098,-1.1539046619894266
8.74055021669502,11.201268217671537,-1.1539046619894266
8.74055021669502,11.426266425308976,-1.1539046619894266
8.74055021669502,11.651264632946415,-1.1539046619894266
8.74055021669502,11.876262840583854,-1.1539046619894266
8.74055021669502,12.101261048221293,-1.1539046619894266
8.74055021669502,12.32625925585873,-1.1539046619894266
8.74055021669502,12.551257463496169,-1.1539046619894266
8.74055021669502,12.776255671133608,-1.1539046619894266
8.74055021669502,13.001253878771047,-1.1539046619894266
12.119330500543187,1.9763417045365497,-1.1164900774171043
12.119330500543187,2.2013399121739883,-1.1164900774171043
12.119330500543187,2.426338119811427,-1.1164900774171043
12.119330500543187,2.651336327448866,-1.1164900774171043
12.119330500543187,2.8763345350863045,-1.1164900774171043
12.119330500543187,3.101332742723743,-1.1164900774171043
12.119330500543187,3.326330950361182,-1.1164900774171043
12.119330500543187,3.551329157998621,-1.1164900774171043
12.119330500543187,3.7763273656360594,-1.1164900774171043
12.119330500543187,4.001325573273498,-1.1164900774171043
12.083135299167676,4.226323780910937,-1.1164900774171043
12.083135299167676,4.451321988548376,-1.1164900774171043
12.083135299167676,4.676320196185815,-1.1164900774171043
12.083135299167676,4.901318403823253,-1.1164900774171043
12.083135299167676,5.126316611460692,-1.1164900774171043
12.083135299167676,5.35131481909813,-1.1164900774171043
12.083135299167676,5.576313026735569,-1.1164900774171043
12.083135299167676,5.801311234373008,-1.1164900774171043
12.083135299167676,6.026309442010446,-1.1164900774171043
12.083135299167676,6.251307649647885,-1.1164900774171043
12.083135299167676,6.476305857285324,-1.1164900774171043
12.083135299167676,6.701304064922763,-1.1164900774171043
12.083960379748138,6.926302272560202,-1.1164900774171043
12.083960379748138,7.15130048019764,-1.1164900774171043
12.083960379748138,7.376298687835079,-1.1164900774171043
12.083960379748138,7.601296895472518,-1.1164900774171043
12.083960379748138,7.826295103109956,-1.1164900774171043
12.081382832779918,8.051293310747395,-1.1164900774171043
12.081382832779918,8.276291518384834,-1.1164900774171043
12.076763128661954,8.501289726022272,-1.1164900774171043
12.076763128661954,8.726287933659712,-1.1164900774171043
8.74055021669502,8.95128614129715,-1.1164900774171043
8.74055021669502,9.176284348934589,-1.1164900774171043
8.74055021669502,9.401282556572028,-1.1164900774171043
8.74055021669502,9.626280764209465,-1.1164900774171043
8.74055021669502,9.851278971846906,-1.1164900774171043
8.74055021669502,10.076277179484343,-1.1164900774171043
8.74055021669502,10.301275387121782,-1.1164900774171043
8.74055021669502,10.526273594759221,-1.1164900774171043
8.74055021669502,10.75127180239666,-1.1164900774171043
8.74055021669502,10.976270010034098,-1.1164900774171043
8.74055021669502,11.201268217671537,-1.1164900774171043
8.74055021669502,11.426266425308976,-1.1164900774171043
8.74055021669502,11.651264632946415,-1.1164900774171043
8.74055021669502,11.876262840583854,-1.1164900774171043
8.74055021669502,12.101261048221293,-1.1164900774171043
8.74055021669502,12.32625925585873,-1.1164900774171043
8.74055021669502,12.551257463496169,-1.1164900774171043
8.74055021669502,12.776255671133608,-1.1164900774171043
8.74055021669502,13.001253878771047,-1.1164900774171043
12.119330500543187,1.9763417045365497,-1.0790754928447819
12.119330500543187,2.2013399121739883,-1.0790754928447819
12.119330500543187,2.426338119811427,-1.0790754928447819
12.119330500543187,2.651336327448866,-1.0790754928447819
12.119330500543187,2.8763345350863045,-1.0790754928447819
12.119330500543187,3.101332742723743,-1.0790754928447819
12.119330500543187,3.326330950361182,-1.0790754928447819
12.119330500543187,3.551329157998621,-1.0790754928447819
12.119330500543187,3.7763273656360594,-1.0790754928447819
12.119330500543187,4.001325573273498,-1.0790754928447819
12.083135299167676,4.226323780910937,-1.0790754928447819
12.083135299167676,4.451321988548376,-1.0790754928447819
12.083135299167676,4.676320196185815,-1.0790754928447819
12.083135299167676,4.901318403823253,-1.0790754928447819
12.083135299167676,5.126316611460692,-1.0790754928447819
12.083135299167676,5.35131481909813,-1.0790754928447819
12.083135299167676,5.576313026735569,-1.0790754928447819
12.083135299167676,5.801311234373008,-1.0790754928447819
12.083135299167676,6.026309442010446,-1.0790754928447819
12.083135299167676,6.251307649647885,-1.0790754928447819
12.083135299167676,6.476305857285324,-1.0790754928447819
12.083135299167676,6.701304064922763,-1.0790754928447819
12.083960379748138,6.926302272560202,-1.0790754928447819
12.083960379748138,7.15130048019764,-1.0790754928447819
12.083960379748138,7.376298687835079,-1.0790754928447819
12.083960379748138,7.601296895472518,-1.0790754928447819
12.083960379748138,7.826295103109956,-1.0790754928447819
12.081382832779918,8.051293310747395,-1.0790754928447819
12.081382832779918,8.276291518384834,-1.0790754928447819
12.076763128661954,8.501289726022272,-1.0790754928447819
12.076763128661954,8.726287933659712,-1.0790754928447819
8.74055021669502,8.95128614129715,-1.0790754928447819
8.74055021669502,9.176284348934589,-1.0790754928447819
8.74055021669502,9.401282556572028,-1.0790754928447819
8.74055021669502,9.626280764209465,-1.0790754928447819
8.74055021669502,9.851278971846906,-1.0790754928447819
8.74055021669502,10.076277179484343,-1.0790754928447819
8.74055021669502,10.301275387121782,-1.0790754928447819
8.74055021669502,10.526273594759221,-1.0790754928447819
8.74055021669502,10.75127180239666,-1.0790754928447819
8.74055021669502,10.976270010034098,-1.0790754928447819
8.74055021669502,11.201268217671537,-1.0790754928447819
8.74055021669502,11.426266425308976,-1.0790754928447819
8.74055021669502,11.651264632946415,-1.0790754928447819
8.74055021669502,11.876262840583854,-1.0790754928447819
8.74055021669502,12.101261048221293,-1.0790754928447819
8.74055021669502,12.32625925585873,-1.0790754928447819
8.74055021669502,12.551257463496169,-1.0790754928447819
8.74055021669502,12.776255671133608,-1.0790754928447819
8.74055021669502,13.001253878771047,-1.0790754928447819
12.119330500543187,1.9763417045365497,-1.0416609082724595
12.119330500543187,2.2013399121739883,-1.0416609082724595
12.119330500543187,2.426338119811427,-1.0416609082724595
12.119330500543187,2.651336327448866,-1.0416609082724595
12.119330500543187,2.8763345350863045,-1.0416609082724595
12.119330500543187,3.101332742723743,-1.0416609082724595
12.119330500543187,3.326330950361182,-1.0416609082724595
12.119330500543187,3.551329157998621,-1.0416609082724595
12.119330500543187,3.7763273656360594,-1.0416609082724595
12.119330500543187,4.001325573273498,-1.0416609082724595
12.083135299167676,4.226323780910937,-1.0416609082724595
12.083135299167676,4.451321988548376,-1.0416609082724595
12.083135299167676,4.676320196185815,-1.0416609082724595
12.083135299167676,4.901318403823253,-1.0416609082724595
12.083135299167676,5.126316611460692,-1.0416609082724595
12.083135299167676,5.35131481909813,-1.0416609082724595
12.083135299167676,5.576313026735569,-1.0416609082724595
12.083135299167676,5.801311234373008,-1.0416609082724595
12.083135299167676,6.026309442010446,-1.0416609082724595
12.083135299167676,6.251307649647885,-1.0416609082724595
12.083135299167676,6.476305857285324,-1.0416609082724595
12.083135299167676,6.701304064922763,-1.0416609082724595
12.083960379748138,6.926302272560202,-1.0416609082724595
12.083960379748138,7.15130048019764,-1.0416609082724595
12.083960379748138,7.376298687835079,-1.0416609082724595
12.083960379748138,7.601296895472518,-1.0416609082724595
12.083960379748138,7.826295103109956,-1.0416609082724595
12.081382832779918,8.051293310747395,-1.0416609082724595
12.081382832779918,8.276291518384834,-1.0416609082724595
12.076763128661954,8.501289726022272,-1.0416609082724595
12.076763128661954,8.726287933659712,-1.0416609082724595
8.74055021669502,8.95128614129715,-1.0416609082724595
8.74055021669502,9.176284348934589,-1.0416609082724595
8.74055021669502,9.401282556572028,-1.0416609082724595
8.74055021669502,9.626280764209465,-1.0416609082724595
8.74055021669502,9.851278971846906,-1.0416609082724595
8.74055021669502,10.076277179484343,-1.0416609082724595
8.74055021669502,10.301275387121782,-1.0416609082724595
8.74055021669502,10.526273594759221,-1.0416609082724595
8.74055021669502,10.75127180239666,-1.0416609082724595
8.74055021669502,10.976270010034098,-1.0416609082724595
8.74055021669502,11.201268217671537,-1.0416609082724595
8.74055021669502,11.426266425308976,-1.0416609082724595
8.74055021669502,11.651264632946415,-1.0416609082724595
8.74055021669502,11.876262840583854,-1.0416609082724595
8.74055021669502,12.101261048221293,-1.0416609082724595
8.74055021669502,12.32625925585873,-1.0416609082724595
8.74055021669502,12.551257463496169,-1.0416609082724595
8.74055021669502,12.776255671133608,-1.0416609082724595
8.74055021669502,13.001253878771047,-1.0416609082724595
12.119330500543187,1.9763417045365497,-1.0042463237001371
12.119330500543187,2.2013399121739883,-1.0042463237001371
12.119330500543187,2.426338119811427,-1.0042463237001371
12.119330500543187,2.651336327448866,-1.0042463237001371
12.119330500543187,2.8763345350863045,-1.0042463237001371
12.119330500543187,3.101332742723743,-1.0042463237001371
12.119330500543187,3.326330950361182,-1.0042463237001371
12.119330500543187,3.551329157998621,-1.0042463237001371
12.119330500543187,3.7763273656360594,-1.0042463237001371
12.119330500543187,4.001325573273498,-1.0042463237001371
12.083135299167676,4.226323780910937,-1.0042463237001371
12.083135299167676,4.451321988548376,-1.0042463237001371
12.083135299167676,4.676320196185815,-1.0042463237001371
12.083135299167676,4.901318403823253,-1.0042463237001371
12.083135299167676,5.126316611460692,-1.0042463237001371
12.083135299167676,5.35131481909813,-1.0042463237001371
12.083135299167676,5.576313026735569,-1.0042463237001371
12.083135299167676,5.801311234373008,-1.0042463237001371
12.083135299167676,6.026309442010446,-1.0042463237001371
12.083135299167676,6.251307649647885,-1.0042463237001371
12.083135299167676,6.476305857285324,-1.0042463237001371
12.083135299167676,6.701304064922763,-1.0042463237001371
12.083960379748138,6.926302272560202,-1.0042463237001371
12.083960379748138,7.15130048019764,-1.0042463237001371
12.083960379748138,7.376298687835079,-1.0042463237001371
12.083960379748138,7.601296895472518,-1.0042463237001371
12.083960379748138,7.826295103109956,-1.0042463237001371
12.081382832779918,8.051293310747395,-1.0042463237001371
12.081382832779918,8.276291518384834,-1.0042463237001371
12.076763128661954,8.501289726022272,-1.0042463237001371
12.076763128661954,8.726287933659712,-1.0042463237001371
8.74055021669502,8.95128614129715,-1.0042463237001371
8.74055021669502,9.176284348934589,-1.0042463237001371
8.74055021669502,9.401282556572028,-1.0042463237001371
8.74055021669502,9.626280764209465,-1.0042463237001371
8.74055021669502,9.851278971846906,-1.0042463237001371
8.74055021669502,10.076277179484343,-1.0042463237001371
8.74055021669502,10.301275387121782,-1.0042463237001371
8.74055021669502,10.526273594759221,-1.0042463237001371
8.74055021669502,10.75127180239666,-1.0042463237001371
8.74055021669502,10.976270010034098,-1.0042463237001371
8.74055021669502,11.201268217671537,-1.0042463237001371
8.74055021669502,11.426266425308976,-1.0042463237001371
8.74055021669502,11.651264632946415,-1.0042463237001371
8.74055021669502,11.876262840583854,-1.0042463237001371
8.74055021669502,12.101261048221293,-1.0042463237001371
8.74055021669502,12.32625925585873,-1.0042463237001371
8.74055021669502,12.551257463496169,-1.0042463237001371
8.74055021669502,12.776255671133608,-1.0042463237001371
8.74055021669502,13.001253878771047,-1.0042463237001371
12.119330500543187,1.9763417045365497,-0.9668317391278147
12.119330500543187,2.2013399121739883,-0.9668317391278147
12.119330500543187,2.426338119811427,-0.9668317391278147
12.119330500543187,2.651336327448866,-0.9668317391278147
12.119330500543187,2.8763345350863045,-0.9668317391278147
12.119330500543187,3.101332742723743,-0.9668317391278147
12.119330500543187,3.326330950361182,-0.9668317391278147
12.119330500543187,3.551329157998621,-0.9668317391278147
12.119330500543187,3.7763273656360594,-0.9668317391278147
12.119330500543187,4.001325573273498,-0.9668317391278147
12.083135299167676,4.226323780910937,-0.9668317391278147
12.083135299167676,4.451321988548376,-0.9668317391278147
12.083135299167676,4.676320196185815,-0.9668317391278147
12.083135299167676,4.901318403823253,-0.9668317391278147
12.083135299167676,5.126316611460692,-0.9668317391278147
12.083135299167676,5.35131481909813,-0.9668317391278147
12.083135299167676,5.576313026735569,-0.9668317391278147
12.083135299167676,5.801311234373008,-0.9668317391278147
12.083135299167676,6.026309442010446,-0.9668317391278147
12.083135299167676,6.251307649647885,-0.9668317391278147
12.083135299167676,6.476305857285324,-0.9668317391278147
12.083135299167676,6.701304064922763,-0.9668317391278147
12.083960379748138,6.926302272560202,-0.9668317391278147
12.083960379748138,7.15130048019764,-0.9668317391278147
12.083960379748138,7.376298687835079,-0.9668317391278147
12.083960379748138,7.601296895472518,-0.9668317391278147
12.083960379748138,7.826295103109956,-0.9668317391278147
12.081382832779918,8.051293310747395,-0.9668317391278147
12.081382832779918,8.276291518384834,-0.9668317391278147
12.076763128661954,8.501289726022272,-0.9668317391278147
12.076763128661954,8.726287933659712,-0.9668317391278147
8.74055021669502,8.95128614129715,-0.9668317391278147
8.74055021669502,9.176284348934589,-0.9668317391278147
8.74055021669502,9.401282556572028,-0.9668317391278147
8.74055021669502,9.626280764209465,-0.9668317391278147
8.74055021669502,9.851278971846906,-0.9668317391278147
8.74055021669502,10.076277179484343,-0.9668317391278147
8.74055021669502,10.301275387121782,-0.9668317391278147
8.74055021669502,10.526273594759221,-0.9668317391278147
8.74055021669502,10.75127180239666,-0.9668317391278147
8.74055021669502,10.976270010034098,-0.9668317391278147
8.74055021669502,11.201268217671537,-0.9668317391278147
8.74055021669502,11.426266425308976,-0.9668317391278147
8.74055021669502,11.651264632946415,-0.9668317391278147
8.74055021669502,11.876262840583854,-0.9668317391278147
8.74055021669502,12.101261048221293,-0.9668317391278147
8.74055021669502,12.32625925585873,-0.9668317391278147
8.74055021669502,12.551257463496169,-0.9668317391278147
8.74055021669502,12.776255671133608,-0.9668317391278147
8.74055021669502,13.001253878771047,-0.9668317391278147
12.119330500543187,1.9763417045365497,-0.9294171545554925
12.119330500543187,2.2013399121739883,-0.9294171545554925
12.119330500543187,2.426338119811427,-0.9294171545554925
12.119330500543187,2.651336327448866,-0.9294171545554925
12.119330500543187,2.8763345350863045,-0.9294171545554925
12.119330500543187,3.101332742723743,-0.9294171545554925
12.119330500543187,3.326330950361182,-0.9294171545554925
12.119330500543187,3.551329157998621,-0.9294171545554925
12.119330500543187,3.7763273656360594,-0.9294171545554925
12.119330500543187,4.001325573273498,-0.9294171545554925
12.083135299167676,4.226323780910937,-0.9294171545554925
12.083135299167676,4.451321988548376,-0.9294171545554925
12.083135299167676,4.676320196185815,-0.9294171545554925
12.083135299167676,4.901318403823253,-0.9294171545554925
12.083135299167676,5.126316611460692,-0.9294171545554925
12.083135299167676,5.35131481909813,-0.9294171545554925
12.083135299167676,5.576313026735569,-0.9294171545554925
12.083135299167676,5.801311234373008,-0.9294171545554925
12.083135299167676,6.026309442010446,-0.9294171545554925
12.083135299167676,6.251307649647885,-0.9294171545554925
12.083135299167676,6.476305857285324,-0.9294171545554925
12.083135299167676,6.701304064922763,-0.9294171545554925
12.083960379748138,6.926302272560202,-0.9294171545554925
12.083960379748138,7.15130048019764,-0.9294171545554925
12.083960379748138,7.376298687835079,-0.9294171545554925
12.083960379748138,7.601296895472518,-0.9294171545554925
12.083960379748138,7.826295103109956,-0.9294171545554925
12.081382832779918,8.051293310747395,-0.9294171545554925
12.081382832779918,8.276291518384834,-0.9294171545554925
12.076763128661954,8.501289726022272,-0.9294171545554925
12.076763128661954,8.726287933659712,-0.9294171545554925
8.74055021669502,8.95128614129715,-0.9294171545554925
8.74055021669502,9.176284348934589,-0.9294171545554925
8.74055021669502,9.401282556572028,-0.9294171545554925
8.74055021669502,9.626280764209465,-0.9294171545554925
8.74055021669502,9.851278971846906,-0.9294171545554925
8.74055021669502,10.076277179484343,-0.9294171545554925
8.74055021669502,10.301275387121782,-0.9294171545554925
8.74055021669502,10.526273594759221,-0.9294171545554925
8.74055021669502,10.75127180239666,-0.9294171545554925
8.74055021669502,10.976270010034098,-0.9294171545554925
8.74055021669502,11.201268217671537,-0.9294171545554925
8.74055021669502,11.426266425308976,-0.9294171545554925
8.74055021669502,11.651264632946415,-0.9294171545554925
8.74055021669502,11.876262840583854,-0.9294171545554925
8.74055021669502,12.101261048221293,-0.9294171545554925
8.74055021669502,12.32625925585873,-0.9294171545554925
8.74055021669502,12.551257463496169,-0.9294171545554925
8.74055021669502,12.776255671133608,-0.9294171545554925
8.74055021669502,13.001253878771047,-0.9294171545554925
12.119330500543187,1.9763417045365497,-0.8920025699831701
12.119330500543187,2.2013399121739883,-0.8920025699831701
12.119330500543187,2.426338119811427,-0.8920025699831701
12.119330500543187,2.651336327448866,-0.8920025699831701
12.119330500543187,2.8763345350863045,-0.8920025699831701
12.119330500543187,3.101332742723743,-0.8920025699831701
12.119330500543187,3.326330950361182,-0.8920025699831701
12.119330500543187,3.551329157998621,-0.8920025699831701
12.119330500543187,3.7763273656360594,-0.8920025699831701
12.119330500543187,4.001325573273498,-0.8920025699831701
12.083135299167676,4.226323780910937,-0.8920025699831701
12.083135299167676,4.451321988548376,-0.8920025699831701
12.083135299167676,4.676320196185815,-0.8920025699831701
12.083135299167676,4.901318403823253,-0.8920025699831701
12.083135299167676,5.126316611460692,-0.8920025699831701
12.083135299167676,5.35131481909813,-0.8920025699831701
12.083135299167676,5.576313026735569,-0.8920025699831701
12.083135299167676,5.801311234373008,-0.8920025699831701
12.083135299167676,6.026309442010446,-0.8920025699831701
12.083135299167676,6.251307649647885,-0.8920025699831701
12.083135299167676,6.476305857285324,-0.8920025699831701
12.083135299167676,6.701304064922763,-0.8920025699831701
12.083960379748138,6.926302272560202,-0.8920025699831701
12.083960379748138,7.15130048019764,-0.8920025699831701
12.083960379748138,7.376298687835079,-0.8920025699831701
12.083960379748138,7.601296895472518,-0.8920025699831701
12.083960379748138,7.826295103109956,-0.8920025699831701
12.081382832779918,8.051293310747395,-0.8920025699831701
12.081382832779918,8.276291518384834,-0.8920025699831701
12.076763128661954,8.501289726022272,-0.8920025699831701
12.076763128661954,8.726287933659712,-0.8920025699831701
8.74055021669502,8.95128614129715,-0.8920025699831701
8.74055021669502,9.176284348934589,-0.8920025699831701
8.74055021669502,9.401282556572028,-0.8920025699831701
8.74055021669502,9.626280764209465,-0.8920025699831701
8.74055021669502,9.851278971846906,-0.8920025699831701
8.74055021669502,10.076277179484343,-0.8920025699831701
8.74055021669502,10.301275387121782,-0.8920025699831701
8.74055021669502,10.526273594759221,-0.8920025699831701
8.74055021669502,10.75127180239666,-0.8920025699831701
8.74055021669502,10.976270010034098,-0.8920025699831701
8.74055021669502,11.201268217671537,-0.8920025699831701
8.74055021669502,11.426266425308976,-0.8920025699831701
8.74055021669502,11.651264632946415,-0.8920025699831701
8.74055021669502,11.876262840583854,-0.8920025699831701
8.74055021669502,12.101261048221293,-0.8920025699831701
8.74055021669502,12.32625925585873,-0.8920025699831701
8.74055021669502,12.551257463496169,-0.8920025699831701
8.74055021669502,12.776255671133608,-0.8920025699831701
8.74055021669502,13.001253878771047,-0.8920025699831701
12.119330500543187,1.9763417045365497,-0.8545879854108478
12.119330500543187,2.2013399121739883,-0.8545879854108478
12.119330500543187,2.426338119811427,-0.8545879854108478
12.119330500543187,2.651336327448866,-0.8545879854108478
12.119330500543187,2.8763345350863045,-0.8545879854108478
12.119330500543187,3.101332742723743,-0.8545879854108478
12.119330500543187,3.326330950361182,-0.8545879854108478
12.119330500543187,3.551329157998621,-0.8545879854108478
12.119330500543187,3.7763273656360594,-0.8545879854108478
12.119330500543187,4.001325573273498,-0.8545879854108478
12.083135299167676,4.226323780910937,-0.8545879854108478
12.083135299167676,4.451321988548376,-0.8545879854108478
12.083135299167676,4.676320196185815,-0.8545879854108478
12.083135299167676,4.901318403823253,-0.8545879854108478
12.083135299167676,5.126316611460692,-0.8545879854108478
12.083135299167676,5.35131481909813,-0.8545879854108478
12.083135299167676,5.576313026735569,-0.8545879854108478
12.083135299167676,5.801311234373008,-0.8545879854108478
12.083135299167676,6.026309442010446,-0.8545879854108478
12.083135299167676,6.251307649647885,-0.8545879854108478
12.083135299167676,6.476305857285324,-0.8545879854108478
12.083135299167676,6.701304064922763,-0.8545879854108478
12.083960379748138,6.926302272560202,-0.8545879854108478
12.083960379748138,7.15130048019764,-0.8545879854108478
12.083960379748138,7.376298687835079,-0.8545879854108478
12.083960379748138,7.601296895472518,-0.8545879854108478
12.083960379748138,7.826295103109956,-0.8545879854108478
12.081382832779918,8.051293310747395,-0.8545879854108478
12.081382832779918,8.276291518384834,-0.8545879854108478
12.076763128661954,8.501289726022272,-0.8545879854108478
12.076763128661954,8.726287933659712,-0.8545879854108478
8.74055021669502,8.95128614129715,-0.8545879854108478
8.74055021669502,9.176284348934589,-0.8545879854108478
8.74055021669502,9.401282556572028,-0.8545879854108478
8.74055021669502,9.626280764209465,-0.8545879854108478
8.74055021669502,9.851278971846906,-0.8545879854108478
8.74055021669502,10.076277179484343,-0.8545879854108478
8.74055021669502,10.301275387121782,-0.8545879854108478
8.74055021669502,10.526273594759221,-0.8545879854108478
8.74055021669502,10.75127180239666,-0.8545879854108478
8.74055021669502,10.976270010034098,-0.8545879854108478
8.74055021669502,11.201268217671537,-0.8545879854108478
8.74055021669502,11.426266425308976,-0.8545879854108478
8.74055021669502,11.651264632946415,-0.8545879854108478
8.74055021669502,11.876262840583854,-0.8545879854108478
8.74055021669502,12.101261048221293,-0.8545879854108478
8.74055021669502,12.32625925585873,-0.8545879854108478
8.74055021669502,12.551257463496169,-0.8545879854108478
8.74055021669502,12.776255671133608,-0.8545879854108478
8.74055021669502,13.001253878771047,-0.8545879854108478
12.119330500543187,1.9763417045365497,-0.8171734008385254
12.119330500543187,2.2013399121739883,-0.8171734008385254
12.119330500543187,2.426338119811427,-0.8171734008385254
12.119330500543187,2.651336327448866,-0.8171734008385254
12.119330500543187,2.8763345350863045,-0.8171734008385254
12.119330500543187,3.101332742723743,-0.8171734008385254
12.119330500543187,3.326330950361182,-0.8171734008385254
12.119330500543187,3.551329157998621,-0.8171734008385254
12.119330500543187,3.7763273656360594,-0.8171734008385254
12.119330500543187,4.001325573273498,-0.8171734008385254
12.083135299167676,4.226323780910937,-0.8171734008385254
12.083135299167676,4.451321988548376,-0.8171734008385254
12.083135299167676,4.676320196185815,-0.8171734008385254
12.083135299167676,4.901318403823253,-0.8171734008385254
12.083135299167676,5.126316611460692,-0.8171734008385254
12.083135299167676,5.35131481909813,-0.8171734008385254
12.083135299167676,5.576313026735569,-0.8171734008385254
12.083135299167676,5.801311234373008,-0.8171734008385254
12.083135299167676,6.026309442010446,-0.8171734008385254
12.083135299167676,6.251307649647885,-0.8171734008385254
12.083135299167676,6.476305857285324,-0.8171734008385254
12.083135299167676,6.701304064922763,-0.8171734008385254
12.083960379748138,6.926302272560202,-0.8171734008385254
12.083960379748138,7.15130048019764,-0.8171734008385254
12.083960379748138,7.376298687835079,-0.8171734008385254
12.083960379748138,7.601296895472518,-0.8171734008385254
12.083960379748138,7.826295103109956,-0.8171734008385254
12.081382832779918,8.051293310747395,-0.8171734008385254
12.081382832779918,8.276291518384834,-0.8171734008385254
12.076763128661954,8.501289726022272,-0.8171734008385254
12.076763128661954,8.726287933659712,-0.8171734008385254
8.74055021669502,8.95128614129715,-0.8171734008385254
8.74055021669502,9.176284348934589,-0.8171734008385254
8.74055021669502,9.401282556572028,-0.8171734008385254
8.74055021669502,9.626280764209465,-0.8171734008385254
8.74055021669502,9.851278971846906,-0.8171734008385254
8.74055021669502,10.076277179484343,-0.8171734008385254
8.74055021669502,10.301275387121782,-0.8171734008385254
8.74055021669502,10.526273594759221,-0.8171734008385254
8.74055021669502,10.75127180239666,-0.8171734008385254
8.74055021669502,10.976270010034098,-0.8171734008385254
8.74055021669502,11.201268217671537,-0.8171734008385254
8.74055021669502,11.426266425308976,-0.8171734008385254
8.74055021669502,11.651264632946415,-0.8171734008385254
8.74055021669502,11.876262840583854,-0.8171734008385254
8.74055021669502,12.101261048221293,-0.8171734008385254
8.74055021669502,12.32625925585873,-0.8171734008385254
8.74055021669502,12.551257463496169,-0.8171734008385254
8.74055021669502,12.776255671133608,-0.8171734008385254
8.74055021669502,13.001253878771047,-0.8171734008385254
12.119330500543187,1.9763417045365497,-0.779758816266203
12.119330500543187,2.2013399121739883,-0.779758816266203
12.119330500543187,2.426338119811427,-0.779758816266203
12.119330500543187,2.651336327448866,-0.779758816266203
12.119330500543187,2.8763345350863045,-0.779758816266203
12.119330500543187,3.101332742723743,-0.779758816266203
12.119330500543187,3.326330950361182,-0.779758816266203
12.119330500543187,3.551329157998621,-0.779758816266203
12.119330500543187,3.7763273656360594,-0.779758816266203
12.119330500543187,4.001325573273498,-0.779758816266203
12.083135299167676,4.226323780910937,-0.779758816266203
12.083135299167676,4.451321988548376,-0.779758816266203
12.083135299167676,4.676320196185815,-0.779758816266203
12.083135299167676,4.901318403823253,-0.779758816266203
12.083135299167676,5.126316611460692,-0.779758816266203
12.083135299167676,5.35131481909813,-0.779758816266203
12.083135299167676,5.576313026735569,-0.779758816266203
12.083135299167676,5.801311234373008,-0.779758816266203
12.083135299167676,6.026309442010446,-0.779758816266203
12.083135299167676,6.251307649647885,-0.779758816266203
12.083135299167676,6.476305857285324,-0.779758816266203
12.083135299167676,6.701304064922763,-0.779758816266203
12.083960379748138,6.926302272560202,-0.779758816266203
12.083960379748138,7.15130048019764,-0.779758816266203
12.083960379748138,7.376298687835079,-0.779758816266203
12.083960379748138,7.601296895472518,-0.779758816266203
12.083960379748138,7.826295103109956,-0.779758816266203
12.081382832779918,8.051293310747395,-0.779758816266203
12.081382832779918,8.276291518384834,-0.779758816266203
12.076763128661954,8.501289726022272,-0.779758816266203
12.076763128661954,8.726287933659712,-0.779758816266203
8.74055021669502,8.95128614129715,-0.779758816266203
8.74055021669502,9.176284348934589,-0.779758816266203
8.74055021669502,9.401282556572028,-0.779758816266203
8.74055021669502,9.626280764209465,-0.779758816266203
8.74055021669502,9.851278971846906,-0.779758816266203
8.74055021669502,10.076277179484343,-0.779758816266203
8.74055021669502,10.301275387121782,-0.779758816266203
8.74055021669502,10.526273594759221,-0.779758816266203
8.74055021669502,10.75127180239666,-0.779758816266203
8.74055021669502,10.976270010034098,-0.779758816266203
8.74055021669502,11.201268217671537,-0.779758816266203
8.74055021669502,11.426266425308976,-0.779758816266203
8.74055021669502,11.651264632946415,-0.779758816266203
8.74055021669502,11.876262840583854,-0.779758816266203
8.74055021669502,12.101261048221293,-0.779758816266203
8.74055021669502,12.32625925585873,-0.779758816266203
8.74055021669502,12.551257463496169,-0.779758816266203
8.74055021669502,12.776255671133608,-0.779758816266203
8.74055021669502,13.001253878771047,-0.779758816266203
12.119330500543187,1.9763417045365497,-0.7423442316938806
12.119330500543187,2.2013399121739883,-0.7423442316938806
12.119330500543187,2.426338119811427,-0.7423442316938806
12.119330500543187,2.651336327448866,-0.7423442316938806
12.119330500543187,2.8763345350863045,-0.7423442316938806
12.119330500543187,3.101332742723743,-0.7423442316938806
12.119330500543187,3.326330950361182,-0.7423442316938806
12.119330500543187,3.551329157998621,-0.7423442316938806
12.119330500543187,3.7763273656360594,-0.7423442316938806
12.119330500543187,4.001325573273498,-0.7423442316938806
12.083135299167676,4.226323780910937,-0.7423442316938806
12.083135299167676,4.451321988548376,-0.7423442316938806
12.083135299167676,4.676320196185815,-0.7423442316938806
12.083135299167676,4.901318403823253,-0.7423442316938806
12.083135299167676,5.126316611460692,-0.7423442316938806
12.083135299167676,5.35131481909813,-0.7423442316938806
12.083135299167676,5.576313026735569,-0.7423442316938806
12.083135299167676,5.801311234373008,-0.7423442316938806
12.083135299167676,6.026309442010446,-0.7423442316938806
12.083135299167676,6.251307649647885,-0.7423442316938806
12.083135299167676,6.476305857285324,-0.7423442316938806
12.083135299167676,6.701304064922763,-0.7423442316938806
12.083960379748138,6.926302272560202,-0.7423442316938806
12.083960379748138,7.15130048019764,-0.7423442316938806
12.083960379748138,7.376298687835079,-0.7423442316938806
12.083960379748138,7.601296895472518,-0.7423442316938806
12.083960379748138,7.826295103109956,-0.7423442316938806
12.081382832779918,8.051293310747395,-0.7423442316938806
12.081382832779918,8.276291518384834,-0.7423442316938806
12.076763128661954,8.501289726022272,-0.7423442316938806
12.076763128661954,8.726287933659712,-0.7423442316938806
8.74055021669502,8.95128614129715,-0.7423442316938806
8.74055021669502,9.176284348934589,-0.7423442316938806
8.74055021669502,9.401282556572028,-0.7423442316938806
8.74055021669502,9.626280764209465,-0.7423442316938806
8.74055021669502,9.851278971846906,-0.7423442316938806
8.74055021669502,10.076277179484343,-0.7423442316938806
8.74055021669502,10.301275387121782,-0.7423442316938806
8.74055021669502,10.526273594759221,-0.7423442316938806
8.74055021669502,10.75127180239666,-0.7423442316938806
8.74055021669502,10.976270010034098,-0.7423442316938806
8.74055021669502,11.201268217671537,-0.7423442316938806
8.74055021669502,11.426266425308976,-0.7423442316938806
8.74055021669502,11.651264632946415,-0.7423442316938806
8.74055021669502,11.876262840583854,-0.7423442316938806
8.74055021669502,12.101261048221293,-0.7423442316938806
8.74055021669502,12.32625925585873,-0.7423442316938806
8.74055021669502,12.551257463496169,-0.7423442316938806
8.74055021669502,12.776255671133608,-0.7423442316938806
8.74055021669502,13.001253878771047,-0.7423442316938806
12.119330500543187,1.9763417045365497,-0.7049296471215583
12.119330500543187,2.2013399121739883,-0.7049296471215583
12.119330500543187,2.426338119811427,-0.7049296471215583
12.119330500543187,2.651336327448866,-0.7049296471215583
12.119330500543187,2.8763345350863045,-0.7049296471215583
12.119330500543187,3.101332742723743,-0.7049296471215583
12.119330500543187,3.326330950361182,-0.7049296471215583
12.119330500543187,3.551329157998621,-0.7049296471215583
12.119330500543187,3.7763273656360594,-0.7049296471215583
12.119330500543187,4.001325573273498,-0.7049296471215583
12.083135299167676,4.226323780910937,-0.7049296471215583
12.083135299167676,4.451321988548376,-0.7049296471215583
12.083135299167676,4.676320196185815,-0.7049296471215583
12.083135299167676,4.901318403823253,-0.7049296471215583
12.083135299167676,5.126316611460692,-0.7049296471215583
12.083135299167676,5.35131481909813,-0.7049296471215583
12.083135299167676,5.576313026735569,-0.7049296471215583
12.083135299167676,5.801311234373008,-0.7049296471215583
12.083135299167676,6.026309442010446,-0.7049296471215583
12.083135299167676,6.251307649647885,-0.7049296471215583
12.083135299167676,6.476305857285324,-0.7049296471215583
12.083135299167676,6.701304064922763,-0.7049296471215583
12.083960379748138,6.926302272560202,-0.7049296471215583
12.083960379748138,7.15130048019764,-0.7049296471215583
12.083960379748138,7.376298687835079,-0.7049296471215583
12.083960379748138,7.601296895472518,-0.7049296471215583
12.083960379748138,7.826295103109956,-0.7049296471215583
12.081382832779918,8.051293310747395,-0.7049296471215583
12.081382832779918,8.276291518384834,-0.7049296471215583
12.076763128661954,8.501289726022272,-0.7049296471215583
12.076763128661954,8.726287933659712,-0.7049296471215583
8.74055021669502,8.95128614129715,-0.7049296471215583
8.74055021669502,9.176284348934589,-0.7049296471215583
8.74055021669502,9.401282556572028,-0.7049296471215583
8.74055021669502,9.626280764209465,-0.7049296471215583
8.74055021669502,9.851278971846906,-0.7049296471215583
8.74055021669502,10.076277179484343,-0.7049296471215583
8.74055021669502,10.301275387121782,-0.7049296471215583
8.74055021669502,10.526273594759221,-0.7049296471215583
8.74055021669502,10.75127180239666,-0.7049296471215583
8.74055021669502,10.976270010034098,-0.7049296471215583
8.74055021669502,11.201268217671537,-0.7049296471215583
8.74055021669502,11.426266425308976,-0.7049296471215583
8.74055021669502,11.651264632946415,-0.7049296471215583
8.74055021669502,11.876262840583854,-0.7049296471215583
8.74055021669502,12.101261048221293,-0.7049296471215583
8.74055021669502,12.32625925585873,-0.7049296471215583
8.74055021669502,12.551257463496169,-0.7049296471215583
8.74055021669502,12.776255671133608,-0.7049296471215583
8.74055021669502,13.001253878771047,-0.7049296471215583
12.119330500543187,1.9763417045365497,-0.6675150625492359
12.119330500543187,2.2013399121739883,-0.6675150625492359
12.119330500543187,2.426338119811427,-0.6675150625492359
12.119330500543187,2.651336327448866,-0.6675150625492359
12.119330500543187,2.8763345350863045,-0.6675150625492359
12.119330500543187,3.101332742723743,-0.6675150625492359
12.119330500543187,3.326330950361182,-0.6675150625492359
12.119330500543187,3.551329157998621,-0.6675150625492359
12.119330500543187,3.7763273656360594,-0.6675150625492359
12.119330500543187,4.001325573273498,-0.6675150625492359
12.083135299167676,4.226323780910937,-0.6675150625492359
12.083135299167676,4.451321988548376,-0.6675150625492359
12.083135299167676,4.676320196185815,-0.6675150625492359
12.083135299167676,4.901318403823253,-0.6675150625492359
12.083135299167676,5.126316611460692,-0.6675150625492359
12.083135299167676,5.35131481909813,-0.6675150625492359
12.083135299167676,5.576313026735569,-0.6675150625492359
12.083135299167676,5.801311234373008,-0.6675150625492359
12.083135299167676,6.026309442010446,-0.6675150625492359
12.083135299167676,6.251307649647885,-0.6675150625492359
12.083135299167676,6.476305857285324,-0.6675150625492359
12.083135299167676,6.701304064922763,-0.6675150625492359
12.083960379748138,6.926302272560202,-0.6675150625492359
12.083960379748138,7.15130048019764,-0.6675150625492359
12.083960379748138,7.376298687835079,-0.6675150625492359
12.083960379748138,7.601296895472518,-0.6675150625492359
12.083960379748138,7.826295103109956,-0.6675150625492359
12.081382832779918,8.051293310747395,-0.6675150625492359
12.081382832779918,8.276291518384834,-0.6675150625492359
12.076763128661954,8.501289726022272,-0.6675150625492359
12.076763128661954,8.726287933659712,-0.6675150625492359
8.74055021669502,8.95128614129715,-0.6675150625492359
8.74055021669502,9.176284348934589,-0.6675150625492359
8.74055021669502,9.401282556572028,-0.6675150625492359
8.74055021669502,9.626280764209465,-0.6675150625492359
8.74055021669502,9.851278971846906,-0.6675150625492359
8.74055021669502,10.076277179484343,-0.6675150625492359
8.74055021669502,10.301275387121782,-0.6675150625492359
8.74055021669502,10.526273594759221,-0.6675150625492359
8.74055021669502,10.75127180239666,-0.6675150625492359
8.74055021669502,10.976270010034098,-0.6675150625492359
8.74055021669502,11.201268217671537,-0.6675150625492359
8.74055021669502,11.426266425308976,-0.6675150625492359
8.74055021669502,11.651264632946415,-0.6675150625492359
8.74055021669502,11.876262840583854,-0.6675150625492359
8.74055021669502,12.101261048221293,-0.6675150625492359
8.74055021669502,12.32625925585873,-0.6675150625492359
8.74055021669502,12.551257463496169,-0.6675150625492359
8.74055021669502,12.776255671133608,-0.6675150625492359
8.74055021669502,13.001253878771047,-0.6675150625492359
12.119330500543187,1.9763417045365497,-0.6301004779769135
12.119330500543187,2.2013399121739883,-0.6301004779769135
12.119330500543187,2.426338119811427,-0.6301004779769135
12.119330500543187,2.651336327448866,-0.6301004779769135
12.119330500543187,2.8763345350863045,-0.6301004779769135
12.119330500543187,3.101332742723743,-0.6301004779769135
12.119330500543187,3.326330950361182,-0.6301004779769135
12.119330500543187,3.551329157998621,-0.6301004779769135
12.119330500543187,3.7763273656360594,-0.6301004779769135
12.119330500543187,4.001325573273498,-0.6301004779769135
12.083135299167676,4.226323780910937,-0.6301004779769135
12.083135299167676,4.451321988548376,-0.6301004779769135
12.083135299167676,4.676320196185815,-0.6301004779769135
12.083135299167676,4.901318403823253,-0.6301004779769135
12.083135299167676,5.126316611460692,-0.6301004779769135
12.083135299167676,5.35131481909813,-0.6301004779769135
12.083135299167676,5.576313026735569,-0.6301004779769135
12.083135299167676,5.801311234373008,-0.6301004779769135
12.083135299167676,6.026309442010446,-0.6301004779769135
12.083135299167676,6.251307649647885,-0.6301004779769135
12.083135299167676,6.476305857285324,-0.6301004779769135
12.083135299167676,6.701304064922763,-0.6301004779769135
12.083960379748138,6.926302272560202,-0.6301004779769135
12.083960379748138,7.15130048019764,-0.6301004779769135
12.083960379748138,7.376298687835079,-0.6301004779769135
12.083960379748138,7.601296895472518,-0.6301004779769135
12.083960379748138,7.826295103109956,-0.6301004779769135
12.081382832779918,8.051293310747395,-0.6301004779769135
12.081382832779918,8.276291518384834,-0.6301004779769135
12.076763128661954,8.501289726022272,-0.6301004779769135
12.076763128661954,8.726287933659712,-0.6301004779769135
8.74055021669502,8.95128614129715,-0.6301004779769135
8.74055021669502,9.176284348934589,-0.6301004779769135
8.74055021669502,9.401282556572028,-0.6301004779769135
8.74055021669502,9.626280764209465,-0.6301004779769135
8.74055021669502,9.851278971846906,-0.6301004779769135
8.74055021669502,10.076277179484343,-0.6301004779769135
8.74055021669502,10.301275387121782,-0.6301004779769135
8.74055021669502,10.526273594759221,-0.6301004779769135
8.74055021669502,10.75127180239666,-0.6301004779769135
8.74055021669502,10.976270010034098,-0.6301004779769135
8.74055021669502,11.201268217671537,-0.6301004779769135
8.74055021669502,11.426266425308976,-0.6301004779769135
8.74055021669502,11.651264632946415,-0.6301004779769135
8.74055021669502,11.876262840583854,-0.6301004779769135
8.74055021669502,12.101261048221293,-0.6301004779769135
8.74055021669502,12.32625925585873,-0.6301004779769135
8.74055021669502,12.551257463496169,-0.6301004779769135
8.74055021669502,12.776255671133608,-0.6301004779769135
8.74055021669502,13.001253878771047,-0.6301004779769135
12.119330500543187,1.9763417045365497,-0.5926858934045911
12.119330500543187,2.2013399121739883,-0.5926858934045911
12.119330500543187,2.426338119811427,-0.5926858934045911
12.119330500543187,2.651336327448866,-0.5926858934045911
12.119330500543187,2.8763345350863045,-0.5926858934045911
12.119330500543187,3.101332742723743,-0.5926858934045911
12.119330500543187,3.326330950361182,-0.5926858934045911
12.119330500543187,3.551329157998621,-0.5926858934045911
12.119330500543187,3.7763273656360594,-0.5926858934045911
12.119330500543187,4.001325573273498,-0.5926858934045911
12.083135299167676,4.226323780910937,-0.5926858934045911
12.083135299167676,4.451321988548376,-0.5926858934045911
12.083135299167676,4.676320196185815,-0.5926858934045911
12.083135299167676,4.901318403823253,-0.5926858934045911
12.083135299167676,5.126316611460692,-0.5926858934045911
12.083135299167676,5.35131481909813,-0.5926858934045911
12.083135299167676,5.576313026735569,-0.5926858934045911
12.083135299167676,5.801311234373008,-0.5926858934045911
12.083135299167676,6.026309442010446,-0.5926858934045911
12.083135299167676,6.251307649647885,-0.5926858934045911
12.083135299167676,6.476305857285324,-0.5926858934045911
12.083135299167676,6.701304064922763,-0.5926858934045911
12.083960379748138,6.926302272560202,-0.5926858934045911
12.083960379748138,7.15130048019764,-0.5926858934045911
12.083960379748138,7.376298687835079,-0.5926858934045911
12.083960379748138,7.601296895472518,-0.5926858934045911
12.083960379748138,7.826295103109956,-0.5926858934045911
12.081382832779918,8.051293310747395,-0.5926858934045911
12.081382832779918,8.276291518384834,-0.5926858934045911
12.076763128661954,8.501289726022272,-0.5926858934045911
12.076763128661954,8.726287933659712,-0.5926858934045911
8.74055021669502,8.95128614129715,-0.5926858934045911
8.74055021669502,9.176284348934589,-0.5926858934045911
8.74055021669502,9.401282556572028,-0.5926858934045911
8.74055021669502,9.626280764209465,-0.5926858934045911
8.74055021669502,9.851278971846906,-0.5926858934045911
8.74055021669502,10.076277179484343,-0.5926858934045911
8.74055021669502,10.301275387121782,-0.5926858934045911
8.74055021669502,10.526273594759221,-0.5926858934045911
8.74055021669502,10.75127180239666,-0.5926858934045911
8.74055021669502,10.976270010034098,-0.5926858934045911
8.74055021669502,11.201268217671537,-0.5926858934045911
8.74055021669502,11.426266425308976,-0.5926858934045911
8.74055021669502,11.651264632946415,-0.5926858934045911
8.74055021669502,11.876262840583854,-0.5926858934045911
8.74055021669502,12.101261048221293,-0.5926858934045911
8.74055021669502,12.32625925585873,-0.5926858934045911
8.74055021669502,12.551257463496169,-0.5926858934045911
8.74055021669502,12.776255671133608,-0.5926858934045911
8.74055021669502,13.001253878771047,-0.5926858934045911
12.119330500543187,1.9763417045365497,-0.5552713088322687
12.119330500543187,2.2013399121739883,-0.5552713088322687
12.119330500543187,2.426338119811427,-0.5552713088322687
12.119330500543187,2.651336327448866,-0.5552713088322687
12.119330500543187,2.8763345350863045,-0.5552713088322687
12.119330500543187,3.101332742723743,-0.5552713088322687
12.119330500543187,3.326330950361182,-0.5552713088322687
12.119330500543187,3.551329157998621,-0.5552713088322687
12.119330500543187,3.7763273656360594,-0.5552713088322687
12.119330500543187,4.001325573273498,-0.5552713088322687
12.083135299167676,4.226323780910937,-0.5552713088322687
12.083135299167676,4.451321988548376,-0.5552713088322687
12.083135299167676,4.676320196185815,-0.5552713088322687
12.083135299167676,4.901318403823253,-0.5552713088322687
12.083135299167676,5.126316611460692,-0.5552713088322687
12.083135299167676,5.35131481909813,-0.5552713088322687
12.083135299167676,5.576313026735569,-0.5552713088322687
12.083135299167676,5.801311234373008,-0.5552713088322687
12.083135299167676,6.026309442010446,-0.5552713088322687
12.083135299167676,6.251307649647885,-0.5552713088322687
12.083135299167676,6.476305857285324,-0.5552713088322687
12.083135299167676,6.701304064922763,-0.5552713088322687
12.083960379748138,6.926302272560202,-0.5552713088322687
12.083960379748138,7.15130048019764,-0.5552713088322687
12.083960379748138,7.376298687835079,-0.5552713088322687
12.083960379748138,7.601296895472518,-0.5552713088322687
12.083960379748138,7.826295103109956,-0.5552713088322687
12.081382832779918,8.051293310747395,-0.5552713088322687
12.081382832779918,8.276291518384834,-0.5552713088322687
12.076763128661954,8.501289726022272,-0.5552713088322687
12.076763128661954,8.726287933659712,-0.5552713088322687
8.74055021669502,8.95128614129715,-0.5552713088322687
8.74055021669502,9.176284348934589,-0.5552713088322687
8.74055021669502,9.401282556572028,-0.5552713088322687
8.74055021669502,9.626280764209465,-0.5552713088322687
8.74055021669502,9.851278971846906,-0.5552713088322687
8.74055021669502,10.076277179484343,-0.5552713088322687
8.74055021669502,10.301275387121782,-0.5552713088322687
8.74055021669502,10.526273594759221,-0.5552713088322687
8.74055021669502,10.75127180239666,-0.5552713088322687
8.74055021669502,10.976270010034098,-0.5552713088322687
8.74055021669502,11.201268217671537,-0.5552713088322687
8.74055021669502,11.426266425308976,-0.5552713088322687
8.74055021669502,11.651264632946415,-0.5552713088322687
8.74055021669502,11.876262840583854,-0.5552713088322687
8.74055021669502,12.101261048221293,-0.5552713088322687
8.74055021669502,12.32625925585873,-0.5552713088322687
8.74055021669502,12.551257463496169,-0.5552713088322687
8.74055021669502,12.776255671133608,-0.5552713088322687
8.74055021669502,13.001253878771047,-0.5552713088322687
12.119330500543187,1.9763417045365497,-0.5178567242599463
12.119330500543187,2.2013399121739883,-0.5178567242599463
12.119330500543187,2.426338119811427,-0.5178567242599463
12.119330500543187,2.651336327448866,-0.5178567242599463
12.119330500543187,2.8763345350863045,-0.5178567242599463
12.119330500543187,3.101332742723743,-0.5178567242599463
12.119330500543187,3.326330950361182,-0.5178567242599463
12.119330500543187,3.551329157998621,-0.5178567242599463
12.119330500543187,3.7763273656360594,-0.5178567242599463
12.119330500543187,4.001325573273498,-0.5178567242599463
12.083135299167676,4.226323780910937,-0.5178567242599463
12.083135299167676,4.451321988548376,-0.5178567242599463
12.083135299167676,4.676320196185815,-0.5178567242599463
12.083135299167676,4.901318403823253,-0.5178567242599463
12.083135299167676,5.126316611460692,-0.5178567242599463
12.083135299167676,5.35131481909813,-0.5178567242599463
12.083135299167676,5.576313026735569,-0.5178567242599463
12.083135299167676,5.801311234373008,-0.5178567242599463
12.083135299167676,6.026309442010446,-0.5178567242599463
12.083135299167676,6.251307649647885,-0.5178567242599463
12.083135299167676,6.476305857285324,-0.5178567242599463
12.083135299167676,6.701304064922763,-0.5178567242599463
12.083960379748138,6.926302272560202,-0.5178567242599463
12.083960379748138,7.15130048019764,-0.5178567242599463
12.083960379748138,7.376298687835079,-0.5178567242599463
12.083960379748138,7.601296895472518,-0.5178567242599463
12.083960379748138,7.826295103109956,-0.5178567242599463
12.081382832779918,8.051293310747395,-0.5178567242599463
12.081382832779918,8.276291518384834,-0.5178567242599463
12.076763128661954,8.501289726022272,-0.5178567242599463
12.076763128661954,8.726287933659712,-0.5178567242599463
8.74055021669502,8.95128614129715,-0.5178567242599463
8.74055021669502,9.176284348934589,-0.5178567242599463
8.74055021669502,9.401282556572028,-0.5178567242599463
8.74055021669502,9.626280764209465,-0.5178567242599463
8.74055021669502,9.851278971846906,-0.5178567242599463
8.74055021669502,10.076277179484343,-0.5178567242599463
8.74055021669502,10.301275387121782,-0.5178567242599463
8.74055021669502,10.526273594759221,-0.5178567242599463
8.74055021669502,10.75127180239666,-0.5178567242599463
8.74055021669502,10.976270010034098,-0.5178567242599463
8.74055021669502,11.201268217671537,-0.5178567242599463
8.74055021669502,11.426266425308976,-0.5178567242599463
8.74055021669502,11.651264632946415,-0.5178567242599463
8.74055021669502,11.876262840583854,-0.5178567242599463
8.74055021669502,12.101261048221293,-0.5178567242599463
8.74055021669502,12.32625925585873,-0.5178567242599463
8.74055021669502,12.551257463496169,-0.5178567242599463
8.74055021669502,12.776255671133608,-0.5178567242599463
8.74055021669502,13.001253878771047,-0.5178567242599463
12.119330500543187,1.9763417045365497,-0.48044213968762395
12.119330500543187,2.2013399121739883,-0.48044213968762395
12.119330500543187,2.426338119811427,-0.48044213968762395
12.119330500543187,2.651336327448866,-0.48044213968762395
12.119330500543187,2.8763345350863045,-0.48044213968762395
12.119330500543187,3.101332742723743,-0.48044213968762395
12.119330500543187,3.326330950361182,-0.48044213968762395
12.119330500543187,3.551329157998621,-0.48044213968762395
12.119330500543187,3.7763273656360594,-0.48044213968762395
12.119330500543187,4.001325573273498,-0.48044213968762395
12.083135299167676,4.226323780910937,-0.48044213968762395
12.083135299167676,4.451321988548376,-0.48044213968762395
12.083135299167676,4.676320196185815,-0.48044213968762395
12.083135299167676,4.901318403823253,-0.48044213968762395
12.083135299167676,5.126316611460692,-0.48044213968762395
12.083135299167676,5.35131481909813,-0.48044213968762395
12.083135299167676,5.576313026735569,-0.48044213968762395
12.083135299167676,5.801311234373008,-0.48044213968762395
12.083135299167676,6.026309442010446,-0.48044213968762395
12.083135299167676,6.251307649647885,-0.48044213968762395
12.083135299167676,6.476305857285324,-0.48044213968762395
12.083135299167676,6.701304064922763,-0.48044213968762395
12.083960379748138,6.926302272560202,-0.48044213968762395
12.083960379748138,7.15130048019764,-0.48044213968762395
12.083960379748138,7.376298687835079,-0.48044213968762395
12.083960379748138,7.601296895472518,-0.48044213968762395
12.083960379748138,7.826295103109956,-0.48044213968762395
12.081382832779918,8.051293310747395,-0.48044213968762395
12.081382832779918,8.276291518384834,-0.48044213968762395
12.076763128661954,8.501289726022272,-0.48044213968762395
12.076763128661954,8.726287933659712,-0.48044213968762395
8.74055021669502,8.95128614129715,-0.48044213968762395
8.74055021669502,9.176284348934589,-0.48044213968762395
8.74055021669502,9.401282556572028,-0.48044213968762395
8.74055021669502,9.626280764209465,-0.48044213968762395
8.74055021669502,9.851278971846906,-0.48044213968762395
8.74055021669502,10.076277179484343,-0.48044213968762395
8.74055021669502,10.301275387121782,-0.48044213968762395
8.74055021669502,10.526273594759221,-0.48044213968762395
8.74055021669502,10.75127180239666,-0.48044213968762395
8.74055021669502,10.976270010034098,-0.48044213968762395
8.74055021669502,11.201268217671537,-0.48044213968762395
8.74055021669502,11.426266425308976,-0.48044213968762395
8.74055021669502,11.651264632946415,-0.48044213968762395
8.74055021669502,11.876262840583854,-0.48044213968762395
8.74055021669502,12.101261048221293,-0.48044213968762395
8.74055021669502,12.32625925585873,-0.48044213968762395
8.74055021669502,12.551257463496169,-0.48044213968762395
8.74055021669502,12.776255671133608,-0.48044213968762395
8.74055021669502,13.001253878771047,-0.48044213968762395
12.119330500543187,1.9763417045365497,-0.4430275551153018
12.119330500543187,2.2013399121739883,-0.4430275551153018
12.119330500543187,2.426338119811427,-0.4430275551153018
12.119330500543187,2.651336327448866,-0.4430275551153018
12.119330500543187,2.8763345350863045,-0.4430275551153018
12.119330500543187,3.101332742723743,-0.4430275551153018
12.119330500543187,3.326330950361182,-0.4430275551153018
12.119330500543187,3.551329157998621,-0.4430275551153018
12.119330500543187,3.7763273656360594,-0.4430275551153018
12.119330500543187,4.001325573273498,-0.4430275551153018
12.083135299167676,4.226323780910937,-0.4430275551153018
12.083135299167676,4.451321988548376,-0.4430275551153018
12.083135299167676,4.676320196185815,-0.4430275551153018
12.083135299167676,4.901318403823253,-0.4430275551153018
12.083135299167676,5.126316611460692,-0.4430275551153018
12.083135299167676,5.35131481909813,-0.4430275551153018
12.083135299167676,5.576313026735569,-0.4430275551153018
12.083135299167676,5.801311234373008,-0.4430275551153018
12.083135299167676,6.026309442010446,-0.4430275551153018
12.083135299167676,6.251307649647885,-0.4430275551153018
12.083135299167676,6.476305857285324,-0.4430275551153018
12.083135299167676,6.701304064922763,-0.4430275551153018
12.083960379748138,6.926302272560202,-0.4430275551153018
12.083960379748138,7.15130048019764,-0.4430275551153018
12.083960379748138,7.376298687835079,-0.4430275551153018
12.083960379748138,7.601296895472518,-0.4430275551153018
12.083960379748138,7.826295103109956,-0.4430275551153018
12.081382832779918,8.051293310747395,-0.4430275551153018
12.081382832779918,8.276291518384834,-0.4430275551153018
12.076763128661954,8.501289726022272,-0.4430275551153018
12.076763128661954,8.726287933659712,-0.4430275551153018
8.74055021669502,8.95128614129715,-0.4430275551153018
8.74055021669502,9.176284348934589,-0.4430275551153018
8.74055021669502,9.401282556572028,-0.4430275551153018
8.74055021669502,9.626280764209465,-0.4430275551153018
8.74055021669502,9.851278971846906,-0.4430275551153018
8.74055021669502,10.076277179484343,-0.4430275551153018
8.74055021669502,10.301275387121782,-0.4430275551153018
8.74055021669502,10.526273594759221,-0.4430275551153018
8.74055021669502,10.75127180239666,-0.4430275551153018
8.74055021669502,10.976270010034098,-0.4430275551153018
8.74055021669502,11.201268217671537,-0.4430275551153018
8.74055021669502,11.426266425308976,-0.4430275551153018
8.74055021669502,11.651264632946415,-0.4430275551153018
8.74055021669502,11.876262840583854,-0.4430275551153018
8.74055021669502,12.101261048221293,-0.4430275551153018
8.74055021669502,12.32625925585873,-0.4430275551153018
8.74055021669502,12.551257463496169,-0.4430275551153018
8.74055021669502,12.776255671133608,-0.4430275551153018
8.74055021669502,13.001253878771047,-0.4430275551153018
12.119330500543187,1.9763417045365497,-0.4056129705429794
12.119330500543187,2.2013399121739883,-0.4056129705429794
12.119330500543187,2.426338119811427,-0.4056129705429794
12.119330500543187,2.651336327448866,-0.4056129705429794
12.119330500543187,2.8763345350863045,-0.4056129705429794
12.119330500543187,3.101332742723743,-0.4056129705429794
12.119330500543187,3.326330950361182,-0.4056129705429794
12.119330500543187,3.551329157998621,-0.4056129705429794
12.119330500543187,3.7763273656360594,-0.4056129705429794
12.119330500543187,4.001325573273498,-0.4056129705429794
12.083135299167676,4.226323780910937,-0.4056129705429794
12.083135299167676,4.451321988548376,-0.4056129705429794
12.083135299167676,4.676320196185815,-0.4056129705429794
12.083135299167676,4.901318403823253,-0.4056129705429794
12.083135299167676,5.126316611460692,-0.4056129705429794
12.083135299167676,5.35131481909813,-0.4056129705429794
12.083135299167676,5.576313026735569,-0.4056129705429794
12.083135299167676,5.801311234373008,-0.4056129705429794
12.083135299167676,6.026309442010446,-0.4056129705429794
12.083135299167676,6.251307649647885,-0.4056129705429794
12.083135299167676,6.476305857285324,-0.4056129705429794
12.083135299167676,6.701304064922763,-0.4056129705429794
12.083960379748138,6.926302272560202,-0.4056129705429794
12.083960379748138,7.15130048019764,-0.4056129705429794
12.083960379748138,7.376298687835079,-0.4056129705429794
12.083960379748138,7.601296895472518,-0.4056129705429794
12.083960379748138,7.826295103109956,-0.4056129705429794
12.081382832779918,8.051293310747395,-0.4056129705429794
12.081382832779918,8.276291518384834,-0.4056129705429794
12.076763128661954,8.501289726022272,-0.4056129705429794
12.076763128661954,8.726287933659712,-0.4056129705429794
8.74055021669502,8.95128614129715,-0.4056129705429794
8.74055021669502,9.176284348934589,-0.4056129705429794
8.74055021669502,9.401282556572028,-0.4056129705429794
8.74055021669502,9.626280764209465,-0.4056129705429794
8.74055021669502,9.851278971846906,-0.4056129705429794
8.74055021669502,10.076277179484343,-0.4056129705429794
8.74055021669502,10.301275387121782,-0.4056129705429794
8.74055021669502,10.526273594759221,-0.4056129705429794
8.74055021669502,10.75127180239666,-0.4056129705429794
8.74055021669502,10.976270010034098,-0.4056129705429794
8.74055021669502,11.201268217671537,-0.4056129705429794
8.74055021669502,11.426266425308976,-0.4056129705429794
8.74055021669502,11.651264632946415,-0.4056129705429794
8.74055021669502,11.876262840583854,-0.4056129705429794
8.74055021669502,12.101261048221293,-0.4056129705429794
8.74055021669502,12.32625925585873,-0.4056129705429794
8.74055021669502,12.551257463496169,-0.4056129705429794
8.74055021669502,12.776255671133608,-0.4056129705429794
8.74055021669502,13.001253878771047,-0.4056129705429794
12.119330500543187,1.9763417045365497,-0.368198385970657
12.119330500543187,2.2013399121739883,-0.368198385970657
12.119330500543187,2.426338119811427,-0.368198385970657
12.119330500543187,2.651336327448866,-0.368198385970657
12.119330500543187,2.8763345350863045,-0.368198385970657
12.119330500543187,3.101332742723743,-0.368198385970657
12.119330500543187,3.326330950361182,-0.368198385970657
12.119330500543187,3.551329157998621,-0.368198385970657
12.119330500543187,3.7763273656360594,-0.368198385970657
12.119330500543187,4.001325573273498,-0.368198385970657
12.083135299167676,4.226323780910937,-0.368198385970657
12.083135299167676,4.451321988548376,-0.368198385970657
12.083135299167676,4.676320196185815,-0.368198385970657
12.083135299167676,4.901318403823253,-0.368198385970657
12.083135299167676,5.126316611460692,-0.368198385970657
12.083135299167676,5.35131481909813,-0.368198385970657
12.083135299167676,5.576313026735569,-0.368198385970657
12.083135299167676,5.801311234373008,-0.368198385970657
12.083135299167676,6.026309442010446,-0.368198385970657
12.083135299167676,6.251307649647885,-0.368198385970657
12.083135299167676,6.476305857285324,-0.368198385970657
12.083135299167676,6.701304064922763,-0.368198385970657
12.083960379748138,6.926302272560202,-0.368198385970657
12.083960379748138,7.15130048019764,-0.368198385970657
12.083960379748138,7.376298687835079,-0.368198385970657
12.083960379748138,7.601296895472518,-0.368198385970657
12.083960379748138,7.826295103109956,-0.368198385970657
12.081382832779918,8.051293310747395,-0.368198385970657
12.081382832779918,8.276291518384834,-0.368198385970657
12.076763128661954,8.501289726022272,-0.368198385970657
12.076763128661954,8.726287933659712,-0.368198385970657
8.74055021669502,8.95128614129715,-0.368198385970657
8.74055021669502,9.176284348934589,-0.368198385970657
8.74055021669502,9.401282556572028,-0.368198385970657
8.74055021669502,9.626280764209465,-0.368198385970657
8.74055021669502,9.851278971846906,-0.368198385970657
8.74055021669502,10.076277179484343,-0.368198385970657
8.74055021669502,10.301275387121782,-0.368198385970657
8.74055021669502,10.526273594759221,-0.368198385970657
8.74055021669502,10.75127180239666,-0.368198385970657
8.74055021669502,10.976270010034098,-0.368198385970657
8.74055021669502,11.201268217671537,-0.368198385970657
8.74055021669502,11.426266425308976,-0.368198385970657
8.74055021669502,11.651264632946415,-0.368198385970657
8.74055021669502,11.876262840583854,-0.368198385970657
8.74055021669502,12.101261048221293,-0.368198385970657
8.74055021669502,12.32625925585873,-0.368198385970657
8.74055021669502,12.551257463496169,-0.368198385970657
8.74055021669502,12.776255671133608,-0.368198385970657
8.74055021669502,13.001253878771047,-0.368198385970657
12.119330500543187,1.9763417045365497,-0.33078380139833463
12.119330500543187,2.2013399121739883,-0.33078380139833463
12.119330500543187,2.426338119811427,-0.33078380139833463
12.119330500543187,2.651336327448866,-0.33078380139833463
12.119330500543187,2.8763345350863045,-0.33078380139833463
12.119330500543187,3.101332742723743,-0.33078380139833463
12.119330500543187,3.326330950361182,-0.33078380139833463
12.119330500543187,3.551329157998621,-0.33078380139833463
12.119330500543187,3.7763273656360594,-0.33078380139833463
12.119330500543187,4.001325573273498,-0.33078380139833463
12.083135299167676,4.226323780910937,-0.33078380139833463
12.083135299167676,4.451321988548376,-0.33078380139833463
12.083135299167676,4.676320196185815,-0.33078380139833463
12.083135299167676,4.901318403823253,-0.33078380139833463
12.083135299167676,5.126316611460692,-0.33078380139833463
12.083135299167676,5.35131481909813,-0.33078380139833463
12.083135299167676,5.576313026735569,-0.33078380139833463
12.083135299167676,5.801311234373008,-0.33078380139833463
12.083135299167676,6.026309442010446,-0.33078380139833463
12.083135299167676,6.251307649647885,-0.33078380139833463
12.083135299167676,6.476305857285324,-0.33078380139833463
12.083135299167676,6.701304064922763,-0.33078380139833463
12.083960379748138,6.926302272560202,-0.33078380139833463
12.083960379748138,7.15130048019764,-0.33078380139833463
12.083960379748138,7.376298687835079,-0.33078380139833463
12.083960379748138,7.601296895472518,-0.33078380139833463
12.083960379748138,7.826295103109956,-0.33078380139833463
12.081382832779918,8.051293310747395,-0.33078380139833463
12.081382832779918,8.276291518384834,-0.33078380139833463
12.076763128661954,8.501289726022272,-0.33078380139833463
12.076763128661954,8.726287933659712,-0.33078380139833463
8.74055021669502,8.95128614129715,-0.33078380139833463
8.74055021669502,9.176284348934589,-0.33078380139833463
8.74055021669502,9.401282556572028,-0.33078380139833463
8.74055021669502,9.626280764209465,-0.33078380139833463
8.74055021669502,9.851278971846906,-0.33078380139833463
8.74055021669502,10.076277179484343,-0.33078380139833463
8.74055021669502,10.301275387121782,-0.33078380139833463
8.74055021669502,10.526273594759221,-0.33078380139833463
8.74055021669502,10.75127180239666,-0.33078380139833463
8.74055021669502,10.976270010034098,-0.33078380139833463
8.74055021669502,11.201268217671537,-0.33078380139833463
8.74055021669502,11.426266425308976,-0.33078380139833463
8.74055021669502,11.651264632946415,-0.33078380139833463
8.74055021669502,11.876262840583854,-0.33078380139833463
8.74055021669502,12.101261048221293,-0.33078380139833463
8.74055021669502,12.32625925585873,-0.33078380139833463
8.74055021669502,12.551257463496169,-0.33078380139833463
8.74055021669502,12.776255671133608,-0.33078380139833463
8.74055021669502,13.001253878771047,-0.33078380139833463
12.305906292724481,1.9763417045365497,-0.29336921682601225
12.305906292724481,2.2013399121739883,-0.29336921682601225
12.305906292724481,2.426338119811427,-0.29336921682601225
12.305906292724481,2.651336327448866,-0.29336921682601225
12.305906292724481,2.8763345350863045,-0.29336921682601225
12.305906292724481,3.101332742723743,-0.29336921682601225
12.305906292724481,3.326330950361182,-0.29336921682601225
12.305906292724481,3.551329157998621,-0.29336921682601225
12.305906292724481,3.7763273656360594,-0.29336921682601225
12.305906292724481,4.001325573273498,-0.29336921682601225
12.262068956923612,4.226323780910937,-0.29336921682601225
12.262068956923612,4.451321988548376,-0.29336921682601225
12.262068956923612,4.676320196185815,-0.29336921682601225
12.262068956923612,4.901318403823253,-0.29336921682601225
12.262068956923612,5.126316611460692,-0.29336921682601225
12.262068956923612,5.35131481909813,-0.29336921682601225
12.262068956923612,5.576313026735569,-0.29336921682601225
12.262068956923612,5.801311234373008,-0.29336921682601225
12.262068956923612,6.026309442010446,-0.29336921682601225
12.262068956923612,6.251307649647885,-0.29336921682601225
12.262068956923612,6.476305857285324,-0.29336921682601225
12.262068956923612,6.701304064922763,-0.29336921682601225
12.262902527223774,6.926302272560202,-0.29336921682601225
12.262902527223774,7.15130048019764,-0.29336921682601225
12.262902527223774,7.376298687835079,-0.29336921682601225
12.262902527223774,7.601296895472518,-0.29336921682601225
12.262902527223774,7.826295103109956,-0.29336921682601225
12.260321973676334,8.051293310747395,-0.29336921682601225
12.260321973676334,8.276291518384834,-0.29336921682601225
12.255644500595057,8.501289726022272,-0.29336921682601225
12.255644500595057,8.726287933659712,-0.29336921682601225
8.855744682272269,8.95128614129715,-0.29336921682601225
8.855744682272269,9.176284348934589,-0.29336921682601225
8.855744682272269,9.401282556572028,-0.29336921682601225
8.855744682272269,9.626280764209465,-0.29336921682601225
8.855744682272269,9.851278971846906,-0.29336921682601225
8.855744682272269,10.076277179484343,-0.29336921682601225
8.855744682272269,10.301275387121782,-0.29336921682601225
8.855744682272269,10.526273594759221,-0.29336921682601225
8.855744682272269,10.75127180239666,-0.29336921682601225
8.855744682272269,10.976270010034098,-0.29336921682601225
8.855744682272269,11.201268217671537,-0.29336921682601225
8.855744682272269,11.426266425308976,-0.29336921682601225
8.855744682272269,11.651264632946415,-0.29336921682601225
8.855744682272269,11.876262840583854,-0.29336921682601225
8.855744682272269,12.101261048221293,-0.29336921682601225
8.855744682272269,12.32625925585873,-0.29336921682601225
8.855744682272269,12.551257463496169,-0.29336921682601225
8.855744682272269,12.776255671133608,-0.29336921682601225
8.855744682272269,13.001253878771047,-0.29336921682601225
12.305906292724481,1.9763417045365497,-0.25595463225368986
12.305906292724481,2.2013399121739883,-0.25595463225368986
12.305906292724481,2.426338119811427,-0.25595463225368986
12.305906292724481,2.651336327448866,-0.25595463225368986
12.305906292724481,2.8763345350863045,-0.25595463225368986
12.305906292724481,3.101332742723743,-0.25595463225368986
12.305906292724481,3.326330950361182,-0.25595463225368986
12.305906292724481,3.551329157998621,-0.25595463225368986
12.305906292724481,3.7763273656360594,-0.25595463225368986
12.305906292724481,4.001325573273498,-0.25595463225368986
12.262068956923612,4.226323780910937,-0.25595463225368986
12.262068956923612,4.451321988548376,-0.25595463225368986
12.262068956923612,4.676320196185815,-0.25595463225368986
12.262068956923612,4.901318403823253,-0.25595463225368986
12.262068956923612,5.126316611460692,-0.25595463225368986
12.262068956923612,5.35131481909813,-0.25595463225368986
12.262068956923612,5.576313026735569,-0.25595463225368986
12.262068956923612,5.801311234373008,-0.25595463225368986
12.262068956923612,6.026309442010446,-0.25595463225368986
12.262068956923612,6.251307649647885,-0.25595463225368986
12.262068956923612,6.476305857285324,-0.25595463225368986
12.262068956923612,6.701304064922763,-0.25595463225368986
12.262902527223774,6.926302272560202,-0.25595463225368986
12.262902527223774,7.15130048019764,-0.25595463225368986
12.262902527223774,7.376298687835079,-0.25595463225368986
12.262902527223774,7.601296895472518,-0.25595463225368986
12.262902527223774,7.826295103109956,-0.25595463225368986
12.260321973676334,8.051293310747395,-0.25595463225368986
12.260321973676334,8.276291518384834,-0.25595463225368986
12.255644500595057,8.501289726022272,-0.25595463225368986
12.255644500595057,8.726287933659712,-0.25595463225368986
8.855744682272269,8.95128614129715,-0.25595463225368986
8.855744682272269,9.176284348934589,-0.25595463225368986
8.855744682272269,9.401282556572028,-0.25595463225368986
8.855744682272269,9.626280764209465,-0.25595463225368986
8.855744682272269,9.851278971846906,-0.25595463225368986
8.855744682272269,10.076277179484343,-0.25595463225368986
8.855744682272269,10.301275387121782,-0.25595463225368986
8.855744682272269,10.526273594759221,-0.25595463225368986
8.855744682272269,10.75127180239666,-0.25595463225368986
8.855744682272269,10.976270010034098,-0.25595463225368986
8.855744682272269,11.201268217671537,-0.25595463225368986
8.855744682272269,11.426266425308976,-0.25595463225368986
8.855744682272269,11.651264632946415,-0.25595463225368986
8.855744682272269,11.876262840583854,-0.25595463225368986
8.855744682272269,12.101261048221293,-0.25595463225368986
8.855744682272269,12.32625925585873,-0.25595463225368986
8.855744682272269,12.551257463496169,-0.25595463225368986
8.855744682272269,12.776255671133608,-0.25595463225368986
8.855744682272269,13.001253878771047,-0.25595463225368986
12.305906292724481,1.9763417045365497,-0.21854004768136748
12.305906292724481,2.2013399121739883,-0.21854004768136748
12.305906292724481,2.426338119811427,-0.21854004768136748
12.305906292724481,2.651336327448866,-0.21854004768136748
12.305906292724481,2.8763345350863045,-0.21854004768136748
12.305906292724481,3.101332742723743,-0.21854004768136748
12.305906292724481,3.326330950361182,-0.21854004768136748
12.305906292724481,3.551329157998621,-0.21854004768136748
12.305906292724481,3.7763273656360594,-0.21854004768136748
12.305906292724481,4.001325573273498,-0.21854004768136748
12.262068956923612,4.226323780910937,-0.21854004768136748
12.262068956923612,4.451321988548376,-0.21854004768136748
12.262068956923612,4.676320196185815,-0.21854004768136748
12.262068956923612,4.901318403823253,-0.21854004768136748
12.262068956923612,5.126316611460692,-0.21854004768136748
12.262068956923612,5.35131481909813,-0.21854004768136748
12.262068956923612,5.576313026735569,-0.21854004768136748
12.262068956923612,5.801311234373008,-0.21854004768136748
12.262068956923612,6.026309442010446,-0.21854004768136748
12.262068956923612,6.251307649647885,-0.21854004768136748
12.262068956923612,6.476305857285324,-0.21854004768136748
12.262068956923612,6.701304064922763,-0.21854004768136748
12.262902527223774,6.926302272560202,-0.21854004768136748
12.262902527223774,7.15130048019764,-0.21854004768136748
12.262902527223774,7.376298687835079,-0.21854004768136748
12.262902527223774,7.601296895472518,-0.21854004768136748
12.262902527223774,7.826295103109956,-0.21854004768136748
12.260321973676334,8.051293310747395,-0.21854004768136748
12.260321973676334,8.276291518384834,-0.21854004768136748
12.255644500595057,8.501289726022272,-0.21854004768136748
12.255644500595057,8.726287933659712,-0.21854004768136748
8.855744682272269,8.95128614129715,-0.21854004768136748
8.855744682272269,9.176284348934589,-0.21854004768136748
8.855744682272269,9.401282556572028,-0.21854004768136748
8.855744682272269,9.626280764209465,-0.21854004768136748
8.855744682272269,9.851278971846906,-0.21854004768136748
8.855744682272269,10.076277179484343,-0.21854004768136748
8.855744682272269,10.301275387121782,-0.21854004768136748
8.855744682272269,10.526273594759221,-0.21854004768136748
8.855744682272269,10.75127180239666,-0.21854004768136748
8.855744682272269,10.976270010034098,-0.21854004768136748
8.855744682272269,11.201268217671537,-0.21854004768136748
8.855744682272269,11.426266425308976,-0.21854004768136748
8.855744682272269,11.651264632946415,-0.21854004768136748
8.855744682272269,11.876262840583854,-0.21854004768136748
8.855744682272269,12.101261048221293,-0.21854004768136748
8.855744682272269,12.32625925585873,-0.21854004768136748
8.855744682272269,12.551257463496169,-0.21854004768136748
8.855744682272269,12.776255671133608,-0.21854004768136748
8.855744682272269,13.001253878771047,-0.21854004768136748
12.305906292724481,1.9763417045365497,-0.1811254631090451
12.305906292724481,2.2013399121739883,-0.1811254631090451
12.305906292724481,2.426338119811427,-0.1811254631090451
12.305906292724481,2.651336327448866,-0.1811254631090451
12.305906292724481,2.8763345350863045,-0.1811254631090451
12.305906292724481,3.101332742723743,-0.1811254631090451
12.305906292724481,3.326330950361182,-0.1811254631090451
12.305906292724481,3.551329157998621,-0.1811254631090451
12.305906292724481,3.7763273656360594,-0.1811254631090451
12.305906292724481,4.001325573273498,-0.1811254631090451
12.262068956923612,4.226323780910937,-0.1811254631090451
12.262068956923612,4.451321988548376,-0.1811254631090451
12.262068956923612,4.676320196185815,-0.1811254631090451
12.262068956923612,4.901318403823253,-0.1811254631090451
12.262068956923612,5.126316611460692,-0.1811254631090451
12.262068956923612,5.35131481909813,-0.1811254631090451
12.262068956923612,5.576313026735569,-0.1811254631090451
12.262068956923612,5.801311234373008,-0.1811254631090451
12.262068956923612,6.026309442010446,-0.1811254631090451
12.262068956923612,6.251307649647885,-0.1811254631090451
12.262068956923612,6.476305857285324,-0.1811254631090451
12.262068956923612,6.701304064922763,-0.1811254631090451
12.262902527223774,6.926302272560202,-0.1811254631090451
12.262902527223774,7.15130048019764,-0.1811254631090451
12.262902527223774,7.376298687835079,-0.1811254631090451
12.262902527223774,7.601296895472518,-0.1811254631090451
12.262902527223774,7.826295103109956,-0.1811254631090451
12.260321973676334,8.051293310747395,-0.1811254631090451
12.260321973676334,8.276291518384834,-0.1811254631090451
12.255644500595057,8.501289726022272,-0.1811254631090451
12.255644500595057,8.726287933659712,-0.1811254631090451
8.855744682272269,8.95128614129715,-0.1811254631090451
8.855744682272269,9.176284348934589,-0.1811254631090451
8.855744682272269,9.401282556572028,-0.1811254631090451
8.855744682272269,9.626280764209465,-0.1811254631090451
8.855744682272269,9.851278971846906,-0.1811254631090451
8.855744682272269,10.076277179484343,-0.1811254631090451
8.855744682272269,10.301275387121782,-0.1811254631090451
8.855744682272269,10.526273594759221,-0.1811254631090451
8.855744682272269,10.75127180239666,-0.1811254631090451
8.855744682272269,10.976270010034098,-0.1811254631090451
8.855744682272269,11.201268217671537,-0.1811254631090451
8.855744682272269,11.426266425308976,-0.1811254631090451
8.855744682272269,11.651264632946415,-0.1811254631090451
8.855744682272269,11.876262840583854,-0.1811254631090451
8.855744682272269,12.101261048221293,-0.1811254631090451
8.855744682272269,12.32625925585873,-0.1811254631090451
8.855744682272269,12.551257463496169,-0.1811254631090451
8.855744682272269,12.776255671133608,-0.1811254631090451
8.855744682272269,13.001253878771047,-0.1811254631090451
12.305906292724481,1.9763417045365497,-0.1437108785367227
12.305906292724481,2.2013399121739883,-0.1437108785367227
12.305906292724481,2.426338119811427,-0.1437108785367227
12.305906292724481,2.651336327448866,-0.1437108785367227
12.305906292724481,2.8763345350863045,-0.1437108785367227
12.305906292724481,3.101332742723743,-0.1437108785367227
12.305906292724481,3.326330950361182,-0.1437108785367227
12.305906292724481,3.551329157998621,-0.1437108785367227
12.305906292724481,3.7763273656360594,-0.1437108785367227
12.305906292724481,4.001325573273498,-0.1437108785367227
12.262068956923612,4.226323780910937,-0.1437108785367227
12.262068956923612,4.451321988548376,-0.1437108785367227
12.262068956923612,4.676320196185815,-0.1437108785367227
12.262068956923612,4.901318403823253,-0.1437108785367227
12.262068956923612,5.126316611460692,-0.1437108785367227
12.262068956923612,5.35131481909813,-0.1437108785367227
12.262068956923612,5.576313026735569,-0.1437108785367227
12.262068956923612,5.801311234373008,-0.1437108785367227
12.262068956923612,6.026309442010446,-0.1437108785367227
12.262068956923612,6.251307649647885,-0.1437108785367227
12.262068956923612,6.476305857285324,-0.1437108785367227
12.262068956923612,6.701304064922763,-0.1437108785367227
12.262902527223774,6.926302272560202,-0.1437108785367227
12.262902527223774,7.15130048019764,-0.1437108785367227
12.262902527223774,7.376298687835079,-0.1437108785367227
12.262902527223774,7.601296895472518,-0.1437108785367227
12.262902527223774,7.826295103109956,-0.1437108785367227
12.260321973676334,8.051293310747395,-0.1437108785367227
12.260321973676334,8.276291518384834,-0.1437108785367227
12.255644500595057,8.501289726022272,-0.1437108785367227
12.255644500595057,8.726287933659712,-0.1437108785367227
8.855744682272269,8.95128614129715,-0.1437108785367227
8.855744682272269,9.176284348934589,-0.1437108785367227
8.855744682272269,9.401282556572028,-0.1437108785367227
8.855744682272269,9.626280764209465,-0.1437108785367227
8.855744682272269,9.851278971846906,-0.1437108785367227
8.855744682272269,10.076277179484343,-0.1437108785367227
8.855744682272269,10.301275387121782,-0.1437108785367227
8.855744682272269,10.526273594759221,-0.1437108785367227
8.855744682272269,10.75127180239666,-0.1437108785367227
8.855744682272269,10.976270010034098,-0.1437108785367227
8.855744682272269,11.201268217671537,-0.1437108785367227
8.855744682272269,11.426266425308976,-0.1437108785367227
8.855744682272269,11.651264632946415,-0.1437108785367227
8.855744682272269,11.876262840583854,-0.1437108785367227
8.855744682272269,12.101261048221293,-0.1437108785367227
8.855744682272269,12.32625925585873,-0.1437108785367227
8.855744682272269,12.551257463496169,-0.1437108785367227
8.855744682272269,12.776255671133608,-0.1437108785367227
8.855744682272269,13.001253878771047,-0.1437108785367227
12.305906292724481,1.9763417045365497,-0.10629629396440032
12.305906292724481,2.2013399121739883,-0.10629629396440032
12.305906292724481,2.426338119811427,-0.10629629396440032
12.305906292724481,2.651336327448866,-0.10629629396440032
12.305906292724481,2.8763345350863045,-0.10629629396440032
12.305906292724481,3.101332742723743,-0.10629629396440032
12.305906292724481,3.326330950361182,-0.10629629396440032
12.305906292724481,3.551329157998621,-0.10629629396440032
12.305906292724481,3.7763273656360594,-0.10629629396440032
12.305906292724481,4.001325573273498,-0.10629629396440032
12.262068956923612,4.226323780910937,-0.10629629396440032
12.262068956923612,4.451321988548376,-0.10629629396440032
12.262068956923612,4.676320196185815,-0.10629629396440032
12.262068956923612,4.901318403823253,-0.10629629396440032
12.262068956923612,5.126316611460692,-0.10629629396440032
12.262068956923612,5.35131481909813,-0.10629629396440032
12.262068956923612,5.576313026735569,-0.10629629396440032
12.262068956923612,5.801311234373008,-0.10629629396440032
12.262068956923612,6.026309442010446,-0.10629629396440032
12.262068956923612,6.251307649647885,-0.10629629396440032
12.262068956923612,6.476305857285324,-0.10629629396440032
12.262068956923612,6.701304064922763,-0.10629629396440032
12.262902527223774,6.926302272560202,-0.10629629396440032
12.262902527223774,7.15130048019764,-0.10629629396440032
12.262902527223774,7.376298687835079,-0.10629629396440032
12.262902527223774,7.601296895472518,-0.10629629396440032
12.262902527223774,7.826295103109956,-0.10629629396440032
12.260321973676334,8.051293310747395,-0.10629629396440032
12.260321973676334,8.276291518384834,-0.10629629396440032
12.255644500595057,8.501289726022272,-0.10629629396440032
12.255644500595057,8.726287933659712,-0.10629629396440032
8.855744682272269,8.95128614129715,-0.10629629396440032
8.855744682272269,9.176284348934589,-0.10629629396440032
8.855744682272269,9.401282556572028,-0.10629629396440032
8.855744682272269,9.626280764209465,-0.10629629396440032
8.855744682272269,9.851278971846906,-0.10629629396440032
8.855744682272269,10.076277179484343,-0.10629629396440032
8.855744682272269,10.301275387121782,-0.10629629396440032
8.855744682272269,10.526273594759221,-0.10629629396440032
8.855744682272269,10.75127180239666,-0.10629629396440032
8.855744682272269,10.976270010034098,-0.10629629396440032
8.855744682272269,11.201268217671537,-0.10629629396440032
8.855744682272269,11.426266425308976,-0.10629629396440032
8.855744682272269,11.651264632946415,-0.10629629396440032
8.855744682272269,11.876262840583854,-0.10629629396440032
8.855744682272269,12.101261048221293,-0.10629629396440032
8.855744682272269,12.32625925585873,-0.10629629396440032
8.855744682272269,12.551257463496169,-0.10629629396440032
8.855744682272269,12.776255671133608,-0.10629629396440032
8.855744682272269,13.001253878771047,-0.10629629396440032
12.305906292724481,1.9763417045365497,-0.06888170939207794
12.305906292724481,2.2013399121739883,-0.06888170939207794
12.305906292724481,2.426338119811427,-0.06888170939207794
12.305906292724481,2.651336327448866,-0.06888170939207794
12.305906292724481,2.8763345350863045,-0.06888170939207794
12.305906292724481,3.101332742723743,-0.06888170939207794
12.305906292724481,3.326330950361182,-0.06888170939207794
12.305906292724481,3.551329157998621,-0.06888170939207794
12.305906292724481,3.7763273656360594,-0.06888170939207794
12.305906292724481,4.001325573273498,-0.06888170939207794
12.262068956923612,4.226323780910937,-0.06888170939207794
12.262068956923612,4.451321988548376,-0.06888170939207794
12.262068956923612,4.676320196185815,-0.06888170939207794
12.262068956923612,4.901318403823253,-0.06888170939207794
12.262068956923612,5.126316611460692,-0.06888170939207794
12.262068956923612,5.35131481909813,-0.06888170939207794
12.262068956923612,5.576313026735569,-0.06888170939207794
12.262068956923612,5.801311234373008,-0.06888170939207794
12.262068956923612,6.026309442010446,-0.06888170939207794
12.262068956923612,6.251307649647885,-0.06888170939207794
12.262068956923612,6.476305857285324,-0.06888170939207794
12.262068956923612,6.701304064922763,-0.06888170939207794
12.262902527223774,6.926302272560202,-0.06888170939207794
12.262902527223774,7.15130048019764,-0.06888170939207794
12.262902527223774,7.376298687835079,-0.06888170939207794
12.262902527223774,7.601296895472518,-0.06888170939207794
12.262902527223774,7.826295103109956,-0.06888170939207794
12.260321973676334,8.051293310747395,-0.06888170939207794
12.260321973676334,8.276291518384834,-0.06888170939207794
12.255644500595057,8.501289726022272,-0.06888170939207794
12.255644500595057,8.726287933659712,-0.06888170939207794
8.855744682272269,8.95128614129715,-0.06888170939207794
8.855744682272269,9.176284348934589,-0.06888170939207794
8.855744682272269,9.401282556572028,-0.06888170939207794
8.855744682272269,9.626280764209465,-0.06888170939207794
8.855744682272269,9.851278971846906,-0.06888170939207794
8.855744682272269,10.076277179484343,-0.06888170939207794
8.855744682272269,10.301275387121782,-0.06888170939207794
8.855744682272269,10.526273594759221,-0.06888170939207794
8.855744682272269,10.75127180239666,-0.06888170939207794
8.855744682272269,10.976270010034098,-0.06888170939207794
8.855744682272269,11.201268217671537,-0.06888170939207794
8.855744682272269,11.426266425308976,-0.06888170939207794
8.855744682272269,11.651264632946415,-0.06888170939207794
8.855744682272269,11.876262840583854,-0.06888170939207794
8.855744682272269,12.101261048221293,-0.06888170939207794
8.855744682272269,12.32625925585873,-0.06888170939207794
8.855744682272269,12.551257463496169,-0.06888170939207794
8.855744682272269,12.776255671133608,-0.06888170939207794
8.855744682272269,13.001253878771047,-0.06888170939207794
12.305906292724481,1.9763417045365497,-0.0314671248197555
12.305906292724481,2.2013399121739883,-0.0314671248197555
12.305906292724481,2.426338119811427,-0.0314671248197555
12.305906292724481,2.651336327448866,-0.0314671248197555
12.305906292724481,2.8763345350863045,-0.0314671248197555
12.305906292724481,3.101332742723743,-0.0314671248197555
12.305906292724481,3.326330950361182,-0.0314671248197555
12.305906292724481,3.551329157998621,-0.0314671248197555
12.305906292724481,3.7763273656360594,-0.0314671248197555
12.305906292724481,4.001325573273498,-0.0314671248197555
12.262068956923612,4.226323780910937,-0.0314671248197555
12.262068956923612,4.451321988548376,-0.0314671248197555
12.262068956923612,4.676320196185815,-0.0314671248197555
12.262068956923612,4.901318403823253,-0.0314671248197555
12.262068956923612,5.126316611460692,-0.0314671248197555
12.262068956923612,5.35131481909813,-0.0314671248197555
12.262068956923612,5.576313026735569,-0.0314671248197555
12.262068956923612,5.801311234373008,-0.0314671248197555
12.262068956923612,6.026309442010446,-0.0314671248197555
12.262068956923612,6.251307649647885,-0.0314671248197555
12.262068956923612,6.476305857285324,-0.0314671248197555
12.262068956923612,6.701304064922763,-0.0314671248197555
12.262902527223774,6.926302272560202,-0.0314671248197555
12.262902527223774,7.15130048019764,-0.0314671248197555
12.262902527223774,7.376298687835079,-0.0314671248197555
12.262902527223774,7.601296895472518,-0.0314671248197555
12.262902527223774,7.826295103109956,-0.0314671248197555
12.260321973676334,8.051293310747395,-0.0314671248197555
12.260321973676334,8.276291518384834,-0.0314671248197555
12.255644500595057,8.501289726022272,-0.0314671248197555
12.255644500595057,8.726287933659712,-0.0314671248197555
8.855744682272269,8.95128614129715,-0.0314671248197555
8.855744682272269,9.176284348934589,-0.0314671248197555
8.855744682272269,9.401282556572028,-0.0314671248197555
8.855744682272269,9.626280764209465,-0.0314671248197555
8.855744682272269,9.851278971846906,-0.0314671248197555
8.855744682272269,10.076277179484343,-0.0314671248197555
8.855744682272269,10.301275387121782,-0.0314671248197555
8.855744682272269,10.526273594759221,-0.0314671248197555
8.855744682272269,10.75127180239666,-0.0314671248197555
8.855744682272269,10.976270010034098,-0.0314671248197555
8.855744682272269,11.201268217671537,-0.0314671248197555
8.855744682272269,11.426266425308976,-0.0314671248197555
8.855744682272269,11.651264632946415,-0.0314671248197555
8.855744682272269,11.876262840583854,-0.0314671248197555
8.855744682272269,12.101261048221293,-0.0314671248197555
8.855744682272269,12.32625925585873,-0.0314671248197555
8.855744682272269,12.551257463496169,-0.0314671248197555
8.855744682272269,12.776255671133608,-0.0314671248197555
8.855744682272269,13.001253878771047,-0.0314671248197555
