Q,max_landfalling_v850hPa,avg_landfalling_minomega
0.5448323665003624,15.195411682128906,-1.813508185473356
0.5448323665003624,15.901763526760803,-1.813508185473356
0.5448323665003624,16.6081153713927,-1.813508185473356
0.5448323665003624,17.314467216024592,-1.813508185473356
0.5448323665003624,18.02081906065649,-1.813508185473356
0.5448323665003624,18.727170905288386,-1.813508185473356
0.5448323665003624,19.43352274992028,-1.813508185473356
0.5448323665003624,20.139874594552175,-1.813508185473356
0.6728132603841483,20.846226439184072,-1.813508185473356
0.6728132603841483,21.55257828381597,-1.813508185473356
0.6728132603841483,22.258930128447865,-1.813508185473356
0.6728132603841483,22.965281973079758,-1.813508185473356
0.7189792809771598,23.671633817711655,-1.813508185473356
0.7189792809771598,24.37798566234355,-1.813508185473356
0.7189792809771598,25.084337506975444,-1.813508185473356
0.7189792809771598,25.79068935160734,-1.813508185473356
0.740254927634594,26.497041196239238,-1.813508185473356
0.740254927634594,27.203393040871134,-1.813508185473356
0.740254927634594,27.90974488550303,-1.813508185473356
0.740254927634594,28.616096730134924,-1.813508185473356
0.740254927634594,29.32244857476682,-1.813508185473356
0.8718564309325411,30.028800419398717,-1.813508185473356
0.8718564309325411,30.73515226403061,-1.813508185473356
0.8718564309325411,31.441504108662507,-1.813508185473356
0.8718564309325411,32.1478559532944,-1.813508185473356
0.8718564309325411,32.8542077979263,-1.813508185473356
0.8718564309325411,33.5605596425582,-1.813508185473356
0.7346729474039497,34.266911487190086,-1.813508185473356
0.6619003921641308,34.97326333182198,-1.813508185473356
0.6619003921641308,35.67961517645388,-1.813508185473356
0.6619003921641308,36.385967021085776,-1.813508185473356
0.6619003921641308,37.09231886571767,-1.813508185473356
0.6619003921641308,37.79867071034957,-1.813508185473356
0.6619003921641308,38.505022554981466,-1.813508185473356
0.6619003921641308,39.21137439961336,-1.813508185473356
0.9383469814946749,39.91772624424526,-1.813508185473356
0.9383469814946749,40.624078088877155,-1.813508185473356
0.9383469814946749,41.33042993350905,-1.813508185473356
0.9383469814946749,42.03678177814094,-1.813508185473356
0.9383469814946749,42.74313362277284,-1.813508185473356
0.9383469814946749,43.449485467404735,-1.813508185473356
0.9383469814946749,44.15583731203663,-1.813508185473356
0.9383469814946749,44.86218915666853,-1.813508185473356
0.9383469814946749,45.56854100130042,-1.813508185473356
0.9383469814946749,46.274892845932314,-1.813508185473356
0.9383469814946749,46.98124469056421,-1.813508185473356
0.9383469814946749,47.68759653519611,-1.813508185473356
0.9383469814946749,48.393948379828004,-1.813508185473356
0.9383469814946749,49.1003002244599,-1.813508185473356
0.9383469814946749,49.8066520690918,-1.813508185473356
0.5448323665003624,15.195411682128906,-1.7777659679332785
0.5448323665003624,15.901763526760803,-1.7777659679332785
0.5448323665003624,16.6081153713927,-1.7777659679332785
0.5448323665003624,17.314467216024592,-1.7777659679332785
0.5448323665003624,18.02081906065649,-1.7777659679332785
0.5448323665003624,18.727170905288386,-1.7777659679332785
0.5448323665003624,19.43352274992028,-1.7777659679332785
0.5448323665003624,20.139874594552175,-1.7777659679332785
0.6728132603841483,20.846226439184072,-1.7777659679332785
0.6728132603841483,21.55257828381597,-1.7777659679332785
0.6728132603841483,22.258930128447865,-1.7777659679332785
0.6728132603841483,22.965281973079758,-1.7777659679332785
0.7189792809771598,23.671633817711655,-1.7777659679332785
0.7189792809771598,24.37798566234355,-1.7777659679332785
0.7189792809771598,25.084337506975444,-1.7777659679332785
0.7189792809771598,25.79068935160734,-1.7777659679332785
0.740254927634594,26.497041196239238,-1.7777659679332785
0.740254927634594,27.203393040871134,-1.7777659679332785
0.740254927634594,27.90974488550303,-1.7777659679332785
0.740254927634594,28.616096730134924,-1.7777659679332785
0.740254927634594,29.32244857476682,-1.7777659679332785
0.8718564309325411,30.028800419398717,-1.7777659679332785
0.8718564309325411,30.73515226403061,-1.7777659679332785
0.8718564309325411,31.441504108662507,-1.7777659679332785
0.8718564309325411,32.1478559532944,-1.7777659679332785
0.8718564309325411,32.8542077979263,-1.7777659679332785
0.8718564309325411,33.5605596425582,-1.7777659679332785
0.7346729474039497,34.266911487190086,-1.7777659679332785
0.6619003921641308,34.97326333182198,-1.7777659679332785
0.6619003921641308,35.67961517645388,-1.7777659679332785
0.6619003921641308,36.385967021085776,-1.7777659679332785
0.6619003921641308,37.09231886571767,-1.7777659679332785
0.6619003921641308,37.79867071034957,-1.7777659679332785
0.6619003921641308,38.505022554981466,-1.7777659679332785
0.6619003921641308,39.21137439961336,-1.7777659679332785
0.9383469814946749,39.91772624424526,-1.7777659679332785
0.9383469814946749,40.624078088877155,-1.7777659679332785
0.9383469814946749,41.33042993350905,-1.7777659679332785
0.9383469814946749,42.03678177814094,-1.7777659679332785
0.9383469814946749,42.74313362277284,-1.7777659679332785
0.9383469814946749,43.449485467404735,-1.7777659679332785
0.9383469814946749,44.15583731203663,-1.7777659679332785
0.9383469814946749,44.86218915666853,-1.7777659679332785
0.9383469814946749,45.56854100130042,-1.7777659679332785
0.9383469814946749,46.274892845932314,-1.7777659679332785
0.9383469814946749,46.98124469056421,-1.7777659679332785
0.9383469814946749,47.68759653519611,-1.7777659679332785
0.9383469814946749,48.393948379828004,-1.7777659679332785
0.9383469814946749,49.1003002244599,-1.7777659679332785
0.9383469814946749,49.8066520690918,-1.7777659679332785
0.5448323665003624,15.195411682128906,-1.742023750393201
0.5448323665003624,15.901763526760803,-1.742023750393201
0.5448323665003624,16.6081153713927,-1.742023750393201
0.5448323665003624,17.314467216024592,-1.742023750393201
0.5448323665003624,18.02081906065649,-1.742023750393201
0.5448323665003624,18.727170905288386,-1.742023750393201
0.5448323665003624,19.43352274992028,-1.742023750393201
0.5448323665003624,20.139874594552175,-1.742023750393201
0.6728132603841483,20.846226439184072,-1.742023750393201
0.6728132603841483,21.55257828381597,-1.742023750393201
0.6728132603841483,22.258930128447865,-1.742023750393201
0.6728132603841483,22.965281973079758,-1.742023750393201
0.7189792809771598,23.671633817711655,-1.742023750393201
0.7189792809771598,24.37798566234355,-1.742023750393201
0.7189792809771598,25.084337506975444,-1.742023750393201
0.7189792809771598,25.79068935160734,-1.742023750393201
0.740254927634594,26.497041196239238,-1.742023750393201
0.740254927634594,27.203393040871134,-1.742023750393201
0.740254927634594,27.90974488550303,-1.742023750393201
0.740254927634594,28.616096730134924,-1.742023750393201
0.740254927634594,29.32244857476682,-1.742023750393201
0.8718564309325411,30.028800419398717,-1.742023750393201
0.8718564309325411,30.73515226403061,-1.742023750393201
0.8718564309325411,31.441504108662507,-1.742023750393201
0.8718564309325411,32.1478559532944,-1.742023750393201
0.8718564309325411,32.8542077979263,-1.742023750393201
0.8718564309325411,33.5605596425582,-1.742023750393201
0.7346729474039497,34.266911487190086,-1.742023750393201
0.6619003921641308,34.97326333182198,-1.742023750393201
0.6619003921641308,35.67961517645388,-1.742023750393201
0.6619003921641308,36.385967021085776,-1.742023750393201
0.6619003921641308,37.09231886571767,-1.742023750393201
0.6619003921641308,37.79867071034957,-1.742023750393201
0.6619003921641308,38.505022554981466,-1.742023750393201
0.6619003921641308,39.21137439961336,-1.742023750393201
0.9383469814946749,39.91772624424526,-1.742023750393201
0.9383469814946749,40.624078088877155,-1.742023750393201
0.9383469814946749,41.33042993350905,-1.742023750393201
0.9383469814946749,42.03678177814094,-1.742023750393201
0.9383469814946749,42.74313362277284,-1.742023750393201
0.9383469814946749,43.449485467404735,-1.742023750393201
0.9383469814946749,44.15583731203663,-1.742023750393201
0.9383469814946749,44.86218915666853,-1.742023750393201
0.9383469814946749,45.56854100130042,-1.742023750393201
0.9383469814946749,46.274892845932314,-1.742023750393201
0.9383469814946749,46.98124469056421,-1.742023750393201
0.9383469814946749,47.68759653519611,-1.742023750393201
0.9383469814946749,48.393948379828004,-1.742023750393201
0.9383469814946749,49.1003002244599,-1.742023750393201
0.9383469814946749,49.8066520690918,-1.742023750393201
0.5448323665003624,15.195411682128906,-1.7062815328531236
0.5448323665003624,15.901763526760803,-1.7062815328531236
0.5448323665003624,16.6081153713927,-1.7062815328531236
0.5448323665003624,17.314467216024592,-1.7062815328531236
0.5448323665003624,18.02081906065649,-1.7062815328531236
0.5448323665003624,18.727170905288386,-1.7062815328531236
0.5448323665003624,19.43352274992028,-1.7062815328531236
0.5448323665003624,20.139874594552175,-1.7062815328531236
0.6728132603841483,20.846226439184072,-1.7062815328531236
0.6728132603841483,21.55257828381597,-1.7062815328531236
0.6728132603841483,22.258930128447865,-1.7062815328531236
0.6728132603841483,22.965281973079758,-1.7062815328531236
0.7189792809771598,23.671633817711655,-1.7062815328531236
0.7189792809771598,24.37798566234355,-1.7062815328531236
0.7189792809771598,25.084337506975444,-1.7062815328531236
0.7189792809771598,25.79068935160734,-1.7062815328531236
0.740254927634594,26.497041196239238,-1.7062815328531236
0.740254927634594,27.203393040871134,-1.7062815328531236
0.740254927634594,27.90974488550303,-1.7062815328531236
0.740254927634594,28.616096730134924,-1.7062815328531236
0.740254927634594,29.32244857476682,-1.7062815328531236
0.8718564309325411,30.028800419398717,-1.7062815328531236
0.8718564309325411,30.73515226403061,-1.7062815328531236
0.8718564309325411,31.441504108662507,-1.7062815328531236
0.8718564309325411,32.1478559532944,-1.7062815328531236
0.8718564309325411,32.8542077979263,-1.7062815328531236
0.8718564309325411,33.5605596425582,-1.7062815328531236
0.7346729474039497,34.266911487190086,-1.7062815328531236
0.6619003921641308,34.97326333182198,-1.7062815328531236
0.6619003921641308,35.67961517645388,-1.7062815328531236
0.6619003921641308,36.385967021085776,-1.7062815328531236
0.6619003921641308,37.09231886571767,-1.7062815328531236
0.6619003921641308,37.79867071034957,-1.7062815328531236
0.6619003921641308,38.505022554981466,-1.7062815328531236
0.6619003921641308,39.21137439961336,-1.7062815328531236
0.9383469814946749,39.91772624424526,-1.7062815328531236
0.9383469814946749,40.624078088877155,-1.7062815328531236
0.9383469814946749,41.33042993350905,-1.7062815328531236
0.9383469814946749,42.03678177814094,-1.7062815328531236
0.9383469814946749,42.74313362277284,-1.7062815328531236
0.9383469814946749,43.449485467404735,-1.7062815328531236
0.9383469814946749,44.15583731203663,-1.7062815328531236
0.9383469814946749,44.86218915666853,-1.7062815328531236
0.9383469814946749,45.56854100130042,-1.7062815328531236
0.9383469814946749,46.274892845932314,-1.7062815328531236
0.9383469814946749,46.98124469056421,-1.7062815328531236
0.9383469814946749,47.68759653519611,-1.7062815328531236
0.9383469814946749,48.393948379828004,-1.7062815328531236
0.9383469814946749,49.1003002244599,-1.7062815328531236
0.9383469814946749,49.8066520690918,-1.7062815328531236
0.5448323665003624,15.195411682128906,-1.6705393153130461
0.5448323665003624,15.901763526760803,-1.6705393153130461
0.5448323665003624,16.6081153713927,-1.6705393153130461
0.5448323665003624,17.314467216024592,-1.6705393153130461
0.5448323665003624,18.02081906065649,-1.6705393153130461
0.5448323665003624,18.727170905288386,-1.6705393153130461
0.5448323665003624,19.43352274992028,-1.6705393153130461
0.5448323665003624,20.139874594552175,-1.6705393153130461
0.6728132603841483,20.846226439184072,-1.6705393153130461
0.6728132603841483,21.55257828381597,-1.6705393153130461
0.6728132603841483,22.258930128447865,-1.6705393153130461
0.6728132603841483,22.965281973079758,-1.6705393153130461
0.7189792809771598,23.671633817711655,-1.6705393153130461
0.7189792809771598,24.37798566234355,-1.6705393153130461
0.7189792809771598,25.084337506975444,-1.6705393153130461
0.7189792809771598,25.79068935160734,-1.6705393153130461
0.740254927634594,26.497041196239238,-1.6705393153130461
0.740254927634594,27.203393040871134,-1.6705393153130461
0.740254927634594,27.90974488550303,-1.6705393153130461
0.740254927634594,28.616096730134924,-1.6705393153130461
0.740254927634594,29.32244857476682,-1.6705393153130461
0.8718564309325411,30.028800419398717,-1.6705393153130461
0.8718564309325411,30.73515226403061,-1.6705393153130461
0.8718564309325411,31.441504108662507,-1.6705393153130461
0.8718564309325411,32.1478559532944,-1.6705393153130461
0.8718564309325411,32.8542077979263,-1.6705393153130461
0.8718564309325411,33.5605596425582,-1.6705393153130461
0.7346729474039497,34.266911487190086,-1.6705393153130461
0.6619003921641308,34.97326333182198,-1.6705393153130461
0.6619003921641308,35.67961517645388,-1.6705393153130461
0.6619003921641308,36.385967021085776,-1.6705393153130461
0.6619003921641308,37.09231886571767,-1.6705393153130461
0.6619003921641308,37.79867071034957,-1.6705393153130461
0.6619003921641308,38.505022554981466,-1.6705393153130461
0.6619003921641308,39.21137439961336,-1.6705393153130461
0.9383469814946749,39.91772624424526,-1.6705393153130461
0.9383469814946749,40.624078088877155,-1.6705393153130461
0.9383469814946749,41.33042993350905,-1.6705393153130461
0.9383469814946749,42.03678177814094,-1.6705393153130461
0.9383469814946749,42.74313362277284,-1.6705393153130461
0.9383469814946749,43.449485467404735,-1.6705393153130461
0.9383469814946749,44.15583731203663,-1.6705393153130461
0.9383469814946749,44.86218915666853,-1.6705393153130461
0.9383469814946749,45.56854100130042,-1.6705393153130461
0.9383469814946749,46.274892845932314,-1.6705393153130461
0.9383469814946749,46.98124469056421,-1.6705393153130461
0.9383469814946749,47.68759653519611,-1.6705393153130461
0.9383469814946749,48.393948379828004,-1.6705393153130461
0.9383469814946749,49.1003002244599,-1.6705393153130461
0.9383469814946749,49.8066520690918,-1.6705393153130461
0.5448323665003624,15.195411682128906,-1.6347970977729684
0.5448323665003624,15.901763526760803,-1.6347970977729684
0.5448323665003624,16.6081153713927,-1.6347970977729684
0.5448323665003624,17.314467216024592,-1.6347970977729684
0.5448323665003624,18.02081906065649,-1.6347970977729684
0.5448323665003624,18.727170905288386,-1.6347970977729684
0.5448323665003624,19.43352274992028,-1.6347970977729684
0.5448323665003624,20.139874594552175,-1.6347970977729684
0.6728132603841483,20.846226439184072,-1.6347970977729684
0.6728132603841483,21.55257828381597,-1.6347970977729684
0.6728132603841483,22.258930128447865,-1.6347970977729684
0.6728132603841483,22.965281973079758,-1.6347970977729684
0.7189792809771598,23.671633817711655,-1.6347970977729684
0.7189792809771598,24.37798566234355,-1.6347970977729684
0.7189792809771598,25.084337506975444,-1.6347970977729684
0.7189792809771598,25.79068935160734,-1.6347970977729684
0.740254927634594,26.497041196239238,-1.6347970977729684
0.740254927634594,27.203393040871134,-1.6347970977729684
0.740254927634594,27.90974488550303,-1.6347970977729684
0.740254927634594,28.616096730134924,-1.6347970977729684
0.740254927634594,29.32244857476682,-1.6347970977729684
0.8718564309325411,30.028800419398717,-1.6347970977729684
0.8718564309325411,30.73515226403061,-1.6347970977729684
0.8718564309325411,31.441504108662507,-1.6347970977729684
0.8718564309325411,32.1478559532944,-1.6347970977729684
0.8718564309325411,32.8542077979263,-1.6347970977729684
0.8718564309325411,33.5605596425582,-1.6347970977729684
0.7346729474039497,34.266911487190086,-1.6347970977729684
0.6619003921641308,34.97326333182198,-1.6347970977729684
0.6619003921641308,35.67961517645388,-1.6347970977729684
0.6619003921641308,36.385967021085776,-1.6347970977729684
0.6619003921641308,37.09231886571767,-1.6347970977729684
0.6619003921641308,37.79867071034957,-1.6347970977729684
0.6619003921641308,38.505022554981466,-1.6347970977729684
0.6619003921641308,39.21137439961336,-1.6347970977729684
0.9383469814946749,39.91772624424526,-1.6347970977729684
0.9383469814946749,40.624078088877155,-1.6347970977729684
0.9383469814946749,41.33042993350905,-1.6347970977729684
0.9383469814946749,42.03678177814094,-1.6347970977729684
0.9383469814946749,42.74313362277284,-1.6347970977729684
0.9383469814946749,43.449485467404735,-1.6347970977729684
0.9383469814946749,44.15583731203663,-1.6347970977729684
0.9383469814946749,44.86218915666853,-1.6347970977729684
0.9383469814946749,45.56854100130042,-1.6347970977729684
0.9383469814946749,46.274892845932314,-1.6347970977729684
0.9383469814946749,46.98124469056421,-1.6347970977729684
0.9383469814946749,47.68759653519611,-1.6347970977729684
0.9383469814946749,48.393948379828004,-1.6347970977729684
0.9383469814946749,49.1003002244599,-1.6347970977729684
0.9383469814946749,49.8066520690918,-1.6347970977729684
0.5448323665003624,15.195411682128906,-1.599054880232891
0.5448323665003624,15.901763526760803,-1.599054880232891
0.5448323665003624,16.6081153713927,-1.599054880232891
0.5448323665003624,17.314467216024592,-1.599054880232891
0.5448323665003624,18.02081906065649,-1.599054880232891
0.5448323665003624,18.727170905288386,-1.599054880232891
0.5448323665003624,19.43352274992028,-1.599054880232891
0.5448323665003624,20.139874594552175,-1.599054880232891
0.6728132603841483,20.846226439184072,-1.599054880232891
0.6728132603841483,21.55257828381597,-1.599054880232891
0.6728132603841483,22.258930128447865,-1.599054880232891
0.6728132603841483,22.965281973079758,-1.599054880232891
0.7189792809771598,23.671633817711655,-1.599054880232891
0.7189792809771598,24.37798566234355,-1.599054880232891
0.7189792809771598,25.084337506975444,-1.599054880232891
0.7189792809771598,25.79068935160734,-1.599054880232891
0.740254927634594,26.497041196239238,-1.599054880232891
0.740254927634594,27.203393040871134,-1.599054880232891
0.740254927634594,27.90974488550303,-1.599054880232891
0.740254927634594,28.616096730134924,-1.599054880232891
0.740254927634594,29.32244857476682,-1.599054880232891
0.8718564309325411,30.028800419398717,-1.599054880232891
0.8718564309325411,30.73515226403061,-1.599054880232891
0.8718564309325411,31.441504108662507,-1.599054880232891
0.8718564309325411,32.1478559532944,-1.599054880232891
0.8718564309325411,32.8542077979263,-1.599054880232891
0.8718564309325411,33.5605596425582,-1.599054880232891
0.7346729474039497,34.266911487190086,-1.599054880232891
0.6619003921641308,34.97326333182198,-1.599054880232891
0.6619003921641308,35.67961517645388,-1.599054880232891
0.6619003921641308,36.385967021085776,-1.599054880232891
0.6619003921641308,37.09231886571767,-1.599054880232891
0.6619003921641308,37.79867071034957,-1.599054880232891
0.6619003921641308,38.505022554981466,-1.599054880232891
0.6619003921641308,39.21137439961336,-1.599054880232891
0.9383469814946749,39.91772624424526,-1.599054880232891
0.9383469814946749,40.624078088877155,-1.599054880232891
0.9383469814946749,41.33042993350905,-1.599054880232891
0.9383469814946749,42.03678177814094,-1.599054880232891
0.9383469814946749,42.74313362277284,-1.599054880232891
0.9383469814946749,43.449485467404735,-1.599054880232891
0.9383469814946749,44.15583731203663,-1.599054880232891
0.9383469814946749,44.86218915666853,-1.599054880232891
0.9383469814946749,45.56854100130042,-1.599054880232891
0.9383469814946749,46.274892845932314,-1.599054880232891
0.9383469814946749,46.98124469056421,-1.599054880232891
0.9383469814946749,47.68759653519611,-1.599054880232891
0.9383469814946749,48.393948379828004,-1.599054880232891
0.9383469814946749,49.1003002244599,-1.599054880232891
0.9383469814946749,49.8066520690918,-1.599054880232891
0.5448323665003624,15.195411682128906,-1.5633126626928135
0.5448323665003624,15.901763526760803,-1.5633126626928135
0.5448323665003624,16.6081153713927,-1.5633126626928135
0.5448323665003624,17.314467216024592,-1.5633126626928135
0.5448323665003624,18.02081906065649,-1.5633126626928135
0.5448323665003624,18.727170905288386,-1.5633126626928135
0.5448323665003624,19.43352274992028,-1.5633126626928135
0.5448323665003624,20.139874594552175,-1.5633126626928135
0.6728132603841483,20.846226439184072,-1.5633126626928135
0.6728132603841483,21.55257828381597,-1.5633126626928135
0.6728132603841483,22.258930128447865,-1.5633126626928135
0.6728132603841483,22.965281973079758,-1.5633126626928135
0.7189792809771598,23.671633817711655,-1.5633126626928135
0.7189792809771598,24.37798566234355,-1.5633126626928135
0.7189792809771598,25.084337506975444,-1.5633126626928135
0.7189792809771598,25.79068935160734,-1.5633126626928135
0.740254927634594,26.497041196239238,-1.5633126626928135
0.740254927634594,27.203393040871134,-1.5633126626928135
0.740254927634594,27.90974488550303,-1.5633126626928135
0.740254927634594,28.616096730134924,-1.5633126626928135
0.740254927634594,29.32244857476682,-1.5633126626928135
0.8718564309325411,30.028800419398717,-1.5633126626928135
0.8718564309325411,30.73515226403061,-1.5633126626928135
0.8718564309325411,31.441504108662507,-1.5633126626928135
0.8718564309325411,32.1478559532944,-1.5633126626928135
0.8718564309325411,32.8542077979263,-1.5633126626928135
0.8718564309325411,33.5605596425582,-1.5633126626928135
0.7346729474039497,34.266911487190086,-1.5633126626928135
0.6619003921641308,34.97326333182198,-1.5633126626928135
0.6619003921641308,35.67961517645388,-1.5633126626928135
0.6619003921641308,36.385967021085776,-1.5633126626928135
0.6619003921641308,37.09231886571767,-1.5633126626928135
0.6619003921641308,37.79867071034957,-1.5633126626928135
0.6619003921641308,38.505022554981466,-1.5633126626928135
0.6619003921641308,39.21137439961336,-1.5633126626928135
0.9383469814946749,39.91772624424526,-1.5633126626928135
0.9383469814946749,40.624078088877155,-1.5633126626928135
0.9383469814946749,41.33042993350905,-1.5633126626928135
0.9383469814946749,42.03678177814094,-1.5633126626928135
0.9383469814946749,42.74313362277284,-1.5633126626928135
0.9383469814946749,43.449485467404735,-1.5633126626928135
0.9383469814946749,44.15583731203663,-1.5633126626928135
0.9383469814946749,44.86218915666853,-1.5633126626928135
0.9383469814946749,45.56854100130042,-1.5633126626928135
0.9383469814946749,46.274892845932314,-1.5633126626928135
0.9383469814946749,46.98124469056421,-1.5633126626928135
0.9383469814946749,47.68759653519611,-1.5633126626928135
0.9383469814946749,48.393948379828004,-1.5633126626928135
0.9383469814946749,49.1003002244599,-1.5633126626928135
0.9383469814946749,49.8066520690918,-1.5633126626928135
0.5448323665003624,15.195411682128906,-1.527570445152736
0.5448323665003624,15.901763526760803,-1.527570445152736
0.5448323665003624,16.6081153713927,-1.527570445152736
0.5448323665003624,17.314467216024592,-1.527570445152736
0.5448323665003624,18.02081906065649,-1.527570445152736
0.5448323665003624,18.727170905288386,-1.527570445152736
0.5448323665003624,19.43352274992028,-1.527570445152736
0.5448323665003624,20.139874594552175,-1.527570445152736
0.6728132603841483,20.846226439184072,-1.527570445152736
0.6728132603841483,21.55257828381597,-1.527570445152736
0.6728132603841483,22.258930128447865,-1.527570445152736
0.6728132603841483,22.965281973079758,-1.527570445152736
0.7189792809771598,23.671633817711655,-1.527570445152736
0.7189792809771598,24.37798566234355,-1.527570445152736
0.7189792809771598,25.084337506975444,-1.527570445152736
0.7189792809771598,25.79068935160734,-1.527570445152736
0.740254927634594,26.497041196239238,-1.527570445152736
0.740254927634594,27.203393040871134,-1.527570445152736
0.740254927634594,27.90974488550303,-1.527570445152736
0.740254927634594,28.616096730134924,-1.527570445152736
0.740254927634594,29.32244857476682,-1.527570445152736
0.8718564309325411,30.028800419398717,-1.527570445152736
0.8718564309325411,30.73515226403061,-1.527570445152736
0.8718564309325411,31.441504108662507,-1.527570445152736
0.8718564309325411,32.1478559532944,-1.527570445152736
0.8718564309325411,32.8542077979263,-1.527570445152736
0.8718564309325411,33.5605596425582,-1.527570445152736
0.7346729474039497,34.266911487190086,-1.527570445152736
0.6619003921641308,34.97326333182198,-1.527570445152736
0.6619003921641308,35.67961517645388,-1.527570445152736
0.6619003921641308,36.385967021085776,-1.527570445152736
0.6619003921641308,37.09231886571767,-1.527570445152736
0.6619003921641308,37.79867071034957,-1.527570445152736
0.6619003921641308,38.505022554981466,-1.527570445152736
0.6619003921641308,39.21137439961336,-1.527570445152736
0.9383469814946749,39.91772624424526,-1.527570445152736
0.9383469814946749,40.624078088877155,-1.527570445152736
0.9383469814946749,41.33042993350905,-1.527570445152736
0.9383469814946749,42.03678177814094,-1.527570445152736
0.9383469814946749,42.74313362277284,-1.527570445152736
0.9383469814946749,43.449485467404735,-1.527570445152736
0.9383469814946749,44.15583731203663,-1.527570445152736
0.9383469814946749,44.86218915666853,-1.527570445152736
0.9383469814946749,45.56854100130042,-1.527570445152736
0.9383469814946749,46.274892845932314,-1.527570445152736
0.9383469814946749,46.98124469056421,-1.527570445152736
0.9383469814946749,47.68759653519611,-1.527570445152736
0.9383469814946749,48.393948379828004,-1.527570445152736
0.9383469814946749,49.1003002244599,-1.527570445152736
0.9383469814946749,49.8066520690918,-1.527570445152736
0.5448323665003624,15.195411682128906,-1.4918282276126587
0.5448323665003624,15.901763526760803,-1.4918282276126587
0.5448323665003624,16.6081153713927,-1.4918282276126587
0.5448323665003624,17.314467216024592,-1.4918282276126587
0.5448323665003624,18.02081906065649,-1.4918282276126587
0.5448323665003624,18.727170905288386,-1.4918282276126587
0.5448323665003624,19.43352274992028,-1.4918282276126587
0.5448323665003624,20.139874594552175,-1.4918282276126587
0.6728132603841483,20.846226439184072,-1.4918282276126587
0.6728132603841483,21.55257828381597,-1.4918282276126587
0.6728132603841483,22.258930128447865,-1.4918282276126587
0.6728132603841483,22.965281973079758,-1.4918282276126587
0.7189792809771598,23.671633817711655,-1.4918282276126587
0.7189792809771598,24.37798566234355,-1.4918282276126587
0.7189792809771598,25.084337506975444,-1.4918282276126587
0.7189792809771598,25.79068935160734,-1.4918282276126587
0.740254927634594,26.497041196239238,-1.4918282276126587
0.740254927634594,27.203393040871134,-1.4918282276126587
0.740254927634594,27.90974488550303,-1.4918282276126587
0.740254927634594,28.616096730134924,-1.4918282276126587
0.740254927634594,29.32244857476682,-1.4918282276126587
0.8718564309325411,30.028800419398717,-1.4918282276126587
0.8718564309325411,30.73515226403061,-1.4918282276126587
0.8718564309325411,31.441504108662507,-1.4918282276126587
0.8718564309325411,32.1478559532944,-1.4918282276126587
0.8718564309325411,32.8542077979263,-1.4918282276126587
0.8718564309325411,33.5605596425582,-1.4918282276126587
0.7346729474039497,34.266911487190086,-1.4918282276126587
0.6619003921641308,34.97326333182198,-1.4918282276126587
0.6619003921641308,35.67961517645388,-1.4918282276126587
0.6619003921641308,36.385967021085776,-1.4918282276126587
0.6619003921641308,37.09231886571767,-1.4918282276126587
0.6619003921641308,37.79867071034957,-1.4918282276126587
0.6619003921641308,38.505022554981466,-1.4918282276126587
0.6619003921641308,39.21137439961336,-1.4918282276126587
0.9383469814946749,39.91772624424526,-1.4918282276126587
0.9383469814946749,40.624078088877155,-1.4918282276126587
0.9383469814946749,41.33042993350905,-1.4918282276126587
0.9383469814946749,42.03678177814094,-1.4918282276126587
0.9383469814946749,42.74313362277284,-1.4918282276126587
0.9383469814946749,43.449485467404735,-1.4918282276126587
0.9383469814946749,44.15583731203663,-1.4918282276126587
0.9383469814946749,44.86218915666853,-1.4918282276126587
0.9383469814946749,45.56854100130042,-1.4918282276126587
0.9383469814946749,46.274892845932314,-1.4918282276126587
0.9383469814946749,46.98124469056421,-1.4918282276126587
0.9383469814946749,47.68759653519611,-1.4918282276126587
0.9383469814946749,48.393948379828004,-1.4918282276126587
0.9383469814946749,49.1003002244599,-1.4918282276126587
0.9383469814946749,49.8066520690918,-1.4918282276126587
0.5448323665003624,15.195411682128906,-1.4560860100725812
0.5448323665003624,15.901763526760803,-1.4560860100725812
0.5448323665003624,16.6081153713927,-1.4560860100725812
0.5448323665003624,17.314467216024592,-1.4560860100725812
0.5448323665003624,18.02081906065649,-1.4560860100725812
0.5448323665003624,18.727170905288386,-1.4560860100725812
0.5448323665003624,19.43352274992028,-1.4560860100725812
0.5448323665003624,20.139874594552175,-1.4560860100725812
0.6728132603841483,20.846226439184072,-1.4560860100725812
0.6728132603841483,21.55257828381597,-1.4560860100725812
0.6728132603841483,22.258930128447865,-1.4560860100725812
0.6728132603841483,22.965281973079758,-1.4560860100725812
0.7189792809771598,23.671633817711655,-1.4560860100725812
0.7189792809771598,24.37798566234355,-1.4560860100725812
0.7189792809771598,25.084337506975444,-1.4560860100725812
0.7189792809771598,25.79068935160734,-1.4560860100725812
0.740254927634594,26.497041196239238,-1.4560860100725812
0.740254927634594,27.203393040871134,-1.4560860100725812
0.740254927634594,27.90974488550303,-1.4560860100725812
0.740254927634594,28.616096730134924,-1.4560860100725812
0.740254927634594,29.32244857476682,-1.4560860100725812
0.8718564309325411,30.028800419398717,-1.4560860100725812
0.8718564309325411,30.73515226403061,-1.4560860100725812
0.8718564309325411,31.441504108662507,-1.4560860100725812
0.8718564309325411,32.1478559532944,-1.4560860100725812
0.8718564309325411,32.8542077979263,-1.4560860100725812
0.8718564309325411,33.5605596425582,-1.4560860100725812
0.7346729474039497,34.266911487190086,-1.4560860100725812
0.6619003921641308,34.97326333182198,-1.4560860100725812
0.6619003921641308,35.67961517645388,-1.4560860100725812
0.6619003921641308,36.385967021085776,-1.4560860100725812
0.6619003921641308,37.09231886571767,-1.4560860100725812
0.6619003921641308,37.79867071034957,-1.4560860100725812
0.6619003921641308,38.505022554981466,-1.4560860100725812
0.6619003921641308,39.21137439961336,-1.4560860100725812
0.9383469814946749,39.91772624424526,-1.4560860100725812
0.9383469814946749,40.624078088877155,-1.4560860100725812
0.9383469814946749,41.33042993350905,-1.4560860100725812
0.9383469814946749,42.03678177814094,-1.4560860100725812
0.9383469814946749,42.74313362277284,-1.4560860100725812
0.9383469814946749,43.449485467404735,-1.4560860100725812
0.9383469814946749,44.15583731203663,-1.4560860100725812
0.9383469814946749,44.86218915666853,-1.4560860100725812
0.9383469814946749,45.56854100130042,-1.4560860100725812
0.9383469814946749,46.274892845932314,-1.4560860100725812
0.9383469814946749,46.98124469056421,-1.4560860100725812
0.9383469814946749,47.68759653519611,-1.4560860100725812
0.9383469814946749,48.393948379828004,-1.4560860100725812
0.9383469814946749,49.1003002244599,-1.4560860100725812
0.9383469814946749,49.8066520690918,-1.4560860100725812
0.5448323665003624,15.195411682128906,-1.4203437925325035
0.5448323665003624,15.901763526760803,-1.4203437925325035
0.5448323665003624,16.6081153713927,-1.4203437925325035
0.5448323665003624,17.314467216024592,-1.4203437925325035
0.5448323665003624,18.02081906065649,-1.4203437925325035
0.5448323665003624,18.727170905288386,-1.4203437925325035
0.5448323665003624,19.43352274992028,-1.4203437925325035
0.5448323665003624,20.139874594552175,-1.4203437925325035
0.6728132603841483,20.846226439184072,-1.4203437925325035
0.6728132603841483,21.55257828381597,-1.4203437925325035
0.6728132603841483,22.258930128447865,-1.4203437925325035
0.6728132603841483,22.965281973079758,-1.4203437925325035
0.7189792809771598,23.671633817711655,-1.4203437925325035
0.7189792809771598,24.37798566234355,-1.4203437925325035
0.7189792809771598,25.084337506975444,-1.4203437925325035
0.7189792809771598,25.79068935160734,-1.4203437925325035
0.740254927634594,26.497041196239238,-1.4203437925325035
0.740254927634594,27.203393040871134,-1.4203437925325035
0.740254927634594,27.90974488550303,-1.4203437925325035
0.740254927634594,28.616096730134924,-1.4203437925325035
0.740254927634594,29.32244857476682,-1.4203437925325035
0.8718564309325411,30.028800419398717,-1.4203437925325035
0.8718564309325411,30.73515226403061,-1.4203437925325035
0.8718564309325411,31.441504108662507,-1.4203437925325035
0.8718564309325411,32.1478559532944,-1.4203437925325035
0.8718564309325411,32.8542077979263,-1.4203437925325035
0.8718564309325411,33.5605596425582,-1.4203437925325035
0.7346729474039497,34.266911487190086,-1.4203437925325035
0.6619003921641308,34.97326333182198,-1.4203437925325035
0.6619003921641308,35.67961517645388,-1.4203437925325035
0.6619003921641308,36.385967021085776,-1.4203437925325035
0.6619003921641308,37.09231886571767,-1.4203437925325035
0.6619003921641308,37.79867071034957,-1.4203437925325035
0.6619003921641308,38.505022554981466,-1.4203437925325035
0.6619003921641308,39.21137439961336,-1.4203437925325035
0.9383469814946749,39.91772624424526,-1.4203437925325035
0.9383469814946749,40.624078088877155,-1.4203437925325035
0.9383469814946749,41.33042993350905,-1.4203437925325035
0.9383469814946749,42.03678177814094,-1.4203437925325035
0.9383469814946749,42.74313362277284,-1.4203437925325035
0.9383469814946749,43.449485467404735,-1.4203437925325035
0.9383469814946749,44.15583731203663,-1.4203437925325035
0.9383469814946749,44.86218915666853,-1.4203437925325035
0.9383469814946749,45.56854100130042,-1.4203437925325035
0.9383469814946749,46.274892845932314,-1.4203437925325035
0.9383469814946749,46.98124469056421,-1.4203437925325035
0.9383469814946749,47.68759653519611,-1.4203437925325035
0.9383469814946749,48.393948379828004,-1.4203437925325035
0.9383469814946749,49.1003002244599,-1.4203437925325035
0.9383469814946749,49.8066520690918,-1.4203437925325035
0.5448323665003624,15.195411682128906,-1.384601574992426
0.5448323665003624,15.901763526760803,-1.384601574992426
0.5448323665003624,16.6081153713927,-1.384601574992426
0.5448323665003624,17.314467216024592,-1.384601574992426
0.5448323665003624,18.02081906065649,-1.384601574992426
0.5448323665003624,18.727170905288386,-1.384601574992426
0.5448323665003624,19.43352274992028,-1.384601574992426
0.5448323665003624,20.139874594552175,-1.384601574992426
0.6728132603841483,20.846226439184072,-1.384601574992426
0.6728132603841483,21.55257828381597,-1.384601574992426
0.6728132603841483,22.258930128447865,-1.384601574992426
0.6728132603841483,22.965281973079758,-1.384601574992426
0.7189792809771598,23.671633817711655,-1.384601574992426
0.7189792809771598,24.37798566234355,-1.384601574992426
0.7189792809771598,25.084337506975444,-1.384601574992426
0.7189792809771598,25.79068935160734,-1.384601574992426
0.740254927634594,26.497041196239238,-1.384601574992426
0.740254927634594,27.203393040871134,-1.384601574992426
0.740254927634594,27.90974488550303,-1.384601574992426
0.740254927634594,28.616096730134924,-1.384601574992426
0.740254927634594,29.32244857476682,-1.384601574992426
0.8718564309325411,30.028800419398717,-1.384601574992426
0.8718564309325411,30.73515226403061,-1.384601574992426
0.8718564309325411,31.441504108662507,-1.384601574992426
0.8718564309325411,32.1478559532944,-1.384601574992426
0.8718564309325411,32.8542077979263,-1.384601574992426
0.8718564309325411,33.5605596425582,-1.384601574992426
0.7346729474039497,34.266911487190086,-1.384601574992426
0.6619003921641308,34.97326333182198,-1.384601574992426
0.6619003921641308,35.67961517645388,-1.384601574992426
0.6619003921641308,36.385967021085776,-1.384601574992426
0.6619003921641308,37.09231886571767,-1.384601574992426
0.6619003921641308,37.79867071034957,-1.384601574992426
0.6619003921641308,38.505022554981466,-1.384601574992426
0.6619003921641308,39.21137439961336,-1.384601574992426
0.9383469814946749,39.91772624424526,-1.384601574992426
0.9383469814946749,40.624078088877155,-1.384601574992426
0.9383469814946749,41.33042993350905,-1.384601574992426
0.9383469814946749,42.03678177814094,-1.384601574992426
0.9383469814946749,42.74313362277284,-1.384601574992426
0.9383469814946749,43.449485467404735,-1.384601574992426
0.9383469814946749,44.15583731203663,-1.384601574992426
0.9383469814946749,44.86218915666853,-1.384601574992426
0.9383469814946749,45.56854100130042,-1.384601574992426
0.9383469814946749,46.274892845932314,-1.384601574992426
0.9383469814946749,46.98124469056421,-1.384601574992426
0.9383469814946749,47.68759653519611,-1.384601574992426
0.9383469814946749,48.393948379828004,-1.384601574992426
0.9383469814946749,49.1003002244599,-1.384601574992426
0.9383469814946749,49.8066520690918,-1.384601574992426
0.5448323665003624,15.195411682128906,-1.3488593574523486
0.5448323665003624,15.901763526760803,-1.3488593574523486
0.5448323665003624,16.6081153713927,-1.3488593574523486
0.5448323665003624,17.314467216024592,-1.3488593574523486
0.5448323665003624,18.02081906065649,-1.3488593574523486
0.5448323665003624,18.727170905288386,-1.3488593574523486
0.5448323665003624,19.43352274992028,-1.3488593574523486
0.5448323665003624,20.139874594552175,-1.3488593574523486
0.6728132603841483,20.846226439184072,-1.3488593574523486
0.6728132603841483,21.55257828381597,-1.3488593574523486
0.6728132603841483,22.258930128447865,-1.3488593574523486
0.6728132603841483,22.965281973079758,-1.3488593574523486
0.7189792809771598,23.671633817711655,-1.3488593574523486
0.7189792809771598,24.37798566234355,-1.3488593574523486
0.7189792809771598,25.084337506975444,-1.3488593574523486
0.7189792809771598,25.79068935160734,-1.3488593574523486
0.740254927634594,26.497041196239238,-1.3488593574523486
0.740254927634594,27.203393040871134,-1.3488593574523486
0.740254927634594,27.90974488550303,-1.3488593574523486
0.740254927634594,28.616096730134924,-1.3488593574523486
0.740254927634594,29.32244857476682,-1.3488593574523486
0.8718564309325411,30.028800419398717,-1.3488593574523486
0.8718564309325411,30.73515226403061,-1.3488593574523486
0.8718564309325411,31.441504108662507,-1.3488593574523486
0.8718564309325411,32.1478559532944,-1.3488593574523486
0.8718564309325411,32.8542077979263,-1.3488593574523486
0.8718564309325411,33.5605596425582,-1.3488593574523486
0.7346729474039497,34.266911487190086,-1.3488593574523486
0.6619003921641308,34.97326333182198,-1.3488593574523486
0.6619003921641308,35.67961517645388,-1.3488593574523486
0.6619003921641308,36.385967021085776,-1.3488593574523486
0.6619003921641308,37.09231886571767,-1.3488593574523486
0.6619003921641308,37.79867071034957,-1.3488593574523486
0.6619003921641308,38.505022554981466,-1.3488593574523486
0.6619003921641308,39.21137439961336,-1.3488593574523486
0.9383469814946749,39.91772624424526,-1.3488593574523486
0.9383469814946749,40.624078088877155,-1.3488593574523486
0.9383469814946749,41.33042993350905,-1.3488593574523486
0.9383469814946749,42.03678177814094,-1.3488593574523486
0.9383469814946749,42.74313362277284,-1.3488593574523486
0.9383469814946749,43.449485467404735,-1.3488593574523486
0.9383469814946749,44.15583731203663,-1.3488593574523486
0.9383469814946749,44.86218915666853,-1.3488593574523486
0.9383469814946749,45.56854100130042,-1.3488593574523486
0.9383469814946749,46.274892845932314,-1.3488593574523486
0.9383469814946749,46.98124469056421,-1.3488593574523486
0.9383469814946749,47.68759653519611,-1.3488593574523486
0.9383469814946749,48.393948379828004,-1.3488593574523486
0.9383469814946749,49.1003002244599,-1.3488593574523486
0.9383469814946749,49.8066520690918,-1.3488593574523486
0.5448323665003624,15.195411682128906,-1.3131171399122712
0.5448323665003624,15.901763526760803,-1.3131171399122712
0.5448323665003624,16.6081153713927,-1.3131171399122712
0.5448323665003624,17.314467216024592,-1.3131171399122712
0.5448323665003624,18.02081906065649,-1.3131171399122712
0.5448323665003624,18.727170905288386,-1.3131171399122712
0.5448323665003624,19.43352274992028,-1.3131171399122712
0.5448323665003624,20.139874594552175,-1.3131171399122712
0.6728132603841483,20.846226439184072,-1.3131171399122712
0.6728132603841483,21.55257828381597,-1.3131171399122712
0.6728132603841483,22.258930128447865,-1.3131171399122712
0.6728132603841483,22.965281973079758,-1.3131171399122712
0.7189792809771598,23.671633817711655,-1.3131171399122712
0.7189792809771598,24.37798566234355,-1.3131171399122712
0.7189792809771598,25.084337506975444,-1.3131171399122712
0.7189792809771598,25.79068935160734,-1.3131171399122712
0.740254927634594,26.497041196239238,-1.3131171399122712
0.740254927634594,27.203393040871134,-1.3131171399122712
0.740254927634594,27.90974488550303,-1.3131171399122712
0.740254927634594,28.616096730134924,-1.3131171399122712
0.740254927634594,29.32244857476682,-1.3131171399122712
0.8718564309325411,30.028800419398717,-1.3131171399122712
0.8718564309325411,30.73515226403061,-1.3131171399122712
0.8718564309325411,31.441504108662507,-1.3131171399122712
0.8718564309325411,32.1478559532944,-1.3131171399122712
0.8718564309325411,32.8542077979263,-1.3131171399122712
0.8718564309325411,33.5605596425582,-1.3131171399122712
0.7346729474039497,34.266911487190086,-1.3131171399122712
0.6619003921641308,34.97326333182198,-1.3131171399122712
0.6619003921641308,35.67961517645388,-1.3131171399122712
0.6619003921641308,36.385967021085776,-1.3131171399122712
0.6619003921641308,37.09231886571767,-1.3131171399122712
0.6619003921641308,37.79867071034957,-1.3131171399122712
0.6619003921641308,38.505022554981466,-1.3131171399122712
0.6619003921641308,39.21137439961336,-1.3131171399122712
0.9383469814946749,39.91772624424526,-1.3131171399122712
0.9383469814946749,40.624078088877155,-1.3131171399122712
0.9383469814946749,41.33042993350905,-1.3131171399122712
0.9383469814946749,42.03678177814094,-1.3131171399122712
0.9383469814946749,42.74313362277284,-1.3131171399122712
0.9383469814946749,43.449485467404735,-1.3131171399122712
0.9383469814946749,44.15583731203663,-1.3131171399122712
0.9383469814946749,44.86218915666853,-1.3131171399122712
0.9383469814946749,45.56854100130042,-1.3131171399122712
0.9383469814946749,46.274892845932314,-1.3131171399122712
0.9383469814946749,46.98124469056421,-1.3131171399122712
0.9383469814946749,47.68759653519611,-1.3131171399122712
0.9383469814946749,48.393948379828004,-1.3131171399122712
0.9383469814946749,49.1003002244599,-1.3131171399122712
0.9383469814946749,49.8066520690918,-1.3131171399122712
0.49607215515507164,15.195411682128906,-1.2773749223721937
0.49607215515507164,15.901763526760803,-1.2773749223721937
0.49607215515507164,16.6081153713927,-1.2773749223721937
0.49607215515507164,17.314467216024592,-1.2773749223721937
0.49607215515507164,18.02081906065649,-1.2773749223721937
0.49607215515507164,18.727170905288386,-1.2773749223721937
0.49607215515507164,19.43352274992028,-1.2773749223721937
0.49607215515507164,20.139874594552175,-1.2773749223721937
0.612599295889028,20.846226439184072,-1.2773749223721937
0.612599295889028,21.55257828381597,-1.2773749223721937
0.612599295889028,22.258930128447865,-1.2773749223721937
0.612599295889028,22.965281973079758,-1.2773749223721937
0.6546336512956527,23.671633817711655,-1.2773749223721937
0.6546336512956527,24.37798566234355,-1.2773749223721937
0.6546336512956527,25.084337506975444,-1.2773749223721937
0.6546336512956527,25.79068935160734,-1.2773749223721937
0.6740052168240823,26.497041196239238,-1.2773749223721937
0.6740052168240823,27.203393040871134,-1.2773749223721937
0.6740052168240823,27.90974488550303,-1.2773749223721937
0.6740052168240823,28.616096730134924,-1.2773749223721937
0.6740052168240823,29.32244857476682,-1.2773749223721937
0.7938289376173229,30.028800419398717,-1.2773749223721937
0.7938289376173229,30.73515226403061,-1.2773749223721937
0.7938289376173229,31.441504108662507,-1.2773749223721937
0.7938289376173229,32.1478559532944,-1.2773749223721937
0.7938289376173229,32.8542077979263,-1.2773749223721937
0.7938289376173229,33.5605596425582,-1.2773749223721937
0.6689228004088548,34.266911487190086,-1.2773749223721937
0.6026630835975288,34.97326333182198,-1.2773749223721937
0.6026630835975288,35.67961517645388,-1.2773749223721937
0.6026630835975288,36.385967021085776,-1.2773749223721937
0.6026630835975288,37.09231886571767,-1.2773749223721937
0.6026630835975288,37.79867071034957,-1.2773749223721937
0.6026630835975288,38.505022554981466,-1.2773749223721937
0.6026630835975288,39.21137439961336,-1.2773749223721937
0.8543688628179359,39.91772624424526,-1.2773749223721937
0.8543688628179359,40.624078088877155,-1.2773749223721937
0.8543688628179359,41.33042993350905,-1.2773749223721937
0.8543688628179359,42.03678177814094,-1.2773749223721937
0.8543688628179359,42.74313362277284,-1.2773749223721937
0.8543688628179359,43.449485467404735,-1.2773749223721937
0.8543688628179359,44.15583731203663,-1.2773749223721937
0.8543688628179359,44.86218915666853,-1.2773749223721937
0.8543688628179359,45.56854100130042,-1.2773749223721937
0.8543688628179359,46.274892845932314,-1.2773749223721937
0.8543688628179359,46.98124469056421,-1.2773749223721937
0.8543688628179359,47.68759653519611,-1.2773749223721937
0.8543688628179359,48.393948379828004,-1.2773749223721937
0.8543688628179359,49.1003002244599,-1.2773749223721937
0.8543688628179359,49.8066520690918,-1.2773749223721937
0.49607215515507164,15.195411682128906,-1.2416327048321163
0.49607215515507164,15.901763526760803,-1.2416327048321163
0.49607215515507164,16.6081153713927,-1.2416327048321163
0.49607215515507164,17.314467216024592,-1.2416327048321163
0.49607215515507164,18.02081906065649,-1.2416327048321163
0.49607215515507164,18.727170905288386,-1.2416327048321163
0.49607215515507164,19.43352274992028,-1.2416327048321163
0.49607215515507164,20.139874594552175,-1.2416327048321163
0.612599295889028,20.846226439184072,-1.2416327048321163
0.612599295889028,21.55257828381597,-1.2416327048321163
0.612599295889028,22.258930128447865,-1.2416327048321163
0.612599295889028,22.965281973079758,-1.2416327048321163
0.6546336512956527,23.671633817711655,-1.2416327048321163
0.6546336512956527,24.37798566234355,-1.2416327048321163
0.6546336512956527,25.084337506975444,-1.2416327048321163
0.6546336512956527,25.79068935160734,-1.2416327048321163
0.6740052168240823,26.497041196239238,-1.2416327048321163
0.6740052168240823,27.203393040871134,-1.2416327048321163
0.6740052168240823,27.90974488550303,-1.2416327048321163
0.6740052168240823,28.616096730134924,-1.2416327048321163
0.6740052168240823,29.32244857476682,-1.2416327048321163
0.7938289376173229,30.028800419398717,-1.2416327048321163
0.7938289376173229,30.73515226403061,-1.2416327048321163
0.7938289376173229,31.441504108662507,-1.2416327048321163
0.7938289376173229,32.1478559532944,-1.2416327048321163
0.7938289376173229,32.8542077979263,-1.2416327048321163
0.7938289376173229,33.5605596425582,-1.2416327048321163
0.6689228004088548,34.266911487190086,-1.2416327048321163
0.6026630835975288,34.97326333182198,-1.2416327048321163
0.6026630835975288,35.67961517645388,-1.2416327048321163
0.6026630835975288,36.385967021085776,-1.2416327048321163
0.6026630835975288,37.09231886571767,-1.2416327048321163
0.6026630835975288,37.79867071034957,-1.2416327048321163
0.6026630835975288,38.505022554981466,-1.2416327048321163
0.6026630835975288,39.21137439961336,-1.2416327048321163
0.8543688628179359,39.91772624424526,-1.2416327048321163
0.8543688628179359,40.624078088877155,-1.2416327048321163
0.8543688628179359,41.33042993350905,-1.2416327048321163
0.8543688628179359,42.03678177814094,-1.2416327048321163
0.8543688628179359,42.74313362277284,-1.2416327048321163
0.8543688628179359,43.449485467404735,-1.2416327048321163
0.8543688628179359,44.15583731203663,-1.2416327048321163
0.8543688628179359,44.86218915666853,-1.2416327048321163
0.8543688628179359,45.56854100130042,-1.2416327048321163
0.8543688628179359,46.274892845932314,-1.2416327048321163
0.8543688628179359,46.98124469056421,-1.2416327048321163
0.8543688628179359,47.68759653519611,-1.2416327048321163
0.8543688628179359,48.393948379828004,-1.2416327048321163
0.8543688628179359,49.1003002244599,-1.2416327048321163
0.8543688628179359,49.8066520690918,-1.2416327048321163
0.49607215515507164,15.195411682128906,-1.2058904872920388
0.49607215515507164,15.901763526760803,-1.2058904872920388
0.49607215515507164,16.6081153713927,-1.2058904872920388
0.49607215515507164,17.314467216024592,-1.2058904872920388
0.49607215515507164,18.02081906065649,-1.2058904872920388
0.49607215515507164,18.727170905288386,-1.2058904872920388
0.49607215515507164,19.43352274992028,-1.2058904872920388
0.49607215515507164,20.139874594552175,-1.2058904872920388
0.612599295889028,20.846226439184072,-1.2058904872920388
0.612599295889028,21.55257828381597,-1.2058904872920388
0.612599295889028,22.258930128447865,-1.2058904872920388
0.612599295889028,22.965281973079758,-1.2058904872920388
0.6546336512956527,23.671633817711655,-1.2058904872920388
0.6546336512956527,24.37798566234355,-1.2058904872920388
0.6546336512956527,25.084337506975444,-1.2058904872920388
0.6546336512956527,25.79068935160734,-1.2058904872920388
0.6740052168240823,26.497041196239238,-1.2058904872920388
0.6740052168240823,27.203393040871134,-1.2058904872920388
0.6740052168240823,27.90974488550303,-1.2058904872920388
0.6740052168240823,28.616096730134924,-1.2058904872920388
0.6740052168240823,29.32244857476682,-1.2058904872920388
0.7938289376173229,30.028800419398717,-1.2058904872920388
0.7938289376173229,30.73515226403061,-1.2058904872920388
0.7938289376173229,31.441504108662507,-1.2058904872920388
0.7938289376173229,32.1478559532944,-1.2058904872920388
0.7938289376173229,32.8542077979263,-1.2058904872920388
0.7938289376173229,33.5605596425582,-1.2058904872920388
0.6689228004088548,34.266911487190086,-1.2058904872920388
0.6026630835975288,34.97326333182198,-1.2058904872920388
0.6026630835975288,35.67961517645388,-1.2058904872920388
0.6026630835975288,36.385967021085776,-1.2058904872920388
0.6026630835975288,37.09231886571767,-1.2058904872920388
0.6026630835975288,37.79867071034957,-1.2058904872920388
0.6026630835975288,38.505022554981466,-1.2058904872920388
0.6026630835975288,39.21137439961336,-1.2058904872920388
0.8543688628179359,39.91772624424526,-1.2058904872920388
0.8543688628179359,40.624078088877155,-1.2058904872920388
0.8543688628179359,41.33042993350905,-1.2058904872920388
0.8543688628179359,42.03678177814094,-1.2058904872920388
0.8543688628179359,42.74313362277284,-1.2058904872920388
0.8543688628179359,43.449485467404735,-1.2058904872920388
0.8543688628179359,44.15583731203663,-1.2058904872920388
0.8543688628179359,44.86218915666853,-1.2058904872920388
0.8543688628179359,45.56854100130042,-1.2058904872920388
0.8543688628179359,46.274892845932314,-1.2058904872920388
0.8543688628179359,46.98124469056421,-1.2058904872920388
0.8543688628179359,47.68759653519611,-1.2058904872920388
0.8543688628179359,48.393948379828004,-1.2058904872920388
0.8543688628179359,49.1003002244599,-1.2058904872920388
0.8543688628179359,49.8066520690918,-1.2058904872920388
0.49607215515507164,15.195411682128906,-1.1701482697519614
0.49607215515507164,15.901763526760803,-1.1701482697519614
0.49607215515507164,16.6081153713927,-1.1701482697519614
0.49607215515507164,17.314467216024592,-1.1701482697519614
0.49607215515507164,18.02081906065649,-1.1701482697519614
0.49607215515507164,18.727170905288386,-1.1701482697519614
0.49607215515507164,19.43352274992028,-1.1701482697519614
0.49607215515507164,20.139874594552175,-1.1701482697519614
0.612599295889028,20.846226439184072,-1.1701482697519614
0.612599295889028,21.55257828381597,-1.1701482697519614
0.612599295889028,22.258930128447865,-1.1701482697519614
0.612599295889028,22.965281973079758,-1.1701482697519614
0.6546336512956527,23.671633817711655,-1.1701482697519614
0.6546336512956527,24.37798566234355,-1.1701482697519614
0.6546336512956527,25.084337506975444,-1.1701482697519614
0.6546336512956527,25.79068935160734,-1.1701482697519614
0.6740052168240823,26.497041196239238,-1.1701482697519614
0.6740052168240823,27.203393040871134,-1.1701482697519614
0.6740052168240823,27.90974488550303,-1.1701482697519614
0.6740052168240823,28.616096730134924,-1.1701482697519614
0.6740052168240823,29.32244857476682,-1.1701482697519614
0.7938289376173229,30.028800419398717,-1.1701482697519614
0.7938289376173229,30.73515226403061,-1.1701482697519614
0.7938289376173229,31.441504108662507,-1.1701482697519614
0.7938289376173229,32.1478559532944,-1.1701482697519614
0.7938289376173229,32.8542077979263,-1.1701482697519614
0.7938289376173229,33.5605596425582,-1.1701482697519614
0.6689228004088548,34.266911487190086,-1.1701482697519614
0.6026630835975288,34.97326333182198,-1.1701482697519614
0.6026630835975288,35.67961517645388,-1.1701482697519614
0.6026630835975288,36.385967021085776,-1.1701482697519614
0.6026630835975288,37.09231886571767,-1.1701482697519614
0.6026630835975288,37.79867071034957,-1.1701482697519614
0.6026630835975288,38.505022554981466,-1.1701482697519614
0.6026630835975288,39.21137439961336,-1.1701482697519614
0.8543688628179359,39.91772624424526,-1.1701482697519614
0.8543688628179359,40.624078088877155,-1.1701482697519614
0.8543688628179359,41.33042993350905,-1.1701482697519614
0.8543688628179359,42.03678177814094,-1.1701482697519614
0.8543688628179359,42.74313362277284,-1.1701482697519614
0.8543688628179359,43.449485467404735,-1.1701482697519614
0.8543688628179359,44.15583731203663,-1.1701482697519614
0.8543688628179359,44.86218915666853,-1.1701482697519614
0.8543688628179359,45.56854100130042,-1.1701482697519614
0.8543688628179359,46.274892845932314,-1.1701482697519614
0.8543688628179359,46.98124469056421,-1.1701482697519614
0.8543688628179359,47.68759653519611,-1.1701482697519614
0.8543688628179359,48.393948379828004,-1.1701482697519614
0.8543688628179359,49.1003002244599,-1.1701482697519614
0.8543688628179359,49.8066520690918,-1.1701482697519614
0.4741703508920295,15.195411682128906,-1.134406052211884
0.4741703508920295,15.901763526760803,-1.134406052211884
0.4741703508920295,16.6081153713927,-1.134406052211884
0.4741703508920295,17.314467216024592,-1.134406052211884
0.4741703508920295,18.02081906065649,-1.134406052211884
0.4741703508920295,18.727170905288386,-1.134406052211884
0.4741703508920295,19.43352274992028,-1.134406052211884
0.4741703508920295,20.139874594552175,-1.134406052211884
0.5855527670104926,20.846226439184072,-1.134406052211884
0.5855527670104926,21.55257828381597,-1.134406052211884
0.5855527670104926,22.258930128447865,-1.134406052211884
0.5855527670104926,22.965281973079758,-1.134406052211884
0.6257312871018874,23.671633817711655,-1.134406052211884
0.6257312871018874,24.37798566234355,-1.134406052211884
0.6257312871018874,25.084337506975444,-1.134406052211884
0.6257312871018874,25.79068935160734,-1.134406052211884
0.6442475894754243,26.497041196239238,-1.134406052211884
0.6442475894754243,27.203393040871134,-1.134406052211884
0.6442475894754243,27.90974488550303,-1.134406052211884
0.6442475894754243,28.616096730134924,-1.134406052211884
0.6442475894754243,29.32244857476682,-1.134406052211884
0.7587810401907915,30.028800419398717,-1.134406052211884
0.7587810401907915,30.73515226403061,-1.134406052211884
0.7587810401907915,31.441504108662507,-1.134406052211884
0.7587810401907915,32.1478559532944,-1.134406052211884
0.7587810401907915,32.8542077979263,-1.134406052211884
0.7587810401907915,33.5605596425582,-1.134406052211884
0.6393895639846879,34.266911487190086,-1.134406052211884
0.5760552428704308,34.97326333182198,-1.134406052211884
0.5760552428704308,35.67961517645388,-1.134406052211884
0.5760552428704308,36.385967021085776,-1.134406052211884
0.5760552428704308,37.09231886571767,-1.134406052211884
0.5760552428704308,37.79867071034957,-1.134406052211884
0.5760552428704308,38.505022554981466,-1.134406052211884
0.5760552428704308,39.21137439961336,-1.134406052211884
0.8166481010145913,39.91772624424526,-1.134406052211884
0.8166481010145913,40.624078088877155,-1.134406052211884
0.8166481010145913,41.33042993350905,-1.134406052211884
0.8166481010145913,42.03678177814094,-1.134406052211884
0.8166481010145913,42.74313362277284,-1.134406052211884
0.8166481010145913,43.449485467404735,-1.134406052211884
0.8166481010145913,44.15583731203663,-1.134406052211884
0.8166481010145913,44.86218915666853,-1.134406052211884
0.8166481010145913,45.56854100130042,-1.134406052211884
0.8166481010145913,46.274892845932314,-1.134406052211884
0.8166481010145913,46.98124469056421,-1.134406052211884
0.8166481010145913,47.68759653519611,-1.134406052211884
0.8166481010145913,48.393948379828004,-1.134406052211884
0.8166481010145913,49.1003002244599,-1.134406052211884
0.8166481010145913,49.8066520690918,-1.134406052211884
0.4741703508920295,15.195411682128906,-1.0986638346718065
0.4741703508920295,15.901763526760803,-1.0986638346718065
0.4741703508920295,16.6081153713927,-1.0986638346718065
0.4741703508920295,17.314467216024592,-1.0986638346718065
0.4741703508920295,18.02081906065649,-1.0986638346718065
0.4741703508920295,18.727170905288386,-1.0986638346718065
0.4741703508920295,19.43352274992028,-1.0986638346718065
0.4741703508920295,20.139874594552175,-1.0986638346718065
0.5855527670104926,20.846226439184072,-1.0986638346718065
0.5855527670104926,21.55257828381597,-1.0986638346718065
0.5855527670104926,22.258930128447865,-1.0986638346718065
0.5855527670104926,22.965281973079758,-1.0986638346718065
0.6257312871018874,23.671633817711655,-1.0986638346718065
0.6257312871018874,24.37798566234355,-1.0986638346718065
0.6257312871018874,25.084337506975444,-1.0986638346718065
0.6257312871018874,25.79068935160734,-1.0986638346718065
0.6442475894754243,26.497041196239238,-1.0986638346718065
0.6442475894754243,27.203393040871134,-1.0986638346718065
0.6442475894754243,27.90974488550303,-1.0986638346718065
0.6442475894754243,28.616096730134924,-1.0986638346718065
0.6442475894754243,29.32244857476682,-1.0986638346718065
0.7587810401907915,30.028800419398717,-1.0986638346718065
0.7587810401907915,30.73515226403061,-1.0986638346718065
0.7587810401907915,31.441504108662507,-1.0986638346718065
0.7587810401907915,32.1478559532944,-1.0986638346718065
0.7587810401907915,32.8542077979263,-1.0986638346718065
0.7587810401907915,33.5605596425582,-1.0986638346718065
0.6393895639846879,34.266911487190086,-1.0986638346718065
0.5760552428704308,34.97326333182198,-1.0986638346718065
0.5760552428704308,35.67961517645388,-1.0986638346718065
0.5760552428704308,36.385967021085776,-1.0986638346718065
0.5760552428704308,37.09231886571767,-1.0986638346718065
0.5760552428704308,37.79867071034957,-1.0986638346718065
0.5760552428704308,38.505022554981466,-1.0986638346718065
0.5760552428704308,39.21137439961336,-1.0986638346718065
0.8166481010145913,39.91772624424526,-1.0986638346718065
0.8166481010145913,40.624078088877155,-1.0986638346718065
0.8166481010145913,41.33042993350905,-1.0986638346718065
0.8166481010145913,42.03678177814094,-1.0986638346718065
0.8166481010145913,42.74313362277284,-1.0986638346718065
0.8166481010145913,43.449485467404735,-1.0986638346718065
0.8166481010145913,44.15583731203663,-1.0986638346718065
0.8166481010145913,44.86218915666853,-1.0986638346718065
0.8166481010145913,45.56854100130042,-1.0986638346718065
0.8166481010145913,46.274892845932314,-1.0986638346718065
0.8166481010145913,46.98124469056421,-1.0986638346718065
0.8166481010145913,47.68759653519611,-1.0986638346718065
0.8166481010145913,48.393948379828004,-1.0986638346718065
0.8166481010145913,49.1003002244599,-1.0986638346718065
0.8166481010145913,49.8066520690918,-1.0986638346718065
0.4741703508920295,15.195411682128906,-1.062921617131729
0.4741703508920295,15.901763526760803,-1.062921617131729
0.4741703508920295,16.6081153713927,-1.062921617131729
0.4741703508920295,17.314467216024592,-1.062921617131729
0.4741703508920295,18.02081906065649,-1.062921617131729
0.4741703508920295,18.727170905288386,-1.062921617131729
0.4741703508920295,19.43352274992028,-1.062921617131729
0.4741703508920295,20.139874594552175,-1.062921617131729
0.5855527670104926,20.846226439184072,-1.062921617131729
0.5855527670104926,21.55257828381597,-1.062921617131729
0.5855527670104926,22.258930128447865,-1.062921617131729
0.5855527670104926,22.965281973079758,-1.062921617131729
0.6257312871018874,23.671633817711655,-1.062921617131729
0.6257312871018874,24.37798566234355,-1.062921617131729
0.6257312871018874,25.084337506975444,-1.062921617131729
0.6257312871018874,25.79068935160734,-1.062921617131729
0.6442475894754243,26.497041196239238,-1.062921617131729
0.6442475894754243,27.203393040871134,-1.062921617131729
0.6442475894754243,27.90974488550303,-1.062921617131729
0.6442475894754243,28.616096730134924,-1.062921617131729
0.6442475894754243,29.32244857476682,-1.062921617131729
0.7587810401907915,30.028800419398717,-1.062921617131729
0.7587810401907915,30.73515226403061,-1.062921617131729
0.7587810401907915,31.441504108662507,-1.062921617131729
0.7587810401907915,32.1478559532944,-1.062921617131729
0.7587810401907915,32.8542077979263,-1.062921617131729
0.7587810401907915,33.5605596425582,-1.062921617131729
0.6393895639846879,34.266911487190086,-1.062921617131729
0.5760552428704308,34.97326333182198,-1.062921617131729
0.5760552428704308,35.67961517645388,-1.062921617131729
0.5760552428704308,36.385967021085776,-1.062921617131729
0.5760552428704308,37.09231886571767,-1.062921617131729
0.5760552428704308,37.79867071034957,-1.062921617131729
0.5760552428704308,38.505022554981466,-1.062921617131729
0.5760552428704308,39.21137439961336,-1.062921617131729
0.8166481010145913,39.91772624424526,-1.062921617131729
0.8166481010145913,40.624078088877155,-1.062921617131729
0.8166481010145913,41.33042993350905,-1.062921617131729
0.8166481010145913,42.03678177814094,-1.062921617131729
0.8166481010145913,42.74313362277284,-1.062921617131729
0.8166481010145913,43.449485467404735,-1.062921617131729
0.8166481010145913,44.15583731203663,-1.062921617131729
0.8166481010145913,44.86218915666853,-1.062921617131729
0.8166481010145913,45.56854100130042,-1.062921617131729
0.8166481010145913,46.274892845932314,-1.062921617131729
0.8166481010145913,46.98124469056421,-1.062921617131729
0.8166481010145913,47.68759653519611,-1.062921617131729
0.8166481010145913,48.393948379828004,-1.062921617131729
0.8166481010145913,49.1003002244599,-1.062921617131729
0.8166481010145913,49.8066520690918,-1.062921617131729
0.4741703508920295,15.195411682128906,-1.0271793995916514
0.4741703508920295,15.901763526760803,-1.0271793995916514
0.4741703508920295,16.6081153713927,-1.0271793995916514
0.4741703508920295,17.314467216024592,-1.0271793995916514
0.4741703508920295,18.02081906065649,-1.0271793995916514
0.4741703508920295,18.727170905288386,-1.0271793995916514
0.4741703508920295,19.43352274992028,-1.0271793995916514
0.4741703508920295,20.139874594552175,-1.0271793995916514
0.5855527670104926,20.846226439184072,-1.0271793995916514
0.5855527670104926,21.55257828381597,-1.0271793995916514
0.5855527670104926,22.258930128447865,-1.0271793995916514
0.5855527670104926,22.965281973079758,-1.0271793995916514
0.6257312871018874,23.671633817711655,-1.0271793995916514
0.6257312871018874,24.37798566234355,-1.0271793995916514
0.6257312871018874,25.084337506975444,-1.0271793995916514
0.6257312871018874,25.79068935160734,-1.0271793995916514
0.6442475894754243,26.497041196239238,-1.0271793995916514
0.6442475894754243,27.203393040871134,-1.0271793995916514
0.6442475894754243,27.90974488550303,-1.0271793995916514
0.6442475894754243,28.616096730134924,-1.0271793995916514
0.6442475894754243,29.32244857476682,-1.0271793995916514
0.7587810401907915,30.028800419398717,-1.0271793995916514
0.7587810401907915,30.73515226403061,-1.0271793995916514
0.7587810401907915,31.441504108662507,-1.0271793995916514
0.7587810401907915,32.1478559532944,-1.0271793995916514
0.7587810401907915,32.8542077979263,-1.0271793995916514
0.7587810401907915,33.5605596425582,-1.0271793995916514
0.6393895639846879,34.266911487190086,-1.0271793995916514
0.5760552428704308,34.97326333182198,-1.0271793995916514
0.5760552428704308,35.67961517645388,-1.0271793995916514
0.5760552428704308,36.385967021085776,-1.0271793995916514
0.5760552428704308,37.09231886571767,-1.0271793995916514
0.5760552428704308,37.79867071034957,-1.0271793995916514
0.5760552428704308,38.505022554981466,-1.0271793995916514
0.5760552428704308,39.21137439961336,-1.0271793995916514
0.8166481010145913,39.91772624424526,-1.0271793995916514
0.8166481010145913,40.624078088877155,-1.0271793995916514
0.8166481010145913,41.33042993350905,-1.0271793995916514
0.8166481010145913,42.03678177814094,-1.0271793995916514
0.8166481010145913,42.74313362277284,-1.0271793995916514
0.8166481010145913,43.449485467404735,-1.0271793995916514
0.8166481010145913,44.15583731203663,-1.0271793995916514
0.8166481010145913,44.86218915666853,-1.0271793995916514
0.8166481010145913,45.56854100130042,-1.0271793995916514
0.8166481010145913,46.274892845932314,-1.0271793995916514
0.8166481010145913,46.98124469056421,-1.0271793995916514
0.8166481010145913,47.68759653519611,-1.0271793995916514
0.8166481010145913,48.393948379828004,-1.0271793995916514
0.8166481010145913,49.1003002244599,-1.0271793995916514
0.8166481010145913,49.8066520690918,-1.0271793995916514
0.4741703508920295,15.195411682128906,-0.9914371820515739
0.4741703508920295,15.901763526760803,-0.9914371820515739
0.4741703508920295,16.6081153713927,-0.9914371820515739
0.4741703508920295,17.314467216024592,-0.9914371820515739
0.4741703508920295,18.02081906065649,-0.9914371820515739
0.4741703508920295,18.727170905288386,-0.9914371820515739
0.4741703508920295,19.43352274992028,-0.9914371820515739
0.4741703508920295,20.139874594552175,-0.9914371820515739
0.5855527670104926,20.846226439184072,-0.9914371820515739
0.5855527670104926,21.55257828381597,-0.9914371820515739
0.5855527670104926,22.258930128447865,-0.9914371820515739
0.5855527670104926,22.965281973079758,-0.9914371820515739
0.6257312871018874,23.671633817711655,-0.9914371820515739
0.6257312871018874,24.37798566234355,-0.9914371820515739
0.6257312871018874,25.084337506975444,-0.9914371820515739
0.6257312871018874,25.79068935160734,-0.9914371820515739
0.6442475894754243,26.497041196239238,-0.9914371820515739
0.6442475894754243,27.203393040871134,-0.9914371820515739
0.6442475894754243,27.90974488550303,-0.9914371820515739
0.6442475894754243,28.616096730134924,-0.9914371820515739
0.6442475894754243,29.32244857476682,-0.9914371820515739
0.7587810401907915,30.028800419398717,-0.9914371820515739
0.7587810401907915,30.73515226403061,-0.9914371820515739
0.7587810401907915,31.441504108662507,-0.9914371820515739
0.7587810401907915,32.1478559532944,-0.9914371820515739
0.7587810401907915,32.8542077979263,-0.9914371820515739
0.7587810401907915,33.5605596425582,-0.9914371820515739
0.6393895639846879,34.266911487190086,-0.9914371820515739
0.5760552428704308,34.97326333182198,-0.9914371820515739
0.5760552428704308,35.67961517645388,-0.9914371820515739
0.5760552428704308,36.385967021085776,-0.9914371820515739
0.5760552428704308,37.09231886571767,-0.9914371820515739
0.5760552428704308,37.79867071034957,-0.9914371820515739
0.5760552428704308,38.505022554981466,-0.9914371820515739
0.5760552428704308,39.21137439961336,-0.9914371820515739
0.8166481010145913,39.91772624424526,-0.9914371820515739
0.8166481010145913,40.624078088877155,-0.9914371820515739
0.8166481010145913,41.33042993350905,-0.9914371820515739
0.8166481010145913,42.03678177814094,-0.9914371820515739
0.8166481010145913,42.74313362277284,-0.9914371820515739
0.8166481010145913,43.449485467404735,-0.9914371820515739
0.8166481010145913,44.15583731203663,-0.9914371820515739
0.8166481010145913,44.86218915666853,-0.9914371820515739
0.8166481010145913,45.56854100130042,-0.9914371820515739
0.8166481010145913,46.274892845932314,-0.9914371820515739
0.8166481010145913,46.98124469056421,-0.9914371820515739
0.8166481010145913,47.68759653519611,-0.9914371820515739
0.8166481010145913,48.393948379828004,-0.9914371820515739
0.8166481010145913,49.1003002244599,-0.9914371820515739
0.8166481010145913,49.8066520690918,-0.9914371820515739
0.4010781157559632,15.195411682128906,-0.9556949645114965
0.4010781157559632,15.901763526760803,-0.9556949645114965
0.4010781157559632,16.6081153713927,-0.9556949645114965
0.4010781157559632,17.314467216024592,-0.9556949645114965
0.4010781157559632,18.02081906065649,-0.9556949645114965
0.4010781157559632,18.727170905288386,-0.9556949645114965
0.4010781157559632,19.43352274992028,-0.9556949645114965
0.4010781157559632,20.139874594552175,-0.9556949645114965
0.4952911965635231,20.846226439184072,-0.9556949645114965
0.4952911965635231,21.55257828381597,-0.9556949645114965
0.4952911965635231,22.258930128447865,-0.9556949645114965
0.4952911965635231,22.965281973079758,-0.9556949645114965
0.5292762930627115,23.671633817711655,-0.9556949645114965
0.5292762930627115,24.37798566234355,-0.9556949645114965
0.5292762930627115,25.084337506975444,-0.9556949645114965
0.5292762930627115,25.79068935160734,-0.9556949645114965
0.544938351335176,26.497041196239238,-0.9556949645114965
0.544938351335176,27.203393040871134,-0.9556949645114965
0.544938351335176,27.90974488550303,-0.9556949645114965
0.544938351335176,28.616096730134924,-0.9556949645114965
0.544938351335176,29.32244857476682,-0.9556949645114965
0.6418167422289329,30.028800419398717,-0.9556949645114965
0.6418167422289329,30.73515226403061,-0.9556949645114965
0.6418167422289329,31.441504108662507,-0.9556949645114965
0.6418167422289329,32.1478559532944,-0.9556949645114965
0.6418167422289329,32.8542077979263,-0.9556949645114965
0.6418167422289329,33.5605596425582,-0.9556949645114965
0.5408291789534496,34.266911487190086,-0.9556949645114965
0.4872576932470954,34.97326333182198,-0.9556949645114965
0.4872576932470954,35.67961517645388,-0.9556949645114965
0.4872576932470954,36.385967021085776,-0.9556949645114965
0.4872576932470954,37.09231886571767,-0.9556949645114965
0.4872576932470954,37.79867071034957,-0.9556949645114965
0.4872576932470954,38.505022554981466,-0.9556949645114965
0.4872576932470954,39.21137439961336,-0.9556949645114965
0.6907637328534695,39.91772624424526,-0.9556949645114965
0.6907637328534695,40.624078088877155,-0.9556949645114965
0.6907637328534695,41.33042993350905,-0.9556949645114965
0.6907637328534695,42.03678177814094,-0.9556949645114965
0.6907637328534695,42.74313362277284,-0.9556949645114965
0.6907637328534695,43.449485467404735,-0.9556949645114965
0.6907637328534695,44.15583731203663,-0.9556949645114965
0.6907637328534695,44.86218915666853,-0.9556949645114965
0.6907637328534695,45.56854100130042,-0.9556949645114965
0.6907637328534695,46.274892845932314,-0.9556949645114965
0.6907637328534695,46.98124469056421,-0.9556949645114965
0.6907637328534695,47.68759653519611,-0.9556949645114965
0.6907637328534695,48.393948379828004,-0.9556949645114965
0.6907637328534695,49.1003002244599,-0.9556949645114965
0.6907637328534695,49.8066520690918,-0.9556949645114965
0.4010781157559632,15.195411682128906,-0.919952746971419
0.4010781157559632,15.901763526760803,-0.919952746971419
0.4010781157559632,16.6081153713927,-0.919952746971419
0.4010781157559632,17.314467216024592,-0.919952746971419
0.4010781157559632,18.02081906065649,-0.919952746971419
0.4010781157559632,18.727170905288386,-0.919952746971419
0.4010781157559632,19.43352274992028,-0.919952746971419
0.4010781157559632,20.139874594552175,-0.919952746971419
0.4952911965635231,20.846226439184072,-0.919952746971419
0.4952911965635231,21.55257828381597,-0.919952746971419
0.4952911965635231,22.258930128447865,-0.919952746971419
0.4952911965635231,22.965281973079758,-0.919952746971419
0.5292762930627115,23.671633817711655,-0.919952746971419
0.5292762930627115,24.37798566234355,-0.919952746971419
0.5292762930627115,25.084337506975444,-0.919952746971419
0.5292762930627115,25.79068935160734,-0.919952746971419
0.544938351335176,26.497041196239238,-0.919952746971419
0.544938351335176,27.203393040871134,-0.919952746971419
0.544938351335176,27.90974488550303,-0.919952746971419
0.544938351335176,28.616096730134924,-0.919952746971419
0.544938351335176,29.32244857476682,-0.919952746971419
0.6418167422289329,30.028800419398717,-0.919952746971419
0.6418167422289329,30.73515226403061,-0.919952746971419
0.6418167422289329,31.441504108662507,-0.919952746971419
0.6418167422289329,32.1478559532944,-0.919952746971419
0.6418167422289329,32.8542077979263,-0.919952746971419
0.6418167422289329,33.5605596425582,-0.919952746971419
0.5408291789534496,34.266911487190086,-0.919952746971419
0.4872576932470954,34.97326333182198,-0.919952746971419
0.4872576932470954,35.67961517645388,-0.919952746971419
0.4872576932470954,36.385967021085776,-0.919952746971419
0.4872576932470954,37.09231886571767,-0.919952746971419
0.4872576932470954,37.79867071034957,-0.919952746971419
0.4872576932470954,38.505022554981466,-0.919952746971419
0.4872576932470954,39.21137439961336,-0.919952746971419
0.6907637328534695,39.91772624424526,-0.919952746971419
0.6907637328534695,40.624078088877155,-0.919952746971419
0.6907637328534695,41.33042993350905,-0.919952746971419
0.6907637328534695,42.03678177814094,-0.919952746971419
0.6907637328534695,42.74313362277284,-0.919952746971419
0.6907637328534695,43.449485467404735,-0.919952746971419
0.6907637328534695,44.15583731203663,-0.919952746971419
0.6907637328534695,44.86218915666853,-0.919952746971419
0.6907637328534695,45.56854100130042,-0.919952746971419
0.6907637328534695,46.274892845932314,-0.919952746971419
0.6907637328534695,46.98124469056421,-0.919952746971419
0.6907637328534695,47.68759653519611,-0.919952746971419
0.6907637328534695,48.393948379828004,-0.919952746971419
0.6907637328534695,49.1003002244599,-0.919952746971419
0.6907637328534695,49.8066520690918,-0.919952746971419
0.4010781157559632,15.195411682128906,-0.8842105294313416
0.4010781157559632,15.901763526760803,-0.8842105294313416
0.4010781157559632,16.6081153713927,-0.8842105294313416
0.4010781157559632,17.314467216024592,-0.8842105294313416
0.4010781157559632,18.02081906065649,-0.8842105294313416
0.4010781157559632,18.727170905288386,-0.8842105294313416
0.4010781157559632,19.43352274992028,-0.8842105294313416
0.4010781157559632,20.139874594552175,-0.8842105294313416
0.4952911965635231,20.846226439184072,-0.8842105294313416
0.4952911965635231,21.55257828381597,-0.8842105294313416
0.4952911965635231,22.258930128447865,-0.8842105294313416
0.4952911965635231,22.965281973079758,-0.8842105294313416
0.5292762930627115,23.671633817711655,-0.8842105294313416
0.5292762930627115,24.37798566234355,-0.8842105294313416
0.5292762930627115,25.084337506975444,-0.8842105294313416
0.5292762930627115,25.79068935160734,-0.8842105294313416
0.544938351335176,26.497041196239238,-0.8842105294313416
0.544938351335176,27.203393040871134,-0.8842105294313416
0.544938351335176,27.90974488550303,-0.8842105294313416
0.544938351335176,28.616096730134924,-0.8842105294313416
0.544938351335176,29.32244857476682,-0.8842105294313416
0.6418167422289329,30.028800419398717,-0.8842105294313416
0.6418167422289329,30.73515226403061,-0.8842105294313416
0.6418167422289329,31.441504108662507,-0.8842105294313416
0.6418167422289329,32.1478559532944,-0.8842105294313416
0.6418167422289329,32.8542077979263,-0.8842105294313416
0.6418167422289329,33.5605596425582,-0.8842105294313416
0.5408291789534496,34.266911487190086,-0.8842105294313416
0.4872576932470954,34.97326333182198,-0.8842105294313416
0.4872576932470954,35.67961517645388,-0.8842105294313416
0.4872576932470954,36.385967021085776,-0.8842105294313416
0.4872576932470954,37.09231886571767,-0.8842105294313416
0.4872576932470954,37.79867071034957,-0.8842105294313416
0.4872576932470954,38.505022554981466,-0.8842105294313416
0.4872576932470954,39.21137439961336,-0.8842105294313416
0.6907637328534695,39.91772624424526,-0.8842105294313416
0.6907637328534695,40.624078088877155,-0.8842105294313416
0.6907637328534695,41.33042993350905,-0.8842105294313416
0.6907637328534695,42.03678177814094,-0.8842105294313416
0.6907637328534695,42.74313362277284,-0.8842105294313416
0.6907637328534695,43.449485467404735,-0.8842105294313416
0.6907637328534695,44.15583731203663,-0.8842105294313416
0.6907637328534695,44.86218915666853,-0.8842105294313416
0.6907637328534695,45.56854100130042,-0.8842105294313416
0.6907637328534695,46.274892845932314,-0.8842105294313416
0.6907637328534695,46.98124469056421,-0.8842105294313416
0.6907637328534695,47.68759653519611,-0.8842105294313416
0.6907637328534695,48.393948379828004,-0.8842105294313416
0.6907637328534695,49.1003002244599,-0.8842105294313416
0.6907637328534695,49.8066520690918,-0.8842105294313416
0.4010781157559632,15.195411682128906,-0.848468311891264
0.4010781157559632,15.901763526760803,-0.848468311891264
0.4010781157559632,16.6081153713927,-0.848468311891264
0.4010781157559632,17.314467216024592,-0.848468311891264
0.4010781157559632,18.02081906065649,-0.848468311891264
0.4010781157559632,18.727170905288386,-0.848468311891264
0.4010781157559632,19.43352274992028,-0.848468311891264
0.4010781157559632,20.139874594552175,-0.848468311891264
0.4952911965635231,20.846226439184072,-0.848468311891264
0.4952911965635231,21.55257828381597,-0.848468311891264
0.4952911965635231,22.258930128447865,-0.848468311891264
0.4952911965635231,22.965281973079758,-0.848468311891264
0.5292762930627115,23.671633817711655,-0.848468311891264
0.5292762930627115,24.37798566234355,-0.848468311891264
0.5292762930627115,25.084337506975444,-0.848468311891264
0.5292762930627115,25.79068935160734,-0.848468311891264
0.544938351335176,26.497041196239238,-0.848468311891264
0.544938351335176,27.203393040871134,-0.848468311891264
0.544938351335176,27.90974488550303,-0.848468311891264
0.544938351335176,28.616096730134924,-0.848468311891264
0.544938351335176,29.32244857476682,-0.848468311891264
0.6418167422289329,30.028800419398717,-0.848468311891264
0.6418167422289329,30.73515226403061,-0.848468311891264
0.6418167422289329,31.441504108662507,-0.848468311891264
0.6418167422289329,32.1478559532944,-0.848468311891264
0.6418167422289329,32.8542077979263,-0.848468311891264
0.6418167422289329,33.5605596425582,-0.848468311891264
0.5408291789534496,34.266911487190086,-0.848468311891264
0.4872576932470954,34.97326333182198,-0.848468311891264
0.4872576932470954,35.67961517645388,-0.848468311891264
0.4872576932470954,36.385967021085776,-0.848468311891264
0.4872576932470954,37.09231886571767,-0.848468311891264
0.4872576932470954,37.79867071034957,-0.848468311891264
0.4872576932470954,38.505022554981466,-0.848468311891264
0.4872576932470954,39.21137439961336,-0.848468311891264
0.6907637328534695,39.91772624424526,-0.848468311891264
0.6907637328534695,40.624078088877155,-0.848468311891264
0.6907637328534695,41.33042993350905,-0.848468311891264
0.6907637328534695,42.03678177814094,-0.848468311891264
0.6907637328534695,42.74313362277284,-0.848468311891264
0.6907637328534695,43.449485467404735,-0.848468311891264
0.6907637328534695,44.15583731203663,-0.848468311891264
0.6907637328534695,44.86218915666853,-0.848468311891264
0.6907637328534695,45.56854100130042,-0.848468311891264
0.6907637328534695,46.274892845932314,-0.848468311891264
0.6907637328534695,46.98124469056421,-0.848468311891264
0.6907637328534695,47.68759653519611,-0.848468311891264
0.6907637328534695,48.393948379828004,-0.848468311891264
0.6907637328534695,49.1003002244599,-0.848468311891264
0.6907637328534695,49.8066520690918,-0.848468311891264
0.4010781157559632,15.195411682128906,-0.8127260943511865
0.4010781157559632,15.901763526760803,-0.8127260943511865
0.4010781157559632,16.6081153713927,-0.8127260943511865
0.4010781157559632,17.314467216024592,-0.8127260943511865
0.4010781157559632,18.02081906065649,-0.8127260943511865
0.4010781157559632,18.727170905288386,-0.8127260943511865
0.4010781157559632,19.43352274992028,-0.8127260943511865
0.4010781157559632,20.139874594552175,-0.8127260943511865
0.4952911965635231,20.846226439184072,-0.8127260943511865
0.4952911965635231,21.55257828381597,-0.8127260943511865
0.4952911965635231,22.258930128447865,-0.8127260943511865
0.4952911965635231,22.965281973079758,-0.8127260943511865
0.5292762930627115,23.671633817711655,-0.8127260943511865
0.5292762930627115,24.37798566234355,-0.8127260943511865
0.5292762930627115,25.084337506975444,-0.8127260943511865
0.5292762930627115,25.79068935160734,-0.8127260943511865
0.544938351335176,26.497041196239238,-0.8127260943511865
0.544938351335176,27.203393040871134,-0.8127260943511865
0.544938351335176,27.90974488550303,-0.8127260943511865
0.544938351335176,28.616096730134924,-0.8127260943511865
0.544938351335176,29.32244857476682,-0.8127260943511865
0.6418167422289329,30.028800419398717,-0.8127260943511865
0.6418167422289329,30.73515226403061,-0.8127260943511865
0.6418167422289329,31.441504108662507,-0.8127260943511865
0.6418167422289329,32.1478559532944,-0.8127260943511865
0.6418167422289329,32.8542077979263,-0.8127260943511865
0.6418167422289329,33.5605596425582,-0.8127260943511865
0.5408291789534496,34.266911487190086,-0.8127260943511865
0.4872576932470954,34.97326333182198,-0.8127260943511865
0.4872576932470954,35.67961517645388,-0.8127260943511865
0.4872576932470954,36.385967021085776,-0.8127260943511865
0.4872576932470954,37.09231886571767,-0.8127260943511865
0.4872576932470954,37.79867071034957,-0.8127260943511865
0.4872576932470954,38.505022554981466,-0.8127260943511865
0.4872576932470954,39.21137439961336,-0.8127260943511865
0.6907637328534695,39.91772624424526,-0.8127260943511865
0.6907637328534695,40.624078088877155,-0.8127260943511865
0.6907637328534695,41.33042993350905,-0.8127260943511865
0.6907637328534695,42.03678177814094,-0.8127260943511865
0.6907637328534695,42.74313362277284,-0.8127260943511865
0.6907637328534695,43.449485467404735,-0.8127260943511865
0.6907637328534695,44.15583731203663,-0.8127260943511865
0.6907637328534695,44.86218915666853,-0.8127260943511865
0.6907637328534695,45.56854100130042,-0.8127260943511865
0.6907637328534695,46.274892845932314,-0.8127260943511865
0.6907637328534695,46.98124469056421,-0.8127260943511865
0.6907637328534695,47.68759653519611,-0.8127260943511865
0.6907637328534695,48.393948379828004,-0.8127260943511865
0.6907637328534695,49.1003002244599,-0.8127260943511865
0.6907637328534695,49.8066520690918,-0.8127260943511865
0.4010781157559632,15.195411682128906,-0.776983876811109
0.4010781157559632,15.901763526760803,-0.776983876811109
0.4010781157559632,16.6081153713927,-0.776983876811109
0.4010781157559632,17.314467216024592,-0.776983876811109
0.4010781157559632,18.02081906065649,-0.776983876811109
0.4010781157559632,18.727170905288386,-0.776983876811109
0.4010781157559632,19.43352274992028,-0.776983876811109
0.4010781157559632,20.139874594552175,-0.776983876811109
0.4952911965635231,20.846226439184072,-0.776983876811109
0.4952911965635231,21.55257828381597,-0.776983876811109
0.4952911965635231,22.258930128447865,-0.776983876811109
0.4952911965635231,22.965281973079758,-0.776983876811109
0.5292762930627115,23.671633817711655,-0.776983876811109
0.5292762930627115,24.37798566234355,-0.776983876811109
0.5292762930627115,25.084337506975444,-0.776983876811109
0.5292762930627115,25.79068935160734,-0.776983876811109
0.544938351335176,26.497041196239238,-0.776983876811109
0.544938351335176,27.203393040871134,-0.776983876811109
0.544938351335176,27.90974488550303,-0.776983876811109
0.544938351335176,28.616096730134924,-0.776983876811109
0.544938351335176,29.32244857476682,-0.776983876811109
0.6418167422289329,30.028800419398717,-0.776983876811109
0.6418167422289329,30.73515226403061,-0.776983876811109
0.6418167422289329,31.441504108662507,-0.776983876811109
0.6418167422289329,32.1478559532944,-0.776983876811109
0.6418167422289329,32.8542077979263,-0.776983876811109
0.6418167422289329,33.5605596425582,-0.776983876811109
0.5408291789534496,34.266911487190086,-0.776983876811109
0.4872576932470954,34.97326333182198,-0.776983876811109
0.4872576932470954,35.67961517645388,-0.776983876811109
0.4872576932470954,36.385967021085776,-0.776983876811109
0.4872576932470954,37.09231886571767,-0.776983876811109
0.4872576932470954,37.79867071034957,-0.776983876811109
0.4872576932470954,38.505022554981466,-0.776983876811109
0.4872576932470954,39.21137439961336,-0.776983876811109
0.6907637328534695,39.91772624424526,-0.776983876811109
0.6907637328534695,40.624078088877155,-0.776983876811109
0.6907637328534695,41.33042993350905,-0.776983876811109
0.6907637328534695,42.03678177814094,-0.776983876811109
0.6907637328534695,42.74313362277284,-0.776983876811109
0.6907637328534695,43.449485467404735,-0.776983876811109
0.6907637328534695,44.15583731203663,-0.776983876811109
0.6907637328534695,44.86218915666853,-0.776983876811109
0.6907637328534695,45.56854100130042,-0.776983876811109
0.6907637328534695,46.274892845932314,-0.776983876811109
0.6907637328534695,46.98124469056421,-0.776983876811109
0.6907637328534695,47.68759653519611,-0.776983876811109
0.6907637328534695,48.393948379828004,-0.776983876811109
0.6907637328534695,49.1003002244599,-0.776983876811109
0.6907637328534695,49.8066520690918,-0.776983876811109
0.3871118739741143,15.195411682128906,-0.7412416592710316
0.3871118739741143,15.901763526760803,-0.7412416592710316
0.3871118739741143,16.6081153713927,-0.7412416592710316
0.3871118739741143,17.314467216024592,-0.7412416592710316
0.3871118739741143,18.02081906065649,-0.7412416592710316
0.3871118739741143,18.727170905288386,-0.7412416592710316
0.3871118739741143,19.43352274992028,-0.7412416592710316
0.3871118739741143,20.139874594552175,-0.7412416592710316
0.4780442904574908,20.846226439184072,-0.7412416592710316
0.4780442904574908,21.55257828381597,-0.7412416592710316
0.4780442904574908,22.258930128447865,-0.7412416592710316
0.4780442904574908,22.965281973079758,-0.7412416592710316
0.5108459664307488,23.671633817711655,-0.7412416592710316
0.5108459664307488,24.37798566234355,-0.7412416592710316
0.5108459664307488,25.084337506975444,-0.7412416592710316
0.5108459664307488,25.79068935160734,-0.7412416592710316
0.5259626444292923,26.497041196239238,-0.7412416592710316
0.5259626444292923,27.203393040871134,-0.7412416592710316
0.5259626444292923,27.90974488550303,-0.7412416592710316
0.5259626444292923,28.616096730134924,-0.7412416592710316
0.5259626444292923,29.32244857476682,-0.7412416592710316
0.6194675602380064,30.028800419398717,-0.7412416592710316
0.6194675602380064,30.73515226403061,-0.7412416592710316
0.6194675602380064,31.441504108662507,-0.7412416592710316
0.6194675602380064,32.1478559532944,-0.7412416592710316
0.6194675602380064,32.8542077979263,-0.7412416592710316
0.6194675602380064,33.5605596425582,-0.7412416592710316
0.5219965606199712,34.266911487190086,-0.7412416592710316
0.4702905277832596,34.97326333182198,-0.7412416592710316
0.4702905277832596,35.67961517645388,-0.7412416592710316
0.4702905277832596,36.385967021085776,-0.7412416592710316
0.4702905277832596,37.09231886571767,-0.7412416592710316
0.4702905277832596,37.79867071034957,-0.7412416592710316
0.4702905277832596,38.505022554981466,-0.7412416592710316
0.4702905277832596,39.21137439961336,-0.7412416592710316
0.6667101310034148,39.91772624424526,-0.7412416592710316
0.6667101310034148,40.624078088877155,-0.7412416592710316
0.6667101310034148,41.33042993350905,-0.7412416592710316
0.6667101310034148,42.03678177814094,-0.7412416592710316
0.6667101310034148,42.74313362277284,-0.7412416592710316
0.6667101310034148,43.449485467404735,-0.7412416592710316
0.6667101310034148,44.15583731203663,-0.7412416592710316
0.6667101310034148,44.86218915666853,-0.7412416592710316
0.6667101310034148,45.56854100130042,-0.7412416592710316
0.6667101310034148,46.274892845932314,-0.7412416592710316
0.6667101310034148,46.98124469056421,-0.7412416592710316
0.6667101310034148,47.68759653519611,-0.7412416592710316
0.6667101310034148,48.393948379828004,-0.7412416592710316
0.6667101310034148,49.1003002244599,-0.7412416592710316
0.6667101310034148,49.8066520690918,-0.7412416592710316
0.3871118739741143,15.195411682128906,-0.7054994417309541
0.3871118739741143,15.901763526760803,-0.7054994417309541
0.3871118739741143,16.6081153713927,-0.7054994417309541
0.3871118739741143,17.314467216024592,-0.7054994417309541
0.3871118739741143,18.02081906065649,-0.7054994417309541
0.3871118739741143,18.727170905288386,-0.7054994417309541
0.3871118739741143,19.43352274992028,-0.7054994417309541
0.3871118739741143,20.139874594552175,-0.7054994417309541
0.4780442904574908,20.846226439184072,-0.7054994417309541
0.4780442904574908,21.55257828381597,-0.7054994417309541
0.4780442904574908,22.258930128447865,-0.7054994417309541
0.4780442904574908,22.965281973079758,-0.7054994417309541
0.5108459664307488,23.671633817711655,-0.7054994417309541
0.5108459664307488,24.37798566234355,-0.7054994417309541
0.5108459664307488,25.084337506975444,-0.7054994417309541
0.5108459664307488,25.79068935160734,-0.7054994417309541
0.5259626444292923,26.497041196239238,-0.7054994417309541
0.5259626444292923,27.203393040871134,-0.7054994417309541
0.5259626444292923,27.90974488550303,-0.7054994417309541
0.5259626444292923,28.616096730134924,-0.7054994417309541
0.5259626444292923,29.32244857476682,-0.7054994417309541
0.6194675602380064,30.028800419398717,-0.7054994417309541
0.6194675602380064,30.73515226403061,-0.7054994417309541
0.6194675602380064,31.441504108662507,-0.7054994417309541
0.6194675602380064,32.1478559532944,-0.7054994417309541
0.6194675602380064,32.8542077979263,-0.7054994417309541
0.6194675602380064,33.5605596425582,-0.7054994417309541
0.5219965606199712,34.266911487190086,-0.7054994417309541
0.4702905277832596,34.97326333182198,-0.7054994417309541
0.4702905277832596,35.67961517645388,-0.7054994417309541
0.4702905277832596,36.385967021085776,-0.7054994417309541
0.4702905277832596,37.09231886571767,-0.7054994417309541
0.4702905277832596,37.79867071034957,-0.7054994417309541
0.4702905277832596,38.505022554981466,-0.7054994417309541
0.4702905277832596,39.21137439961336,-0.7054994417309541
0.6667101310034148,39.91772624424526,-0.7054994417309541
0.6667101310034148,40.624078088877155,-0.7054994417309541
0.6667101310034148,41.33042993350905,-0.7054994417309541
0.6667101310034148,42.03678177814094,-0.7054994417309541
0.6667101310034148,42.74313362277284,-0.7054994417309541
0.6667101310034148,43.449485467404735,-0.7054994417309541
0.6667101310034148,44.15583731203663,-0.7054994417309541
0.6667101310034148,44.86218915666853,-0.7054994417309541
0.6667101310034148,45.56854100130042,-0.7054994417309541
0.6667101310034148,46.274892845932314,-0.7054994417309541
0.6667101310034148,46.98124469056421,-0.7054994417309541
0.6667101310034148,47.68759653519611,-0.7054994417309541
0.6667101310034148,48.393948379828004,-0.7054994417309541
0.6667101310034148,49.1003002244599,-0.7054994417309541
0.6667101310034148,49.8066520690918,-0.7054994417309541
0.3620211052528442,15.195411682128906,-0.6697572241908767
0.3620211052528442,15.901763526760803,-0.6697572241908767
0.3620211052528442,16.6081153713927,-0.6697572241908767
0.3620211052528442,17.314467216024592,-0.6697572241908767
0.3620211052528442,18.02081906065649,-0.6697572241908767
0.3620211052528442,18.727170905288386,-0.6697572241908767
0.3620211052528442,19.43352274992028,-0.6697572241908767
0.3620211052528442,20.139874594552175,-0.6697572241908767
0.4470597107098941,20.846226439184072,-0.6697572241908767
0.4470597107098941,21.55257828381597,-0.6697572241908767
0.4470597107098941,22.258930128447865,-0.6697572241908767
0.4470597107098941,22.965281973079758,-0.6697572241908767
0.47773533651304,23.671633817711655,-0.6697572241908767
0.47773533651304,24.37798566234355,-0.6697572241908767
0.47773533651304,25.084337506975444,-0.6697572241908767
0.47773533651304,25.79068935160734,-0.6697572241908767
0.4918722226297134,26.497041196239238,-0.6697572241908767
0.4918722226297134,27.203393040871134,-0.6697572241908767
0.4918722226297134,27.90974488550303,-0.6697572241908767
0.4918722226297134,28.616096730134924,-0.6697572241908767
0.4918722226297134,29.32244857476682,-0.6697572241908767
0.5793165901199971,30.028800419398717,-0.6697572241908767
0.5793165901199971,30.73515226403061,-0.6697572241908767
0.5793165901199971,31.441504108662507,-0.6697572241908767
0.5793165901199971,32.1478559532944,-0.6697572241908767
0.5793165901199971,32.8542077979263,-0.6697572241908767
0.5793165901199971,33.5605596425582,-0.6697572241908767
0.4881632016962149,34.266911487190086,-0.6697572241908767
0.43980851041893854,34.97326333182198,-0.6697572241908767
0.43980851041893854,35.67961517645388,-0.6697572241908767
0.43980851041893854,36.385967021085776,-0.6697572241908767
0.43980851041893854,37.09231886571767,-0.6697572241908767
0.43980851041893854,37.79867071034957,-0.6697572241908767
0.43980851041893854,38.505022554981466,-0.6697572241908767
0.43980851041893854,39.21137439961336,-0.6697572241908767
0.6234971199185289,39.91772624424526,-0.6697572241908767
0.6234971199185289,40.624078088877155,-0.6697572241908767
0.6234971199185289,41.33042993350905,-0.6697572241908767
0.6234971199185289,42.03678177814094,-0.6697572241908767
0.6234971199185289,42.74313362277284,-0.6697572241908767
0.6234971199185289,43.449485467404735,-0.6697572241908767
0.6234971199185289,44.15583731203663,-0.6697572241908767
0.6234971199185289,44.86218915666853,-0.6697572241908767
0.6234971199185289,45.56854100130042,-0.6697572241908767
0.6234971199185289,46.274892845932314,-0.6697572241908767
0.6234971199185289,46.98124469056421,-0.6697572241908767
0.6234971199185289,47.68759653519611,-0.6697572241908767
0.6234971199185289,48.393948379828004,-0.6697572241908767
0.6234971199185289,49.1003002244599,-0.6697572241908767
0.6234971199185289,49.8066520690918,-0.6697572241908767
0.3620211052528442,15.195411682128906,-0.6340150066507992
0.3620211052528442,15.901763526760803,-0.6340150066507992
0.3620211052528442,16.6081153713927,-0.6340150066507992
0.3620211052528442,17.314467216024592,-0.6340150066507992
0.3620211052528442,18.02081906065649,-0.6340150066507992
0.3620211052528442,18.727170905288386,-0.6340150066507992
0.3620211052528442,19.43352274992028,-0.6340150066507992
0.3620211052528442,20.139874594552175,-0.6340150066507992
0.4470597107098941,20.846226439184072,-0.6340150066507992
0.4470597107098941,21.55257828381597,-0.6340150066507992
0.4470597107098941,22.258930128447865,-0.6340150066507992
0.4470597107098941,22.965281973079758,-0.6340150066507992
0.47773533651304,23.671633817711655,-0.6340150066507992
0.47773533651304,24.37798566234355,-0.6340150066507992
0.47773533651304,25.084337506975444,-0.6340150066507992
0.47773533651304,25.79068935160734,-0.6340150066507992
0.4918722226297134,26.497041196239238,-0.6340150066507992
0.4918722226297134,27.203393040871134,-0.6340150066507992
0.4918722226297134,27.90974488550303,-0.6340150066507992
0.4918722226297134,28.616096730134924,-0.6340150066507992
0.4918722226297134,29.32244857476682,-0.6340150066507992
0.5793165901199971,30.028800419398717,-0.6340150066507992
0.5793165901199971,30.73515226403061,-0.6340150066507992
0.5793165901199971,31.441504108662507,-0.6340150066507992
0.5793165901199971,32.1478559532944,-0.6340150066507992
0.5793165901199971,32.8542077979263,-0.6340150066507992
0.5793165901199971,33.5605596425582,-0.6340150066507992
0.4881632016962149,34.266911487190086,-0.6340150066507992
0.43980851041893854,34.97326333182198,-0.6340150066507992
0.43980851041893854,35.67961517645388,-0.6340150066507992
0.43980851041893854,36.385967021085776,-0.6340150066507992
0.43980851041893854,37.09231886571767,-0.6340150066507992
0.43980851041893854,37.79867071034957,-0.6340150066507992
0.43980851041893854,38.505022554981466,-0.6340150066507992
0.43980851041893854,39.21137439961336,-0.6340150066507992
0.6234971199185289,39.91772624424526,-0.6340150066507992
0.6234971199185289,40.624078088877155,-0.6340150066507992
0.6234971199185289,41.33042993350905,-0.6340150066507992
0.6234971199185289,42.03678177814094,-0.6340150066507992
0.6234971199185289,42.74313362277284,-0.6340150066507992
0.6234971199185289,43.449485467404735,-0.6340150066507992
0.6234971199185289,44.15583731203663,-0.6340150066507992
0.6234971199185289,44.86218915666853,-0.6340150066507992
0.6234971199185289,45.56854100130042,-0.6340150066507992
0.6234971199185289,46.274892845932314,-0.6340150066507992
0.6234971199185289,46.98124469056421,-0.6340150066507992
0.6234971199185289,47.68759653519611,-0.6340150066507992
0.6234971199185289,48.393948379828004,-0.6340150066507992
0.6234971199185289,49.1003002244599,-0.6340150066507992
0.6234971199185289,49.8066520690918,-0.6340150066507992
0.3620211052528442,15.195411682128906,-0.5982727891107218
0.3620211052528442,15.901763526760803,-0.5982727891107218
0.3620211052528442,16.6081153713927,-0.5982727891107218
0.3620211052528442,17.314467216024592,-0.5982727891107218
0.3620211052528442,18.02081906065649,-0.5982727891107218
0.3620211052528442,18.727170905288386,-0.5982727891107218
0.3620211052528442,19.43352274992028,-0.5982727891107218
0.3620211052528442,20.139874594552175,-0.5982727891107218
0.4470597107098941,20.846226439184072,-0.5982727891107218
0.4470597107098941,21.55257828381597,-0.5982727891107218
0.4470597107098941,22.258930128447865,-0.5982727891107218
0.4470597107098941,22.965281973079758,-0.5982727891107218
0.47773533651304,23.671633817711655,-0.5982727891107218
0.47773533651304,24.37798566234355,-0.5982727891107218
0.47773533651304,25.084337506975444,-0.5982727891107218
0.47773533651304,25.79068935160734,-0.5982727891107218
0.4918722226297134,26.497041196239238,-0.5982727891107218
0.4918722226297134,27.203393040871134,-0.5982727891107218
0.4918722226297134,27.90974488550303,-0.5982727891107218
0.4918722226297134,28.616096730134924,-0.5982727891107218
0.4918722226297134,29.32244857476682,-0.5982727891107218
0.5793165901199971,30.028800419398717,-0.5982727891107218
0.5793165901199971,30.73515226403061,-0.5982727891107218
0.5793165901199971,31.441504108662507,-0.5982727891107218
0.5793165901199971,32.1478559532944,-0.5982727891107218
0.5793165901199971,32.8542077979263,-0.5982727891107218
0.5793165901199971,33.5605596425582,-0.5982727891107218
0.4881632016962149,34.266911487190086,-0.5982727891107218
0.43980851041893854,34.97326333182198,-0.5982727891107218
0.43980851041893854,35.67961517645388,-0.5982727891107218
0.43980851041893854,36.385967021085776,-0.5982727891107218
0.43980851041893854,37.09231886571767,-0.5982727891107218
0.43980851041893854,37.79867071034957,-0.5982727891107218
0.43980851041893854,38.505022554981466,-0.5982727891107218
0.43980851041893854,39.21137439961336,-0.5982727891107218
0.6234971199185289,39.91772624424526,-0.5982727891107218
0.6234971199185289,40.624078088877155,-0.5982727891107218
0.6234971199185289,41.33042993350905,-0.5982727891107218
0.6234971199185289,42.03678177814094,-0.5982727891107218
0.6234971199185289,42.74313362277284,-0.5982727891107218
0.6234971199185289,43.449485467404735,-0.5982727891107218
0.6234971199185289,44.15583731203663,-0.5982727891107218
0.6234971199185289,44.86218915666853,-0.5982727891107218
0.6234971199185289,45.56854100130042,-0.5982727891107218
0.6234971199185289,46.274892845932314,-0.5982727891107218
0.6234971199185289,46.98124469056421,-0.5982727891107218
0.6234971199185289,47.68759653519611,-0.5982727891107218
0.6234971199185289,48.393948379828004,-0.5982727891107218
0.6234971199185289,49.1003002244599,-0.5982727891107218
0.6234971199185289,49.8066520690918,-0.5982727891107218
0.3620211052528442,15.195411682128906,-0.5625305715706443
0.3620211052528442,15.901763526760803,-0.5625305715706443
0.3620211052528442,16.6081153713927,-0.5625305715706443
0.3620211052528442,17.314467216024592,-0.5625305715706443
0.3620211052528442,18.02081906065649,-0.5625305715706443
0.3620211052528442,18.727170905288386,-0.5625305715706443
0.3620211052528442,19.43352274992028,-0.5625305715706443
0.3620211052528442,20.139874594552175,-0.5625305715706443
0.4470597107098941,20.846226439184072,-0.5625305715706443
0.4470597107098941,21.55257828381597,-0.5625305715706443
0.4470597107098941,22.258930128447865,-0.5625305715706443
0.4470597107098941,22.965281973079758,-0.5625305715706443
0.47773533651304,23.671633817711655,-0.5625305715706443
0.47773533651304,24.37798566234355,-0.5625305715706443
0.47773533651304,25.084337506975444,-0.5625305715706443
0.47773533651304,25.79068935160734,-0.5625305715706443
0.4918722226297134,26.497041196239238,-0.5625305715706443
0.4918722226297134,27.203393040871134,-0.5625305715706443
0.4918722226297134,27.90974488550303,-0.5625305715706443
0.4918722226297134,28.616096730134924,-0.5625305715706443
0.4918722226297134,29.32244857476682,-0.5625305715706443
0.5793165901199971,30.028800419398717,-0.5625305715706443
0.5793165901199971,30.73515226403061,-0.5625305715706443
0.5793165901199971,31.441504108662507,-0.5625305715706443
0.5793165901199971,32.1478559532944,-0.5625305715706443
0.5793165901199971,32.8542077979263,-0.5625305715706443
0.5793165901199971,33.5605596425582,-0.5625305715706443
0.4881632016962149,34.266911487190086,-0.5625305715706443
0.43980851041893854,34.97326333182198,-0.5625305715706443
0.43980851041893854,35.67961517645388,-0.5625305715706443
0.43980851041893854,36.385967021085776,-0.5625305715706443
0.43980851041893854,37.09231886571767,-0.5625305715706443
0.43980851041893854,37.79867071034957,-0.5625305715706443
0.43980851041893854,38.505022554981466,-0.5625305715706443
0.43980851041893854,39.21137439961336,-0.5625305715706443
0.6234971199185289,39.91772624424526,-0.5625305715706443
0.6234971199185289,40.624078088877155,-0.5625305715706443
0.6234971199185289,41.33042993350905,-0.5625305715706443
0.6234971199185289,42.03678177814094,-0.5625305715706443
0.6234971199185289,42.74313362277284,-0.5625305715706443
0.6234971199185289,43.449485467404735,-0.5625305715706443
0.6234971199185289,44.15583731203663,-0.5625305715706443
0.6234971199185289,44.86218915666853,-0.5625305715706443
0.6234971199185289,45.56854100130042,-0.5625305715706443
0.6234971199185289,46.274892845932314,-0.5625305715706443
0.6234971199185289,46.98124469056421,-0.5625305715706443
0.6234971199185289,47.68759653519611,-0.5625305715706443
0.6234971199185289,48.393948379828004,-0.5625305715706443
0.6234971199185289,49.1003002244599,-0.5625305715706443
0.6234971199185289,49.8066520690918,-0.5625305715706443
0.3738148799769766,15.195411682128906,-0.5267883540305669
0.3738148799769766,15.901763526760803,-0.5267883540305669
0.3738148799769766,16.6081153713927,-0.5267883540305669
0.3738148799769766,17.314467216024592,-0.5267883540305669
0.3738148799769766,18.02081906065649,-0.5267883540305669
0.3738148799769766,18.727170905288386,-0.5267883540305669
0.3738148799769766,19.43352274992028,-0.5267883540305669
0.3738148799769766,20.139874594552175,-0.5267883540305669
0.4616238381594963,20.846226439184072,-0.5267883540305669
0.4616238381594963,21.55257828381597,-0.5267883540305669
0.4616238381594963,22.258930128447865,-0.5267883540305669
0.4616238381594963,22.965281973079758,-0.5267883540305669
0.49329880188795855,23.671633817711655,-0.5267883540305669
0.49329880188795855,24.37798566234355,-0.5267883540305669
0.49329880188795855,25.084337506975444,-0.5267883540305669
0.49329880188795855,25.79068935160734,-0.5267883540305669
0.5078962336682454,26.497041196239238,-0.5267883540305669
0.5078962336682454,27.203393040871134,-0.5267883540305669
0.5078962336682454,27.90974488550303,-0.5267883540305669
0.5078962336682454,28.616096730134924,-0.5267883540305669
0.5078962336682454,29.32244857476682,-0.5267883540305669
0.5981893278104031,30.028800419398717,-0.5267883540305669
0.5981893278104031,30.73515226403061,-0.5267883540305669
0.5981893278104031,31.441504108662507,-0.5267883540305669
0.5981893278104031,32.1478559532944,-0.5267883540305669
0.5981893278104031,32.8542077979263,-0.5267883540305669
0.5981893278104031,33.5605596425582,-0.5267883540305669
0.504066381775717,34.266911487190086,-0.5267883540305669
0.4541364112467493,34.97326333182198,-0.5267883540305669
0.4541364112467493,35.67961517645388,-0.5267883540305669
0.4541364112467493,36.385967021085776,-0.5267883540305669
0.4541364112467493,37.09231886571767,-0.5267883540305669
0.4541364112467493,37.79867071034957,-0.5267883540305669
0.4541364112467493,38.505022554981466,-0.5267883540305669
0.4541364112467493,39.21137439961336,-0.5267883540305669
0.643809152744153,39.91772624424526,-0.5267883540305669
0.643809152744153,40.624078088877155,-0.5267883540305669
0.643809152744153,41.33042993350905,-0.5267883540305669
0.643809152744153,42.03678177814094,-0.5267883540305669
0.643809152744153,42.74313362277284,-0.5267883540305669
0.643809152744153,43.449485467404735,-0.5267883540305669
0.643809152744153,44.15583731203663,-0.5267883540305669
0.643809152744153,44.86218915666853,-0.5267883540305669
0.643809152744153,45.56854100130042,-0.5267883540305669
0.643809152744153,46.274892845932314,-0.5267883540305669
0.643809152744153,46.98124469056421,-0.5267883540305669
0.643809152744153,47.68759653519611,-0.5267883540305669
0.643809152744153,48.393948379828004,-0.5267883540305669
0.643809152744153,49.1003002244599,-0.5267883540305669
0.643809152744153,49.8066520690918,-0.5267883540305669
0.3738148799769766,15.195411682128906,-0.4910461364904892
0.3738148799769766,15.901763526760803,-0.4910461364904892
0.3738148799769766,16.6081153713927,-0.4910461364904892
0.3738148799769766,17.314467216024592,-0.4910461364904892
0.3738148799769766,18.02081906065649,-0.4910461364904892
0.3738148799769766,18.727170905288386,-0.4910461364904892
0.3738148799769766,19.43352274992028,-0.4910461364904892
0.3738148799769766,20.139874594552175,-0.4910461364904892
0.4616238381594963,20.846226439184072,-0.4910461364904892
0.4616238381594963,21.55257828381597,-0.4910461364904892
0.4616238381594963,22.258930128447865,-0.4910461364904892
0.4616238381594963,22.965281973079758,-0.4910461364904892
0.49329880188795855,23.671633817711655,-0.4910461364904892
0.49329880188795855,24.37798566234355,-0.4910461364904892
0.49329880188795855,25.084337506975444,-0.4910461364904892
0.49329880188795855,25.79068935160734,-0.4910461364904892
0.5078962336682454,26.497041196239238,-0.4910461364904892
0.5078962336682454,27.203393040871134,-0.4910461364904892
0.5078962336682454,27.90974488550303,-0.4910461364904892
0.5078962336682454,28.616096730134924,-0.4910461364904892
0.5078962336682454,29.32244857476682,-0.4910461364904892
0.5981893278104031,30.028800419398717,-0.4910461364904892
0.5981893278104031,30.73515226403061,-0.4910461364904892
0.5981893278104031,31.441504108662507,-0.4910461364904892
0.5981893278104031,32.1478559532944,-0.4910461364904892
0.5981893278104031,32.8542077979263,-0.4910461364904892
0.5981893278104031,33.5605596425582,-0.4910461364904892
0.504066381775717,34.266911487190086,-0.4910461364904892
0.4541364112467493,34.97326333182198,-0.4910461364904892
0.4541364112467493,35.67961517645388,-0.4910461364904892
0.4541364112467493,36.385967021085776,-0.4910461364904892
0.4541364112467493,37.09231886571767,-0.4910461364904892
0.4541364112467493,37.79867071034957,-0.4910461364904892
0.4541364112467493,38.505022554981466,-0.4910461364904892
0.4541364112467493,39.21137439961336,-0.4910461364904892
0.643809152744153,39.91772624424526,-0.4910461364904892
0.643809152744153,40.624078088877155,-0.4910461364904892
0.643809152744153,41.33042993350905,-0.4910461364904892
0.643809152744153,42.03678177814094,-0.4910461364904892
0.643809152744153,42.74313362277284,-0.4910461364904892
0.643809152744153,43.449485467404735,-0.4910461364904892
0.643809152744153,44.15583731203663,-0.4910461364904892
0.643809152744153,44.86218915666853,-0.4910461364904892
0.643809152744153,45.56854100130042,-0.4910461364904892
0.643809152744153,46.274892845932314,-0.4910461364904892
0.643809152744153,46.98124469056421,-0.4910461364904892
0.643809152744153,47.68759653519611,-0.4910461364904892
0.643809152744153,48.393948379828004,-0.4910461364904892
0.643809152744153,49.1003002244599,-0.4910461364904892
0.643809152744153,49.8066520690918,-0.4910461364904892
0.3738148799769766,15.195411682128906,-0.4553039189504118
0.3738148799769766,15.901763526760803,-0.4553039189504118
0.3738148799769766,16.6081153713927,-0.4553039189504118
0.3738148799769766,17.314467216024592,-0.4553039189504118
0.3738148799769766,18.02081906065649,-0.4553039189504118
0.3738148799769766,18.727170905288386,-0.4553039189504118
0.3738148799769766,19.43352274992028,-0.4553039189504118
0.3738148799769766,20.139874594552175,-0.4553039189504118
0.4616238381594963,20.846226439184072,-0.4553039189504118
0.4616238381594963,21.55257828381597,-0.4553039189504118
0.4616238381594963,22.258930128447865,-0.4553039189504118
0.4616238381594963,22.965281973079758,-0.4553039189504118
0.49329880188795855,23.671633817711655,-0.4553039189504118
0.49329880188795855,24.37798566234355,-0.4553039189504118
0.49329880188795855,25.084337506975444,-0.4553039189504118
0.49329880188795855,25.79068935160734,-0.4553039189504118
0.5078962336682454,26.497041196239238,-0.4553039189504118
0.5078962336682454,27.203393040871134,-0.4553039189504118
0.5078962336682454,27.90974488550303,-0.4553039189504118
0.5078962336682454,28.616096730134924,-0.4553039189504118
0.5078962336682454,29.32244857476682,-0.4553039189504118
0.5981893278104031,30.028800419398717,-0.4553039189504118
0.5981893278104031,30.73515226403061,-0.4553039189504118
0.5981893278104031,31.441504108662507,-0.4553039189504118
0.5981893278104031,32.1478559532944,-0.4553039189504118
0.5981893278104031,32.8542077979263,-0.4553039189504118
0.5981893278104031,33.5605596425582,-0.4553039189504118
0.504066381775717,34.266911487190086,-0.4553039189504118
0.4541364112467493,34.97326333182198,-0.4553039189504118
0.4541364112467493,35.67961517645388,-0.4553039189504118
0.4541364112467493,36.385967021085776,-0.4553039189504118
0.4541364112467493,37.09231886571767,-0.4553039189504118
0.4541364112467493,37.79867071034957,-0.4553039189504118
0.4541364112467493,38.505022554981466,-0.4553039189504118
0.4541364112467493,39.21137439961336,-0.4553039189504118
0.643809152744153,39.91772624424526,-0.4553039189504118
0.643809152744153,40.624078088877155,-0.4553039189504118
0.643809152744153,41.33042993350905,-0.4553039189504118
0.643809152744153,42.03678177814094,-0.4553039189504118
0.643809152744153,42.74313362277284,-0.4553039189504118
0.643809152744153,43.449485467404735,-0.4553039189504118
0.643809152744153,44.15583731203663,-0.4553039189504118
0.643809152744153,44.86218915666853,-0.4553039189504118
0.643809152744153,45.56854100130042,-0.4553039189504118
0.643809152744153,46.274892845932314,-0.4553039189504118
0.643809152744153,46.98124469056421,-0.4553039189504118
0.643809152744153,47.68759653519611,-0.4553039189504118
0.643809152744153,48.393948379828004,-0.4553039189504118
0.643809152744153,49.1003002244599,-0.4553039189504118
0.643809152744153,49.8066520690918,-0.4553039189504118
0.3738148799769766,15.195411682128906,-0.41956170141033433
0.3738148799769766,15.901763526760803,-0.41956170141033433
0.3738148799769766,16.6081153713927,-0.41956170141033433
0.3738148799769766,17.314467216024592,-0.41956170141033433
0.3738148799769766,18.02081906065649,-0.41956170141033433
0.3738148799769766,18.727170905288386,-0.41956170141033433
0.3738148799769766,19.43352274992028,-0.41956170141033433
0.3738148799769766,20.139874594552175,-0.41956170141033433
0.4616238381594963,20.846226439184072,-0.41956170141033433
0.4616238381594963,21.55257828381597,-0.41956170141033433
0.4616238381594963,22.258930128447865,-0.41956170141033433
0.4616238381594963,22.965281973079758,-0.41956170141033433
0.49329880188795855,23.671633817711655,-0.41956170141033433
0.49329880188795855,24.37798566234355,-0.41956170141033433
0.49329880188795855,25.084337506975444,-0.41956170141033433
0.49329880188795855,25.79068935160734,-0.41956170141033433
0.5078962336682454,26.497041196239238,-0.41956170141033433
0.5078962336682454,27.203393040871134,-0.41956170141033433
0.5078962336682454,27.90974488550303,-0.41956170141033433
0.5078962336682454,28.616096730134924,-0.41956170141033433
0.5078962336682454,29.32244857476682,-0.41956170141033433
0.5981893278104031,30.028800419398717,-0.41956170141033433
0.5981893278104031,30.73515226403061,-0.41956170141033433
0.5981893278104031,31.441504108662507,-0.41956170141033433
0.5981893278104031,32.1478559532944,-0.41956170141033433
0.5981893278104031,32.8542077979263,-0.41956170141033433
0.5981893278104031,33.5605596425582,-0.41956170141033433
0.504066381775717,34.266911487190086,-0.41956170141033433
0.4541364112467493,34.97326333182198,-0.41956170141033433
0.4541364112467493,35.67961517645388,-0.41956170141033433
0.4541364112467493,36.385967021085776,-0.41956170141033433
0.4541364112467493,37.09231886571767,-0.41956170141033433
0.4541364112467493,37.79867071034957,-0.41956170141033433
0.4541364112467493,38.505022554981466,-0.41956170141033433
0.4541364112467493,39.21137439961336,-0.41956170141033433
0.643809152744153,39.91772624424526,-0.41956170141033433
0.643809152744153,40.624078088877155,-0.41956170141033433
0.643809152744153,41.33042993350905,-0.41956170141033433
0.643809152744153,42.03678177814094,-0.41956170141033433
0.643809152744153,42.74313362277284,-0.41956170141033433
0.643809152744153,43.449485467404735,-0.41956170141033433
0.643809152744153,44.15583731203663,-0.41956170141033433
0.643809152744153,44.86218915666853,-0.41956170141033433
0.643809152744153,45.56854100130042,-0.41956170141033433
0.643809152744153,46.274892845932314,-0.41956170141033433
0.643809152744153,46.98124469056421,-0.41956170141033433
0.643809152744153,47.68759653519611,-0.41956170141033433
0.643809152744153,48.393948379828004,-0.41956170141033433
0.643809152744153,49.1003002244599,-0.41956170141033433
0.643809152744153,49.8066520690918,-0.41956170141033433
0.3738148799769766,15.195411682128906,-0.3838194838702569
0.3738148799769766,15.901763526760803,-0.3838194838702569
0.3738148799769766,16.6081153713927,-0.3838194838702569
0.3738148799769766,17.314467216024592,-0.3838194838702569
0.3738148799769766,18.02081906065649,-0.3838194838702569
0.3738148799769766,18.727170905288386,-0.3838194838702569
0.3738148799769766,19.43352274992028,-0.3838194838702569
0.3738148799769766,20.139874594552175,-0.3838194838702569
0.4616238381594963,20.846226439184072,-0.3838194838702569
0.4616238381594963,21.55257828381597,-0.3838194838702569
0.4616238381594963,22.258930128447865,-0.3838194838702569
0.4616238381594963,22.965281973079758,-0.3838194838702569
0.49329880188795855,23.671633817711655,-0.3838194838702569
0.49329880188795855,24.37798566234355,-0.3838194838702569
0.49329880188795855,25.084337506975444,-0.3838194838702569
0.49329880188795855,25.79068935160734,-0.3838194838702569
0.5078962336682454,26.497041196239238,-0.3838194838702569
0.5078962336682454,27.203393040871134,-0.3838194838702569
0.5078962336682454,27.90974488550303,-0.3838194838702569
0.5078962336682454,28.616096730134924,-0.3838194838702569
0.5078962336682454,29.32244857476682,-0.3838194838702569
0.5981893278104031,30.028800419398717,-0.3838194838702569
0.5981893278104031,30.73515226403061,-0.3838194838702569
0.5981893278104031,31.441504108662507,-0.3838194838702569
0.5981893278104031,32.1478559532944,-0.3838194838702569
0.5981893278104031,32.8542077979263,-0.3838194838702569
0.5981893278104031,33.5605596425582,-0.3838194838702569
0.504066381775717,34.266911487190086,-0.3838194838702569
0.4541364112467493,34.97326333182198,-0.3838194838702569
0.4541364112467493,35.67961517645388,-0.3838194838702569
0.4541364112467493,36.385967021085776,-0.3838194838702569
0.4541364112467493,37.09231886571767,-0.3838194838702569
0.4541364112467493,37.79867071034957,-0.3838194838702569
0.4541364112467493,38.505022554981466,-0.3838194838702569
0.4541364112467493,39.21137439961336,-0.3838194838702569
0.643809152744153,39.91772624424526,-0.3838194838702569
0.643809152744153,40.624078088877155,-0.3838194838702569
0.643809152744153,41.33042993350905,-0.3838194838702569
0.643809152744153,42.03678177814094,-0.3838194838702569
0.643809152744153,42.74313362277284,-0.3838194838702569
0.643809152744153,43.449485467404735,-0.3838194838702569
0.643809152744153,44.15583731203663,-0.3838194838702569
0.643809152744153,44.86218915666853,-0.3838194838702569
0.643809152744153,45.56854100130042,-0.3838194838702569
0.643809152744153,46.274892845932314,-0.3838194838702569
0.643809152744153,46.98124469056421,-0.3838194838702569
0.643809152744153,47.68759653519611,-0.3838194838702569
0.643809152744153,48.393948379828004,-0.3838194838702569
0.643809152744153,49.1003002244599,-0.3838194838702569
0.643809152744153,49.8066520690918,-0.3838194838702569
0.3738148799769766,15.195411682128906,-0.34807726633017944
0.3738148799769766,15.901763526760803,-0.34807726633017944
0.3738148799769766,16.6081153713927,-0.34807726633017944
0.3738148799769766,17.314467216024592,-0.34807726633017944
0.3738148799769766,18.02081906065649,-0.34807726633017944
0.3738148799769766,18.727170905288386,-0.34807726633017944
0.3738148799769766,19.43352274992028,-0.34807726633017944
0.3738148799769766,20.139874594552175,-0.34807726633017944
0.4616238381594963,20.846226439184072,-0.34807726633017944
0.4616238381594963,21.55257828381597,-0.34807726633017944
0.4616238381594963,22.258930128447865,-0.34807726633017944
0.4616238381594963,22.965281973079758,-0.34807726633017944
0.49329880188795855,23.671633817711655,-0.34807726633017944
0.49329880188795855,24.37798566234355,-0.34807726633017944
0.49329880188795855,25.084337506975444,-0.34807726633017944
0.49329880188795855,25.79068935160734,-0.34807726633017944
0.5078962336682454,26.497041196239238,-0.34807726633017944
0.5078962336682454,27.203393040871134,-0.34807726633017944
0.5078962336682454,27.90974488550303,-0.34807726633017944
0.5078962336682454,28.616096730134924,-0.34807726633017944
0.5078962336682454,29.32244857476682,-0.34807726633017944
0.5981893278104031,30.028800419398717,-0.34807726633017944
0.5981893278104031,30.73515226403061,-0.34807726633017944
0.5981893278104031,31.441504108662507,-0.34807726633017944
0.5981893278104031,32.1478559532944,-0.34807726633017944
0.5981893278104031,32.8542077979263,-0.34807726633017944
0.5981893278104031,33.5605596425582,-0.34807726633017944
0.504066381775717,34.266911487190086,-0.34807726633017944
0.4541364112467493,34.97326333182198,-0.34807726633017944
0.4541364112467493,35.67961517645388,-0.34807726633017944
0.4541364112467493,36.385967021085776,-0.34807726633017944
0.4541364112467493,37.09231886571767,-0.34807726633017944
0.4541364112467493,37.79867071034957,-0.34807726633017944
0.4541364112467493,38.505022554981466,-0.34807726633017944
0.4541364112467493,39.21137439961336,-0.34807726633017944
0.643809152744153,39.91772624424526,-0.34807726633017944
0.643809152744153,40.624078088877155,-0.34807726633017944
0.643809152744153,41.33042993350905,-0.34807726633017944
0.643809152744153,42.03678177814094,-0.34807726633017944
0.643809152744153,42.74313362277284,-0.34807726633017944
0.643809152744153,43.449485467404735,-0.34807726633017944
0.643809152744153,44.15583731203663,-0.34807726633017944
0.643809152744153,44.86218915666853,-0.34807726633017944
0.643809152744153,45.56854100130042,-0.34807726633017944
0.643809152744153,46.274892845932314,-0.34807726633017944
0.643809152744153,46.98124469056421,-0.34807726633017944
0.643809152744153,47.68759653519611,-0.34807726633017944
0.643809152744153,48.393948379828004,-0.34807726633017944
0.643809152744153,49.1003002244599,-0.34807726633017944
0.643809152744153,49.8066520690918,-0.34807726633017944
0.31863280643883124,15.195411682128906,-0.312335048790102
0.31863280643883124,15.901763526760803,-0.312335048790102
0.31863280643883124,16.6081153713927,-0.312335048790102
0.31863280643883124,17.314467216024592,-0.312335048790102
0.31863280643883124,18.02081906065649,-0.312335048790102
0.31863280643883124,18.727170905288386,-0.312335048790102
0.31863280643883124,19.43352274992028,-0.312335048790102
0.31863280643883124,20.139874594552175,-0.312335048790102
0.3934795187416948,20.846226439184072,-0.312335048790102
0.3934795187416948,21.55257828381597,-0.312335048790102
0.3934795187416948,22.258930128447865,-0.312335048790102
0.3934795187416948,22.965281973079758,-0.312335048790102
0.4204786649160518,23.671633817711655,-0.312335048790102
0.4204786649160518,24.37798566234355,-0.312335048790102
0.4204786649160518,25.084337506975444,-0.312335048790102
0.4204786649160518,25.79068935160734,-0.312335048790102
0.4452372823989181,26.497041196239238,-0.312335048790102
0.4452372823989181,27.203393040871134,-0.312335048790102
0.4452372823989181,27.90974488550303,-0.312335048790102
0.4452372823989181,28.616096730134924,-0.312335048790102
0.4452372823989181,29.32244857476682,-0.312335048790102
0.6673905282993149,30.028800419398717,-0.312335048790102
0.6673905282993149,30.73515226403061,-0.312335048790102
0.6673905282993149,31.441504108662507,-0.312335048790102
0.6673905282993149,32.1478559532944,-0.312335048790102
0.6673905282993149,32.8542077979263,-0.312335048790102
0.6673905282993149,33.5605596425582,-0.312335048790102
0.4384768409987609,34.266911487190086,-0.312335048790102
0.3950438001528742,34.97326333182198,-0.312335048790102
0.3950438001528742,35.67961517645388,-0.312335048790102
0.3950438001528742,36.385967021085776,-0.312335048790102
0.3950438001528742,37.09231886571767,-0.312335048790102
0.3950438001528742,37.79867071034957,-0.312335048790102
0.3950438001528742,38.505022554981466,-0.312335048790102
0.3950438001528742,39.21137439961336,-0.312335048790102
0.5600361652901332,39.91772624424526,-0.312335048790102
0.5600361652901332,40.624078088877155,-0.312335048790102
0.5600361652901332,41.33042993350905,-0.312335048790102
0.5600361652901332,42.03678177814094,-0.312335048790102
0.5600361652901332,42.74313362277284,-0.312335048790102
0.5600361652901332,43.449485467404735,-0.312335048790102
0.5600361652901332,44.15583731203663,-0.312335048790102
0.5600361652901332,44.86218915666853,-0.312335048790102
0.5600361652901332,45.56854100130042,-0.312335048790102
0.5600361652901332,46.274892845932314,-0.312335048790102
0.5600361652901332,46.98124469056421,-0.312335048790102
0.5600361652901332,47.68759653519611,-0.312335048790102
0.5600361652901332,48.393948379828004,-0.312335048790102
0.5600361652901332,49.1003002244599,-0.312335048790102
0.5600361652901332,49.8066520690918,-0.312335048790102
0.31863280643883124,15.195411682128906,-0.27659283125002454
0.31863280643883124,15.901763526760803,-0.27659283125002454
0.31863280643883124,16.6081153713927,-0.27659283125002454
0.31863280643883124,17.314467216024592,-0.27659283125002454
0.31863280643883124,18.02081906065649,-0.27659283125002454
0.31863280643883124,18.727170905288386,-0.27659283125002454
0.31863280643883124,19.43352274992028,-0.27659283125002454
0.31863280643883124,20.139874594552175,-0.27659283125002454
0.3934795187416948,20.846226439184072,-0.27659283125002454
0.3934795187416948,21.55257828381597,-0.27659283125002454
0.3934795187416948,22.258930128447865,-0.27659283125002454
0.3934795187416948,22.965281973079758,-0.27659283125002454
0.4204786649160518,23.671633817711655,-0.27659283125002454
0.4204786649160518,24.37798566234355,-0.27659283125002454
0.4204786649160518,25.084337506975444,-0.27659283125002454
0.4204786649160518,25.79068935160734,-0.27659283125002454
0.4452372823989181,26.497041196239238,-0.27659283125002454
0.4452372823989181,27.203393040871134,-0.27659283125002454
0.4452372823989181,27.90974488550303,-0.27659283125002454
0.4452372823989181,28.616096730134924,-0.27659283125002454
0.4452372823989181,29.32244857476682,-0.27659283125002454
0.6673905282993149,30.028800419398717,-0.27659283125002454
0.6673905282993149,30.73515226403061,-0.27659283125002454
0.6673905282993149,31.441504108662507,-0.27659283125002454
0.6673905282993149,32.1478559532944,-0.27659283125002454
0.6673905282993149,32.8542077979263,-0.27659283125002454
0.6673905282993149,33.5605596425582,-0.27659283125002454
0.4384768409987609,34.266911487190086,-0.27659283125002454
0.3950438001528742,34.97326333182198,-0.27659283125002454
0.3950438001528742,35.67961517645388,-0.27659283125002454
0.3950438001528742,36.385967021085776,-0.27659283125002454
0.3950438001528742,37.09231886571767,-0.27659283125002454
0.3950438001528742,37.79867071034957,-0.27659283125002454
0.3950438001528742,38.505022554981466,-0.27659283125002454
0.3950438001528742,39.21137439961336,-0.27659283125002454
0.5600361652901332,39.91772624424526,-0.27659283125002454
0.5600361652901332,40.624078088877155,-0.27659283125002454
0.5600361652901332,41.33042993350905,-0.27659283125002454
0.5600361652901332,42.03678177814094,-0.27659283125002454
0.5600361652901332,42.74313362277284,-0.27659283125002454
0.5600361652901332,43.449485467404735,-0.27659283125002454
0.5600361652901332,44.15583731203663,-0.27659283125002454
0.5600361652901332,44.86218915666853,-0.27659283125002454
0.5600361652901332,45.56854100130042,-0.27659283125002454
0.5600361652901332,46.274892845932314,-0.27659283125002454
0.5600361652901332,46.98124469056421,-0.27659283125002454
0.5600361652901332,47.68759653519611,-0.27659283125002454
0.5600361652901332,48.393948379828004,-0.27659283125002454
0.5600361652901332,49.1003002244599,-0.27659283125002454
0.5600361652901332,49.8066520690918,-0.27659283125002454
0.28820579577465305,15.195411682128906,-0.24085061370994687
0.28820579577465305,15.901763526760803,-0.24085061370994687
0.28820579577465305,16.6081153713927,-0.24085061370994687
0.28820579577465305,17.314467216024592,-0.24085061370994687
0.28820579577465305,18.02081906065649,-0.24085061370994687
0.28820579577465305,18.727170905288386,-0.24085061370994687
0.28820579577465305,19.43352274992028,-0.24085061370994687
0.28820579577465305,20.139874594552175,-0.24085061370994687
0.35590521606176145,20.846226439184072,-0.24085061370994687
0.35590521606176145,21.55257828381597,-0.24085061370994687
0.35590521606176145,22.258930128447865,-0.24085061370994687
0.35590521606176145,22.965281973079758,-0.24085061370994687
0.38032614903280043,23.671633817711655,-0.24085061370994687
0.38032614903280043,24.37798566234355,-0.24085061370994687
0.38032614903280043,25.084337506975444,-0.24085061370994687
0.38032614903280043,25.79068935160734,-0.24085061370994687
0.40272050676915466,26.497041196239238,-0.24085061370994687
0.40272050676915466,27.203393040871134,-0.24085061370994687
0.40272050676915466,27.90974488550303,-0.24085061370994687
0.40272050676915466,28.616096730134924,-0.24085061370994687
0.40272050676915466,29.32244857476682,-0.24085061370994687
0.6036598065676431,30.028800419398717,-0.24085061370994687
0.6036598065676431,30.73515226403061,-0.24085061370994687
0.6036598065676431,31.441504108662507,-0.24085061370994687
0.6036598065676431,32.1478559532944,-0.24085061370994687
0.6036598065676431,32.8542077979263,-0.24085061370994687
0.6036598065676431,33.5605596425582,-0.24085061370994687
0.3966056361276275,34.266911487190086,-0.24085061370994687
0.3573201204903518,34.97326333182198,-0.24085061370994687
0.3573201204903518,35.67961517645388,-0.24085061370994687
0.3573201204903518,36.385967021085776,-0.24085061370994687
0.3573201204903518,37.09231886571767,-0.24085061370994687
0.3573201204903518,37.79867071034957,-0.24085061370994687
0.3573201204903518,38.505022554981466,-0.24085061370994687
0.3573201204903518,39.21137439961336,-0.24085061370994687
0.5065569690828852,39.91772624424526,-0.24085061370994687
0.5065569690828852,40.624078088877155,-0.24085061370994687
0.5065569690828852,41.33042993350905,-0.24085061370994687
0.5065569690828852,42.03678177814094,-0.24085061370994687
0.5065569690828852,42.74313362277284,-0.24085061370994687
0.5065569690828852,43.449485467404735,-0.24085061370994687
0.5065569690828852,44.15583731203663,-0.24085061370994687
0.5065569690828852,44.86218915666853,-0.24085061370994687
0.5065569690828852,45.56854100130042,-0.24085061370994687
0.5065569690828852,46.274892845932314,-0.24085061370994687
0.5065569690828852,46.98124469056421,-0.24085061370994687
0.5065569690828852,47.68759653519611,-0.24085061370994687
0.5065569690828852,48.393948379828004,-0.24085061370994687
0.5065569690828852,49.1003002244599,-0.24085061370994687
0.5065569690828852,49.8066520690918,-0.24085061370994687
0.28820579577465305,15.195411682128906,-0.20510839616986942
0.28820579577465305,15.901763526760803,-0.20510839616986942
0.28820579577465305,16.6081153713927,-0.20510839616986942
0.28820579577465305,17.314467216024592,-0.20510839616986942
0.28820579577465305,18.02081906065649,-0.20510839616986942
0.28820579577465305,18.727170905288386,-0.20510839616986942
0.28820579577465305,19.43352274992028,-0.20510839616986942
0.28820579577465305,20.139874594552175,-0.20510839616986942
0.35590521606176145,20.846226439184072,-0.20510839616986942
0.35590521606176145,21.55257828381597,-0.20510839616986942
0.35590521606176145,22.258930128447865,-0.20510839616986942
0.35590521606176145,22.965281973079758,-0.20510839616986942
0.38032614903280043,23.671633817711655,-0.20510839616986942
0.38032614903280043,24.37798566234355,-0.20510839616986942
0.38032614903280043,25.084337506975444,-0.20510839616986942
0.38032614903280043,25.79068935160734,-0.20510839616986942
0.40272050676915466,26.497041196239238,-0.20510839616986942
0.40272050676915466,27.203393040871134,-0.20510839616986942
0.40272050676915466,27.90974488550303,-0.20510839616986942
0.40272050676915466,28.616096730134924,-0.20510839616986942
0.40272050676915466,29.32244857476682,-0.20510839616986942
0.6036598065676431,30.028800419398717,-0.20510839616986942
0.6036598065676431,30.73515226403061,-0.20510839616986942
0.6036598065676431,31.441504108662507,-0.20510839616986942
0.6036598065676431,32.1478559532944,-0.20510839616986942
0.6036598065676431,32.8542077979263,-0.20510839616986942
0.6036598065676431,33.5605596425582,-0.20510839616986942
0.3966056361276275,34.266911487190086,-0.20510839616986942
0.3573201204903518,34.97326333182198,-0.20510839616986942
0.3573201204903518,35.67961517645388,-0.20510839616986942
0.3573201204903518,36.385967021085776,-0.20510839616986942
0.3573201204903518,37.09231886571767,-0.20510839616986942
0.3573201204903518,37.79867071034957,-0.20510839616986942
0.3573201204903518,38.505022554981466,-0.20510839616986942
0.3573201204903518,39.21137439961336,-0.20510839616986942
0.5065569690828852,39.91772624424526,-0.20510839616986942
0.5065569690828852,40.624078088877155,-0.20510839616986942
0.5065569690828852,41.33042993350905,-0.20510839616986942
0.5065569690828852,42.03678177814094,-0.20510839616986942
0.5065569690828852,42.74313362277284,-0.20510839616986942
0.5065569690828852,43.449485467404735,-0.20510839616986942
0.5065569690828852,44.15583731203663,-0.20510839616986942
0.5065569690828852,44.86218915666853,-0.20510839616986942
0.5065569690828852,45.56854100130042,-0.20510839616986942
0.5065569690828852,46.274892845932314,-0.20510839616986942
0.5065569690828852,46.98124469056421,-0.20510839616986942
0.5065569690828852,47.68759653519611,-0.20510839616986942
0.5065569690828852,48.393948379828004,-0.20510839616986942
0.5065569690828852,49.1003002244599,-0.20510839616986942
0.5065569690828852,49.8066520690918,-0.20510839616986942
0.28820579577465305,15.195411682128906,-0.16936617862979197
0.28820579577465305,15.901763526760803,-0.16936617862979197
0.28820579577465305,16.6081153713927,-0.16936617862979197
0.28820579577465305,17.314467216024592,-0.16936617862979197
0.28820579577465305,18.02081906065649,-0.16936617862979197
0.28820579577465305,18.727170905288386,-0.16936617862979197
0.28820579577465305,19.43352274992028,-0.16936617862979197
0.28820579577465305,20.139874594552175,-0.16936617862979197
0.35590521606176145,20.846226439184072,-0.16936617862979197
0.35590521606176145,21.55257828381597,-0.16936617862979197
0.35590521606176145,22.258930128447865,-0.16936617862979197
0.35590521606176145,22.965281973079758,-0.16936617862979197
0.38032614903280043,23.671633817711655,-0.16936617862979197
0.38032614903280043,24.37798566234355,-0.16936617862979197
0.38032614903280043,25.084337506975444,-0.16936617862979197
0.38032614903280043,25.79068935160734,-0.16936617862979197
0.40272050676915466,26.497041196239238,-0.16936617862979197
0.40272050676915466,27.203393040871134,-0.16936617862979197
0.40272050676915466,27.90974488550303,-0.16936617862979197
0.40272050676915466,28.616096730134924,-0.16936617862979197
0.40272050676915466,29.32244857476682,-0.16936617862979197
0.6036598065676431,30.028800419398717,-0.16936617862979197
0.6036598065676431,30.73515226403061,-0.16936617862979197
0.6036598065676431,31.441504108662507,-0.16936617862979197
0.6036598065676431,32.1478559532944,-0.16936617862979197
0.6036598065676431,32.8542077979263,-0.16936617862979197
0.6036598065676431,33.5605596425582,-0.16936617862979197
0.3966056361276275,34.266911487190086,-0.16936617862979197
0.3573201204903518,34.97326333182198,-0.16936617862979197
0.3573201204903518,35.67961517645388,-0.16936617862979197
0.3573201204903518,36.385967021085776,-0.16936617862979197
0.3573201204903518,37.09231886571767,-0.16936617862979197
0.3573201204903518,37.79867071034957,-0.16936617862979197
0.3573201204903518,38.505022554981466,-0.16936617862979197
0.3573201204903518,39.21137439961336,-0.16936617862979197
0.5065569690828852,39.91772624424526,-0.16936617862979197
0.5065569690828852,40.624078088877155,-0.16936617862979197
0.5065569690828852,41.33042993350905,-0.16936617862979197
0.5065569690828852,42.03678177814094,-0.16936617862979197
0.5065569690828852,42.74313362277284,-0.16936617862979197
0.5065569690828852,43.449485467404735,-0.16936617862979197
0.5065569690828852,44.15583731203663,-0.16936617862979197
0.5065569690828852,44.86218915666853,-0.16936617862979197
0.5065569690828852,45.56854100130042,-0.16936617862979197
0.5065569690828852,46.274892845932314,-0.16936617862979197
0.5065569690828852,46.98124469056421,-0.16936617862979197
0.5065569690828852,47.68759653519611,-0.16936617862979197
0.5065569690828852,48.393948379828004,-0.16936617862979197
0.5065569690828852,49.1003002244599,-0.16936617862979197
0.5065569690828852,49.8066520690918,-0.16936617862979197
0.28820579577465305,15.195411682128906,-0.13362396108971453
0.28820579577465305,15.901763526760803,-0.13362396108971453
0.28820579577465305,16.6081153713927,-0.13362396108971453
0.28820579577465305,17.314467216024592,-0.13362396108971453
0.28820579577465305,18.02081906065649,-0.13362396108971453
0.28820579577465305,18.727170905288386,-0.13362396108971453
0.28820579577465305,19.43352274992028,-0.13362396108971453
0.28820579577465305,20.139874594552175,-0.13362396108971453
0.35590521606176145,20.846226439184072,-0.13362396108971453
0.35590521606176145,21.55257828381597,-0.13362396108971453
0.35590521606176145,22.258930128447865,-0.13362396108971453
0.35590521606176145,22.965281973079758,-0.13362396108971453
0.38032614903280043,23.671633817711655,-0.13362396108971453
0.38032614903280043,24.37798566234355,-0.13362396108971453
0.38032614903280043,25.084337506975444,-0.13362396108971453
0.38032614903280043,25.79068935160734,-0.13362396108971453
0.40272050676915466,26.497041196239238,-0.13362396108971453
0.40272050676915466,27.203393040871134,-0.13362396108971453
0.40272050676915466,27.90974488550303,-0.13362396108971453
0.40272050676915466,28.616096730134924,-0.13362396108971453
0.40272050676915466,29.32244857476682,-0.13362396108971453
0.6036598065676431,30.028800419398717,-0.13362396108971453
0.6036598065676431,30.73515226403061,-0.13362396108971453
0.6036598065676431,31.441504108662507,-0.13362396108971453
0.6036598065676431,32.1478559532944,-0.13362396108971453
0.6036598065676431,32.8542077979263,-0.13362396108971453
0.6036598065676431,33.5605596425582,-0.13362396108971453
0.3966056361276275,34.266911487190086,-0.13362396108971453
0.3573201204903518,34.97326333182198,-0.13362396108971453
0.3573201204903518,35.67961517645388,-0.13362396108971453
0.3573201204903518,36.385967021085776,-0.13362396108971453
0.3573201204903518,37.09231886571767,-0.13362396108971453
0.3573201204903518,37.79867071034957,-0.13362396108971453
0.3573201204903518,38.505022554981466,-0.13362396108971453
0.3573201204903518,39.21137439961336,-0.13362396108971453
0.5065569690828852,39.91772624424526,-0.13362396108971453
0.5065569690828852,40.624078088877155,-0.13362396108971453
0.5065569690828852,41.33042993350905,-0.13362396108971453
0.5065569690828852,42.03678177814094,-0.13362396108971453
0.5065569690828852,42.74313362277284,-0.13362396108971453
0.5065569690828852,43.449485467404735,-0.13362396108971453
0.5065569690828852,44.15583731203663,-0.13362396108971453
0.5065569690828852,44.86218915666853,-0.13362396108971453
0.5065569690828852,45.56854100130042,-0.13362396108971453
0.5065569690828852,46.274892845932314,-0.13362396108971453
0.5065569690828852,46.98124469056421,-0.13362396108971453
0.5065569690828852,47.68759653519611,-0.13362396108971453
0.5065569690828852,48.393948379828004,-0.13362396108971453
0.5065569690828852,49.1003002244599,-0.13362396108971453
0.5065569690828852,49.8066520690918,-0.13362396108971453
0.28820579577465305,15.195411682128906,-0.09788174354963708
0.28820579577465305,15.901763526760803,-0.09788174354963708
0.28820579577465305,16.6081153713927,-0.09788174354963708
0.28820579577465305,17.314467216024592,-0.09788174354963708
0.28820579577465305,18.02081906065649,-0.09788174354963708
0.28820579577465305,18.727170905288386,-0.09788174354963708
0.28820579577465305,19.43352274992028,-0.09788174354963708
0.28820579577465305,20.139874594552175,-0.09788174354963708
0.35590521606176145,20.846226439184072,-0.09788174354963708
0.35590521606176145,21.55257828381597,-0.09788174354963708
0.35590521606176145,22.258930128447865,-0.09788174354963708
0.35590521606176145,22.965281973079758,-0.09788174354963708
0.38032614903280043,23.671633817711655,-0.09788174354963708
0.38032614903280043,24.37798566234355,-0.09788174354963708
0.38032614903280043,25.084337506975444,-0.09788174354963708
0.38032614903280043,25.79068935160734,-0.09788174354963708
0.40272050676915466,26.497041196239238,-0.09788174354963708
0.40272050676915466,27.203393040871134,-0.09788174354963708
0.40272050676915466,27.90974488550303,-0.09788174354963708
0.40272050676915466,28.616096730134924,-0.09788174354963708
0.40272050676915466,29.32244857476682,-0.09788174354963708
0.6036598065676431,30.028800419398717,-0.09788174354963708
0.6036598065676431,30.73515226403061,-0.09788174354963708
0.6036598065676431,31.441504108662507,-0.09788174354963708
0.6036598065676431,32.1478559532944,-0.09788174354963708
0.6036598065676431,32.8542077979263,-0.09788174354963708
0.6036598065676431,33.5605596425582,-0.09788174354963708
0.3966056361276275,34.266911487190086,-0.09788174354963708
0.3573201204903518,34.97326333182198,-0.09788174354963708
0.3573201204903518,35.67961517645388,-0.09788174354963708
0.3573201204903518,36.385967021085776,-0.09788174354963708
0.3573201204903518,37.09231886571767,-0.09788174354963708
0.3573201204903518,37.79867071034957,-0.09788174354963708
0.3573201204903518,38.505022554981466,-0.09788174354963708
0.3573201204903518,39.21137439961336,-0.09788174354963708
0.5065569690828852,39.91772624424526,-0.09788174354963708
0.5065569690828852,40.624078088877155,-0.09788174354963708
0.5065569690828852,41.33042993350905,-0.09788174354963708
0.5065569690828852,42.03678177814094,-0.09788174354963708
0.5065569690828852,42.74313362277284,-0.09788174354963708
0.5065569690828852,43.449485467404735,-0.09788174354963708
0.5065569690828852,44.15583731203663,-0.09788174354963708
0.5065569690828852,44.86218915666853,-0.09788174354963708
0.5065569690828852,45.56854100130042,-0.09788174354963708
0.5065569690828852,46.274892845932314,-0.09788174354963708
0.5065569690828852,46.98124469056421,-0.09788174354963708
0.5065569690828852,47.68759653519611,-0.09788174354963708
0.5065569690828852,48.393948379828004,-0.09788174354963708
0.5065569690828852,49.1003002244599,-0.09788174354963708
0.5065569690828852,49.8066520690918,-0.09788174354963708
0.28820579577465305,15.195411682128906,-0.0621395260095596
0.28820579577465305,15.901763526760803,-0.0621395260095596
0.28820579577465305,16.6081153713927,-0.0621395260095596
0.28820579577465305,17.314467216024592,-0.0621395260095596
0.28820579577465305,18.02081906065649,-0.0621395260095596
0.28820579577465305,18.727170905288386,-0.0621395260095596
0.28820579577465305,19.43352274992028,-0.0621395260095596
0.28820579577465305,20.139874594552175,-0.0621395260095596
0.35590521606176145,20.846226439184072,-0.0621395260095596
0.35590521606176145,21.55257828381597,-0.0621395260095596
0.35590521606176145,22.258930128447865,-0.0621395260095596
0.35590521606176145,22.965281973079758,-0.0621395260095596
0.38032614903280043,23.671633817711655,-0.0621395260095596
0.38032614903280043,24.37798566234355,-0.0621395260095596
0.38032614903280043,25.084337506975444,-0.0621395260095596
0.38032614903280043,25.79068935160734,-0.0621395260095596
0.40272050676915466,26.497041196239238,-0.0621395260095596
0.40272050676915466,27.203393040871134,-0.0621395260095596
0.40272050676915466,27.90974488550303,-0.0621395260095596
0.40272050676915466,28.616096730134924,-0.0621395260095596
0.40272050676915466,29.32244857476682,-0.0621395260095596
0.6036598065676431,30.028800419398717,-0.0621395260095596
0.6036598065676431,30.73515226403061,-0.0621395260095596
0.6036598065676431,31.441504108662507,-0.0621395260095596
0.6036598065676431,32.1478559532944,-0.0621395260095596
0.6036598065676431,32.8542077979263,-0.0621395260095596
0.6036598065676431,33.5605596425582,-0.0621395260095596
0.3966056361276275,34.266911487190086,-0.0621395260095596
0.3573201204903518,34.97326333182198,-0.0621395260095596
0.3573201204903518,35.67961517645388,-0.0621395260095596
0.3573201204903518,36.385967021085776,-0.0621395260095596
0.3573201204903518,37.09231886571767,-0.0621395260095596
0.3573201204903518,37.79867071034957,-0.0621395260095596
0.3573201204903518,38.505022554981466,-0.0621395260095596
0.3573201204903518,39.21137439961336,-0.0621395260095596
0.5065569690828852,39.91772624424526,-0.0621395260095596
0.5065569690828852,40.624078088877155,-0.0621395260095596
0.5065569690828852,41.33042993350905,-0.0621395260095596
0.5065569690828852,42.03678177814094,-0.0621395260095596
0.5065569690828852,42.74313362277284,-0.0621395260095596
0.5065569690828852,43.449485467404735,-0.0621395260095596
0.5065569690828852,44.15583731203663,-0.0621395260095596
0.5065569690828852,44.86218915666853,-0.0621395260095596
0.5065569690828852,45.56854100130042,-0.0621395260095596
0.5065569690828852,46.274892845932314,-0.0621395260095596
0.5065569690828852,46.98124469056421,-0.0621395260095596
0.5065569690828852,47.68759653519611,-0.0621395260095596
0.5065569690828852,48.393948379828004,-0.0621395260095596
0.5065569690828852,49.1003002244599,-0.0621395260095596
0.5065569690828852,49.8066520690918,-0.0621395260095596
