Q,max_south_extent,avg_landfalling_minomega
12.093975330254473,-85,-1.8647817688635515
12.093975330254473,-84.58163265306122,-1.8647817688635515
12.093975330254473,-84.16326530612245,-1.8647817688635515
12.093975330254473,-83.74489795918367,-1.8647817688635515
12.093975330254473,-83.3265306122449,-1.8647817688635515
12.093975330254473,-82.90816326530613,-1.8647817688635515
12.093975330254473,-82.48979591836735,-1.8647817688635515
12.093975330254473,-82.07142857142857,-1.8647817688635515
12.093975330254473,-81.65306122448979,-1.8647817688635515
12.093975330254473,-81.23469387755102,-1.8647817688635515
12.093975330254473,-80.81632653061224,-1.8647817688635515
12.093975330254473,-80.39795918367346,-1.8647817688635515
12.093975330254473,-79.9795918367347,-1.8647817688635515
12.093975330254473,-79.56122448979592,-1.8647817688635515
12.093975330254473,-79.14285714285714,-1.8647817688635515
12.093975330254473,-78.72448979591837,-1.8647817688635515
12.093975330254473,-78.3061224489796,-1.8647817688635515
12.093976650243711,-77.88775510204081,-1.8647817688635515
12.093976650243711,-77.46938775510205,-1.8647817688635515
12.093976650243711,-77.05102040816327,-1.8647817688635515
12.093976650243711,-76.63265306122449,-1.8647817688635515
12.093976650243711,-76.21428571428571,-1.8647817688635515
12.093976650243711,-75.79591836734694,-1.8647817688635515
12.093976650243711,-75.37755102040816,-1.8647817688635515
12.093976650243711,-74.95918367346938,-1.8647817688635515
12.093976650243711,-74.54081632653062,-1.8647817688635515
12.093976650243711,-74.12244897959184,-1.8647817688635515
11.884348435775607,-73.70408163265306,-1.8647817688635515
11.884348435775607,-73.28571428571428,-1.8647817688635515
11.884348435775607,-72.86734693877551,-1.8647817688635515
11.884347908452904,-72.44897959183673,-1.8647817688635515
11.884347908452904,-72.03061224489795,-1.8647817688635515
11.884347908452904,-71.61224489795919,-1.8647817688635515
11.884347908452904,-71.1938775510204,-1.8647817688635515
11.884347908452904,-70.77551020408163,-1.8647817688635515
11.884347908452904,-70.35714285714286,-1.8647817688635515
11.884347908452904,-69.93877551020408,-1.8647817688635515
11.884347908452904,-69.5204081632653,-1.8647817688635515
11.884347908452904,-69.10204081632654,-1.8647817688635515
11.310717127133445,-68.68367346938776,-1.8647817688635515
11.310717127133445,-68.26530612244898,-1.8647817688635515
11.310717127133445,-67.84693877551021,-1.8647817688635515
11.310717127133445,-67.42857142857143,-1.8647817688635515
11.310717127133445,-67.01020408163265,-1.8647817688635515
11.310717127133445,-66.59183673469389,-1.8647817688635515
11.310717127133445,-66.1734693877551,-1.8647817688635515
11.310717127133445,-65.75510204081633,-1.8647817688635515
11.310717127133445,-65.33673469387755,-1.8647817688635515
11.310717127133445,-64.91836734693877,-1.8647817688635515
11.310717127133445,-64.5,-1.8647817688635515
12.093975330254473,-85,-1.8273671842912291
12.093975330254473,-84.58163265306122,-1.8273671842912291
12.093975330254473,-84.16326530612245,-1.8273671842912291
12.093975330254473,-83.74489795918367,-1.8273671842912291
12.093975330254473,-83.3265306122449,-1.8273671842912291
12.093975330254473,-82.90816326530613,-1.8273671842912291
12.093975330254473,-82.48979591836735,-1.8273671842912291
12.093975330254473,-82.07142857142857,-1.8273671842912291
12.093975330254473,-81.65306122448979,-1.8273671842912291
12.093975330254473,-81.23469387755102,-1.8273671842912291
12.093975330254473,-80.81632653061224,-1.8273671842912291
12.093975330254473,-80.39795918367346,-1.8273671842912291
12.093975330254473,-79.9795918367347,-1.8273671842912291
12.093975330254473,-79.56122448979592,-1.8273671842912291
12.093975330254473,-79.14285714285714,-1.8273671842912291
12.093975330254473,-78.72448979591837,-1.8273671842912291
12.093975330254473,-78.3061224489796,-1.8273671842912291
12.093976650243711,-77.88775510204081,-1.8273671842912291
12.093976650243711,-77.46938775510205,-1.8273671842912291
12.093976650243711,-77.05102040816327,-1.8273671842912291
12.093976650243711,-76.63265306122449,-1.8273671842912291
12.093976650243711,-76.21428571428571,-1.8273671842912291
12.093976650243711,-75.79591836734694,-1.8273671842912291
12.093976650243711,-75.37755102040816,-1.8273671842912291
12.093976650243711,-74.95918367346938,-1.8273671842912291
12.093976650243711,-74.54081632653062,-1.8273671842912291
12.093976650243711,-74.12244897959184,-1.8273671842912291
11.884348435775607,-73.70408163265306,-1.8273671842912291
11.884348435775607,-73.28571428571428,-1.8273671842912291
11.884348435775607,-72.86734693877551,-1.8273671842912291
11.884347908452904,-72.44897959183673,-1.8273671842912291
11.884347908452904,-72.03061224489795,-1.8273671842912291
11.884347908452904,-71.61224489795919,-1.8273671842912291
11.884347908452904,-71.1938775510204,-1.8273671842912291
11.884347908452904,-70.77551020408163,-1.8273671842912291
11.884347908452904,-70.35714285714286,-1.8273671842912291
11.884347908452904,-69.93877551020408,-1.8273671842912291
11.884347908452904,-69.5204081632653,-1.8273671842912291
11.884347908452904,-69.10204081632654,-1.8273671842912291
11.310717127133445,-68.68367346938776,-1.8273671842912291
11.310717127133445,-68.26530612244898,-1.8273671842912291
11.310717127133445,-67.84693877551021,-1.8273671842912291
11.310717127133445,-67.42857142857143,-1.8273671842912291
11.310717127133445,-67.01020408163265,-1.8273671842912291
11.310717127133445,-66.59183673469389,-1.8273671842912291
11.310717127133445,-66.1734693877551,-1.8273671842912291
11.310717127133445,-65.75510204081633,-1.8273671842912291
11.310717127133445,-65.33673469387755,-1.8273671842912291
11.310717127133445,-64.91836734693877,-1.8273671842912291
11.310717127133445,-64.5,-1.8273671842912291
12.093975330254473,-85,-1.7899525997189067
12.093975330254473,-84.58163265306122,-1.7899525997189067
12.093975330254473,-84.16326530612245,-1.7899525997189067
12.093975330254473,-83.74489795918367,-1.7899525997189067
12.093975330254473,-83.3265306122449,-1.7899525997189067
12.093975330254473,-82.90816326530613,-1.7899525997189067
12.093975330254473,-82.48979591836735,-1.7899525997189067
12.093975330254473,-82.07142857142857,-1.7899525997189067
12.093975330254473,-81.65306122448979,-1.7899525997189067
12.093975330254473,-81.23469387755102,-1.7899525997189067
12.093975330254473,-80.81632653061224,-1.7899525997189067
12.093975330254473,-80.39795918367346,-1.7899525997189067
12.093975330254473,-79.9795918367347,-1.7899525997189067
12.093975330254473,-79.56122448979592,-1.7899525997189067
12.093975330254473,-79.14285714285714,-1.7899525997189067
12.093975330254473,-78.72448979591837,-1.7899525997189067
12.093975330254473,-78.3061224489796,-1.7899525997189067
12.093976650243711,-77.88775510204081,-1.7899525997189067
12.093976650243711,-77.46938775510205,-1.7899525997189067
12.093976650243711,-77.05102040816327,-1.7899525997189067
12.093976650243711,-76.63265306122449,-1.7899525997189067
12.093976650243711,-76.21428571428571,-1.7899525997189067
12.093976650243711,-75.79591836734694,-1.7899525997189067
12.093976650243711,-75.37755102040816,-1.7899525997189067
12.093976650243711,-74.95918367346938,-1.7899525997189067
12.093976650243711,-74.54081632653062,-1.7899525997189067
12.093976650243711,-74.12244897959184,-1.7899525997189067
11.884348435775607,-73.70408163265306,-1.7899525997189067
11.884348435775607,-73.28571428571428,-1.7899525997189067
11.884348435775607,-72.86734693877551,-1.7899525997189067
11.884347908452904,-72.44897959183673,-1.7899525997189067
11.884347908452904,-72.03061224489795,-1.7899525997189067
11.884347908452904,-71.61224489795919,-1.7899525997189067
11.884347908452904,-71.1938775510204,-1.7899525997189067
11.884347908452904,-70.77551020408163,-1.7899525997189067
11.884347908452904,-70.35714285714286,-1.7899525997189067
11.884347908452904,-69.93877551020408,-1.7899525997189067
11.884347908452904,-69.5204081632653,-1.7899525997189067
11.884347908452904,-69.10204081632654,-1.7899525997189067
11.310717127133445,-68.68367346938776,-1.7899525997189067
11.310717127133445,-68.26530612244898,-1.7899525997189067
11.310717127133445,-67.84693877551021,-1.7899525997189067
11.310717127133445,-67.42857142857143,-1.7899525997189067
11.310717127133445,-67.01020408163265,-1.7899525997189067
11.310717127133445,-66.59183673469389,-1.7899525997189067
11.310717127133445,-66.1734693877551,-1.7899525997189067
11.310717127133445,-65.75510204081633,-1.7899525997189067
11.310717127133445,-65.33673469387755,-1.7899525997189067
11.310717127133445,-64.91836734693877,-1.7899525997189067
11.310717127133445,-64.5,-1.7899525997189067
12.093975330254473,-85,-1.7525380151465844
12.093975330254473,-84.58163265306122,-1.7525380151465844
12.093975330254473,-84.16326530612245,-1.7525380151465844
12.093975330254473,-83.74489795918367,-1.7525380151465844
12.093975330254473,-83.3265306122449,-1.7525380151465844
12.093975330254473,-82.90816326530613,-1.7525380151465844
12.093975330254473,-82.48979591836735,-1.7525380151465844
12.093975330254473,-82.07142857142857,-1.7525380151465844
12.093975330254473,-81.65306122448979,-1.7525380151465844
12.093975330254473,-81.23469387755102,-1.7525380151465844
12.093975330254473,-80.81632653061224,-1.7525380151465844
12.093975330254473,-80.39795918367346,-1.7525380151465844
12.093975330254473,-79.9795918367347,-1.7525380151465844
12.093975330254473,-79.56122448979592,-1.7525380151465844
12.093975330254473,-79.14285714285714,-1.7525380151465844
12.093975330254473,-78.72448979591837,-1.7525380151465844
12.093975330254473,-78.3061224489796,-1.7525380151465844
12.093976650243711,-77.88775510204081,-1.7525380151465844
12.093976650243711,-77.46938775510205,-1.7525380151465844
12.093976650243711,-77.05102040816327,-1.7525380151465844
12.093976650243711,-76.63265306122449,-1.7525380151465844
12.093976650243711,-76.21428571428571,-1.7525380151465844
12.093976650243711,-75.79591836734694,-1.7525380151465844
12.093976650243711,-75.37755102040816,-1.7525380151465844
12.093976650243711,-74.95918367346938,-1.7525380151465844
12.093976650243711,-74.54081632653062,-1.7525380151465844
12.093976650243711,-74.12244897959184,-1.7525380151465844
11.884348435775607,-73.70408163265306,-1.7525380151465844
11.884348435775607,-73.28571428571428,-1.7525380151465844
11.884348435775607,-72.86734693877551,-1.7525380151465844
11.884347908452904,-72.44897959183673,-1.7525380151465844
11.884347908452904,-72.03061224489795,-1.7525380151465844
11.884347908452904,-71.61224489795919,-1.7525380151465844
11.884347908452904,-71.1938775510204,-1.7525380151465844
11.884347908452904,-70.77551020408163,-1.7525380151465844
11.884347908452904,-70.35714285714286,-1.7525380151465844
11.884347908452904,-69.93877551020408,-1.7525380151465844
11.884347908452904,-69.5204081632653,-1.7525380151465844
11.884347908452904,-69.10204081632654,-1.7525380151465844
11.310717127133445,-68.68367346938776,-1.7525380151465844
11.310717127133445,-68.26530612244898,-1.7525380151465844
11.310717127133445,-67.84693877551021,-1.7525380151465844
11.310717127133445,-67.42857142857143,-1.7525380151465844
11.310717127133445,-67.01020408163265,-1.7525380151465844
11.310717127133445,-66.59183673469389,-1.7525380151465844
11.310717127133445,-66.1734693877551,-1.7525380151465844
11.310717127133445,-65.75510204081633,-1.7525380151465844
11.310717127133445,-65.33673469387755,-1.7525380151465844
11.310717127133445,-64.91836734693877,-1.7525380151465844
11.310717127133445,-64.5,-1.7525380151465844
12.093975330254473,-85,-1.715123430574262
12.093975330254473,-84.58163265306122,-1.715123430574262
12.093975330254473,-84.16326530612245,-1.715123430574262
12.093975330254473,-83.74489795918367,-1.715123430574262
12.093975330254473,-83.3265306122449,-1.715123430574262
12.093975330254473,-82.90816326530613,-1.715123430574262
12.093975330254473,-82.48979591836735,-1.715123430574262
12.093975330254473,-82.07142857142857,-1.715123430574262
12.093975330254473,-81.65306122448979,-1.715123430574262
12.093975330254473,-81.23469387755102,-1.715123430574262
12.093975330254473,-80.81632653061224,-1.715123430574262
12.093975330254473,-80.39795918367346,-1.715123430574262
12.093975330254473,-79.9795918367347,-1.715123430574262
12.093975330254473,-79.56122448979592,-1.715123430574262
12.093975330254473,-79.14285714285714,-1.715123430574262
12.093975330254473,-78.72448979591837,-1.715123430574262
12.093975330254473,-78.3061224489796,-1.715123430574262
12.093976650243711,-77.88775510204081,-1.715123430574262
12.093976650243711,-77.46938775510205,-1.715123430574262
12.093976650243711,-77.05102040816327,-1.715123430574262
12.093976650243711,-76.63265306122449,-1.715123430574262
12.093976650243711,-76.21428571428571,-1.715123430574262
12.093976650243711,-75.79591836734694,-1.715123430574262
12.093976650243711,-75.37755102040816,-1.715123430574262
12.093976650243711,-74.95918367346938,-1.715123430574262
12.093976650243711,-74.54081632653062,-1.715123430574262
12.093976650243711,-74.12244897959184,-1.715123430574262
11.884348435775607,-73.70408163265306,-1.715123430574262
11.884348435775607,-73.28571428571428,-1.715123430574262
11.884348435775607,-72.86734693877551,-1.715123430574262
11.884347908452904,-72.44897959183673,-1.715123430574262
11.884347908452904,-72.03061224489795,-1.715123430574262
11.884347908452904,-71.61224489795919,-1.715123430574262
11.884347908452904,-71.1938775510204,-1.715123430574262
11.884347908452904,-70.77551020408163,-1.715123430574262
11.884347908452904,-70.35714285714286,-1.715123430574262
11.884347908452904,-69.93877551020408,-1.715123430574262
11.884347908452904,-69.5204081632653,-1.715123430574262
11.884347908452904,-69.10204081632654,-1.715123430574262
11.310717127133445,-68.68367346938776,-1.715123430574262
11.310717127133445,-68.26530612244898,-1.715123430574262
11.310717127133445,-67.84693877551021,-1.715123430574262
11.310717127133445,-67.42857142857143,-1.715123430574262
11.310717127133445,-67.01020408163265,-1.715123430574262
11.310717127133445,-66.59183673469389,-1.715123430574262
11.310717127133445,-66.1734693877551,-1.715123430574262
11.310717127133445,-65.75510204081633,-1.715123430574262
11.310717127133445,-65.33673469387755,-1.715123430574262
11.310717127133445,-64.91836734693877,-1.715123430574262
11.310717127133445,-64.5,-1.715123430574262
12.093975330254473,-85,-1.6777088460019396
12.093975330254473,-84.58163265306122,-1.6777088460019396
12.093975330254473,-84.16326530612245,-1.6777088460019396
12.093975330254473,-83.74489795918367,-1.6777088460019396
12.093975330254473,-83.3265306122449,-1.6777088460019396
12.093975330254473,-82.90816326530613,-1.6777088460019396
12.093975330254473,-82.48979591836735,-1.6777088460019396
12.093975330254473,-82.07142857142857,-1.6777088460019396
12.093975330254473,-81.65306122448979,-1.6777088460019396
12.093975330254473,-81.23469387755102,-1.6777088460019396
12.093975330254473,-80.81632653061224,-1.6777088460019396
12.093975330254473,-80.39795918367346,-1.6777088460019396
12.093975330254473,-79.9795918367347,-1.6777088460019396
12.093975330254473,-79.56122448979592,-1.6777088460019396
12.093975330254473,-79.14285714285714,-1.6777088460019396
12.093975330254473,-78.72448979591837,-1.6777088460019396
12.093975330254473,-78.3061224489796,-1.6777088460019396
12.093976650243711,-77.88775510204081,-1.6777088460019396
12.093976650243711,-77.46938775510205,-1.6777088460019396
12.093976650243711,-77.05102040816327,-1.6777088460019396
12.093976650243711,-76.63265306122449,-1.6777088460019396
12.093976650243711,-76.21428571428571,-1.6777088460019396
12.093976650243711,-75.79591836734694,-1.6777088460019396
12.093976650243711,-75.37755102040816,-1.6777088460019396
12.093976650243711,-74.95918367346938,-1.6777088460019396
12.093976650243711,-74.54081632653062,-1.6777088460019396
12.093976650243711,-74.12244897959184,-1.6777088460019396
11.884348435775607,-73.70408163265306,-1.6777088460019396
11.884348435775607,-73.28571428571428,-1.6777088460019396
11.884348435775607,-72.86734693877551,-1.6777088460019396
11.884347908452904,-72.44897959183673,-1.6777088460019396
11.884347908452904,-72.03061224489795,-1.6777088460019396
11.884347908452904,-71.61224489795919,-1.6777088460019396
11.884347908452904,-71.1938775510204,-1.6777088460019396
11.884347908452904,-70.77551020408163,-1.6777088460019396
11.884347908452904,-70.35714285714286,-1.6777088460019396
11.884347908452904,-69.93877551020408,-1.6777088460019396
11.884347908452904,-69.5204081632653,-1.6777088460019396
11.884347908452904,-69.10204081632654,-1.6777088460019396
11.310717127133445,-68.68367346938776,-1.6777088460019396
11.310717127133445,-68.26530612244898,-1.6777088460019396
11.310717127133445,-67.84693877551021,-1.6777088460019396
11.310717127133445,-67.42857142857143,-1.6777088460019396
11.310717127133445,-67.01020408163265,-1.6777088460019396
11.310717127133445,-66.59183673469389,-1.6777088460019396
11.310717127133445,-66.1734693877551,-1.6777088460019396
11.310717127133445,-65.75510204081633,-1.6777088460019396
11.310717127133445,-65.33673469387755,-1.6777088460019396
11.310717127133445,-64.91836734693877,-1.6777088460019396
11.310717127133445,-64.5,-1.6777088460019396
12.093975330254473,-85,-1.6402942614296174
12.093975330254473,-84.58163265306122,-1.6402942614296174
12.093975330254473,-84.16326530612245,-1.6402942614296174
12.093975330254473,-83.74489795918367,-1.6402942614296174
12.093975330254473,-83.3265306122449,-1.6402942614296174
12.093975330254473,-82.90816326530613,-1.6402942614296174
12.093975330254473,-82.48979591836735,-1.6402942614296174
12.093975330254473,-82.07142857142857,-1.6402942614296174
12.093975330254473,-81.65306122448979,-1.6402942614296174
12.093975330254473,-81.23469387755102,-1.6402942614296174
12.093975330254473,-80.81632653061224,-1.6402942614296174
12.093975330254473,-80.39795918367346,-1.6402942614296174
12.093975330254473,-79.9795918367347,-1.6402942614296174
12.093975330254473,-79.56122448979592,-1.6402942614296174
12.093975330254473,-79.14285714285714,-1.6402942614296174
12.093975330254473,-78.72448979591837,-1.6402942614296174
12.093975330254473,-78.3061224489796,-1.6402942614296174
12.093976650243711,-77.88775510204081,-1.6402942614296174
12.093976650243711,-77.46938775510205,-1.6402942614296174
12.093976650243711,-77.05102040816327,-1.6402942614296174
12.093976650243711,-76.63265306122449,-1.6402942614296174
12.093976650243711,-76.21428571428571,-1.6402942614296174
12.093976650243711,-75.79591836734694,-1.6402942614296174
12.093976650243711,-75.37755102040816,-1.6402942614296174
12.093976650243711,-74.95918367346938,-1.6402942614296174
12.093976650243711,-74.54081632653062,-1.6402942614296174
12.093976650243711,-74.12244897959184,-1.6402942614296174
11.884348435775607,-73.70408163265306,-1.6402942614296174
11.884348435775607,-73.28571428571428,-1.6402942614296174
11.884348435775607,-72.86734693877551,-1.6402942614296174
11.884347908452904,-72.44897959183673,-1.6402942614296174
11.884347908452904,-72.03061224489795,-1.6402942614296174
11.884347908452904,-71.61224489795919,-1.6402942614296174
11.884347908452904,-71.1938775510204,-1.6402942614296174
11.884347908452904,-70.77551020408163,-1.6402942614296174
11.884347908452904,-70.35714285714286,-1.6402942614296174
11.884347908452904,-69.93877551020408,-1.6402942614296174
11.884347908452904,-69.5204081632653,-1.6402942614296174
11.884347908452904,-69.10204081632654,-1.6402942614296174
11.310717127133445,-68.68367346938776,-1.6402942614296174
11.310717127133445,-68.26530612244898,-1.6402942614296174
11.310717127133445,-67.84693877551021,-1.6402942614296174
11.310717127133445,-67.42857142857143,-1.6402942614296174
11.310717127133445,-67.01020408163265,-1.6402942614296174
11.310717127133445,-66.59183673469389,-1.6402942614296174
11.310717127133445,-66.1734693877551,-1.6402942614296174
11.310717127133445,-65.75510204081633,-1.6402942614296174
11.310717127133445,-65.33673469387755,-1.6402942614296174
11.310717127133445,-64.91836734693877,-1.6402942614296174
11.310717127133445,-64.5,-1.6402942614296174
12.093975330254473,-85,-1.602879676857295
12.093975330254473,-84.58163265306122,-1.602879676857295
12.093975330254473,-84.16326530612245,-1.602879676857295
12.093975330254473,-83.74489795918367,-1.602879676857295
12.093975330254473,-83.3265306122449,-1.602879676857295
12.093975330254473,-82.90816326530613,-1.602879676857295
12.093975330254473,-82.48979591836735,-1.602879676857295
12.093975330254473,-82.07142857142857,-1.602879676857295
12.093975330254473,-81.65306122448979,-1.602879676857295
12.093975330254473,-81.23469387755102,-1.602879676857295
12.093975330254473,-80.81632653061224,-1.602879676857295
12.093975330254473,-80.39795918367346,-1.602879676857295
12.093975330254473,-79.9795918367347,-1.602879676857295
12.093975330254473,-79.56122448979592,-1.602879676857295
12.093975330254473,-79.14285714285714,-1.602879676857295
12.093975330254473,-78.72448979591837,-1.602879676857295
12.093975330254473,-78.3061224489796,-1.602879676857295
12.093976650243711,-77.88775510204081,-1.602879676857295
12.093976650243711,-77.46938775510205,-1.602879676857295
12.093976650243711,-77.05102040816327,-1.602879676857295
12.093976650243711,-76.63265306122449,-1.602879676857295
12.093976650243711,-76.21428571428571,-1.602879676857295
12.093976650243711,-75.79591836734694,-1.602879676857295
12.093976650243711,-75.37755102040816,-1.602879676857295
12.093976650243711,-74.95918367346938,-1.602879676857295
12.093976650243711,-74.54081632653062,-1.602879676857295
12.093976650243711,-74.12244897959184,-1.602879676857295
11.884348435775607,-73.70408163265306,-1.602879676857295
11.884348435775607,-73.28571428571428,-1.602879676857295
11.884348435775607,-72.86734693877551,-1.602879676857295
11.884347908452904,-72.44897959183673,-1.602879676857295
11.884347908452904,-72.03061224489795,-1.602879676857295
11.884347908452904,-71.61224489795919,-1.602879676857295
11.884347908452904,-71.1938775510204,-1.602879676857295
11.884347908452904,-70.77551020408163,-1.602879676857295
11.884347908452904,-70.35714285714286,-1.602879676857295
11.884347908452904,-69.93877551020408,-1.602879676857295
11.884347908452904,-69.5204081632653,-1.602879676857295
11.884347908452904,-69.10204081632654,-1.602879676857295
11.310717127133445,-68.68367346938776,-1.602879676857295
11.310717127133445,-68.26530612244898,-1.602879676857295
11.310717127133445,-67.84693877551021,-1.602879676857295
11.310717127133445,-67.42857142857143,-1.602879676857295
11.310717127133445,-67.01020408163265,-1.602879676857295
11.310717127133445,-66.59183673469389,-1.602879676857295
11.310717127133445,-66.1734693877551,-1.602879676857295
11.310717127133445,-65.75510204081633,-1.602879676857295
11.310717127133445,-65.33673469387755,-1.602879676857295
11.310717127133445,-64.91836734693877,-1.602879676857295
11.310717127133445,-64.5,-1.602879676857295
12.093975330254473,-85,-1.5654650922849727
12.093975330254473,-84.58163265306122,-1.5654650922849727
12.093975330254473,-84.16326530612245,-1.5654650922849727
12.093975330254473,-83.74489795918367,-1.5654650922849727
12.093975330254473,-83.3265306122449,-1.5654650922849727
12.093975330254473,-82.90816326530613,-1.5654650922849727
12.093975330254473,-82.48979591836735,-1.5654650922849727
12.093975330254473,-82.07142857142857,-1.5654650922849727
12.093975330254473,-81.65306122448979,-1.5654650922849727
12.093975330254473,-81.23469387755102,-1.5654650922849727
12.093975330254473,-80.81632653061224,-1.5654650922849727
12.093975330254473,-80.39795918367346,-1.5654650922849727
12.093975330254473,-79.9795918367347,-1.5654650922849727
12.093975330254473,-79.56122448979592,-1.5654650922849727
12.093975330254473,-79.14285714285714,-1.5654650922849727
12.093975330254473,-78.72448979591837,-1.5654650922849727
12.093975330254473,-78.3061224489796,-1.5654650922849727
12.093976650243711,-77.88775510204081,-1.5654650922849727
12.093976650243711,-77.46938775510205,-1.5654650922849727
12.093976650243711,-77.05102040816327,-1.5654650922849727
12.093976650243711,-76.63265306122449,-1.5654650922849727
12.093976650243711,-76.21428571428571,-1.5654650922849727
12.093976650243711,-75.79591836734694,-1.5654650922849727
12.093976650243711,-75.37755102040816,-1.5654650922849727
12.093976650243711,-74.95918367346938,-1.5654650922849727
12.093976650243711,-74.54081632653062,-1.5654650922849727
12.093976650243711,-74.12244897959184,-1.5654650922849727
11.884348435775607,-73.70408163265306,-1.5654650922849727
11.884348435775607,-73.28571428571428,-1.5654650922849727
11.884348435775607,-72.86734693877551,-1.5654650922849727
11.884347908452904,-72.44897959183673,-1.5654650922849727
11.884347908452904,-72.03061224489795,-1.5654650922849727
11.884347908452904,-71.61224489795919,-1.5654650922849727
11.884347908452904,-71.1938775510204,-1.5654650922849727
11.884347908452904,-70.77551020408163,-1.5654650922849727
11.884347908452904,-70.35714285714286,-1.5654650922849727
11.884347908452904,-69.93877551020408,-1.5654650922849727
11.884347908452904,-69.5204081632653,-1.5654650922849727
11.884347908452904,-69.10204081632654,-1.5654650922849727
11.310717127133445,-68.68367346938776,-1.5654650922849727
11.310717127133445,-68.26530612244898,-1.5654650922849727
11.310717127133445,-67.84693877551021,-1.5654650922849727
11.310717127133445,-67.42857142857143,-1.5654650922849727
11.310717127133445,-67.01020408163265,-1.5654650922849727
11.310717127133445,-66.59183673469389,-1.5654650922849727
11.310717127133445,-66.1734693877551,-1.5654650922849727
11.310717127133445,-65.75510204081633,-1.5654650922849727
11.310717127133445,-65.33673469387755,-1.5654650922849727
11.310717127133445,-64.91836734693877,-1.5654650922849727
11.310717127133445,-64.5,-1.5654650922849727
12.093975330254473,-85,-1.5280505077126503
12.093975330254473,-84.58163265306122,-1.5280505077126503
12.093975330254473,-84.16326530612245,-1.5280505077126503
12.093975330254473,-83.74489795918367,-1.5280505077126503
12.093975330254473,-83.3265306122449,-1.5280505077126503
12.093975330254473,-82.90816326530613,-1.5280505077126503
12.093975330254473,-82.48979591836735,-1.5280505077126503
12.093975330254473,-82.07142857142857,-1.5280505077126503
12.093975330254473,-81.65306122448979,-1.5280505077126503
12.093975330254473,-81.23469387755102,-1.5280505077126503
12.093975330254473,-80.81632653061224,-1.5280505077126503
12.093975330254473,-80.39795918367346,-1.5280505077126503
12.093975330254473,-79.9795918367347,-1.5280505077126503
12.093975330254473,-79.56122448979592,-1.5280505077126503
12.093975330254473,-79.14285714285714,-1.5280505077126503
12.093975330254473,-78.72448979591837,-1.5280505077126503
12.093975330254473,-78.3061224489796,-1.5280505077126503
12.093976650243711,-77.88775510204081,-1.5280505077126503
12.093976650243711,-77.46938775510205,-1.5280505077126503
12.093976650243711,-77.05102040816327,-1.5280505077126503
12.093976650243711,-76.63265306122449,-1.5280505077126503
12.093976650243711,-76.21428571428571,-1.5280505077126503
12.093976650243711,-75.79591836734694,-1.5280505077126503
12.093976650243711,-75.37755102040816,-1.5280505077126503
12.093976650243711,-74.95918367346938,-1.5280505077126503
12.093976650243711,-74.54081632653062,-1.5280505077126503
12.093976650243711,-74.12244897959184,-1.5280505077126503
11.884348435775607,-73.70408163265306,-1.5280505077126503
11.884348435775607,-73.28571428571428,-1.5280505077126503
11.884348435775607,-72.86734693877551,-1.5280505077126503
11.884347908452904,-72.44897959183673,-1.5280505077126503
11.884347908452904,-72.03061224489795,-1.5280505077126503
11.884347908452904,-71.61224489795919,-1.5280505077126503
11.884347908452904,-71.1938775510204,-1.5280505077126503
11.884347908452904,-70.77551020408163,-1.5280505077126503
11.884347908452904,-70.35714285714286,-1.5280505077126503
11.884347908452904,-69.93877551020408,-1.5280505077126503
11.884347908452904,-69.5204081632653,-1.5280505077126503
11.884347908452904,-69.10204081632654,-1.5280505077126503
11.310717127133445,-68.68367346938776,-1.5280505077126503
11.310717127133445,-68.26530612244898,-1.5280505077126503
11.310717127133445,-67.84693877551021,-1.5280505077126503
11.310717127133445,-67.42857142857143,-1.5280505077126503
11.310717127133445,-67.01020408163265,-1.5280505077126503
11.310717127133445,-66.59183673469389,-1.5280505077126503
11.310717127133445,-66.1734693877551,-1.5280505077126503
11.310717127133445,-65.75510204081633,-1.5280505077126503
11.310717127133445,-65.33673469387755,-1.5280505077126503
11.310717127133445,-64.91836734693877,-1.5280505077126503
11.310717127133445,-64.5,-1.5280505077126503
12.093975330254473,-85,-1.490635923140328
12.093975330254473,-84.58163265306122,-1.490635923140328
12.093975330254473,-84.16326530612245,-1.490635923140328
12.093975330254473,-83.74489795918367,-1.490635923140328
12.093975330254473,-83.3265306122449,-1.490635923140328
12.093975330254473,-82.90816326530613,-1.490635923140328
12.093975330254473,-82.48979591836735,-1.490635923140328
12.093975330254473,-82.07142857142857,-1.490635923140328
12.093975330254473,-81.65306122448979,-1.490635923140328
12.093975330254473,-81.23469387755102,-1.490635923140328
12.093975330254473,-80.81632653061224,-1.490635923140328
12.093975330254473,-80.39795918367346,-1.490635923140328
12.093975330254473,-79.9795918367347,-1.490635923140328
12.093975330254473,-79.56122448979592,-1.490635923140328
12.093975330254473,-79.14285714285714,-1.490635923140328
12.093975330254473,-78.72448979591837,-1.490635923140328
12.093975330254473,-78.3061224489796,-1.490635923140328
12.093976650243711,-77.88775510204081,-1.490635923140328
12.093976650243711,-77.46938775510205,-1.490635923140328
12.093976650243711,-77.05102040816327,-1.490635923140328
12.093976650243711,-76.63265306122449,-1.490635923140328
12.093976650243711,-76.21428571428571,-1.490635923140328
12.093976650243711,-75.79591836734694,-1.490635923140328
12.093976650243711,-75.37755102040816,-1.490635923140328
12.093976650243711,-74.95918367346938,-1.490635923140328
12.093976650243711,-74.54081632653062,-1.490635923140328
12.093976650243711,-74.12244897959184,-1.490635923140328
11.884348435775607,-73.70408163265306,-1.490635923140328
11.884348435775607,-73.28571428571428,-1.490635923140328
11.884348435775607,-72.86734693877551,-1.490635923140328
11.884347908452904,-72.44897959183673,-1.490635923140328
11.884347908452904,-72.03061224489795,-1.490635923140328
11.884347908452904,-71.61224489795919,-1.490635923140328
11.884347908452904,-71.1938775510204,-1.490635923140328
11.884347908452904,-70.77551020408163,-1.490635923140328
11.884347908452904,-70.35714285714286,-1.490635923140328
11.884347908452904,-69.93877551020408,-1.490635923140328
11.884347908452904,-69.5204081632653,-1.490635923140328
11.884347908452904,-69.10204081632654,-1.490635923140328
11.310717127133445,-68.68367346938776,-1.490635923140328
11.310717127133445,-68.26530612244898,-1.490635923140328
11.310717127133445,-67.84693877551021,-1.490635923140328
11.310717127133445,-67.42857142857143,-1.490635923140328
11.310717127133445,-67.01020408163265,-1.490635923140328
11.310717127133445,-66.59183673469389,-1.490635923140328
11.310717127133445,-66.1734693877551,-1.490635923140328
11.310717127133445,-65.75510204081633,-1.490635923140328
11.310717127133445,-65.33673469387755,-1.490635923140328
11.310717127133445,-64.91836734693877,-1.490635923140328
11.310717127133445,-64.5,-1.490635923140328
12.093975330254473,-85,-1.4532213385680055
12.093975330254473,-84.58163265306122,-1.4532213385680055
12.093975330254473,-84.16326530612245,-1.4532213385680055
12.093975330254473,-83.74489795918367,-1.4532213385680055
12.093975330254473,-83.3265306122449,-1.4532213385680055
12.093975330254473,-82.90816326530613,-1.4532213385680055
12.093975330254473,-82.48979591836735,-1.4532213385680055
12.093975330254473,-82.07142857142857,-1.4532213385680055
12.093975330254473,-81.65306122448979,-1.4532213385680055
12.093975330254473,-81.23469387755102,-1.4532213385680055
12.093975330254473,-80.81632653061224,-1.4532213385680055
12.093975330254473,-80.39795918367346,-1.4532213385680055
12.093975330254473,-79.9795918367347,-1.4532213385680055
12.093975330254473,-79.56122448979592,-1.4532213385680055
12.093975330254473,-79.14285714285714,-1.4532213385680055
12.093975330254473,-78.72448979591837,-1.4532213385680055
12.093975330254473,-78.3061224489796,-1.4532213385680055
12.093976650243711,-77.88775510204081,-1.4532213385680055
12.093976650243711,-77.46938775510205,-1.4532213385680055
12.093976650243711,-77.05102040816327,-1.4532213385680055
12.093976650243711,-76.63265306122449,-1.4532213385680055
12.093976650243711,-76.21428571428571,-1.4532213385680055
12.093976650243711,-75.79591836734694,-1.4532213385680055
12.093976650243711,-75.37755102040816,-1.4532213385680055
12.093976650243711,-74.95918367346938,-1.4532213385680055
12.093976650243711,-74.54081632653062,-1.4532213385680055
12.093976650243711,-74.12244897959184,-1.4532213385680055
11.884348435775607,-73.70408163265306,-1.4532213385680055
11.884348435775607,-73.28571428571428,-1.4532213385680055
11.884348435775607,-72.86734693877551,-1.4532213385680055
11.884347908452904,-72.44897959183673,-1.4532213385680055
11.884347908452904,-72.03061224489795,-1.4532213385680055
11.884347908452904,-71.61224489795919,-1.4532213385680055
11.884347908452904,-71.1938775510204,-1.4532213385680055
11.884347908452904,-70.77551020408163,-1.4532213385680055
11.884347908452904,-70.35714285714286,-1.4532213385680055
11.884347908452904,-69.93877551020408,-1.4532213385680055
11.884347908452904,-69.5204081632653,-1.4532213385680055
11.884347908452904,-69.10204081632654,-1.4532213385680055
11.310717127133445,-68.68367346938776,-1.4532213385680055
11.310717127133445,-68.26530612244898,-1.4532213385680055
11.310717127133445,-67.84693877551021,-1.4532213385680055
11.310717127133445,-67.42857142857143,-1.4532213385680055
11.310717127133445,-67.01020408163265,-1.4532213385680055
11.310717127133445,-66.59183673469389,-1.4532213385680055
11.310717127133445,-66.1734693877551,-1.4532213385680055
11.310717127133445,-65.75510204081633,-1.4532213385680055
11.310717127133445,-65.33673469387755,-1.4532213385680055
11.310717127133445,-64.91836734693877,-1.4532213385680055
11.310717127133445,-64.5,-1.4532213385680055
12.093975330254473,-85,-1.4158067539956831
12.093975330254473,-84.58163265306122,-1.4158067539956831
12.093975330254473,-84.16326530612245,-1.4158067539956831
12.093975330254473,-83.74489795918367,-1.4158067539956831
12.093975330254473,-83.3265306122449,-1.4158067539956831
12.093975330254473,-82.90816326530613,-1.4158067539956831
12.093975330254473,-82.48979591836735,-1.4158067539956831
12.093975330254473,-82.07142857142857,-1.4158067539956831
12.093975330254473,-81.65306122448979,-1.4158067539956831
12.093975330254473,-81.23469387755102,-1.4158067539956831
12.093975330254473,-80.81632653061224,-1.4158067539956831
12.093975330254473,-80.39795918367346,-1.4158067539956831
12.093975330254473,-79.9795918367347,-1.4158067539956831
12.093975330254473,-79.56122448979592,-1.4158067539956831
12.093975330254473,-79.14285714285714,-1.4158067539956831
12.093975330254473,-78.72448979591837,-1.4158067539956831
12.093975330254473,-78.3061224489796,-1.4158067539956831
12.093976650243711,-77.88775510204081,-1.4158067539956831
12.093976650243711,-77.46938775510205,-1.4158067539956831
12.093976650243711,-77.05102040816327,-1.4158067539956831
12.093976650243711,-76.63265306122449,-1.4158067539956831
12.093976650243711,-76.21428571428571,-1.4158067539956831
12.093976650243711,-75.79591836734694,-1.4158067539956831
12.093976650243711,-75.37755102040816,-1.4158067539956831
12.093976650243711,-74.95918367346938,-1.4158067539956831
12.093976650243711,-74.54081632653062,-1.4158067539956831
12.093976650243711,-74.12244897959184,-1.4158067539956831
11.884348435775607,-73.70408163265306,-1.4158067539956831
11.884348435775607,-73.28571428571428,-1.4158067539956831
11.884348435775607,-72.86734693877551,-1.4158067539956831
11.884347908452904,-72.44897959183673,-1.4158067539956831
11.884347908452904,-72.03061224489795,-1.4158067539956831
11.884347908452904,-71.61224489795919,-1.4158067539956831
11.884347908452904,-71.1938775510204,-1.4158067539956831
11.884347908452904,-70.77551020408163,-1.4158067539956831
11.884347908452904,-70.35714285714286,-1.4158067539956831
11.884347908452904,-69.93877551020408,-1.4158067539956831
11.884347908452904,-69.5204081632653,-1.4158067539956831
11.884347908452904,-69.10204081632654,-1.4158067539956831
11.310717127133445,-68.68367346938776,-1.4158067539956831
11.310717127133445,-68.26530612244898,-1.4158067539956831
11.310717127133445,-67.84693877551021,-1.4158067539956831
11.310717127133445,-67.42857142857143,-1.4158067539956831
11.310717127133445,-67.01020408163265,-1.4158067539956831
11.310717127133445,-66.59183673469389,-1.4158067539956831
11.310717127133445,-66.1734693877551,-1.4158067539956831
11.310717127133445,-65.75510204081633,-1.4158067539956831
11.310717127133445,-65.33673469387755,-1.4158067539956831
11.310717127133445,-64.91836734693877,-1.4158067539956831
11.310717127133445,-64.5,-1.4158067539956831
12.093975330254473,-85,-1.3783921694233607
12.093975330254473,-84.58163265306122,-1.3783921694233607
12.093975330254473,-84.16326530612245,-1.3783921694233607
12.093975330254473,-83.74489795918367,-1.3783921694233607
12.093975330254473,-83.3265306122449,-1.3783921694233607
12.093975330254473,-82.90816326530613,-1.3783921694233607
12.093975330254473,-82.48979591836735,-1.3783921694233607
12.093975330254473,-82.07142857142857,-1.3783921694233607
12.093975330254473,-81.65306122448979,-1.3783921694233607
12.093975330254473,-81.23469387755102,-1.3783921694233607
12.093975330254473,-80.81632653061224,-1.3783921694233607
12.093975330254473,-80.39795918367346,-1.3783921694233607
12.093975330254473,-79.9795918367347,-1.3783921694233607
12.093975330254473,-79.56122448979592,-1.3783921694233607
12.093975330254473,-79.14285714285714,-1.3783921694233607
12.093975330254473,-78.72448979591837,-1.3783921694233607
12.093975330254473,-78.3061224489796,-1.3783921694233607
12.093976650243711,-77.88775510204081,-1.3783921694233607
12.093976650243711,-77.46938775510205,-1.3783921694233607
12.093976650243711,-77.05102040816327,-1.3783921694233607
12.093976650243711,-76.63265306122449,-1.3783921694233607
12.093976650243711,-76.21428571428571,-1.3783921694233607
12.093976650243711,-75.79591836734694,-1.3783921694233607
12.093976650243711,-75.37755102040816,-1.3783921694233607
12.093976650243711,-74.95918367346938,-1.3783921694233607
12.093976650243711,-74.54081632653062,-1.3783921694233607
12.093976650243711,-74.12244897959184,-1.3783921694233607
11.884348435775607,-73.70408163265306,-1.3783921694233607
11.884348435775607,-73.28571428571428,-1.3783921694233607
11.884348435775607,-72.86734693877551,-1.3783921694233607
11.884347908452904,-72.44897959183673,-1.3783921694233607
11.884347908452904,-72.03061224489795,-1.3783921694233607
11.884347908452904,-71.61224489795919,-1.3783921694233607
11.884347908452904,-71.1938775510204,-1.3783921694233607
11.884347908452904,-70.77551020408163,-1.3783921694233607
11.884347908452904,-70.35714285714286,-1.3783921694233607
11.884347908452904,-69.93877551020408,-1.3783921694233607
11.884347908452904,-69.5204081632653,-1.3783921694233607
11.884347908452904,-69.10204081632654,-1.3783921694233607
11.310717127133445,-68.68367346938776,-1.3783921694233607
11.310717127133445,-68.26530612244898,-1.3783921694233607
11.310717127133445,-67.84693877551021,-1.3783921694233607
11.310717127133445,-67.42857142857143,-1.3783921694233607
11.310717127133445,-67.01020408163265,-1.3783921694233607
11.310717127133445,-66.59183673469389,-1.3783921694233607
11.310717127133445,-66.1734693877551,-1.3783921694233607
11.310717127133445,-65.75510204081633,-1.3783921694233607
11.310717127133445,-65.33673469387755,-1.3783921694233607
11.310717127133445,-64.91836734693877,-1.3783921694233607
11.310717127133445,-64.5,-1.3783921694233607
12.093975330254473,-85,-1.3409775848510384
12.093975330254473,-84.58163265306122,-1.3409775848510384
12.093975330254473,-84.16326530612245,-1.3409775848510384
12.093975330254473,-83.74489795918367,-1.3409775848510384
12.093975330254473,-83.3265306122449,-1.3409775848510384
12.093975330254473,-82.90816326530613,-1.3409775848510384
12.093975330254473,-82.48979591836735,-1.3409775848510384
12.093975330254473,-82.07142857142857,-1.3409775848510384
12.093975330254473,-81.65306122448979,-1.3409775848510384
12.093975330254473,-81.23469387755102,-1.3409775848510384
12.093975330254473,-80.81632653061224,-1.3409775848510384
12.093975330254473,-80.39795918367346,-1.3409775848510384
12.093975330254473,-79.9795918367347,-1.3409775848510384
12.093975330254473,-79.56122448979592,-1.3409775848510384
12.093975330254473,-79.14285714285714,-1.3409775848510384
12.093975330254473,-78.72448979591837,-1.3409775848510384
12.093975330254473,-78.3061224489796,-1.3409775848510384
12.093976650243711,-77.88775510204081,-1.3409775848510384
12.093976650243711,-77.46938775510205,-1.3409775848510384
12.093976650243711,-77.05102040816327,-1.3409775848510384
12.093976650243711,-76.63265306122449,-1.3409775848510384
12.093976650243711,-76.21428571428571,-1.3409775848510384
12.093976650243711,-75.79591836734694,-1.3409775848510384
12.093976650243711,-75.37755102040816,-1.3409775848510384
12.093976650243711,-74.95918367346938,-1.3409775848510384
12.093976650243711,-74.54081632653062,-1.3409775848510384
12.093976650243711,-74.12244897959184,-1.3409775848510384
11.884348435775607,-73.70408163265306,-1.3409775848510384
11.884348435775607,-73.28571428571428,-1.3409775848510384
11.884348435775607,-72.86734693877551,-1.3409775848510384
11.884347908452904,-72.44897959183673,-1.3409775848510384
11.884347908452904,-72.03061224489795,-1.3409775848510384
11.884347908452904,-71.61224489795919,-1.3409775848510384
11.884347908452904,-71.1938775510204,-1.3409775848510384
11.884347908452904,-70.77551020408163,-1.3409775848510384
11.884347908452904,-70.35714285714286,-1.3409775848510384
11.884347908452904,-69.93877551020408,-1.3409775848510384
11.884347908452904,-69.5204081632653,-1.3409775848510384
11.884347908452904,-69.10204081632654,-1.3409775848510384
11.310717127133445,-68.68367346938776,-1.3409775848510384
11.310717127133445,-68.26530612244898,-1.3409775848510384
11.310717127133445,-67.84693877551021,-1.3409775848510384
11.310717127133445,-67.42857142857143,-1.3409775848510384
11.310717127133445,-67.01020408163265,-1.3409775848510384
11.310717127133445,-66.59183673469389,-1.3409775848510384
11.310717127133445,-66.1734693877551,-1.3409775848510384
11.310717127133445,-65.75510204081633,-1.3409775848510384
11.310717127133445,-65.33673469387755,-1.3409775848510384
11.310717127133445,-64.91836734693877,-1.3409775848510384
11.310717127133445,-64.5,-1.3409775848510384
12.093975330254473,-85,-1.3035630002787162
12.093975330254473,-84.58163265306122,-1.3035630002787162
12.093975330254473,-84.16326530612245,-1.3035630002787162
12.093975330254473,-83.74489795918367,-1.3035630002787162
12.093975330254473,-83.3265306122449,-1.3035630002787162
12.093975330254473,-82.90816326530613,-1.3035630002787162
12.093975330254473,-82.48979591836735,-1.3035630002787162
12.093975330254473,-82.07142857142857,-1.3035630002787162
12.093975330254473,-81.65306122448979,-1.3035630002787162
12.093975330254473,-81.23469387755102,-1.3035630002787162
12.093975330254473,-80.81632653061224,-1.3035630002787162
12.093975330254473,-80.39795918367346,-1.3035630002787162
12.093975330254473,-79.9795918367347,-1.3035630002787162
12.093975330254473,-79.56122448979592,-1.3035630002787162
12.093975330254473,-79.14285714285714,-1.3035630002787162
12.093975330254473,-78.72448979591837,-1.3035630002787162
12.093975330254473,-78.3061224489796,-1.3035630002787162
12.093976650243711,-77.88775510204081,-1.3035630002787162
12.093976650243711,-77.46938775510205,-1.3035630002787162
12.093976650243711,-77.05102040816327,-1.3035630002787162
12.093976650243711,-76.63265306122449,-1.3035630002787162
12.093976650243711,-76.21428571428571,-1.3035630002787162
12.093976650243711,-75.79591836734694,-1.3035630002787162
12.093976650243711,-75.37755102040816,-1.3035630002787162
12.093976650243711,-74.95918367346938,-1.3035630002787162
12.093976650243711,-74.54081632653062,-1.3035630002787162
12.093976650243711,-74.12244897959184,-1.3035630002787162
11.884348435775607,-73.70408163265306,-1.3035630002787162
11.884348435775607,-73.28571428571428,-1.3035630002787162
11.884348435775607,-72.86734693877551,-1.3035630002787162
11.884347908452904,-72.44897959183673,-1.3035630002787162
11.884347908452904,-72.03061224489795,-1.3035630002787162
11.884347908452904,-71.61224489795919,-1.3035630002787162
11.884347908452904,-71.1938775510204,-1.3035630002787162
11.884347908452904,-70.77551020408163,-1.3035630002787162
11.884347908452904,-70.35714285714286,-1.3035630002787162
11.884347908452904,-69.93877551020408,-1.3035630002787162
11.884347908452904,-69.5204081632653,-1.3035630002787162
11.884347908452904,-69.10204081632654,-1.3035630002787162
11.310717127133445,-68.68367346938776,-1.3035630002787162
11.310717127133445,-68.26530612244898,-1.3035630002787162
11.310717127133445,-67.84693877551021,-1.3035630002787162
11.310717127133445,-67.42857142857143,-1.3035630002787162
11.310717127133445,-67.01020408163265,-1.3035630002787162
11.310717127133445,-66.59183673469389,-1.3035630002787162
11.310717127133445,-66.1734693877551,-1.3035630002787162
11.310717127133445,-65.75510204081633,-1.3035630002787162
11.310717127133445,-65.33673469387755,-1.3035630002787162
11.310717127133445,-64.91836734693877,-1.3035630002787162
11.310717127133445,-64.5,-1.3035630002787162
12.093975330254473,-85,-1.2661484157063936
12.093975330254473,-84.58163265306122,-1.2661484157063936
12.093975330254473,-84.16326530612245,-1.2661484157063936
12.093975330254473,-83.74489795918367,-1.2661484157063936
12.093975330254473,-83.3265306122449,-1.2661484157063936
12.093975330254473,-82.90816326530613,-1.2661484157063936
12.093975330254473,-82.48979591836735,-1.2661484157063936
12.093975330254473,-82.07142857142857,-1.2661484157063936
12.093975330254473,-81.65306122448979,-1.2661484157063936
12.093975330254473,-81.23469387755102,-1.2661484157063936
12.093975330254473,-80.81632653061224,-1.2661484157063936
12.093975330254473,-80.39795918367346,-1.2661484157063936
12.093975330254473,-79.9795918367347,-1.2661484157063936
12.093975330254473,-79.56122448979592,-1.2661484157063936
12.093975330254473,-79.14285714285714,-1.2661484157063936
12.093975330254473,-78.72448979591837,-1.2661484157063936
12.093975330254473,-78.3061224489796,-1.2661484157063936
12.093976650243711,-77.88775510204081,-1.2661484157063936
12.093976650243711,-77.46938775510205,-1.2661484157063936
12.093976650243711,-77.05102040816327,-1.2661484157063936
12.093976650243711,-76.63265306122449,-1.2661484157063936
12.093976650243711,-76.21428571428571,-1.2661484157063936
12.093976650243711,-75.79591836734694,-1.2661484157063936
12.093976650243711,-75.37755102040816,-1.2661484157063936
12.093976650243711,-74.95918367346938,-1.2661484157063936
12.093976650243711,-74.54081632653062,-1.2661484157063936
12.093976650243711,-74.12244897959184,-1.2661484157063936
11.884348435775607,-73.70408163265306,-1.2661484157063936
11.884348435775607,-73.28571428571428,-1.2661484157063936
11.884348435775607,-72.86734693877551,-1.2661484157063936
11.884347908452904,-72.44897959183673,-1.2661484157063936
11.884347908452904,-72.03061224489795,-1.2661484157063936
11.884347908452904,-71.61224489795919,-1.2661484157063936
11.884347908452904,-71.1938775510204,-1.2661484157063936
11.884347908452904,-70.77551020408163,-1.2661484157063936
11.884347908452904,-70.35714285714286,-1.2661484157063936
11.884347908452904,-69.93877551020408,-1.2661484157063936
11.884347908452904,-69.5204081632653,-1.2661484157063936
11.884347908452904,-69.10204081632654,-1.2661484157063936
11.310717127133445,-68.68367346938776,-1.2661484157063936
11.310717127133445,-68.26530612244898,-1.2661484157063936
11.310717127133445,-67.84693877551021,-1.2661484157063936
11.310717127133445,-67.42857142857143,-1.2661484157063936
11.310717127133445,-67.01020408163265,-1.2661484157063936
11.310717127133445,-66.59183673469389,-1.2661484157063936
11.310717127133445,-66.1734693877551,-1.2661484157063936
11.310717127133445,-65.75510204081633,-1.2661484157063936
11.310717127133445,-65.33673469387755,-1.2661484157063936
11.310717127133445,-64.91836734693877,-1.2661484157063936
11.310717127133445,-64.5,-1.2661484157063936
12.093975330254473,-85,-1.2287338311340714
12.093975330254473,-84.58163265306122,-1.2287338311340714
12.093975330254473,-84.16326530612245,-1.2287338311340714
12.093975330254473,-83.74489795918367,-1.2287338311340714
12.093975330254473,-83.3265306122449,-1.2287338311340714
12.093975330254473,-82.90816326530613,-1.2287338311340714
12.093975330254473,-82.48979591836735,-1.2287338311340714
12.093975330254473,-82.07142857142857,-1.2287338311340714
12.093975330254473,-81.65306122448979,-1.2287338311340714
12.093975330254473,-81.23469387755102,-1.2287338311340714
12.093975330254473,-80.81632653061224,-1.2287338311340714
12.093975330254473,-80.39795918367346,-1.2287338311340714
12.093975330254473,-79.9795918367347,-1.2287338311340714
12.093975330254473,-79.56122448979592,-1.2287338311340714
12.093975330254473,-79.14285714285714,-1.2287338311340714
12.093975330254473,-78.72448979591837,-1.2287338311340714
12.093975330254473,-78.3061224489796,-1.2287338311340714
12.093976650243711,-77.88775510204081,-1.2287338311340714
12.093976650243711,-77.46938775510205,-1.2287338311340714
12.093976650243711,-77.05102040816327,-1.2287338311340714
12.093976650243711,-76.63265306122449,-1.2287338311340714
12.093976650243711,-76.21428571428571,-1.2287338311340714
12.093976650243711,-75.79591836734694,-1.2287338311340714
12.093976650243711,-75.37755102040816,-1.2287338311340714
12.093976650243711,-74.95918367346938,-1.2287338311340714
12.093976650243711,-74.54081632653062,-1.2287338311340714
12.093976650243711,-74.12244897959184,-1.2287338311340714
11.884348435775607,-73.70408163265306,-1.2287338311340714
11.884348435775607,-73.28571428571428,-1.2287338311340714
11.884348435775607,-72.86734693877551,-1.2287338311340714
11.884347908452904,-72.44897959183673,-1.2287338311340714
11.884347908452904,-72.03061224489795,-1.2287338311340714
11.884347908452904,-71.61224489795919,-1.2287338311340714
11.884347908452904,-71.1938775510204,-1.2287338311340714
11.884347908452904,-70.77551020408163,-1.2287338311340714
11.884347908452904,-70.35714285714286,-1.2287338311340714
11.884347908452904,-69.93877551020408,-1.2287338311340714
11.884347908452904,-69.5204081632653,-1.2287338311340714
11.884347908452904,-69.10204081632654,-1.2287338311340714
11.310717127133445,-68.68367346938776,-1.2287338311340714
11.310717127133445,-68.26530612244898,-1.2287338311340714
11.310717127133445,-67.84693877551021,-1.2287338311340714
11.310717127133445,-67.42857142857143,-1.2287338311340714
11.310717127133445,-67.01020408163265,-1.2287338311340714
11.310717127133445,-66.59183673469389,-1.2287338311340714
11.310717127133445,-66.1734693877551,-1.2287338311340714
11.310717127133445,-65.75510204081633,-1.2287338311340714
11.310717127133445,-65.33673469387755,-1.2287338311340714
11.310717127133445,-64.91836734693877,-1.2287338311340714
11.310717127133445,-64.5,-1.2287338311340714
12.093975330254473,-85,-1.1913192465617488
12.093975330254473,-84.58163265306122,-1.1913192465617488
12.093975330254473,-84.16326530612245,-1.1913192465617488
12.093975330254473,-83.74489795918367,-1.1913192465617488
12.093975330254473,-83.3265306122449,-1.1913192465617488
12.093975330254473,-82.90816326530613,-1.1913192465617488
12.093975330254473,-82.48979591836735,-1.1913192465617488
12.093975330254473,-82.07142857142857,-1.1913192465617488
12.093975330254473,-81.65306122448979,-1.1913192465617488
12.093975330254473,-81.23469387755102,-1.1913192465617488
12.093975330254473,-80.81632653061224,-1.1913192465617488
12.093975330254473,-80.39795918367346,-1.1913192465617488
12.093975330254473,-79.9795918367347,-1.1913192465617488
12.093975330254473,-79.56122448979592,-1.1913192465617488
12.093975330254473,-79.14285714285714,-1.1913192465617488
12.093975330254473,-78.72448979591837,-1.1913192465617488
12.093975330254473,-78.3061224489796,-1.1913192465617488
12.093976650243711,-77.88775510204081,-1.1913192465617488
12.093976650243711,-77.46938775510205,-1.1913192465617488
12.093976650243711,-77.05102040816327,-1.1913192465617488
12.093976650243711,-76.63265306122449,-1.1913192465617488
12.093976650243711,-76.21428571428571,-1.1913192465617488
12.093976650243711,-75.79591836734694,-1.1913192465617488
12.093976650243711,-75.37755102040816,-1.1913192465617488
12.093976650243711,-74.95918367346938,-1.1913192465617488
12.093976650243711,-74.54081632653062,-1.1913192465617488
12.093976650243711,-74.12244897959184,-1.1913192465617488
11.884348435775607,-73.70408163265306,-1.1913192465617488
11.884348435775607,-73.28571428571428,-1.1913192465617488
11.884348435775607,-72.86734693877551,-1.1913192465617488
11.884347908452904,-72.44897959183673,-1.1913192465617488
11.884347908452904,-72.03061224489795,-1.1913192465617488
11.884347908452904,-71.61224489795919,-1.1913192465617488
11.884347908452904,-71.1938775510204,-1.1913192465617488
11.884347908452904,-70.77551020408163,-1.1913192465617488
11.884347908452904,-70.35714285714286,-1.1913192465617488
11.884347908452904,-69.93877551020408,-1.1913192465617488
11.884347908452904,-69.5204081632653,-1.1913192465617488
11.884347908452904,-69.10204081632654,-1.1913192465617488
11.310717127133445,-68.68367346938776,-1.1913192465617488
11.310717127133445,-68.26530612244898,-1.1913192465617488
11.310717127133445,-67.84693877551021,-1.1913192465617488
11.310717127133445,-67.42857142857143,-1.1913192465617488
11.310717127133445,-67.01020408163265,-1.1913192465617488
11.310717127133445,-66.59183673469389,-1.1913192465617488
11.310717127133445,-66.1734693877551,-1.1913192465617488
11.310717127133445,-65.75510204081633,-1.1913192465617488
11.310717127133445,-65.33673469387755,-1.1913192465617488
11.310717127133445,-64.91836734693877,-1.1913192465617488
11.310717127133445,-64.5,-1.1913192465617488
12.093975330254473,-85,-1.1539046619894266
12.093975330254473,-84.58163265306122,-1.1539046619894266
12.093975330254473,-84.16326530612245,-1.1539046619894266
12.093975330254473,-83.74489795918367,-1.1539046619894266
12.093975330254473,-83.3265306122449,-1.1539046619894266
12.093975330254473,-82.90816326530613,-1.1539046619894266
12.093975330254473,-82.48979591836735,-1.1539046619894266
12.093975330254473,-82.07142857142857,-1.1539046619894266
12.093975330254473,-81.65306122448979,-1.1539046619894266
12.093975330254473,-81.23469387755102,-1.1539046619894266
12.093975330254473,-80.81632653061224,-1.1539046619894266
12.093975330254473,-80.39795918367346,-1.1539046619894266
12.093975330254473,-79.9795918367347,-1.1539046619894266
12.093975330254473,-79.56122448979592,-1.1539046619894266
12.093975330254473,-79.14285714285714,-1.1539046619894266
12.093975330254473,-78.72448979591837,-1.1539046619894266
12.093975330254473,-78.3061224489796,-1.1539046619894266
12.093976650243711,-77.88775510204081,-1.1539046619894266
12.093976650243711,-77.46938775510205,-1.1539046619894266
12.093976650243711,-77.05102040816327,-1.1539046619894266
12.093976650243711,-76.63265306122449,-1.1539046619894266
12.093976650243711,-76.21428571428571,-1.1539046619894266
12.093976650243711,-75.79591836734694,-1.1539046619894266
12.093976650243711,-75.37755102040816,-1.1539046619894266
12.093976650243711,-74.95918367346938,-1.1539046619894266
12.093976650243711,-74.54081632653062,-1.1539046619894266
12.093976650243711,-74.12244897959184,-1.1539046619894266
11.884348435775607,-73.70408163265306,-1.1539046619894266
11.884348435775607,-73.28571428571428,-1.1539046619894266
11.884348435775607,-72.86734693877551,-1.1539046619894266
11.884347908452904,-72.44897959183673,-1.1539046619894266
11.884347908452904,-72.03061224489795,-1.1539046619894266
11.884347908452904,-71.61224489795919,-1.1539046619894266
11.884347908452904,-71.1938775510204,-1.1539046619894266
11.884347908452904,-70.77551020408163,-1.1539046619894266
11.884347908452904,-70.35714285714286,-1.1539046619894266
11.884347908452904,-69.93877551020408,-1.1539046619894266
11.884347908452904,-69.5204081632653,-1.1539046619894266
11.884347908452904,-69.10204081632654,-1.1539046619894266
11.310717127133445,-68.68367346938776,-1.1539046619894266
11.310717127133445,-68.26530612244898,-1.1539046619894266
11.310717127133445,-67.84693877551021,-1.1539046619894266
11.310717127133445,-67.42857142857143,-1.1539046619894266
11.310717127133445,-67.01020408163265,-1.1539046619894266
11.310717127133445,-66.59183673469389,-1.1539046619894266
11.310717127133445,-66.1734693877551,-1.1539046619894266
11.310717127133445,-65.75510204081633,-1.1539046619894266
11.310717127133445,-65.33673469387755,-1.1539046619894266
11.310717127133445,-64.91836734693877,-1.1539046619894266
11.310717127133445,-64.5,-1.1539046619894266
12.093975330254473,-85,-1.1164900774171043
12.093975330254473,-84.58163265306122,-1.1164900774171043
12.093975330254473,-84.16326530612245,-1.1164900774171043
12.093975330254473,-83.74489795918367,-1.1164900774171043
12.093975330254473,-83.3265306122449,-1.1164900774171043
12.093975330254473,-82.90816326530613,-1.1164900774171043
12.093975330254473,-82.48979591836735,-1.1164900774171043
12.093975330254473,-82.07142857142857,-1.1164900774171043
12.093975330254473,-81.65306122448979,-1.1164900774171043
12.093975330254473,-81.23469387755102,-1.1164900774171043
12.093975330254473,-80.81632653061224,-1.1164900774171043
12.093975330254473,-80.39795918367346,-1.1164900774171043
12.093975330254473,-79.9795918367347,-1.1164900774171043
12.093975330254473,-79.56122448979592,-1.1164900774171043
12.093975330254473,-79.14285714285714,-1.1164900774171043
12.093975330254473,-78.72448979591837,-1.1164900774171043
12.093975330254473,-78.3061224489796,-1.1164900774171043
12.093976650243711,-77.88775510204081,-1.1164900774171043
12.093976650243711,-77.46938775510205,-1.1164900774171043
12.093976650243711,-77.05102040816327,-1.1164900774171043
12.093976650243711,-76.63265306122449,-1.1164900774171043
12.093976650243711,-76.21428571428571,-1.1164900774171043
12.093976650243711,-75.79591836734694,-1.1164900774171043
12.093976650243711,-75.37755102040816,-1.1164900774171043
12.093976650243711,-74.95918367346938,-1.1164900774171043
12.093976650243711,-74.54081632653062,-1.1164900774171043
12.093976650243711,-74.12244897959184,-1.1164900774171043
11.884348435775607,-73.70408163265306,-1.1164900774171043
11.884348435775607,-73.28571428571428,-1.1164900774171043
11.884348435775607,-72.86734693877551,-1.1164900774171043
11.884347908452904,-72.44897959183673,-1.1164900774171043
11.884347908452904,-72.03061224489795,-1.1164900774171043
11.884347908452904,-71.61224489795919,-1.1164900774171043
11.884347908452904,-71.1938775510204,-1.1164900774171043
11.884347908452904,-70.77551020408163,-1.1164900774171043
11.884347908452904,-70.35714285714286,-1.1164900774171043
11.884347908452904,-69.93877551020408,-1.1164900774171043
11.884347908452904,-69.5204081632653,-1.1164900774171043
11.884347908452904,-69.10204081632654,-1.1164900774171043
11.310717127133445,-68.68367346938776,-1.1164900774171043
11.310717127133445,-68.26530612244898,-1.1164900774171043
11.310717127133445,-67.84693877551021,-1.1164900774171043
11.310717127133445,-67.42857142857143,-1.1164900774171043
11.310717127133445,-67.01020408163265,-1.1164900774171043
11.310717127133445,-66.59183673469389,-1.1164900774171043
11.310717127133445,-66.1734693877551,-1.1164900774171043
11.310717127133445,-65.75510204081633,-1.1164900774171043
11.310717127133445,-65.33673469387755,-1.1164900774171043
11.310717127133445,-64.91836734693877,-1.1164900774171043
11.310717127133445,-64.5,-1.1164900774171043
12.093975330254473,-85,-1.0790754928447819
12.093975330254473,-84.58163265306122,-1.0790754928447819
12.093975330254473,-84.16326530612245,-1.0790754928447819
12.093975330254473,-83.74489795918367,-1.0790754928447819
12.093975330254473,-83.3265306122449,-1.0790754928447819
12.093975330254473,-82.90816326530613,-1.0790754928447819
12.093975330254473,-82.48979591836735,-1.0790754928447819
12.093975330254473,-82.07142857142857,-1.0790754928447819
12.093975330254473,-81.65306122448979,-1.0790754928447819
12.093975330254473,-81.23469387755102,-1.0790754928447819
12.093975330254473,-80.81632653061224,-1.0790754928447819
12.093975330254473,-80.39795918367346,-1.0790754928447819
12.093975330254473,-79.9795918367347,-1.0790754928447819
12.093975330254473,-79.56122448979592,-1.0790754928447819
12.093975330254473,-79.14285714285714,-1.0790754928447819
12.093975330254473,-78.72448979591837,-1.0790754928447819
12.093975330254473,-78.3061224489796,-1.0790754928447819
12.093976650243711,-77.88775510204081,-1.0790754928447819
12.093976650243711,-77.46938775510205,-1.0790754928447819
12.093976650243711,-77.05102040816327,-1.0790754928447819
12.093976650243711,-76.63265306122449,-1.0790754928447819
12.093976650243711,-76.21428571428571,-1.0790754928447819
12.093976650243711,-75.79591836734694,-1.0790754928447819
12.093976650243711,-75.37755102040816,-1.0790754928447819
12.093976650243711,-74.95918367346938,-1.0790754928447819
12.093976650243711,-74.54081632653062,-1.0790754928447819
12.093976650243711,-74.12244897959184,-1.0790754928447819
11.884348435775607,-73.70408163265306,-1.0790754928447819
11.884348435775607,-73.28571428571428,-1.0790754928447819
11.884348435775607,-72.86734693877551,-1.0790754928447819
11.884347908452904,-72.44897959183673,-1.0790754928447819
11.884347908452904,-72.03061224489795,-1.0790754928447819
11.884347908452904,-71.61224489795919,-1.0790754928447819
11.884347908452904,-71.1938775510204,-1.0790754928447819
11.884347908452904,-70.77551020408163,-1.0790754928447819
11.884347908452904,-70.35714285714286,-1.0790754928447819
11.884347908452904,-69.93877551020408,-1.0790754928447819
11.884347908452904,-69.5204081632653,-1.0790754928447819
11.884347908452904,-69.10204081632654,-1.0790754928447819
11.310717127133445,-68.68367346938776,-1.0790754928447819
11.310717127133445,-68.26530612244898,-1.0790754928447819
11.310717127133445,-67.84693877551021,-1.0790754928447819
11.310717127133445,-67.42857142857143,-1.0790754928447819
11.310717127133445,-67.01020408163265,-1.0790754928447819
11.310717127133445,-66.59183673469389,-1.0790754928447819
11.310717127133445,-66.1734693877551,-1.0790754928447819
11.310717127133445,-65.75510204081633,-1.0790754928447819
11.310717127133445,-65.33673469387755,-1.0790754928447819
11.310717127133445,-64.91836734693877,-1.0790754928447819
11.310717127133445,-64.5,-1.0790754928447819
12.093975330254473,-85,-1.0416609082724595
12.093975330254473,-84.58163265306122,-1.0416609082724595
12.093975330254473,-84.16326530612245,-1.0416609082724595
12.093975330254473,-83.74489795918367,-1.0416609082724595
12.093975330254473,-83.3265306122449,-1.0416609082724595
12.093975330254473,-82.90816326530613,-1.0416609082724595
12.093975330254473,-82.48979591836735,-1.0416609082724595
12.093975330254473,-82.07142857142857,-1.0416609082724595
12.093975330254473,-81.65306122448979,-1.0416609082724595
12.093975330254473,-81.23469387755102,-1.0416609082724595
12.093975330254473,-80.81632653061224,-1.0416609082724595
12.093975330254473,-80.39795918367346,-1.0416609082724595
12.093975330254473,-79.9795918367347,-1.0416609082724595
12.093975330254473,-79.56122448979592,-1.0416609082724595
12.093975330254473,-79.14285714285714,-1.0416609082724595
12.093975330254473,-78.72448979591837,-1.0416609082724595
12.093975330254473,-78.3061224489796,-1.0416609082724595
12.093976650243711,-77.88775510204081,-1.0416609082724595
12.093976650243711,-77.46938775510205,-1.0416609082724595
12.093976650243711,-77.05102040816327,-1.0416609082724595
12.093976650243711,-76.63265306122449,-1.0416609082724595
12.093976650243711,-76.21428571428571,-1.0416609082724595
12.093976650243711,-75.79591836734694,-1.0416609082724595
12.093976650243711,-75.37755102040816,-1.0416609082724595
12.093976650243711,-74.95918367346938,-1.0416609082724595
12.093976650243711,-74.54081632653062,-1.0416609082724595
12.093976650243711,-74.12244897959184,-1.0416609082724595
11.884348435775607,-73.70408163265306,-1.0416609082724595
11.884348435775607,-73.28571428571428,-1.0416609082724595
11.884348435775607,-72.86734693877551,-1.0416609082724595
11.884347908452904,-72.44897959183673,-1.0416609082724595
11.884347908452904,-72.03061224489795,-1.0416609082724595
11.884347908452904,-71.61224489795919,-1.0416609082724595
11.884347908452904,-71.1938775510204,-1.0416609082724595
11.884347908452904,-70.77551020408163,-1.0416609082724595
11.884347908452904,-70.35714285714286,-1.0416609082724595
11.884347908452904,-69.93877551020408,-1.0416609082724595
11.884347908452904,-69.5204081632653,-1.0416609082724595
11.884347908452904,-69.10204081632654,-1.0416609082724595
11.310717127133445,-68.68367346938776,-1.0416609082724595
11.310717127133445,-68.26530612244898,-1.0416609082724595
11.310717127133445,-67.84693877551021,-1.0416609082724595
11.310717127133445,-67.42857142857143,-1.0416609082724595
11.310717127133445,-67.01020408163265,-1.0416609082724595
11.310717127133445,-66.59183673469389,-1.0416609082724595
11.310717127133445,-66.1734693877551,-1.0416609082724595
11.310717127133445,-65.75510204081633,-1.0416609082724595
11.310717127133445,-65.33673469387755,-1.0416609082724595
11.310717127133445,-64.91836734693877,-1.0416609082724595
11.310717127133445,-64.5,-1.0416609082724595
12.093975330254473,-85,-1.0042463237001371
12.093975330254473,-84.58163265306122,-1.0042463237001371
12.093975330254473,-84.16326530612245,-1.0042463237001371
12.093975330254473,-83.74489795918367,-1.0042463237001371
12.093975330254473,-83.3265306122449,-1.0042463237001371
12.093975330254473,-82.90816326530613,-1.0042463237001371
12.093975330254473,-82.48979591836735,-1.0042463237001371
12.093975330254473,-82.07142857142857,-1.0042463237001371
12.093975330254473,-81.65306122448979,-1.0042463237001371
12.093975330254473,-81.23469387755102,-1.0042463237001371
12.093975330254473,-80.81632653061224,-1.0042463237001371
12.093975330254473,-80.39795918367346,-1.0042463237001371
12.093975330254473,-79.9795918367347,-1.0042463237001371
12.093975330254473,-79.56122448979592,-1.0042463237001371
12.093975330254473,-79.14285714285714,-1.0042463237001371
12.093975330254473,-78.72448979591837,-1.0042463237001371
12.093975330254473,-78.3061224489796,-1.0042463237001371
12.093976650243711,-77.88775510204081,-1.0042463237001371
12.093976650243711,-77.46938775510205,-1.0042463237001371
12.093976650243711,-77.05102040816327,-1.0042463237001371
12.093976650243711,-76.63265306122449,-1.0042463237001371
12.093976650243711,-76.21428571428571,-1.0042463237001371
12.093976650243711,-75.79591836734694,-1.0042463237001371
12.093976650243711,-75.37755102040816,-1.0042463237001371
12.093976650243711,-74.95918367346938,-1.0042463237001371
12.093976650243711,-74.54081632653062,-1.0042463237001371
12.093976650243711,-74.12244897959184,-1.0042463237001371
11.884348435775607,-73.70408163265306,-1.0042463237001371
11.884348435775607,-73.28571428571428,-1.0042463237001371
11.884348435775607,-72.86734693877551,-1.0042463237001371
11.884347908452904,-72.44897959183673,-1.0042463237001371
11.884347908452904,-72.03061224489795,-1.0042463237001371
11.884347908452904,-71.61224489795919,-1.0042463237001371
11.884347908452904,-71.1938775510204,-1.0042463237001371
11.884347908452904,-70.77551020408163,-1.0042463237001371
11.884347908452904,-70.35714285714286,-1.0042463237001371
11.884347908452904,-69.93877551020408,-1.0042463237001371
11.884347908452904,-69.5204081632653,-1.0042463237001371
11.884347908452904,-69.10204081632654,-1.0042463237001371
11.310717127133445,-68.68367346938776,-1.0042463237001371
11.310717127133445,-68.26530612244898,-1.0042463237001371
11.310717127133445,-67.84693877551021,-1.0042463237001371
11.310717127133445,-67.42857142857143,-1.0042463237001371
11.310717127133445,-67.01020408163265,-1.0042463237001371
11.310717127133445,-66.59183673469389,-1.0042463237001371
11.310717127133445,-66.1734693877551,-1.0042463237001371
11.310717127133445,-65.75510204081633,-1.0042463237001371
11.310717127133445,-65.33673469387755,-1.0042463237001371
11.310717127133445,-64.91836734693877,-1.0042463237001371
11.310717127133445,-64.5,-1.0042463237001371
12.093975330254473,-85,-0.9668317391278147
12.093975330254473,-84.58163265306122,-0.9668317391278147
12.093975330254473,-84.16326530612245,-0.9668317391278147
12.093975330254473,-83.74489795918367,-0.9668317391278147
12.093975330254473,-83.3265306122449,-0.9668317391278147
12.093975330254473,-82.90816326530613,-0.9668317391278147
12.093975330254473,-82.48979591836735,-0.9668317391278147
12.093975330254473,-82.07142857142857,-0.9668317391278147
12.093975330254473,-81.65306122448979,-0.9668317391278147
12.093975330254473,-81.23469387755102,-0.9668317391278147
12.093975330254473,-80.81632653061224,-0.9668317391278147
12.093975330254473,-80.39795918367346,-0.9668317391278147
12.093975330254473,-79.9795918367347,-0.9668317391278147
12.093975330254473,-79.56122448979592,-0.9668317391278147
12.093975330254473,-79.14285714285714,-0.9668317391278147
12.093975330254473,-78.72448979591837,-0.9668317391278147
12.093975330254473,-78.3061224489796,-0.9668317391278147
12.093976650243711,-77.88775510204081,-0.9668317391278147
12.093976650243711,-77.46938775510205,-0.9668317391278147
12.093976650243711,-77.05102040816327,-0.9668317391278147
12.093976650243711,-76.63265306122449,-0.9668317391278147
12.093976650243711,-76.21428571428571,-0.9668317391278147
12.093976650243711,-75.79591836734694,-0.9668317391278147
12.093976650243711,-75.37755102040816,-0.9668317391278147
12.093976650243711,-74.95918367346938,-0.9668317391278147
12.093976650243711,-74.54081632653062,-0.9668317391278147
12.093976650243711,-74.12244897959184,-0.9668317391278147
11.884348435775607,-73.70408163265306,-0.9668317391278147
11.884348435775607,-73.28571428571428,-0.9668317391278147
11.884348435775607,-72.86734693877551,-0.9668317391278147
11.884347908452904,-72.44897959183673,-0.9668317391278147
11.884347908452904,-72.03061224489795,-0.9668317391278147
11.884347908452904,-71.61224489795919,-0.9668317391278147
11.884347908452904,-71.1938775510204,-0.9668317391278147
11.884347908452904,-70.77551020408163,-0.9668317391278147
11.884347908452904,-70.35714285714286,-0.9668317391278147
11.884347908452904,-69.93877551020408,-0.9668317391278147
11.884347908452904,-69.5204081632653,-0.9668317391278147
11.884347908452904,-69.10204081632654,-0.9668317391278147
11.310717127133445,-68.68367346938776,-0.9668317391278147
11.310717127133445,-68.26530612244898,-0.9668317391278147
11.310717127133445,-67.84693877551021,-0.9668317391278147
11.310717127133445,-67.42857142857143,-0.9668317391278147
11.310717127133445,-67.01020408163265,-0.9668317391278147
11.310717127133445,-66.59183673469389,-0.9668317391278147
11.310717127133445,-66.1734693877551,-0.9668317391278147
11.310717127133445,-65.75510204081633,-0.9668317391278147
11.310717127133445,-65.33673469387755,-0.9668317391278147
11.310717127133445,-64.91836734693877,-0.9668317391278147
11.310717127133445,-64.5,-0.9668317391278147
12.093975330254473,-85,-0.9294171545554925
12.093975330254473,-84.58163265306122,-0.9294171545554925
12.093975330254473,-84.16326530612245,-0.9294171545554925
12.093975330254473,-83.74489795918367,-0.9294171545554925
12.093975330254473,-83.3265306122449,-0.9294171545554925
12.093975330254473,-82.90816326530613,-0.9294171545554925
12.093975330254473,-82.48979591836735,-0.9294171545554925
12.093975330254473,-82.07142857142857,-0.9294171545554925
12.093975330254473,-81.65306122448979,-0.9294171545554925
12.093975330254473,-81.23469387755102,-0.9294171545554925
12.093975330254473,-80.81632653061224,-0.9294171545554925
12.093975330254473,-80.39795918367346,-0.9294171545554925
12.093975330254473,-79.9795918367347,-0.9294171545554925
12.093975330254473,-79.56122448979592,-0.9294171545554925
12.093975330254473,-79.14285714285714,-0.9294171545554925
12.093975330254473,-78.72448979591837,-0.9294171545554925
12.093975330254473,-78.3061224489796,-0.9294171545554925
12.093976650243711,-77.88775510204081,-0.9294171545554925
12.093976650243711,-77.46938775510205,-0.9294171545554925
12.093976650243711,-77.05102040816327,-0.9294171545554925
12.093976650243711,-76.63265306122449,-0.9294171545554925
12.093976650243711,-76.21428571428571,-0.9294171545554925
12.093976650243711,-75.79591836734694,-0.9294171545554925
12.093976650243711,-75.37755102040816,-0.9294171545554925
12.093976650243711,-74.95918367346938,-0.9294171545554925
12.093976650243711,-74.54081632653062,-0.9294171545554925
12.093976650243711,-74.12244897959184,-0.9294171545554925
11.884348435775607,-73.70408163265306,-0.9294171545554925
11.884348435775607,-73.28571428571428,-0.9294171545554925
11.884348435775607,-72.86734693877551,-0.9294171545554925
11.884347908452904,-72.44897959183673,-0.9294171545554925
11.884347908452904,-72.03061224489795,-0.9294171545554925
11.884347908452904,-71.61224489795919,-0.9294171545554925
11.884347908452904,-71.1938775510204,-0.9294171545554925
11.884347908452904,-70.77551020408163,-0.9294171545554925
11.884347908452904,-70.35714285714286,-0.9294171545554925
11.884347908452904,-69.93877551020408,-0.9294171545554925
11.884347908452904,-69.5204081632653,-0.9294171545554925
11.884347908452904,-69.10204081632654,-0.9294171545554925
11.310717127133445,-68.68367346938776,-0.9294171545554925
11.310717127133445,-68.26530612244898,-0.9294171545554925
11.310717127133445,-67.84693877551021,-0.9294171545554925
11.310717127133445,-67.42857142857143,-0.9294171545554925
11.310717127133445,-67.01020408163265,-0.9294171545554925
11.310717127133445,-66.59183673469389,-0.9294171545554925
11.310717127133445,-66.1734693877551,-0.9294171545554925
11.310717127133445,-65.75510204081633,-0.9294171545554925
11.310717127133445,-65.33673469387755,-0.9294171545554925
11.310717127133445,-64.91836734693877,-0.9294171545554925
11.310717127133445,-64.5,-0.9294171545554925
12.093975330254473,-85,-0.8920025699831701
12.093975330254473,-84.58163265306122,-0.8920025699831701
12.093975330254473,-84.16326530612245,-0.8920025699831701
12.093975330254473,-83.74489795918367,-0.8920025699831701
12.093975330254473,-83.3265306122449,-0.8920025699831701
12.093975330254473,-82.90816326530613,-0.8920025699831701
12.093975330254473,-82.48979591836735,-0.8920025699831701
12.093975330254473,-82.07142857142857,-0.8920025699831701
12.093975330254473,-81.65306122448979,-0.8920025699831701
12.093975330254473,-81.23469387755102,-0.8920025699831701
12.093975330254473,-80.81632653061224,-0.8920025699831701
12.093975330254473,-80.39795918367346,-0.8920025699831701
12.093975330254473,-79.9795918367347,-0.8920025699831701
12.093975330254473,-79.56122448979592,-0.8920025699831701
12.093975330254473,-79.14285714285714,-0.8920025699831701
12.093975330254473,-78.72448979591837,-0.8920025699831701
12.093975330254473,-78.3061224489796,-0.8920025699831701
12.093976650243711,-77.88775510204081,-0.8920025699831701
12.093976650243711,-77.46938775510205,-0.8920025699831701
12.093976650243711,-77.05102040816327,-0.8920025699831701
12.093976650243711,-76.63265306122449,-0.8920025699831701
12.093976650243711,-76.21428571428571,-0.8920025699831701
12.093976650243711,-75.79591836734694,-0.8920025699831701
12.093976650243711,-75.37755102040816,-0.8920025699831701
12.093976650243711,-74.95918367346938,-0.8920025699831701
12.093976650243711,-74.54081632653062,-0.8920025699831701
12.093976650243711,-74.12244897959184,-0.8920025699831701
11.884348435775607,-73.70408163265306,-0.8920025699831701
11.884348435775607,-73.28571428571428,-0.8920025699831701
11.884348435775607,-72.86734693877551,-0.8920025699831701
11.884347908452904,-72.44897959183673,-0.8920025699831701
11.884347908452904,-72.03061224489795,-0.8920025699831701
11.884347908452904,-71.61224489795919,-0.8920025699831701
11.884347908452904,-71.1938775510204,-0.8920025699831701
11.884347908452904,-70.77551020408163,-0.8920025699831701
11.884347908452904,-70.35714285714286,-0.8920025699831701
11.884347908452904,-69.93877551020408,-0.8920025699831701
11.884347908452904,-69.5204081632653,-0.8920025699831701
11.884347908452904,-69.10204081632654,-0.8920025699831701
11.310717127133445,-68.68367346938776,-0.8920025699831701
11.310717127133445,-68.26530612244898,-0.8920025699831701
11.310717127133445,-67.84693877551021,-0.8920025699831701
11.310717127133445,-67.42857142857143,-0.8920025699831701
11.310717127133445,-67.01020408163265,-0.8920025699831701
11.310717127133445,-66.59183673469389,-0.8920025699831701
11.310717127133445,-66.1734693877551,-0.8920025699831701
11.310717127133445,-65.75510204081633,-0.8920025699831701
11.310717127133445,-65.33673469387755,-0.8920025699831701
11.310717127133445,-64.91836734693877,-0.8920025699831701
11.310717127133445,-64.5,-0.8920025699831701
12.093975330254473,-85,-0.8545879854108478
12.093975330254473,-84.58163265306122,-0.8545879854108478
12.093975330254473,-84.16326530612245,-0.8545879854108478
12.093975330254473,-83.74489795918367,-0.8545879854108478
12.093975330254473,-83.3265306122449,-0.8545879854108478
12.093975330254473,-82.90816326530613,-0.8545879854108478
12.093975330254473,-82.48979591836735,-0.8545879854108478
12.093975330254473,-82.07142857142857,-0.8545879854108478
12.093975330254473,-81.65306122448979,-0.8545879854108478
12.093975330254473,-81.23469387755102,-0.8545879854108478
12.093975330254473,-80.81632653061224,-0.8545879854108478
12.093975330254473,-80.39795918367346,-0.8545879854108478
12.093975330254473,-79.9795918367347,-0.8545879854108478
12.093975330254473,-79.56122448979592,-0.8545879854108478
12.093975330254473,-79.14285714285714,-0.8545879854108478
12.093975330254473,-78.72448979591837,-0.8545879854108478
12.093975330254473,-78.3061224489796,-0.8545879854108478
12.093976650243711,-77.88775510204081,-0.8545879854108478
12.093976650243711,-77.46938775510205,-0.8545879854108478
12.093976650243711,-77.05102040816327,-0.8545879854108478
12.093976650243711,-76.63265306122449,-0.8545879854108478
12.093976650243711,-76.21428571428571,-0.8545879854108478
12.093976650243711,-75.79591836734694,-0.8545879854108478
12.093976650243711,-75.37755102040816,-0.8545879854108478
12.093976650243711,-74.95918367346938,-0.8545879854108478
12.093976650243711,-74.54081632653062,-0.8545879854108478
12.093976650243711,-74.12244897959184,-0.8545879854108478
11.884348435775607,-73.70408163265306,-0.8545879854108478
11.884348435775607,-73.28571428571428,-0.8545879854108478
11.884348435775607,-72.86734693877551,-0.8545879854108478
11.884347908452904,-72.44897959183673,-0.8545879854108478
11.884347908452904,-72.03061224489795,-0.8545879854108478
11.884347908452904,-71.61224489795919,-0.8545879854108478
11.884347908452904,-71.1938775510204,-0.8545879854108478
11.884347908452904,-70.77551020408163,-0.8545879854108478
11.884347908452904,-70.35714285714286,-0.8545879854108478
11.884347908452904,-69.93877551020408,-0.8545879854108478
11.884347908452904,-69.5204081632653,-0.8545879854108478
11.884347908452904,-69.10204081632654,-0.8545879854108478
11.310717127133445,-68.68367346938776,-0.8545879854108478
11.310717127133445,-68.26530612244898,-0.8545879854108478
11.310717127133445,-67.84693877551021,-0.8545879854108478
11.310717127133445,-67.42857142857143,-0.8545879854108478
11.310717127133445,-67.01020408163265,-0.8545879854108478
11.310717127133445,-66.59183673469389,-0.8545879854108478
11.310717127133445,-66.1734693877551,-0.8545879854108478
11.310717127133445,-65.75510204081633,-0.8545879854108478
11.310717127133445,-65.33673469387755,-0.8545879854108478
11.310717127133445,-64.91836734693877,-0.8545879854108478
11.310717127133445,-64.5,-0.8545879854108478
12.093975330254473,-85,-0.8171734008385254
12.093975330254473,-84.58163265306122,-0.8171734008385254
12.093975330254473,-84.16326530612245,-0.8171734008385254
12.093975330254473,-83.74489795918367,-0.8171734008385254
12.093975330254473,-83.3265306122449,-0.8171734008385254
12.093975330254473,-82.90816326530613,-0.8171734008385254
12.093975330254473,-82.48979591836735,-0.8171734008385254
12.093975330254473,-82.07142857142857,-0.8171734008385254
12.093975330254473,-81.65306122448979,-0.8171734008385254
12.093975330254473,-81.23469387755102,-0.8171734008385254
12.093975330254473,-80.81632653061224,-0.8171734008385254
12.093975330254473,-80.39795918367346,-0.8171734008385254
12.093975330254473,-79.9795918367347,-0.8171734008385254
12.093975330254473,-79.56122448979592,-0.8171734008385254
12.093975330254473,-79.14285714285714,-0.8171734008385254
12.093975330254473,-78.72448979591837,-0.8171734008385254
12.093975330254473,-78.3061224489796,-0.8171734008385254
12.093976650243711,-77.88775510204081,-0.8171734008385254
12.093976650243711,-77.46938775510205,-0.8171734008385254
12.093976650243711,-77.05102040816327,-0.8171734008385254
12.093976650243711,-76.63265306122449,-0.8171734008385254
12.093976650243711,-76.21428571428571,-0.8171734008385254
12.093976650243711,-75.79591836734694,-0.8171734008385254
12.093976650243711,-75.37755102040816,-0.8171734008385254
12.093976650243711,-74.95918367346938,-0.8171734008385254
12.093976650243711,-74.54081632653062,-0.8171734008385254
12.093976650243711,-74.12244897959184,-0.8171734008385254
11.884348435775607,-73.70408163265306,-0.8171734008385254
11.884348435775607,-73.28571428571428,-0.8171734008385254
11.884348435775607,-72.86734693877551,-0.8171734008385254
11.884347908452904,-72.44897959183673,-0.8171734008385254
11.884347908452904,-72.03061224489795,-0.8171734008385254
11.884347908452904,-71.61224489795919,-0.8171734008385254
11.884347908452904,-71.1938775510204,-0.8171734008385254
11.884347908452904,-70.77551020408163,-0.8171734008385254
11.884347908452904,-70.35714285714286,-0.8171734008385254
11.884347908452904,-69.93877551020408,-0.8171734008385254
11.884347908452904,-69.5204081632653,-0.8171734008385254
11.884347908452904,-69.10204081632654,-0.8171734008385254
11.310717127133445,-68.68367346938776,-0.8171734008385254
11.310717127133445,-68.26530612244898,-0.8171734008385254
11.310717127133445,-67.84693877551021,-0.8171734008385254
11.310717127133445,-67.42857142857143,-0.8171734008385254
11.310717127133445,-67.01020408163265,-0.8171734008385254
11.310717127133445,-66.59183673469389,-0.8171734008385254
11.310717127133445,-66.1734693877551,-0.8171734008385254
11.310717127133445,-65.75510204081633,-0.8171734008385254
11.310717127133445,-65.33673469387755,-0.8171734008385254
11.310717127133445,-64.91836734693877,-0.8171734008385254
11.310717127133445,-64.5,-0.8171734008385254
12.093975330254473,-85,-0.779758816266203
12.093975330254473,-84.58163265306122,-0.779758816266203
12.093975330254473,-84.16326530612245,-0.779758816266203
12.093975330254473,-83.74489795918367,-0.779758816266203
12.093975330254473,-83.3265306122449,-0.779758816266203
12.093975330254473,-82.90816326530613,-0.779758816266203
12.093975330254473,-82.48979591836735,-0.779758816266203
12.093975330254473,-82.07142857142857,-0.779758816266203
12.093975330254473,-81.65306122448979,-0.779758816266203
12.093975330254473,-81.23469387755102,-0.779758816266203
12.093975330254473,-80.81632653061224,-0.779758816266203
12.093975330254473,-80.39795918367346,-0.779758816266203
12.093975330254473,-79.9795918367347,-0.779758816266203
12.093975330254473,-79.56122448979592,-0.779758816266203
12.093975330254473,-79.14285714285714,-0.779758816266203
12.093975330254473,-78.72448979591837,-0.779758816266203
12.093975330254473,-78.3061224489796,-0.779758816266203
12.093976650243711,-77.88775510204081,-0.779758816266203
12.093976650243711,-77.46938775510205,-0.779758816266203
12.093976650243711,-77.05102040816327,-0.779758816266203
12.093976650243711,-76.63265306122449,-0.779758816266203
12.093976650243711,-76.21428571428571,-0.779758816266203
12.093976650243711,-75.79591836734694,-0.779758816266203
12.093976650243711,-75.37755102040816,-0.779758816266203
12.093976650243711,-74.95918367346938,-0.779758816266203
12.093976650243711,-74.54081632653062,-0.779758816266203
12.093976650243711,-74.12244897959184,-0.779758816266203
11.884348435775607,-73.70408163265306,-0.779758816266203
11.884348435775607,-73.28571428571428,-0.779758816266203
11.884348435775607,-72.86734693877551,-0.779758816266203
11.884347908452904,-72.44897959183673,-0.779758816266203
11.884347908452904,-72.03061224489795,-0.779758816266203
11.884347908452904,-71.61224489795919,-0.779758816266203
11.884347908452904,-71.1938775510204,-0.779758816266203
11.884347908452904,-70.77551020408163,-0.779758816266203
11.884347908452904,-70.35714285714286,-0.779758816266203
11.884347908452904,-69.93877551020408,-0.779758816266203
11.884347908452904,-69.5204081632653,-0.779758816266203
11.884347908452904,-69.10204081632654,-0.779758816266203
11.310717127133445,-68.68367346938776,-0.779758816266203
11.310717127133445,-68.26530612244898,-0.779758816266203
11.310717127133445,-67.84693877551021,-0.779758816266203
11.310717127133445,-67.42857142857143,-0.779758816266203
11.310717127133445,-67.01020408163265,-0.779758816266203
11.310717127133445,-66.59183673469389,-0.779758816266203
11.310717127133445,-66.1734693877551,-0.779758816266203
11.310717127133445,-65.75510204081633,-0.779758816266203
11.310717127133445,-65.33673469387755,-0.779758816266203
11.310717127133445,-64.91836734693877,-0.779758816266203
11.310717127133445,-64.5,-0.779758816266203
12.093975330254473,-85,-0.7423442316938806
12.093975330254473,-84.58163265306122,-0.7423442316938806
12.093975330254473,-84.16326530612245,-0.7423442316938806
12.093975330254473,-83.74489795918367,-0.7423442316938806
12.093975330254473,-83.3265306122449,-0.7423442316938806
12.093975330254473,-82.90816326530613,-0.7423442316938806
12.093975330254473,-82.48979591836735,-0.7423442316938806
12.093975330254473,-82.07142857142857,-0.7423442316938806
12.093975330254473,-81.65306122448979,-0.7423442316938806
12.093975330254473,-81.23469387755102,-0.7423442316938806
12.093975330254473,-80.81632653061224,-0.7423442316938806
12.093975330254473,-80.39795918367346,-0.7423442316938806
12.093975330254473,-79.9795918367347,-0.7423442316938806
12.093975330254473,-79.56122448979592,-0.7423442316938806
12.093975330254473,-79.14285714285714,-0.7423442316938806
12.093975330254473,-78.72448979591837,-0.7423442316938806
12.093975330254473,-78.3061224489796,-0.7423442316938806
12.093976650243711,-77.88775510204081,-0.7423442316938806
12.093976650243711,-77.46938775510205,-0.7423442316938806
12.093976650243711,-77.05102040816327,-0.7423442316938806
12.093976650243711,-76.63265306122449,-0.7423442316938806
12.093976650243711,-76.21428571428571,-0.7423442316938806
12.093976650243711,-75.79591836734694,-0.7423442316938806
12.093976650243711,-75.37755102040816,-0.7423442316938806
12.093976650243711,-74.95918367346938,-0.7423442316938806
12.093976650243711,-74.54081632653062,-0.7423442316938806
12.093976650243711,-74.12244897959184,-0.7423442316938806
11.884348435775607,-73.70408163265306,-0.7423442316938806
11.884348435775607,-73.28571428571428,-0.7423442316938806
11.884348435775607,-72.86734693877551,-0.7423442316938806
11.884347908452904,-72.44897959183673,-0.7423442316938806
11.884347908452904,-72.03061224489795,-0.7423442316938806
11.884347908452904,-71.61224489795919,-0.7423442316938806
11.884347908452904,-71.1938775510204,-0.7423442316938806
11.884347908452904,-70.77551020408163,-0.7423442316938806
11.884347908452904,-70.35714285714286,-0.7423442316938806
11.884347908452904,-69.93877551020408,-0.7423442316938806
11.884347908452904,-69.5204081632653,-0.7423442316938806
11.884347908452904,-69.10204081632654,-0.7423442316938806
11.310717127133445,-68.68367346938776,-0.7423442316938806
11.310717127133445,-68.26530612244898,-0.7423442316938806
11.310717127133445,-67.84693877551021,-0.7423442316938806
11.310717127133445,-67.42857142857143,-0.7423442316938806
11.310717127133445,-67.01020408163265,-0.7423442316938806
11.310717127133445,-66.59183673469389,-0.7423442316938806
11.310717127133445,-66.1734693877551,-0.7423442316938806
11.310717127133445,-65.75510204081633,-0.7423442316938806
11.310717127133445,-65.33673469387755,-0.7423442316938806
11.310717127133445,-64.91836734693877,-0.7423442316938806
11.310717127133445,-64.5,-0.7423442316938806
12.093975330254473,-85,-0.7049296471215583
12.093975330254473,-84.58163265306122,-0.7049296471215583
12.093975330254473,-84.16326530612245,-0.7049296471215583
12.093975330254473,-83.74489795918367,-0.7049296471215583
12.093975330254473,-83.3265306122449,-0.7049296471215583
12.093975330254473,-82.90816326530613,-0.7049296471215583
12.093975330254473,-82.48979591836735,-0.7049296471215583
12.093975330254473,-82.07142857142857,-0.7049296471215583
12.093975330254473,-81.65306122448979,-0.7049296471215583
12.093975330254473,-81.23469387755102,-0.7049296471215583
12.093975330254473,-80.81632653061224,-0.7049296471215583
12.093975330254473,-80.39795918367346,-0.7049296471215583
12.093975330254473,-79.9795918367347,-0.7049296471215583
12.093975330254473,-79.56122448979592,-0.7049296471215583
12.093975330254473,-79.14285714285714,-0.7049296471215583
12.093975330254473,-78.72448979591837,-0.7049296471215583
12.093975330254473,-78.3061224489796,-0.7049296471215583
12.093976650243711,-77.88775510204081,-0.7049296471215583
12.093976650243711,-77.46938775510205,-0.7049296471215583
12.093976650243711,-77.05102040816327,-0.7049296471215583
12.093976650243711,-76.63265306122449,-0.7049296471215583
12.093976650243711,-76.21428571428571,-0.7049296471215583
12.093976650243711,-75.79591836734694,-0.7049296471215583
12.093976650243711,-75.37755102040816,-0.7049296471215583
12.093976650243711,-74.95918367346938,-0.7049296471215583
12.093976650243711,-74.54081632653062,-0.7049296471215583
12.093976650243711,-74.12244897959184,-0.7049296471215583
11.884348435775607,-73.70408163265306,-0.7049296471215583
11.884348435775607,-73.28571428571428,-0.7049296471215583
11.884348435775607,-72.86734693877551,-0.7049296471215583
11.884347908452904,-72.44897959183673,-0.7049296471215583
11.884347908452904,-72.03061224489795,-0.7049296471215583
11.884347908452904,-71.61224489795919,-0.7049296471215583
11.884347908452904,-71.1938775510204,-0.7049296471215583
11.884347908452904,-70.77551020408163,-0.7049296471215583
11.884347908452904,-70.35714285714286,-0.7049296471215583
11.884347908452904,-69.93877551020408,-0.7049296471215583
11.884347908452904,-69.5204081632653,-0.7049296471215583
11.884347908452904,-69.10204081632654,-0.7049296471215583
11.310717127133445,-68.68367346938776,-0.7049296471215583
11.310717127133445,-68.26530612244898,-0.7049296471215583
11.310717127133445,-67.84693877551021,-0.7049296471215583
11.310717127133445,-67.42857142857143,-0.7049296471215583
11.310717127133445,-67.01020408163265,-0.7049296471215583
11.310717127133445,-66.59183673469389,-0.7049296471215583
11.310717127133445,-66.1734693877551,-0.7049296471215583
11.310717127133445,-65.75510204081633,-0.7049296471215583
11.310717127133445,-65.33673469387755,-0.7049296471215583
11.310717127133445,-64.91836734693877,-0.7049296471215583
11.310717127133445,-64.5,-0.7049296471215583
12.093975330254473,-85,-0.6675150625492359
12.093975330254473,-84.58163265306122,-0.6675150625492359
12.093975330254473,-84.16326530612245,-0.6675150625492359
12.093975330254473,-83.74489795918367,-0.6675150625492359
12.093975330254473,-83.3265306122449,-0.6675150625492359
12.093975330254473,-82.90816326530613,-0.6675150625492359
12.093975330254473,-82.48979591836735,-0.6675150625492359
12.093975330254473,-82.07142857142857,-0.6675150625492359
12.093975330254473,-81.65306122448979,-0.6675150625492359
12.093975330254473,-81.23469387755102,-0.6675150625492359
12.093975330254473,-80.81632653061224,-0.6675150625492359
12.093975330254473,-80.39795918367346,-0.6675150625492359
12.093975330254473,-79.9795918367347,-0.6675150625492359
12.093975330254473,-79.56122448979592,-0.6675150625492359
12.093975330254473,-79.14285714285714,-0.6675150625492359
12.093975330254473,-78.72448979591837,-0.6675150625492359
12.093975330254473,-78.3061224489796,-0.6675150625492359
12.093976650243711,-77.88775510204081,-0.6675150625492359
12.093976650243711,-77.46938775510205,-0.6675150625492359
12.093976650243711,-77.05102040816327,-0.6675150625492359
12.093976650243711,-76.63265306122449,-0.6675150625492359
12.093976650243711,-76.21428571428571,-0.6675150625492359
12.093976650243711,-75.79591836734694,-0.6675150625492359
12.093976650243711,-75.37755102040816,-0.6675150625492359
12.093976650243711,-74.95918367346938,-0.6675150625492359
12.093976650243711,-74.54081632653062,-0.6675150625492359
12.093976650243711,-74.12244897959184,-0.6675150625492359
11.884348435775607,-73.70408163265306,-0.6675150625492359
11.884348435775607,-73.28571428571428,-0.6675150625492359
11.884348435775607,-72.86734693877551,-0.6675150625492359
11.884347908452904,-72.44897959183673,-0.6675150625492359
11.884347908452904,-72.03061224489795,-0.6675150625492359
11.884347908452904,-71.61224489795919,-0.6675150625492359
11.884347908452904,-71.1938775510204,-0.6675150625492359
11.884347908452904,-70.77551020408163,-0.6675150625492359
11.884347908452904,-70.35714285714286,-0.6675150625492359
11.884347908452904,-69.93877551020408,-0.6675150625492359
11.884347908452904,-69.5204081632653,-0.6675150625492359
11.884347908452904,-69.10204081632654,-0.6675150625492359
11.310717127133445,-68.68367346938776,-0.6675150625492359
11.310717127133445,-68.26530612244898,-0.6675150625492359
11.310717127133445,-67.84693877551021,-0.6675150625492359
11.310717127133445,-67.42857142857143,-0.6675150625492359
11.310717127133445,-67.01020408163265,-0.6675150625492359
11.310717127133445,-66.59183673469389,-0.6675150625492359
11.310717127133445,-66.1734693877551,-0.6675150625492359
11.310717127133445,-65.75510204081633,-0.6675150625492359
11.310717127133445,-65.33673469387755,-0.6675150625492359
11.310717127133445,-64.91836734693877,-0.6675150625492359
11.310717127133445,-64.5,-0.6675150625492359
12.093975330254473,-85,-0.6301004779769135
12.093975330254473,-84.58163265306122,-0.6301004779769135
12.093975330254473,-84.16326530612245,-0.6301004779769135
12.093975330254473,-83.74489795918367,-0.6301004779769135
12.093975330254473,-83.3265306122449,-0.6301004779769135
12.093975330254473,-82.90816326530613,-0.6301004779769135
12.093975330254473,-82.48979591836735,-0.6301004779769135
12.093975330254473,-82.07142857142857,-0.6301004779769135
12.093975330254473,-81.65306122448979,-0.6301004779769135
12.093975330254473,-81.23469387755102,-0.6301004779769135
12.093975330254473,-80.81632653061224,-0.6301004779769135
12.093975330254473,-80.39795918367346,-0.6301004779769135
12.093975330254473,-79.9795918367347,-0.6301004779769135
12.093975330254473,-79.56122448979592,-0.6301004779769135
12.093975330254473,-79.14285714285714,-0.6301004779769135
12.093975330254473,-78.72448979591837,-0.6301004779769135
12.093975330254473,-78.3061224489796,-0.6301004779769135
12.093976650243711,-77.88775510204081,-0.6301004779769135
12.093976650243711,-77.46938775510205,-0.6301004779769135
12.093976650243711,-77.05102040816327,-0.6301004779769135
12.093976650243711,-76.63265306122449,-0.6301004779769135
12.093976650243711,-76.21428571428571,-0.6301004779769135
12.093976650243711,-75.79591836734694,-0.6301004779769135
12.093976650243711,-75.37755102040816,-0.6301004779769135
12.093976650243711,-74.95918367346938,-0.6301004779769135
12.093976650243711,-74.54081632653062,-0.6301004779769135
12.093976650243711,-74.12244897959184,-0.6301004779769135
11.884348435775607,-73.70408163265306,-0.6301004779769135
11.884348435775607,-73.28571428571428,-0.6301004779769135
11.884348435775607,-72.86734693877551,-0.6301004779769135
11.884347908452904,-72.44897959183673,-0.6301004779769135
11.884347908452904,-72.03061224489795,-0.6301004779769135
11.884347908452904,-71.61224489795919,-0.6301004779769135
11.884347908452904,-71.1938775510204,-0.6301004779769135
11.884347908452904,-70.77551020408163,-0.6301004779769135
11.884347908452904,-70.35714285714286,-0.6301004779769135
11.884347908452904,-69.93877551020408,-0.6301004779769135
11.884347908452904,-69.5204081632653,-0.6301004779769135
11.884347908452904,-69.10204081632654,-0.6301004779769135
11.310717127133445,-68.68367346938776,-0.6301004779769135
11.310717127133445,-68.26530612244898,-0.6301004779769135
11.310717127133445,-67.84693877551021,-0.6301004779769135
11.310717127133445,-67.42857142857143,-0.6301004779769135
11.310717127133445,-67.01020408163265,-0.6301004779769135
11.310717127133445,-66.59183673469389,-0.6301004779769135
11.310717127133445,-66.1734693877551,-0.6301004779769135
11.310717127133445,-65.75510204081633,-0.6301004779769135
11.310717127133445,-65.33673469387755,-0.6301004779769135
11.310717127133445,-64.91836734693877,-0.6301004779769135
11.310717127133445,-64.5,-0.6301004779769135
12.093975330254473,-85,-0.5926858934045911
12.093975330254473,-84.58163265306122,-0.5926858934045911
12.093975330254473,-84.16326530612245,-0.5926858934045911
12.093975330254473,-83.74489795918367,-0.5926858934045911
12.093975330254473,-83.3265306122449,-0.5926858934045911
12.093975330254473,-82.90816326530613,-0.5926858934045911
12.093975330254473,-82.48979591836735,-0.5926858934045911
12.093975330254473,-82.07142857142857,-0.5926858934045911
12.093975330254473,-81.65306122448979,-0.5926858934045911
12.093975330254473,-81.23469387755102,-0.5926858934045911
12.093975330254473,-80.81632653061224,-0.5926858934045911
12.093975330254473,-80.39795918367346,-0.5926858934045911
12.093975330254473,-79.9795918367347,-0.5926858934045911
12.093975330254473,-79.56122448979592,-0.5926858934045911
12.093975330254473,-79.14285714285714,-0.5926858934045911
12.093975330254473,-78.72448979591837,-0.5926858934045911
12.093975330254473,-78.3061224489796,-0.5926858934045911
12.093976650243711,-77.88775510204081,-0.5926858934045911
12.093976650243711,-77.46938775510205,-0.5926858934045911
12.093976650243711,-77.05102040816327,-0.5926858934045911
12.093976650243711,-76.63265306122449,-0.5926858934045911
12.093976650243711,-76.21428571428571,-0.5926858934045911
12.093976650243711,-75.79591836734694,-0.5926858934045911
12.093976650243711,-75.37755102040816,-0.5926858934045911
12.093976650243711,-74.95918367346938,-0.5926858934045911
12.093976650243711,-74.54081632653062,-0.5926858934045911
12.093976650243711,-74.12244897959184,-0.5926858934045911
11.884348435775607,-73.70408163265306,-0.5926858934045911
11.884348435775607,-73.28571428571428,-0.5926858934045911
11.884348435775607,-72.86734693877551,-0.5926858934045911
11.884347908452904,-72.44897959183673,-0.5926858934045911
11.884347908452904,-72.03061224489795,-0.5926858934045911
11.884347908452904,-71.61224489795919,-0.5926858934045911
11.884347908452904,-71.1938775510204,-0.5926858934045911
11.884347908452904,-70.77551020408163,-0.5926858934045911
11.884347908452904,-70.35714285714286,-0.5926858934045911
11.884347908452904,-69.93877551020408,-0.5926858934045911
11.884347908452904,-69.5204081632653,-0.5926858934045911
11.884347908452904,-69.10204081632654,-0.5926858934045911
11.310717127133445,-68.68367346938776,-0.5926858934045911
11.310717127133445,-68.26530612244898,-0.5926858934045911
11.310717127133445,-67.84693877551021,-0.5926858934045911
11.310717127133445,-67.42857142857143,-0.5926858934045911
11.310717127133445,-67.01020408163265,-0.5926858934045911
11.310717127133445,-66.59183673469389,-0.5926858934045911
11.310717127133445,-66.1734693877551,-0.5926858934045911
11.310717127133445,-65.75510204081633,-0.5926858934045911
11.310717127133445,-65.33673469387755,-0.5926858934045911
11.310717127133445,-64.91836734693877,-0.5926858934045911
11.310717127133445,-64.5,-0.5926858934045911
12.093975330254473,-85,-0.5552713088322687
12.093975330254473,-84.58163265306122,-0.5552713088322687
12.093975330254473,-84.16326530612245,-0.5552713088322687
12.093975330254473,-83.74489795918367,-0.5552713088322687
12.093975330254473,-83.3265306122449,-0.5552713088322687
12.093975330254473,-82.90816326530613,-0.5552713088322687
12.093975330254473,-82.48979591836735,-0.5552713088322687
12.093975330254473,-82.07142857142857,-0.5552713088322687
12.093975330254473,-81.65306122448979,-0.5552713088322687
12.093975330254473,-81.23469387755102,-0.5552713088322687
12.093975330254473,-80.81632653061224,-0.5552713088322687
12.093975330254473,-80.39795918367346,-0.5552713088322687
12.093975330254473,-79.9795918367347,-0.5552713088322687
12.093975330254473,-79.56122448979592,-0.5552713088322687
12.093975330254473,-79.14285714285714,-0.5552713088322687
12.093975330254473,-78.72448979591837,-0.5552713088322687
12.093975330254473,-78.3061224489796,-0.5552713088322687
12.093976650243711,-77.88775510204081,-0.5552713088322687
12.093976650243711,-77.46938775510205,-0.5552713088322687
12.093976650243711,-77.05102040816327,-0.5552713088322687
12.093976650243711,-76.63265306122449,-0.5552713088322687
12.093976650243711,-76.21428571428571,-0.5552713088322687
12.093976650243711,-75.79591836734694,-0.5552713088322687
12.093976650243711,-75.37755102040816,-0.5552713088322687
12.093976650243711,-74.95918367346938,-0.5552713088322687
12.093976650243711,-74.54081632653062,-0.5552713088322687
12.093976650243711,-74.12244897959184,-0.5552713088322687
11.884348435775607,-73.70408163265306,-0.5552713088322687
11.884348435775607,-73.28571428571428,-0.5552713088322687
11.884348435775607,-72.86734693877551,-0.5552713088322687
11.884347908452904,-72.44897959183673,-0.5552713088322687
11.884347908452904,-72.03061224489795,-0.5552713088322687
11.884347908452904,-71.61224489795919,-0.5552713088322687
11.884347908452904,-71.1938775510204,-0.5552713088322687
11.884347908452904,-70.77551020408163,-0.5552713088322687
11.884347908452904,-70.35714285714286,-0.5552713088322687
11.884347908452904,-69.93877551020408,-0.5552713088322687
11.884347908452904,-69.5204081632653,-0.5552713088322687
11.884347908452904,-69.10204081632654,-0.5552713088322687
11.310717127133445,-68.68367346938776,-0.5552713088322687
11.310717127133445,-68.26530612244898,-0.5552713088322687
11.310717127133445,-67.84693877551021,-0.5552713088322687
11.310717127133445,-67.42857142857143,-0.5552713088322687
11.310717127133445,-67.01020408163265,-0.5552713088322687
11.310717127133445,-66.59183673469389,-0.5552713088322687
11.310717127133445,-66.1734693877551,-0.5552713088322687
11.310717127133445,-65.75510204081633,-0.5552713088322687
11.310717127133445,-65.33673469387755,-0.5552713088322687
11.310717127133445,-64.91836734693877,-0.5552713088322687
11.310717127133445,-64.5,-0.5552713088322687
12.093975330254473,-85,-0.5178567242599463
12.093975330254473,-84.58163265306122,-0.5178567242599463
12.093975330254473,-84.16326530612245,-0.5178567242599463
12.093975330254473,-83.74489795918367,-0.5178567242599463
12.093975330254473,-83.3265306122449,-0.5178567242599463
12.093975330254473,-82.90816326530613,-0.5178567242599463
12.093975330254473,-82.48979591836735,-0.5178567242599463
12.093975330254473,-82.07142857142857,-0.5178567242599463
12.093975330254473,-81.65306122448979,-0.5178567242599463
12.093975330254473,-81.23469387755102,-0.5178567242599463
12.093975330254473,-80.81632653061224,-0.5178567242599463
12.093975330254473,-80.39795918367346,-0.5178567242599463
12.093975330254473,-79.9795918367347,-0.5178567242599463
12.093975330254473,-79.56122448979592,-0.5178567242599463
12.093975330254473,-79.14285714285714,-0.5178567242599463
12.093975330254473,-78.72448979591837,-0.5178567242599463
12.093975330254473,-78.3061224489796,-0.5178567242599463
12.093976650243711,-77.88775510204081,-0.5178567242599463
12.093976650243711,-77.46938775510205,-0.5178567242599463
12.093976650243711,-77.05102040816327,-0.5178567242599463
12.093976650243711,-76.63265306122449,-0.5178567242599463
12.093976650243711,-76.21428571428571,-0.5178567242599463
12.093976650243711,-75.79591836734694,-0.5178567242599463
12.093976650243711,-75.37755102040816,-0.5178567242599463
12.093976650243711,-74.95918367346938,-0.5178567242599463
12.093976650243711,-74.54081632653062,-0.5178567242599463
12.093976650243711,-74.12244897959184,-0.5178567242599463
11.884348435775607,-73.70408163265306,-0.5178567242599463
11.884348435775607,-73.28571428571428,-0.5178567242599463
11.884348435775607,-72.86734693877551,-0.5178567242599463
11.884347908452904,-72.44897959183673,-0.5178567242599463
11.884347908452904,-72.03061224489795,-0.5178567242599463
11.884347908452904,-71.61224489795919,-0.5178567242599463
11.884347908452904,-71.1938775510204,-0.5178567242599463
11.884347908452904,-70.77551020408163,-0.5178567242599463
11.884347908452904,-70.35714285714286,-0.5178567242599463
11.884347908452904,-69.93877551020408,-0.5178567242599463
11.884347908452904,-69.5204081632653,-0.5178567242599463
11.884347908452904,-69.10204081632654,-0.5178567242599463
11.310717127133445,-68.68367346938776,-0.5178567242599463
11.310717127133445,-68.26530612244898,-0.5178567242599463
11.310717127133445,-67.84693877551021,-0.5178567242599463
11.310717127133445,-67.42857142857143,-0.5178567242599463
11.310717127133445,-67.01020408163265,-0.5178567242599463
11.310717127133445,-66.59183673469389,-0.5178567242599463
11.310717127133445,-66.1734693877551,-0.5178567242599463
11.310717127133445,-65.75510204081633,-0.5178567242599463
11.310717127133445,-65.33673469387755,-0.5178567242599463
11.310717127133445,-64.91836734693877,-0.5178567242599463
11.310717127133445,-64.5,-0.5178567242599463
12.093975330254473,-85,-0.48044213968762395
12.093975330254473,-84.58163265306122,-0.48044213968762395
12.093975330254473,-84.16326530612245,-0.48044213968762395
12.093975330254473,-83.74489795918367,-0.48044213968762395
12.093975330254473,-83.3265306122449,-0.48044213968762395
12.093975330254473,-82.90816326530613,-0.48044213968762395
12.093975330254473,-82.48979591836735,-0.48044213968762395
12.093975330254473,-82.07142857142857,-0.48044213968762395
12.093975330254473,-81.65306122448979,-0.48044213968762395
12.093975330254473,-81.23469387755102,-0.48044213968762395
12.093975330254473,-80.81632653061224,-0.48044213968762395
12.093975330254473,-80.39795918367346,-0.48044213968762395
12.093975330254473,-79.9795918367347,-0.48044213968762395
12.093975330254473,-79.56122448979592,-0.48044213968762395
12.093975330254473,-79.14285714285714,-0.48044213968762395
12.093975330254473,-78.72448979591837,-0.48044213968762395
12.093975330254473,-78.3061224489796,-0.48044213968762395
12.093976650243711,-77.88775510204081,-0.48044213968762395
12.093976650243711,-77.46938775510205,-0.48044213968762395
12.093976650243711,-77.05102040816327,-0.48044213968762395
12.093976650243711,-76.63265306122449,-0.48044213968762395
12.093976650243711,-76.21428571428571,-0.48044213968762395
12.093976650243711,-75.79591836734694,-0.48044213968762395
12.093976650243711,-75.37755102040816,-0.48044213968762395
12.093976650243711,-74.95918367346938,-0.48044213968762395
12.093976650243711,-74.54081632653062,-0.48044213968762395
12.093976650243711,-74.12244897959184,-0.48044213968762395
11.884348435775607,-73.70408163265306,-0.48044213968762395
11.884348435775607,-73.28571428571428,-0.48044213968762395
11.884348435775607,-72.86734693877551,-0.48044213968762395
11.884347908452904,-72.44897959183673,-0.48044213968762395
11.884347908452904,-72.03061224489795,-0.48044213968762395
11.884347908452904,-71.61224489795919,-0.48044213968762395
11.884347908452904,-71.1938775510204,-0.48044213968762395
11.884347908452904,-70.77551020408163,-0.48044213968762395
11.884347908452904,-70.35714285714286,-0.48044213968762395
11.884347908452904,-69.93877551020408,-0.48044213968762395
11.884347908452904,-69.5204081632653,-0.48044213968762395
11.884347908452904,-69.10204081632654,-0.48044213968762395
11.310717127133445,-68.68367346938776,-0.48044213968762395
11.310717127133445,-68.26530612244898,-0.48044213968762395
11.310717127133445,-67.84693877551021,-0.48044213968762395
11.310717127133445,-67.42857142857143,-0.48044213968762395
11.310717127133445,-67.01020408163265,-0.48044213968762395
11.310717127133445,-66.59183673469389,-0.48044213968762395
11.310717127133445,-66.1734693877551,-0.48044213968762395
11.310717127133445,-65.75510204081633,-0.48044213968762395
11.310717127133445,-65.33673469387755,-0.48044213968762395
11.310717127133445,-64.91836734693877,-0.48044213968762395
11.310717127133445,-64.5,-0.48044213968762395
12.093975330254473,-85,-0.4430275551153018
12.093975330254473,-84.58163265306122,-0.4430275551153018
12.093975330254473,-84.16326530612245,-0.4430275551153018
12.093975330254473,-83.74489795918367,-0.4430275551153018
12.093975330254473,-83.3265306122449,-0.4430275551153018
12.093975330254473,-82.90816326530613,-0.4430275551153018
12.093975330254473,-82.48979591836735,-0.4430275551153018
12.093975330254473,-82.07142857142857,-0.4430275551153018
12.093975330254473,-81.65306122448979,-0.4430275551153018
12.093975330254473,-81.23469387755102,-0.4430275551153018
12.093975330254473,-80.81632653061224,-0.4430275551153018
12.093975330254473,-80.39795918367346,-0.4430275551153018
12.093975330254473,-79.9795918367347,-0.4430275551153018
12.093975330254473,-79.56122448979592,-0.4430275551153018
12.093975330254473,-79.14285714285714,-0.4430275551153018
12.093975330254473,-78.72448979591837,-0.4430275551153018
12.093975330254473,-78.3061224489796,-0.4430275551153018
12.093976650243711,-77.88775510204081,-0.4430275551153018
12.093976650243711,-77.46938775510205,-0.4430275551153018
12.093976650243711,-77.05102040816327,-0.4430275551153018
12.093976650243711,-76.63265306122449,-0.4430275551153018
12.093976650243711,-76.21428571428571,-0.4430275551153018
12.093976650243711,-75.79591836734694,-0.4430275551153018
12.093976650243711,-75.37755102040816,-0.4430275551153018
12.093976650243711,-74.95918367346938,-0.4430275551153018
12.093976650243711,-74.54081632653062,-0.4430275551153018
12.093976650243711,-74.12244897959184,-0.4430275551153018
11.884348435775607,-73.70408163265306,-0.4430275551153018
11.884348435775607,-73.28571428571428,-0.4430275551153018
11.884348435775607,-72.86734693877551,-0.4430275551153018
11.884347908452904,-72.44897959183673,-0.4430275551153018
11.884347908452904,-72.03061224489795,-0.4430275551153018
11.884347908452904,-71.61224489795919,-0.4430275551153018
11.884347908452904,-71.1938775510204,-0.4430275551153018
11.884347908452904,-70.77551020408163,-0.4430275551153018
11.884347908452904,-70.35714285714286,-0.4430275551153018
11.884347908452904,-69.93877551020408,-0.4430275551153018
11.884347908452904,-69.5204081632653,-0.4430275551153018
11.884347908452904,-69.10204081632654,-0.4430275551153018
11.310717127133445,-68.68367346938776,-0.4430275551153018
11.310717127133445,-68.26530612244898,-0.4430275551153018
11.310717127133445,-67.84693877551021,-0.4430275551153018
11.310717127133445,-67.42857142857143,-0.4430275551153018
11.310717127133445,-67.01020408163265,-0.4430275551153018
11.310717127133445,-66.59183673469389,-0.4430275551153018
11.310717127133445,-66.1734693877551,-0.4430275551153018
11.310717127133445,-65.75510204081633,-0.4430275551153018
11.310717127133445,-65.33673469387755,-0.4430275551153018
11.310717127133445,-64.91836734693877,-0.4430275551153018
11.310717127133445,-64.5,-0.4430275551153018
12.093975330254473,-85,-0.4056129705429794
12.093975330254473,-84.58163265306122,-0.4056129705429794
12.093975330254473,-84.16326530612245,-0.4056129705429794
12.093975330254473,-83.74489795918367,-0.4056129705429794
12.093975330254473,-83.3265306122449,-0.4056129705429794
12.093975330254473,-82.90816326530613,-0.4056129705429794
12.093975330254473,-82.48979591836735,-0.4056129705429794
12.093975330254473,-82.07142857142857,-0.4056129705429794
12.093975330254473,-81.65306122448979,-0.4056129705429794
12.093975330254473,-81.23469387755102,-0.4056129705429794
12.093975330254473,-80.81632653061224,-0.4056129705429794
12.093975330254473,-80.39795918367346,-0.4056129705429794
12.093975330254473,-79.9795918367347,-0.4056129705429794
12.093975330254473,-79.56122448979592,-0.4056129705429794
12.093975330254473,-79.14285714285714,-0.4056129705429794
12.093975330254473,-78.72448979591837,-0.4056129705429794
12.093975330254473,-78.3061224489796,-0.4056129705429794
12.093976650243711,-77.88775510204081,-0.4056129705429794
12.093976650243711,-77.46938775510205,-0.4056129705429794
12.093976650243711,-77.05102040816327,-0.4056129705429794
12.093976650243711,-76.63265306122449,-0.4056129705429794
12.093976650243711,-76.21428571428571,-0.4056129705429794
12.093976650243711,-75.79591836734694,-0.4056129705429794
12.093976650243711,-75.37755102040816,-0.4056129705429794
12.093976650243711,-74.95918367346938,-0.4056129705429794
12.093976650243711,-74.54081632653062,-0.4056129705429794
12.093976650243711,-74.12244897959184,-0.4056129705429794
11.884348435775607,-73.70408163265306,-0.4056129705429794
11.884348435775607,-73.28571428571428,-0.4056129705429794
11.884348435775607,-72.86734693877551,-0.4056129705429794
11.884347908452904,-72.44897959183673,-0.4056129705429794
11.884347908452904,-72.03061224489795,-0.4056129705429794
11.884347908452904,-71.61224489795919,-0.4056129705429794
11.884347908452904,-71.1938775510204,-0.4056129705429794
11.884347908452904,-70.77551020408163,-0.4056129705429794
11.884347908452904,-70.35714285714286,-0.4056129705429794
11.884347908452904,-69.93877551020408,-0.4056129705429794
11.884347908452904,-69.5204081632653,-0.4056129705429794
11.884347908452904,-69.10204081632654,-0.4056129705429794
11.310717127133445,-68.68367346938776,-0.4056129705429794
11.310717127133445,-68.26530612244898,-0.4056129705429794
11.310717127133445,-67.84693877551021,-0.4056129705429794
11.310717127133445,-67.42857142857143,-0.4056129705429794
11.310717127133445,-67.01020408163265,-0.4056129705429794
11.310717127133445,-66.59183673469389,-0.4056129705429794
11.310717127133445,-66.1734693877551,-0.4056129705429794
11.310717127133445,-65.75510204081633,-0.4056129705429794
11.310717127133445,-65.33673469387755,-0.4056129705429794
11.310717127133445,-64.91836734693877,-0.4056129705429794
11.310717127133445,-64.5,-0.4056129705429794
12.093975330254473,-85,-0.368198385970657
12.093975330254473,-84.58163265306122,-0.368198385970657
12.093975330254473,-84.16326530612245,-0.368198385970657
12.093975330254473,-83.74489795918367,-0.368198385970657
12.093975330254473,-83.3265306122449,-0.368198385970657
12.093975330254473,-82.90816326530613,-0.368198385970657
12.093975330254473,-82.48979591836735,-0.368198385970657
12.093975330254473,-82.07142857142857,-0.368198385970657
12.093975330254473,-81.65306122448979,-0.368198385970657
12.093975330254473,-81.23469387755102,-0.368198385970657
12.093975330254473,-80.81632653061224,-0.368198385970657
12.093975330254473,-80.39795918367346,-0.368198385970657
12.093975330254473,-79.9795918367347,-0.368198385970657
12.093975330254473,-79.56122448979592,-0.368198385970657
12.093975330254473,-79.14285714285714,-0.368198385970657
12.093975330254473,-78.72448979591837,-0.368198385970657
12.093975330254473,-78.3061224489796,-0.368198385970657
12.093976650243711,-77.88775510204081,-0.368198385970657
12.093976650243711,-77.46938775510205,-0.368198385970657
12.093976650243711,-77.05102040816327,-0.368198385970657
12.093976650243711,-76.63265306122449,-0.368198385970657
12.093976650243711,-76.21428571428571,-0.368198385970657
12.093976650243711,-75.79591836734694,-0.368198385970657
12.093976650243711,-75.37755102040816,-0.368198385970657
12.093976650243711,-74.95918367346938,-0.368198385970657
12.093976650243711,-74.54081632653062,-0.368198385970657
12.093976650243711,-74.12244897959184,-0.368198385970657
11.884348435775607,-73.70408163265306,-0.368198385970657
11.884348435775607,-73.28571428571428,-0.368198385970657
11.884348435775607,-72.86734693877551,-0.368198385970657
11.884347908452904,-72.44897959183673,-0.368198385970657
11.884347908452904,-72.03061224489795,-0.368198385970657
11.884347908452904,-71.61224489795919,-0.368198385970657
11.884347908452904,-71.1938775510204,-0.368198385970657
11.884347908452904,-70.77551020408163,-0.368198385970657
11.884347908452904,-70.35714285714286,-0.368198385970657
11.884347908452904,-69.93877551020408,-0.368198385970657
11.884347908452904,-69.5204081632653,-0.368198385970657
11.884347908452904,-69.10204081632654,-0.368198385970657
11.310717127133445,-68.68367346938776,-0.368198385970657
11.310717127133445,-68.26530612244898,-0.368198385970657
11.310717127133445,-67.84693877551021,-0.368198385970657
11.310717127133445,-67.42857142857143,-0.368198385970657
11.310717127133445,-67.01020408163265,-0.368198385970657
11.310717127133445,-66.59183673469389,-0.368198385970657
11.310717127133445,-66.1734693877551,-0.368198385970657
11.310717127133445,-65.75510204081633,-0.368198385970657
11.310717127133445,-65.33673469387755,-0.368198385970657
11.310717127133445,-64.91836734693877,-0.368198385970657
11.310717127133445,-64.5,-0.368198385970657
12.093975330254473,-85,-0.33078380139833463
12.093975330254473,-84.58163265306122,-0.33078380139833463
12.093975330254473,-84.16326530612245,-0.33078380139833463
12.093975330254473,-83.74489795918367,-0.33078380139833463
12.093975330254473,-83.3265306122449,-0.33078380139833463
12.093975330254473,-82.90816326530613,-0.33078380139833463
12.093975330254473,-82.48979591836735,-0.33078380139833463
12.093975330254473,-82.07142857142857,-0.33078380139833463
12.093975330254473,-81.65306122448979,-0.33078380139833463
12.093975330254473,-81.23469387755102,-0.33078380139833463
12.093975330254473,-80.81632653061224,-0.33078380139833463
12.093975330254473,-80.39795918367346,-0.33078380139833463
12.093975330254473,-79.9795918367347,-0.33078380139833463
12.093975330254473,-79.56122448979592,-0.33078380139833463
12.093975330254473,-79.14285714285714,-0.33078380139833463
12.093975330254473,-78.72448979591837,-0.33078380139833463
12.093975330254473,-78.3061224489796,-0.33078380139833463
12.093976650243711,-77.88775510204081,-0.33078380139833463
12.093976650243711,-77.46938775510205,-0.33078380139833463
12.093976650243711,-77.05102040816327,-0.33078380139833463
12.093976650243711,-76.63265306122449,-0.33078380139833463
12.093976650243711,-76.21428571428571,-0.33078380139833463
12.093976650243711,-75.79591836734694,-0.33078380139833463
12.093976650243711,-75.37755102040816,-0.33078380139833463
12.093976650243711,-74.95918367346938,-0.33078380139833463
12.093976650243711,-74.54081632653062,-0.33078380139833463
12.093976650243711,-74.12244897959184,-0.33078380139833463
11.884348435775607,-73.70408163265306,-0.33078380139833463
11.884348435775607,-73.28571428571428,-0.33078380139833463
11.884348435775607,-72.86734693877551,-0.33078380139833463
11.884347908452904,-72.44897959183673,-0.33078380139833463
11.884347908452904,-72.03061224489795,-0.33078380139833463
11.884347908452904,-71.61224489795919,-0.33078380139833463
11.884347908452904,-71.1938775510204,-0.33078380139833463
11.884347908452904,-70.77551020408163,-0.33078380139833463
11.884347908452904,-70.35714285714286,-0.33078380139833463
11.884347908452904,-69.93877551020408,-0.33078380139833463
11.884347908452904,-69.5204081632653,-0.33078380139833463
11.884347908452904,-69.10204081632654,-0.33078380139833463
11.310717127133445,-68.68367346938776,-0.33078380139833463
11.310717127133445,-68.26530612244898,-0.33078380139833463
11.310717127133445,-67.84693877551021,-0.33078380139833463
11.310717127133445,-67.42857142857143,-0.33078380139833463
11.310717127133445,-67.01020408163265,-0.33078380139833463
11.310717127133445,-66.59183673469389,-0.33078380139833463
11.310717127133445,-66.1734693877551,-0.33078380139833463
11.310717127133445,-65.75510204081633,-0.33078380139833463
11.310717127133445,-65.33673469387755,-0.33078380139833463
11.310717127133445,-64.91836734693877,-0.33078380139833463
11.310717127133445,-64.5,-0.33078380139833463
12.275935934030262,-85,-0.29336921682601225
12.275935934030262,-84.58163265306122,-0.29336921682601225
12.275935934030262,-84.16326530612245,-0.29336921682601225
12.275935934030262,-83.74489795918367,-0.29336921682601225
12.275935934030262,-83.3265306122449,-0.29336921682601225
12.275935934030262,-82.90816326530613,-0.29336921682601225
12.275935934030262,-82.48979591836735,-0.29336921682601225
12.275935934030262,-82.07142857142857,-0.29336921682601225
12.275935934030262,-81.65306122448979,-0.29336921682601225
12.275935934030262,-81.23469387755102,-0.29336921682601225
12.275935934030262,-80.81632653061224,-0.29336921682601225
12.275935934030262,-80.39795918367346,-0.29336921682601225
12.275935934030262,-79.9795918367347,-0.29336921682601225
12.275935934030262,-79.56122448979592,-0.29336921682601225
12.275935934030262,-79.14285714285714,-0.29336921682601225
12.275935934030262,-78.72448979591837,-0.29336921682601225
12.275935934030262,-78.3061224489796,-0.29336921682601225
12.27593725615404,-77.88775510204081,-0.29336921682601225
12.27593725615404,-77.46938775510205,-0.29336921682601225
12.27593725615404,-77.05102040816327,-0.29336921682601225
12.27593725615404,-76.63265306122449,-0.29336921682601225
12.27593725615404,-76.21428571428571,-0.29336921682601225
12.27593725615404,-75.79591836734694,-0.29336921682601225
12.27593725615404,-75.37755102040816,-0.29336921682601225
12.27593725615404,-74.95918367346938,-0.29336921682601225
12.27593725615404,-74.54081632653062,-0.29336921682601225
12.27593725615404,-74.12244897959184,-0.29336921682601225
12.063111971654784,-73.70408163265306,-0.29336921682601225
12.063111971654784,-73.28571428571428,-0.29336921682601225
12.063111971654784,-72.86734693877551,-0.29336921682601225
12.063111442197544,-72.44897959183673,-0.29336921682601225
12.063111442197544,-72.03061224489795,-0.29336921682601225
12.063111442197544,-71.61224489795919,-0.29336921682601225
12.063111442197544,-71.1938775510204,-0.29336921682601225
12.063111442197544,-70.77551020408163,-0.29336921682601225
12.063111442197544,-70.35714285714286,-0.29336921682601225
12.063111442197544,-69.93877551020408,-0.29336921682601225
12.063111442197544,-69.5204081632653,-0.29336921682601225
12.063111442197544,-69.10204081632654,-0.29336921682601225
11.489301265786084,-68.68367346938776,-0.29336921682601225
11.489301265786084,-68.26530612244898,-0.29336921682601225
11.489301265786084,-67.84693877551021,-0.29336921682601225
11.489301265786084,-67.42857142857143,-0.29336921682601225
11.489301265786084,-67.01020408163265,-0.29336921682601225
11.489301265786084,-66.59183673469389,-0.29336921682601225
11.489301265786084,-66.1734693877551,-0.29336921682601225
11.489301265786084,-65.75510204081633,-0.29336921682601225
11.489301265786084,-65.33673469387755,-0.29336921682601225
11.489301265786084,-64.91836734693877,-0.29336921682601225
11.489301265786084,-64.5,-0.29336921682601225
12.275935934030262,-85,-0.25595463225368986
12.275935934030262,-84.58163265306122,-0.25595463225368986
12.275935934030262,-84.16326530612245,-0.25595463225368986
12.275935934030262,-83.74489795918367,-0.25595463225368986
12.275935934030262,-83.3265306122449,-0.25595463225368986
12.275935934030262,-82.90816326530613,-0.25595463225368986
12.275935934030262,-82.48979591836735,-0.25595463225368986
12.275935934030262,-82.07142857142857,-0.25595463225368986
12.275935934030262,-81.65306122448979,-0.25595463225368986
12.275935934030262,-81.23469387755102,-0.25595463225368986
12.275935934030262,-80.81632653061224,-0.25595463225368986
12.275935934030262,-80.39795918367346,-0.25595463225368986
12.275935934030262,-79.9795918367347,-0.25595463225368986
12.275935934030262,-79.56122448979592,-0.25595463225368986
12.275935934030262,-79.14285714285714,-0.25595463225368986
12.275935934030262,-78.72448979591837,-0.25595463225368986
12.275935934030262,-78.3061224489796,-0.25595463225368986
12.27593725615404,-77.88775510204081,-0.25595463225368986
12.27593725615404,-77.46938775510205,-0.25595463225368986
12.27593725615404,-77.05102040816327,-0.25595463225368986
12.27593725615404,-76.63265306122449,-0.25595463225368986
12.27593725615404,-76.21428571428571,-0.25595463225368986
12.27593725615404,-75.79591836734694,-0.25595463225368986
12.27593725615404,-75.37755102040816,-0.25595463225368986
12.27593725615404,-74.95918367346938,-0.25595463225368986
12.27593725615404,-74.54081632653062,-0.25595463225368986
12.27593725615404,-74.12244897959184,-0.25595463225368986
12.063111971654784,-73.70408163265306,-0.25595463225368986
12.063111971654784,-73.28571428571428,-0.25595463225368986
12.063111971654784,-72.86734693877551,-0.25595463225368986
12.063111442197544,-72.44897959183673,-0.25595463225368986
12.063111442197544,-72.03061224489795,-0.25595463225368986
12.063111442197544,-71.61224489795919,-0.25595463225368986
12.063111442197544,-71.1938775510204,-0.25595463225368986
12.063111442197544,-70.77551020408163,-0.25595463225368986
12.063111442197544,-70.35714285714286,-0.25595463225368986
12.063111442197544,-69.93877551020408,-0.25595463225368986
12.063111442197544,-69.5204081632653,-0.25595463225368986
12.063111442197544,-69.10204081632654,-0.25595463225368986
11.489301265786084,-68.68367346938776,-0.25595463225368986
11.489301265786084,-68.26530612244898,-0.25595463225368986
11.489301265786084,-67.84693877551021,-0.25595463225368986
11.489301265786084,-67.42857142857143,-0.25595463225368986
11.489301265786084,-67.01020408163265,-0.25595463225368986
11.489301265786084,-66.59183673469389,-0.25595463225368986
11.489301265786084,-66.1734693877551,-0.25595463225368986
11.489301265786084,-65.75510204081633,-0.25595463225368986
11.489301265786084,-65.33673469387755,-0.25595463225368986
11.489301265786084,-64.91836734693877,-0.25595463225368986
11.489301265786084,-64.5,-0.25595463225368986
12.275935934030262,-85,-0.21854004768136748
12.275935934030262,-84.58163265306122,-0.21854004768136748
12.275935934030262,-84.16326530612245,-0.21854004768136748
12.275935934030262,-83.74489795918367,-0.21854004768136748
12.275935934030262,-83.3265306122449,-0.21854004768136748
12.275935934030262,-82.90816326530613,-0.21854004768136748
12.275935934030262,-82.48979591836735,-0.21854004768136748
12.275935934030262,-82.07142857142857,-0.21854004768136748
12.275935934030262,-81.65306122448979,-0.21854004768136748
12.275935934030262,-81.23469387755102,-0.21854004768136748
12.275935934030262,-80.81632653061224,-0.21854004768136748
12.275935934030262,-80.39795918367346,-0.21854004768136748
12.275935934030262,-79.9795918367347,-0.21854004768136748
12.275935934030262,-79.56122448979592,-0.21854004768136748
12.275935934030262,-79.14285714285714,-0.21854004768136748
12.275935934030262,-78.72448979591837,-0.21854004768136748
12.275935934030262,-78.3061224489796,-0.21854004768136748
12.27593725615404,-77.88775510204081,-0.21854004768136748
12.27593725615404,-77.46938775510205,-0.21854004768136748
12.27593725615404,-77.05102040816327,-0.21854004768136748
12.27593725615404,-76.63265306122449,-0.21854004768136748
12.27593725615404,-76.21428571428571,-0.21854004768136748
12.27593725615404,-75.79591836734694,-0.21854004768136748
12.27593725615404,-75.37755102040816,-0.21854004768136748
12.27593725615404,-74.95918367346938,-0.21854004768136748
12.27593725615404,-74.54081632653062,-0.21854004768136748
12.27593725615404,-74.12244897959184,-0.21854004768136748
12.063111971654784,-73.70408163265306,-0.21854004768136748
12.063111971654784,-73.28571428571428,-0.21854004768136748
12.063111971654784,-72.86734693877551,-0.21854004768136748
12.063111442197544,-72.44897959183673,-0.21854004768136748
12.063111442197544,-72.03061224489795,-0.21854004768136748
12.063111442197544,-71.61224489795919,-0.21854004768136748
12.063111442197544,-71.1938775510204,-0.21854004768136748
12.063111442197544,-70.77551020408163,-0.21854004768136748
12.063111442197544,-70.35714285714286,-0.21854004768136748
12.063111442197544,-69.93877551020408,-0.21854004768136748
12.063111442197544,-69.5204081632653,-0.21854004768136748
12.063111442197544,-69.10204081632654,-0.21854004768136748
11.489301265786084,-68.68367346938776,-0.21854004768136748
11.489301265786084,-68.26530612244898,-0.21854004768136748
11.489301265786084,-67.84693877551021,-0.21854004768136748
11.489301265786084,-67.42857142857143,-0.21854004768136748
11.489301265786084,-67.01020408163265,-0.21854004768136748
11.489301265786084,-66.59183673469389,-0.21854004768136748
11.489301265786084,-66.1734693877551,-0.21854004768136748
11.489301265786084,-65.75510204081633,-0.21854004768136748
11.489301265786084,-65.33673469387755,-0.21854004768136748
11.489301265786084,-64.91836734693877,-0.21854004768136748
11.489301265786084,-64.5,-0.21854004768136748
12.275935934030262,-85,-0.1811254631090451
12.275935934030262,-84.58163265306122,-0.1811254631090451
12.275935934030262,-84.16326530612245,-0.1811254631090451
12.275935934030262,-83.74489795918367,-0.1811254631090451
12.275935934030262,-83.3265306122449,-0.1811254631090451
12.275935934030262,-82.90816326530613,-0.1811254631090451
12.275935934030262,-82.48979591836735,-0.1811254631090451
12.275935934030262,-82.07142857142857,-0.1811254631090451
12.275935934030262,-81.65306122448979,-0.1811254631090451
12.275935934030262,-81.23469387755102,-0.1811254631090451
12.275935934030262,-80.81632653061224,-0.1811254631090451
12.275935934030262,-80.39795918367346,-0.1811254631090451
12.275935934030262,-79.9795918367347,-0.1811254631090451
12.275935934030262,-79.56122448979592,-0.1811254631090451
12.275935934030262,-79.14285714285714,-0.1811254631090451
12.275935934030262,-78.72448979591837,-0.1811254631090451
12.275935934030262,-78.3061224489796,-0.1811254631090451
12.27593725615404,-77.88775510204081,-0.1811254631090451
12.27593725615404,-77.46938775510205,-0.1811254631090451
12.27593725615404,-77.05102040816327,-0.1811254631090451
12.27593725615404,-76.63265306122449,-0.1811254631090451
12.27593725615404,-76.21428571428571,-0.1811254631090451
12.27593725615404,-75.79591836734694,-0.1811254631090451
12.27593725615404,-75.37755102040816,-0.1811254631090451
12.27593725615404,-74.95918367346938,-0.1811254631090451
12.27593725615404,-74.54081632653062,-0.1811254631090451
12.27593725615404,-74.12244897959184,-0.1811254631090451
12.063111971654784,-73.70408163265306,-0.1811254631090451
12.063111971654784,-73.28571428571428,-0.1811254631090451
12.063111971654784,-72.86734693877551,-0.1811254631090451
12.063111442197544,-72.44897959183673,-0.1811254631090451
12.063111442197544,-72.03061224489795,-0.1811254631090451
12.063111442197544,-71.61224489795919,-0.1811254631090451
12.063111442197544,-71.1938775510204,-0.1811254631090451
12.063111442197544,-70.77551020408163,-0.1811254631090451
12.063111442197544,-70.35714285714286,-0.1811254631090451
12.063111442197544,-69.93877551020408,-0.1811254631090451
12.063111442197544,-69.5204081632653,-0.1811254631090451
12.063111442197544,-69.10204081632654,-0.1811254631090451
11.489301265786084,-68.68367346938776,-0.1811254631090451
11.489301265786084,-68.26530612244898,-0.1811254631090451
11.489301265786084,-67.84693877551021,-0.1811254631090451
11.489301265786084,-67.42857142857143,-0.1811254631090451
11.489301265786084,-67.01020408163265,-0.1811254631090451
11.489301265786084,-66.59183673469389,-0.1811254631090451
11.489301265786084,-66.1734693877551,-0.1811254631090451
11.489301265786084,-65.75510204081633,-0.1811254631090451
11.489301265786084,-65.33673469387755,-0.1811254631090451
11.489301265786084,-64.91836734693877,-0.1811254631090451
11.489301265786084,-64.5,-0.1811254631090451
12.275935934030262,-85,-0.1437108785367227
12.275935934030262,-84.58163265306122,-0.1437108785367227
12.275935934030262,-84.16326530612245,-0.1437108785367227
12.275935934030262,-83.74489795918367,-0.1437108785367227
12.275935934030262,-83.3265306122449,-0.1437108785367227
12.275935934030262,-82.90816326530613,-0.1437108785367227
12.275935934030262,-82.48979591836735,-0.1437108785367227
12.275935934030262,-82.07142857142857,-0.1437108785367227
12.275935934030262,-81.65306122448979,-0.1437108785367227
12.275935934030262,-81.23469387755102,-0.1437108785367227
12.275935934030262,-80.81632653061224,-0.1437108785367227
12.275935934030262,-80.39795918367346,-0.1437108785367227
12.275935934030262,-79.9795918367347,-0.1437108785367227
12.275935934030262,-79.56122448979592,-0.1437108785367227
12.275935934030262,-79.14285714285714,-0.1437108785367227
12.275935934030262,-78.72448979591837,-0.1437108785367227
12.275935934030262,-78.3061224489796,-0.1437108785367227
12.27593725615404,-77.88775510204081,-0.1437108785367227
12.27593725615404,-77.46938775510205,-0.1437108785367227
12.27593725615404,-77.05102040816327,-0.1437108785367227
12.27593725615404,-76.63265306122449,-0.1437108785367227
12.27593725615404,-76.21428571428571,-0.1437108785367227
12.27593725615404,-75.79591836734694,-0.1437108785367227
12.27593725615404,-75.37755102040816,-0.1437108785367227
12.27593725615404,-74.95918367346938,-0.1437108785367227
12.27593725615404,-74.54081632653062,-0.1437108785367227
12.27593725615404,-74.12244897959184,-0.1437108785367227
12.063111971654784,-73.70408163265306,-0.1437108785367227
12.063111971654784,-73.28571428571428,-0.1437108785367227
12.063111971654784,-72.86734693877551,-0.1437108785367227
12.063111442197544,-72.44897959183673,-0.1437108785367227
12.063111442197544,-72.03061224489795,-0.1437108785367227
12.063111442197544,-71.61224489795919,-0.1437108785367227
12.063111442197544,-71.1938775510204,-0.1437108785367227
12.063111442197544,-70.77551020408163,-0.1437108785367227
12.063111442197544,-70.35714285714286,-0.1437108785367227
12.063111442197544,-69.93877551020408,-0.1437108785367227
12.063111442197544,-69.5204081632653,-0.1437108785367227
12.063111442197544,-69.10204081632654,-0.1437108785367227
11.489301265786084,-68.68367346938776,-0.1437108785367227
11.489301265786084,-68.26530612244898,-0.1437108785367227
11.489301265786084,-67.84693877551021,-0.1437108785367227
11.489301265786084,-67.42857142857143,-0.1437108785367227
11.489301265786084,-67.01020408163265,-0.1437108785367227
11.489301265786084,-66.59183673469389,-0.1437108785367227
11.489301265786084,-66.1734693877551,-0.1437108785367227
11.489301265786084,-65.75510204081633,-0.1437108785367227
11.489301265786084,-65.33673469387755,-0.1437108785367227
11.489301265786084,-64.91836734693877,-0.1437108785367227
11.489301265786084,-64.5,-0.1437108785367227
12.275935934030262,-85,-0.10629629396440032
12.275935934030262,-84.58163265306122,-0.10629629396440032
12.275935934030262,-84.16326530612245,-0.10629629396440032
12.275935934030262,-83.74489795918367,-0.10629629396440032
12.275935934030262,-83.3265306122449,-0.10629629396440032
12.275935934030262,-82.90816326530613,-0.10629629396440032
12.275935934030262,-82.48979591836735,-0.10629629396440032
12.275935934030262,-82.07142857142857,-0.10629629396440032
12.275935934030262,-81.65306122448979,-0.10629629396440032
12.275935934030262,-81.23469387755102,-0.10629629396440032
12.275935934030262,-80.81632653061224,-0.10629629396440032
12.275935934030262,-80.39795918367346,-0.10629629396440032
12.275935934030262,-79.9795918367347,-0.10629629396440032
12.275935934030262,-79.56122448979592,-0.10629629396440032
12.275935934030262,-79.14285714285714,-0.10629629396440032
12.275935934030262,-78.72448979591837,-0.10629629396440032
12.275935934030262,-78.3061224489796,-0.10629629396440032
12.27593725615404,-77.88775510204081,-0.10629629396440032
12.27593725615404,-77.46938775510205,-0.10629629396440032
12.27593725615404,-77.05102040816327,-0.10629629396440032
12.27593725615404,-76.63265306122449,-0.10629629396440032
12.27593725615404,-76.21428571428571,-0.10629629396440032
12.27593725615404,-75.79591836734694,-0.10629629396440032
12.27593725615404,-75.37755102040816,-0.10629629396440032
12.27593725615404,-74.95918367346938,-0.10629629396440032
12.27593725615404,-74.54081632653062,-0.10629629396440032
12.27593725615404,-74.12244897959184,-0.10629629396440032
12.063111971654784,-73.70408163265306,-0.10629629396440032
12.063111971654784,-73.28571428571428,-0.10629629396440032
12.063111971654784,-72.86734693877551,-0.10629629396440032
12.063111442197544,-72.44897959183673,-0.10629629396440032
12.063111442197544,-72.03061224489795,-0.10629629396440032
12.063111442197544,-71.61224489795919,-0.10629629396440032
12.063111442197544,-71.1938775510204,-0.10629629396440032
12.063111442197544,-70.77551020408163,-0.10629629396440032
12.063111442197544,-70.35714285714286,-0.10629629396440032
12.063111442197544,-69.93877551020408,-0.10629629396440032
12.063111442197544,-69.5204081632653,-0.10629629396440032
12.063111442197544,-69.10204081632654,-0.10629629396440032
11.489301265786084,-68.68367346938776,-0.10629629396440032
11.489301265786084,-68.26530612244898,-0.10629629396440032
11.489301265786084,-67.84693877551021,-0.10629629396440032
11.489301265786084,-67.42857142857143,-0.10629629396440032
11.489301265786084,-67.01020408163265,-0.10629629396440032
11.489301265786084,-66.59183673469389,-0.10629629396440032
11.489301265786084,-66.1734693877551,-0.10629629396440032
11.489301265786084,-65.75510204081633,-0.10629629396440032
11.489301265786084,-65.33673469387755,-0.10629629396440032
11.489301265786084,-64.91836734693877,-0.10629629396440032
11.489301265786084,-64.5,-0.10629629396440032
12.275935934030262,-85,-0.06888170939207794
12.275935934030262,-84.58163265306122,-0.06888170939207794
12.275935934030262,-84.16326530612245,-0.06888170939207794
12.275935934030262,-83.74489795918367,-0.06888170939207794
12.275935934030262,-83.3265306122449,-0.06888170939207794
12.275935934030262,-82.90816326530613,-0.06888170939207794
12.275935934030262,-82.48979591836735,-0.06888170939207794
12.275935934030262,-82.07142857142857,-0.06888170939207794
12.275935934030262,-81.65306122448979,-0.06888170939207794
12.275935934030262,-81.23469387755102,-0.06888170939207794
12.275935934030262,-80.81632653061224,-0.06888170939207794
12.275935934030262,-80.39795918367346,-0.06888170939207794
12.275935934030262,-79.9795918367347,-0.06888170939207794
12.275935934030262,-79.56122448979592,-0.06888170939207794
12.275935934030262,-79.14285714285714,-0.06888170939207794
12.275935934030262,-78.72448979591837,-0.06888170939207794
12.275935934030262,-78.3061224489796,-0.06888170939207794
12.27593725615404,-77.88775510204081,-0.06888170939207794
12.27593725615404,-77.46938775510205,-0.06888170939207794
12.27593725615404,-77.05102040816327,-0.06888170939207794
12.27593725615404,-76.63265306122449,-0.06888170939207794
12.27593725615404,-76.21428571428571,-0.06888170939207794
12.27593725615404,-75.79591836734694,-0.06888170939207794
12.27593725615404,-75.37755102040816,-0.06888170939207794
12.27593725615404,-74.95918367346938,-0.06888170939207794
12.27593725615404,-74.54081632653062,-0.06888170939207794
12.27593725615404,-74.12244897959184,-0.06888170939207794
12.063111971654784,-73.70408163265306,-0.06888170939207794
12.063111971654784,-73.28571428571428,-0.06888170939207794
12.063111971654784,-72.86734693877551,-0.06888170939207794
12.063111442197544,-72.44897959183673,-0.06888170939207794
12.063111442197544,-72.03061224489795,-0.06888170939207794
12.063111442197544,-71.61224489795919,-0.06888170939207794
12.063111442197544,-71.1938775510204,-0.06888170939207794
12.063111442197544,-70.77551020408163,-0.06888170939207794
12.063111442197544,-70.35714285714286,-0.06888170939207794
12.063111442197544,-69.93877551020408,-0.06888170939207794
12.063111442197544,-69.5204081632653,-0.06888170939207794
12.063111442197544,-69.10204081632654,-0.06888170939207794
11.489301265786084,-68.68367346938776,-0.06888170939207794
11.489301265786084,-68.26530612244898,-0.06888170939207794
11.489301265786084,-67.84693877551021,-0.06888170939207794
11.489301265786084,-67.42857142857143,-0.06888170939207794
11.489301265786084,-67.01020408163265,-0.06888170939207794
11.489301265786084,-66.59183673469389,-0.06888170939207794
11.489301265786084,-66.1734693877551,-0.06888170939207794
11.489301265786084,-65.75510204081633,-0.06888170939207794
11.489301265786084,-65.33673469387755,-0.06888170939207794
11.489301265786084,-64.91836734693877,-0.06888170939207794
11.489301265786084,-64.5,-0.06888170939207794
12.275935934030262,-85,-0.0314671248197555
12.275935934030262,-84.58163265306122,-0.0314671248197555
12.275935934030262,-84.16326530612245,-0.0314671248197555
12.275935934030262,-83.74489795918367,-0.0314671248197555
12.275935934030262,-83.3265306122449,-0.0314671248197555
12.275935934030262,-82.90816326530613,-0.0314671248197555
12.275935934030262,-82.48979591836735,-0.0314671248197555
12.275935934030262,-82.07142857142857,-0.0314671248197555
12.275935934030262,-81.65306122448979,-0.0314671248197555
12.275935934030262,-81.23469387755102,-0.0314671248197555
12.275935934030262,-80.81632653061224,-0.0314671248197555
12.275935934030262,-80.39795918367346,-0.0314671248197555
12.275935934030262,-79.9795918367347,-0.0314671248197555
12.275935934030262,-79.56122448979592,-0.0314671248197555
12.275935934030262,-79.14285714285714,-0.0314671248197555
12.275935934030262,-78.72448979591837,-0.0314671248197555
12.275935934030262,-78.3061224489796,-0.0314671248197555
12.27593725615404,-77.88775510204081,-0.0314671248197555
12.27593725615404,-77.46938775510205,-0.0314671248197555
12.27593725615404,-77.05102040816327,-0.0314671248197555
12.27593725615404,-76.63265306122449,-0.0314671248197555
12.27593725615404,-76.21428571428571,-0.0314671248197555
12.27593725615404,-75.79591836734694,-0.0314671248197555
12.27593725615404,-75.37755102040816,-0.0314671248197555
12.27593725615404,-74.95918367346938,-0.0314671248197555
12.27593725615404,-74.54081632653062,-0.0314671248197555
12.27593725615404,-74.12244897959184,-0.0314671248197555
12.063111971654784,-73.70408163265306,-0.0314671248197555
12.063111971654784,-73.28571428571428,-0.0314671248197555
12.063111971654784,-72.86734693877551,-0.0314671248197555
12.063111442197544,-72.44897959183673,-0.0314671248197555
12.063111442197544,-72.03061224489795,-0.0314671248197555
12.063111442197544,-71.61224489795919,-0.0314671248197555
12.063111442197544,-71.1938775510204,-0.0314671248197555
12.063111442197544,-70.77551020408163,-0.0314671248197555
12.063111442197544,-70.35714285714286,-0.0314671248197555
12.063111442197544,-69.93877551020408,-0.0314671248197555
12.063111442197544,-69.5204081632653,-0.0314671248197555
12.063111442197544,-69.10204081632654,-0.0314671248197555
11.489301265786084,-68.68367346938776,-0.0314671248197555
11.489301265786084,-68.26530612244898,-0.0314671248197555
11.489301265786084,-67.84693877551021,-0.0314671248197555
11.489301265786084,-67.42857142857143,-0.0314671248197555
11.489301265786084,-67.01020408163265,-0.0314671248197555
11.489301265786084,-66.59183673469389,-0.0314671248197555
11.489301265786084,-66.1734693877551,-0.0314671248197555
11.489301265786084,-65.75510204081633,-0.0314671248197555
11.489301265786084,-65.33673469387755,-0.0314671248197555
11.489301265786084,-64.91836734693877,-0.0314671248197555
11.489301265786084,-64.5,-0.0314671248197555
