Q,max_south_extent,max_ocean_SLP_gradient
12.282904828880994,-85,1.9763417045365497
12.282904828880994,-84.58163265306122,1.9763417045365497
12.282904828880994,-84.16326530612245,1.9763417045365497
12.282904828880994,-83.74489795918367,1.9763417045365497
12.282904828880994,-83.3265306122449,1.9763417045365497
12.282904828880994,-82.90816326530613,1.9763417045365497
12.282904828880994,-82.48979591836735,1.9763417045365497
12.282904828880994,-82.07142857142857,1.9763417045365497
12.282904828880994,-81.65306122448979,1.9763417045365497
12.282904828880994,-81.23469387755102,1.9763417045365497
12.282904828880994,-80.81632653061224,1.9763417045365497
12.282904828880994,-80.39795918367346,1.9763417045365497
12.282904828880994,-79.9795918367347,1.9763417045365497
12.282904828880994,-79.56122448979592,1.9763417045365497
12.282904828880994,-79.14285714285714,1.9763417045365497
12.282904828880994,-78.72448979591837,1.9763417045365497
12.282904828880994,-78.3061224489796,1.9763417045365497
12.282904828880994,-77.88775510204081,1.9763417045365497
12.282904828880994,-77.46938775510205,1.9763417045365497
12.282904828880994,-77.05102040816327,1.9763417045365497
12.282904828880994,-76.63265306122449,1.9763417045365497
12.282904828880994,-76.21428571428571,1.9763417045365497
12.282904828880994,-75.79591836734694,1.9763417045365497
12.282904828880994,-75.37755102040816,1.9763417045365497
12.282904828880994,-74.95918367346938,1.9763417045365497
12.282904828880994,-74.54081632653062,1.9763417045365497
12.282904828880994,-74.12244897959184,1.9763417045365497
12.062800762297794,-73.70408163265306,1.9763417045365497
12.062800762297794,-73.28571428571428,1.9763417045365497
12.062800762297794,-72.86734693877551,1.9763417045365497
12.062800762297794,-72.44897959183673,1.9763417045365497
12.062800762297794,-72.03061224489795,1.9763417045365497
12.062800762297794,-71.61224489795919,1.9763417045365497
12.062800762297794,-71.1938775510204,1.9763417045365497
12.062800762297794,-70.77551020408163,1.9763417045365497
12.062800762297794,-70.35714285714286,1.9763417045365497
12.062800762297794,-69.93877551020408,1.9763417045365497
12.062800762297794,-69.5204081632653,1.9763417045365497
12.062800762297794,-69.10204081632654,1.9763417045365497
11.48435517658657,-68.68367346938776,1.9763417045365497
11.48435517658657,-68.26530612244898,1.9763417045365497
11.48435517658657,-67.84693877551021,1.9763417045365497
11.48435517658657,-67.42857142857143,1.9763417045365497
11.48435517658657,-67.01020408163265,1.9763417045365497
11.48435517658657,-66.59183673469389,1.9763417045365497
11.48435517658657,-66.1734693877551,1.9763417045365497
11.48435517658657,-65.75510204081633,1.9763417045365497
11.48435517658657,-65.33673469387755,1.9763417045365497
11.48435517658657,-64.91836734693877,1.9763417045365497
11.48435517658657,-64.5,1.9763417045365497
12.282904828880994,-85,2.2013399121739883
12.282904828880994,-84.58163265306122,2.2013399121739883
12.282904828880994,-84.16326530612245,2.2013399121739883
12.282904828880994,-83.74489795918367,2.2013399121739883
12.282904828880994,-83.3265306122449,2.2013399121739883
12.282904828880994,-82.90816326530613,2.2013399121739883
12.282904828880994,-82.48979591836735,2.2013399121739883
12.282904828880994,-82.07142857142857,2.2013399121739883
12.282904828880994,-81.65306122448979,2.2013399121739883
12.282904828880994,-81.23469387755102,2.2013399121739883
12.282904828880994,-80.81632653061224,2.2013399121739883
12.282904828880994,-80.39795918367346,2.2013399121739883
12.282904828880994,-79.9795918367347,2.2013399121739883
12.282904828880994,-79.56122448979592,2.2013399121739883
12.282904828880994,-79.14285714285714,2.2013399121739883
12.282904828880994,-78.72448979591837,2.2013399121739883
12.282904828880994,-78.3061224489796,2.2013399121739883
12.282904828880994,-77.88775510204081,2.2013399121739883
12.282904828880994,-77.46938775510205,2.2013399121739883
12.282904828880994,-77.05102040816327,2.2013399121739883
12.282904828880994,-76.63265306122449,2.2013399121739883
12.282904828880994,-76.21428571428571,2.2013399121739883
12.282904828880994,-75.79591836734694,2.2013399121739883
12.282904828880994,-75.37755102040816,2.2013399121739883
12.282904828880994,-74.95918367346938,2.2013399121739883
12.282904828880994,-74.54081632653062,2.2013399121739883
12.282904828880994,-74.12244897959184,2.2013399121739883
12.062800762297794,-73.70408163265306,2.2013399121739883
12.062800762297794,-73.28571428571428,2.2013399121739883
12.062800762297794,-72.86734693877551,2.2013399121739883
12.062800762297794,-72.44897959183673,2.2013399121739883
12.062800762297794,-72.03061224489795,2.2013399121739883
12.062800762297794,-71.61224489795919,2.2013399121739883
12.062800762297794,-71.1938775510204,2.2013399121739883
12.062800762297794,-70.77551020408163,2.2013399121739883
12.062800762297794,-70.35714285714286,2.2013399121739883
12.062800762297794,-69.93877551020408,2.2013399121739883
12.062800762297794,-69.5204081632653,2.2013399121739883
12.062800762297794,-69.10204081632654,2.2013399121739883
11.48435517658657,-68.68367346938776,2.2013399121739883
11.48435517658657,-68.26530612244898,2.2013399121739883
11.48435517658657,-67.84693877551021,2.2013399121739883
11.48435517658657,-67.42857142857143,2.2013399121739883
11.48435517658657,-67.01020408163265,2.2013399121739883
11.48435517658657,-66.59183673469389,2.2013399121739883
11.48435517658657,-66.1734693877551,2.2013399121739883
11.48435517658657,-65.75510204081633,2.2013399121739883
11.48435517658657,-65.33673469387755,2.2013399121739883
11.48435517658657,-64.91836734693877,2.2013399121739883
11.48435517658657,-64.5,2.2013399121739883
12.282904828880994,-85,2.426338119811427
12.282904828880994,-84.58163265306122,2.426338119811427
12.282904828880994,-84.16326530612245,2.426338119811427
12.282904828880994,-83.74489795918367,2.426338119811427
12.282904828880994,-83.3265306122449,2.426338119811427
12.282904828880994,-82.90816326530613,2.426338119811427
12.282904828880994,-82.48979591836735,2.426338119811427
12.282904828880994,-82.07142857142857,2.426338119811427
12.282904828880994,-81.65306122448979,2.426338119811427
12.282904828880994,-81.23469387755102,2.426338119811427
12.282904828880994,-80.81632653061224,2.426338119811427
12.282904828880994,-80.39795918367346,2.426338119811427
12.282904828880994,-79.9795918367347,2.426338119811427
12.282904828880994,-79.56122448979592,2.426338119811427
12.282904828880994,-79.14285714285714,2.426338119811427
12.282904828880994,-78.72448979591837,2.426338119811427
12.282904828880994,-78.3061224489796,2.426338119811427
12.282904828880994,-77.88775510204081,2.426338119811427
12.282904828880994,-77.46938775510205,2.426338119811427
12.282904828880994,-77.05102040816327,2.426338119811427
12.282904828880994,-76.63265306122449,2.426338119811427
12.282904828880994,-76.21428571428571,2.426338119811427
12.282904828880994,-75.79591836734694,2.426338119811427
12.282904828880994,-75.37755102040816,2.426338119811427
12.282904828880994,-74.95918367346938,2.426338119811427
12.282904828880994,-74.54081632653062,2.426338119811427
12.282904828880994,-74.12244897959184,2.426338119811427
12.062800762297794,-73.70408163265306,2.426338119811427
12.062800762297794,-73.28571428571428,2.426338119811427
12.062800762297794,-72.86734693877551,2.426338119811427
12.062800762297794,-72.44897959183673,2.426338119811427
12.062800762297794,-72.03061224489795,2.426338119811427
12.062800762297794,-71.61224489795919,2.426338119811427
12.062800762297794,-71.1938775510204,2.426338119811427
12.062800762297794,-70.77551020408163,2.426338119811427
12.062800762297794,-70.35714285714286,2.426338119811427
12.062800762297794,-69.93877551020408,2.426338119811427
12.062800762297794,-69.5204081632653,2.426338119811427
12.062800762297794,-69.10204081632654,2.426338119811427
11.48435517658657,-68.68367346938776,2.426338119811427
11.48435517658657,-68.26530612244898,2.426338119811427
11.48435517658657,-67.84693877551021,2.426338119811427
11.48435517658657,-67.42857142857143,2.426338119811427
11.48435517658657,-67.01020408163265,2.426338119811427
11.48435517658657,-66.59183673469389,2.426338119811427
11.48435517658657,-66.1734693877551,2.426338119811427
11.48435517658657,-65.75510204081633,2.426338119811427
11.48435517658657,-65.33673469387755,2.426338119811427
11.48435517658657,-64.91836734693877,2.426338119811427
11.48435517658657,-64.5,2.426338119811427
12.282904828880994,-85,2.651336327448866
12.282904828880994,-84.58163265306122,2.651336327448866
12.282904828880994,-84.16326530612245,2.651336327448866
12.282904828880994,-83.74489795918367,2.651336327448866
12.282904828880994,-83.3265306122449,2.651336327448866
12.282904828880994,-82.90816326530613,2.651336327448866
12.282904828880994,-82.48979591836735,2.651336327448866
12.282904828880994,-82.07142857142857,2.651336327448866
12.282904828880994,-81.65306122448979,2.651336327448866
12.282904828880994,-81.23469387755102,2.651336327448866
12.282904828880994,-80.81632653061224,2.651336327448866
12.282904828880994,-80.39795918367346,2.651336327448866
12.282904828880994,-79.9795918367347,2.651336327448866
12.282904828880994,-79.56122448979592,2.651336327448866
12.282904828880994,-79.14285714285714,2.651336327448866
12.282904828880994,-78.72448979591837,2.651336327448866
12.282904828880994,-78.3061224489796,2.651336327448866
12.282904828880994,-77.88775510204081,2.651336327448866
12.282904828880994,-77.46938775510205,2.651336327448866
12.282904828880994,-77.05102040816327,2.651336327448866
12.282904828880994,-76.63265306122449,2.651336327448866
12.282904828880994,-76.21428571428571,2.651336327448866
12.282904828880994,-75.79591836734694,2.651336327448866
12.282904828880994,-75.37755102040816,2.651336327448866
12.282904828880994,-74.95918367346938,2.651336327448866
12.282904828880994,-74.54081632653062,2.651336327448866
12.282904828880994,-74.12244897959184,2.651336327448866
12.062800762297794,-73.70408163265306,2.651336327448866
12.062800762297794,-73.28571428571428,2.651336327448866
12.062800762297794,-72.86734693877551,2.651336327448866
12.062800762297794,-72.44897959183673,2.651336327448866
12.062800762297794,-72.03061224489795,2.651336327448866
12.062800762297794,-71.61224489795919,2.651336327448866
12.062800762297794,-71.1938775510204,2.651336327448866
12.062800762297794,-70.77551020408163,2.651336327448866
12.062800762297794,-70.35714285714286,2.651336327448866
12.062800762297794,-69.93877551020408,2.651336327448866
12.062800762297794,-69.5204081632653,2.651336327448866
12.062800762297794,-69.10204081632654,2.651336327448866
11.48435517658657,-68.68367346938776,2.651336327448866
11.48435517658657,-68.26530612244898,2.651336327448866
11.48435517658657,-67.84693877551021,2.651336327448866
11.48435517658657,-67.42857142857143,2.651336327448866
11.48435517658657,-67.01020408163265,2.651336327448866
11.48435517658657,-66.59183673469389,2.651336327448866
11.48435517658657,-66.1734693877551,2.651336327448866
11.48435517658657,-65.75510204081633,2.651336327448866
11.48435517658657,-65.33673469387755,2.651336327448866
11.48435517658657,-64.91836734693877,2.651336327448866
11.48435517658657,-64.5,2.651336327448866
12.282904828880994,-85,2.8763345350863045
12.282904828880994,-84.58163265306122,2.8763345350863045
12.282904828880994,-84.16326530612245,2.8763345350863045
12.282904828880994,-83.74489795918367,2.8763345350863045
12.282904828880994,-83.3265306122449,2.8763345350863045
12.282904828880994,-82.90816326530613,2.8763345350863045
12.282904828880994,-82.48979591836735,2.8763345350863045
12.282904828880994,-82.07142857142857,2.8763345350863045
12.282904828880994,-81.65306122448979,2.8763345350863045
12.282904828880994,-81.23469387755102,2.8763345350863045
12.282904828880994,-80.81632653061224,2.8763345350863045
12.282904828880994,-80.39795918367346,2.8763345350863045
12.282904828880994,-79.9795918367347,2.8763345350863045
12.282904828880994,-79.56122448979592,2.8763345350863045
12.282904828880994,-79.14285714285714,2.8763345350863045
12.282904828880994,-78.72448979591837,2.8763345350863045
12.282904828880994,-78.3061224489796,2.8763345350863045
12.282904828880994,-77.88775510204081,2.8763345350863045
12.282904828880994,-77.46938775510205,2.8763345350863045
12.282904828880994,-77.05102040816327,2.8763345350863045
12.282904828880994,-76.63265306122449,2.8763345350863045
12.282904828880994,-76.21428571428571,2.8763345350863045
12.282904828880994,-75.79591836734694,2.8763345350863045
12.282904828880994,-75.37755102040816,2.8763345350863045
12.282904828880994,-74.95918367346938,2.8763345350863045
12.282904828880994,-74.54081632653062,2.8763345350863045
12.282904828880994,-74.12244897959184,2.8763345350863045
12.062800762297794,-73.70408163265306,2.8763345350863045
12.062800762297794,-73.28571428571428,2.8763345350863045
12.062800762297794,-72.86734693877551,2.8763345350863045
12.062800762297794,-72.44897959183673,2.8763345350863045
12.062800762297794,-72.03061224489795,2.8763345350863045
12.062800762297794,-71.61224489795919,2.8763345350863045
12.062800762297794,-71.1938775510204,2.8763345350863045
12.062800762297794,-70.77551020408163,2.8763345350863045
12.062800762297794,-70.35714285714286,2.8763345350863045
12.062800762297794,-69.93877551020408,2.8763345350863045
12.062800762297794,-69.5204081632653,2.8763345350863045
12.062800762297794,-69.10204081632654,2.8763345350863045
11.48435517658657,-68.68367346938776,2.8763345350863045
11.48435517658657,-68.26530612244898,2.8763345350863045
11.48435517658657,-67.84693877551021,2.8763345350863045
11.48435517658657,-67.42857142857143,2.8763345350863045
11.48435517658657,-67.01020408163265,2.8763345350863045
11.48435517658657,-66.59183673469389,2.8763345350863045
11.48435517658657,-66.1734693877551,2.8763345350863045
11.48435517658657,-65.75510204081633,2.8763345350863045
11.48435517658657,-65.33673469387755,2.8763345350863045
11.48435517658657,-64.91836734693877,2.8763345350863045
11.48435517658657,-64.5,2.8763345350863045
12.282904828880994,-85,3.101332742723743
12.282904828880994,-84.58163265306122,3.101332742723743
12.282904828880994,-84.16326530612245,3.101332742723743
12.282904828880994,-83.74489795918367,3.101332742723743
12.282904828880994,-83.3265306122449,3.101332742723743
12.282904828880994,-82.90816326530613,3.101332742723743
12.282904828880994,-82.48979591836735,3.101332742723743
12.282904828880994,-82.07142857142857,3.101332742723743
12.282904828880994,-81.65306122448979,3.101332742723743
12.282904828880994,-81.23469387755102,3.101332742723743
12.282904828880994,-80.81632653061224,3.101332742723743
12.282904828880994,-80.39795918367346,3.101332742723743
12.282904828880994,-79.9795918367347,3.101332742723743
12.282904828880994,-79.56122448979592,3.101332742723743
12.282904828880994,-79.14285714285714,3.101332742723743
12.282904828880994,-78.72448979591837,3.101332742723743
12.282904828880994,-78.3061224489796,3.101332742723743
12.282904828880994,-77.88775510204081,3.101332742723743
12.282904828880994,-77.46938775510205,3.101332742723743
12.282904828880994,-77.05102040816327,3.101332742723743
12.282904828880994,-76.63265306122449,3.101332742723743
12.282904828880994,-76.21428571428571,3.101332742723743
12.282904828880994,-75.79591836734694,3.101332742723743
12.282904828880994,-75.37755102040816,3.101332742723743
12.282904828880994,-74.95918367346938,3.101332742723743
12.282904828880994,-74.54081632653062,3.101332742723743
12.282904828880994,-74.12244897959184,3.101332742723743
12.062800762297794,-73.70408163265306,3.101332742723743
12.062800762297794,-73.28571428571428,3.101332742723743
12.062800762297794,-72.86734693877551,3.101332742723743
12.062800762297794,-72.44897959183673,3.101332742723743
12.062800762297794,-72.03061224489795,3.101332742723743
12.062800762297794,-71.61224489795919,3.101332742723743
12.062800762297794,-71.1938775510204,3.101332742723743
12.062800762297794,-70.77551020408163,3.101332742723743
12.062800762297794,-70.35714285714286,3.101332742723743
12.062800762297794,-69.93877551020408,3.101332742723743
12.062800762297794,-69.5204081632653,3.101332742723743
12.062800762297794,-69.10204081632654,3.101332742723743
11.48435517658657,-68.68367346938776,3.101332742723743
11.48435517658657,-68.26530612244898,3.101332742723743
11.48435517658657,-67.84693877551021,3.101332742723743
11.48435517658657,-67.42857142857143,3.101332742723743
11.48435517658657,-67.01020408163265,3.101332742723743
11.48435517658657,-66.59183673469389,3.101332742723743
11.48435517658657,-66.1734693877551,3.101332742723743
11.48435517658657,-65.75510204081633,3.101332742723743
11.48435517658657,-65.33673469387755,3.101332742723743
11.48435517658657,-64.91836734693877,3.101332742723743
11.48435517658657,-64.5,3.101332742723743
12.282904828880994,-85,3.326330950361182
12.282904828880994,-84.58163265306122,3.326330950361182
12.282904828880994,-84.16326530612245,3.326330950361182
12.282904828880994,-83.74489795918367,3.326330950361182
12.282904828880994,-83.3265306122449,3.326330950361182
12.282904828880994,-82.90816326530613,3.326330950361182
12.282904828880994,-82.48979591836735,3.326330950361182
12.282904828880994,-82.07142857142857,3.326330950361182
12.282904828880994,-81.65306122448979,3.326330950361182
12.282904828880994,-81.23469387755102,3.326330950361182
12.282904828880994,-80.81632653061224,3.326330950361182
12.282904828880994,-80.39795918367346,3.326330950361182
12.282904828880994,-79.9795918367347,3.326330950361182
12.282904828880994,-79.56122448979592,3.326330950361182
12.282904828880994,-79.14285714285714,3.326330950361182
12.282904828880994,-78.72448979591837,3.326330950361182
12.282904828880994,-78.3061224489796,3.326330950361182
12.282904828880994,-77.88775510204081,3.326330950361182
12.282904828880994,-77.46938775510205,3.326330950361182
12.282904828880994,-77.05102040816327,3.326330950361182
12.282904828880994,-76.63265306122449,3.326330950361182
12.282904828880994,-76.21428571428571,3.326330950361182
12.282904828880994,-75.79591836734694,3.326330950361182
12.282904828880994,-75.37755102040816,3.326330950361182
12.282904828880994,-74.95918367346938,3.326330950361182
12.282904828880994,-74.54081632653062,3.326330950361182
12.282904828880994,-74.12244897959184,3.326330950361182
12.062800762297794,-73.70408163265306,3.326330950361182
12.062800762297794,-73.28571428571428,3.326330950361182
12.062800762297794,-72.86734693877551,3.326330950361182
12.062800762297794,-72.44897959183673,3.326330950361182
12.062800762297794,-72.03061224489795,3.326330950361182
12.062800762297794,-71.61224489795919,3.326330950361182
12.062800762297794,-71.1938775510204,3.326330950361182
12.062800762297794,-70.77551020408163,3.326330950361182
12.062800762297794,-70.35714285714286,3.326330950361182
12.062800762297794,-69.93877551020408,3.326330950361182
12.062800762297794,-69.5204081632653,3.326330950361182
12.062800762297794,-69.10204081632654,3.326330950361182
11.48435517658657,-68.68367346938776,3.326330950361182
11.48435517658657,-68.26530612244898,3.326330950361182
11.48435517658657,-67.84693877551021,3.326330950361182
11.48435517658657,-67.42857142857143,3.326330950361182
11.48435517658657,-67.01020408163265,3.326330950361182
11.48435517658657,-66.59183673469389,3.326330950361182
11.48435517658657,-66.1734693877551,3.326330950361182
11.48435517658657,-65.75510204081633,3.326330950361182
11.48435517658657,-65.33673469387755,3.326330950361182
11.48435517658657,-64.91836734693877,3.326330950361182
11.48435517658657,-64.5,3.326330950361182
12.282904828880994,-85,3.551329157998621
12.282904828880994,-84.58163265306122,3.551329157998621
12.282904828880994,-84.16326530612245,3.551329157998621
12.282904828880994,-83.74489795918367,3.551329157998621
12.282904828880994,-83.3265306122449,3.551329157998621
12.282904828880994,-82.90816326530613,3.551329157998621
12.282904828880994,-82.48979591836735,3.551329157998621
12.282904828880994,-82.07142857142857,3.551329157998621
12.282904828880994,-81.65306122448979,3.551329157998621
12.282904828880994,-81.23469387755102,3.551329157998621
12.282904828880994,-80.81632653061224,3.551329157998621
12.282904828880994,-80.39795918367346,3.551329157998621
12.282904828880994,-79.9795918367347,3.551329157998621
12.282904828880994,-79.56122448979592,3.551329157998621
12.282904828880994,-79.14285714285714,3.551329157998621
12.282904828880994,-78.72448979591837,3.551329157998621
12.282904828880994,-78.3061224489796,3.551329157998621
12.282904828880994,-77.88775510204081,3.551329157998621
12.282904828880994,-77.46938775510205,3.551329157998621
12.282904828880994,-77.05102040816327,3.551329157998621
12.282904828880994,-76.63265306122449,3.551329157998621
12.282904828880994,-76.21428571428571,3.551329157998621
12.282904828880994,-75.79591836734694,3.551329157998621
12.282904828880994,-75.37755102040816,3.551329157998621
12.282904828880994,-74.95918367346938,3.551329157998621
12.282904828880994,-74.54081632653062,3.551329157998621
12.282904828880994,-74.12244897959184,3.551329157998621
12.062800762297794,-73.70408163265306,3.551329157998621
12.062800762297794,-73.28571428571428,3.551329157998621
12.062800762297794,-72.86734693877551,3.551329157998621
12.062800762297794,-72.44897959183673,3.551329157998621
12.062800762297794,-72.03061224489795,3.551329157998621
12.062800762297794,-71.61224489795919,3.551329157998621
12.062800762297794,-71.1938775510204,3.551329157998621
12.062800762297794,-70.77551020408163,3.551329157998621
12.062800762297794,-70.35714285714286,3.551329157998621
12.062800762297794,-69.93877551020408,3.551329157998621
12.062800762297794,-69.5204081632653,3.551329157998621
12.062800762297794,-69.10204081632654,3.551329157998621
11.48435517658657,-68.68367346938776,3.551329157998621
11.48435517658657,-68.26530612244898,3.551329157998621
11.48435517658657,-67.84693877551021,3.551329157998621
11.48435517658657,-67.42857142857143,3.551329157998621
11.48435517658657,-67.01020408163265,3.551329157998621
11.48435517658657,-66.59183673469389,3.551329157998621
11.48435517658657,-66.1734693877551,3.551329157998621
11.48435517658657,-65.75510204081633,3.551329157998621
11.48435517658657,-65.33673469387755,3.551329157998621
11.48435517658657,-64.91836734693877,3.551329157998621
11.48435517658657,-64.5,3.551329157998621
12.282904828880994,-85,3.7763273656360594
12.282904828880994,-84.58163265306122,3.7763273656360594
12.282904828880994,-84.16326530612245,3.7763273656360594
12.282904828880994,-83.74489795918367,3.7763273656360594
12.282904828880994,-83.3265306122449,3.7763273656360594
12.282904828880994,-82.90816326530613,3.7763273656360594
12.282904828880994,-82.48979591836735,3.7763273656360594
12.282904828880994,-82.07142857142857,3.7763273656360594
12.282904828880994,-81.65306122448979,3.7763273656360594
12.282904828880994,-81.23469387755102,3.7763273656360594
12.282904828880994,-80.81632653061224,3.7763273656360594
12.282904828880994,-80.39795918367346,3.7763273656360594
12.282904828880994,-79.9795918367347,3.7763273656360594
12.282904828880994,-79.56122448979592,3.7763273656360594
12.282904828880994,-79.14285714285714,3.7763273656360594
12.282904828880994,-78.72448979591837,3.7763273656360594
12.282904828880994,-78.3061224489796,3.7763273656360594
12.282904828880994,-77.88775510204081,3.7763273656360594
12.282904828880994,-77.46938775510205,3.7763273656360594
12.282904828880994,-77.05102040816327,3.7763273656360594
12.282904828880994,-76.63265306122449,3.7763273656360594
12.282904828880994,-76.21428571428571,3.7763273656360594
12.282904828880994,-75.79591836734694,3.7763273656360594
12.282904828880994,-75.37755102040816,3.7763273656360594
12.282904828880994,-74.95918367346938,3.7763273656360594
12.282904828880994,-74.54081632653062,3.7763273656360594
12.282904828880994,-74.12244897959184,3.7763273656360594
12.062800762297794,-73.70408163265306,3.7763273656360594
12.062800762297794,-73.28571428571428,3.7763273656360594
12.062800762297794,-72.86734693877551,3.7763273656360594
12.062800762297794,-72.44897959183673,3.7763273656360594
12.062800762297794,-72.03061224489795,3.7763273656360594
12.062800762297794,-71.61224489795919,3.7763273656360594
12.062800762297794,-71.1938775510204,3.7763273656360594
12.062800762297794,-70.77551020408163,3.7763273656360594
12.062800762297794,-70.35714285714286,3.7763273656360594
12.062800762297794,-69.93877551020408,3.7763273656360594
12.062800762297794,-69.5204081632653,3.7763273656360594
12.062800762297794,-69.10204081632654,3.7763273656360594
11.48435517658657,-68.68367346938776,3.7763273656360594
11.48435517658657,-68.26530612244898,3.7763273656360594
11.48435517658657,-67.84693877551021,3.7763273656360594
11.48435517658657,-67.42857142857143,3.7763273656360594
11.48435517658657,-67.01020408163265,3.7763273656360594
11.48435517658657,-66.59183673469389,3.7763273656360594
11.48435517658657,-66.1734693877551,3.7763273656360594
11.48435517658657,-65.75510204081633,3.7763273656360594
11.48435517658657,-65.33673469387755,3.7763273656360594
11.48435517658657,-64.91836734693877,3.7763273656360594
11.48435517658657,-64.5,3.7763273656360594
12.282904828880994,-85,4.001325573273498
12.282904828880994,-84.58163265306122,4.001325573273498
12.282904828880994,-84.16326530612245,4.001325573273498
12.282904828880994,-83.74489795918367,4.001325573273498
12.282904828880994,-83.3265306122449,4.001325573273498
12.282904828880994,-82.90816326530613,4.001325573273498
12.282904828880994,-82.48979591836735,4.001325573273498
12.282904828880994,-82.07142857142857,4.001325573273498
12.282904828880994,-81.65306122448979,4.001325573273498
12.282904828880994,-81.23469387755102,4.001325573273498
12.282904828880994,-80.81632653061224,4.001325573273498
12.282904828880994,-80.39795918367346,4.001325573273498
12.282904828880994,-79.9795918367347,4.001325573273498
12.282904828880994,-79.56122448979592,4.001325573273498
12.282904828880994,-79.14285714285714,4.001325573273498
12.282904828880994,-78.72448979591837,4.001325573273498
12.282904828880994,-78.3061224489796,4.001325573273498
12.282904828880994,-77.88775510204081,4.001325573273498
12.282904828880994,-77.46938775510205,4.001325573273498
12.282904828880994,-77.05102040816327,4.001325573273498
12.282904828880994,-76.63265306122449,4.001325573273498
12.282904828880994,-76.21428571428571,4.001325573273498
12.282904828880994,-75.79591836734694,4.001325573273498
12.282904828880994,-75.37755102040816,4.001325573273498
12.282904828880994,-74.95918367346938,4.001325573273498
12.282904828880994,-74.54081632653062,4.001325573273498
12.282904828880994,-74.12244897959184,4.001325573273498
12.062800762297794,-73.70408163265306,4.001325573273498
12.062800762297794,-73.28571428571428,4.001325573273498
12.062800762297794,-72.86734693877551,4.001325573273498
12.062800762297794,-72.44897959183673,4.001325573273498
12.062800762297794,-72.03061224489795,4.001325573273498
12.062800762297794,-71.61224489795919,4.001325573273498
12.062800762297794,-71.1938775510204,4.001325573273498
12.062800762297794,-70.77551020408163,4.001325573273498
12.062800762297794,-70.35714285714286,4.001325573273498
12.062800762297794,-69.93877551020408,4.001325573273498
12.062800762297794,-69.5204081632653,4.001325573273498
12.062800762297794,-69.10204081632654,4.001325573273498
11.48435517658657,-68.68367346938776,4.001325573273498
11.48435517658657,-68.26530612244898,4.001325573273498
11.48435517658657,-67.84693877551021,4.001325573273498
11.48435517658657,-67.42857142857143,4.001325573273498
11.48435517658657,-67.01020408163265,4.001325573273498
11.48435517658657,-66.59183673469389,4.001325573273498
11.48435517658657,-66.1734693877551,4.001325573273498
11.48435517658657,-65.75510204081633,4.001325573273498
11.48435517658657,-65.33673469387755,4.001325573273498
11.48435517658657,-64.91836734693877,4.001325573273498
11.48435517658657,-64.5,4.001325573273498
12.243956106931568,-85,4.226323780910937
12.243956106931568,-84.58163265306122,4.226323780910937
12.243956106931568,-84.16326530612245,4.226323780910937
12.243956106931568,-83.74489795918367,4.226323780910937
12.243956106931568,-83.3265306122449,4.226323780910937
12.243956106931568,-82.90816326530613,4.226323780910937
12.243956106931568,-82.48979591836735,4.226323780910937
12.243956106931568,-82.07142857142857,4.226323780910937
12.243956106931568,-81.65306122448979,4.226323780910937
12.243956106931568,-81.23469387755102,4.226323780910937
12.243956106931568,-80.81632653061224,4.226323780910937
12.243956106931568,-80.39795918367346,4.226323780910937
12.243956106931568,-79.9795918367347,4.226323780910937
12.243956106931568,-79.56122448979592,4.226323780910937
12.243956106931568,-79.14285714285714,4.226323780910937
12.243956106931568,-78.72448979591837,4.226323780910937
12.243956106931568,-78.3061224489796,4.226323780910937
12.243956106931568,-77.88775510204081,4.226323780910937
12.243956106931568,-77.46938775510205,4.226323780910937
12.243956106931568,-77.05102040816327,4.226323780910937
12.243956106931568,-76.63265306122449,4.226323780910937
12.243956106931568,-76.21428571428571,4.226323780910937
12.243956106931568,-75.79591836734694,4.226323780910937
12.243956106931568,-75.37755102040816,4.226323780910937
12.243956106931568,-74.95918367346938,4.226323780910937
12.243956106931568,-74.54081632653062,4.226323780910937
12.243956106931568,-74.12244897959184,4.226323780910937
12.024548162587209,-73.70408163265306,4.226323780910937
12.024548162587209,-73.28571428571428,4.226323780910937
12.024548162587209,-72.86734693877551,4.226323780910937
12.024548162587209,-72.44897959183673,4.226323780910937
12.024548162587209,-72.03061224489795,4.226323780910937
12.024548162587209,-71.61224489795919,4.226323780910937
12.024548162587209,-71.1938775510204,4.226323780910937
12.024548162587209,-70.77551020408163,4.226323780910937
12.024548162587209,-70.35714285714286,4.226323780910937
12.024548162587209,-69.93877551020408,4.226323780910937
12.024548162587209,-69.5204081632653,4.226323780910937
12.024548162587209,-69.10204081632654,4.226323780910937
11.446102576875985,-68.68367346938776,4.226323780910937
11.446102576875985,-68.26530612244898,4.226323780910937
11.446102576875985,-67.84693877551021,4.226323780910937
11.446102576875985,-67.42857142857143,4.226323780910937
11.446102576875985,-67.01020408163265,4.226323780910937
11.446102576875985,-66.59183673469389,4.226323780910937
11.446102576875985,-66.1734693877551,4.226323780910937
11.446102576875985,-65.75510204081633,4.226323780910937
11.446102576875985,-65.33673469387755,4.226323780910937
11.446102576875985,-64.91836734693877,4.226323780910937
11.446102576875985,-64.5,4.226323780910937
12.243956106931568,-85,4.451321988548376
12.243956106931568,-84.58163265306122,4.451321988548376
12.243956106931568,-84.16326530612245,4.451321988548376
12.243956106931568,-83.74489795918367,4.451321988548376
12.243956106931568,-83.3265306122449,4.451321988548376
12.243956106931568,-82.90816326530613,4.451321988548376
12.243956106931568,-82.48979591836735,4.451321988548376
12.243956106931568,-82.07142857142857,4.451321988548376
12.243956106931568,-81.65306122448979,4.451321988548376
12.243956106931568,-81.23469387755102,4.451321988548376
12.243956106931568,-80.81632653061224,4.451321988548376
12.243956106931568,-80.39795918367346,4.451321988548376
12.243956106931568,-79.9795918367347,4.451321988548376
12.243956106931568,-79.56122448979592,4.451321988548376
12.243956106931568,-79.14285714285714,4.451321988548376
12.243956106931568,-78.72448979591837,4.451321988548376
12.243956106931568,-78.3061224489796,4.451321988548376
12.243956106931568,-77.88775510204081,4.451321988548376
12.243956106931568,-77.46938775510205,4.451321988548376
12.243956106931568,-77.05102040816327,4.451321988548376
12.243956106931568,-76.63265306122449,4.451321988548376
12.243956106931568,-76.21428571428571,4.451321988548376
12.243956106931568,-75.79591836734694,4.451321988548376
12.243956106931568,-75.37755102040816,4.451321988548376
12.243956106931568,-74.95918367346938,4.451321988548376
12.243956106931568,-74.54081632653062,4.451321988548376
12.243956106931568,-74.12244897959184,4.451321988548376
12.024548162587209,-73.70408163265306,4.451321988548376
12.024548162587209,-73.28571428571428,4.451321988548376
12.024548162587209,-72.86734693877551,4.451321988548376
12.024548162587209,-72.44897959183673,4.451321988548376
12.024548162587209,-72.03061224489795,4.451321988548376
12.024548162587209,-71.61224489795919,4.451321988548376
12.024548162587209,-71.1938775510204,4.451321988548376
12.024548162587209,-70.77551020408163,4.451321988548376
12.024548162587209,-70.35714285714286,4.451321988548376
12.024548162587209,-69.93877551020408,4.451321988548376
12.024548162587209,-69.5204081632653,4.451321988548376
12.024548162587209,-69.10204081632654,4.451321988548376
11.446102576875985,-68.68367346938776,4.451321988548376
11.446102576875985,-68.26530612244898,4.451321988548376
11.446102576875985,-67.84693877551021,4.451321988548376
11.446102576875985,-67.42857142857143,4.451321988548376
11.446102576875985,-67.01020408163265,4.451321988548376
11.446102576875985,-66.59183673469389,4.451321988548376
11.446102576875985,-66.1734693877551,4.451321988548376
11.446102576875985,-65.75510204081633,4.451321988548376
11.446102576875985,-65.33673469387755,4.451321988548376
11.446102576875985,-64.91836734693877,4.451321988548376
11.446102576875985,-64.5,4.451321988548376
12.243956106931568,-85,4.676320196185815
12.243956106931568,-84.58163265306122,4.676320196185815
12.243956106931568,-84.16326530612245,4.676320196185815
12.243956106931568,-83.74489795918367,4.676320196185815
12.243956106931568,-83.3265306122449,4.676320196185815
12.243956106931568,-82.90816326530613,4.676320196185815
12.243956106931568,-82.48979591836735,4.676320196185815
12.243956106931568,-82.07142857142857,4.676320196185815
12.243956106931568,-81.65306122448979,4.676320196185815
12.243956106931568,-81.23469387755102,4.676320196185815
12.243956106931568,-80.81632653061224,4.676320196185815
12.243956106931568,-80.39795918367346,4.676320196185815
12.243956106931568,-79.9795918367347,4.676320196185815
12.243956106931568,-79.56122448979592,4.676320196185815
12.243956106931568,-79.14285714285714,4.676320196185815
12.243956106931568,-78.72448979591837,4.676320196185815
12.243956106931568,-78.3061224489796,4.676320196185815
12.243956106931568,-77.88775510204081,4.676320196185815
12.243956106931568,-77.46938775510205,4.676320196185815
12.243956106931568,-77.05102040816327,4.676320196185815
12.243956106931568,-76.63265306122449,4.676320196185815
12.243956106931568,-76.21428571428571,4.676320196185815
12.243956106931568,-75.79591836734694,4.676320196185815
12.243956106931568,-75.37755102040816,4.676320196185815
12.243956106931568,-74.95918367346938,4.676320196185815
12.243956106931568,-74.54081632653062,4.676320196185815
12.243956106931568,-74.12244897959184,4.676320196185815
12.024548162587209,-73.70408163265306,4.676320196185815
12.024548162587209,-73.28571428571428,4.676320196185815
12.024548162587209,-72.86734693877551,4.676320196185815
12.024548162587209,-72.44897959183673,4.676320196185815
12.024548162587209,-72.03061224489795,4.676320196185815
12.024548162587209,-71.61224489795919,4.676320196185815
12.024548162587209,-71.1938775510204,4.676320196185815
12.024548162587209,-70.77551020408163,4.676320196185815
12.024548162587209,-70.35714285714286,4.676320196185815
12.024548162587209,-69.93877551020408,4.676320196185815
12.024548162587209,-69.5204081632653,4.676320196185815
12.024548162587209,-69.10204081632654,4.676320196185815
11.446102576875985,-68.68367346938776,4.676320196185815
11.446102576875985,-68.26530612244898,4.676320196185815
11.446102576875985,-67.84693877551021,4.676320196185815
11.446102576875985,-67.42857142857143,4.676320196185815
11.446102576875985,-67.01020408163265,4.676320196185815
11.446102576875985,-66.59183673469389,4.676320196185815
11.446102576875985,-66.1734693877551,4.676320196185815
11.446102576875985,-65.75510204081633,4.676320196185815
11.446102576875985,-65.33673469387755,4.676320196185815
11.446102576875985,-64.91836734693877,4.676320196185815
11.446102576875985,-64.5,4.676320196185815
12.243956106931568,-85,4.901318403823253
12.243956106931568,-84.58163265306122,4.901318403823253
12.243956106931568,-84.16326530612245,4.901318403823253
12.243956106931568,-83.74489795918367,4.901318403823253
12.243956106931568,-83.3265306122449,4.901318403823253
12.243956106931568,-82.90816326530613,4.901318403823253
12.243956106931568,-82.48979591836735,4.901318403823253
12.243956106931568,-82.07142857142857,4.901318403823253
12.243956106931568,-81.65306122448979,4.901318403823253
12.243956106931568,-81.23469387755102,4.901318403823253
12.243956106931568,-80.81632653061224,4.901318403823253
12.243956106931568,-80.39795918367346,4.901318403823253
12.243956106931568,-79.9795918367347,4.901318403823253
12.243956106931568,-79.56122448979592,4.901318403823253
12.243956106931568,-79.14285714285714,4.901318403823253
12.243956106931568,-78.72448979591837,4.901318403823253
12.243956106931568,-78.3061224489796,4.901318403823253
12.243956106931568,-77.88775510204081,4.901318403823253
12.243956106931568,-77.46938775510205,4.901318403823253
12.243956106931568,-77.05102040816327,4.901318403823253
12.243956106931568,-76.63265306122449,4.901318403823253
12.243956106931568,-76.21428571428571,4.901318403823253
12.243956106931568,-75.79591836734694,4.901318403823253
12.243956106931568,-75.37755102040816,4.901318403823253
12.243956106931568,-74.95918367346938,4.901318403823253
12.243956106931568,-74.54081632653062,4.901318403823253
12.243956106931568,-74.12244897959184,4.901318403823253
12.024548162587209,-73.70408163265306,4.901318403823253
12.024548162587209,-73.28571428571428,4.901318403823253
12.024548162587209,-72.86734693877551,4.901318403823253
12.024548162587209,-72.44897959183673,4.901318403823253
12.024548162587209,-72.03061224489795,4.901318403823253
12.024548162587209,-71.61224489795919,4.901318403823253
12.024548162587209,-71.1938775510204,4.901318403823253
12.024548162587209,-70.77551020408163,4.901318403823253
12.024548162587209,-70.35714285714286,4.901318403823253
12.024548162587209,-69.93877551020408,4.901318403823253
12.024548162587209,-69.5204081632653,4.901318403823253
12.024548162587209,-69.10204081632654,4.901318403823253
11.446102576875985,-68.68367346938776,4.901318403823253
11.446102576875985,-68.26530612244898,4.901318403823253
11.446102576875985,-67.84693877551021,4.901318403823253
11.446102576875985,-67.42857142857143,4.901318403823253
11.446102576875985,-67.01020408163265,4.901318403823253
11.446102576875985,-66.59183673469389,4.901318403823253
11.446102576875985,-66.1734693877551,4.901318403823253
11.446102576875985,-65.75510204081633,4.901318403823253
11.446102576875985,-65.33673469387755,4.901318403823253
11.446102576875985,-64.91836734693877,4.901318403823253
11.446102576875985,-64.5,4.901318403823253
12.243956106931568,-85,5.126316611460692
12.243956106931568,-84.58163265306122,5.126316611460692
12.243956106931568,-84.16326530612245,5.126316611460692
12.243956106931568,-83.74489795918367,5.126316611460692
12.243956106931568,-83.3265306122449,5.126316611460692
12.243956106931568,-82.90816326530613,5.126316611460692
12.243956106931568,-82.48979591836735,5.126316611460692
12.243956106931568,-82.07142857142857,5.126316611460692
12.243956106931568,-81.65306122448979,5.126316611460692
12.243956106931568,-81.23469387755102,5.126316611460692
12.243956106931568,-80.81632653061224,5.126316611460692
12.243956106931568,-80.39795918367346,5.126316611460692
12.243956106931568,-79.9795918367347,5.126316611460692
12.243956106931568,-79.56122448979592,5.126316611460692
12.243956106931568,-79.14285714285714,5.126316611460692
12.243956106931568,-78.72448979591837,5.126316611460692
12.243956106931568,-78.3061224489796,5.126316611460692
12.243956106931568,-77.88775510204081,5.126316611460692
12.243956106931568,-77.46938775510205,5.126316611460692
12.243956106931568,-77.05102040816327,5.126316611460692
12.243956106931568,-76.63265306122449,5.126316611460692
12.243956106931568,-76.21428571428571,5.126316611460692
12.243956106931568,-75.79591836734694,5.126316611460692
12.243956106931568,-75.37755102040816,5.126316611460692
12.243956106931568,-74.95918367346938,5.126316611460692
12.243956106931568,-74.54081632653062,5.126316611460692
12.243956106931568,-74.12244897959184,5.126316611460692
12.024548162587209,-73.70408163265306,5.126316611460692
12.024548162587209,-73.28571428571428,5.126316611460692
12.024548162587209,-72.86734693877551,5.126316611460692
12.024548162587209,-72.44897959183673,5.126316611460692
12.024548162587209,-72.03061224489795,5.126316611460692
12.024548162587209,-71.61224489795919,5.126316611460692
12.024548162587209,-71.1938775510204,5.126316611460692
12.024548162587209,-70.77551020408163,5.126316611460692
12.024548162587209,-70.35714285714286,5.126316611460692
12.024548162587209,-69.93877551020408,5.126316611460692
12.024548162587209,-69.5204081632653,5.126316611460692
12.024548162587209,-69.10204081632654,5.126316611460692
11.446102576875985,-68.68367346938776,5.126316611460692
11.446102576875985,-68.26530612244898,5.126316611460692
11.446102576875985,-67.84693877551021,5.126316611460692
11.446102576875985,-67.42857142857143,5.126316611460692
11.446102576875985,-67.01020408163265,5.126316611460692
11.446102576875985,-66.59183673469389,5.126316611460692
11.446102576875985,-66.1734693877551,5.126316611460692
11.446102576875985,-65.75510204081633,5.126316611460692
11.446102576875985,-65.33673469387755,5.126316611460692
11.446102576875985,-64.91836734693877,5.126316611460692
11.446102576875985,-64.5,5.126316611460692
12.243956106931568,-85,5.35131481909813
12.243956106931568,-84.58163265306122,5.35131481909813
12.243956106931568,-84.16326530612245,5.35131481909813
12.243956106931568,-83.74489795918367,5.35131481909813
12.243956106931568,-83.3265306122449,5.35131481909813
12.243956106931568,-82.90816326530613,5.35131481909813
12.243956106931568,-82.48979591836735,5.35131481909813
12.243956106931568,-82.07142857142857,5.35131481909813
12.243956106931568,-81.65306122448979,5.35131481909813
12.243956106931568,-81.23469387755102,5.35131481909813
12.243956106931568,-80.81632653061224,5.35131481909813
12.243956106931568,-80.39795918367346,5.35131481909813
12.243956106931568,-79.9795918367347,5.35131481909813
12.243956106931568,-79.56122448979592,5.35131481909813
12.243956106931568,-79.14285714285714,5.35131481909813
12.243956106931568,-78.72448979591837,5.35131481909813
12.243956106931568,-78.3061224489796,5.35131481909813
12.243956106931568,-77.88775510204081,5.35131481909813
12.243956106931568,-77.46938775510205,5.35131481909813
12.243956106931568,-77.05102040816327,5.35131481909813
12.243956106931568,-76.63265306122449,5.35131481909813
12.243956106931568,-76.21428571428571,5.35131481909813
12.243956106931568,-75.79591836734694,5.35131481909813
12.243956106931568,-75.37755102040816,5.35131481909813
12.243956106931568,-74.95918367346938,5.35131481909813
12.243956106931568,-74.54081632653062,5.35131481909813
12.243956106931568,-74.12244897959184,5.35131481909813
12.024548162587209,-73.70408163265306,5.35131481909813
12.024548162587209,-73.28571428571428,5.35131481909813
12.024548162587209,-72.86734693877551,5.35131481909813
12.024548162587209,-72.44897959183673,5.35131481909813
12.024548162587209,-72.03061224489795,5.35131481909813
12.024548162587209,-71.61224489795919,5.35131481909813
12.024548162587209,-71.1938775510204,5.35131481909813
12.024548162587209,-70.77551020408163,5.35131481909813
12.024548162587209,-70.35714285714286,5.35131481909813
12.024548162587209,-69.93877551020408,5.35131481909813
12.024548162587209,-69.5204081632653,5.35131481909813
12.024548162587209,-69.10204081632654,5.35131481909813
11.446102576875985,-68.68367346938776,5.35131481909813
11.446102576875985,-68.26530612244898,5.35131481909813
11.446102576875985,-67.84693877551021,5.35131481909813
11.446102576875985,-67.42857142857143,5.35131481909813
11.446102576875985,-67.01020408163265,5.35131481909813
11.446102576875985,-66.59183673469389,5.35131481909813
11.446102576875985,-66.1734693877551,5.35131481909813
11.446102576875985,-65.75510204081633,5.35131481909813
11.446102576875985,-65.33673469387755,5.35131481909813
11.446102576875985,-64.91836734693877,5.35131481909813
11.446102576875985,-64.5,5.35131481909813
12.243956106931568,-85,5.576313026735569
12.243956106931568,-84.58163265306122,5.576313026735569
12.243956106931568,-84.16326530612245,5.576313026735569
12.243956106931568,-83.74489795918367,5.576313026735569
12.243956106931568,-83.3265306122449,5.576313026735569
12.243956106931568,-82.90816326530613,5.576313026735569
12.243956106931568,-82.48979591836735,5.576313026735569
12.243956106931568,-82.07142857142857,5.576313026735569
12.243956106931568,-81.65306122448979,5.576313026735569
12.243956106931568,-81.23469387755102,5.576313026735569
12.243956106931568,-80.81632653061224,5.576313026735569
12.243956106931568,-80.39795918367346,5.576313026735569
12.243956106931568,-79.9795918367347,5.576313026735569
12.243956106931568,-79.56122448979592,5.576313026735569
12.243956106931568,-79.14285714285714,5.576313026735569
12.243956106931568,-78.72448979591837,5.576313026735569
12.243956106931568,-78.3061224489796,5.576313026735569
12.243956106931568,-77.88775510204081,5.576313026735569
12.243956106931568,-77.46938775510205,5.576313026735569
12.243956106931568,-77.05102040816327,5.576313026735569
12.243956106931568,-76.63265306122449,5.576313026735569
12.243956106931568,-76.21428571428571,5.576313026735569
12.243956106931568,-75.79591836734694,5.576313026735569
12.243956106931568,-75.37755102040816,5.576313026735569
12.243956106931568,-74.95918367346938,5.576313026735569
12.243956106931568,-74.54081632653062,5.576313026735569
12.243956106931568,-74.12244897959184,5.576313026735569
12.024548162587209,-73.70408163265306,5.576313026735569
12.024548162587209,-73.28571428571428,5.576313026735569
12.024548162587209,-72.86734693877551,5.576313026735569
12.024548162587209,-72.44897959183673,5.576313026735569
12.024548162587209,-72.03061224489795,5.576313026735569
12.024548162587209,-71.61224489795919,5.576313026735569
12.024548162587209,-71.1938775510204,5.576313026735569
12.024548162587209,-70.77551020408163,5.576313026735569
12.024548162587209,-70.35714285714286,5.576313026735569
12.024548162587209,-69.93877551020408,5.576313026735569
12.024548162587209,-69.5204081632653,5.576313026735569
12.024548162587209,-69.10204081632654,5.576313026735569
11.446102576875985,-68.68367346938776,5.576313026735569
11.446102576875985,-68.26530612244898,5.576313026735569
11.446102576875985,-67.84693877551021,5.576313026735569
11.446102576875985,-67.42857142857143,5.576313026735569
11.446102576875985,-67.01020408163265,5.576313026735569
11.446102576875985,-66.59183673469389,5.576313026735569
11.446102576875985,-66.1734693877551,5.576313026735569
11.446102576875985,-65.75510204081633,5.576313026735569
11.446102576875985,-65.33673469387755,5.576313026735569
11.446102576875985,-64.91836734693877,5.576313026735569
11.446102576875985,-64.5,5.576313026735569
12.243956106931568,-85,5.801311234373008
12.243956106931568,-84.58163265306122,5.801311234373008
12.243956106931568,-84.16326530612245,5.801311234373008
12.243956106931568,-83.74489795918367,5.801311234373008
12.243956106931568,-83.3265306122449,5.801311234373008
12.243956106931568,-82.90816326530613,5.801311234373008
12.243956106931568,-82.48979591836735,5.801311234373008
12.243956106931568,-82.07142857142857,5.801311234373008
12.243956106931568,-81.65306122448979,5.801311234373008
12.243956106931568,-81.23469387755102,5.801311234373008
12.243956106931568,-80.81632653061224,5.801311234373008
12.243956106931568,-80.39795918367346,5.801311234373008
12.243956106931568,-79.9795918367347,5.801311234373008
12.243956106931568,-79.56122448979592,5.801311234373008
12.243956106931568,-79.14285714285714,5.801311234373008
12.243956106931568,-78.72448979591837,5.801311234373008
12.243956106931568,-78.3061224489796,5.801311234373008
12.243956106931568,-77.88775510204081,5.801311234373008
12.243956106931568,-77.46938775510205,5.801311234373008
12.243956106931568,-77.05102040816327,5.801311234373008
12.243956106931568,-76.63265306122449,5.801311234373008
12.243956106931568,-76.21428571428571,5.801311234373008
12.243956106931568,-75.79591836734694,5.801311234373008
12.243956106931568,-75.37755102040816,5.801311234373008
12.243956106931568,-74.95918367346938,5.801311234373008
12.243956106931568,-74.54081632653062,5.801311234373008
12.243956106931568,-74.12244897959184,5.801311234373008
12.024548162587209,-73.70408163265306,5.801311234373008
12.024548162587209,-73.28571428571428,5.801311234373008
12.024548162587209,-72.86734693877551,5.801311234373008
12.024548162587209,-72.44897959183673,5.801311234373008
12.024548162587209,-72.03061224489795,5.801311234373008
12.024548162587209,-71.61224489795919,5.801311234373008
12.024548162587209,-71.1938775510204,5.801311234373008
12.024548162587209,-70.77551020408163,5.801311234373008
12.024548162587209,-70.35714285714286,5.801311234373008
12.024548162587209,-69.93877551020408,5.801311234373008
12.024548162587209,-69.5204081632653,5.801311234373008
12.024548162587209,-69.10204081632654,5.801311234373008
11.446102576875985,-68.68367346938776,5.801311234373008
11.446102576875985,-68.26530612244898,5.801311234373008
11.446102576875985,-67.84693877551021,5.801311234373008
11.446102576875985,-67.42857142857143,5.801311234373008
11.446102576875985,-67.01020408163265,5.801311234373008
11.446102576875985,-66.59183673469389,5.801311234373008
11.446102576875985,-66.1734693877551,5.801311234373008
11.446102576875985,-65.75510204081633,5.801311234373008
11.446102576875985,-65.33673469387755,5.801311234373008
11.446102576875985,-64.91836734693877,5.801311234373008
11.446102576875985,-64.5,5.801311234373008
12.243956106931568,-85,6.026309442010446
12.243956106931568,-84.58163265306122,6.026309442010446
12.243956106931568,-84.16326530612245,6.026309442010446
12.243956106931568,-83.74489795918367,6.026309442010446
12.243956106931568,-83.3265306122449,6.026309442010446
12.243956106931568,-82.90816326530613,6.026309442010446
12.243956106931568,-82.48979591836735,6.026309442010446
12.243956106931568,-82.07142857142857,6.026309442010446
12.243956106931568,-81.65306122448979,6.026309442010446
12.243956106931568,-81.23469387755102,6.026309442010446
12.243956106931568,-80.81632653061224,6.026309442010446
12.243956106931568,-80.39795918367346,6.026309442010446
12.243956106931568,-79.9795918367347,6.026309442010446
12.243956106931568,-79.56122448979592,6.026309442010446
12.243956106931568,-79.14285714285714,6.026309442010446
12.243956106931568,-78.72448979591837,6.026309442010446
12.243956106931568,-78.3061224489796,6.026309442010446
12.243956106931568,-77.88775510204081,6.026309442010446
12.243956106931568,-77.46938775510205,6.026309442010446
12.243956106931568,-77.05102040816327,6.026309442010446
12.243956106931568,-76.63265306122449,6.026309442010446
12.243956106931568,-76.21428571428571,6.026309442010446
12.243956106931568,-75.79591836734694,6.026309442010446
12.243956106931568,-75.37755102040816,6.026309442010446
12.243956106931568,-74.95918367346938,6.026309442010446
12.243956106931568,-74.54081632653062,6.026309442010446
12.243956106931568,-74.12244897959184,6.026309442010446
12.024548162587209,-73.70408163265306,6.026309442010446
12.024548162587209,-73.28571428571428,6.026309442010446
12.024548162587209,-72.86734693877551,6.026309442010446
12.024548162587209,-72.44897959183673,6.026309442010446
12.024548162587209,-72.03061224489795,6.026309442010446
12.024548162587209,-71.61224489795919,6.026309442010446
12.024548162587209,-71.1938775510204,6.026309442010446
12.024548162587209,-70.77551020408163,6.026309442010446
12.024548162587209,-70.35714285714286,6.026309442010446
12.024548162587209,-69.93877551020408,6.026309442010446
12.024548162587209,-69.5204081632653,6.026309442010446
12.024548162587209,-69.10204081632654,6.026309442010446
11.446102576875985,-68.68367346938776,6.026309442010446
11.446102576875985,-68.26530612244898,6.026309442010446
11.446102576875985,-67.84693877551021,6.026309442010446
11.446102576875985,-67.42857142857143,6.026309442010446
11.446102576875985,-67.01020408163265,6.026309442010446
11.446102576875985,-66.59183673469389,6.026309442010446
11.446102576875985,-66.1734693877551,6.026309442010446
11.446102576875985,-65.75510204081633,6.026309442010446
11.446102576875985,-65.33673469387755,6.026309442010446
11.446102576875985,-64.91836734693877,6.026309442010446
11.446102576875985,-64.5,6.026309442010446
12.243956106931568,-85,6.251307649647885
12.243956106931568,-84.58163265306122,6.251307649647885
12.243956106931568,-84.16326530612245,6.251307649647885
12.243956106931568,-83.74489795918367,6.251307649647885
12.243956106931568,-83.3265306122449,6.251307649647885
12.243956106931568,-82.90816326530613,6.251307649647885
12.243956106931568,-82.48979591836735,6.251307649647885
12.243956106931568,-82.07142857142857,6.251307649647885
12.243956106931568,-81.65306122448979,6.251307649647885
12.243956106931568,-81.23469387755102,6.251307649647885
12.243956106931568,-80.81632653061224,6.251307649647885
12.243956106931568,-80.39795918367346,6.251307649647885
12.243956106931568,-79.9795918367347,6.251307649647885
12.243956106931568,-79.56122448979592,6.251307649647885
12.243956106931568,-79.14285714285714,6.251307649647885
12.243956106931568,-78.72448979591837,6.251307649647885
12.243956106931568,-78.3061224489796,6.251307649647885
12.243956106931568,-77.88775510204081,6.251307649647885
12.243956106931568,-77.46938775510205,6.251307649647885
12.243956106931568,-77.05102040816327,6.251307649647885
12.243956106931568,-76.63265306122449,6.251307649647885
12.243956106931568,-76.21428571428571,6.251307649647885
12.243956106931568,-75.79591836734694,6.251307649647885
12.243956106931568,-75.37755102040816,6.251307649647885
12.243956106931568,-74.95918367346938,6.251307649647885
12.243956106931568,-74.54081632653062,6.251307649647885
12.243956106931568,-74.12244897959184,6.251307649647885
12.024548162587209,-73.70408163265306,6.251307649647885
12.024548162587209,-73.28571428571428,6.251307649647885
12.024548162587209,-72.86734693877551,6.251307649647885
12.024548162587209,-72.44897959183673,6.251307649647885
12.024548162587209,-72.03061224489795,6.251307649647885
12.024548162587209,-71.61224489795919,6.251307649647885
12.024548162587209,-71.1938775510204,6.251307649647885
12.024548162587209,-70.77551020408163,6.251307649647885
12.024548162587209,-70.35714285714286,6.251307649647885
12.024548162587209,-69.93877551020408,6.251307649647885
12.024548162587209,-69.5204081632653,6.251307649647885
12.024548162587209,-69.10204081632654,6.251307649647885
11.446102576875985,-68.68367346938776,6.251307649647885
11.446102576875985,-68.26530612244898,6.251307649647885
11.446102576875985,-67.84693877551021,6.251307649647885
11.446102576875985,-67.42857142857143,6.251307649647885
11.446102576875985,-67.01020408163265,6.251307649647885
11.446102576875985,-66.59183673469389,6.251307649647885
11.446102576875985,-66.1734693877551,6.251307649647885
11.446102576875985,-65.75510204081633,6.251307649647885
11.446102576875985,-65.33673469387755,6.251307649647885
11.446102576875985,-64.91836734693877,6.251307649647885
11.446102576875985,-64.5,6.251307649647885
12.243956106931568,-85,6.476305857285324
12.243956106931568,-84.58163265306122,6.476305857285324
12.243956106931568,-84.16326530612245,6.476305857285324
12.243956106931568,-83.74489795918367,6.476305857285324
12.243956106931568,-83.3265306122449,6.476305857285324
12.243956106931568,-82.90816326530613,6.476305857285324
12.243956106931568,-82.48979591836735,6.476305857285324
12.243956106931568,-82.07142857142857,6.476305857285324
12.243956106931568,-81.65306122448979,6.476305857285324
12.243956106931568,-81.23469387755102,6.476305857285324
12.243956106931568,-80.81632653061224,6.476305857285324
12.243956106931568,-80.39795918367346,6.476305857285324
12.243956106931568,-79.9795918367347,6.476305857285324
12.243956106931568,-79.56122448979592,6.476305857285324
12.243956106931568,-79.14285714285714,6.476305857285324
12.243956106931568,-78.72448979591837,6.476305857285324
12.243956106931568,-78.3061224489796,6.476305857285324
12.243956106931568,-77.88775510204081,6.476305857285324
12.243956106931568,-77.46938775510205,6.476305857285324
12.243956106931568,-77.05102040816327,6.476305857285324
12.243956106931568,-76.63265306122449,6.476305857285324
12.243956106931568,-76.21428571428571,6.476305857285324
12.243956106931568,-75.79591836734694,6.476305857285324
12.243956106931568,-75.37755102040816,6.476305857285324
12.243956106931568,-74.95918367346938,6.476305857285324
12.243956106931568,-74.54081632653062,6.476305857285324
12.243956106931568,-74.12244897959184,6.476305857285324
12.024548162587209,-73.70408163265306,6.476305857285324
12.024548162587209,-73.28571428571428,6.476305857285324
12.024548162587209,-72.86734693877551,6.476305857285324
12.024548162587209,-72.44897959183673,6.476305857285324
12.024548162587209,-72.03061224489795,6.476305857285324
12.024548162587209,-71.61224489795919,6.476305857285324
12.024548162587209,-71.1938775510204,6.476305857285324
12.024548162587209,-70.77551020408163,6.476305857285324
12.024548162587209,-70.35714285714286,6.476305857285324
12.024548162587209,-69.93877551020408,6.476305857285324
12.024548162587209,-69.5204081632653,6.476305857285324
12.024548162587209,-69.10204081632654,6.476305857285324
11.446102576875985,-68.68367346938776,6.476305857285324
11.446102576875985,-68.26530612244898,6.476305857285324
11.446102576875985,-67.84693877551021,6.476305857285324
11.446102576875985,-67.42857142857143,6.476305857285324
11.446102576875985,-67.01020408163265,6.476305857285324
11.446102576875985,-66.59183673469389,6.476305857285324
11.446102576875985,-66.1734693877551,6.476305857285324
11.446102576875985,-65.75510204081633,6.476305857285324
11.446102576875985,-65.33673469387755,6.476305857285324
11.446102576875985,-64.91836734693877,6.476305857285324
11.446102576875985,-64.5,6.476305857285324
12.243956106931568,-85,6.701304064922763
12.243956106931568,-84.58163265306122,6.701304064922763
12.243956106931568,-84.16326530612245,6.701304064922763
12.243956106931568,-83.74489795918367,6.701304064922763
12.243956106931568,-83.3265306122449,6.701304064922763
12.243956106931568,-82.90816326530613,6.701304064922763
12.243956106931568,-82.48979591836735,6.701304064922763
12.243956106931568,-82.07142857142857,6.701304064922763
12.243956106931568,-81.65306122448979,6.701304064922763
12.243956106931568,-81.23469387755102,6.701304064922763
12.243956106931568,-80.81632653061224,6.701304064922763
12.243956106931568,-80.39795918367346,6.701304064922763
12.243956106931568,-79.9795918367347,6.701304064922763
12.243956106931568,-79.56122448979592,6.701304064922763
12.243956106931568,-79.14285714285714,6.701304064922763
12.243956106931568,-78.72448979591837,6.701304064922763
12.243956106931568,-78.3061224489796,6.701304064922763
12.243956106931568,-77.88775510204081,6.701304064922763
12.243956106931568,-77.46938775510205,6.701304064922763
12.243956106931568,-77.05102040816327,6.701304064922763
12.243956106931568,-76.63265306122449,6.701304064922763
12.243956106931568,-76.21428571428571,6.701304064922763
12.243956106931568,-75.79591836734694,6.701304064922763
12.243956106931568,-75.37755102040816,6.701304064922763
12.243956106931568,-74.95918367346938,6.701304064922763
12.243956106931568,-74.54081632653062,6.701304064922763
12.243956106931568,-74.12244897959184,6.701304064922763
12.024548162587209,-73.70408163265306,6.701304064922763
12.024548162587209,-73.28571428571428,6.701304064922763
12.024548162587209,-72.86734693877551,6.701304064922763
12.024548162587209,-72.44897959183673,6.701304064922763
12.024548162587209,-72.03061224489795,6.701304064922763
12.024548162587209,-71.61224489795919,6.701304064922763
12.024548162587209,-71.1938775510204,6.701304064922763
12.024548162587209,-70.77551020408163,6.701304064922763
12.024548162587209,-70.35714285714286,6.701304064922763
12.024548162587209,-69.93877551020408,6.701304064922763
12.024548162587209,-69.5204081632653,6.701304064922763
12.024548162587209,-69.10204081632654,6.701304064922763
11.446102576875985,-68.68367346938776,6.701304064922763
11.446102576875985,-68.26530612244898,6.701304064922763
11.446102576875985,-67.84693877551021,6.701304064922763
11.446102576875985,-67.42857142857143,6.701304064922763
11.446102576875985,-67.01020408163265,6.701304064922763
11.446102576875985,-66.59183673469389,6.701304064922763
11.446102576875985,-66.1734693877551,6.701304064922763
11.446102576875985,-65.75510204081633,6.701304064922763
11.446102576875985,-65.33673469387755,6.701304064922763
11.446102576875985,-64.91836734693877,6.701304064922763
11.446102576875985,-64.5,6.701304064922763
12.244795217687324,-85,6.926302272560202
12.244795217687324,-84.58163265306122,6.926302272560202
12.244795217687324,-84.16326530612245,6.926302272560202
12.244795217687324,-83.74489795918367,6.926302272560202
12.244795217687324,-83.3265306122449,6.926302272560202
12.244795217687324,-82.90816326530613,6.926302272560202
12.244795217687324,-82.48979591836735,6.926302272560202
12.244795217687324,-82.07142857142857,6.926302272560202
12.244795217687324,-81.65306122448979,6.926302272560202
12.244795217687324,-81.23469387755102,6.926302272560202
12.244795217687324,-80.81632653061224,6.926302272560202
12.244795217687324,-80.39795918367346,6.926302272560202
12.244795217687324,-79.9795918367347,6.926302272560202
12.244795217687324,-79.56122448979592,6.926302272560202
12.244795217687324,-79.14285714285714,6.926302272560202
12.244795217687324,-78.72448979591837,6.926302272560202
12.244795217687324,-78.3061224489796,6.926302272560202
12.244795217687324,-77.88775510204081,6.926302272560202
12.244795217687324,-77.46938775510205,6.926302272560202
12.244795217687324,-77.05102040816327,6.926302272560202
12.244795217687324,-76.63265306122449,6.926302272560202
12.244795217687324,-76.21428571428571,6.926302272560202
12.244795217687324,-75.79591836734694,6.926302272560202
12.244795217687324,-75.37755102040816,6.926302272560202
12.244795217687324,-74.95918367346938,6.926302272560202
12.244795217687324,-74.54081632653062,6.926302272560202
12.244795217687324,-74.12244897959184,6.926302272560202
12.025352441937153,-73.70408163265306,6.926302272560202
12.025352441937153,-73.28571428571428,6.926302272560202
12.025352441937153,-72.86734693877551,6.926302272560202
12.025352441937153,-72.44897959183673,6.926302272560202
12.025352441937153,-72.03061224489795,6.926302272560202
12.025352441937153,-71.61224489795919,6.926302272560202
12.025352441937153,-71.1938775510204,6.926302272560202
12.025352441937153,-70.77551020408163,6.926302272560202
12.025352441937153,-70.35714285714286,6.926302272560202
12.025352441937153,-69.93877551020408,6.926302272560202
12.025352441937153,-69.5204081632653,6.926302272560202
12.025352441937153,-69.10204081632654,6.926302272560202
11.446867217289428,-68.68367346938776,6.926302272560202
11.446867217289428,-68.26530612244898,6.926302272560202
11.446867217289428,-67.84693877551021,6.926302272560202
11.446867217289428,-67.42857142857143,6.926302272560202
11.446867217289428,-67.01020408163265,6.926302272560202
11.446867217289428,-66.59183673469389,6.926302272560202
11.446867217289428,-66.1734693877551,6.926302272560202
11.446867217289428,-65.75510204081633,6.926302272560202
11.446867217289428,-65.33673469387755,6.926302272560202
11.446867217289428,-64.91836734693877,6.926302272560202
11.446867217289428,-64.5,6.926302272560202
12.244795217687324,-85,7.15130048019764
12.244795217687324,-84.58163265306122,7.15130048019764
12.244795217687324,-84.16326530612245,7.15130048019764
12.244795217687324,-83.74489795918367,7.15130048019764
12.244795217687324,-83.3265306122449,7.15130048019764
12.244795217687324,-82.90816326530613,7.15130048019764
12.244795217687324,-82.48979591836735,7.15130048019764
12.244795217687324,-82.07142857142857,7.15130048019764
12.244795217687324,-81.65306122448979,7.15130048019764
12.244795217687324,-81.23469387755102,7.15130048019764
12.244795217687324,-80.81632653061224,7.15130048019764
12.244795217687324,-80.39795918367346,7.15130048019764
12.244795217687324,-79.9795918367347,7.15130048019764
12.244795217687324,-79.56122448979592,7.15130048019764
12.244795217687324,-79.14285714285714,7.15130048019764
12.244795217687324,-78.72448979591837,7.15130048019764
12.244795217687324,-78.3061224489796,7.15130048019764
12.244795217687324,-77.88775510204081,7.15130048019764
12.244795217687324,-77.46938775510205,7.15130048019764
12.244795217687324,-77.05102040816327,7.15130048019764
12.244795217687324,-76.63265306122449,7.15130048019764
12.244795217687324,-76.21428571428571,7.15130048019764
12.244795217687324,-75.79591836734694,7.15130048019764
12.244795217687324,-75.37755102040816,7.15130048019764
12.244795217687324,-74.95918367346938,7.15130048019764
12.244795217687324,-74.54081632653062,7.15130048019764
12.244795217687324,-74.12244897959184,7.15130048019764
12.025352441937153,-73.70408163265306,7.15130048019764
12.025352441937153,-73.28571428571428,7.15130048019764
12.025352441937153,-72.86734693877551,7.15130048019764
12.025352441937153,-72.44897959183673,7.15130048019764
12.025352441937153,-72.03061224489795,7.15130048019764
12.025352441937153,-71.61224489795919,7.15130048019764
12.025352441937153,-71.1938775510204,7.15130048019764
12.025352441937153,-70.77551020408163,7.15130048019764
12.025352441937153,-70.35714285714286,7.15130048019764
12.025352441937153,-69.93877551020408,7.15130048019764
12.025352441937153,-69.5204081632653,7.15130048019764
12.025352441937153,-69.10204081632654,7.15130048019764
11.446867217289428,-68.68367346938776,7.15130048019764
11.446867217289428,-68.26530612244898,7.15130048019764
11.446867217289428,-67.84693877551021,7.15130048019764
11.446867217289428,-67.42857142857143,7.15130048019764
11.446867217289428,-67.01020408163265,7.15130048019764
11.446867217289428,-66.59183673469389,7.15130048019764
11.446867217289428,-66.1734693877551,7.15130048019764
11.446867217289428,-65.75510204081633,7.15130048019764
11.446867217289428,-65.33673469387755,7.15130048019764
11.446867217289428,-64.91836734693877,7.15130048019764
11.446867217289428,-64.5,7.15130048019764
12.244795217687324,-85,7.376298687835079
12.244795217687324,-84.58163265306122,7.376298687835079
12.244795217687324,-84.16326530612245,7.376298687835079
12.244795217687324,-83.74489795918367,7.376298687835079
12.244795217687324,-83.3265306122449,7.376298687835079
12.244795217687324,-82.90816326530613,7.376298687835079
12.244795217687324,-82.48979591836735,7.376298687835079
12.244795217687324,-82.07142857142857,7.376298687835079
12.244795217687324,-81.65306122448979,7.376298687835079
12.244795217687324,-81.23469387755102,7.376298687835079
12.244795217687324,-80.81632653061224,7.376298687835079
12.244795217687324,-80.39795918367346,7.376298687835079
12.244795217687324,-79.9795918367347,7.376298687835079
12.244795217687324,-79.56122448979592,7.376298687835079
12.244795217687324,-79.14285714285714,7.376298687835079
12.244795217687324,-78.72448979591837,7.376298687835079
12.244795217687324,-78.3061224489796,7.376298687835079
12.244795217687324,-77.88775510204081,7.376298687835079
12.244795217687324,-77.46938775510205,7.376298687835079
12.244795217687324,-77.05102040816327,7.376298687835079
12.244795217687324,-76.63265306122449,7.376298687835079
12.244795217687324,-76.21428571428571,7.376298687835079
12.244795217687324,-75.79591836734694,7.376298687835079
12.244795217687324,-75.37755102040816,7.376298687835079
12.244795217687324,-74.95918367346938,7.376298687835079
12.244795217687324,-74.54081632653062,7.376298687835079
12.244795217687324,-74.12244897959184,7.376298687835079
12.025352441937153,-73.70408163265306,7.376298687835079
12.025352441937153,-73.28571428571428,7.376298687835079
12.025352441937153,-72.86734693877551,7.376298687835079
12.025352441937153,-72.44897959183673,7.376298687835079
12.025352441937153,-72.03061224489795,7.376298687835079
12.025352441937153,-71.61224489795919,7.376298687835079
12.025352441937153,-71.1938775510204,7.376298687835079
12.025352441937153,-70.77551020408163,7.376298687835079
12.025352441937153,-70.35714285714286,7.376298687835079
12.025352441937153,-69.93877551020408,7.376298687835079
12.025352441937153,-69.5204081632653,7.376298687835079
12.025352441937153,-69.10204081632654,7.376298687835079
11.446867217289428,-68.68367346938776,7.376298687835079
11.446867217289428,-68.26530612244898,7.376298687835079
11.446867217289428,-67.84693877551021,7.376298687835079
11.446867217289428,-67.42857142857143,7.376298687835079
11.446867217289428,-67.01020408163265,7.376298687835079
11.446867217289428,-66.59183673469389,7.376298687835079
11.446867217289428,-66.1734693877551,7.376298687835079
11.446867217289428,-65.75510204081633,7.376298687835079
11.446867217289428,-65.33673469387755,7.376298687835079
11.446867217289428,-64.91836734693877,7.376298687835079
11.446867217289428,-64.5,7.376298687835079
12.244795217687324,-85,7.601296895472518
12.244795217687324,-84.58163265306122,7.601296895472518
12.244795217687324,-84.16326530612245,7.601296895472518
12.244795217687324,-83.74489795918367,7.601296895472518
12.244795217687324,-83.3265306122449,7.601296895472518
12.244795217687324,-82.90816326530613,7.601296895472518
12.244795217687324,-82.48979591836735,7.601296895472518
12.244795217687324,-82.07142857142857,7.601296895472518
12.244795217687324,-81.65306122448979,7.601296895472518
12.244795217687324,-81.23469387755102,7.601296895472518
12.244795217687324,-80.81632653061224,7.601296895472518
12.244795217687324,-80.39795918367346,7.601296895472518
12.244795217687324,-79.9795918367347,7.601296895472518
12.244795217687324,-79.56122448979592,7.601296895472518
12.244795217687324,-79.14285714285714,7.601296895472518
12.244795217687324,-78.72448979591837,7.601296895472518
12.244795217687324,-78.3061224489796,7.601296895472518
12.244795217687324,-77.88775510204081,7.601296895472518
12.244795217687324,-77.46938775510205,7.601296895472518
12.244795217687324,-77.05102040816327,7.601296895472518
12.244795217687324,-76.63265306122449,7.601296895472518
12.244795217687324,-76.21428571428571,7.601296895472518
12.244795217687324,-75.79591836734694,7.601296895472518
12.244795217687324,-75.37755102040816,7.601296895472518
12.244795217687324,-74.95918367346938,7.601296895472518
12.244795217687324,-74.54081632653062,7.601296895472518
12.244795217687324,-74.12244897959184,7.601296895472518
12.025352441937153,-73.70408163265306,7.601296895472518
12.025352441937153,-73.28571428571428,7.601296895472518
12.025352441937153,-72.86734693877551,7.601296895472518
12.025352441937153,-72.44897959183673,7.601296895472518
12.025352441937153,-72.03061224489795,7.601296895472518
12.025352441937153,-71.61224489795919,7.601296895472518
12.025352441937153,-71.1938775510204,7.601296895472518
12.025352441937153,-70.77551020408163,7.601296895472518
12.025352441937153,-70.35714285714286,7.601296895472518
12.025352441937153,-69.93877551020408,7.601296895472518
12.025352441937153,-69.5204081632653,7.601296895472518
12.025352441937153,-69.10204081632654,7.601296895472518
11.446867217289428,-68.68367346938776,7.601296895472518
11.446867217289428,-68.26530612244898,7.601296895472518
11.446867217289428,-67.84693877551021,7.601296895472518
11.446867217289428,-67.42857142857143,7.601296895472518
11.446867217289428,-67.01020408163265,7.601296895472518
11.446867217289428,-66.59183673469389,7.601296895472518
11.446867217289428,-66.1734693877551,7.601296895472518
11.446867217289428,-65.75510204081633,7.601296895472518
11.446867217289428,-65.33673469387755,7.601296895472518
11.446867217289428,-64.91836734693877,7.601296895472518
11.446867217289428,-64.5,7.601296895472518
12.244795217687324,-85,7.826295103109956
12.244795217687324,-84.58163265306122,7.826295103109956
12.244795217687324,-84.16326530612245,7.826295103109956
12.244795217687324,-83.74489795918367,7.826295103109956
12.244795217687324,-83.3265306122449,7.826295103109956
12.244795217687324,-82.90816326530613,7.826295103109956
12.244795217687324,-82.48979591836735,7.826295103109956
12.244795217687324,-82.07142857142857,7.826295103109956
12.244795217687324,-81.65306122448979,7.826295103109956
12.244795217687324,-81.23469387755102,7.826295103109956
12.244795217687324,-80.81632653061224,7.826295103109956
12.244795217687324,-80.39795918367346,7.826295103109956
12.244795217687324,-79.9795918367347,7.826295103109956
12.244795217687324,-79.56122448979592,7.826295103109956
12.244795217687324,-79.14285714285714,7.826295103109956
12.244795217687324,-78.72448979591837,7.826295103109956
12.244795217687324,-78.3061224489796,7.826295103109956
12.244795217687324,-77.88775510204081,7.826295103109956
12.244795217687324,-77.46938775510205,7.826295103109956
12.244795217687324,-77.05102040816327,7.826295103109956
12.244795217687324,-76.63265306122449,7.826295103109956
12.244795217687324,-76.21428571428571,7.826295103109956
12.244795217687324,-75.79591836734694,7.826295103109956
12.244795217687324,-75.37755102040816,7.826295103109956
12.244795217687324,-74.95918367346938,7.826295103109956
12.244795217687324,-74.54081632653062,7.826295103109956
12.244795217687324,-74.12244897959184,7.826295103109956
12.025352441937153,-73.70408163265306,7.826295103109956
12.025352441937153,-73.28571428571428,7.826295103109956
12.025352441937153,-72.86734693877551,7.826295103109956
12.025352441937153,-72.44897959183673,7.826295103109956
12.025352441937153,-72.03061224489795,7.826295103109956
12.025352441937153,-71.61224489795919,7.826295103109956
12.025352441937153,-71.1938775510204,7.826295103109956
12.025352441937153,-70.77551020408163,7.826295103109956
12.025352441937153,-70.35714285714286,7.826295103109956
12.025352441937153,-69.93877551020408,7.826295103109956
12.025352441937153,-69.5204081632653,7.826295103109956
12.025352441937153,-69.10204081632654,7.826295103109956
11.446867217289428,-68.68367346938776,7.826295103109956
11.446867217289428,-68.26530612244898,7.826295103109956
11.446867217289428,-67.84693877551021,7.826295103109956
11.446867217289428,-67.42857142857143,7.826295103109956
11.446867217289428,-67.01020408163265,7.826295103109956
11.446867217289428,-66.59183673469389,7.826295103109956
11.446867217289428,-66.1734693877551,7.826295103109956
11.446867217289428,-65.75510204081633,7.826295103109956
11.446867217289428,-65.33673469387755,7.826295103109956
11.446867217289428,-64.91836734693877,7.826295103109956
11.446867217289428,-64.5,7.826295103109956
12.242176358058773,-85,8.051293310747395
12.242176358058773,-84.58163265306122,8.051293310747395
12.242176358058773,-84.16326530612245,8.051293310747395
12.242176358058773,-83.74489795918367,8.051293310747395
12.242176358058773,-83.3265306122449,8.051293310747395
12.242176358058773,-82.90816326530613,8.051293310747395
12.242176358058773,-82.48979591836735,8.051293310747395
12.242176358058773,-82.07142857142857,8.051293310747395
12.242176358058773,-81.65306122448979,8.051293310747395
12.242176358058773,-81.23469387755102,8.051293310747395
12.242176358058773,-80.81632653061224,8.051293310747395
12.242176358058773,-80.39795918367346,8.051293310747395
12.242176358058773,-79.9795918367347,8.051293310747395
12.242176358058773,-79.56122448979592,8.051293310747395
12.242176358058773,-79.14285714285714,8.051293310747395
12.242176358058773,-78.72448979591837,8.051293310747395
12.242176358058773,-78.3061224489796,8.051293310747395
12.242176358058773,-77.88775510204081,8.051293310747395
12.242176358058773,-77.46938775510205,8.051293310747395
12.242176358058773,-77.05102040816327,8.051293310747395
12.242176358058773,-76.63265306122449,8.051293310747395
12.242176358058773,-76.21428571428571,8.051293310747395
12.242176358058773,-75.79591836734694,8.051293310747395
12.242176358058773,-75.37755102040816,8.051293310747395
12.242176358058773,-74.95918367346938,8.051293310747395
12.242176358058773,-74.54081632653062,8.051293310747395
12.242176358058773,-74.12244897959184,8.051293310747395
12.0228421288641,-73.70408163265306,8.051293310747395
12.0228421288641,-73.28571428571428,8.051293310747395
12.0228421288641,-72.86734693877551,8.051293310747395
12.0228421288641,-72.44897959183673,8.051293310747395
12.0228421288641,-72.03061224489795,8.051293310747395
12.0228421288641,-71.61224489795919,8.051293310747395
12.0228421288641,-71.1938775510204,8.051293310747395
12.0228421288641,-70.77551020408163,8.051293310747395
12.0228421288641,-70.35714285714286,8.051293310747395
12.0228421288641,-69.93877551020408,8.051293310747395
12.0228421288641,-69.5204081632653,8.051293310747395
12.0228421288641,-69.10204081632654,8.051293310747395
11.44448659390223,-68.68367346938776,8.051293310747395
11.44448659390223,-68.26530612244898,8.051293310747395
11.44448659390223,-67.84693877551021,8.051293310747395
11.44448659390223,-67.42857142857143,8.051293310747395
11.44448659390223,-67.01020408163265,8.051293310747395
11.44448659390223,-66.59183673469389,8.051293310747395
11.44448659390223,-66.1734693877551,8.051293310747395
11.44448659390223,-65.75510204081633,8.051293310747395
11.44448659390223,-65.33673469387755,8.051293310747395
11.44448659390223,-64.91836734693877,8.051293310747395
11.44448659390223,-64.5,8.051293310747395
12.242176358058773,-85,8.276291518384834
12.242176358058773,-84.58163265306122,8.276291518384834
12.242176358058773,-84.16326530612245,8.276291518384834
12.242176358058773,-83.74489795918367,8.276291518384834
12.242176358058773,-83.3265306122449,8.276291518384834
12.242176358058773,-82.90816326530613,8.276291518384834
12.242176358058773,-82.48979591836735,8.276291518384834
12.242176358058773,-82.07142857142857,8.276291518384834
12.242176358058773,-81.65306122448979,8.276291518384834
12.242176358058773,-81.23469387755102,8.276291518384834
12.242176358058773,-80.81632653061224,8.276291518384834
12.242176358058773,-80.39795918367346,8.276291518384834
12.242176358058773,-79.9795918367347,8.276291518384834
12.242176358058773,-79.56122448979592,8.276291518384834
12.242176358058773,-79.14285714285714,8.276291518384834
12.242176358058773,-78.72448979591837,8.276291518384834
12.242176358058773,-78.3061224489796,8.276291518384834
12.242176358058773,-77.88775510204081,8.276291518384834
12.242176358058773,-77.46938775510205,8.276291518384834
12.242176358058773,-77.05102040816327,8.276291518384834
12.242176358058773,-76.63265306122449,8.276291518384834
12.242176358058773,-76.21428571428571,8.276291518384834
12.242176358058773,-75.79591836734694,8.276291518384834
12.242176358058773,-75.37755102040816,8.276291518384834
12.242176358058773,-74.95918367346938,8.276291518384834
12.242176358058773,-74.54081632653062,8.276291518384834
12.242176358058773,-74.12244897959184,8.276291518384834
12.0228421288641,-73.70408163265306,8.276291518384834
12.0228421288641,-73.28571428571428,8.276291518384834
12.0228421288641,-72.86734693877551,8.276291518384834
12.0228421288641,-72.44897959183673,8.276291518384834
12.0228421288641,-72.03061224489795,8.276291518384834
12.0228421288641,-71.61224489795919,8.276291518384834
12.0228421288641,-71.1938775510204,8.276291518384834
12.0228421288641,-70.77551020408163,8.276291518384834
12.0228421288641,-70.35714285714286,8.276291518384834
12.0228421288641,-69.93877551020408,8.276291518384834
12.0228421288641,-69.5204081632653,8.276291518384834
12.0228421288641,-69.10204081632654,8.276291518384834
11.44448659390223,-68.68367346938776,8.276291518384834
11.44448659390223,-68.26530612244898,8.276291518384834
11.44448659390223,-67.84693877551021,8.276291518384834
11.44448659390223,-67.42857142857143,8.276291518384834
11.44448659390223,-67.01020408163265,8.276291518384834
11.44448659390223,-66.59183673469389,8.276291518384834
11.44448659390223,-66.1734693877551,8.276291518384834
11.44448659390223,-65.75510204081633,8.276291518384834
11.44448659390223,-65.33673469387755,8.276291518384834
11.44448659390223,-64.91836734693877,8.276291518384834
11.44448659390223,-64.5,8.276291518384834
12.236858191607583,-85,8.501289726022272
12.236858191607583,-84.58163265306122,8.501289726022272
12.236858191607583,-84.16326530612245,8.501289726022272
12.236858191607583,-83.74489795918367,8.501289726022272
12.236858191607583,-83.3265306122449,8.501289726022272
12.236858191607583,-82.90816326530613,8.501289726022272
12.236858191607583,-82.48979591836735,8.501289726022272
12.236858191607583,-82.07142857142857,8.501289726022272
12.236858191607583,-81.65306122448979,8.501289726022272
12.236858191607583,-81.23469387755102,8.501289726022272
12.236858191607583,-80.81632653061224,8.501289726022272
12.236858191607583,-80.39795918367346,8.501289726022272
12.236858191607583,-79.9795918367347,8.501289726022272
12.236858191607583,-79.56122448979592,8.501289726022272
12.236858191607583,-79.14285714285714,8.501289726022272
12.236858191607583,-78.72448979591837,8.501289726022272
12.236858191607583,-78.3061224489796,8.501289726022272
12.236874135175997,-77.88775510204081,8.501289726022272
12.236874135175997,-77.46938775510205,8.501289726022272
12.236874135175997,-77.05102040816327,8.501289726022272
12.236874135175997,-76.63265306122449,8.501289726022272
12.236874135175997,-76.21428571428571,8.501289726022272
12.236874135175997,-75.79591836734694,8.501289726022272
12.236874135175997,-75.37755102040816,8.501289726022272
12.236874135175997,-74.95918367346938,8.501289726022272
12.236874135175997,-74.54081632653062,8.501289726022272
12.236874135175997,-74.12244897959184,8.501289726022272
12.01981201963428,-73.70408163265306,8.501289726022272
12.01981201963428,-73.28571428571428,8.501289726022272
12.01981201963428,-72.86734693877551,8.501289726022272
12.019803135033156,-72.44897959183673,8.501289726022272
12.019803135033156,-72.03061224489795,8.501289726022272
12.019803135033156,-71.61224489795919,8.501289726022272
12.019803135033156,-71.1938775510204,8.501289726022272
12.019803135033156,-70.77551020408163,8.501289726022272
12.019803135033156,-70.35714285714286,8.501289726022272
12.019803135033156,-69.93877551020408,8.501289726022272
12.019803135033156,-69.5204081632653,8.501289726022272
12.019803135033156,-69.10204081632654,8.501289726022272
11.4415940014287,-68.68367346938776,8.501289726022272
11.4415940014287,-68.26530612244898,8.501289726022272
11.4415940014287,-67.84693877551021,8.501289726022272
11.4415940014287,-67.42857142857143,8.501289726022272
11.4415940014287,-67.01020408163265,8.501289726022272
11.4415940014287,-66.59183673469389,8.501289726022272
11.4415940014287,-66.1734693877551,8.501289726022272
11.4415940014287,-65.75510204081633,8.501289726022272
11.4415940014287,-65.33673469387755,8.501289726022272
11.4415940014287,-64.91836734693877,8.501289726022272
11.4415940014287,-64.5,8.501289726022272
12.236858191607583,-85,8.726287933659712
12.236858191607583,-84.58163265306122,8.726287933659712
12.236858191607583,-84.16326530612245,8.726287933659712
12.236858191607583,-83.74489795918367,8.726287933659712
12.236858191607583,-83.3265306122449,8.726287933659712
12.236858191607583,-82.90816326530613,8.726287933659712
12.236858191607583,-82.48979591836735,8.726287933659712
12.236858191607583,-82.07142857142857,8.726287933659712
12.236858191607583,-81.65306122448979,8.726287933659712
12.236858191607583,-81.23469387755102,8.726287933659712
12.236858191607583,-80.81632653061224,8.726287933659712
12.236858191607583,-80.39795918367346,8.726287933659712
12.236858191607583,-79.9795918367347,8.726287933659712
12.236858191607583,-79.56122448979592,8.726287933659712
12.236858191607583,-79.14285714285714,8.726287933659712
12.236858191607583,-78.72448979591837,8.726287933659712
12.236858191607583,-78.3061224489796,8.726287933659712
12.236874135175997,-77.88775510204081,8.726287933659712
12.236874135175997,-77.46938775510205,8.726287933659712
12.236874135175997,-77.05102040816327,8.726287933659712
12.236874135175997,-76.63265306122449,8.726287933659712
12.236874135175997,-76.21428571428571,8.726287933659712
12.236874135175997,-75.79591836734694,8.726287933659712
12.236874135175997,-75.37755102040816,8.726287933659712
12.236874135175997,-74.95918367346938,8.726287933659712
12.236874135175997,-74.54081632653062,8.726287933659712
12.236874135175997,-74.12244897959184,8.726287933659712
12.01981201963428,-73.70408163265306,8.726287933659712
12.01981201963428,-73.28571428571428,8.726287933659712
12.01981201963428,-72.86734693877551,8.726287933659712
12.019803135033156,-72.44897959183673,8.726287933659712
12.019803135033156,-72.03061224489795,8.726287933659712
12.019803135033156,-71.61224489795919,8.726287933659712
12.019803135033156,-71.1938775510204,8.726287933659712
12.019803135033156,-70.77551020408163,8.726287933659712
12.019803135033156,-70.35714285714286,8.726287933659712
12.019803135033156,-69.93877551020408,8.726287933659712
12.019803135033156,-69.5204081632653,8.726287933659712
12.019803135033156,-69.10204081632654,8.726287933659712
11.4415940014287,-68.68367346938776,8.726287933659712
11.4415940014287,-68.26530612244898,8.726287933659712
11.4415940014287,-67.84693877551021,8.726287933659712
11.4415940014287,-67.42857142857143,8.726287933659712
11.4415940014287,-67.01020408163265,8.726287933659712
11.4415940014287,-66.59183673469389,8.726287933659712
11.4415940014287,-66.1734693877551,8.726287933659712
11.4415940014287,-65.75510204081633,8.726287933659712
11.4415940014287,-65.33673469387755,8.726287933659712
11.4415940014287,-64.91836734693877,8.726287933659712
11.4415940014287,-64.5,8.726287933659712
8.8051947194004,-85,8.95128614129715
8.8051947194004,-84.58163265306122,8.95128614129715
8.8051947194004,-84.16326530612245,8.95128614129715
8.8051947194004,-83.74489795918367,8.95128614129715
8.8051947194004,-83.3265306122449,8.95128614129715
8.8051947194004,-82.90816326530613,8.95128614129715
8.8051947194004,-82.48979591836735,8.95128614129715
8.8051947194004,-82.07142857142857,8.95128614129715
8.8051947194004,-81.65306122448979,8.95128614129715
8.8051947194004,-81.23469387755102,8.95128614129715
8.8051947194004,-80.81632653061224,8.95128614129715
8.8051947194004,-80.39795918367346,8.95128614129715
8.8051947194004,-79.9795918367347,8.95128614129715
8.8051947194004,-79.56122448979592,8.95128614129715
8.8051947194004,-79.14285714285714,8.95128614129715
8.8051947194004,-78.72448979591837,8.95128614129715
8.8051947194004,-78.3061224489796,8.95128614129715
8.805207582433193,-77.88775510204081,8.95128614129715
8.805207582433193,-77.46938775510205,8.95128614129715
8.805207582433193,-77.05102040816327,8.95128614129715
8.805207582433193,-76.63265306122449,8.95128614129715
8.805207582433193,-76.21428571428571,8.95128614129715
8.805207582433193,-75.79591836734694,8.95128614129715
8.805207582433193,-75.37755102040816,8.95128614129715
8.805207582433193,-74.95918367346938,8.95128614129715
8.805207582433193,-74.54081632653062,8.95128614129715
8.805207582433193,-74.12244897959184,8.95128614129715
8.805207582433193,-73.70408163265306,8.95128614129715
8.805207582433193,-73.28571428571428,8.95128614129715
8.805207582433193,-72.86734693877551,8.95128614129715
8.805201073291853,-72.44897959183673,8.95128614129715
8.805201073291853,-72.03061224489795,8.95128614129715
8.805201073291853,-71.61224489795919,8.95128614129715
8.805201073291853,-71.1938775510204,8.95128614129715
8.805201073291853,-70.77551020408163,8.95128614129715
8.805201073291853,-70.35714285714286,8.95128614129715
8.805201073291853,-69.93877551020408,8.95128614129715
8.805201073291853,-69.5204081632653,8.95128614129715
8.805201073291853,-69.10204081632654,8.95128614129715
8.377874978564993,-68.68367346938776,8.95128614129715
8.377874978564993,-68.26530612244898,8.95128614129715
8.377874978564993,-67.84693877551021,8.95128614129715
8.377874978564993,-67.42857142857143,8.95128614129715
8.377874978564993,-67.01020408163265,8.95128614129715
8.377874978564993,-66.59183673469389,8.95128614129715
8.377874978564993,-66.1734693877551,8.95128614129715
8.377874978564993,-65.75510204081633,8.95128614129715
8.377874978564993,-65.33673469387755,8.95128614129715
8.377874978564993,-64.91836734693877,8.95128614129715
8.377874978564993,-64.5,8.95128614129715
8.8051947194004,-85,9.176284348934589
8.8051947194004,-84.58163265306122,9.176284348934589
8.8051947194004,-84.16326530612245,9.176284348934589
8.8051947194004,-83.74489795918367,9.176284348934589
8.8051947194004,-83.3265306122449,9.176284348934589
8.8051947194004,-82.90816326530613,9.176284348934589
8.8051947194004,-82.48979591836735,9.176284348934589
8.8051947194004,-82.07142857142857,9.176284348934589
8.8051947194004,-81.65306122448979,9.176284348934589
8.8051947194004,-81.23469387755102,9.176284348934589
8.8051947194004,-80.81632653061224,9.176284348934589
8.8051947194004,-80.39795918367346,9.176284348934589
8.8051947194004,-79.9795918367347,9.176284348934589
8.8051947194004,-79.56122448979592,9.176284348934589
8.8051947194004,-79.14285714285714,9.176284348934589
8.8051947194004,-78.72448979591837,9.176284348934589
8.8051947194004,-78.3061224489796,9.176284348934589
8.805207582433193,-77.88775510204081,9.176284348934589
8.805207582433193,-77.46938775510205,9.176284348934589
8.805207582433193,-77.05102040816327,9.176284348934589
8.805207582433193,-76.63265306122449,9.176284348934589
8.805207582433193,-76.21428571428571,9.176284348934589
8.805207582433193,-75.79591836734694,9.176284348934589
8.805207582433193,-75.37755102040816,9.176284348934589
8.805207582433193,-74.95918367346938,9.176284348934589
8.805207582433193,-74.54081632653062,9.176284348934589
8.805207582433193,-74.12244897959184,9.176284348934589
8.805207582433193,-73.70408163265306,9.176284348934589
8.805207582433193,-73.28571428571428,9.176284348934589
8.805207582433193,-72.86734693877551,9.176284348934589
8.805201073291853,-72.44897959183673,9.176284348934589
8.805201073291853,-72.03061224489795,9.176284348934589
8.805201073291853,-71.61224489795919,9.176284348934589
8.805201073291853,-71.1938775510204,9.176284348934589
8.805201073291853,-70.77551020408163,9.176284348934589
8.805201073291853,-70.35714285714286,9.176284348934589
8.805201073291853,-69.93877551020408,9.176284348934589
8.805201073291853,-69.5204081632653,9.176284348934589
8.805201073291853,-69.10204081632654,9.176284348934589
8.377874978564993,-68.68367346938776,9.176284348934589
8.377874978564993,-68.26530612244898,9.176284348934589
8.377874978564993,-67.84693877551021,9.176284348934589
8.377874978564993,-67.42857142857143,9.176284348934589
8.377874978564993,-67.01020408163265,9.176284348934589
8.377874978564993,-66.59183673469389,9.176284348934589
8.377874978564993,-66.1734693877551,9.176284348934589
8.377874978564993,-65.75510204081633,9.176284348934589
8.377874978564993,-65.33673469387755,9.176284348934589
8.377874978564993,-64.91836734693877,9.176284348934589
8.377874978564993,-64.5,9.176284348934589
8.8051947194004,-85,9.401282556572028
8.8051947194004,-84.58163265306122,9.401282556572028
8.8051947194004,-84.16326530612245,9.401282556572028
8.8051947194004,-83.74489795918367,9.401282556572028
8.8051947194004,-83.3265306122449,9.401282556572028
8.8051947194004,-82.90816326530613,9.401282556572028
8.8051947194004,-82.48979591836735,9.401282556572028
8.8051947194004,-82.07142857142857,9.401282556572028
8.8051947194004,-81.65306122448979,9.401282556572028
8.8051947194004,-81.23469387755102,9.401282556572028
8.8051947194004,-80.81632653061224,9.401282556572028
8.8051947194004,-80.39795918367346,9.401282556572028
8.8051947194004,-79.9795918367347,9.401282556572028
8.8051947194004,-79.56122448979592,9.401282556572028
8.8051947194004,-79.14285714285714,9.401282556572028
8.8051947194004,-78.72448979591837,9.401282556572028
8.8051947194004,-78.3061224489796,9.401282556572028
8.805207582433193,-77.88775510204081,9.401282556572028
8.805207582433193,-77.46938775510205,9.401282556572028
8.805207582433193,-77.05102040816327,9.401282556572028
8.805207582433193,-76.63265306122449,9.401282556572028
8.805207582433193,-76.21428571428571,9.401282556572028
8.805207582433193,-75.79591836734694,9.401282556572028
8.805207582433193,-75.37755102040816,9.401282556572028
8.805207582433193,-74.95918367346938,9.401282556572028
8.805207582433193,-74.54081632653062,9.401282556572028
8.805207582433193,-74.12244897959184,9.401282556572028
8.805207582433193,-73.70408163265306,9.401282556572028
8.805207582433193,-73.28571428571428,9.401282556572028
8.805207582433193,-72.86734693877551,9.401282556572028
8.805201073291853,-72.44897959183673,9.401282556572028
8.805201073291853,-72.03061224489795,9.401282556572028
8.805201073291853,-71.61224489795919,9.401282556572028
8.805201073291853,-71.1938775510204,9.401282556572028
8.805201073291853,-70.77551020408163,9.401282556572028
8.805201073291853,-70.35714285714286,9.401282556572028
8.805201073291853,-69.93877551020408,9.401282556572028
8.805201073291853,-69.5204081632653,9.401282556572028
8.805201073291853,-69.10204081632654,9.401282556572028
8.377874978564993,-68.68367346938776,9.401282556572028
8.377874978564993,-68.26530612244898,9.401282556572028
8.377874978564993,-67.84693877551021,9.401282556572028
8.377874978564993,-67.42857142857143,9.401282556572028
8.377874978564993,-67.01020408163265,9.401282556572028
8.377874978564993,-66.59183673469389,9.401282556572028
8.377874978564993,-66.1734693877551,9.401282556572028
8.377874978564993,-65.75510204081633,9.401282556572028
8.377874978564993,-65.33673469387755,9.401282556572028
8.377874978564993,-64.91836734693877,9.401282556572028
8.377874978564993,-64.5,9.401282556572028
8.8051947194004,-85,9.626280764209465
8.8051947194004,-84.58163265306122,9.626280764209465
8.8051947194004,-84.16326530612245,9.626280764209465
8.8051947194004,-83.74489795918367,9.626280764209465
8.8051947194004,-83.3265306122449,9.626280764209465
8.8051947194004,-82.90816326530613,9.626280764209465
8.8051947194004,-82.48979591836735,9.626280764209465
8.8051947194004,-82.07142857142857,9.626280764209465
8.8051947194004,-81.65306122448979,9.626280764209465
8.8051947194004,-81.23469387755102,9.626280764209465
8.8051947194004,-80.81632653061224,9.626280764209465
8.8051947194004,-80.39795918367346,9.626280764209465
8.8051947194004,-79.9795918367347,9.626280764209465
8.8051947194004,-79.56122448979592,9.626280764209465
8.8051947194004,-79.14285714285714,9.626280764209465
8.8051947194004,-78.72448979591837,9.626280764209465
8.8051947194004,-78.3061224489796,9.626280764209465
8.805207582433193,-77.88775510204081,9.626280764209465
8.805207582433193,-77.46938775510205,9.626280764209465
8.805207582433193,-77.05102040816327,9.626280764209465
8.805207582433193,-76.63265306122449,9.626280764209465
8.805207582433193,-76.21428571428571,9.626280764209465
8.805207582433193,-75.79591836734694,9.626280764209465
8.805207582433193,-75.37755102040816,9.626280764209465
8.805207582433193,-74.95918367346938,9.626280764209465
8.805207582433193,-74.54081632653062,9.626280764209465
8.805207582433193,-74.12244897959184,9.626280764209465
8.805207582433193,-73.70408163265306,9.626280764209465
8.805207582433193,-73.28571428571428,9.626280764209465
8.805207582433193,-72.86734693877551,9.626280764209465
8.805201073291853,-72.44897959183673,9.626280764209465
8.805201073291853,-72.03061224489795,9.626280764209465
8.805201073291853,-71.61224489795919,9.626280764209465
8.805201073291853,-71.1938775510204,9.626280764209465
8.805201073291853,-70.77551020408163,9.626280764209465
8.805201073291853,-70.35714285714286,9.626280764209465
8.805201073291853,-69.93877551020408,9.626280764209465
8.805201073291853,-69.5204081632653,9.626280764209465
8.805201073291853,-69.10204081632654,9.626280764209465
8.377874978564993,-68.68367346938776,9.626280764209465
8.377874978564993,-68.26530612244898,9.626280764209465
8.377874978564993,-67.84693877551021,9.626280764209465
8.377874978564993,-67.42857142857143,9.626280764209465
8.377874978564993,-67.01020408163265,9.626280764209465
8.377874978564993,-66.59183673469389,9.626280764209465
8.377874978564993,-66.1734693877551,9.626280764209465
8.377874978564993,-65.75510204081633,9.626280764209465
8.377874978564993,-65.33673469387755,9.626280764209465
8.377874978564993,-64.91836734693877,9.626280764209465
8.377874978564993,-64.5,9.626280764209465
8.8051947194004,-85,9.851278971846906
8.8051947194004,-84.58163265306122,9.851278971846906
8.8051947194004,-84.16326530612245,9.851278971846906
8.8051947194004,-83.74489795918367,9.851278971846906
8.8051947194004,-83.3265306122449,9.851278971846906
8.8051947194004,-82.90816326530613,9.851278971846906
8.8051947194004,-82.48979591836735,9.851278971846906
8.8051947194004,-82.07142857142857,9.851278971846906
8.8051947194004,-81.65306122448979,9.851278971846906
8.8051947194004,-81.23469387755102,9.851278971846906
8.8051947194004,-80.81632653061224,9.851278971846906
8.8051947194004,-80.39795918367346,9.851278971846906
8.8051947194004,-79.9795918367347,9.851278971846906
8.8051947194004,-79.56122448979592,9.851278971846906
8.8051947194004,-79.14285714285714,9.851278971846906
8.8051947194004,-78.72448979591837,9.851278971846906
8.8051947194004,-78.3061224489796,9.851278971846906
8.805207582433193,-77.88775510204081,9.851278971846906
8.805207582433193,-77.46938775510205,9.851278971846906
8.805207582433193,-77.05102040816327,9.851278971846906
8.805207582433193,-76.63265306122449,9.851278971846906
8.805207582433193,-76.21428571428571,9.851278971846906
8.805207582433193,-75.79591836734694,9.851278971846906
8.805207582433193,-75.37755102040816,9.851278971846906
8.805207582433193,-74.95918367346938,9.851278971846906
8.805207582433193,-74.54081632653062,9.851278971846906
8.805207582433193,-74.12244897959184,9.851278971846906
8.805207582433193,-73.70408163265306,9.851278971846906
8.805207582433193,-73.28571428571428,9.851278971846906
8.805207582433193,-72.86734693877551,9.851278971846906
8.805201073291853,-72.44897959183673,9.851278971846906
8.805201073291853,-72.03061224489795,9.851278971846906
8.805201073291853,-71.61224489795919,9.851278971846906
8.805201073291853,-71.1938775510204,9.851278971846906
8.805201073291853,-70.77551020408163,9.851278971846906
8.805201073291853,-70.35714285714286,9.851278971846906
8.805201073291853,-69.93877551020408,9.851278971846906
8.805201073291853,-69.5204081632653,9.851278971846906
8.805201073291853,-69.10204081632654,9.851278971846906
8.377874978564993,-68.68367346938776,9.851278971846906
8.377874978564993,-68.26530612244898,9.851278971846906
8.377874978564993,-67.84693877551021,9.851278971846906
8.377874978564993,-67.42857142857143,9.851278971846906
8.377874978564993,-67.01020408163265,9.851278971846906
8.377874978564993,-66.59183673469389,9.851278971846906
8.377874978564993,-66.1734693877551,9.851278971846906
8.377874978564993,-65.75510204081633,9.851278971846906
8.377874978564993,-65.33673469387755,9.851278971846906
8.377874978564993,-64.91836734693877,9.851278971846906
8.377874978564993,-64.5,9.851278971846906
8.8051947194004,-85,10.076277179484343
8.8051947194004,-84.58163265306122,10.076277179484343
8.8051947194004,-84.16326530612245,10.076277179484343
8.8051947194004,-83.74489795918367,10.076277179484343
8.8051947194004,-83.3265306122449,10.076277179484343
8.8051947194004,-82.90816326530613,10.076277179484343
8.8051947194004,-82.48979591836735,10.076277179484343
8.8051947194004,-82.07142857142857,10.076277179484343
8.8051947194004,-81.65306122448979,10.076277179484343
8.8051947194004,-81.23469387755102,10.076277179484343
8.8051947194004,-80.81632653061224,10.076277179484343
8.8051947194004,-80.39795918367346,10.076277179484343
8.8051947194004,-79.9795918367347,10.076277179484343
8.8051947194004,-79.56122448979592,10.076277179484343
8.8051947194004,-79.14285714285714,10.076277179484343
8.8051947194004,-78.72448979591837,10.076277179484343
8.8051947194004,-78.3061224489796,10.076277179484343
8.805207582433193,-77.88775510204081,10.076277179484343
8.805207582433193,-77.46938775510205,10.076277179484343
8.805207582433193,-77.05102040816327,10.076277179484343
8.805207582433193,-76.63265306122449,10.076277179484343
8.805207582433193,-76.21428571428571,10.076277179484343
8.805207582433193,-75.79591836734694,10.076277179484343
8.805207582433193,-75.37755102040816,10.076277179484343
8.805207582433193,-74.95918367346938,10.076277179484343
8.805207582433193,-74.54081632653062,10.076277179484343
8.805207582433193,-74.12244897959184,10.076277179484343
8.805207582433193,-73.70408163265306,10.076277179484343
8.805207582433193,-73.28571428571428,10.076277179484343
8.805207582433193,-72.86734693877551,10.076277179484343
8.805201073291853,-72.44897959183673,10.076277179484343
8.805201073291853,-72.03061224489795,10.076277179484343
8.805201073291853,-71.61224489795919,10.076277179484343
8.805201073291853,-71.1938775510204,10.076277179484343
8.805201073291853,-70.77551020408163,10.076277179484343
8.805201073291853,-70.35714285714286,10.076277179484343
8.805201073291853,-69.93877551020408,10.076277179484343
8.805201073291853,-69.5204081632653,10.076277179484343
8.805201073291853,-69.10204081632654,10.076277179484343
8.377874978564993,-68.68367346938776,10.076277179484343
8.377874978564993,-68.26530612244898,10.076277179484343
8.377874978564993,-67.84693877551021,10.076277179484343
8.377874978564993,-67.42857142857143,10.076277179484343
8.377874978564993,-67.01020408163265,10.076277179484343
8.377874978564993,-66.59183673469389,10.076277179484343
8.377874978564993,-66.1734693877551,10.076277179484343
8.377874978564993,-65.75510204081633,10.076277179484343
8.377874978564993,-65.33673469387755,10.076277179484343
8.377874978564993,-64.91836734693877,10.076277179484343
8.377874978564993,-64.5,10.076277179484343
8.8051947194004,-85,10.301275387121782
8.8051947194004,-84.58163265306122,10.301275387121782
8.8051947194004,-84.16326530612245,10.301275387121782
8.8051947194004,-83.74489795918367,10.301275387121782
8.8051947194004,-83.3265306122449,10.301275387121782
8.8051947194004,-82.90816326530613,10.301275387121782
8.8051947194004,-82.48979591836735,10.301275387121782
8.8051947194004,-82.07142857142857,10.301275387121782
8.8051947194004,-81.65306122448979,10.301275387121782
8.8051947194004,-81.23469387755102,10.301275387121782
8.8051947194004,-80.81632653061224,10.301275387121782
8.8051947194004,-80.39795918367346,10.301275387121782
8.8051947194004,-79.9795918367347,10.301275387121782
8.8051947194004,-79.56122448979592,10.301275387121782
8.8051947194004,-79.14285714285714,10.301275387121782
8.8051947194004,-78.72448979591837,10.301275387121782
8.8051947194004,-78.3061224489796,10.301275387121782
8.805207582433193,-77.88775510204081,10.301275387121782
8.805207582433193,-77.46938775510205,10.301275387121782
8.805207582433193,-77.05102040816327,10.301275387121782
8.805207582433193,-76.63265306122449,10.301275387121782
8.805207582433193,-76.21428571428571,10.301275387121782
8.805207582433193,-75.79591836734694,10.301275387121782
8.805207582433193,-75.37755102040816,10.301275387121782
8.805207582433193,-74.95918367346938,10.301275387121782
8.805207582433193,-74.54081632653062,10.301275387121782
8.805207582433193,-74.12244897959184,10.301275387121782
8.805207582433193,-73.70408163265306,10.301275387121782
8.805207582433193,-73.28571428571428,10.301275387121782
8.805207582433193,-72.86734693877551,10.301275387121782
8.805201073291853,-72.44897959183673,10.301275387121782
8.805201073291853,-72.03061224489795,10.301275387121782
8.805201073291853,-71.61224489795919,10.301275387121782
8.805201073291853,-71.1938775510204,10.301275387121782
8.805201073291853,-70.77551020408163,10.301275387121782
8.805201073291853,-70.35714285714286,10.301275387121782
8.805201073291853,-69.93877551020408,10.301275387121782
8.805201073291853,-69.5204081632653,10.301275387121782
8.805201073291853,-69.10204081632654,10.301275387121782
8.377874978564993,-68.68367346938776,10.301275387121782
8.377874978564993,-68.26530612244898,10.301275387121782
8.377874978564993,-67.84693877551021,10.301275387121782
8.377874978564993,-67.42857142857143,10.301275387121782
8.377874978564993,-67.01020408163265,10.301275387121782
8.377874978564993,-66.59183673469389,10.301275387121782
8.377874978564993,-66.1734693877551,10.301275387121782
8.377874978564993,-65.75510204081633,10.301275387121782
8.377874978564993,-65.33673469387755,10.301275387121782
8.377874978564993,-64.91836734693877,10.301275387121782
8.377874978564993,-64.5,10.301275387121782
8.8051947194004,-85,10.526273594759221
8.8051947194004,-84.58163265306122,10.526273594759221
8.8051947194004,-84.16326530612245,10.526273594759221
8.8051947194004,-83.74489795918367,10.526273594759221
8.8051947194004,-83.3265306122449,10.526273594759221
8.8051947194004,-82.90816326530613,10.526273594759221
8.8051947194004,-82.48979591836735,10.526273594759221
8.8051947194004,-82.07142857142857,10.526273594759221
8.8051947194004,-81.65306122448979,10.526273594759221
8.8051947194004,-81.23469387755102,10.526273594759221
8.8051947194004,-80.81632653061224,10.526273594759221
8.8051947194004,-80.39795918367346,10.526273594759221
8.8051947194004,-79.9795918367347,10.526273594759221
8.8051947194004,-79.56122448979592,10.526273594759221
8.8051947194004,-79.14285714285714,10.526273594759221
8.8051947194004,-78.72448979591837,10.526273594759221
8.8051947194004,-78.3061224489796,10.526273594759221
8.805207582433193,-77.88775510204081,10.526273594759221
8.805207582433193,-77.46938775510205,10.526273594759221
8.805207582433193,-77.05102040816327,10.526273594759221
8.805207582433193,-76.63265306122449,10.526273594759221
8.805207582433193,-76.21428571428571,10.526273594759221
8.805207582433193,-75.79591836734694,10.526273594759221
8.805207582433193,-75.37755102040816,10.526273594759221
8.805207582433193,-74.95918367346938,10.526273594759221
8.805207582433193,-74.54081632653062,10.526273594759221
8.805207582433193,-74.12244897959184,10.526273594759221
8.805207582433193,-73.70408163265306,10.526273594759221
8.805207582433193,-73.28571428571428,10.526273594759221
8.805207582433193,-72.86734693877551,10.526273594759221
8.805201073291853,-72.44897959183673,10.526273594759221
8.805201073291853,-72.03061224489795,10.526273594759221
8.805201073291853,-71.61224489795919,10.526273594759221
8.805201073291853,-71.1938775510204,10.526273594759221
8.805201073291853,-70.77551020408163,10.526273594759221
8.805201073291853,-70.35714285714286,10.526273594759221
8.805201073291853,-69.93877551020408,10.526273594759221
8.805201073291853,-69.5204081632653,10.526273594759221
8.805201073291853,-69.10204081632654,10.526273594759221
8.377874978564993,-68.68367346938776,10.526273594759221
8.377874978564993,-68.26530612244898,10.526273594759221
8.377874978564993,-67.84693877551021,10.526273594759221
8.377874978564993,-67.42857142857143,10.526273594759221
8.377874978564993,-67.01020408163265,10.526273594759221
8.377874978564993,-66.59183673469389,10.526273594759221
8.377874978564993,-66.1734693877551,10.526273594759221
8.377874978564993,-65.75510204081633,10.526273594759221
8.377874978564993,-65.33673469387755,10.526273594759221
8.377874978564993,-64.91836734693877,10.526273594759221
8.377874978564993,-64.5,10.526273594759221
8.8051947194004,-85,10.75127180239666
8.8051947194004,-84.58163265306122,10.75127180239666
8.8051947194004,-84.16326530612245,10.75127180239666
8.8051947194004,-83.74489795918367,10.75127180239666
8.8051947194004,-83.3265306122449,10.75127180239666
8.8051947194004,-82.90816326530613,10.75127180239666
8.8051947194004,-82.48979591836735,10.75127180239666
8.8051947194004,-82.07142857142857,10.75127180239666
8.8051947194004,-81.65306122448979,10.75127180239666
8.8051947194004,-81.23469387755102,10.75127180239666
8.8051947194004,-80.81632653061224,10.75127180239666
8.8051947194004,-80.39795918367346,10.75127180239666
8.8051947194004,-79.9795918367347,10.75127180239666
8.8051947194004,-79.56122448979592,10.75127180239666
8.8051947194004,-79.14285714285714,10.75127180239666
8.8051947194004,-78.72448979591837,10.75127180239666
8.8051947194004,-78.3061224489796,10.75127180239666
8.805207582433193,-77.88775510204081,10.75127180239666
8.805207582433193,-77.46938775510205,10.75127180239666
8.805207582433193,-77.05102040816327,10.75127180239666
8.805207582433193,-76.63265306122449,10.75127180239666
8.805207582433193,-76.21428571428571,10.75127180239666
8.805207582433193,-75.79591836734694,10.75127180239666
8.805207582433193,-75.37755102040816,10.75127180239666
8.805207582433193,-74.95918367346938,10.75127180239666
8.805207582433193,-74.54081632653062,10.75127180239666
8.805207582433193,-74.12244897959184,10.75127180239666
8.805207582433193,-73.70408163265306,10.75127180239666
8.805207582433193,-73.28571428571428,10.75127180239666
8.805207582433193,-72.86734693877551,10.75127180239666
8.805201073291853,-72.44897959183673,10.75127180239666
8.805201073291853,-72.03061224489795,10.75127180239666
8.805201073291853,-71.61224489795919,10.75127180239666
8.805201073291853,-71.1938775510204,10.75127180239666
8.805201073291853,-70.77551020408163,10.75127180239666
8.805201073291853,-70.35714285714286,10.75127180239666
8.805201073291853,-69.93877551020408,10.75127180239666
8.805201073291853,-69.5204081632653,10.75127180239666
8.805201073291853,-69.10204081632654,10.75127180239666
8.377874978564993,-68.68367346938776,10.75127180239666
8.377874978564993,-68.26530612244898,10.75127180239666
8.377874978564993,-67.84693877551021,10.75127180239666
8.377874978564993,-67.42857142857143,10.75127180239666
8.377874978564993,-67.01020408163265,10.75127180239666
8.377874978564993,-66.59183673469389,10.75127180239666
8.377874978564993,-66.1734693877551,10.75127180239666
8.377874978564993,-65.75510204081633,10.75127180239666
8.377874978564993,-65.33673469387755,10.75127180239666
8.377874978564993,-64.91836734693877,10.75127180239666
8.377874978564993,-64.5,10.75127180239666
8.8051947194004,-85,10.976270010034098
8.8051947194004,-84.58163265306122,10.976270010034098
8.8051947194004,-84.16326530612245,10.976270010034098
8.8051947194004,-83.74489795918367,10.976270010034098
8.8051947194004,-83.3265306122449,10.976270010034098
8.8051947194004,-82.90816326530613,10.976270010034098
8.8051947194004,-82.48979591836735,10.976270010034098
8.8051947194004,-82.07142857142857,10.976270010034098
8.8051947194004,-81.65306122448979,10.976270010034098
8.8051947194004,-81.23469387755102,10.976270010034098
8.8051947194004,-80.81632653061224,10.976270010034098
8.8051947194004,-80.39795918367346,10.976270010034098
8.8051947194004,-79.9795918367347,10.976270010034098
8.8051947194004,-79.56122448979592,10.976270010034098
8.8051947194004,-79.14285714285714,10.976270010034098
8.8051947194004,-78.72448979591837,10.976270010034098
8.8051947194004,-78.3061224489796,10.976270010034098
8.805207582433193,-77.88775510204081,10.976270010034098
8.805207582433193,-77.46938775510205,10.976270010034098
8.805207582433193,-77.05102040816327,10.976270010034098
8.805207582433193,-76.63265306122449,10.976270010034098
8.805207582433193,-76.21428571428571,10.976270010034098
8.805207582433193,-75.79591836734694,10.976270010034098
8.805207582433193,-75.37755102040816,10.976270010034098
8.805207582433193,-74.95918367346938,10.976270010034098
8.805207582433193,-74.54081632653062,10.976270010034098
8.805207582433193,-74.12244897959184,10.976270010034098
8.805207582433193,-73.70408163265306,10.976270010034098
8.805207582433193,-73.28571428571428,10.976270010034098
8.805207582433193,-72.86734693877551,10.976270010034098
8.805201073291853,-72.44897959183673,10.976270010034098
8.805201073291853,-72.03061224489795,10.976270010034098
8.805201073291853,-71.61224489795919,10.976270010034098
8.805201073291853,-71.1938775510204,10.976270010034098
8.805201073291853,-70.77551020408163,10.976270010034098
8.805201073291853,-70.35714285714286,10.976270010034098
8.805201073291853,-69.93877551020408,10.976270010034098
8.805201073291853,-69.5204081632653,10.976270010034098
8.805201073291853,-69.10204081632654,10.976270010034098
8.377874978564993,-68.68367346938776,10.976270010034098
8.377874978564993,-68.26530612244898,10.976270010034098
8.377874978564993,-67.84693877551021,10.976270010034098
8.377874978564993,-67.42857142857143,10.976270010034098
8.377874978564993,-67.01020408163265,10.976270010034098
8.377874978564993,-66.59183673469389,10.976270010034098
8.377874978564993,-66.1734693877551,10.976270010034098
8.377874978564993,-65.75510204081633,10.976270010034098
8.377874978564993,-65.33673469387755,10.976270010034098
8.377874978564993,-64.91836734693877,10.976270010034098
8.377874978564993,-64.5,10.976270010034098
8.8051947194004,-85,11.201268217671537
8.8051947194004,-84.58163265306122,11.201268217671537
8.8051947194004,-84.16326530612245,11.201268217671537
8.8051947194004,-83.74489795918367,11.201268217671537
8.8051947194004,-83.3265306122449,11.201268217671537
8.8051947194004,-82.90816326530613,11.201268217671537
8.8051947194004,-82.48979591836735,11.201268217671537
8.8051947194004,-82.07142857142857,11.201268217671537
8.8051947194004,-81.65306122448979,11.201268217671537
8.8051947194004,-81.23469387755102,11.201268217671537
8.8051947194004,-80.81632653061224,11.201268217671537
8.8051947194004,-80.39795918367346,11.201268217671537
8.8051947194004,-79.9795918367347,11.201268217671537
8.8051947194004,-79.56122448979592,11.201268217671537
8.8051947194004,-79.14285714285714,11.201268217671537
8.8051947194004,-78.72448979591837,11.201268217671537
8.8051947194004,-78.3061224489796,11.201268217671537
8.805207582433193,-77.88775510204081,11.201268217671537
8.805207582433193,-77.46938775510205,11.201268217671537
8.805207582433193,-77.05102040816327,11.201268217671537
8.805207582433193,-76.63265306122449,11.201268217671537
8.805207582433193,-76.21428571428571,11.201268217671537
8.805207582433193,-75.79591836734694,11.201268217671537
8.805207582433193,-75.37755102040816,11.201268217671537
8.805207582433193,-74.95918367346938,11.201268217671537
8.805207582433193,-74.54081632653062,11.201268217671537
8.805207582433193,-74.12244897959184,11.201268217671537
8.805207582433193,-73.70408163265306,11.201268217671537
8.805207582433193,-73.28571428571428,11.201268217671537
8.805207582433193,-72.86734693877551,11.201268217671537
8.805201073291853,-72.44897959183673,11.201268217671537
8.805201073291853,-72.03061224489795,11.201268217671537
8.805201073291853,-71.61224489795919,11.201268217671537
8.805201073291853,-71.1938775510204,11.201268217671537
8.805201073291853,-70.77551020408163,11.201268217671537
8.805201073291853,-70.35714285714286,11.201268217671537
8.805201073291853,-69.93877551020408,11.201268217671537
8.805201073291853,-69.5204081632653,11.201268217671537
8.805201073291853,-69.10204081632654,11.201268217671537
8.377874978564993,-68.68367346938776,11.201268217671537
8.377874978564993,-68.26530612244898,11.201268217671537
8.377874978564993,-67.84693877551021,11.201268217671537
8.377874978564993,-67.42857142857143,11.201268217671537
8.377874978564993,-67.01020408163265,11.201268217671537
8.377874978564993,-66.59183673469389,11.201268217671537
8.377874978564993,-66.1734693877551,11.201268217671537
8.377874978564993,-65.75510204081633,11.201268217671537
8.377874978564993,-65.33673469387755,11.201268217671537
8.377874978564993,-64.91836734693877,11.201268217671537
8.377874978564993,-64.5,11.201268217671537
8.8051947194004,-85,11.426266425308976
8.8051947194004,-84.58163265306122,11.426266425308976
8.8051947194004,-84.16326530612245,11.426266425308976
8.8051947194004,-83.74489795918367,11.426266425308976
8.8051947194004,-83.3265306122449,11.426266425308976
8.8051947194004,-82.90816326530613,11.426266425308976
8.8051947194004,-82.48979591836735,11.426266425308976
8.8051947194004,-82.07142857142857,11.426266425308976
8.8051947194004,-81.65306122448979,11.426266425308976
8.8051947194004,-81.23469387755102,11.426266425308976
8.8051947194004,-80.81632653061224,11.426266425308976
8.8051947194004,-80.39795918367346,11.426266425308976
8.8051947194004,-79.9795918367347,11.426266425308976
8.8051947194004,-79.56122448979592,11.426266425308976
8.8051947194004,-79.14285714285714,11.426266425308976
8.8051947194004,-78.72448979591837,11.426266425308976
8.8051947194004,-78.3061224489796,11.426266425308976
8.805207582433193,-77.88775510204081,11.426266425308976
8.805207582433193,-77.46938775510205,11.426266425308976
8.805207582433193,-77.05102040816327,11.426266425308976
8.805207582433193,-76.63265306122449,11.426266425308976
8.805207582433193,-76.21428571428571,11.426266425308976
8.805207582433193,-75.79591836734694,11.426266425308976
8.805207582433193,-75.37755102040816,11.426266425308976
8.805207582433193,-74.95918367346938,11.426266425308976
8.805207582433193,-74.54081632653062,11.426266425308976
8.805207582433193,-74.12244897959184,11.426266425308976
8.805207582433193,-73.70408163265306,11.426266425308976
8.805207582433193,-73.28571428571428,11.426266425308976
8.805207582433193,-72.86734693877551,11.426266425308976
8.805201073291853,-72.44897959183673,11.426266425308976
8.805201073291853,-72.03061224489795,11.426266425308976
8.805201073291853,-71.61224489795919,11.426266425308976
8.805201073291853,-71.1938775510204,11.426266425308976
8.805201073291853,-70.77551020408163,11.426266425308976
8.805201073291853,-70.35714285714286,11.426266425308976
8.805201073291853,-69.93877551020408,11.426266425308976
8.805201073291853,-69.5204081632653,11.426266425308976
8.805201073291853,-69.10204081632654,11.426266425308976
8.377874978564993,-68.68367346938776,11.426266425308976
8.377874978564993,-68.26530612244898,11.426266425308976
8.377874978564993,-67.84693877551021,11.426266425308976
8.377874978564993,-67.42857142857143,11.426266425308976
8.377874978564993,-67.01020408163265,11.426266425308976
8.377874978564993,-66.59183673469389,11.426266425308976
8.377874978564993,-66.1734693877551,11.426266425308976
8.377874978564993,-65.75510204081633,11.426266425308976
8.377874978564993,-65.33673469387755,11.426266425308976
8.377874978564993,-64.91836734693877,11.426266425308976
8.377874978564993,-64.5,11.426266425308976
8.8051947194004,-85,11.651264632946415
8.8051947194004,-84.58163265306122,11.651264632946415
8.8051947194004,-84.16326530612245,11.651264632946415
8.8051947194004,-83.74489795918367,11.651264632946415
8.8051947194004,-83.3265306122449,11.651264632946415
8.8051947194004,-82.90816326530613,11.651264632946415
8.8051947194004,-82.48979591836735,11.651264632946415
8.8051947194004,-82.07142857142857,11.651264632946415
8.8051947194004,-81.65306122448979,11.651264632946415
8.8051947194004,-81.23469387755102,11.651264632946415
8.8051947194004,-80.81632653061224,11.651264632946415
8.8051947194004,-80.39795918367346,11.651264632946415
8.8051947194004,-79.9795918367347,11.651264632946415
8.8051947194004,-79.56122448979592,11.651264632946415
8.8051947194004,-79.14285714285714,11.651264632946415
8.8051947194004,-78.72448979591837,11.651264632946415
8.8051947194004,-78.3061224489796,11.651264632946415
8.805207582433193,-77.88775510204081,11.651264632946415
8.805207582433193,-77.46938775510205,11.651264632946415
8.805207582433193,-77.05102040816327,11.651264632946415
8.805207582433193,-76.63265306122449,11.651264632946415
8.805207582433193,-76.21428571428571,11.651264632946415
8.805207582433193,-75.79591836734694,11.651264632946415
8.805207582433193,-75.37755102040816,11.651264632946415
8.805207582433193,-74.95918367346938,11.651264632946415
8.805207582433193,-74.54081632653062,11.651264632946415
8.805207582433193,-74.12244897959184,11.651264632946415
8.805207582433193,-73.70408163265306,11.651264632946415
8.805207582433193,-73.28571428571428,11.651264632946415
8.805207582433193,-72.86734693877551,11.651264632946415
8.805201073291853,-72.44897959183673,11.651264632946415
8.805201073291853,-72.03061224489795,11.651264632946415
8.805201073291853,-71.61224489795919,11.651264632946415
8.805201073291853,-71.1938775510204,11.651264632946415
8.805201073291853,-70.77551020408163,11.651264632946415
8.805201073291853,-70.35714285714286,11.651264632946415
8.805201073291853,-69.93877551020408,11.651264632946415
8.805201073291853,-69.5204081632653,11.651264632946415
8.805201073291853,-69.10204081632654,11.651264632946415
8.377874978564993,-68.68367346938776,11.651264632946415
8.377874978564993,-68.26530612244898,11.651264632946415
8.377874978564993,-67.84693877551021,11.651264632946415
8.377874978564993,-67.42857142857143,11.651264632946415
8.377874978564993,-67.01020408163265,11.651264632946415
8.377874978564993,-66.59183673469389,11.651264632946415
8.377874978564993,-66.1734693877551,11.651264632946415
8.377874978564993,-65.75510204081633,11.651264632946415
8.377874978564993,-65.33673469387755,11.651264632946415
8.377874978564993,-64.91836734693877,11.651264632946415
8.377874978564993,-64.5,11.651264632946415
8.8051947194004,-85,11.876262840583854
8.8051947194004,-84.58163265306122,11.876262840583854
8.8051947194004,-84.16326530612245,11.876262840583854
8.8051947194004,-83.74489795918367,11.876262840583854
8.8051947194004,-83.3265306122449,11.876262840583854
8.8051947194004,-82.90816326530613,11.876262840583854
8.8051947194004,-82.48979591836735,11.876262840583854
8.8051947194004,-82.07142857142857,11.876262840583854
8.8051947194004,-81.65306122448979,11.876262840583854
8.8051947194004,-81.23469387755102,11.876262840583854
8.8051947194004,-80.81632653061224,11.876262840583854
8.8051947194004,-80.39795918367346,11.876262840583854
8.8051947194004,-79.9795918367347,11.876262840583854
8.8051947194004,-79.56122448979592,11.876262840583854
8.8051947194004,-79.14285714285714,11.876262840583854
8.8051947194004,-78.72448979591837,11.876262840583854
8.8051947194004,-78.3061224489796,11.876262840583854
8.805207582433193,-77.88775510204081,11.876262840583854
8.805207582433193,-77.46938775510205,11.876262840583854
8.805207582433193,-77.05102040816327,11.876262840583854
8.805207582433193,-76.63265306122449,11.876262840583854
8.805207582433193,-76.21428571428571,11.876262840583854
8.805207582433193,-75.79591836734694,11.876262840583854
8.805207582433193,-75.37755102040816,11.876262840583854
8.805207582433193,-74.95918367346938,11.876262840583854
8.805207582433193,-74.54081632653062,11.876262840583854
8.805207582433193,-74.12244897959184,11.876262840583854
8.805207582433193,-73.70408163265306,11.876262840583854
8.805207582433193,-73.28571428571428,11.876262840583854
8.805207582433193,-72.86734693877551,11.876262840583854
8.805201073291853,-72.44897959183673,11.876262840583854
8.805201073291853,-72.03061224489795,11.876262840583854
8.805201073291853,-71.61224489795919,11.876262840583854
8.805201073291853,-71.1938775510204,11.876262840583854
8.805201073291853,-70.77551020408163,11.876262840583854
8.805201073291853,-70.35714285714286,11.876262840583854
8.805201073291853,-69.93877551020408,11.876262840583854
8.805201073291853,-69.5204081632653,11.876262840583854
8.805201073291853,-69.10204081632654,11.876262840583854
8.377874978564993,-68.68367346938776,11.876262840583854
8.377874978564993,-68.26530612244898,11.876262840583854
8.377874978564993,-67.84693877551021,11.876262840583854
8.377874978564993,-67.42857142857143,11.876262840583854
8.377874978564993,-67.01020408163265,11.876262840583854
8.377874978564993,-66.59183673469389,11.876262840583854
8.377874978564993,-66.1734693877551,11.876262840583854
8.377874978564993,-65.75510204081633,11.876262840583854
8.377874978564993,-65.33673469387755,11.876262840583854
8.377874978564993,-64.91836734693877,11.876262840583854
8.377874978564993,-64.5,11.876262840583854
8.8051947194004,-85,12.101261048221293
8.8051947194004,-84.58163265306122,12.101261048221293
8.8051947194004,-84.16326530612245,12.101261048221293
8.8051947194004,-83.74489795918367,12.101261048221293
8.8051947194004,-83.3265306122449,12.101261048221293
8.8051947194004,-82.90816326530613,12.101261048221293
8.8051947194004,-82.48979591836735,12.101261048221293
8.8051947194004,-82.07142857142857,12.101261048221293
8.8051947194004,-81.65306122448979,12.101261048221293
8.8051947194004,-81.23469387755102,12.101261048221293
8.8051947194004,-80.81632653061224,12.101261048221293
8.8051947194004,-80.39795918367346,12.101261048221293
8.8051947194004,-79.9795918367347,12.101261048221293
8.8051947194004,-79.56122448979592,12.101261048221293
8.8051947194004,-79.14285714285714,12.101261048221293
8.8051947194004,-78.72448979591837,12.101261048221293
8.8051947194004,-78.3061224489796,12.101261048221293
8.805207582433193,-77.88775510204081,12.101261048221293
8.805207582433193,-77.46938775510205,12.101261048221293
8.805207582433193,-77.05102040816327,12.101261048221293
8.805207582433193,-76.63265306122449,12.101261048221293
8.805207582433193,-76.21428571428571,12.101261048221293
8.805207582433193,-75.79591836734694,12.101261048221293
8.805207582433193,-75.37755102040816,12.101261048221293
8.805207582433193,-74.95918367346938,12.101261048221293
8.805207582433193,-74.54081632653062,12.101261048221293
8.805207582433193,-74.12244897959184,12.101261048221293
8.805207582433193,-73.70408163265306,12.101261048221293
8.805207582433193,-73.28571428571428,12.101261048221293
8.805207582433193,-72.86734693877551,12.101261048221293
8.805201073291853,-72.44897959183673,12.101261048221293
8.805201073291853,-72.03061224489795,12.101261048221293
8.805201073291853,-71.61224489795919,12.101261048221293
8.805201073291853,-71.1938775510204,12.101261048221293
8.805201073291853,-70.77551020408163,12.101261048221293
8.805201073291853,-70.35714285714286,12.101261048221293
8.805201073291853,-69.93877551020408,12.101261048221293
8.805201073291853,-69.5204081632653,12.101261048221293
8.805201073291853,-69.10204081632654,12.101261048221293
8.377874978564993,-68.68367346938776,12.101261048221293
8.377874978564993,-68.26530612244898,12.101261048221293
8.377874978564993,-67.84693877551021,12.101261048221293
8.377874978564993,-67.42857142857143,12.101261048221293
8.377874978564993,-67.01020408163265,12.101261048221293
8.377874978564993,-66.59183673469389,12.101261048221293
8.377874978564993,-66.1734693877551,12.101261048221293
8.377874978564993,-65.75510204081633,12.101261048221293
8.377874978564993,-65.33673469387755,12.101261048221293
8.377874978564993,-64.91836734693877,12.101261048221293
8.377874978564993,-64.5,12.101261048221293
8.8051947194004,-85,12.32625925585873
8.8051947194004,-84.58163265306122,12.32625925585873
8.8051947194004,-84.16326530612245,12.32625925585873
8.8051947194004,-83.74489795918367,12.32625925585873
8.8051947194004,-83.3265306122449,12.32625925585873
8.8051947194004,-82.90816326530613,12.32625925585873
8.8051947194004,-82.48979591836735,12.32625925585873
8.8051947194004,-82.07142857142857,12.32625925585873
8.8051947194004,-81.65306122448979,12.32625925585873
8.8051947194004,-81.23469387755102,12.32625925585873
8.8051947194004,-80.81632653061224,12.32625925585873
8.8051947194004,-80.39795918367346,12.32625925585873
8.8051947194004,-79.9795918367347,12.32625925585873
8.8051947194004,-79.56122448979592,12.32625925585873
8.8051947194004,-79.14285714285714,12.32625925585873
8.8051947194004,-78.72448979591837,12.32625925585873
8.8051947194004,-78.3061224489796,12.32625925585873
8.805207582433193,-77.88775510204081,12.32625925585873
8.805207582433193,-77.46938775510205,12.32625925585873
8.805207582433193,-77.05102040816327,12.32625925585873
8.805207582433193,-76.63265306122449,12.32625925585873
8.805207582433193,-76.21428571428571,12.32625925585873
8.805207582433193,-75.79591836734694,12.32625925585873
8.805207582433193,-75.37755102040816,12.32625925585873
8.805207582433193,-74.95918367346938,12.32625925585873
8.805207582433193,-74.54081632653062,12.32625925585873
8.805207582433193,-74.12244897959184,12.32625925585873
8.805207582433193,-73.70408163265306,12.32625925585873
8.805207582433193,-73.28571428571428,12.32625925585873
8.805207582433193,-72.86734693877551,12.32625925585873
8.805201073291853,-72.44897959183673,12.32625925585873
8.805201073291853,-72.03061224489795,12.32625925585873
8.805201073291853,-71.61224489795919,12.32625925585873
8.805201073291853,-71.1938775510204,12.32625925585873
8.805201073291853,-70.77551020408163,12.32625925585873
8.805201073291853,-70.35714285714286,12.32625925585873
8.805201073291853,-69.93877551020408,12.32625925585873
8.805201073291853,-69.5204081632653,12.32625925585873
8.805201073291853,-69.10204081632654,12.32625925585873
8.377874978564993,-68.68367346938776,12.32625925585873
8.377874978564993,-68.26530612244898,12.32625925585873
8.377874978564993,-67.84693877551021,12.32625925585873
8.377874978564993,-67.42857142857143,12.32625925585873
8.377874978564993,-67.01020408163265,12.32625925585873
8.377874978564993,-66.59183673469389,12.32625925585873
8.377874978564993,-66.1734693877551,12.32625925585873
8.377874978564993,-65.75510204081633,12.32625925585873
8.377874978564993,-65.33673469387755,12.32625925585873
8.377874978564993,-64.91836734693877,12.32625925585873
8.377874978564993,-64.5,12.32625925585873
8.8051947194004,-85,12.551257463496169
8.8051947194004,-84.58163265306122,12.551257463496169
8.8051947194004,-84.16326530612245,12.551257463496169
8.8051947194004,-83.74489795918367,12.551257463496169
8.8051947194004,-83.3265306122449,12.551257463496169
8.8051947194004,-82.90816326530613,12.551257463496169
8.8051947194004,-82.48979591836735,12.551257463496169
8.8051947194004,-82.07142857142857,12.551257463496169
8.8051947194004,-81.65306122448979,12.551257463496169
8.8051947194004,-81.23469387755102,12.551257463496169
8.8051947194004,-80.81632653061224,12.551257463496169
8.8051947194004,-80.39795918367346,12.551257463496169
8.8051947194004,-79.9795918367347,12.551257463496169
8.8051947194004,-79.56122448979592,12.551257463496169
8.8051947194004,-79.14285714285714,12.551257463496169
8.8051947194004,-78.72448979591837,12.551257463496169
8.8051947194004,-78.3061224489796,12.551257463496169
8.805207582433193,-77.88775510204081,12.551257463496169
8.805207582433193,-77.46938775510205,12.551257463496169
8.805207582433193,-77.05102040816327,12.551257463496169
8.805207582433193,-76.63265306122449,12.551257463496169
8.805207582433193,-76.21428571428571,12.551257463496169
8.805207582433193,-75.79591836734694,12.551257463496169
8.805207582433193,-75.37755102040816,12.551257463496169
8.805207582433193,-74.95918367346938,12.551257463496169
8.805207582433193,-74.54081632653062,12.551257463496169
8.805207582433193,-74.12244897959184,12.551257463496169
8.805207582433193,-73.70408163265306,12.551257463496169
8.805207582433193,-73.28571428571428,12.551257463496169
8.805207582433193,-72.86734693877551,12.551257463496169
8.805201073291853,-72.44897959183673,12.551257463496169
8.805201073291853,-72.03061224489795,12.551257463496169
8.805201073291853,-71.61224489795919,12.551257463496169
8.805201073291853,-71.1938775510204,12.551257463496169
8.805201073291853,-70.77551020408163,12.551257463496169
8.805201073291853,-70.35714285714286,12.551257463496169
8.805201073291853,-69.93877551020408,12.551257463496169
8.805201073291853,-69.5204081632653,12.551257463496169
8.805201073291853,-69.10204081632654,12.551257463496169
8.377874978564993,-68.68367346938776,12.551257463496169
8.377874978564993,-68.26530612244898,12.551257463496169
8.377874978564993,-67.84693877551021,12.551257463496169
8.377874978564993,-67.42857142857143,12.551257463496169
8.377874978564993,-67.01020408163265,12.551257463496169
8.377874978564993,-66.59183673469389,12.551257463496169
8.377874978564993,-66.1734693877551,12.551257463496169
8.377874978564993,-65.75510204081633,12.551257463496169
8.377874978564993,-65.33673469387755,12.551257463496169
8.377874978564993,-64.91836734693877,12.551257463496169
8.377874978564993,-64.5,12.551257463496169
8.8051947194004,-85,12.776255671133608
8.8051947194004,-84.58163265306122,12.776255671133608
8.8051947194004,-84.16326530612245,12.776255671133608
8.8051947194004,-83.74489795918367,12.776255671133608
8.8051947194004,-83.3265306122449,12.776255671133608
8.8051947194004,-82.90816326530613,12.776255671133608
8.8051947194004,-82.48979591836735,12.776255671133608
8.8051947194004,-82.07142857142857,12.776255671133608
8.8051947194004,-81.65306122448979,12.776255671133608
8.8051947194004,-81.23469387755102,12.776255671133608
8.8051947194004,-80.81632653061224,12.776255671133608
8.8051947194004,-80.39795918367346,12.776255671133608
8.8051947194004,-79.9795918367347,12.776255671133608
8.8051947194004,-79.56122448979592,12.776255671133608
8.8051947194004,-79.14285714285714,12.776255671133608
8.8051947194004,-78.72448979591837,12.776255671133608
8.8051947194004,-78.3061224489796,12.776255671133608
8.805207582433193,-77.88775510204081,12.776255671133608
8.805207582433193,-77.46938775510205,12.776255671133608
8.805207582433193,-77.05102040816327,12.776255671133608
8.805207582433193,-76.63265306122449,12.776255671133608
8.805207582433193,-76.21428571428571,12.776255671133608
8.805207582433193,-75.79591836734694,12.776255671133608
8.805207582433193,-75.37755102040816,12.776255671133608
8.805207582433193,-74.95918367346938,12.776255671133608
8.805207582433193,-74.54081632653062,12.776255671133608
8.805207582433193,-74.12244897959184,12.776255671133608
8.805207582433193,-73.70408163265306,12.776255671133608
8.805207582433193,-73.28571428571428,12.776255671133608
8.805207582433193,-72.86734693877551,12.776255671133608
8.805201073291853,-72.44897959183673,12.776255671133608
8.805201073291853,-72.03061224489795,12.776255671133608
8.805201073291853,-71.61224489795919,12.776255671133608
8.805201073291853,-71.1938775510204,12.776255671133608
8.805201073291853,-70.77551020408163,12.776255671133608
8.805201073291853,-70.35714285714286,12.776255671133608
8.805201073291853,-69.93877551020408,12.776255671133608
8.805201073291853,-69.5204081632653,12.776255671133608
8.805201073291853,-69.10204081632654,12.776255671133608
8.377874978564993,-68.68367346938776,12.776255671133608
8.377874978564993,-68.26530612244898,12.776255671133608
8.377874978564993,-67.84693877551021,12.776255671133608
8.377874978564993,-67.42857142857143,12.776255671133608
8.377874978564993,-67.01020408163265,12.776255671133608
8.377874978564993,-66.59183673469389,12.776255671133608
8.377874978564993,-66.1734693877551,12.776255671133608
8.377874978564993,-65.75510204081633,12.776255671133608
8.377874978564993,-65.33673469387755,12.776255671133608
8.377874978564993,-64.91836734693877,12.776255671133608
8.377874978564993,-64.5,12.776255671133608
8.8051947194004,-85,13.001253878771047
8.8051947194004,-84.58163265306122,13.001253878771047
8.8051947194004,-84.16326530612245,13.001253878771047
8.8051947194004,-83.74489795918367,13.001253878771047
8.8051947194004,-83.3265306122449,13.001253878771047
8.8051947194004,-82.90816326530613,13.001253878771047
8.8051947194004,-82.48979591836735,13.001253878771047
8.8051947194004,-82.07142857142857,13.001253878771047
8.8051947194004,-81.65306122448979,13.001253878771047
8.8051947194004,-81.23469387755102,13.001253878771047
8.8051947194004,-80.81632653061224,13.001253878771047
8.8051947194004,-80.39795918367346,13.001253878771047
8.8051947194004,-79.9795918367347,13.001253878771047
8.8051947194004,-79.56122448979592,13.001253878771047
8.8051947194004,-79.14285714285714,13.001253878771047
8.8051947194004,-78.72448979591837,13.001253878771047
8.8051947194004,-78.3061224489796,13.001253878771047
8.805207582433193,-77.88775510204081,13.001253878771047
8.805207582433193,-77.46938775510205,13.001253878771047
8.805207582433193,-77.05102040816327,13.001253878771047
8.805207582433193,-76.63265306122449,13.001253878771047
8.805207582433193,-76.21428571428571,13.001253878771047
8.805207582433193,-75.79591836734694,13.001253878771047
8.805207582433193,-75.37755102040816,13.001253878771047
8.805207582433193,-74.95918367346938,13.001253878771047
8.805207582433193,-74.54081632653062,13.001253878771047
8.805207582433193,-74.12244897959184,13.001253878771047
8.805207582433193,-73.70408163265306,13.001253878771047
8.805207582433193,-73.28571428571428,13.001253878771047
8.805207582433193,-72.86734693877551,13.001253878771047
8.805201073291853,-72.44897959183673,13.001253878771047
8.805201073291853,-72.03061224489795,13.001253878771047
8.805201073291853,-71.61224489795919,13.001253878771047
8.805201073291853,-71.1938775510204,13.001253878771047
8.805201073291853,-70.77551020408163,13.001253878771047
8.805201073291853,-70.35714285714286,13.001253878771047
8.805201073291853,-69.93877551020408,13.001253878771047
8.805201073291853,-69.5204081632653,13.001253878771047
8.805201073291853,-69.10204081632654,13.001253878771047
8.377874978564993,-68.68367346938776,13.001253878771047
8.377874978564993,-68.26530612244898,13.001253878771047
8.377874978564993,-67.84693877551021,13.001253878771047
8.377874978564993,-67.42857142857143,13.001253878771047
8.377874978564993,-67.01020408163265,13.001253878771047
8.377874978564993,-66.59183673469389,13.001253878771047
8.377874978564993,-66.1734693877551,13.001253878771047
8.377874978564993,-65.75510204081633,13.001253878771047
8.377874978564993,-65.33673469387755,13.001253878771047
8.377874978564993,-64.91836734693877,13.001253878771047
8.377874978564993,-64.5,13.001253878771047
