Q,max_landfalling_v850hPa,avg_landfalling_minomega
16.524015047348037,9.303757667541504,-1.8647817688635515
16.524015047348037,10.130347349205795,-1.8647817688635515
16.524015047348037,10.956937030870087,-1.8647817688635515
16.524015047348037,11.783526712534378,-1.8647817688635515
16.524015047348037,12.61011639419867,-1.8647817688635515
16.524015047348037,13.436706075862961,-1.8647817688635515
16.524015047348037,14.263295757527255,-1.8647817688635515
16.524015047348037,15.089885439191546,-1.8647817688635515
16.524015047348037,15.916475120855837,-1.8647817688635515
16.02561407440517,16.74306480252013,-1.8647817688635515
16.02561407440517,17.56965448418442,-1.8647817688635515
16.02561407440517,18.396244165848714,-1.8647817688635515
16.02561407440517,19.222833847513005,-1.8647817688635515
16.02561407440517,20.049423529177297,-1.8647817688635515
12.08563970855922,20.876013210841588,-1.8647817688635515
12.08563970855922,21.70260289250588,-1.8647817688635515
12.08563970855922,22.52919257417017,-1.8647817688635515
12.08563970855922,23.355782255834463,-1.8647817688635515
11.635931107446837,24.182371937498754,-1.8647817688635515
11.635931107446837,25.008961619163045,-1.8647817688635515
11.635931107446837,25.835551300827337,-1.8647817688635515
11.635931107446837,26.66214098249163,-1.8647817688635515
11.635931107446837,27.48873066415592,-1.8647817688635515
11.636215661657987,28.31532034582021,-1.8647817688635515
11.636215661657987,29.141910027484506,-1.8647817688635515
11.636215661657987,29.968499709148798,-1.8647817688635515
11.636215661657987,30.79508939081309,-1.8647817688635515
11.636215661657987,31.62167907247738,-1.8647817688635515
11.636215661657987,32.44826875414167,-1.8647817688635515
11.636215661657987,33.27485843580597,-1.8647817688635515
11.636215661657987,34.101448117470255,-1.8647817688635515
11.636216745626369,34.92803779913454,-1.8647817688635515
11.793568522112231,35.75462748079884,-1.8647817688635515
11.793568522112231,36.58121716246313,-1.8647817688635515
11.793568522112231,37.40780684412742,-1.8647817688635515
11.793568522112231,38.23439652579171,-1.8647817688635515
11.793568522112231,39.060986207456004,-1.8647817688635515
11.793568522112231,39.8875758891203,-1.8647817688635515
11.793568522112231,40.71416557078459,-1.8647817688635515
11.793568522112231,41.54075525244888,-1.8647817688635515
11.793568522112231,42.36734493411317,-1.8647817688635515
11.793568522112231,43.193934615777465,-1.8647817688635515
11.793568522112231,44.02052429744175,-1.8647817688635515
11.793568522112231,44.84711397910605,-1.8647817688635515
11.793568522112231,45.673703660770336,-1.8647817688635515
11.793568522112231,46.50029334243463,-1.8647817688635515
11.793568522112231,47.32688302409892,-1.8647817688635515
11.793568522112231,48.153472705763214,-1.8647817688635515
11.793568522112231,48.98006238742751,-1.8647817688635515
11.793568522112231,49.8066520690918,-1.8647817688635515
16.524015047348037,9.303757667541504,-1.8273671842912291
16.524015047348037,10.130347349205795,-1.8273671842912291
16.524015047348037,10.956937030870087,-1.8273671842912291
16.524015047348037,11.783526712534378,-1.8273671842912291
16.524015047348037,12.61011639419867,-1.8273671842912291
16.524015047348037,13.436706075862961,-1.8273671842912291
16.524015047348037,14.263295757527255,-1.8273671842912291
16.524015047348037,15.089885439191546,-1.8273671842912291
16.524015047348037,15.916475120855837,-1.8273671842912291
16.02561407440517,16.74306480252013,-1.8273671842912291
16.02561407440517,17.56965448418442,-1.8273671842912291
16.02561407440517,18.396244165848714,-1.8273671842912291
16.02561407440517,19.222833847513005,-1.8273671842912291
16.02561407440517,20.049423529177297,-1.8273671842912291
12.08563970855922,20.876013210841588,-1.8273671842912291
12.08563970855922,21.70260289250588,-1.8273671842912291
12.08563970855922,22.52919257417017,-1.8273671842912291
12.08563970855922,23.355782255834463,-1.8273671842912291
11.635931107446837,24.182371937498754,-1.8273671842912291
11.635931107446837,25.008961619163045,-1.8273671842912291
11.635931107446837,25.835551300827337,-1.8273671842912291
11.635931107446837,26.66214098249163,-1.8273671842912291
11.635931107446837,27.48873066415592,-1.8273671842912291
11.636215661657987,28.31532034582021,-1.8273671842912291
11.636215661657987,29.141910027484506,-1.8273671842912291
11.636215661657987,29.968499709148798,-1.8273671842912291
11.636215661657987,30.79508939081309,-1.8273671842912291
11.636215661657987,31.62167907247738,-1.8273671842912291
11.636215661657987,32.44826875414167,-1.8273671842912291
11.636215661657987,33.27485843580597,-1.8273671842912291
11.636215661657987,34.101448117470255,-1.8273671842912291
11.636216745626369,34.92803779913454,-1.8273671842912291
11.793568522112231,35.75462748079884,-1.8273671842912291
11.793568522112231,36.58121716246313,-1.8273671842912291
11.793568522112231,37.40780684412742,-1.8273671842912291
11.793568522112231,38.23439652579171,-1.8273671842912291
11.793568522112231,39.060986207456004,-1.8273671842912291
11.793568522112231,39.8875758891203,-1.8273671842912291
11.793568522112231,40.71416557078459,-1.8273671842912291
11.793568522112231,41.54075525244888,-1.8273671842912291
11.793568522112231,42.36734493411317,-1.8273671842912291
11.793568522112231,43.193934615777465,-1.8273671842912291
11.793568522112231,44.02052429744175,-1.8273671842912291
11.793568522112231,44.84711397910605,-1.8273671842912291
11.793568522112231,45.673703660770336,-1.8273671842912291
11.793568522112231,46.50029334243463,-1.8273671842912291
11.793568522112231,47.32688302409892,-1.8273671842912291
11.793568522112231,48.153472705763214,-1.8273671842912291
11.793568522112231,48.98006238742751,-1.8273671842912291
11.793568522112231,49.8066520690918,-1.8273671842912291
16.524015047348037,9.303757667541504,-1.7899525997189067
16.524015047348037,10.130347349205795,-1.7899525997189067
16.524015047348037,10.956937030870087,-1.7899525997189067
16.524015047348037,11.783526712534378,-1.7899525997189067
16.524015047348037,12.61011639419867,-1.7899525997189067
16.524015047348037,13.436706075862961,-1.7899525997189067
16.524015047348037,14.263295757527255,-1.7899525997189067
16.524015047348037,15.089885439191546,-1.7899525997189067
16.524015047348037,15.916475120855837,-1.7899525997189067
16.02561407440517,16.74306480252013,-1.7899525997189067
16.02561407440517,17.56965448418442,-1.7899525997189067
16.02561407440517,18.396244165848714,-1.7899525997189067
16.02561407440517,19.222833847513005,-1.7899525997189067
16.02561407440517,20.049423529177297,-1.7899525997189067
12.08563970855922,20.876013210841588,-1.7899525997189067
12.08563970855922,21.70260289250588,-1.7899525997189067
12.08563970855922,22.52919257417017,-1.7899525997189067
12.08563970855922,23.355782255834463,-1.7899525997189067
11.635931107446837,24.182371937498754,-1.7899525997189067
11.635931107446837,25.008961619163045,-1.7899525997189067
11.635931107446837,25.835551300827337,-1.7899525997189067
11.635931107446837,26.66214098249163,-1.7899525997189067
11.635931107446837,27.48873066415592,-1.7899525997189067
11.636215661657987,28.31532034582021,-1.7899525997189067
11.636215661657987,29.141910027484506,-1.7899525997189067
11.636215661657987,29.968499709148798,-1.7899525997189067
11.636215661657987,30.79508939081309,-1.7899525997189067
11.636215661657987,31.62167907247738,-1.7899525997189067
11.636215661657987,32.44826875414167,-1.7899525997189067
11.636215661657987,33.27485843580597,-1.7899525997189067
11.636215661657987,34.101448117470255,-1.7899525997189067
11.636216745626369,34.92803779913454,-1.7899525997189067
11.793568522112231,35.75462748079884,-1.7899525997189067
11.793568522112231,36.58121716246313,-1.7899525997189067
11.793568522112231,37.40780684412742,-1.7899525997189067
11.793568522112231,38.23439652579171,-1.7899525997189067
11.793568522112231,39.060986207456004,-1.7899525997189067
11.793568522112231,39.8875758891203,-1.7899525997189067
11.793568522112231,40.71416557078459,-1.7899525997189067
11.793568522112231,41.54075525244888,-1.7899525997189067
11.793568522112231,42.36734493411317,-1.7899525997189067
11.793568522112231,43.193934615777465,-1.7899525997189067
11.793568522112231,44.02052429744175,-1.7899525997189067
11.793568522112231,44.84711397910605,-1.7899525997189067
11.793568522112231,45.673703660770336,-1.7899525997189067
11.793568522112231,46.50029334243463,-1.7899525997189067
11.793568522112231,47.32688302409892,-1.7899525997189067
11.793568522112231,48.153472705763214,-1.7899525997189067
11.793568522112231,48.98006238742751,-1.7899525997189067
11.793568522112231,49.8066520690918,-1.7899525997189067
16.524015047348037,9.303757667541504,-1.7525380151465844
16.524015047348037,10.130347349205795,-1.7525380151465844
16.524015047348037,10.956937030870087,-1.7525380151465844
16.524015047348037,11.783526712534378,-1.7525380151465844
16.524015047348037,12.61011639419867,-1.7525380151465844
16.524015047348037,13.436706075862961,-1.7525380151465844
16.524015047348037,14.263295757527255,-1.7525380151465844
16.524015047348037,15.089885439191546,-1.7525380151465844
16.524015047348037,15.916475120855837,-1.7525380151465844
16.02561407440517,16.74306480252013,-1.7525380151465844
16.02561407440517,17.56965448418442,-1.7525380151465844
16.02561407440517,18.396244165848714,-1.7525380151465844
16.02561407440517,19.222833847513005,-1.7525380151465844
16.02561407440517,20.049423529177297,-1.7525380151465844
12.08563970855922,20.876013210841588,-1.7525380151465844
12.08563970855922,21.70260289250588,-1.7525380151465844
12.08563970855922,22.52919257417017,-1.7525380151465844
12.08563970855922,23.355782255834463,-1.7525380151465844
11.635931107446837,24.182371937498754,-1.7525380151465844
11.635931107446837,25.008961619163045,-1.7525380151465844
11.635931107446837,25.835551300827337,-1.7525380151465844
11.635931107446837,26.66214098249163,-1.7525380151465844
11.635931107446837,27.48873066415592,-1.7525380151465844
11.636215661657987,28.31532034582021,-1.7525380151465844
11.636215661657987,29.141910027484506,-1.7525380151465844
11.636215661657987,29.968499709148798,-1.7525380151465844
11.636215661657987,30.79508939081309,-1.7525380151465844
11.636215661657987,31.62167907247738,-1.7525380151465844
11.636215661657987,32.44826875414167,-1.7525380151465844
11.636215661657987,33.27485843580597,-1.7525380151465844
11.636215661657987,34.101448117470255,-1.7525380151465844
11.636216745626369,34.92803779913454,-1.7525380151465844
11.793568522112231,35.75462748079884,-1.7525380151465844
11.793568522112231,36.58121716246313,-1.7525380151465844
11.793568522112231,37.40780684412742,-1.7525380151465844
11.793568522112231,38.23439652579171,-1.7525380151465844
11.793568522112231,39.060986207456004,-1.7525380151465844
11.793568522112231,39.8875758891203,-1.7525380151465844
11.793568522112231,40.71416557078459,-1.7525380151465844
11.793568522112231,41.54075525244888,-1.7525380151465844
11.793568522112231,42.36734493411317,-1.7525380151465844
11.793568522112231,43.193934615777465,-1.7525380151465844
11.793568522112231,44.02052429744175,-1.7525380151465844
11.793568522112231,44.84711397910605,-1.7525380151465844
11.793568522112231,45.673703660770336,-1.7525380151465844
11.793568522112231,46.50029334243463,-1.7525380151465844
11.793568522112231,47.32688302409892,-1.7525380151465844
11.793568522112231,48.153472705763214,-1.7525380151465844
11.793568522112231,48.98006238742751,-1.7525380151465844
11.793568522112231,49.8066520690918,-1.7525380151465844
16.524015047348037,9.303757667541504,-1.715123430574262
16.524015047348037,10.130347349205795,-1.715123430574262
16.524015047348037,10.956937030870087,-1.715123430574262
16.524015047348037,11.783526712534378,-1.715123430574262
16.524015047348037,12.61011639419867,-1.715123430574262
16.524015047348037,13.436706075862961,-1.715123430574262
16.524015047348037,14.263295757527255,-1.715123430574262
16.524015047348037,15.089885439191546,-1.715123430574262
16.524015047348037,15.916475120855837,-1.715123430574262
16.02561407440517,16.74306480252013,-1.715123430574262
16.02561407440517,17.56965448418442,-1.715123430574262
16.02561407440517,18.396244165848714,-1.715123430574262
16.02561407440517,19.222833847513005,-1.715123430574262
16.02561407440517,20.049423529177297,-1.715123430574262
12.08563970855922,20.876013210841588,-1.715123430574262
12.08563970855922,21.70260289250588,-1.715123430574262
12.08563970855922,22.52919257417017,-1.715123430574262
12.08563970855922,23.355782255834463,-1.715123430574262
11.635931107446837,24.182371937498754,-1.715123430574262
11.635931107446837,25.008961619163045,-1.715123430574262
11.635931107446837,25.835551300827337,-1.715123430574262
11.635931107446837,26.66214098249163,-1.715123430574262
11.635931107446837,27.48873066415592,-1.715123430574262
11.636215661657987,28.31532034582021,-1.715123430574262
11.636215661657987,29.141910027484506,-1.715123430574262
11.636215661657987,29.968499709148798,-1.715123430574262
11.636215661657987,30.79508939081309,-1.715123430574262
11.636215661657987,31.62167907247738,-1.715123430574262
11.636215661657987,32.44826875414167,-1.715123430574262
11.636215661657987,33.27485843580597,-1.715123430574262
11.636215661657987,34.101448117470255,-1.715123430574262
11.636216745626369,34.92803779913454,-1.715123430574262
11.793568522112231,35.75462748079884,-1.715123430574262
11.793568522112231,36.58121716246313,-1.715123430574262
11.793568522112231,37.40780684412742,-1.715123430574262
11.793568522112231,38.23439652579171,-1.715123430574262
11.793568522112231,39.060986207456004,-1.715123430574262
11.793568522112231,39.8875758891203,-1.715123430574262
11.793568522112231,40.71416557078459,-1.715123430574262
11.793568522112231,41.54075525244888,-1.715123430574262
11.793568522112231,42.36734493411317,-1.715123430574262
11.793568522112231,43.193934615777465,-1.715123430574262
11.793568522112231,44.02052429744175,-1.715123430574262
11.793568522112231,44.84711397910605,-1.715123430574262
11.793568522112231,45.673703660770336,-1.715123430574262
11.793568522112231,46.50029334243463,-1.715123430574262
11.793568522112231,47.32688302409892,-1.715123430574262
11.793568522112231,48.153472705763214,-1.715123430574262
11.793568522112231,48.98006238742751,-1.715123430574262
11.793568522112231,49.8066520690918,-1.715123430574262
16.524015047348037,9.303757667541504,-1.6777088460019396
16.524015047348037,10.130347349205795,-1.6777088460019396
16.524015047348037,10.956937030870087,-1.6777088460019396
16.524015047348037,11.783526712534378,-1.6777088460019396
16.524015047348037,12.61011639419867,-1.6777088460019396
16.524015047348037,13.436706075862961,-1.6777088460019396
16.524015047348037,14.263295757527255,-1.6777088460019396
16.524015047348037,15.089885439191546,-1.6777088460019396
16.524015047348037,15.916475120855837,-1.6777088460019396
16.02561407440517,16.74306480252013,-1.6777088460019396
16.02561407440517,17.56965448418442,-1.6777088460019396
16.02561407440517,18.396244165848714,-1.6777088460019396
16.02561407440517,19.222833847513005,-1.6777088460019396
16.02561407440517,20.049423529177297,-1.6777088460019396
12.08563970855922,20.876013210841588,-1.6777088460019396
12.08563970855922,21.70260289250588,-1.6777088460019396
12.08563970855922,22.52919257417017,-1.6777088460019396
12.08563970855922,23.355782255834463,-1.6777088460019396
11.635931107446837,24.182371937498754,-1.6777088460019396
11.635931107446837,25.008961619163045,-1.6777088460019396
11.635931107446837,25.835551300827337,-1.6777088460019396
11.635931107446837,26.66214098249163,-1.6777088460019396
11.635931107446837,27.48873066415592,-1.6777088460019396
11.636215661657987,28.31532034582021,-1.6777088460019396
11.636215661657987,29.141910027484506,-1.6777088460019396
11.636215661657987,29.968499709148798,-1.6777088460019396
11.636215661657987,30.79508939081309,-1.6777088460019396
11.636215661657987,31.62167907247738,-1.6777088460019396
11.636215661657987,32.44826875414167,-1.6777088460019396
11.636215661657987,33.27485843580597,-1.6777088460019396
11.636215661657987,34.101448117470255,-1.6777088460019396
11.636216745626369,34.92803779913454,-1.6777088460019396
11.793568522112231,35.75462748079884,-1.6777088460019396
11.793568522112231,36.58121716246313,-1.6777088460019396
11.793568522112231,37.40780684412742,-1.6777088460019396
11.793568522112231,38.23439652579171,-1.6777088460019396
11.793568522112231,39.060986207456004,-1.6777088460019396
11.793568522112231,39.8875758891203,-1.6777088460019396
11.793568522112231,40.71416557078459,-1.6777088460019396
11.793568522112231,41.54075525244888,-1.6777088460019396
11.793568522112231,42.36734493411317,-1.6777088460019396
11.793568522112231,43.193934615777465,-1.6777088460019396
11.793568522112231,44.02052429744175,-1.6777088460019396
11.793568522112231,44.84711397910605,-1.6777088460019396
11.793568522112231,45.673703660770336,-1.6777088460019396
11.793568522112231,46.50029334243463,-1.6777088460019396
11.793568522112231,47.32688302409892,-1.6777088460019396
11.793568522112231,48.153472705763214,-1.6777088460019396
11.793568522112231,48.98006238742751,-1.6777088460019396
11.793568522112231,49.8066520690918,-1.6777088460019396
16.524015047348037,9.303757667541504,-1.6402942614296174
16.524015047348037,10.130347349205795,-1.6402942614296174
16.524015047348037,10.956937030870087,-1.6402942614296174
16.524015047348037,11.783526712534378,-1.6402942614296174
16.524015047348037,12.61011639419867,-1.6402942614296174
16.524015047348037,13.436706075862961,-1.6402942614296174
16.524015047348037,14.263295757527255,-1.6402942614296174
16.524015047348037,15.089885439191546,-1.6402942614296174
16.524015047348037,15.916475120855837,-1.6402942614296174
16.02561407440517,16.74306480252013,-1.6402942614296174
16.02561407440517,17.56965448418442,-1.6402942614296174
16.02561407440517,18.396244165848714,-1.6402942614296174
16.02561407440517,19.222833847513005,-1.6402942614296174
16.02561407440517,20.049423529177297,-1.6402942614296174
12.08563970855922,20.876013210841588,-1.6402942614296174
12.08563970855922,21.70260289250588,-1.6402942614296174
12.08563970855922,22.52919257417017,-1.6402942614296174
12.08563970855922,23.355782255834463,-1.6402942614296174
11.635931107446837,24.182371937498754,-1.6402942614296174
11.635931107446837,25.008961619163045,-1.6402942614296174
11.635931107446837,25.835551300827337,-1.6402942614296174
11.635931107446837,26.66214098249163,-1.6402942614296174
11.635931107446837,27.48873066415592,-1.6402942614296174
11.636215661657987,28.31532034582021,-1.6402942614296174
11.636215661657987,29.141910027484506,-1.6402942614296174
11.636215661657987,29.968499709148798,-1.6402942614296174
11.636215661657987,30.79508939081309,-1.6402942614296174
11.636215661657987,31.62167907247738,-1.6402942614296174
11.636215661657987,32.44826875414167,-1.6402942614296174
11.636215661657987,33.27485843580597,-1.6402942614296174
11.636215661657987,34.101448117470255,-1.6402942614296174
11.636216745626369,34.92803779913454,-1.6402942614296174
11.793568522112231,35.75462748079884,-1.6402942614296174
11.793568522112231,36.58121716246313,-1.6402942614296174
11.793568522112231,37.40780684412742,-1.6402942614296174
11.793568522112231,38.23439652579171,-1.6402942614296174
11.793568522112231,39.060986207456004,-1.6402942614296174
11.793568522112231,39.8875758891203,-1.6402942614296174
11.793568522112231,40.71416557078459,-1.6402942614296174
11.793568522112231,41.54075525244888,-1.6402942614296174
11.793568522112231,42.36734493411317,-1.6402942614296174
11.793568522112231,43.193934615777465,-1.6402942614296174
11.793568522112231,44.02052429744175,-1.6402942614296174
11.793568522112231,44.84711397910605,-1.6402942614296174
11.793568522112231,45.673703660770336,-1.6402942614296174
11.793568522112231,46.50029334243463,-1.6402942614296174
11.793568522112231,47.32688302409892,-1.6402942614296174
11.793568522112231,48.153472705763214,-1.6402942614296174
11.793568522112231,48.98006238742751,-1.6402942614296174
11.793568522112231,49.8066520690918,-1.6402942614296174
16.524015047348037,9.303757667541504,-1.602879676857295
16.524015047348037,10.130347349205795,-1.602879676857295
16.524015047348037,10.956937030870087,-1.602879676857295
16.524015047348037,11.783526712534378,-1.602879676857295
16.524015047348037,12.61011639419867,-1.602879676857295
16.524015047348037,13.436706075862961,-1.602879676857295
16.524015047348037,14.263295757527255,-1.602879676857295
16.524015047348037,15.089885439191546,-1.602879676857295
16.524015047348037,15.916475120855837,-1.602879676857295
16.02561407440517,16.74306480252013,-1.602879676857295
16.02561407440517,17.56965448418442,-1.602879676857295
16.02561407440517,18.396244165848714,-1.602879676857295
16.02561407440517,19.222833847513005,-1.602879676857295
16.02561407440517,20.049423529177297,-1.602879676857295
12.08563970855922,20.876013210841588,-1.602879676857295
12.08563970855922,21.70260289250588,-1.602879676857295
12.08563970855922,22.52919257417017,-1.602879676857295
12.08563970855922,23.355782255834463,-1.602879676857295
11.635931107446837,24.182371937498754,-1.602879676857295
11.635931107446837,25.008961619163045,-1.602879676857295
11.635931107446837,25.835551300827337,-1.602879676857295
11.635931107446837,26.66214098249163,-1.602879676857295
11.635931107446837,27.48873066415592,-1.602879676857295
11.636215661657987,28.31532034582021,-1.602879676857295
11.636215661657987,29.141910027484506,-1.602879676857295
11.636215661657987,29.968499709148798,-1.602879676857295
11.636215661657987,30.79508939081309,-1.602879676857295
11.636215661657987,31.62167907247738,-1.602879676857295
11.636215661657987,32.44826875414167,-1.602879676857295
11.636215661657987,33.27485843580597,-1.602879676857295
11.636215661657987,34.101448117470255,-1.602879676857295
11.636216745626369,34.92803779913454,-1.602879676857295
11.793568522112231,35.75462748079884,-1.602879676857295
11.793568522112231,36.58121716246313,-1.602879676857295
11.793568522112231,37.40780684412742,-1.602879676857295
11.793568522112231,38.23439652579171,-1.602879676857295
11.793568522112231,39.060986207456004,-1.602879676857295
11.793568522112231,39.8875758891203,-1.602879676857295
11.793568522112231,40.71416557078459,-1.602879676857295
11.793568522112231,41.54075525244888,-1.602879676857295
11.793568522112231,42.36734493411317,-1.602879676857295
11.793568522112231,43.193934615777465,-1.602879676857295
11.793568522112231,44.02052429744175,-1.602879676857295
11.793568522112231,44.84711397910605,-1.602879676857295
11.793568522112231,45.673703660770336,-1.602879676857295
11.793568522112231,46.50029334243463,-1.602879676857295
11.793568522112231,47.32688302409892,-1.602879676857295
11.793568522112231,48.153472705763214,-1.602879676857295
11.793568522112231,48.98006238742751,-1.602879676857295
11.793568522112231,49.8066520690918,-1.602879676857295
16.524015047348037,9.303757667541504,-1.5654650922849727
16.524015047348037,10.130347349205795,-1.5654650922849727
16.524015047348037,10.956937030870087,-1.5654650922849727
16.524015047348037,11.783526712534378,-1.5654650922849727
16.524015047348037,12.61011639419867,-1.5654650922849727
16.524015047348037,13.436706075862961,-1.5654650922849727
16.524015047348037,14.263295757527255,-1.5654650922849727
16.524015047348037,15.089885439191546,-1.5654650922849727
16.524015047348037,15.916475120855837,-1.5654650922849727
16.02561407440517,16.74306480252013,-1.5654650922849727
16.02561407440517,17.56965448418442,-1.5654650922849727
16.02561407440517,18.396244165848714,-1.5654650922849727
16.02561407440517,19.222833847513005,-1.5654650922849727
16.02561407440517,20.049423529177297,-1.5654650922849727
12.08563970855922,20.876013210841588,-1.5654650922849727
12.08563970855922,21.70260289250588,-1.5654650922849727
12.08563970855922,22.52919257417017,-1.5654650922849727
12.08563970855922,23.355782255834463,-1.5654650922849727
11.635931107446837,24.182371937498754,-1.5654650922849727
11.635931107446837,25.008961619163045,-1.5654650922849727
11.635931107446837,25.835551300827337,-1.5654650922849727
11.635931107446837,26.66214098249163,-1.5654650922849727
11.635931107446837,27.48873066415592,-1.5654650922849727
11.636215661657987,28.31532034582021,-1.5654650922849727
11.636215661657987,29.141910027484506,-1.5654650922849727
11.636215661657987,29.968499709148798,-1.5654650922849727
11.636215661657987,30.79508939081309,-1.5654650922849727
11.636215661657987,31.62167907247738,-1.5654650922849727
11.636215661657987,32.44826875414167,-1.5654650922849727
11.636215661657987,33.27485843580597,-1.5654650922849727
11.636215661657987,34.101448117470255,-1.5654650922849727
11.636216745626369,34.92803779913454,-1.5654650922849727
11.793568522112231,35.75462748079884,-1.5654650922849727
11.793568522112231,36.58121716246313,-1.5654650922849727
11.793568522112231,37.40780684412742,-1.5654650922849727
11.793568522112231,38.23439652579171,-1.5654650922849727
11.793568522112231,39.060986207456004,-1.5654650922849727
11.793568522112231,39.8875758891203,-1.5654650922849727
11.793568522112231,40.71416557078459,-1.5654650922849727
11.793568522112231,41.54075525244888,-1.5654650922849727
11.793568522112231,42.36734493411317,-1.5654650922849727
11.793568522112231,43.193934615777465,-1.5654650922849727
11.793568522112231,44.02052429744175,-1.5654650922849727
11.793568522112231,44.84711397910605,-1.5654650922849727
11.793568522112231,45.673703660770336,-1.5654650922849727
11.793568522112231,46.50029334243463,-1.5654650922849727
11.793568522112231,47.32688302409892,-1.5654650922849727
11.793568522112231,48.153472705763214,-1.5654650922849727
11.793568522112231,48.98006238742751,-1.5654650922849727
11.793568522112231,49.8066520690918,-1.5654650922849727
16.524015047348037,9.303757667541504,-1.5280505077126503
16.524015047348037,10.130347349205795,-1.5280505077126503
16.524015047348037,10.956937030870087,-1.5280505077126503
16.524015047348037,11.783526712534378,-1.5280505077126503
16.524015047348037,12.61011639419867,-1.5280505077126503
16.524015047348037,13.436706075862961,-1.5280505077126503
16.524015047348037,14.263295757527255,-1.5280505077126503
16.524015047348037,15.089885439191546,-1.5280505077126503
16.524015047348037,15.916475120855837,-1.5280505077126503
16.02561407440517,16.74306480252013,-1.5280505077126503
16.02561407440517,17.56965448418442,-1.5280505077126503
16.02561407440517,18.396244165848714,-1.5280505077126503
16.02561407440517,19.222833847513005,-1.5280505077126503
16.02561407440517,20.049423529177297,-1.5280505077126503
12.08563970855922,20.876013210841588,-1.5280505077126503
12.08563970855922,21.70260289250588,-1.5280505077126503
12.08563970855922,22.52919257417017,-1.5280505077126503
12.08563970855922,23.355782255834463,-1.5280505077126503
11.635931107446837,24.182371937498754,-1.5280505077126503
11.635931107446837,25.008961619163045,-1.5280505077126503
11.635931107446837,25.835551300827337,-1.5280505077126503
11.635931107446837,26.66214098249163,-1.5280505077126503
11.635931107446837,27.48873066415592,-1.5280505077126503
11.636215661657987,28.31532034582021,-1.5280505077126503
11.636215661657987,29.141910027484506,-1.5280505077126503
11.636215661657987,29.968499709148798,-1.5280505077126503
11.636215661657987,30.79508939081309,-1.5280505077126503
11.636215661657987,31.62167907247738,-1.5280505077126503
11.636215661657987,32.44826875414167,-1.5280505077126503
11.636215661657987,33.27485843580597,-1.5280505077126503
11.636215661657987,34.101448117470255,-1.5280505077126503
11.636216745626369,34.92803779913454,-1.5280505077126503
11.793568522112231,35.75462748079884,-1.5280505077126503
11.793568522112231,36.58121716246313,-1.5280505077126503
11.793568522112231,37.40780684412742,-1.5280505077126503
11.793568522112231,38.23439652579171,-1.5280505077126503
11.793568522112231,39.060986207456004,-1.5280505077126503
11.793568522112231,39.8875758891203,-1.5280505077126503
11.793568522112231,40.71416557078459,-1.5280505077126503
11.793568522112231,41.54075525244888,-1.5280505077126503
11.793568522112231,42.36734493411317,-1.5280505077126503
11.793568522112231,43.193934615777465,-1.5280505077126503
11.793568522112231,44.02052429744175,-1.5280505077126503
11.793568522112231,44.84711397910605,-1.5280505077126503
11.793568522112231,45.673703660770336,-1.5280505077126503
11.793568522112231,46.50029334243463,-1.5280505077126503
11.793568522112231,47.32688302409892,-1.5280505077126503
11.793568522112231,48.153472705763214,-1.5280505077126503
11.793568522112231,48.98006238742751,-1.5280505077126503
11.793568522112231,49.8066520690918,-1.5280505077126503
16.524015047348037,9.303757667541504,-1.490635923140328
16.524015047348037,10.130347349205795,-1.490635923140328
16.524015047348037,10.956937030870087,-1.490635923140328
16.524015047348037,11.783526712534378,-1.490635923140328
16.524015047348037,12.61011639419867,-1.490635923140328
16.524015047348037,13.436706075862961,-1.490635923140328
16.524015047348037,14.263295757527255,-1.490635923140328
16.524015047348037,15.089885439191546,-1.490635923140328
16.524015047348037,15.916475120855837,-1.490635923140328
16.02561407440517,16.74306480252013,-1.490635923140328
16.02561407440517,17.56965448418442,-1.490635923140328
16.02561407440517,18.396244165848714,-1.490635923140328
16.02561407440517,19.222833847513005,-1.490635923140328
16.02561407440517,20.049423529177297,-1.490635923140328
12.08563970855922,20.876013210841588,-1.490635923140328
12.08563970855922,21.70260289250588,-1.490635923140328
12.08563970855922,22.52919257417017,-1.490635923140328
12.08563970855922,23.355782255834463,-1.490635923140328
11.635931107446837,24.182371937498754,-1.490635923140328
11.635931107446837,25.008961619163045,-1.490635923140328
11.635931107446837,25.835551300827337,-1.490635923140328
11.635931107446837,26.66214098249163,-1.490635923140328
11.635931107446837,27.48873066415592,-1.490635923140328
11.636215661657987,28.31532034582021,-1.490635923140328
11.636215661657987,29.141910027484506,-1.490635923140328
11.636215661657987,29.968499709148798,-1.490635923140328
11.636215661657987,30.79508939081309,-1.490635923140328
11.636215661657987,31.62167907247738,-1.490635923140328
11.636215661657987,32.44826875414167,-1.490635923140328
11.636215661657987,33.27485843580597,-1.490635923140328
11.636215661657987,34.101448117470255,-1.490635923140328
11.636216745626369,34.92803779913454,-1.490635923140328
11.793568522112231,35.75462748079884,-1.490635923140328
11.793568522112231,36.58121716246313,-1.490635923140328
11.793568522112231,37.40780684412742,-1.490635923140328
11.793568522112231,38.23439652579171,-1.490635923140328
11.793568522112231,39.060986207456004,-1.490635923140328
11.793568522112231,39.8875758891203,-1.490635923140328
11.793568522112231,40.71416557078459,-1.490635923140328
11.793568522112231,41.54075525244888,-1.490635923140328
11.793568522112231,42.36734493411317,-1.490635923140328
11.793568522112231,43.193934615777465,-1.490635923140328
11.793568522112231,44.02052429744175,-1.490635923140328
11.793568522112231,44.84711397910605,-1.490635923140328
11.793568522112231,45.673703660770336,-1.490635923140328
11.793568522112231,46.50029334243463,-1.490635923140328
11.793568522112231,47.32688302409892,-1.490635923140328
11.793568522112231,48.153472705763214,-1.490635923140328
11.793568522112231,48.98006238742751,-1.490635923140328
11.793568522112231,49.8066520690918,-1.490635923140328
16.524015047348037,9.303757667541504,-1.4532213385680055
16.524015047348037,10.130347349205795,-1.4532213385680055
16.524015047348037,10.956937030870087,-1.4532213385680055
16.524015047348037,11.783526712534378,-1.4532213385680055
16.524015047348037,12.61011639419867,-1.4532213385680055
16.524015047348037,13.436706075862961,-1.4532213385680055
16.524015047348037,14.263295757527255,-1.4532213385680055
16.524015047348037,15.089885439191546,-1.4532213385680055
16.524015047348037,15.916475120855837,-1.4532213385680055
16.02561407440517,16.74306480252013,-1.4532213385680055
16.02561407440517,17.56965448418442,-1.4532213385680055
16.02561407440517,18.396244165848714,-1.4532213385680055
16.02561407440517,19.222833847513005,-1.4532213385680055
16.02561407440517,20.049423529177297,-1.4532213385680055
12.08563970855922,20.876013210841588,-1.4532213385680055
12.08563970855922,21.70260289250588,-1.4532213385680055
12.08563970855922,22.52919257417017,-1.4532213385680055
12.08563970855922,23.355782255834463,-1.4532213385680055
11.635931107446837,24.182371937498754,-1.4532213385680055
11.635931107446837,25.008961619163045,-1.4532213385680055
11.635931107446837,25.835551300827337,-1.4532213385680055
11.635931107446837,26.66214098249163,-1.4532213385680055
11.635931107446837,27.48873066415592,-1.4532213385680055
11.636215661657987,28.31532034582021,-1.4532213385680055
11.636215661657987,29.141910027484506,-1.4532213385680055
11.636215661657987,29.968499709148798,-1.4532213385680055
11.636215661657987,30.79508939081309,-1.4532213385680055
11.636215661657987,31.62167907247738,-1.4532213385680055
11.636215661657987,32.44826875414167,-1.4532213385680055
11.636215661657987,33.27485843580597,-1.4532213385680055
11.636215661657987,34.101448117470255,-1.4532213385680055
11.636216745626369,34.92803779913454,-1.4532213385680055
11.793568522112231,35.75462748079884,-1.4532213385680055
11.793568522112231,36.58121716246313,-1.4532213385680055
11.793568522112231,37.40780684412742,-1.4532213385680055
11.793568522112231,38.23439652579171,-1.4532213385680055
11.793568522112231,39.060986207456004,-1.4532213385680055
11.793568522112231,39.8875758891203,-1.4532213385680055
11.793568522112231,40.71416557078459,-1.4532213385680055
11.793568522112231,41.54075525244888,-1.4532213385680055
11.793568522112231,42.36734493411317,-1.4532213385680055
11.793568522112231,43.193934615777465,-1.4532213385680055
11.793568522112231,44.02052429744175,-1.4532213385680055
11.793568522112231,44.84711397910605,-1.4532213385680055
11.793568522112231,45.673703660770336,-1.4532213385680055
11.793568522112231,46.50029334243463,-1.4532213385680055
11.793568522112231,47.32688302409892,-1.4532213385680055
11.793568522112231,48.153472705763214,-1.4532213385680055
11.793568522112231,48.98006238742751,-1.4532213385680055
11.793568522112231,49.8066520690918,-1.4532213385680055
16.524015047348037,9.303757667541504,-1.4158067539956831
16.524015047348037,10.130347349205795,-1.4158067539956831
16.524015047348037,10.956937030870087,-1.4158067539956831
16.524015047348037,11.783526712534378,-1.4158067539956831
16.524015047348037,12.61011639419867,-1.4158067539956831
16.524015047348037,13.436706075862961,-1.4158067539956831
16.524015047348037,14.263295757527255,-1.4158067539956831
16.524015047348037,15.089885439191546,-1.4158067539956831
16.524015047348037,15.916475120855837,-1.4158067539956831
16.02561407440517,16.74306480252013,-1.4158067539956831
16.02561407440517,17.56965448418442,-1.4158067539956831
16.02561407440517,18.396244165848714,-1.4158067539956831
16.02561407440517,19.222833847513005,-1.4158067539956831
16.02561407440517,20.049423529177297,-1.4158067539956831
12.08563970855922,20.876013210841588,-1.4158067539956831
12.08563970855922,21.70260289250588,-1.4158067539956831
12.08563970855922,22.52919257417017,-1.4158067539956831
12.08563970855922,23.355782255834463,-1.4158067539956831
11.635931107446837,24.182371937498754,-1.4158067539956831
11.635931107446837,25.008961619163045,-1.4158067539956831
11.635931107446837,25.835551300827337,-1.4158067539956831
11.635931107446837,26.66214098249163,-1.4158067539956831
11.635931107446837,27.48873066415592,-1.4158067539956831
11.636215661657987,28.31532034582021,-1.4158067539956831
11.636215661657987,29.141910027484506,-1.4158067539956831
11.636215661657987,29.968499709148798,-1.4158067539956831
11.636215661657987,30.79508939081309,-1.4158067539956831
11.636215661657987,31.62167907247738,-1.4158067539956831
11.636215661657987,32.44826875414167,-1.4158067539956831
11.636215661657987,33.27485843580597,-1.4158067539956831
11.636215661657987,34.101448117470255,-1.4158067539956831
11.636216745626369,34.92803779913454,-1.4158067539956831
11.793568522112231,35.75462748079884,-1.4158067539956831
11.793568522112231,36.58121716246313,-1.4158067539956831
11.793568522112231,37.40780684412742,-1.4158067539956831
11.793568522112231,38.23439652579171,-1.4158067539956831
11.793568522112231,39.060986207456004,-1.4158067539956831
11.793568522112231,39.8875758891203,-1.4158067539956831
11.793568522112231,40.71416557078459,-1.4158067539956831
11.793568522112231,41.54075525244888,-1.4158067539956831
11.793568522112231,42.36734493411317,-1.4158067539956831
11.793568522112231,43.193934615777465,-1.4158067539956831
11.793568522112231,44.02052429744175,-1.4158067539956831
11.793568522112231,44.84711397910605,-1.4158067539956831
11.793568522112231,45.673703660770336,-1.4158067539956831
11.793568522112231,46.50029334243463,-1.4158067539956831
11.793568522112231,47.32688302409892,-1.4158067539956831
11.793568522112231,48.153472705763214,-1.4158067539956831
11.793568522112231,48.98006238742751,-1.4158067539956831
11.793568522112231,49.8066520690918,-1.4158067539956831
16.524015047348037,9.303757667541504,-1.3783921694233607
16.524015047348037,10.130347349205795,-1.3783921694233607
16.524015047348037,10.956937030870087,-1.3783921694233607
16.524015047348037,11.783526712534378,-1.3783921694233607
16.524015047348037,12.61011639419867,-1.3783921694233607
16.524015047348037,13.436706075862961,-1.3783921694233607
16.524015047348037,14.263295757527255,-1.3783921694233607
16.524015047348037,15.089885439191546,-1.3783921694233607
16.524015047348037,15.916475120855837,-1.3783921694233607
16.02561407440517,16.74306480252013,-1.3783921694233607
16.02561407440517,17.56965448418442,-1.3783921694233607
16.02561407440517,18.396244165848714,-1.3783921694233607
16.02561407440517,19.222833847513005,-1.3783921694233607
16.02561407440517,20.049423529177297,-1.3783921694233607
12.08563970855922,20.876013210841588,-1.3783921694233607
12.08563970855922,21.70260289250588,-1.3783921694233607
12.08563970855922,22.52919257417017,-1.3783921694233607
12.08563970855922,23.355782255834463,-1.3783921694233607
11.635931107446837,24.182371937498754,-1.3783921694233607
11.635931107446837,25.008961619163045,-1.3783921694233607
11.635931107446837,25.835551300827337,-1.3783921694233607
11.635931107446837,26.66214098249163,-1.3783921694233607
11.635931107446837,27.48873066415592,-1.3783921694233607
11.636215661657987,28.31532034582021,-1.3783921694233607
11.636215661657987,29.141910027484506,-1.3783921694233607
11.636215661657987,29.968499709148798,-1.3783921694233607
11.636215661657987,30.79508939081309,-1.3783921694233607
11.636215661657987,31.62167907247738,-1.3783921694233607
11.636215661657987,32.44826875414167,-1.3783921694233607
11.636215661657987,33.27485843580597,-1.3783921694233607
11.636215661657987,34.101448117470255,-1.3783921694233607
11.636216745626369,34.92803779913454,-1.3783921694233607
11.793568522112231,35.75462748079884,-1.3783921694233607
11.793568522112231,36.58121716246313,-1.3783921694233607
11.793568522112231,37.40780684412742,-1.3783921694233607
11.793568522112231,38.23439652579171,-1.3783921694233607
11.793568522112231,39.060986207456004,-1.3783921694233607
11.793568522112231,39.8875758891203,-1.3783921694233607
11.793568522112231,40.71416557078459,-1.3783921694233607
11.793568522112231,41.54075525244888,-1.3783921694233607
11.793568522112231,42.36734493411317,-1.3783921694233607
11.793568522112231,43.193934615777465,-1.3783921694233607
11.793568522112231,44.02052429744175,-1.3783921694233607
11.793568522112231,44.84711397910605,-1.3783921694233607
11.793568522112231,45.673703660770336,-1.3783921694233607
11.793568522112231,46.50029334243463,-1.3783921694233607
11.793568522112231,47.32688302409892,-1.3783921694233607
11.793568522112231,48.153472705763214,-1.3783921694233607
11.793568522112231,48.98006238742751,-1.3783921694233607
11.793568522112231,49.8066520690918,-1.3783921694233607
16.524015047348037,9.303757667541504,-1.3409775848510384
16.524015047348037,10.130347349205795,-1.3409775848510384
16.524015047348037,10.956937030870087,-1.3409775848510384
16.524015047348037,11.783526712534378,-1.3409775848510384
16.524015047348037,12.61011639419867,-1.3409775848510384
16.524015047348037,13.436706075862961,-1.3409775848510384
16.524015047348037,14.263295757527255,-1.3409775848510384
16.524015047348037,15.089885439191546,-1.3409775848510384
16.524015047348037,15.916475120855837,-1.3409775848510384
16.02561407440517,16.74306480252013,-1.3409775848510384
16.02561407440517,17.56965448418442,-1.3409775848510384
16.02561407440517,18.396244165848714,-1.3409775848510384
16.02561407440517,19.222833847513005,-1.3409775848510384
16.02561407440517,20.049423529177297,-1.3409775848510384
12.08563970855922,20.876013210841588,-1.3409775848510384
12.08563970855922,21.70260289250588,-1.3409775848510384
12.08563970855922,22.52919257417017,-1.3409775848510384
12.08563970855922,23.355782255834463,-1.3409775848510384
11.635931107446837,24.182371937498754,-1.3409775848510384
11.635931107446837,25.008961619163045,-1.3409775848510384
11.635931107446837,25.835551300827337,-1.3409775848510384
11.635931107446837,26.66214098249163,-1.3409775848510384
11.635931107446837,27.48873066415592,-1.3409775848510384
11.636215661657987,28.31532034582021,-1.3409775848510384
11.636215661657987,29.141910027484506,-1.3409775848510384
11.636215661657987,29.968499709148798,-1.3409775848510384
11.636215661657987,30.79508939081309,-1.3409775848510384
11.636215661657987,31.62167907247738,-1.3409775848510384
11.636215661657987,32.44826875414167,-1.3409775848510384
11.636215661657987,33.27485843580597,-1.3409775848510384
11.636215661657987,34.101448117470255,-1.3409775848510384
11.636216745626369,34.92803779913454,-1.3409775848510384
11.793568522112231,35.75462748079884,-1.3409775848510384
11.793568522112231,36.58121716246313,-1.3409775848510384
11.793568522112231,37.40780684412742,-1.3409775848510384
11.793568522112231,38.23439652579171,-1.3409775848510384
11.793568522112231,39.060986207456004,-1.3409775848510384
11.793568522112231,39.8875758891203,-1.3409775848510384
11.793568522112231,40.71416557078459,-1.3409775848510384
11.793568522112231,41.54075525244888,-1.3409775848510384
11.793568522112231,42.36734493411317,-1.3409775848510384
11.793568522112231,43.193934615777465,-1.3409775848510384
11.793568522112231,44.02052429744175,-1.3409775848510384
11.793568522112231,44.84711397910605,-1.3409775848510384
11.793568522112231,45.673703660770336,-1.3409775848510384
11.793568522112231,46.50029334243463,-1.3409775848510384
11.793568522112231,47.32688302409892,-1.3409775848510384
11.793568522112231,48.153472705763214,-1.3409775848510384
11.793568522112231,48.98006238742751,-1.3409775848510384
11.793568522112231,49.8066520690918,-1.3409775848510384
16.524015047348037,9.303757667541504,-1.3035630002787162
16.524015047348037,10.130347349205795,-1.3035630002787162
16.524015047348037,10.956937030870087,-1.3035630002787162
16.524015047348037,11.783526712534378,-1.3035630002787162
16.524015047348037,12.61011639419867,-1.3035630002787162
16.524015047348037,13.436706075862961,-1.3035630002787162
16.524015047348037,14.263295757527255,-1.3035630002787162
16.524015047348037,15.089885439191546,-1.3035630002787162
16.524015047348037,15.916475120855837,-1.3035630002787162
16.02561407440517,16.74306480252013,-1.3035630002787162
16.02561407440517,17.56965448418442,-1.3035630002787162
16.02561407440517,18.396244165848714,-1.3035630002787162
16.02561407440517,19.222833847513005,-1.3035630002787162
16.02561407440517,20.049423529177297,-1.3035630002787162
12.08563970855922,20.876013210841588,-1.3035630002787162
12.08563970855922,21.70260289250588,-1.3035630002787162
12.08563970855922,22.52919257417017,-1.3035630002787162
12.08563970855922,23.355782255834463,-1.3035630002787162
11.635931107446837,24.182371937498754,-1.3035630002787162
11.635931107446837,25.008961619163045,-1.3035630002787162
11.635931107446837,25.835551300827337,-1.3035630002787162
11.635931107446837,26.66214098249163,-1.3035630002787162
11.635931107446837,27.48873066415592,-1.3035630002787162
11.636215661657987,28.31532034582021,-1.3035630002787162
11.636215661657987,29.141910027484506,-1.3035630002787162
11.636215661657987,29.968499709148798,-1.3035630002787162
11.636215661657987,30.79508939081309,-1.3035630002787162
11.636215661657987,31.62167907247738,-1.3035630002787162
11.636215661657987,32.44826875414167,-1.3035630002787162
11.636215661657987,33.27485843580597,-1.3035630002787162
11.636215661657987,34.101448117470255,-1.3035630002787162
11.636216745626369,34.92803779913454,-1.3035630002787162
11.793568522112231,35.75462748079884,-1.3035630002787162
11.793568522112231,36.58121716246313,-1.3035630002787162
11.793568522112231,37.40780684412742,-1.3035630002787162
11.793568522112231,38.23439652579171,-1.3035630002787162
11.793568522112231,39.060986207456004,-1.3035630002787162
11.793568522112231,39.8875758891203,-1.3035630002787162
11.793568522112231,40.71416557078459,-1.3035630002787162
11.793568522112231,41.54075525244888,-1.3035630002787162
11.793568522112231,42.36734493411317,-1.3035630002787162
11.793568522112231,43.193934615777465,-1.3035630002787162
11.793568522112231,44.02052429744175,-1.3035630002787162
11.793568522112231,44.84711397910605,-1.3035630002787162
11.793568522112231,45.673703660770336,-1.3035630002787162
11.793568522112231,46.50029334243463,-1.3035630002787162
11.793568522112231,47.32688302409892,-1.3035630002787162
11.793568522112231,48.153472705763214,-1.3035630002787162
11.793568522112231,48.98006238742751,-1.3035630002787162
11.793568522112231,49.8066520690918,-1.3035630002787162
16.524015047348037,9.303757667541504,-1.2661484157063936
16.524015047348037,10.130347349205795,-1.2661484157063936
16.524015047348037,10.956937030870087,-1.2661484157063936
16.524015047348037,11.783526712534378,-1.2661484157063936
16.524015047348037,12.61011639419867,-1.2661484157063936
16.524015047348037,13.436706075862961,-1.2661484157063936
16.524015047348037,14.263295757527255,-1.2661484157063936
16.524015047348037,15.089885439191546,-1.2661484157063936
16.524015047348037,15.916475120855837,-1.2661484157063936
16.02561407440517,16.74306480252013,-1.2661484157063936
16.02561407440517,17.56965448418442,-1.2661484157063936
16.02561407440517,18.396244165848714,-1.2661484157063936
16.02561407440517,19.222833847513005,-1.2661484157063936
16.02561407440517,20.049423529177297,-1.2661484157063936
12.08563970855922,20.876013210841588,-1.2661484157063936
12.08563970855922,21.70260289250588,-1.2661484157063936
12.08563970855922,22.52919257417017,-1.2661484157063936
12.08563970855922,23.355782255834463,-1.2661484157063936
11.635931107446837,24.182371937498754,-1.2661484157063936
11.635931107446837,25.008961619163045,-1.2661484157063936
11.635931107446837,25.835551300827337,-1.2661484157063936
11.635931107446837,26.66214098249163,-1.2661484157063936
11.635931107446837,27.48873066415592,-1.2661484157063936
11.636215661657987,28.31532034582021,-1.2661484157063936
11.636215661657987,29.141910027484506,-1.2661484157063936
11.636215661657987,29.968499709148798,-1.2661484157063936
11.636215661657987,30.79508939081309,-1.2661484157063936
11.636215661657987,31.62167907247738,-1.2661484157063936
11.636215661657987,32.44826875414167,-1.2661484157063936
11.636215661657987,33.27485843580597,-1.2661484157063936
11.636215661657987,34.101448117470255,-1.2661484157063936
11.636216745626369,34.92803779913454,-1.2661484157063936
11.793568522112231,35.75462748079884,-1.2661484157063936
11.793568522112231,36.58121716246313,-1.2661484157063936
11.793568522112231,37.40780684412742,-1.2661484157063936
11.793568522112231,38.23439652579171,-1.2661484157063936
11.793568522112231,39.060986207456004,-1.2661484157063936
11.793568522112231,39.8875758891203,-1.2661484157063936
11.793568522112231,40.71416557078459,-1.2661484157063936
11.793568522112231,41.54075525244888,-1.2661484157063936
11.793568522112231,42.36734493411317,-1.2661484157063936
11.793568522112231,43.193934615777465,-1.2661484157063936
11.793568522112231,44.02052429744175,-1.2661484157063936
11.793568522112231,44.84711397910605,-1.2661484157063936
11.793568522112231,45.673703660770336,-1.2661484157063936
11.793568522112231,46.50029334243463,-1.2661484157063936
11.793568522112231,47.32688302409892,-1.2661484157063936
11.793568522112231,48.153472705763214,-1.2661484157063936
11.793568522112231,48.98006238742751,-1.2661484157063936
11.793568522112231,49.8066520690918,-1.2661484157063936
16.524015047348037,9.303757667541504,-1.2287338311340714
16.524015047348037,10.130347349205795,-1.2287338311340714
16.524015047348037,10.956937030870087,-1.2287338311340714
16.524015047348037,11.783526712534378,-1.2287338311340714
16.524015047348037,12.61011639419867,-1.2287338311340714
16.524015047348037,13.436706075862961,-1.2287338311340714
16.524015047348037,14.263295757527255,-1.2287338311340714
16.524015047348037,15.089885439191546,-1.2287338311340714
16.524015047348037,15.916475120855837,-1.2287338311340714
16.02561407440517,16.74306480252013,-1.2287338311340714
16.02561407440517,17.56965448418442,-1.2287338311340714
16.02561407440517,18.396244165848714,-1.2287338311340714
16.02561407440517,19.222833847513005,-1.2287338311340714
16.02561407440517,20.049423529177297,-1.2287338311340714
12.08563970855922,20.876013210841588,-1.2287338311340714
12.08563970855922,21.70260289250588,-1.2287338311340714
12.08563970855922,22.52919257417017,-1.2287338311340714
12.08563970855922,23.355782255834463,-1.2287338311340714
11.635931107446837,24.182371937498754,-1.2287338311340714
11.635931107446837,25.008961619163045,-1.2287338311340714
11.635931107446837,25.835551300827337,-1.2287338311340714
11.635931107446837,26.66214098249163,-1.2287338311340714
11.635931107446837,27.48873066415592,-1.2287338311340714
11.636215661657987,28.31532034582021,-1.2287338311340714
11.636215661657987,29.141910027484506,-1.2287338311340714
11.636215661657987,29.968499709148798,-1.2287338311340714
11.636215661657987,30.79508939081309,-1.2287338311340714
11.636215661657987,31.62167907247738,-1.2287338311340714
11.636215661657987,32.44826875414167,-1.2287338311340714
11.636215661657987,33.27485843580597,-1.2287338311340714
11.636215661657987,34.101448117470255,-1.2287338311340714
11.636216745626369,34.92803779913454,-1.2287338311340714
11.793568522112231,35.75462748079884,-1.2287338311340714
11.793568522112231,36.58121716246313,-1.2287338311340714
11.793568522112231,37.40780684412742,-1.2287338311340714
11.793568522112231,38.23439652579171,-1.2287338311340714
11.793568522112231,39.060986207456004,-1.2287338311340714
11.793568522112231,39.8875758891203,-1.2287338311340714
11.793568522112231,40.71416557078459,-1.2287338311340714
11.793568522112231,41.54075525244888,-1.2287338311340714
11.793568522112231,42.36734493411317,-1.2287338311340714
11.793568522112231,43.193934615777465,-1.2287338311340714
11.793568522112231,44.02052429744175,-1.2287338311340714
11.793568522112231,44.84711397910605,-1.2287338311340714
11.793568522112231,45.673703660770336,-1.2287338311340714
11.793568522112231,46.50029334243463,-1.2287338311340714
11.793568522112231,47.32688302409892,-1.2287338311340714
11.793568522112231,48.153472705763214,-1.2287338311340714
11.793568522112231,48.98006238742751,-1.2287338311340714
11.793568522112231,49.8066520690918,-1.2287338311340714
16.524015047348037,9.303757667541504,-1.1913192465617488
16.524015047348037,10.130347349205795,-1.1913192465617488
16.524015047348037,10.956937030870087,-1.1913192465617488
16.524015047348037,11.783526712534378,-1.1913192465617488
16.524015047348037,12.61011639419867,-1.1913192465617488
16.524015047348037,13.436706075862961,-1.1913192465617488
16.524015047348037,14.263295757527255,-1.1913192465617488
16.524015047348037,15.089885439191546,-1.1913192465617488
16.524015047348037,15.916475120855837,-1.1913192465617488
16.02561407440517,16.74306480252013,-1.1913192465617488
16.02561407440517,17.56965448418442,-1.1913192465617488
16.02561407440517,18.396244165848714,-1.1913192465617488
16.02561407440517,19.222833847513005,-1.1913192465617488
16.02561407440517,20.049423529177297,-1.1913192465617488
12.08563970855922,20.876013210841588,-1.1913192465617488
12.08563970855922,21.70260289250588,-1.1913192465617488
12.08563970855922,22.52919257417017,-1.1913192465617488
12.08563970855922,23.355782255834463,-1.1913192465617488
11.635931107446837,24.182371937498754,-1.1913192465617488
11.635931107446837,25.008961619163045,-1.1913192465617488
11.635931107446837,25.835551300827337,-1.1913192465617488
11.635931107446837,26.66214098249163,-1.1913192465617488
11.635931107446837,27.48873066415592,-1.1913192465617488
11.636215661657987,28.31532034582021,-1.1913192465617488
11.636215661657987,29.141910027484506,-1.1913192465617488
11.636215661657987,29.968499709148798,-1.1913192465617488
11.636215661657987,30.79508939081309,-1.1913192465617488
11.636215661657987,31.62167907247738,-1.1913192465617488
11.636215661657987,32.44826875414167,-1.1913192465617488
11.636215661657987,33.27485843580597,-1.1913192465617488
11.636215661657987,34.101448117470255,-1.1913192465617488
11.636216745626369,34.92803779913454,-1.1913192465617488
11.793568522112231,35.75462748079884,-1.1913192465617488
11.793568522112231,36.58121716246313,-1.1913192465617488
11.793568522112231,37.40780684412742,-1.1913192465617488
11.793568522112231,38.23439652579171,-1.1913192465617488
11.793568522112231,39.060986207456004,-1.1913192465617488
11.793568522112231,39.8875758891203,-1.1913192465617488
11.793568522112231,40.71416557078459,-1.1913192465617488
11.793568522112231,41.54075525244888,-1.1913192465617488
11.793568522112231,42.36734493411317,-1.1913192465617488
11.793568522112231,43.193934615777465,-1.1913192465617488
11.793568522112231,44.02052429744175,-1.1913192465617488
11.793568522112231,44.84711397910605,-1.1913192465617488
11.793568522112231,45.673703660770336,-1.1913192465617488
11.793568522112231,46.50029334243463,-1.1913192465617488
11.793568522112231,47.32688302409892,-1.1913192465617488
11.793568522112231,48.153472705763214,-1.1913192465617488
11.793568522112231,48.98006238742751,-1.1913192465617488
11.793568522112231,49.8066520690918,-1.1913192465617488
16.524015047348037,9.303757667541504,-1.1539046619894266
16.524015047348037,10.130347349205795,-1.1539046619894266
16.524015047348037,10.956937030870087,-1.1539046619894266
16.524015047348037,11.783526712534378,-1.1539046619894266
16.524015047348037,12.61011639419867,-1.1539046619894266
16.524015047348037,13.436706075862961,-1.1539046619894266
16.524015047348037,14.263295757527255,-1.1539046619894266
16.524015047348037,15.089885439191546,-1.1539046619894266
16.524015047348037,15.916475120855837,-1.1539046619894266
16.02561407440517,16.74306480252013,-1.1539046619894266
16.02561407440517,17.56965448418442,-1.1539046619894266
16.02561407440517,18.396244165848714,-1.1539046619894266
16.02561407440517,19.222833847513005,-1.1539046619894266
16.02561407440517,20.049423529177297,-1.1539046619894266
12.08563970855922,20.876013210841588,-1.1539046619894266
12.08563970855922,21.70260289250588,-1.1539046619894266
12.08563970855922,22.52919257417017,-1.1539046619894266
12.08563970855922,23.355782255834463,-1.1539046619894266
11.635931107446837,24.182371937498754,-1.1539046619894266
11.635931107446837,25.008961619163045,-1.1539046619894266
11.635931107446837,25.835551300827337,-1.1539046619894266
11.635931107446837,26.66214098249163,-1.1539046619894266
11.635931107446837,27.48873066415592,-1.1539046619894266
11.636215661657987,28.31532034582021,-1.1539046619894266
11.636215661657987,29.141910027484506,-1.1539046619894266
11.636215661657987,29.968499709148798,-1.1539046619894266
11.636215661657987,30.79508939081309,-1.1539046619894266
11.636215661657987,31.62167907247738,-1.1539046619894266
11.636215661657987,32.44826875414167,-1.1539046619894266
11.636215661657987,33.27485843580597,-1.1539046619894266
11.636215661657987,34.101448117470255,-1.1539046619894266
11.636216745626369,34.92803779913454,-1.1539046619894266
11.793568522112231,35.75462748079884,-1.1539046619894266
11.793568522112231,36.58121716246313,-1.1539046619894266
11.793568522112231,37.40780684412742,-1.1539046619894266
11.793568522112231,38.23439652579171,-1.1539046619894266
11.793568522112231,39.060986207456004,-1.1539046619894266
11.793568522112231,39.8875758891203,-1.1539046619894266
11.793568522112231,40.71416557078459,-1.1539046619894266
11.793568522112231,41.54075525244888,-1.1539046619894266
11.793568522112231,42.36734493411317,-1.1539046619894266
11.793568522112231,43.193934615777465,-1.1539046619894266
11.793568522112231,44.02052429744175,-1.1539046619894266
11.793568522112231,44.84711397910605,-1.1539046619894266
11.793568522112231,45.673703660770336,-1.1539046619894266
11.793568522112231,46.50029334243463,-1.1539046619894266
11.793568522112231,47.32688302409892,-1.1539046619894266
11.793568522112231,48.153472705763214,-1.1539046619894266
11.793568522112231,48.98006238742751,-1.1539046619894266
11.793568522112231,49.8066520690918,-1.1539046619894266
16.524015047348037,9.303757667541504,-1.1164900774171043
16.524015047348037,10.130347349205795,-1.1164900774171043
16.524015047348037,10.956937030870087,-1.1164900774171043
16.524015047348037,11.783526712534378,-1.1164900774171043
16.524015047348037,12.61011639419867,-1.1164900774171043
16.524015047348037,13.436706075862961,-1.1164900774171043
16.524015047348037,14.263295757527255,-1.1164900774171043
16.524015047348037,15.089885439191546,-1.1164900774171043
16.524015047348037,15.916475120855837,-1.1164900774171043
16.02561407440517,16.74306480252013,-1.1164900774171043
16.02561407440517,17.56965448418442,-1.1164900774171043
16.02561407440517,18.396244165848714,-1.1164900774171043
16.02561407440517,19.222833847513005,-1.1164900774171043
16.02561407440517,20.049423529177297,-1.1164900774171043
12.08563970855922,20.876013210841588,-1.1164900774171043
12.08563970855922,21.70260289250588,-1.1164900774171043
12.08563970855922,22.52919257417017,-1.1164900774171043
12.08563970855922,23.355782255834463,-1.1164900774171043
11.635931107446837,24.182371937498754,-1.1164900774171043
11.635931107446837,25.008961619163045,-1.1164900774171043
11.635931107446837,25.835551300827337,-1.1164900774171043
11.635931107446837,26.66214098249163,-1.1164900774171043
11.635931107446837,27.48873066415592,-1.1164900774171043
11.636215661657987,28.31532034582021,-1.1164900774171043
11.636215661657987,29.141910027484506,-1.1164900774171043
11.636215661657987,29.968499709148798,-1.1164900774171043
11.636215661657987,30.79508939081309,-1.1164900774171043
11.636215661657987,31.62167907247738,-1.1164900774171043
11.636215661657987,32.44826875414167,-1.1164900774171043
11.636215661657987,33.27485843580597,-1.1164900774171043
11.636215661657987,34.101448117470255,-1.1164900774171043
11.636216745626369,34.92803779913454,-1.1164900774171043
11.793568522112231,35.75462748079884,-1.1164900774171043
11.793568522112231,36.58121716246313,-1.1164900774171043
11.793568522112231,37.40780684412742,-1.1164900774171043
11.793568522112231,38.23439652579171,-1.1164900774171043
11.793568522112231,39.060986207456004,-1.1164900774171043
11.793568522112231,39.8875758891203,-1.1164900774171043
11.793568522112231,40.71416557078459,-1.1164900774171043
11.793568522112231,41.54075525244888,-1.1164900774171043
11.793568522112231,42.36734493411317,-1.1164900774171043
11.793568522112231,43.193934615777465,-1.1164900774171043
11.793568522112231,44.02052429744175,-1.1164900774171043
11.793568522112231,44.84711397910605,-1.1164900774171043
11.793568522112231,45.673703660770336,-1.1164900774171043
11.793568522112231,46.50029334243463,-1.1164900774171043
11.793568522112231,47.32688302409892,-1.1164900774171043
11.793568522112231,48.153472705763214,-1.1164900774171043
11.793568522112231,48.98006238742751,-1.1164900774171043
11.793568522112231,49.8066520690918,-1.1164900774171043
16.524015047348037,9.303757667541504,-1.0790754928447819
16.524015047348037,10.130347349205795,-1.0790754928447819
16.524015047348037,10.956937030870087,-1.0790754928447819
16.524015047348037,11.783526712534378,-1.0790754928447819
16.524015047348037,12.61011639419867,-1.0790754928447819
16.524015047348037,13.436706075862961,-1.0790754928447819
16.524015047348037,14.263295757527255,-1.0790754928447819
16.524015047348037,15.089885439191546,-1.0790754928447819
16.524015047348037,15.916475120855837,-1.0790754928447819
16.02561407440517,16.74306480252013,-1.0790754928447819
16.02561407440517,17.56965448418442,-1.0790754928447819
16.02561407440517,18.396244165848714,-1.0790754928447819
16.02561407440517,19.222833847513005,-1.0790754928447819
16.02561407440517,20.049423529177297,-1.0790754928447819
12.08563970855922,20.876013210841588,-1.0790754928447819
12.08563970855922,21.70260289250588,-1.0790754928447819
12.08563970855922,22.52919257417017,-1.0790754928447819
12.08563970855922,23.355782255834463,-1.0790754928447819
11.635931107446837,24.182371937498754,-1.0790754928447819
11.635931107446837,25.008961619163045,-1.0790754928447819
11.635931107446837,25.835551300827337,-1.0790754928447819
11.635931107446837,26.66214098249163,-1.0790754928447819
11.635931107446837,27.48873066415592,-1.0790754928447819
11.636215661657987,28.31532034582021,-1.0790754928447819
11.636215661657987,29.141910027484506,-1.0790754928447819
11.636215661657987,29.968499709148798,-1.0790754928447819
11.636215661657987,30.79508939081309,-1.0790754928447819
11.636215661657987,31.62167907247738,-1.0790754928447819
11.636215661657987,32.44826875414167,-1.0790754928447819
11.636215661657987,33.27485843580597,-1.0790754928447819
11.636215661657987,34.101448117470255,-1.0790754928447819
11.636216745626369,34.92803779913454,-1.0790754928447819
11.793568522112231,35.75462748079884,-1.0790754928447819
11.793568522112231,36.58121716246313,-1.0790754928447819
11.793568522112231,37.40780684412742,-1.0790754928447819
11.793568522112231,38.23439652579171,-1.0790754928447819
11.793568522112231,39.060986207456004,-1.0790754928447819
11.793568522112231,39.8875758891203,-1.0790754928447819
11.793568522112231,40.71416557078459,-1.0790754928447819
11.793568522112231,41.54075525244888,-1.0790754928447819
11.793568522112231,42.36734493411317,-1.0790754928447819
11.793568522112231,43.193934615777465,-1.0790754928447819
11.793568522112231,44.02052429744175,-1.0790754928447819
11.793568522112231,44.84711397910605,-1.0790754928447819
11.793568522112231,45.673703660770336,-1.0790754928447819
11.793568522112231,46.50029334243463,-1.0790754928447819
11.793568522112231,47.32688302409892,-1.0790754928447819
11.793568522112231,48.153472705763214,-1.0790754928447819
11.793568522112231,48.98006238742751,-1.0790754928447819
11.793568522112231,49.8066520690918,-1.0790754928447819
16.524015047348037,9.303757667541504,-1.0416609082724595
16.524015047348037,10.130347349205795,-1.0416609082724595
16.524015047348037,10.956937030870087,-1.0416609082724595
16.524015047348037,11.783526712534378,-1.0416609082724595
16.524015047348037,12.61011639419867,-1.0416609082724595
16.524015047348037,13.436706075862961,-1.0416609082724595
16.524015047348037,14.263295757527255,-1.0416609082724595
16.524015047348037,15.089885439191546,-1.0416609082724595
16.524015047348037,15.916475120855837,-1.0416609082724595
16.02561407440517,16.74306480252013,-1.0416609082724595
16.02561407440517,17.56965448418442,-1.0416609082724595
16.02561407440517,18.396244165848714,-1.0416609082724595
16.02561407440517,19.222833847513005,-1.0416609082724595
16.02561407440517,20.049423529177297,-1.0416609082724595
12.08563970855922,20.876013210841588,-1.0416609082724595
12.08563970855922,21.70260289250588,-1.0416609082724595
12.08563970855922,22.52919257417017,-1.0416609082724595
12.08563970855922,23.355782255834463,-1.0416609082724595
11.635931107446837,24.182371937498754,-1.0416609082724595
11.635931107446837,25.008961619163045,-1.0416609082724595
11.635931107446837,25.835551300827337,-1.0416609082724595
11.635931107446837,26.66214098249163,-1.0416609082724595
11.635931107446837,27.48873066415592,-1.0416609082724595
11.636215661657987,28.31532034582021,-1.0416609082724595
11.636215661657987,29.141910027484506,-1.0416609082724595
11.636215661657987,29.968499709148798,-1.0416609082724595
11.636215661657987,30.79508939081309,-1.0416609082724595
11.636215661657987,31.62167907247738,-1.0416609082724595
11.636215661657987,32.44826875414167,-1.0416609082724595
11.636215661657987,33.27485843580597,-1.0416609082724595
11.636215661657987,34.101448117470255,-1.0416609082724595
11.636216745626369,34.92803779913454,-1.0416609082724595
11.793568522112231,35.75462748079884,-1.0416609082724595
11.793568522112231,36.58121716246313,-1.0416609082724595
11.793568522112231,37.40780684412742,-1.0416609082724595
11.793568522112231,38.23439652579171,-1.0416609082724595
11.793568522112231,39.060986207456004,-1.0416609082724595
11.793568522112231,39.8875758891203,-1.0416609082724595
11.793568522112231,40.71416557078459,-1.0416609082724595
11.793568522112231,41.54075525244888,-1.0416609082724595
11.793568522112231,42.36734493411317,-1.0416609082724595
11.793568522112231,43.193934615777465,-1.0416609082724595
11.793568522112231,44.02052429744175,-1.0416609082724595
11.793568522112231,44.84711397910605,-1.0416609082724595
11.793568522112231,45.673703660770336,-1.0416609082724595
11.793568522112231,46.50029334243463,-1.0416609082724595
11.793568522112231,47.32688302409892,-1.0416609082724595
11.793568522112231,48.153472705763214,-1.0416609082724595
11.793568522112231,48.98006238742751,-1.0416609082724595
11.793568522112231,49.8066520690918,-1.0416609082724595
16.524015047348037,9.303757667541504,-1.0042463237001371
16.524015047348037,10.130347349205795,-1.0042463237001371
16.524015047348037,10.956937030870087,-1.0042463237001371
16.524015047348037,11.783526712534378,-1.0042463237001371
16.524015047348037,12.61011639419867,-1.0042463237001371
16.524015047348037,13.436706075862961,-1.0042463237001371
16.524015047348037,14.263295757527255,-1.0042463237001371
16.524015047348037,15.089885439191546,-1.0042463237001371
16.524015047348037,15.916475120855837,-1.0042463237001371
16.02561407440517,16.74306480252013,-1.0042463237001371
16.02561407440517,17.56965448418442,-1.0042463237001371
16.02561407440517,18.396244165848714,-1.0042463237001371
16.02561407440517,19.222833847513005,-1.0042463237001371
16.02561407440517,20.049423529177297,-1.0042463237001371
12.08563970855922,20.876013210841588,-1.0042463237001371
12.08563970855922,21.70260289250588,-1.0042463237001371
12.08563970855922,22.52919257417017,-1.0042463237001371
12.08563970855922,23.355782255834463,-1.0042463237001371
11.635931107446837,24.182371937498754,-1.0042463237001371
11.635931107446837,25.008961619163045,-1.0042463237001371
11.635931107446837,25.835551300827337,-1.0042463237001371
11.635931107446837,26.66214098249163,-1.0042463237001371
11.635931107446837,27.48873066415592,-1.0042463237001371
11.636215661657987,28.31532034582021,-1.0042463237001371
11.636215661657987,29.141910027484506,-1.0042463237001371
11.636215661657987,29.968499709148798,-1.0042463237001371
11.636215661657987,30.79508939081309,-1.0042463237001371
11.636215661657987,31.62167907247738,-1.0042463237001371
11.636215661657987,32.44826875414167,-1.0042463237001371
11.636215661657987,33.27485843580597,-1.0042463237001371
11.636215661657987,34.101448117470255,-1.0042463237001371
11.636216745626369,34.92803779913454,-1.0042463237001371
11.793568522112231,35.75462748079884,-1.0042463237001371
11.793568522112231,36.58121716246313,-1.0042463237001371
11.793568522112231,37.40780684412742,-1.0042463237001371
11.793568522112231,38.23439652579171,-1.0042463237001371
11.793568522112231,39.060986207456004,-1.0042463237001371
11.793568522112231,39.8875758891203,-1.0042463237001371
11.793568522112231,40.71416557078459,-1.0042463237001371
11.793568522112231,41.54075525244888,-1.0042463237001371
11.793568522112231,42.36734493411317,-1.0042463237001371
11.793568522112231,43.193934615777465,-1.0042463237001371
11.793568522112231,44.02052429744175,-1.0042463237001371
11.793568522112231,44.84711397910605,-1.0042463237001371
11.793568522112231,45.673703660770336,-1.0042463237001371
11.793568522112231,46.50029334243463,-1.0042463237001371
11.793568522112231,47.32688302409892,-1.0042463237001371
11.793568522112231,48.153472705763214,-1.0042463237001371
11.793568522112231,48.98006238742751,-1.0042463237001371
11.793568522112231,49.8066520690918,-1.0042463237001371
16.524015047348037,9.303757667541504,-0.9668317391278147
16.524015047348037,10.130347349205795,-0.9668317391278147
16.524015047348037,10.956937030870087,-0.9668317391278147
16.524015047348037,11.783526712534378,-0.9668317391278147
16.524015047348037,12.61011639419867,-0.9668317391278147
16.524015047348037,13.436706075862961,-0.9668317391278147
16.524015047348037,14.263295757527255,-0.9668317391278147
16.524015047348037,15.089885439191546,-0.9668317391278147
16.524015047348037,15.916475120855837,-0.9668317391278147
16.02561407440517,16.74306480252013,-0.9668317391278147
16.02561407440517,17.56965448418442,-0.9668317391278147
16.02561407440517,18.396244165848714,-0.9668317391278147
16.02561407440517,19.222833847513005,-0.9668317391278147
16.02561407440517,20.049423529177297,-0.9668317391278147
12.08563970855922,20.876013210841588,-0.9668317391278147
12.08563970855922,21.70260289250588,-0.9668317391278147
12.08563970855922,22.52919257417017,-0.9668317391278147
12.08563970855922,23.355782255834463,-0.9668317391278147
11.635931107446837,24.182371937498754,-0.9668317391278147
11.635931107446837,25.008961619163045,-0.9668317391278147
11.635931107446837,25.835551300827337,-0.9668317391278147
11.635931107446837,26.66214098249163,-0.9668317391278147
11.635931107446837,27.48873066415592,-0.9668317391278147
11.636215661657987,28.31532034582021,-0.9668317391278147
11.636215661657987,29.141910027484506,-0.9668317391278147
11.636215661657987,29.968499709148798,-0.9668317391278147
11.636215661657987,30.79508939081309,-0.9668317391278147
11.636215661657987,31.62167907247738,-0.9668317391278147
11.636215661657987,32.44826875414167,-0.9668317391278147
11.636215661657987,33.27485843580597,-0.9668317391278147
11.636215661657987,34.101448117470255,-0.9668317391278147
11.636216745626369,34.92803779913454,-0.9668317391278147
11.793568522112231,35.75462748079884,-0.9668317391278147
11.793568522112231,36.58121716246313,-0.9668317391278147
11.793568522112231,37.40780684412742,-0.9668317391278147
11.793568522112231,38.23439652579171,-0.9668317391278147
11.793568522112231,39.060986207456004,-0.9668317391278147
11.793568522112231,39.8875758891203,-0.9668317391278147
11.793568522112231,40.71416557078459,-0.9668317391278147
11.793568522112231,41.54075525244888,-0.9668317391278147
11.793568522112231,42.36734493411317,-0.9668317391278147
11.793568522112231,43.193934615777465,-0.9668317391278147
11.793568522112231,44.02052429744175,-0.9668317391278147
11.793568522112231,44.84711397910605,-0.9668317391278147
11.793568522112231,45.673703660770336,-0.9668317391278147
11.793568522112231,46.50029334243463,-0.9668317391278147
11.793568522112231,47.32688302409892,-0.9668317391278147
11.793568522112231,48.153472705763214,-0.9668317391278147
11.793568522112231,48.98006238742751,-0.9668317391278147
11.793568522112231,49.8066520690918,-0.9668317391278147
16.524015047348037,9.303757667541504,-0.9294171545554925
16.524015047348037,10.130347349205795,-0.9294171545554925
16.524015047348037,10.956937030870087,-0.9294171545554925
16.524015047348037,11.783526712534378,-0.9294171545554925
16.524015047348037,12.61011639419867,-0.9294171545554925
16.524015047348037,13.436706075862961,-0.9294171545554925
16.524015047348037,14.263295757527255,-0.9294171545554925
16.524015047348037,15.089885439191546,-0.9294171545554925
16.524015047348037,15.916475120855837,-0.9294171545554925
16.02561407440517,16.74306480252013,-0.9294171545554925
16.02561407440517,17.56965448418442,-0.9294171545554925
16.02561407440517,18.396244165848714,-0.9294171545554925
16.02561407440517,19.222833847513005,-0.9294171545554925
16.02561407440517,20.049423529177297,-0.9294171545554925
12.08563970855922,20.876013210841588,-0.9294171545554925
12.08563970855922,21.70260289250588,-0.9294171545554925
12.08563970855922,22.52919257417017,-0.9294171545554925
12.08563970855922,23.355782255834463,-0.9294171545554925
11.635931107446837,24.182371937498754,-0.9294171545554925
11.635931107446837,25.008961619163045,-0.9294171545554925
11.635931107446837,25.835551300827337,-0.9294171545554925
11.635931107446837,26.66214098249163,-0.9294171545554925
11.635931107446837,27.48873066415592,-0.9294171545554925
11.636215661657987,28.31532034582021,-0.9294171545554925
11.636215661657987,29.141910027484506,-0.9294171545554925
11.636215661657987,29.968499709148798,-0.9294171545554925
11.636215661657987,30.79508939081309,-0.9294171545554925
11.636215661657987,31.62167907247738,-0.9294171545554925
11.636215661657987,32.44826875414167,-0.9294171545554925
11.636215661657987,33.27485843580597,-0.9294171545554925
11.636215661657987,34.101448117470255,-0.9294171545554925
11.636216745626369,34.92803779913454,-0.9294171545554925
11.793568522112231,35.75462748079884,-0.9294171545554925
11.793568522112231,36.58121716246313,-0.9294171545554925
11.793568522112231,37.40780684412742,-0.9294171545554925
11.793568522112231,38.23439652579171,-0.9294171545554925
11.793568522112231,39.060986207456004,-0.9294171545554925
11.793568522112231,39.8875758891203,-0.9294171545554925
11.793568522112231,40.71416557078459,-0.9294171545554925
11.793568522112231,41.54075525244888,-0.9294171545554925
11.793568522112231,42.36734493411317,-0.9294171545554925
11.793568522112231,43.193934615777465,-0.9294171545554925
11.793568522112231,44.02052429744175,-0.9294171545554925
11.793568522112231,44.84711397910605,-0.9294171545554925
11.793568522112231,45.673703660770336,-0.9294171545554925
11.793568522112231,46.50029334243463,-0.9294171545554925
11.793568522112231,47.32688302409892,-0.9294171545554925
11.793568522112231,48.153472705763214,-0.9294171545554925
11.793568522112231,48.98006238742751,-0.9294171545554925
11.793568522112231,49.8066520690918,-0.9294171545554925
16.524015047348037,9.303757667541504,-0.8920025699831701
16.524015047348037,10.130347349205795,-0.8920025699831701
16.524015047348037,10.956937030870087,-0.8920025699831701
16.524015047348037,11.783526712534378,-0.8920025699831701
16.524015047348037,12.61011639419867,-0.8920025699831701
16.524015047348037,13.436706075862961,-0.8920025699831701
16.524015047348037,14.263295757527255,-0.8920025699831701
16.524015047348037,15.089885439191546,-0.8920025699831701
16.524015047348037,15.916475120855837,-0.8920025699831701
16.02561407440517,16.74306480252013,-0.8920025699831701
16.02561407440517,17.56965448418442,-0.8920025699831701
16.02561407440517,18.396244165848714,-0.8920025699831701
16.02561407440517,19.222833847513005,-0.8920025699831701
16.02561407440517,20.049423529177297,-0.8920025699831701
12.08563970855922,20.876013210841588,-0.8920025699831701
12.08563970855922,21.70260289250588,-0.8920025699831701
12.08563970855922,22.52919257417017,-0.8920025699831701
12.08563970855922,23.355782255834463,-0.8920025699831701
11.635931107446837,24.182371937498754,-0.8920025699831701
11.635931107446837,25.008961619163045,-0.8920025699831701
11.635931107446837,25.835551300827337,-0.8920025699831701
11.635931107446837,26.66214098249163,-0.8920025699831701
11.635931107446837,27.48873066415592,-0.8920025699831701
11.636215661657987,28.31532034582021,-0.8920025699831701
11.636215661657987,29.141910027484506,-0.8920025699831701
11.636215661657987,29.968499709148798,-0.8920025699831701
11.636215661657987,30.79508939081309,-0.8920025699831701
11.636215661657987,31.62167907247738,-0.8920025699831701
11.636215661657987,32.44826875414167,-0.8920025699831701
11.636215661657987,33.27485843580597,-0.8920025699831701
11.636215661657987,34.101448117470255,-0.8920025699831701
11.636216745626369,34.92803779913454,-0.8920025699831701
11.793568522112231,35.75462748079884,-0.8920025699831701
11.793568522112231,36.58121716246313,-0.8920025699831701
11.793568522112231,37.40780684412742,-0.8920025699831701
11.793568522112231,38.23439652579171,-0.8920025699831701
11.793568522112231,39.060986207456004,-0.8920025699831701
11.793568522112231,39.8875758891203,-0.8920025699831701
11.793568522112231,40.71416557078459,-0.8920025699831701
11.793568522112231,41.54075525244888,-0.8920025699831701
11.793568522112231,42.36734493411317,-0.8920025699831701
11.793568522112231,43.193934615777465,-0.8920025699831701
11.793568522112231,44.02052429744175,-0.8920025699831701
11.793568522112231,44.84711397910605,-0.8920025699831701
11.793568522112231,45.673703660770336,-0.8920025699831701
11.793568522112231,46.50029334243463,-0.8920025699831701
11.793568522112231,47.32688302409892,-0.8920025699831701
11.793568522112231,48.153472705763214,-0.8920025699831701
11.793568522112231,48.98006238742751,-0.8920025699831701
11.793568522112231,49.8066520690918,-0.8920025699831701
16.524015047348037,9.303757667541504,-0.8545879854108478
16.524015047348037,10.130347349205795,-0.8545879854108478
16.524015047348037,10.956937030870087,-0.8545879854108478
16.524015047348037,11.783526712534378,-0.8545879854108478
16.524015047348037,12.61011639419867,-0.8545879854108478
16.524015047348037,13.436706075862961,-0.8545879854108478
16.524015047348037,14.263295757527255,-0.8545879854108478
16.524015047348037,15.089885439191546,-0.8545879854108478
16.524015047348037,15.916475120855837,-0.8545879854108478
16.02561407440517,16.74306480252013,-0.8545879854108478
16.02561407440517,17.56965448418442,-0.8545879854108478
16.02561407440517,18.396244165848714,-0.8545879854108478
16.02561407440517,19.222833847513005,-0.8545879854108478
16.02561407440517,20.049423529177297,-0.8545879854108478
12.08563970855922,20.876013210841588,-0.8545879854108478
12.08563970855922,21.70260289250588,-0.8545879854108478
12.08563970855922,22.52919257417017,-0.8545879854108478
12.08563970855922,23.355782255834463,-0.8545879854108478
11.635931107446837,24.182371937498754,-0.8545879854108478
11.635931107446837,25.008961619163045,-0.8545879854108478
11.635931107446837,25.835551300827337,-0.8545879854108478
11.635931107446837,26.66214098249163,-0.8545879854108478
11.635931107446837,27.48873066415592,-0.8545879854108478
11.636215661657987,28.31532034582021,-0.8545879854108478
11.636215661657987,29.141910027484506,-0.8545879854108478
11.636215661657987,29.968499709148798,-0.8545879854108478
11.636215661657987,30.79508939081309,-0.8545879854108478
11.636215661657987,31.62167907247738,-0.8545879854108478
11.636215661657987,32.44826875414167,-0.8545879854108478
11.636215661657987,33.27485843580597,-0.8545879854108478
11.636215661657987,34.101448117470255,-0.8545879854108478
11.636216745626369,34.92803779913454,-0.8545879854108478
11.793568522112231,35.75462748079884,-0.8545879854108478
11.793568522112231,36.58121716246313,-0.8545879854108478
11.793568522112231,37.40780684412742,-0.8545879854108478
11.793568522112231,38.23439652579171,-0.8545879854108478
11.793568522112231,39.060986207456004,-0.8545879854108478
11.793568522112231,39.8875758891203,-0.8545879854108478
11.793568522112231,40.71416557078459,-0.8545879854108478
11.793568522112231,41.54075525244888,-0.8545879854108478
11.793568522112231,42.36734493411317,-0.8545879854108478
11.793568522112231,43.193934615777465,-0.8545879854108478
11.793568522112231,44.02052429744175,-0.8545879854108478
11.793568522112231,44.84711397910605,-0.8545879854108478
11.793568522112231,45.673703660770336,-0.8545879854108478
11.793568522112231,46.50029334243463,-0.8545879854108478
11.793568522112231,47.32688302409892,-0.8545879854108478
11.793568522112231,48.153472705763214,-0.8545879854108478
11.793568522112231,48.98006238742751,-0.8545879854108478
11.793568522112231,49.8066520690918,-0.8545879854108478
16.524015047348037,9.303757667541504,-0.8171734008385254
16.524015047348037,10.130347349205795,-0.8171734008385254
16.524015047348037,10.956937030870087,-0.8171734008385254
16.524015047348037,11.783526712534378,-0.8171734008385254
16.524015047348037,12.61011639419867,-0.8171734008385254
16.524015047348037,13.436706075862961,-0.8171734008385254
16.524015047348037,14.263295757527255,-0.8171734008385254
16.524015047348037,15.089885439191546,-0.8171734008385254
16.524015047348037,15.916475120855837,-0.8171734008385254
16.02561407440517,16.74306480252013,-0.8171734008385254
16.02561407440517,17.56965448418442,-0.8171734008385254
16.02561407440517,18.396244165848714,-0.8171734008385254
16.02561407440517,19.222833847513005,-0.8171734008385254
16.02561407440517,20.049423529177297,-0.8171734008385254
12.08563970855922,20.876013210841588,-0.8171734008385254
12.08563970855922,21.70260289250588,-0.8171734008385254
12.08563970855922,22.52919257417017,-0.8171734008385254
12.08563970855922,23.355782255834463,-0.8171734008385254
11.635931107446837,24.182371937498754,-0.8171734008385254
11.635931107446837,25.008961619163045,-0.8171734008385254
11.635931107446837,25.835551300827337,-0.8171734008385254
11.635931107446837,26.66214098249163,-0.8171734008385254
11.635931107446837,27.48873066415592,-0.8171734008385254
11.636215661657987,28.31532034582021,-0.8171734008385254
11.636215661657987,29.141910027484506,-0.8171734008385254
11.636215661657987,29.968499709148798,-0.8171734008385254
11.636215661657987,30.79508939081309,-0.8171734008385254
11.636215661657987,31.62167907247738,-0.8171734008385254
11.636215661657987,32.44826875414167,-0.8171734008385254
11.636215661657987,33.27485843580597,-0.8171734008385254
11.636215661657987,34.101448117470255,-0.8171734008385254
11.636216745626369,34.92803779913454,-0.8171734008385254
11.793568522112231,35.75462748079884,-0.8171734008385254
11.793568522112231,36.58121716246313,-0.8171734008385254
11.793568522112231,37.40780684412742,-0.8171734008385254
11.793568522112231,38.23439652579171,-0.8171734008385254
11.793568522112231,39.060986207456004,-0.8171734008385254
11.793568522112231,39.8875758891203,-0.8171734008385254
11.793568522112231,40.71416557078459,-0.8171734008385254
11.793568522112231,41.54075525244888,-0.8171734008385254
11.793568522112231,42.36734493411317,-0.8171734008385254
11.793568522112231,43.193934615777465,-0.8171734008385254
11.793568522112231,44.02052429744175,-0.8171734008385254
11.793568522112231,44.84711397910605,-0.8171734008385254
11.793568522112231,45.673703660770336,-0.8171734008385254
11.793568522112231,46.50029334243463,-0.8171734008385254
11.793568522112231,47.32688302409892,-0.8171734008385254
11.793568522112231,48.153472705763214,-0.8171734008385254
11.793568522112231,48.98006238742751,-0.8171734008385254
11.793568522112231,49.8066520690918,-0.8171734008385254
16.524015047348037,9.303757667541504,-0.779758816266203
16.524015047348037,10.130347349205795,-0.779758816266203
16.524015047348037,10.956937030870087,-0.779758816266203
16.524015047348037,11.783526712534378,-0.779758816266203
16.524015047348037,12.61011639419867,-0.779758816266203
16.524015047348037,13.436706075862961,-0.779758816266203
16.524015047348037,14.263295757527255,-0.779758816266203
16.524015047348037,15.089885439191546,-0.779758816266203
16.524015047348037,15.916475120855837,-0.779758816266203
16.02561407440517,16.74306480252013,-0.779758816266203
16.02561407440517,17.56965448418442,-0.779758816266203
16.02561407440517,18.396244165848714,-0.779758816266203
16.02561407440517,19.222833847513005,-0.779758816266203
16.02561407440517,20.049423529177297,-0.779758816266203
12.08563970855922,20.876013210841588,-0.779758816266203
12.08563970855922,21.70260289250588,-0.779758816266203
12.08563970855922,22.52919257417017,-0.779758816266203
12.08563970855922,23.355782255834463,-0.779758816266203
11.635931107446837,24.182371937498754,-0.779758816266203
11.635931107446837,25.008961619163045,-0.779758816266203
11.635931107446837,25.835551300827337,-0.779758816266203
11.635931107446837,26.66214098249163,-0.779758816266203
11.635931107446837,27.48873066415592,-0.779758816266203
11.636215661657987,28.31532034582021,-0.779758816266203
11.636215661657987,29.141910027484506,-0.779758816266203
11.636215661657987,29.968499709148798,-0.779758816266203
11.636215661657987,30.79508939081309,-0.779758816266203
11.636215661657987,31.62167907247738,-0.779758816266203
11.636215661657987,32.44826875414167,-0.779758816266203
11.636215661657987,33.27485843580597,-0.779758816266203
11.636215661657987,34.101448117470255,-0.779758816266203
11.636216745626369,34.92803779913454,-0.779758816266203
11.793568522112231,35.75462748079884,-0.779758816266203
11.793568522112231,36.58121716246313,-0.779758816266203
11.793568522112231,37.40780684412742,-0.779758816266203
11.793568522112231,38.23439652579171,-0.779758816266203
11.793568522112231,39.060986207456004,-0.779758816266203
11.793568522112231,39.8875758891203,-0.779758816266203
11.793568522112231,40.71416557078459,-0.779758816266203
11.793568522112231,41.54075525244888,-0.779758816266203
11.793568522112231,42.36734493411317,-0.779758816266203
11.793568522112231,43.193934615777465,-0.779758816266203
11.793568522112231,44.02052429744175,-0.779758816266203
11.793568522112231,44.84711397910605,-0.779758816266203
11.793568522112231,45.673703660770336,-0.779758816266203
11.793568522112231,46.50029334243463,-0.779758816266203
11.793568522112231,47.32688302409892,-0.779758816266203
11.793568522112231,48.153472705763214,-0.779758816266203
11.793568522112231,48.98006238742751,-0.779758816266203
11.793568522112231,49.8066520690918,-0.779758816266203
16.524015047348037,9.303757667541504,-0.7423442316938806
16.524015047348037,10.130347349205795,-0.7423442316938806
16.524015047348037,10.956937030870087,-0.7423442316938806
16.524015047348037,11.783526712534378,-0.7423442316938806
16.524015047348037,12.61011639419867,-0.7423442316938806
16.524015047348037,13.436706075862961,-0.7423442316938806
16.524015047348037,14.263295757527255,-0.7423442316938806
16.524015047348037,15.089885439191546,-0.7423442316938806
16.524015047348037,15.916475120855837,-0.7423442316938806
16.02561407440517,16.74306480252013,-0.7423442316938806
16.02561407440517,17.56965448418442,-0.7423442316938806
16.02561407440517,18.396244165848714,-0.7423442316938806
16.02561407440517,19.222833847513005,-0.7423442316938806
16.02561407440517,20.049423529177297,-0.7423442316938806
12.08563970855922,20.876013210841588,-0.7423442316938806
12.08563970855922,21.70260289250588,-0.7423442316938806
12.08563970855922,22.52919257417017,-0.7423442316938806
12.08563970855922,23.355782255834463,-0.7423442316938806
11.635931107446837,24.182371937498754,-0.7423442316938806
11.635931107446837,25.008961619163045,-0.7423442316938806
11.635931107446837,25.835551300827337,-0.7423442316938806
11.635931107446837,26.66214098249163,-0.7423442316938806
11.635931107446837,27.48873066415592,-0.7423442316938806
11.636215661657987,28.31532034582021,-0.7423442316938806
11.636215661657987,29.141910027484506,-0.7423442316938806
11.636215661657987,29.968499709148798,-0.7423442316938806
11.636215661657987,30.79508939081309,-0.7423442316938806
11.636215661657987,31.62167907247738,-0.7423442316938806
11.636215661657987,32.44826875414167,-0.7423442316938806
11.636215661657987,33.27485843580597,-0.7423442316938806
11.636215661657987,34.101448117470255,-0.7423442316938806
11.636216745626369,34.92803779913454,-0.7423442316938806
11.793568522112231,35.75462748079884,-0.7423442316938806
11.793568522112231,36.58121716246313,-0.7423442316938806
11.793568522112231,37.40780684412742,-0.7423442316938806
11.793568522112231,38.23439652579171,-0.7423442316938806
11.793568522112231,39.060986207456004,-0.7423442316938806
11.793568522112231,39.8875758891203,-0.7423442316938806
11.793568522112231,40.71416557078459,-0.7423442316938806
11.793568522112231,41.54075525244888,-0.7423442316938806
11.793568522112231,42.36734493411317,-0.7423442316938806
11.793568522112231,43.193934615777465,-0.7423442316938806
11.793568522112231,44.02052429744175,-0.7423442316938806
11.793568522112231,44.84711397910605,-0.7423442316938806
11.793568522112231,45.673703660770336,-0.7423442316938806
11.793568522112231,46.50029334243463,-0.7423442316938806
11.793568522112231,47.32688302409892,-0.7423442316938806
11.793568522112231,48.153472705763214,-0.7423442316938806
11.793568522112231,48.98006238742751,-0.7423442316938806
11.793568522112231,49.8066520690918,-0.7423442316938806
16.524015047348037,9.303757667541504,-0.7049296471215583
16.524015047348037,10.130347349205795,-0.7049296471215583
16.524015047348037,10.956937030870087,-0.7049296471215583
16.524015047348037,11.783526712534378,-0.7049296471215583
16.524015047348037,12.61011639419867,-0.7049296471215583
16.524015047348037,13.436706075862961,-0.7049296471215583
16.524015047348037,14.263295757527255,-0.7049296471215583
16.524015047348037,15.089885439191546,-0.7049296471215583
16.524015047348037,15.916475120855837,-0.7049296471215583
16.02561407440517,16.74306480252013,-0.7049296471215583
16.02561407440517,17.56965448418442,-0.7049296471215583
16.02561407440517,18.396244165848714,-0.7049296471215583
16.02561407440517,19.222833847513005,-0.7049296471215583
16.02561407440517,20.049423529177297,-0.7049296471215583
12.08563970855922,20.876013210841588,-0.7049296471215583
12.08563970855922,21.70260289250588,-0.7049296471215583
12.08563970855922,22.52919257417017,-0.7049296471215583
12.08563970855922,23.355782255834463,-0.7049296471215583
11.635931107446837,24.182371937498754,-0.7049296471215583
11.635931107446837,25.008961619163045,-0.7049296471215583
11.635931107446837,25.835551300827337,-0.7049296471215583
11.635931107446837,26.66214098249163,-0.7049296471215583
11.635931107446837,27.48873066415592,-0.7049296471215583
11.636215661657987,28.31532034582021,-0.7049296471215583
11.636215661657987,29.141910027484506,-0.7049296471215583
11.636215661657987,29.968499709148798,-0.7049296471215583
11.636215661657987,30.79508939081309,-0.7049296471215583
11.636215661657987,31.62167907247738,-0.7049296471215583
11.636215661657987,32.44826875414167,-0.7049296471215583
11.636215661657987,33.27485843580597,-0.7049296471215583
11.636215661657987,34.101448117470255,-0.7049296471215583
11.636216745626369,34.92803779913454,-0.7049296471215583
11.793568522112231,35.75462748079884,-0.7049296471215583
11.793568522112231,36.58121716246313,-0.7049296471215583
11.793568522112231,37.40780684412742,-0.7049296471215583
11.793568522112231,38.23439652579171,-0.7049296471215583
11.793568522112231,39.060986207456004,-0.7049296471215583
11.793568522112231,39.8875758891203,-0.7049296471215583
11.793568522112231,40.71416557078459,-0.7049296471215583
11.793568522112231,41.54075525244888,-0.7049296471215583
11.793568522112231,42.36734493411317,-0.7049296471215583
11.793568522112231,43.193934615777465,-0.7049296471215583
11.793568522112231,44.02052429744175,-0.7049296471215583
11.793568522112231,44.84711397910605,-0.7049296471215583
11.793568522112231,45.673703660770336,-0.7049296471215583
11.793568522112231,46.50029334243463,-0.7049296471215583
11.793568522112231,47.32688302409892,-0.7049296471215583
11.793568522112231,48.153472705763214,-0.7049296471215583
11.793568522112231,48.98006238742751,-0.7049296471215583
11.793568522112231,49.8066520690918,-0.7049296471215583
16.524015047348037,9.303757667541504,-0.6675150625492359
16.524015047348037,10.130347349205795,-0.6675150625492359
16.524015047348037,10.956937030870087,-0.6675150625492359
16.524015047348037,11.783526712534378,-0.6675150625492359
16.524015047348037,12.61011639419867,-0.6675150625492359
16.524015047348037,13.436706075862961,-0.6675150625492359
16.524015047348037,14.263295757527255,-0.6675150625492359
16.524015047348037,15.089885439191546,-0.6675150625492359
16.524015047348037,15.916475120855837,-0.6675150625492359
16.02561407440517,16.74306480252013,-0.6675150625492359
16.02561407440517,17.56965448418442,-0.6675150625492359
16.02561407440517,18.396244165848714,-0.6675150625492359
16.02561407440517,19.222833847513005,-0.6675150625492359
16.02561407440517,20.049423529177297,-0.6675150625492359
12.08563970855922,20.876013210841588,-0.6675150625492359
12.08563970855922,21.70260289250588,-0.6675150625492359
12.08563970855922,22.52919257417017,-0.6675150625492359
12.08563970855922,23.355782255834463,-0.6675150625492359
11.635931107446837,24.182371937498754,-0.6675150625492359
11.635931107446837,25.008961619163045,-0.6675150625492359
11.635931107446837,25.835551300827337,-0.6675150625492359
11.635931107446837,26.66214098249163,-0.6675150625492359
11.635931107446837,27.48873066415592,-0.6675150625492359
11.636215661657987,28.31532034582021,-0.6675150625492359
11.636215661657987,29.141910027484506,-0.6675150625492359
11.636215661657987,29.968499709148798,-0.6675150625492359
11.636215661657987,30.79508939081309,-0.6675150625492359
11.636215661657987,31.62167907247738,-0.6675150625492359
11.636215661657987,32.44826875414167,-0.6675150625492359
11.636215661657987,33.27485843580597,-0.6675150625492359
11.636215661657987,34.101448117470255,-0.6675150625492359
11.636216745626369,34.92803779913454,-0.6675150625492359
11.793568522112231,35.75462748079884,-0.6675150625492359
11.793568522112231,36.58121716246313,-0.6675150625492359
11.793568522112231,37.40780684412742,-0.6675150625492359
11.793568522112231,38.23439652579171,-0.6675150625492359
11.793568522112231,39.060986207456004,-0.6675150625492359
11.793568522112231,39.8875758891203,-0.6675150625492359
11.793568522112231,40.71416557078459,-0.6675150625492359
11.793568522112231,41.54075525244888,-0.6675150625492359
11.793568522112231,42.36734493411317,-0.6675150625492359
11.793568522112231,43.193934615777465,-0.6675150625492359
11.793568522112231,44.02052429744175,-0.6675150625492359
11.793568522112231,44.84711397910605,-0.6675150625492359
11.793568522112231,45.673703660770336,-0.6675150625492359
11.793568522112231,46.50029334243463,-0.6675150625492359
11.793568522112231,47.32688302409892,-0.6675150625492359
11.793568522112231,48.153472705763214,-0.6675150625492359
11.793568522112231,48.98006238742751,-0.6675150625492359
11.793568522112231,49.8066520690918,-0.6675150625492359
16.524015047348037,9.303757667541504,-0.6301004779769135
16.524015047348037,10.130347349205795,-0.6301004779769135
16.524015047348037,10.956937030870087,-0.6301004779769135
16.524015047348037,11.783526712534378,-0.6301004779769135
16.524015047348037,12.61011639419867,-0.6301004779769135
16.524015047348037,13.436706075862961,-0.6301004779769135
16.524015047348037,14.263295757527255,-0.6301004779769135
16.524015047348037,15.089885439191546,-0.6301004779769135
16.524015047348037,15.916475120855837,-0.6301004779769135
16.02561407440517,16.74306480252013,-0.6301004779769135
16.02561407440517,17.56965448418442,-0.6301004779769135
16.02561407440517,18.396244165848714,-0.6301004779769135
16.02561407440517,19.222833847513005,-0.6301004779769135
16.02561407440517,20.049423529177297,-0.6301004779769135
12.08563970855922,20.876013210841588,-0.6301004779769135
12.08563970855922,21.70260289250588,-0.6301004779769135
12.08563970855922,22.52919257417017,-0.6301004779769135
12.08563970855922,23.355782255834463,-0.6301004779769135
11.635931107446837,24.182371937498754,-0.6301004779769135
11.635931107446837,25.008961619163045,-0.6301004779769135
11.635931107446837,25.835551300827337,-0.6301004779769135
11.635931107446837,26.66214098249163,-0.6301004779769135
11.635931107446837,27.48873066415592,-0.6301004779769135
11.636215661657987,28.31532034582021,-0.6301004779769135
11.636215661657987,29.141910027484506,-0.6301004779769135
11.636215661657987,29.968499709148798,-0.6301004779769135
11.636215661657987,30.79508939081309,-0.6301004779769135
11.636215661657987,31.62167907247738,-0.6301004779769135
11.636215661657987,32.44826875414167,-0.6301004779769135
11.636215661657987,33.27485843580597,-0.6301004779769135
11.636215661657987,34.101448117470255,-0.6301004779769135
11.636216745626369,34.92803779913454,-0.6301004779769135
11.793568522112231,35.75462748079884,-0.6301004779769135
11.793568522112231,36.58121716246313,-0.6301004779769135
11.793568522112231,37.40780684412742,-0.6301004779769135
11.793568522112231,38.23439652579171,-0.6301004779769135
11.793568522112231,39.060986207456004,-0.6301004779769135
11.793568522112231,39.8875758891203,-0.6301004779769135
11.793568522112231,40.71416557078459,-0.6301004779769135
11.793568522112231,41.54075525244888,-0.6301004779769135
11.793568522112231,42.36734493411317,-0.6301004779769135
11.793568522112231,43.193934615777465,-0.6301004779769135
11.793568522112231,44.02052429744175,-0.6301004779769135
11.793568522112231,44.84711397910605,-0.6301004779769135
11.793568522112231,45.673703660770336,-0.6301004779769135
11.793568522112231,46.50029334243463,-0.6301004779769135
11.793568522112231,47.32688302409892,-0.6301004779769135
11.793568522112231,48.153472705763214,-0.6301004779769135
11.793568522112231,48.98006238742751,-0.6301004779769135
11.793568522112231,49.8066520690918,-0.6301004779769135
16.524015047348037,9.303757667541504,-0.5926858934045911
16.524015047348037,10.130347349205795,-0.5926858934045911
16.524015047348037,10.956937030870087,-0.5926858934045911
16.524015047348037,11.783526712534378,-0.5926858934045911
16.524015047348037,12.61011639419867,-0.5926858934045911
16.524015047348037,13.436706075862961,-0.5926858934045911
16.524015047348037,14.263295757527255,-0.5926858934045911
16.524015047348037,15.089885439191546,-0.5926858934045911
16.524015047348037,15.916475120855837,-0.5926858934045911
16.02561407440517,16.74306480252013,-0.5926858934045911
16.02561407440517,17.56965448418442,-0.5926858934045911
16.02561407440517,18.396244165848714,-0.5926858934045911
16.02561407440517,19.222833847513005,-0.5926858934045911
16.02561407440517,20.049423529177297,-0.5926858934045911
12.08563970855922,20.876013210841588,-0.5926858934045911
12.08563970855922,21.70260289250588,-0.5926858934045911
12.08563970855922,22.52919257417017,-0.5926858934045911
12.08563970855922,23.355782255834463,-0.5926858934045911
11.635931107446837,24.182371937498754,-0.5926858934045911
11.635931107446837,25.008961619163045,-0.5926858934045911
11.635931107446837,25.835551300827337,-0.5926858934045911
11.635931107446837,26.66214098249163,-0.5926858934045911
11.635931107446837,27.48873066415592,-0.5926858934045911
11.636215661657987,28.31532034582021,-0.5926858934045911
11.636215661657987,29.141910027484506,-0.5926858934045911
11.636215661657987,29.968499709148798,-0.5926858934045911
11.636215661657987,30.79508939081309,-0.5926858934045911
11.636215661657987,31.62167907247738,-0.5926858934045911
11.636215661657987,32.44826875414167,-0.5926858934045911
11.636215661657987,33.27485843580597,-0.5926858934045911
11.636215661657987,34.101448117470255,-0.5926858934045911
11.636216745626369,34.92803779913454,-0.5926858934045911
11.793568522112231,35.75462748079884,-0.5926858934045911
11.793568522112231,36.58121716246313,-0.5926858934045911
11.793568522112231,37.40780684412742,-0.5926858934045911
11.793568522112231,38.23439652579171,-0.5926858934045911
11.793568522112231,39.060986207456004,-0.5926858934045911
11.793568522112231,39.8875758891203,-0.5926858934045911
11.793568522112231,40.71416557078459,-0.5926858934045911
11.793568522112231,41.54075525244888,-0.5926858934045911
11.793568522112231,42.36734493411317,-0.5926858934045911
11.793568522112231,43.193934615777465,-0.5926858934045911
11.793568522112231,44.02052429744175,-0.5926858934045911
11.793568522112231,44.84711397910605,-0.5926858934045911
11.793568522112231,45.673703660770336,-0.5926858934045911
11.793568522112231,46.50029334243463,-0.5926858934045911
11.793568522112231,47.32688302409892,-0.5926858934045911
11.793568522112231,48.153472705763214,-0.5926858934045911
11.793568522112231,48.98006238742751,-0.5926858934045911
11.793568522112231,49.8066520690918,-0.5926858934045911
16.524015047348037,9.303757667541504,-0.5552713088322687
16.524015047348037,10.130347349205795,-0.5552713088322687
16.524015047348037,10.956937030870087,-0.5552713088322687
16.524015047348037,11.783526712534378,-0.5552713088322687
16.524015047348037,12.61011639419867,-0.5552713088322687
16.524015047348037,13.436706075862961,-0.5552713088322687
16.524015047348037,14.263295757527255,-0.5552713088322687
16.524015047348037,15.089885439191546,-0.5552713088322687
16.524015047348037,15.916475120855837,-0.5552713088322687
16.02561407440517,16.74306480252013,-0.5552713088322687
16.02561407440517,17.56965448418442,-0.5552713088322687
16.02561407440517,18.396244165848714,-0.5552713088322687
16.02561407440517,19.222833847513005,-0.5552713088322687
16.02561407440517,20.049423529177297,-0.5552713088322687
12.08563970855922,20.876013210841588,-0.5552713088322687
12.08563970855922,21.70260289250588,-0.5552713088322687
12.08563970855922,22.52919257417017,-0.5552713088322687
12.08563970855922,23.355782255834463,-0.5552713088322687
11.635931107446837,24.182371937498754,-0.5552713088322687
11.635931107446837,25.008961619163045,-0.5552713088322687
11.635931107446837,25.835551300827337,-0.5552713088322687
11.635931107446837,26.66214098249163,-0.5552713088322687
11.635931107446837,27.48873066415592,-0.5552713088322687
11.636215661657987,28.31532034582021,-0.5552713088322687
11.636215661657987,29.141910027484506,-0.5552713088322687
11.636215661657987,29.968499709148798,-0.5552713088322687
11.636215661657987,30.79508939081309,-0.5552713088322687
11.636215661657987,31.62167907247738,-0.5552713088322687
11.636215661657987,32.44826875414167,-0.5552713088322687
11.636215661657987,33.27485843580597,-0.5552713088322687
11.636215661657987,34.101448117470255,-0.5552713088322687
11.636216745626369,34.92803779913454,-0.5552713088322687
11.793568522112231,35.75462748079884,-0.5552713088322687
11.793568522112231,36.58121716246313,-0.5552713088322687
11.793568522112231,37.40780684412742,-0.5552713088322687
11.793568522112231,38.23439652579171,-0.5552713088322687
11.793568522112231,39.060986207456004,-0.5552713088322687
11.793568522112231,39.8875758891203,-0.5552713088322687
11.793568522112231,40.71416557078459,-0.5552713088322687
11.793568522112231,41.54075525244888,-0.5552713088322687
11.793568522112231,42.36734493411317,-0.5552713088322687
11.793568522112231,43.193934615777465,-0.5552713088322687
11.793568522112231,44.02052429744175,-0.5552713088322687
11.793568522112231,44.84711397910605,-0.5552713088322687
11.793568522112231,45.673703660770336,-0.5552713088322687
11.793568522112231,46.50029334243463,-0.5552713088322687
11.793568522112231,47.32688302409892,-0.5552713088322687
11.793568522112231,48.153472705763214,-0.5552713088322687
11.793568522112231,48.98006238742751,-0.5552713088322687
11.793568522112231,49.8066520690918,-0.5552713088322687
16.524015047348037,9.303757667541504,-0.5178567242599463
16.524015047348037,10.130347349205795,-0.5178567242599463
16.524015047348037,10.956937030870087,-0.5178567242599463
16.524015047348037,11.783526712534378,-0.5178567242599463
16.524015047348037,12.61011639419867,-0.5178567242599463
16.524015047348037,13.436706075862961,-0.5178567242599463
16.524015047348037,14.263295757527255,-0.5178567242599463
16.524015047348037,15.089885439191546,-0.5178567242599463
16.524015047348037,15.916475120855837,-0.5178567242599463
16.02561407440517,16.74306480252013,-0.5178567242599463
16.02561407440517,17.56965448418442,-0.5178567242599463
16.02561407440517,18.396244165848714,-0.5178567242599463
16.02561407440517,19.222833847513005,-0.5178567242599463
16.02561407440517,20.049423529177297,-0.5178567242599463
12.08563970855922,20.876013210841588,-0.5178567242599463
12.08563970855922,21.70260289250588,-0.5178567242599463
12.08563970855922,22.52919257417017,-0.5178567242599463
12.08563970855922,23.355782255834463,-0.5178567242599463
11.635931107446837,24.182371937498754,-0.5178567242599463
11.635931107446837,25.008961619163045,-0.5178567242599463
11.635931107446837,25.835551300827337,-0.5178567242599463
11.635931107446837,26.66214098249163,-0.5178567242599463
11.635931107446837,27.48873066415592,-0.5178567242599463
11.636215661657987,28.31532034582021,-0.5178567242599463
11.636215661657987,29.141910027484506,-0.5178567242599463
11.636215661657987,29.968499709148798,-0.5178567242599463
11.636215661657987,30.79508939081309,-0.5178567242599463
11.636215661657987,31.62167907247738,-0.5178567242599463
11.636215661657987,32.44826875414167,-0.5178567242599463
11.636215661657987,33.27485843580597,-0.5178567242599463
11.636215661657987,34.101448117470255,-0.5178567242599463
11.636216745626369,34.92803779913454,-0.5178567242599463
11.793568522112231,35.75462748079884,-0.5178567242599463
11.793568522112231,36.58121716246313,-0.5178567242599463
11.793568522112231,37.40780684412742,-0.5178567242599463
11.793568522112231,38.23439652579171,-0.5178567242599463
11.793568522112231,39.060986207456004,-0.5178567242599463
11.793568522112231,39.8875758891203,-0.5178567242599463
11.793568522112231,40.71416557078459,-0.5178567242599463
11.793568522112231,41.54075525244888,-0.5178567242599463
11.793568522112231,42.36734493411317,-0.5178567242599463
11.793568522112231,43.193934615777465,-0.5178567242599463
11.793568522112231,44.02052429744175,-0.5178567242599463
11.793568522112231,44.84711397910605,-0.5178567242599463
11.793568522112231,45.673703660770336,-0.5178567242599463
11.793568522112231,46.50029334243463,-0.5178567242599463
11.793568522112231,47.32688302409892,-0.5178567242599463
11.793568522112231,48.153472705763214,-0.5178567242599463
11.793568522112231,48.98006238742751,-0.5178567242599463
11.793568522112231,49.8066520690918,-0.5178567242599463
16.524015047348037,9.303757667541504,-0.48044213968762395
16.524015047348037,10.130347349205795,-0.48044213968762395
16.524015047348037,10.956937030870087,-0.48044213968762395
16.524015047348037,11.783526712534378,-0.48044213968762395
16.524015047348037,12.61011639419867,-0.48044213968762395
16.524015047348037,13.436706075862961,-0.48044213968762395
16.524015047348037,14.263295757527255,-0.48044213968762395
16.524015047348037,15.089885439191546,-0.48044213968762395
16.524015047348037,15.916475120855837,-0.48044213968762395
16.02561407440517,16.74306480252013,-0.48044213968762395
16.02561407440517,17.56965448418442,-0.48044213968762395
16.02561407440517,18.396244165848714,-0.48044213968762395
16.02561407440517,19.222833847513005,-0.48044213968762395
16.02561407440517,20.049423529177297,-0.48044213968762395
12.08563970855922,20.876013210841588,-0.48044213968762395
12.08563970855922,21.70260289250588,-0.48044213968762395
12.08563970855922,22.52919257417017,-0.48044213968762395
12.08563970855922,23.355782255834463,-0.48044213968762395
11.635931107446837,24.182371937498754,-0.48044213968762395
11.635931107446837,25.008961619163045,-0.48044213968762395
11.635931107446837,25.835551300827337,-0.48044213968762395
11.635931107446837,26.66214098249163,-0.48044213968762395
11.635931107446837,27.48873066415592,-0.48044213968762395
11.636215661657987,28.31532034582021,-0.48044213968762395
11.636215661657987,29.141910027484506,-0.48044213968762395
11.636215661657987,29.968499709148798,-0.48044213968762395
11.636215661657987,30.79508939081309,-0.48044213968762395
11.636215661657987,31.62167907247738,-0.48044213968762395
11.636215661657987,32.44826875414167,-0.48044213968762395
11.636215661657987,33.27485843580597,-0.48044213968762395
11.636215661657987,34.101448117470255,-0.48044213968762395
11.636216745626369,34.92803779913454,-0.48044213968762395
11.793568522112231,35.75462748079884,-0.48044213968762395
11.793568522112231,36.58121716246313,-0.48044213968762395
11.793568522112231,37.40780684412742,-0.48044213968762395
11.793568522112231,38.23439652579171,-0.48044213968762395
11.793568522112231,39.060986207456004,-0.48044213968762395
11.793568522112231,39.8875758891203,-0.48044213968762395
11.793568522112231,40.71416557078459,-0.48044213968762395
11.793568522112231,41.54075525244888,-0.48044213968762395
11.793568522112231,42.36734493411317,-0.48044213968762395
11.793568522112231,43.193934615777465,-0.48044213968762395
11.793568522112231,44.02052429744175,-0.48044213968762395
11.793568522112231,44.84711397910605,-0.48044213968762395
11.793568522112231,45.673703660770336,-0.48044213968762395
11.793568522112231,46.50029334243463,-0.48044213968762395
11.793568522112231,47.32688302409892,-0.48044213968762395
11.793568522112231,48.153472705763214,-0.48044213968762395
11.793568522112231,48.98006238742751,-0.48044213968762395
11.793568522112231,49.8066520690918,-0.48044213968762395
16.524015047348037,9.303757667541504,-0.4430275551153018
16.524015047348037,10.130347349205795,-0.4430275551153018
16.524015047348037,10.956937030870087,-0.4430275551153018
16.524015047348037,11.783526712534378,-0.4430275551153018
16.524015047348037,12.61011639419867,-0.4430275551153018
16.524015047348037,13.436706075862961,-0.4430275551153018
16.524015047348037,14.263295757527255,-0.4430275551153018
16.524015047348037,15.089885439191546,-0.4430275551153018
16.524015047348037,15.916475120855837,-0.4430275551153018
16.02561407440517,16.74306480252013,-0.4430275551153018
16.02561407440517,17.56965448418442,-0.4430275551153018
16.02561407440517,18.396244165848714,-0.4430275551153018
16.02561407440517,19.222833847513005,-0.4430275551153018
16.02561407440517,20.049423529177297,-0.4430275551153018
12.08563970855922,20.876013210841588,-0.4430275551153018
12.08563970855922,21.70260289250588,-0.4430275551153018
12.08563970855922,22.52919257417017,-0.4430275551153018
12.08563970855922,23.355782255834463,-0.4430275551153018
11.635931107446837,24.182371937498754,-0.4430275551153018
11.635931107446837,25.008961619163045,-0.4430275551153018
11.635931107446837,25.835551300827337,-0.4430275551153018
11.635931107446837,26.66214098249163,-0.4430275551153018
11.635931107446837,27.48873066415592,-0.4430275551153018
11.636215661657987,28.31532034582021,-0.4430275551153018
11.636215661657987,29.141910027484506,-0.4430275551153018
11.636215661657987,29.968499709148798,-0.4430275551153018
11.636215661657987,30.79508939081309,-0.4430275551153018
11.636215661657987,31.62167907247738,-0.4430275551153018
11.636215661657987,32.44826875414167,-0.4430275551153018
11.636215661657987,33.27485843580597,-0.4430275551153018
11.636215661657987,34.101448117470255,-0.4430275551153018
11.636216745626369,34.92803779913454,-0.4430275551153018
11.793568522112231,35.75462748079884,-0.4430275551153018
11.793568522112231,36.58121716246313,-0.4430275551153018
11.793568522112231,37.40780684412742,-0.4430275551153018
11.793568522112231,38.23439652579171,-0.4430275551153018
11.793568522112231,39.060986207456004,-0.4430275551153018
11.793568522112231,39.8875758891203,-0.4430275551153018
11.793568522112231,40.71416557078459,-0.4430275551153018
11.793568522112231,41.54075525244888,-0.4430275551153018
11.793568522112231,42.36734493411317,-0.4430275551153018
11.793568522112231,43.193934615777465,-0.4430275551153018
11.793568522112231,44.02052429744175,-0.4430275551153018
11.793568522112231,44.84711397910605,-0.4430275551153018
11.793568522112231,45.673703660770336,-0.4430275551153018
11.793568522112231,46.50029334243463,-0.4430275551153018
11.793568522112231,47.32688302409892,-0.4430275551153018
11.793568522112231,48.153472705763214,-0.4430275551153018
11.793568522112231,48.98006238742751,-0.4430275551153018
11.793568522112231,49.8066520690918,-0.4430275551153018
16.524015047348037,9.303757667541504,-0.4056129705429794
16.524015047348037,10.130347349205795,-0.4056129705429794
16.524015047348037,10.956937030870087,-0.4056129705429794
16.524015047348037,11.783526712534378,-0.4056129705429794
16.524015047348037,12.61011639419867,-0.4056129705429794
16.524015047348037,13.436706075862961,-0.4056129705429794
16.524015047348037,14.263295757527255,-0.4056129705429794
16.524015047348037,15.089885439191546,-0.4056129705429794
16.524015047348037,15.916475120855837,-0.4056129705429794
16.02561407440517,16.74306480252013,-0.4056129705429794
16.02561407440517,17.56965448418442,-0.4056129705429794
16.02561407440517,18.396244165848714,-0.4056129705429794
16.02561407440517,19.222833847513005,-0.4056129705429794
16.02561407440517,20.049423529177297,-0.4056129705429794
12.08563970855922,20.876013210841588,-0.4056129705429794
12.08563970855922,21.70260289250588,-0.4056129705429794
12.08563970855922,22.52919257417017,-0.4056129705429794
12.08563970855922,23.355782255834463,-0.4056129705429794
11.635931107446837,24.182371937498754,-0.4056129705429794
11.635931107446837,25.008961619163045,-0.4056129705429794
11.635931107446837,25.835551300827337,-0.4056129705429794
11.635931107446837,26.66214098249163,-0.4056129705429794
11.635931107446837,27.48873066415592,-0.4056129705429794
11.636215661657987,28.31532034582021,-0.4056129705429794
11.636215661657987,29.141910027484506,-0.4056129705429794
11.636215661657987,29.968499709148798,-0.4056129705429794
11.636215661657987,30.79508939081309,-0.4056129705429794
11.636215661657987,31.62167907247738,-0.4056129705429794
11.636215661657987,32.44826875414167,-0.4056129705429794
11.636215661657987,33.27485843580597,-0.4056129705429794
11.636215661657987,34.101448117470255,-0.4056129705429794
11.636216745626369,34.92803779913454,-0.4056129705429794
11.793568522112231,35.75462748079884,-0.4056129705429794
11.793568522112231,36.58121716246313,-0.4056129705429794
11.793568522112231,37.40780684412742,-0.4056129705429794
11.793568522112231,38.23439652579171,-0.4056129705429794
11.793568522112231,39.060986207456004,-0.4056129705429794
11.793568522112231,39.8875758891203,-0.4056129705429794
11.793568522112231,40.71416557078459,-0.4056129705429794
11.793568522112231,41.54075525244888,-0.4056129705429794
11.793568522112231,42.36734493411317,-0.4056129705429794
11.793568522112231,43.193934615777465,-0.4056129705429794
11.793568522112231,44.02052429744175,-0.4056129705429794
11.793568522112231,44.84711397910605,-0.4056129705429794
11.793568522112231,45.673703660770336,-0.4056129705429794
11.793568522112231,46.50029334243463,-0.4056129705429794
11.793568522112231,47.32688302409892,-0.4056129705429794
11.793568522112231,48.153472705763214,-0.4056129705429794
11.793568522112231,48.98006238742751,-0.4056129705429794
11.793568522112231,49.8066520690918,-0.4056129705429794
16.524015047348037,9.303757667541504,-0.368198385970657
16.524015047348037,10.130347349205795,-0.368198385970657
16.524015047348037,10.956937030870087,-0.368198385970657
16.524015047348037,11.783526712534378,-0.368198385970657
16.524015047348037,12.61011639419867,-0.368198385970657
16.524015047348037,13.436706075862961,-0.368198385970657
16.524015047348037,14.263295757527255,-0.368198385970657
16.524015047348037,15.089885439191546,-0.368198385970657
16.524015047348037,15.916475120855837,-0.368198385970657
16.02561407440517,16.74306480252013,-0.368198385970657
16.02561407440517,17.56965448418442,-0.368198385970657
16.02561407440517,18.396244165848714,-0.368198385970657
16.02561407440517,19.222833847513005,-0.368198385970657
16.02561407440517,20.049423529177297,-0.368198385970657
12.08563970855922,20.876013210841588,-0.368198385970657
12.08563970855922,21.70260289250588,-0.368198385970657
12.08563970855922,22.52919257417017,-0.368198385970657
12.08563970855922,23.355782255834463,-0.368198385970657
11.635931107446837,24.182371937498754,-0.368198385970657
11.635931107446837,25.008961619163045,-0.368198385970657
11.635931107446837,25.835551300827337,-0.368198385970657
11.635931107446837,26.66214098249163,-0.368198385970657
11.635931107446837,27.48873066415592,-0.368198385970657
11.636215661657987,28.31532034582021,-0.368198385970657
11.636215661657987,29.141910027484506,-0.368198385970657
11.636215661657987,29.968499709148798,-0.368198385970657
11.636215661657987,30.79508939081309,-0.368198385970657
11.636215661657987,31.62167907247738,-0.368198385970657
11.636215661657987,32.44826875414167,-0.368198385970657
11.636215661657987,33.27485843580597,-0.368198385970657
11.636215661657987,34.101448117470255,-0.368198385970657
11.636216745626369,34.92803779913454,-0.368198385970657
11.793568522112231,35.75462748079884,-0.368198385970657
11.793568522112231,36.58121716246313,-0.368198385970657
11.793568522112231,37.40780684412742,-0.368198385970657
11.793568522112231,38.23439652579171,-0.368198385970657
11.793568522112231,39.060986207456004,-0.368198385970657
11.793568522112231,39.8875758891203,-0.368198385970657
11.793568522112231,40.71416557078459,-0.368198385970657
11.793568522112231,41.54075525244888,-0.368198385970657
11.793568522112231,42.36734493411317,-0.368198385970657
11.793568522112231,43.193934615777465,-0.368198385970657
11.793568522112231,44.02052429744175,-0.368198385970657
11.793568522112231,44.84711397910605,-0.368198385970657
11.793568522112231,45.673703660770336,-0.368198385970657
11.793568522112231,46.50029334243463,-0.368198385970657
11.793568522112231,47.32688302409892,-0.368198385970657
11.793568522112231,48.153472705763214,-0.368198385970657
11.793568522112231,48.98006238742751,-0.368198385970657
11.793568522112231,49.8066520690918,-0.368198385970657
16.524015047348037,9.303757667541504,-0.33078380139833463
16.524015047348037,10.130347349205795,-0.33078380139833463
16.524015047348037,10.956937030870087,-0.33078380139833463
16.524015047348037,11.783526712534378,-0.33078380139833463
16.524015047348037,12.61011639419867,-0.33078380139833463
16.524015047348037,13.436706075862961,-0.33078380139833463
16.524015047348037,14.263295757527255,-0.33078380139833463
16.524015047348037,15.089885439191546,-0.33078380139833463
16.524015047348037,15.916475120855837,-0.33078380139833463
16.02561407440517,16.74306480252013,-0.33078380139833463
16.02561407440517,17.56965448418442,-0.33078380139833463
16.02561407440517,18.396244165848714,-0.33078380139833463
16.02561407440517,19.222833847513005,-0.33078380139833463
16.02561407440517,20.049423529177297,-0.33078380139833463
12.08563970855922,20.876013210841588,-0.33078380139833463
12.08563970855922,21.70260289250588,-0.33078380139833463
12.08563970855922,22.52919257417017,-0.33078380139833463
12.08563970855922,23.355782255834463,-0.33078380139833463
11.635931107446837,24.182371937498754,-0.33078380139833463
11.635931107446837,25.008961619163045,-0.33078380139833463
11.635931107446837,25.835551300827337,-0.33078380139833463
11.635931107446837,26.66214098249163,-0.33078380139833463
11.635931107446837,27.48873066415592,-0.33078380139833463
11.636215661657987,28.31532034582021,-0.33078380139833463
11.636215661657987,29.141910027484506,-0.33078380139833463
11.636215661657987,29.968499709148798,-0.33078380139833463
11.636215661657987,30.79508939081309,-0.33078380139833463
11.636215661657987,31.62167907247738,-0.33078380139833463
11.636215661657987,32.44826875414167,-0.33078380139833463
11.636215661657987,33.27485843580597,-0.33078380139833463
11.636215661657987,34.101448117470255,-0.33078380139833463
11.636216745626369,34.92803779913454,-0.33078380139833463
11.793568522112231,35.75462748079884,-0.33078380139833463
11.793568522112231,36.58121716246313,-0.33078380139833463
11.793568522112231,37.40780684412742,-0.33078380139833463
11.793568522112231,38.23439652579171,-0.33078380139833463
11.793568522112231,39.060986207456004,-0.33078380139833463
11.793568522112231,39.8875758891203,-0.33078380139833463
11.793568522112231,40.71416557078459,-0.33078380139833463
11.793568522112231,41.54075525244888,-0.33078380139833463
11.793568522112231,42.36734493411317,-0.33078380139833463
11.793568522112231,43.193934615777465,-0.33078380139833463
11.793568522112231,44.02052429744175,-0.33078380139833463
11.793568522112231,44.84711397910605,-0.33078380139833463
11.793568522112231,45.673703660770336,-0.33078380139833463
11.793568522112231,46.50029334243463,-0.33078380139833463
11.793568522112231,47.32688302409892,-0.33078380139833463
11.793568522112231,48.153472705763214,-0.33078380139833463
11.793568522112231,48.98006238742751,-0.33078380139833463
11.793568522112231,49.8066520690918,-0.33078380139833463
20.012703862211765,9.303757667541504,-0.29336921682601225
20.012703862211765,10.130347349205795,-0.29336921682601225
20.012703862211765,10.956937030870087,-0.29336921682601225
20.012703862211765,11.783526712534378,-0.29336921682601225
20.012703862211765,12.61011639419867,-0.29336921682601225
20.012703862211765,13.436706075862961,-0.29336921682601225
20.012703862211765,14.263295757527255,-0.29336921682601225
20.012703862211765,15.089885439191546,-0.29336921682601225
20.012703862211765,15.916475120855837,-0.29336921682601225
19.409044554731718,16.74306480252013,-0.29336921682601225
19.409044554731718,17.56965448418442,-0.29336921682601225
19.409044554731718,18.396244165848714,-0.29336921682601225
19.409044554731718,19.222833847513005,-0.29336921682601225
19.409044554731718,20.049423529177297,-0.29336921682601225
12.08563970855922,20.876013210841588,-0.29336921682601225
12.08563970855922,21.70260289250588,-0.29336921682601225
12.08563970855922,22.52919257417017,-0.29336921682601225
12.08563970855922,23.355782255834463,-0.29336921682601225
11.635931107446837,24.182371937498754,-0.29336921682601225
11.635931107446837,25.008961619163045,-0.29336921682601225
11.635931107446837,25.835551300827337,-0.29336921682601225
11.635931107446837,26.66214098249163,-0.29336921682601225
11.635931107446837,27.48873066415592,-0.29336921682601225
11.636215661657987,28.31532034582021,-0.29336921682601225
11.636215661657987,29.141910027484506,-0.29336921682601225
11.636215661657987,29.968499709148798,-0.29336921682601225
11.636215661657987,30.79508939081309,-0.29336921682601225
11.636215661657987,31.62167907247738,-0.29336921682601225
11.636215661657987,32.44826875414167,-0.29336921682601225
11.636215661657987,33.27485843580597,-0.29336921682601225
11.636215661657987,34.101448117470255,-0.29336921682601225
11.636216745626369,34.92803779913454,-0.29336921682601225
11.793568522112231,35.75462748079884,-0.29336921682601225
11.793568522112231,36.58121716246313,-0.29336921682601225
11.793568522112231,37.40780684412742,-0.29336921682601225
11.793568522112231,38.23439652579171,-0.29336921682601225
11.793568522112231,39.060986207456004,-0.29336921682601225
11.793568522112231,39.8875758891203,-0.29336921682601225
11.793568522112231,40.71416557078459,-0.29336921682601225
11.793568522112231,41.54075525244888,-0.29336921682601225
11.793568522112231,42.36734493411317,-0.29336921682601225
11.793568522112231,43.193934615777465,-0.29336921682601225
11.793568522112231,44.02052429744175,-0.29336921682601225
11.793568522112231,44.84711397910605,-0.29336921682601225
11.793568522112231,45.673703660770336,-0.29336921682601225
11.793568522112231,46.50029334243463,-0.29336921682601225
11.793568522112231,47.32688302409892,-0.29336921682601225
11.793568522112231,48.153472705763214,-0.29336921682601225
11.793568522112231,48.98006238742751,-0.29336921682601225
11.793568522112231,49.8066520690918,-0.29336921682601225
20.012703862211765,9.303757667541504,-0.25595463225368986
20.012703862211765,10.130347349205795,-0.25595463225368986
20.012703862211765,10.956937030870087,-0.25595463225368986
20.012703862211765,11.783526712534378,-0.25595463225368986
20.012703862211765,12.61011639419867,-0.25595463225368986
20.012703862211765,13.436706075862961,-0.25595463225368986
20.012703862211765,14.263295757527255,-0.25595463225368986
20.012703862211765,15.089885439191546,-0.25595463225368986
20.012703862211765,15.916475120855837,-0.25595463225368986
19.409044554731718,16.74306480252013,-0.25595463225368986
19.409044554731718,17.56965448418442,-0.25595463225368986
19.409044554731718,18.396244165848714,-0.25595463225368986
19.409044554731718,19.222833847513005,-0.25595463225368986
19.409044554731718,20.049423529177297,-0.25595463225368986
12.08563970855922,20.876013210841588,-0.25595463225368986
12.08563970855922,21.70260289250588,-0.25595463225368986
12.08563970855922,22.52919257417017,-0.25595463225368986
12.08563970855922,23.355782255834463,-0.25595463225368986
11.635931107446837,24.182371937498754,-0.25595463225368986
11.635931107446837,25.008961619163045,-0.25595463225368986
11.635931107446837,25.835551300827337,-0.25595463225368986
11.635931107446837,26.66214098249163,-0.25595463225368986
11.635931107446837,27.48873066415592,-0.25595463225368986
11.636215661657987,28.31532034582021,-0.25595463225368986
11.636215661657987,29.141910027484506,-0.25595463225368986
11.636215661657987,29.968499709148798,-0.25595463225368986
11.636215661657987,30.79508939081309,-0.25595463225368986
11.636215661657987,31.62167907247738,-0.25595463225368986
11.636215661657987,32.44826875414167,-0.25595463225368986
11.636215661657987,33.27485843580597,-0.25595463225368986
11.636215661657987,34.101448117470255,-0.25595463225368986
11.636216745626369,34.92803779913454,-0.25595463225368986
11.793568522112231,35.75462748079884,-0.25595463225368986
11.793568522112231,36.58121716246313,-0.25595463225368986
11.793568522112231,37.40780684412742,-0.25595463225368986
11.793568522112231,38.23439652579171,-0.25595463225368986
11.793568522112231,39.060986207456004,-0.25595463225368986
11.793568522112231,39.8875758891203,-0.25595463225368986
11.793568522112231,40.71416557078459,-0.25595463225368986
11.793568522112231,41.54075525244888,-0.25595463225368986
11.793568522112231,42.36734493411317,-0.25595463225368986
11.793568522112231,43.193934615777465,-0.25595463225368986
11.793568522112231,44.02052429744175,-0.25595463225368986
11.793568522112231,44.84711397910605,-0.25595463225368986
11.793568522112231,45.673703660770336,-0.25595463225368986
11.793568522112231,46.50029334243463,-0.25595463225368986
11.793568522112231,47.32688302409892,-0.25595463225368986
11.793568522112231,48.153472705763214,-0.25595463225368986
11.793568522112231,48.98006238742751,-0.25595463225368986
11.793568522112231,49.8066520690918,-0.25595463225368986
20.012703862211765,9.303757667541504,-0.21854004768136748
20.012703862211765,10.130347349205795,-0.21854004768136748
20.012703862211765,10.956937030870087,-0.21854004768136748
20.012703862211765,11.783526712534378,-0.21854004768136748
20.012703862211765,12.61011639419867,-0.21854004768136748
20.012703862211765,13.436706075862961,-0.21854004768136748
20.012703862211765,14.263295757527255,-0.21854004768136748
20.012703862211765,15.089885439191546,-0.21854004768136748
20.012703862211765,15.916475120855837,-0.21854004768136748
19.409044554731718,16.74306480252013,-0.21854004768136748
19.409044554731718,17.56965448418442,-0.21854004768136748
19.409044554731718,18.396244165848714,-0.21854004768136748
19.409044554731718,19.222833847513005,-0.21854004768136748
19.409044554731718,20.049423529177297,-0.21854004768136748
12.08563970855922,20.876013210841588,-0.21854004768136748
12.08563970855922,21.70260289250588,-0.21854004768136748
12.08563970855922,22.52919257417017,-0.21854004768136748
12.08563970855922,23.355782255834463,-0.21854004768136748
11.635931107446837,24.182371937498754,-0.21854004768136748
11.635931107446837,25.008961619163045,-0.21854004768136748
11.635931107446837,25.835551300827337,-0.21854004768136748
11.635931107446837,26.66214098249163,-0.21854004768136748
11.635931107446837,27.48873066415592,-0.21854004768136748
11.636215661657987,28.31532034582021,-0.21854004768136748
11.636215661657987,29.141910027484506,-0.21854004768136748
11.636215661657987,29.968499709148798,-0.21854004768136748
11.636215661657987,30.79508939081309,-0.21854004768136748
11.636215661657987,31.62167907247738,-0.21854004768136748
11.636215661657987,32.44826875414167,-0.21854004768136748
11.636215661657987,33.27485843580597,-0.21854004768136748
11.636215661657987,34.101448117470255,-0.21854004768136748
11.636216745626369,34.92803779913454,-0.21854004768136748
11.793568522112231,35.75462748079884,-0.21854004768136748
11.793568522112231,36.58121716246313,-0.21854004768136748
11.793568522112231,37.40780684412742,-0.21854004768136748
11.793568522112231,38.23439652579171,-0.21854004768136748
11.793568522112231,39.060986207456004,-0.21854004768136748
11.793568522112231,39.8875758891203,-0.21854004768136748
11.793568522112231,40.71416557078459,-0.21854004768136748
11.793568522112231,41.54075525244888,-0.21854004768136748
11.793568522112231,42.36734493411317,-0.21854004768136748
11.793568522112231,43.193934615777465,-0.21854004768136748
11.793568522112231,44.02052429744175,-0.21854004768136748
11.793568522112231,44.84711397910605,-0.21854004768136748
11.793568522112231,45.673703660770336,-0.21854004768136748
11.793568522112231,46.50029334243463,-0.21854004768136748
11.793568522112231,47.32688302409892,-0.21854004768136748
11.793568522112231,48.153472705763214,-0.21854004768136748
11.793568522112231,48.98006238742751,-0.21854004768136748
11.793568522112231,49.8066520690918,-0.21854004768136748
20.012703862211765,9.303757667541504,-0.1811254631090451
20.012703862211765,10.130347349205795,-0.1811254631090451
20.012703862211765,10.956937030870087,-0.1811254631090451
20.012703862211765,11.783526712534378,-0.1811254631090451
20.012703862211765,12.61011639419867,-0.1811254631090451
20.012703862211765,13.436706075862961,-0.1811254631090451
20.012703862211765,14.263295757527255,-0.1811254631090451
20.012703862211765,15.089885439191546,-0.1811254631090451
20.012703862211765,15.916475120855837,-0.1811254631090451
19.409044554731718,16.74306480252013,-0.1811254631090451
19.409044554731718,17.56965448418442,-0.1811254631090451
19.409044554731718,18.396244165848714,-0.1811254631090451
19.409044554731718,19.222833847513005,-0.1811254631090451
19.409044554731718,20.049423529177297,-0.1811254631090451
12.08563970855922,20.876013210841588,-0.1811254631090451
12.08563970855922,21.70260289250588,-0.1811254631090451
12.08563970855922,22.52919257417017,-0.1811254631090451
12.08563970855922,23.355782255834463,-0.1811254631090451
11.635931107446837,24.182371937498754,-0.1811254631090451
11.635931107446837,25.008961619163045,-0.1811254631090451
11.635931107446837,25.835551300827337,-0.1811254631090451
11.635931107446837,26.66214098249163,-0.1811254631090451
11.635931107446837,27.48873066415592,-0.1811254631090451
11.636215661657987,28.31532034582021,-0.1811254631090451
11.636215661657987,29.141910027484506,-0.1811254631090451
11.636215661657987,29.968499709148798,-0.1811254631090451
11.636215661657987,30.79508939081309,-0.1811254631090451
11.636215661657987,31.62167907247738,-0.1811254631090451
11.636215661657987,32.44826875414167,-0.1811254631090451
11.636215661657987,33.27485843580597,-0.1811254631090451
11.636215661657987,34.101448117470255,-0.1811254631090451
11.636216745626369,34.92803779913454,-0.1811254631090451
11.793568522112231,35.75462748079884,-0.1811254631090451
11.793568522112231,36.58121716246313,-0.1811254631090451
11.793568522112231,37.40780684412742,-0.1811254631090451
11.793568522112231,38.23439652579171,-0.1811254631090451
11.793568522112231,39.060986207456004,-0.1811254631090451
11.793568522112231,39.8875758891203,-0.1811254631090451
11.793568522112231,40.71416557078459,-0.1811254631090451
11.793568522112231,41.54075525244888,-0.1811254631090451
11.793568522112231,42.36734493411317,-0.1811254631090451
11.793568522112231,43.193934615777465,-0.1811254631090451
11.793568522112231,44.02052429744175,-0.1811254631090451
11.793568522112231,44.84711397910605,-0.1811254631090451
11.793568522112231,45.673703660770336,-0.1811254631090451
11.793568522112231,46.50029334243463,-0.1811254631090451
11.793568522112231,47.32688302409892,-0.1811254631090451
11.793568522112231,48.153472705763214,-0.1811254631090451
11.793568522112231,48.98006238742751,-0.1811254631090451
11.793568522112231,49.8066520690918,-0.1811254631090451
20.012703862211765,9.303757667541504,-0.1437108785367227
20.012703862211765,10.130347349205795,-0.1437108785367227
20.012703862211765,10.956937030870087,-0.1437108785367227
20.012703862211765,11.783526712534378,-0.1437108785367227
20.012703862211765,12.61011639419867,-0.1437108785367227
20.012703862211765,13.436706075862961,-0.1437108785367227
20.012703862211765,14.263295757527255,-0.1437108785367227
20.012703862211765,15.089885439191546,-0.1437108785367227
20.012703862211765,15.916475120855837,-0.1437108785367227
19.409044554731718,16.74306480252013,-0.1437108785367227
19.409044554731718,17.56965448418442,-0.1437108785367227
19.409044554731718,18.396244165848714,-0.1437108785367227
19.409044554731718,19.222833847513005,-0.1437108785367227
19.409044554731718,20.049423529177297,-0.1437108785367227
12.08563970855922,20.876013210841588,-0.1437108785367227
12.08563970855922,21.70260289250588,-0.1437108785367227
12.08563970855922,22.52919257417017,-0.1437108785367227
12.08563970855922,23.355782255834463,-0.1437108785367227
11.635931107446837,24.182371937498754,-0.1437108785367227
11.635931107446837,25.008961619163045,-0.1437108785367227
11.635931107446837,25.835551300827337,-0.1437108785367227
11.635931107446837,26.66214098249163,-0.1437108785367227
11.635931107446837,27.48873066415592,-0.1437108785367227
11.636215661657987,28.31532034582021,-0.1437108785367227
11.636215661657987,29.141910027484506,-0.1437108785367227
11.636215661657987,29.968499709148798,-0.1437108785367227
11.636215661657987,30.79508939081309,-0.1437108785367227
11.636215661657987,31.62167907247738,-0.1437108785367227
11.636215661657987,32.44826875414167,-0.1437108785367227
11.636215661657987,33.27485843580597,-0.1437108785367227
11.636215661657987,34.101448117470255,-0.1437108785367227
11.636216745626369,34.92803779913454,-0.1437108785367227
11.793568522112231,35.75462748079884,-0.1437108785367227
11.793568522112231,36.58121716246313,-0.1437108785367227
11.793568522112231,37.40780684412742,-0.1437108785367227
11.793568522112231,38.23439652579171,-0.1437108785367227
11.793568522112231,39.060986207456004,-0.1437108785367227
11.793568522112231,39.8875758891203,-0.1437108785367227
11.793568522112231,40.71416557078459,-0.1437108785367227
11.793568522112231,41.54075525244888,-0.1437108785367227
11.793568522112231,42.36734493411317,-0.1437108785367227
11.793568522112231,43.193934615777465,-0.1437108785367227
11.793568522112231,44.02052429744175,-0.1437108785367227
11.793568522112231,44.84711397910605,-0.1437108785367227
11.793568522112231,45.673703660770336,-0.1437108785367227
11.793568522112231,46.50029334243463,-0.1437108785367227
11.793568522112231,47.32688302409892,-0.1437108785367227
11.793568522112231,48.153472705763214,-0.1437108785367227
11.793568522112231,48.98006238742751,-0.1437108785367227
11.793568522112231,49.8066520690918,-0.1437108785367227
20.012703862211765,9.303757667541504,-0.10629629396440032
20.012703862211765,10.130347349205795,-0.10629629396440032
20.012703862211765,10.956937030870087,-0.10629629396440032
20.012703862211765,11.783526712534378,-0.10629629396440032
20.012703862211765,12.61011639419867,-0.10629629396440032
20.012703862211765,13.436706075862961,-0.10629629396440032
20.012703862211765,14.263295757527255,-0.10629629396440032
20.012703862211765,15.089885439191546,-0.10629629396440032
20.012703862211765,15.916475120855837,-0.10629629396440032
19.409044554731718,16.74306480252013,-0.10629629396440032
19.409044554731718,17.56965448418442,-0.10629629396440032
19.409044554731718,18.396244165848714,-0.10629629396440032
19.409044554731718,19.222833847513005,-0.10629629396440032
19.409044554731718,20.049423529177297,-0.10629629396440032
12.08563970855922,20.876013210841588,-0.10629629396440032
12.08563970855922,21.70260289250588,-0.10629629396440032
12.08563970855922,22.52919257417017,-0.10629629396440032
12.08563970855922,23.355782255834463,-0.10629629396440032
11.635931107446837,24.182371937498754,-0.10629629396440032
11.635931107446837,25.008961619163045,-0.10629629396440032
11.635931107446837,25.835551300827337,-0.10629629396440032
11.635931107446837,26.66214098249163,-0.10629629396440032
11.635931107446837,27.48873066415592,-0.10629629396440032
11.636215661657987,28.31532034582021,-0.10629629396440032
11.636215661657987,29.141910027484506,-0.10629629396440032
11.636215661657987,29.968499709148798,-0.10629629396440032
11.636215661657987,30.79508939081309,-0.10629629396440032
11.636215661657987,31.62167907247738,-0.10629629396440032
11.636215661657987,32.44826875414167,-0.10629629396440032
11.636215661657987,33.27485843580597,-0.10629629396440032
11.636215661657987,34.101448117470255,-0.10629629396440032
11.636216745626369,34.92803779913454,-0.10629629396440032
11.793568522112231,35.75462748079884,-0.10629629396440032
11.793568522112231,36.58121716246313,-0.10629629396440032
11.793568522112231,37.40780684412742,-0.10629629396440032
11.793568522112231,38.23439652579171,-0.10629629396440032
11.793568522112231,39.060986207456004,-0.10629629396440032
11.793568522112231,39.8875758891203,-0.10629629396440032
11.793568522112231,40.71416557078459,-0.10629629396440032
11.793568522112231,41.54075525244888,-0.10629629396440032
11.793568522112231,42.36734493411317,-0.10629629396440032
11.793568522112231,43.193934615777465,-0.10629629396440032
11.793568522112231,44.02052429744175,-0.10629629396440032
11.793568522112231,44.84711397910605,-0.10629629396440032
11.793568522112231,45.673703660770336,-0.10629629396440032
11.793568522112231,46.50029334243463,-0.10629629396440032
11.793568522112231,47.32688302409892,-0.10629629396440032
11.793568522112231,48.153472705763214,-0.10629629396440032
11.793568522112231,48.98006238742751,-0.10629629396440032
11.793568522112231,49.8066520690918,-0.10629629396440032
20.012703862211765,9.303757667541504,-0.06888170939207794
20.012703862211765,10.130347349205795,-0.06888170939207794
20.012703862211765,10.956937030870087,-0.06888170939207794
20.012703862211765,11.783526712534378,-0.06888170939207794
20.012703862211765,12.61011639419867,-0.06888170939207794
20.012703862211765,13.436706075862961,-0.06888170939207794
20.012703862211765,14.263295757527255,-0.06888170939207794
20.012703862211765,15.089885439191546,-0.06888170939207794
20.012703862211765,15.916475120855837,-0.06888170939207794
19.409044554731718,16.74306480252013,-0.06888170939207794
19.409044554731718,17.56965448418442,-0.06888170939207794
19.409044554731718,18.396244165848714,-0.06888170939207794
19.409044554731718,19.222833847513005,-0.06888170939207794
19.409044554731718,20.049423529177297,-0.06888170939207794
12.08563970855922,20.876013210841588,-0.06888170939207794
12.08563970855922,21.70260289250588,-0.06888170939207794
12.08563970855922,22.52919257417017,-0.06888170939207794
12.08563970855922,23.355782255834463,-0.06888170939207794
11.635931107446837,24.182371937498754,-0.06888170939207794
11.635931107446837,25.008961619163045,-0.06888170939207794
11.635931107446837,25.835551300827337,-0.06888170939207794
11.635931107446837,26.66214098249163,-0.06888170939207794
11.635931107446837,27.48873066415592,-0.06888170939207794
11.636215661657987,28.31532034582021,-0.06888170939207794
11.636215661657987,29.141910027484506,-0.06888170939207794
11.636215661657987,29.968499709148798,-0.06888170939207794
11.636215661657987,30.79508939081309,-0.06888170939207794
11.636215661657987,31.62167907247738,-0.06888170939207794
11.636215661657987,32.44826875414167,-0.06888170939207794
11.636215661657987,33.27485843580597,-0.06888170939207794
11.636215661657987,34.101448117470255,-0.06888170939207794
11.636216745626369,34.92803779913454,-0.06888170939207794
11.793568522112231,35.75462748079884,-0.06888170939207794
11.793568522112231,36.58121716246313,-0.06888170939207794
11.793568522112231,37.40780684412742,-0.06888170939207794
11.793568522112231,38.23439652579171,-0.06888170939207794
11.793568522112231,39.060986207456004,-0.06888170939207794
11.793568522112231,39.8875758891203,-0.06888170939207794
11.793568522112231,40.71416557078459,-0.06888170939207794
11.793568522112231,41.54075525244888,-0.06888170939207794
11.793568522112231,42.36734493411317,-0.06888170939207794
11.793568522112231,43.193934615777465,-0.06888170939207794
11.793568522112231,44.02052429744175,-0.06888170939207794
11.793568522112231,44.84711397910605,-0.06888170939207794
11.793568522112231,45.673703660770336,-0.06888170939207794
11.793568522112231,46.50029334243463,-0.06888170939207794
11.793568522112231,47.32688302409892,-0.06888170939207794
11.793568522112231,48.153472705763214,-0.06888170939207794
11.793568522112231,48.98006238742751,-0.06888170939207794
11.793568522112231,49.8066520690918,-0.06888170939207794
20.012703862211765,9.303757667541504,-0.0314671248197555
20.012703862211765,10.130347349205795,-0.0314671248197555
20.012703862211765,10.956937030870087,-0.0314671248197555
20.012703862211765,11.783526712534378,-0.0314671248197555
20.012703862211765,12.61011639419867,-0.0314671248197555
20.012703862211765,13.436706075862961,-0.0314671248197555
20.012703862211765,14.263295757527255,-0.0314671248197555
20.012703862211765,15.089885439191546,-0.0314671248197555
20.012703862211765,15.916475120855837,-0.0314671248197555
19.409044554731718,16.74306480252013,-0.0314671248197555
19.409044554731718,17.56965448418442,-0.0314671248197555
19.409044554731718,18.396244165848714,-0.0314671248197555
19.409044554731718,19.222833847513005,-0.0314671248197555
19.409044554731718,20.049423529177297,-0.0314671248197555
12.08563970855922,20.876013210841588,-0.0314671248197555
12.08563970855922,21.70260289250588,-0.0314671248197555
12.08563970855922,22.52919257417017,-0.0314671248197555
12.08563970855922,23.355782255834463,-0.0314671248197555
11.635931107446837,24.182371937498754,-0.0314671248197555
11.635931107446837,25.008961619163045,-0.0314671248197555
11.635931107446837,25.835551300827337,-0.0314671248197555
11.635931107446837,26.66214098249163,-0.0314671248197555
11.635931107446837,27.48873066415592,-0.0314671248197555
11.636215661657987,28.31532034582021,-0.0314671248197555
11.636215661657987,29.141910027484506,-0.0314671248197555
11.636215661657987,29.968499709148798,-0.0314671248197555
11.636215661657987,30.79508939081309,-0.0314671248197555
11.636215661657987,31.62167907247738,-0.0314671248197555
11.636215661657987,32.44826875414167,-0.0314671248197555
11.636215661657987,33.27485843580597,-0.0314671248197555
11.636215661657987,34.101448117470255,-0.0314671248197555
11.636216745626369,34.92803779913454,-0.0314671248197555
11.793568522112231,35.75462748079884,-0.0314671248197555
11.793568522112231,36.58121716246313,-0.0314671248197555
11.793568522112231,37.40780684412742,-0.0314671248197555
11.793568522112231,38.23439652579171,-0.0314671248197555
11.793568522112231,39.060986207456004,-0.0314671248197555
11.793568522112231,39.8875758891203,-0.0314671248197555
11.793568522112231,40.71416557078459,-0.0314671248197555
11.793568522112231,41.54075525244888,-0.0314671248197555
11.793568522112231,42.36734493411317,-0.0314671248197555
11.793568522112231,43.193934615777465,-0.0314671248197555
11.793568522112231,44.02052429744175,-0.0314671248197555
11.793568522112231,44.84711397910605,-0.0314671248197555
11.793568522112231,45.673703660770336,-0.0314671248197555
11.793568522112231,46.50029334243463,-0.0314671248197555
11.793568522112231,47.32688302409892,-0.0314671248197555
11.793568522112231,48.153472705763214,-0.0314671248197555
11.793568522112231,48.98006238742751,-0.0314671248197555
11.793568522112231,49.8066520690918,-0.0314671248197555
