Q,max_IWV_ais,max_ocean_SLP_gradient
13.351225927347334,3.6118316650390634,1.9763417045365497
13.351225927347334,4.009729307525013,1.9763417045365497
12.128317114388535,4.407626950010962,1.9763417045365497
12.128317114388535,4.805524592496912,1.9763417045365497
12.128317114388535,5.203422234982861,1.9763417045365497
12.128317114388535,5.601319877468811,1.9763417045365497
12.128317114388535,5.99921751995476,1.9763417045365497
12.128317114388535,6.397115162440709,1.9763417045365497
12.128317114388535,6.7950128049266585,1.9763417045365497
12.128317114388535,7.192910447412608,1.9763417045365497
12.128317114388535,7.590808089898557,1.9763417045365497
12.128317114388535,7.988705732384506,1.9763417045365497
12.20059173615625,8.386603374870457,1.9763417045365497
12.20059173615625,8.784501017356405,1.9763417045365497
12.20059173615625,9.182398659842356,1.9763417045365497
12.20059173615625,9.580296302328303,1.9763417045365497
12.197834770207576,9.978193944814254,1.9763417045365497
12.197834770207576,10.376091587300202,1.9763417045365497
12.197834770207576,10.773989229786153,1.9763417045365497
12.197639468315534,11.1718868722721,1.9763417045365497
12.197639468315534,11.569784514758052,1.9763417045365497
12.197639468315534,11.967682157243999,1.9763417045365497
12.197639468315534,12.36557979972995,1.9763417045365497
12.197639468315534,12.763477442215898,1.9763417045365497
12.197639468315534,13.161375084701849,1.9763417045365497
12.197639468315534,13.5592727271878,1.9763417045365497
12.197639468315534,13.957170369673747,1.9763417045365497
12.197639468315534,14.355068012159698,1.9763417045365497
12.197639468315534,14.752965654645646,1.9763417045365497
12.197639468315534,15.150863297131597,1.9763417045365497
12.197639468315534,15.548760939617544,1.9763417045365497
12.197639468315534,15.946658582103495,1.9763417045365497
12.197639468315534,16.344556224589443,1.9763417045365497
12.197639468315534,16.742453867075394,1.9763417045365497
12.197639468315534,17.14035150956134,1.9763417045365497
12.197639468315534,17.538249152047293,1.9763417045365497
12.197639468315534,17.93614679453324,1.9763417045365497
12.197639468315534,18.33404443701919,1.9763417045365497
12.197639468315534,18.73194207950514,1.9763417045365497
12.197639468315534,19.12983972199109,1.9763417045365497
12.197639468315534,19.527737364477037,1.9763417045365497
12.197639468315534,19.925635006962988,1.9763417045365497
12.197639468315534,20.323532649448936,1.9763417045365497
12.197639468315534,20.721430291934887,1.9763417045365497
12.197639468315534,21.119327934420834,1.9763417045365497
12.197639468315534,21.517225576906785,1.9763417045365497
12.197639468315534,21.915123219392733,1.9763417045365497
12.197639468315534,22.313020861878684,1.9763417045365497
12.197639468315534,22.710918504364635,1.9763417045365497
12.197639468315534,23.108816146850582,1.9763417045365497
13.351225927347334,3.6118316650390634,2.2013399121739883
13.351225927347334,4.009729307525013,2.2013399121739883
12.128317114388535,4.407626950010962,2.2013399121739883
12.128317114388535,4.805524592496912,2.2013399121739883
12.128317114388535,5.203422234982861,2.2013399121739883
12.128317114388535,5.601319877468811,2.2013399121739883
12.128317114388535,5.99921751995476,2.2013399121739883
12.128317114388535,6.397115162440709,2.2013399121739883
12.128317114388535,6.7950128049266585,2.2013399121739883
12.128317114388535,7.192910447412608,2.2013399121739883
12.128317114388535,7.590808089898557,2.2013399121739883
12.128317114388535,7.988705732384506,2.2013399121739883
12.20059173615625,8.386603374870457,2.2013399121739883
12.20059173615625,8.784501017356405,2.2013399121739883
12.20059173615625,9.182398659842356,2.2013399121739883
12.20059173615625,9.580296302328303,2.2013399121739883
12.197834770207576,9.978193944814254,2.2013399121739883
12.197834770207576,10.376091587300202,2.2013399121739883
12.197834770207576,10.773989229786153,2.2013399121739883
12.197639468315534,11.1718868722721,2.2013399121739883
12.197639468315534,11.569784514758052,2.2013399121739883
12.197639468315534,11.967682157243999,2.2013399121739883
12.197639468315534,12.36557979972995,2.2013399121739883
12.197639468315534,12.763477442215898,2.2013399121739883
12.197639468315534,13.161375084701849,2.2013399121739883
12.197639468315534,13.5592727271878,2.2013399121739883
12.197639468315534,13.957170369673747,2.2013399121739883
12.197639468315534,14.355068012159698,2.2013399121739883
12.197639468315534,14.752965654645646,2.2013399121739883
12.197639468315534,15.150863297131597,2.2013399121739883
12.197639468315534,15.548760939617544,2.2013399121739883
12.197639468315534,15.946658582103495,2.2013399121739883
12.197639468315534,16.344556224589443,2.2013399121739883
12.197639468315534,16.742453867075394,2.2013399121739883
12.197639468315534,17.14035150956134,2.2013399121739883
12.197639468315534,17.538249152047293,2.2013399121739883
12.197639468315534,17.93614679453324,2.2013399121739883
12.197639468315534,18.33404443701919,2.2013399121739883
12.197639468315534,18.73194207950514,2.2013399121739883
12.197639468315534,19.12983972199109,2.2013399121739883
12.197639468315534,19.527737364477037,2.2013399121739883
12.197639468315534,19.925635006962988,2.2013399121739883
12.197639468315534,20.323532649448936,2.2013399121739883
12.197639468315534,20.721430291934887,2.2013399121739883
12.197639468315534,21.119327934420834,2.2013399121739883
12.197639468315534,21.517225576906785,2.2013399121739883
12.197639468315534,21.915123219392733,2.2013399121739883
12.197639468315534,22.313020861878684,2.2013399121739883
12.197639468315534,22.710918504364635,2.2013399121739883
12.197639468315534,23.108816146850582,2.2013399121739883
13.351225927347334,3.6118316650390634,2.426338119811427
13.351225927347334,4.009729307525013,2.426338119811427
12.128317114388535,4.407626950010962,2.426338119811427
12.128317114388535,4.805524592496912,2.426338119811427
12.128317114388535,5.203422234982861,2.426338119811427
12.128317114388535,5.601319877468811,2.426338119811427
12.128317114388535,5.99921751995476,2.426338119811427
12.128317114388535,6.397115162440709,2.426338119811427
12.128317114388535,6.7950128049266585,2.426338119811427
12.128317114388535,7.192910447412608,2.426338119811427
12.128317114388535,7.590808089898557,2.426338119811427
12.128317114388535,7.988705732384506,2.426338119811427
12.20059173615625,8.386603374870457,2.426338119811427
12.20059173615625,8.784501017356405,2.426338119811427
12.20059173615625,9.182398659842356,2.426338119811427
12.20059173615625,9.580296302328303,2.426338119811427
12.197834770207576,9.978193944814254,2.426338119811427
12.197834770207576,10.376091587300202,2.426338119811427
12.197834770207576,10.773989229786153,2.426338119811427
12.197639468315534,11.1718868722721,2.426338119811427
12.197639468315534,11.569784514758052,2.426338119811427
12.197639468315534,11.967682157243999,2.426338119811427
12.197639468315534,12.36557979972995,2.426338119811427
12.197639468315534,12.763477442215898,2.426338119811427
12.197639468315534,13.161375084701849,2.426338119811427
12.197639468315534,13.5592727271878,2.426338119811427
12.197639468315534,13.957170369673747,2.426338119811427
12.197639468315534,14.355068012159698,2.426338119811427
12.197639468315534,14.752965654645646,2.426338119811427
12.197639468315534,15.150863297131597,2.426338119811427
12.197639468315534,15.548760939617544,2.426338119811427
12.197639468315534,15.946658582103495,2.426338119811427
12.197639468315534,16.344556224589443,2.426338119811427
12.197639468315534,16.742453867075394,2.426338119811427
12.197639468315534,17.14035150956134,2.426338119811427
12.197639468315534,17.538249152047293,2.426338119811427
12.197639468315534,17.93614679453324,2.426338119811427
12.197639468315534,18.33404443701919,2.426338119811427
12.197639468315534,18.73194207950514,2.426338119811427
12.197639468315534,19.12983972199109,2.426338119811427
12.197639468315534,19.527737364477037,2.426338119811427
12.197639468315534,19.925635006962988,2.426338119811427
12.197639468315534,20.323532649448936,2.426338119811427
12.197639468315534,20.721430291934887,2.426338119811427
12.197639468315534,21.119327934420834,2.426338119811427
12.197639468315534,21.517225576906785,2.426338119811427
12.197639468315534,21.915123219392733,2.426338119811427
12.197639468315534,22.313020861878684,2.426338119811427
12.197639468315534,22.710918504364635,2.426338119811427
12.197639468315534,23.108816146850582,2.426338119811427
13.351225927347334,3.6118316650390634,2.651336327448866
13.351225927347334,4.009729307525013,2.651336327448866
12.128317114388535,4.407626950010962,2.651336327448866
12.128317114388535,4.805524592496912,2.651336327448866
12.128317114388535,5.203422234982861,2.651336327448866
12.128317114388535,5.601319877468811,2.651336327448866
12.128317114388535,5.99921751995476,2.651336327448866
12.128317114388535,6.397115162440709,2.651336327448866
12.128317114388535,6.7950128049266585,2.651336327448866
12.128317114388535,7.192910447412608,2.651336327448866
12.128317114388535,7.590808089898557,2.651336327448866
12.128317114388535,7.988705732384506,2.651336327448866
12.20059173615625,8.386603374870457,2.651336327448866
12.20059173615625,8.784501017356405,2.651336327448866
12.20059173615625,9.182398659842356,2.651336327448866
12.20059173615625,9.580296302328303,2.651336327448866
12.197834770207576,9.978193944814254,2.651336327448866
12.197834770207576,10.376091587300202,2.651336327448866
12.197834770207576,10.773989229786153,2.651336327448866
12.197639468315534,11.1718868722721,2.651336327448866
12.197639468315534,11.569784514758052,2.651336327448866
12.197639468315534,11.967682157243999,2.651336327448866
12.197639468315534,12.36557979972995,2.651336327448866
12.197639468315534,12.763477442215898,2.651336327448866
12.197639468315534,13.161375084701849,2.651336327448866
12.197639468315534,13.5592727271878,2.651336327448866
12.197639468315534,13.957170369673747,2.651336327448866
12.197639468315534,14.355068012159698,2.651336327448866
12.197639468315534,14.752965654645646,2.651336327448866
12.197639468315534,15.150863297131597,2.651336327448866
12.197639468315534,15.548760939617544,2.651336327448866
12.197639468315534,15.946658582103495,2.651336327448866
12.197639468315534,16.344556224589443,2.651336327448866
12.197639468315534,16.742453867075394,2.651336327448866
12.197639468315534,17.14035150956134,2.651336327448866
12.197639468315534,17.538249152047293,2.651336327448866
12.197639468315534,17.93614679453324,2.651336327448866
12.197639468315534,18.33404443701919,2.651336327448866
12.197639468315534,18.73194207950514,2.651336327448866
12.197639468315534,19.12983972199109,2.651336327448866
12.197639468315534,19.527737364477037,2.651336327448866
12.197639468315534,19.925635006962988,2.651336327448866
12.197639468315534,20.323532649448936,2.651336327448866
12.197639468315534,20.721430291934887,2.651336327448866
12.197639468315534,21.119327934420834,2.651336327448866
12.197639468315534,21.517225576906785,2.651336327448866
12.197639468315534,21.915123219392733,2.651336327448866
12.197639468315534,22.313020861878684,2.651336327448866
12.197639468315534,22.710918504364635,2.651336327448866
12.197639468315534,23.108816146850582,2.651336327448866
13.351225927347334,3.6118316650390634,2.8763345350863045
13.351225927347334,4.009729307525013,2.8763345350863045
12.128317114388535,4.407626950010962,2.8763345350863045
12.128317114388535,4.805524592496912,2.8763345350863045
12.128317114388535,5.203422234982861,2.8763345350863045
12.128317114388535,5.601319877468811,2.8763345350863045
12.128317114388535,5.99921751995476,2.8763345350863045
12.128317114388535,6.397115162440709,2.8763345350863045
12.128317114388535,6.7950128049266585,2.8763345350863045
12.128317114388535,7.192910447412608,2.8763345350863045
12.128317114388535,7.590808089898557,2.8763345350863045
12.128317114388535,7.988705732384506,2.8763345350863045
12.20059173615625,8.386603374870457,2.8763345350863045
12.20059173615625,8.784501017356405,2.8763345350863045
12.20059173615625,9.182398659842356,2.8763345350863045
12.20059173615625,9.580296302328303,2.8763345350863045
12.197834770207576,9.978193944814254,2.8763345350863045
12.197834770207576,10.376091587300202,2.8763345350863045
12.197834770207576,10.773989229786153,2.8763345350863045
12.197639468315534,11.1718868722721,2.8763345350863045
12.197639468315534,11.569784514758052,2.8763345350863045
12.197639468315534,11.967682157243999,2.8763345350863045
12.197639468315534,12.36557979972995,2.8763345350863045
12.197639468315534,12.763477442215898,2.8763345350863045
12.197639468315534,13.161375084701849,2.8763345350863045
12.197639468315534,13.5592727271878,2.8763345350863045
12.197639468315534,13.957170369673747,2.8763345350863045
12.197639468315534,14.355068012159698,2.8763345350863045
12.197639468315534,14.752965654645646,2.8763345350863045
12.197639468315534,15.150863297131597,2.8763345350863045
12.197639468315534,15.548760939617544,2.8763345350863045
12.197639468315534,15.946658582103495,2.8763345350863045
12.197639468315534,16.344556224589443,2.8763345350863045
12.197639468315534,16.742453867075394,2.8763345350863045
12.197639468315534,17.14035150956134,2.8763345350863045
12.197639468315534,17.538249152047293,2.8763345350863045
12.197639468315534,17.93614679453324,2.8763345350863045
12.197639468315534,18.33404443701919,2.8763345350863045
12.197639468315534,18.73194207950514,2.8763345350863045
12.197639468315534,19.12983972199109,2.8763345350863045
12.197639468315534,19.527737364477037,2.8763345350863045
12.197639468315534,19.925635006962988,2.8763345350863045
12.197639468315534,20.323532649448936,2.8763345350863045
12.197639468315534,20.721430291934887,2.8763345350863045
12.197639468315534,21.119327934420834,2.8763345350863045
12.197639468315534,21.517225576906785,2.8763345350863045
12.197639468315534,21.915123219392733,2.8763345350863045
12.197639468315534,22.313020861878684,2.8763345350863045
12.197639468315534,22.710918504364635,2.8763345350863045
12.197639468315534,23.108816146850582,2.8763345350863045
13.351225927347334,3.6118316650390634,3.101332742723743
13.351225927347334,4.009729307525013,3.101332742723743
12.128317114388535,4.407626950010962,3.101332742723743
12.128317114388535,4.805524592496912,3.101332742723743
12.128317114388535,5.203422234982861,3.101332742723743
12.128317114388535,5.601319877468811,3.101332742723743
12.128317114388535,5.99921751995476,3.101332742723743
12.128317114388535,6.397115162440709,3.101332742723743
12.128317114388535,6.7950128049266585,3.101332742723743
12.128317114388535,7.192910447412608,3.101332742723743
12.128317114388535,7.590808089898557,3.101332742723743
12.128317114388535,7.988705732384506,3.101332742723743
12.20059173615625,8.386603374870457,3.101332742723743
12.20059173615625,8.784501017356405,3.101332742723743
12.20059173615625,9.182398659842356,3.101332742723743
12.20059173615625,9.580296302328303,3.101332742723743
12.197834770207576,9.978193944814254,3.101332742723743
12.197834770207576,10.376091587300202,3.101332742723743
12.197834770207576,10.773989229786153,3.101332742723743
12.197639468315534,11.1718868722721,3.101332742723743
12.197639468315534,11.569784514758052,3.101332742723743
12.197639468315534,11.967682157243999,3.101332742723743
12.197639468315534,12.36557979972995,3.101332742723743
12.197639468315534,12.763477442215898,3.101332742723743
12.197639468315534,13.161375084701849,3.101332742723743
12.197639468315534,13.5592727271878,3.101332742723743
12.197639468315534,13.957170369673747,3.101332742723743
12.197639468315534,14.355068012159698,3.101332742723743
12.197639468315534,14.752965654645646,3.101332742723743
12.197639468315534,15.150863297131597,3.101332742723743
12.197639468315534,15.548760939617544,3.101332742723743
12.197639468315534,15.946658582103495,3.101332742723743
12.197639468315534,16.344556224589443,3.101332742723743
12.197639468315534,16.742453867075394,3.101332742723743
12.197639468315534,17.14035150956134,3.101332742723743
12.197639468315534,17.538249152047293,3.101332742723743
12.197639468315534,17.93614679453324,3.101332742723743
12.197639468315534,18.33404443701919,3.101332742723743
12.197639468315534,18.73194207950514,3.101332742723743
12.197639468315534,19.12983972199109,3.101332742723743
12.197639468315534,19.527737364477037,3.101332742723743
12.197639468315534,19.925635006962988,3.101332742723743
12.197639468315534,20.323532649448936,3.101332742723743
12.197639468315534,20.721430291934887,3.101332742723743
12.197639468315534,21.119327934420834,3.101332742723743
12.197639468315534,21.517225576906785,3.101332742723743
12.197639468315534,21.915123219392733,3.101332742723743
12.197639468315534,22.313020861878684,3.101332742723743
12.197639468315534,22.710918504364635,3.101332742723743
12.197639468315534,23.108816146850582,3.101332742723743
13.351225927347334,3.6118316650390634,3.326330950361182
13.351225927347334,4.009729307525013,3.326330950361182
12.128317114388535,4.407626950010962,3.326330950361182
12.128317114388535,4.805524592496912,3.326330950361182
12.128317114388535,5.203422234982861,3.326330950361182
12.128317114388535,5.601319877468811,3.326330950361182
12.128317114388535,5.99921751995476,3.326330950361182
12.128317114388535,6.397115162440709,3.326330950361182
12.128317114388535,6.7950128049266585,3.326330950361182
12.128317114388535,7.192910447412608,3.326330950361182
12.128317114388535,7.590808089898557,3.326330950361182
12.128317114388535,7.988705732384506,3.326330950361182
12.20059173615625,8.386603374870457,3.326330950361182
12.20059173615625,8.784501017356405,3.326330950361182
12.20059173615625,9.182398659842356,3.326330950361182
12.20059173615625,9.580296302328303,3.326330950361182
12.197834770207576,9.978193944814254,3.326330950361182
12.197834770207576,10.376091587300202,3.326330950361182
12.197834770207576,10.773989229786153,3.326330950361182
12.197639468315534,11.1718868722721,3.326330950361182
12.197639468315534,11.569784514758052,3.326330950361182
12.197639468315534,11.967682157243999,3.326330950361182
12.197639468315534,12.36557979972995,3.326330950361182
12.197639468315534,12.763477442215898,3.326330950361182
12.197639468315534,13.161375084701849,3.326330950361182
12.197639468315534,13.5592727271878,3.326330950361182
12.197639468315534,13.957170369673747,3.326330950361182
12.197639468315534,14.355068012159698,3.326330950361182
12.197639468315534,14.752965654645646,3.326330950361182
12.197639468315534,15.150863297131597,3.326330950361182
12.197639468315534,15.548760939617544,3.326330950361182
12.197639468315534,15.946658582103495,3.326330950361182
12.197639468315534,16.344556224589443,3.326330950361182
12.197639468315534,16.742453867075394,3.326330950361182
12.197639468315534,17.14035150956134,3.326330950361182
12.197639468315534,17.538249152047293,3.326330950361182
12.197639468315534,17.93614679453324,3.326330950361182
12.197639468315534,18.33404443701919,3.326330950361182
12.197639468315534,18.73194207950514,3.326330950361182
12.197639468315534,19.12983972199109,3.326330950361182
12.197639468315534,19.527737364477037,3.326330950361182
12.197639468315534,19.925635006962988,3.326330950361182
12.197639468315534,20.323532649448936,3.326330950361182
12.197639468315534,20.721430291934887,3.326330950361182
12.197639468315534,21.119327934420834,3.326330950361182
12.197639468315534,21.517225576906785,3.326330950361182
12.197639468315534,21.915123219392733,3.326330950361182
12.197639468315534,22.313020861878684,3.326330950361182
12.197639468315534,22.710918504364635,3.326330950361182
12.197639468315534,23.108816146850582,3.326330950361182
13.351225927347334,3.6118316650390634,3.551329157998621
13.351225927347334,4.009729307525013,3.551329157998621
12.128317114388535,4.407626950010962,3.551329157998621
12.128317114388535,4.805524592496912,3.551329157998621
12.128317114388535,5.203422234982861,3.551329157998621
12.128317114388535,5.601319877468811,3.551329157998621
12.128317114388535,5.99921751995476,3.551329157998621
12.128317114388535,6.397115162440709,3.551329157998621
12.128317114388535,6.7950128049266585,3.551329157998621
12.128317114388535,7.192910447412608,3.551329157998621
12.128317114388535,7.590808089898557,3.551329157998621
12.128317114388535,7.988705732384506,3.551329157998621
12.20059173615625,8.386603374870457,3.551329157998621
12.20059173615625,8.784501017356405,3.551329157998621
12.20059173615625,9.182398659842356,3.551329157998621
12.20059173615625,9.580296302328303,3.551329157998621
12.197834770207576,9.978193944814254,3.551329157998621
12.197834770207576,10.376091587300202,3.551329157998621
12.197834770207576,10.773989229786153,3.551329157998621
12.197639468315534,11.1718868722721,3.551329157998621
12.197639468315534,11.569784514758052,3.551329157998621
12.197639468315534,11.967682157243999,3.551329157998621
12.197639468315534,12.36557979972995,3.551329157998621
12.197639468315534,12.763477442215898,3.551329157998621
12.197639468315534,13.161375084701849,3.551329157998621
12.197639468315534,13.5592727271878,3.551329157998621
12.197639468315534,13.957170369673747,3.551329157998621
12.197639468315534,14.355068012159698,3.551329157998621
12.197639468315534,14.752965654645646,3.551329157998621
12.197639468315534,15.150863297131597,3.551329157998621
12.197639468315534,15.548760939617544,3.551329157998621
12.197639468315534,15.946658582103495,3.551329157998621
12.197639468315534,16.344556224589443,3.551329157998621
12.197639468315534,16.742453867075394,3.551329157998621
12.197639468315534,17.14035150956134,3.551329157998621
12.197639468315534,17.538249152047293,3.551329157998621
12.197639468315534,17.93614679453324,3.551329157998621
12.197639468315534,18.33404443701919,3.551329157998621
12.197639468315534,18.73194207950514,3.551329157998621
12.197639468315534,19.12983972199109,3.551329157998621
12.197639468315534,19.527737364477037,3.551329157998621
12.197639468315534,19.925635006962988,3.551329157998621
12.197639468315534,20.323532649448936,3.551329157998621
12.197639468315534,20.721430291934887,3.551329157998621
12.197639468315534,21.119327934420834,3.551329157998621
12.197639468315534,21.517225576906785,3.551329157998621
12.197639468315534,21.915123219392733,3.551329157998621
12.197639468315534,22.313020861878684,3.551329157998621
12.197639468315534,22.710918504364635,3.551329157998621
12.197639468315534,23.108816146850582,3.551329157998621
13.351225927347334,3.6118316650390634,3.7763273656360594
13.351225927347334,4.009729307525013,3.7763273656360594
12.128317114388535,4.407626950010962,3.7763273656360594
12.128317114388535,4.805524592496912,3.7763273656360594
12.128317114388535,5.203422234982861,3.7763273656360594
12.128317114388535,5.601319877468811,3.7763273656360594
12.128317114388535,5.99921751995476,3.7763273656360594
12.128317114388535,6.397115162440709,3.7763273656360594
12.128317114388535,6.7950128049266585,3.7763273656360594
12.128317114388535,7.192910447412608,3.7763273656360594
12.128317114388535,7.590808089898557,3.7763273656360594
12.128317114388535,7.988705732384506,3.7763273656360594
12.20059173615625,8.386603374870457,3.7763273656360594
12.20059173615625,8.784501017356405,3.7763273656360594
12.20059173615625,9.182398659842356,3.7763273656360594
12.20059173615625,9.580296302328303,3.7763273656360594
12.197834770207576,9.978193944814254,3.7763273656360594
12.197834770207576,10.376091587300202,3.7763273656360594
12.197834770207576,10.773989229786153,3.7763273656360594
12.197639468315534,11.1718868722721,3.7763273656360594
12.197639468315534,11.569784514758052,3.7763273656360594
12.197639468315534,11.967682157243999,3.7763273656360594
12.197639468315534,12.36557979972995,3.7763273656360594
12.197639468315534,12.763477442215898,3.7763273656360594
12.197639468315534,13.161375084701849,3.7763273656360594
12.197639468315534,13.5592727271878,3.7763273656360594
12.197639468315534,13.957170369673747,3.7763273656360594
12.197639468315534,14.355068012159698,3.7763273656360594
12.197639468315534,14.752965654645646,3.7763273656360594
12.197639468315534,15.150863297131597,3.7763273656360594
12.197639468315534,15.548760939617544,3.7763273656360594
12.197639468315534,15.946658582103495,3.7763273656360594
12.197639468315534,16.344556224589443,3.7763273656360594
12.197639468315534,16.742453867075394,3.7763273656360594
12.197639468315534,17.14035150956134,3.7763273656360594
12.197639468315534,17.538249152047293,3.7763273656360594
12.197639468315534,17.93614679453324,3.7763273656360594
12.197639468315534,18.33404443701919,3.7763273656360594
12.197639468315534,18.73194207950514,3.7763273656360594
12.197639468315534,19.12983972199109,3.7763273656360594
12.197639468315534,19.527737364477037,3.7763273656360594
12.197639468315534,19.925635006962988,3.7763273656360594
12.197639468315534,20.323532649448936,3.7763273656360594
12.197639468315534,20.721430291934887,3.7763273656360594
12.197639468315534,21.119327934420834,3.7763273656360594
12.197639468315534,21.517225576906785,3.7763273656360594
12.197639468315534,21.915123219392733,3.7763273656360594
12.197639468315534,22.313020861878684,3.7763273656360594
12.197639468315534,22.710918504364635,3.7763273656360594
12.197639468315534,23.108816146850582,3.7763273656360594
13.351225927347334,3.6118316650390634,4.001325573273498
13.351225927347334,4.009729307525013,4.001325573273498
12.128317114388535,4.407626950010962,4.001325573273498
12.128317114388535,4.805524592496912,4.001325573273498
12.128317114388535,5.203422234982861,4.001325573273498
12.128317114388535,5.601319877468811,4.001325573273498
12.128317114388535,5.99921751995476,4.001325573273498
12.128317114388535,6.397115162440709,4.001325573273498
12.128317114388535,6.7950128049266585,4.001325573273498
12.128317114388535,7.192910447412608,4.001325573273498
12.128317114388535,7.590808089898557,4.001325573273498
12.128317114388535,7.988705732384506,4.001325573273498
12.20059173615625,8.386603374870457,4.001325573273498
12.20059173615625,8.784501017356405,4.001325573273498
12.20059173615625,9.182398659842356,4.001325573273498
12.20059173615625,9.580296302328303,4.001325573273498
12.197834770207576,9.978193944814254,4.001325573273498
12.197834770207576,10.376091587300202,4.001325573273498
12.197834770207576,10.773989229786153,4.001325573273498
12.197639468315534,11.1718868722721,4.001325573273498
12.197639468315534,11.569784514758052,4.001325573273498
12.197639468315534,11.967682157243999,4.001325573273498
12.197639468315534,12.36557979972995,4.001325573273498
12.197639468315534,12.763477442215898,4.001325573273498
12.197639468315534,13.161375084701849,4.001325573273498
12.197639468315534,13.5592727271878,4.001325573273498
12.197639468315534,13.957170369673747,4.001325573273498
12.197639468315534,14.355068012159698,4.001325573273498
12.197639468315534,14.752965654645646,4.001325573273498
12.197639468315534,15.150863297131597,4.001325573273498
12.197639468315534,15.548760939617544,4.001325573273498
12.197639468315534,15.946658582103495,4.001325573273498
12.197639468315534,16.344556224589443,4.001325573273498
12.197639468315534,16.742453867075394,4.001325573273498
12.197639468315534,17.14035150956134,4.001325573273498
12.197639468315534,17.538249152047293,4.001325573273498
12.197639468315534,17.93614679453324,4.001325573273498
12.197639468315534,18.33404443701919,4.001325573273498
12.197639468315534,18.73194207950514,4.001325573273498
12.197639468315534,19.12983972199109,4.001325573273498
12.197639468315534,19.527737364477037,4.001325573273498
12.197639468315534,19.925635006962988,4.001325573273498
12.197639468315534,20.323532649448936,4.001325573273498
12.197639468315534,20.721430291934887,4.001325573273498
12.197639468315534,21.119327934420834,4.001325573273498
12.197639468315534,21.517225576906785,4.001325573273498
12.197639468315534,21.915123219392733,4.001325573273498
12.197639468315534,22.313020861878684,4.001325573273498
12.197639468315534,22.710918504364635,4.001325573273498
12.197639468315534,23.108816146850582,4.001325573273498
13.314301043760041,3.6118316650390634,4.226323780910937
13.314301043760041,4.009729307525013,4.226323780910937
12.091392230801242,4.407626950010962,4.226323780910937
12.091392230801242,4.805524592496912,4.226323780910937
12.091392230801242,5.203422234982861,4.226323780910937
12.091392230801242,5.601319877468811,4.226323780910937
12.091392230801242,5.99921751995476,4.226323780910937
12.091392230801242,6.397115162440709,4.226323780910937
12.091392230801242,6.7950128049266585,4.226323780910937
12.091392230801242,7.192910447412608,4.226323780910937
12.091392230801242,7.590808089898557,4.226323780910937
12.091392230801242,7.988705732384506,4.226323780910937
12.160683343325774,8.386603374870457,4.226323780910937
12.160683343325774,8.784501017356405,4.226323780910937
12.160683343325774,9.182398659842356,4.226323780910937
12.160683343325774,9.580296302328303,4.226323780910937
12.157935081316596,9.978193944814254,4.226323780910937
12.157935081316596,10.376091587300202,4.226323780910937
12.157935081316596,10.773989229786153,4.226323780910937
12.157739779424556,11.1718868722721,4.226323780910937
12.157739779424556,11.569784514758052,4.226323780910937
12.157739779424556,11.967682157243999,4.226323780910937
12.157739779424556,12.36557979972995,4.226323780910937
12.157739779424556,12.763477442215898,4.226323780910937
12.157739779424556,13.161375084701849,4.226323780910937
12.157739779424556,13.5592727271878,4.226323780910937
12.157739779424556,13.957170369673747,4.226323780910937
12.157739779424556,14.355068012159698,4.226323780910937
12.157739779424556,14.752965654645646,4.226323780910937
12.157739779424556,15.150863297131597,4.226323780910937
12.157739779424556,15.548760939617544,4.226323780910937
12.157739779424556,15.946658582103495,4.226323780910937
12.157739779424556,16.344556224589443,4.226323780910937
12.157739779424556,16.742453867075394,4.226323780910937
12.157739779424556,17.14035150956134,4.226323780910937
12.157739779424556,17.538249152047293,4.226323780910937
12.157739779424556,17.93614679453324,4.226323780910937
12.157739779424556,18.33404443701919,4.226323780910937
12.157739779424556,18.73194207950514,4.226323780910937
12.157739779424556,19.12983972199109,4.226323780910937
12.157739779424556,19.527737364477037,4.226323780910937
12.157739779424556,19.925635006962988,4.226323780910937
12.157739779424556,20.323532649448936,4.226323780910937
12.157739779424556,20.721430291934887,4.226323780910937
12.157739779424556,21.119327934420834,4.226323780910937
12.157739779424556,21.517225576906785,4.226323780910937
12.157739779424556,21.915123219392733,4.226323780910937
12.157739779424556,22.313020861878684,4.226323780910937
12.157739779424556,22.710918504364635,4.226323780910937
12.157739779424556,23.108816146850582,4.226323780910937
13.314301043760041,3.6118316650390634,4.451321988548376
13.314301043760041,4.009729307525013,4.451321988548376
12.091392230801242,4.407626950010962,4.451321988548376
12.091392230801242,4.805524592496912,4.451321988548376
12.091392230801242,5.203422234982861,4.451321988548376
12.091392230801242,5.601319877468811,4.451321988548376
12.091392230801242,5.99921751995476,4.451321988548376
12.091392230801242,6.397115162440709,4.451321988548376
12.091392230801242,6.7950128049266585,4.451321988548376
12.091392230801242,7.192910447412608,4.451321988548376
12.091392230801242,7.590808089898557,4.451321988548376
12.091392230801242,7.988705732384506,4.451321988548376
12.160683343325774,8.386603374870457,4.451321988548376
12.160683343325774,8.784501017356405,4.451321988548376
12.160683343325774,9.182398659842356,4.451321988548376
12.160683343325774,9.580296302328303,4.451321988548376
12.157935081316596,9.978193944814254,4.451321988548376
12.157935081316596,10.376091587300202,4.451321988548376
12.157935081316596,10.773989229786153,4.451321988548376
12.157739779424556,11.1718868722721,4.451321988548376
12.157739779424556,11.569784514758052,4.451321988548376
12.157739779424556,11.967682157243999,4.451321988548376
12.157739779424556,12.36557979972995,4.451321988548376
12.157739779424556,12.763477442215898,4.451321988548376
12.157739779424556,13.161375084701849,4.451321988548376
12.157739779424556,13.5592727271878,4.451321988548376
12.157739779424556,13.957170369673747,4.451321988548376
12.157739779424556,14.355068012159698,4.451321988548376
12.157739779424556,14.752965654645646,4.451321988548376
12.157739779424556,15.150863297131597,4.451321988548376
12.157739779424556,15.548760939617544,4.451321988548376
12.157739779424556,15.946658582103495,4.451321988548376
12.157739779424556,16.344556224589443,4.451321988548376
12.157739779424556,16.742453867075394,4.451321988548376
12.157739779424556,17.14035150956134,4.451321988548376
12.157739779424556,17.538249152047293,4.451321988548376
12.157739779424556,17.93614679453324,4.451321988548376
12.157739779424556,18.33404443701919,4.451321988548376
12.157739779424556,18.73194207950514,4.451321988548376
12.157739779424556,19.12983972199109,4.451321988548376
12.157739779424556,19.527737364477037,4.451321988548376
12.157739779424556,19.925635006962988,4.451321988548376
12.157739779424556,20.323532649448936,4.451321988548376
12.157739779424556,20.721430291934887,4.451321988548376
12.157739779424556,21.119327934420834,4.451321988548376
12.157739779424556,21.517225576906785,4.451321988548376
12.157739779424556,21.915123219392733,4.451321988548376
12.157739779424556,22.313020861878684,4.451321988548376
12.157739779424556,22.710918504364635,4.451321988548376
12.157739779424556,23.108816146850582,4.451321988548376
13.314301043760041,3.6118316650390634,4.676320196185815
13.314301043760041,4.009729307525013,4.676320196185815
12.091392230801242,4.407626950010962,4.676320196185815
12.091392230801242,4.805524592496912,4.676320196185815
12.091392230801242,5.203422234982861,4.676320196185815
12.091392230801242,5.601319877468811,4.676320196185815
12.091392230801242,5.99921751995476,4.676320196185815
12.091392230801242,6.397115162440709,4.676320196185815
12.091392230801242,6.7950128049266585,4.676320196185815
12.091392230801242,7.192910447412608,4.676320196185815
12.091392230801242,7.590808089898557,4.676320196185815
12.091392230801242,7.988705732384506,4.676320196185815
12.160683343325774,8.386603374870457,4.676320196185815
12.160683343325774,8.784501017356405,4.676320196185815
12.160683343325774,9.182398659842356,4.676320196185815
12.160683343325774,9.580296302328303,4.676320196185815
12.157935081316596,9.978193944814254,4.676320196185815
12.157935081316596,10.376091587300202,4.676320196185815
12.157935081316596,10.773989229786153,4.676320196185815
12.157739779424556,11.1718868722721,4.676320196185815
12.157739779424556,11.569784514758052,4.676320196185815
12.157739779424556,11.967682157243999,4.676320196185815
12.157739779424556,12.36557979972995,4.676320196185815
12.157739779424556,12.763477442215898,4.676320196185815
12.157739779424556,13.161375084701849,4.676320196185815
12.157739779424556,13.5592727271878,4.676320196185815
12.157739779424556,13.957170369673747,4.676320196185815
12.157739779424556,14.355068012159698,4.676320196185815
12.157739779424556,14.752965654645646,4.676320196185815
12.157739779424556,15.150863297131597,4.676320196185815
12.157739779424556,15.548760939617544,4.676320196185815
12.157739779424556,15.946658582103495,4.676320196185815
12.157739779424556,16.344556224589443,4.676320196185815
12.157739779424556,16.742453867075394,4.676320196185815
12.157739779424556,17.14035150956134,4.676320196185815
12.157739779424556,17.538249152047293,4.676320196185815
12.157739779424556,17.93614679453324,4.676320196185815
12.157739779424556,18.33404443701919,4.676320196185815
12.157739779424556,18.73194207950514,4.676320196185815
12.157739779424556,19.12983972199109,4.676320196185815
12.157739779424556,19.527737364477037,4.676320196185815
12.157739779424556,19.925635006962988,4.676320196185815
12.157739779424556,20.323532649448936,4.676320196185815
12.157739779424556,20.721430291934887,4.676320196185815
12.157739779424556,21.119327934420834,4.676320196185815
12.157739779424556,21.517225576906785,4.676320196185815
12.157739779424556,21.915123219392733,4.676320196185815
12.157739779424556,22.313020861878684,4.676320196185815
12.157739779424556,22.710918504364635,4.676320196185815
12.157739779424556,23.108816146850582,4.676320196185815
13.314301043760041,3.6118316650390634,4.901318403823253
13.314301043760041,4.009729307525013,4.901318403823253
12.091392230801242,4.407626950010962,4.901318403823253
12.091392230801242,4.805524592496912,4.901318403823253
12.091392230801242,5.203422234982861,4.901318403823253
12.091392230801242,5.601319877468811,4.901318403823253
12.091392230801242,5.99921751995476,4.901318403823253
12.091392230801242,6.397115162440709,4.901318403823253
12.091392230801242,6.7950128049266585,4.901318403823253
12.091392230801242,7.192910447412608,4.901318403823253
12.091392230801242,7.590808089898557,4.901318403823253
12.091392230801242,7.988705732384506,4.901318403823253
12.160683343325774,8.386603374870457,4.901318403823253
12.160683343325774,8.784501017356405,4.901318403823253
12.160683343325774,9.182398659842356,4.901318403823253
12.160683343325774,9.580296302328303,4.901318403823253
12.157935081316596,9.978193944814254,4.901318403823253
12.157935081316596,10.376091587300202,4.901318403823253
12.157935081316596,10.773989229786153,4.901318403823253
12.157739779424556,11.1718868722721,4.901318403823253
12.157739779424556,11.569784514758052,4.901318403823253
12.157739779424556,11.967682157243999,4.901318403823253
12.157739779424556,12.36557979972995,4.901318403823253
12.157739779424556,12.763477442215898,4.901318403823253
12.157739779424556,13.161375084701849,4.901318403823253
12.157739779424556,13.5592727271878,4.901318403823253
12.157739779424556,13.957170369673747,4.901318403823253
12.157739779424556,14.355068012159698,4.901318403823253
12.157739779424556,14.752965654645646,4.901318403823253
12.157739779424556,15.150863297131597,4.901318403823253
12.157739779424556,15.548760939617544,4.901318403823253
12.157739779424556,15.946658582103495,4.901318403823253
12.157739779424556,16.344556224589443,4.901318403823253
12.157739779424556,16.742453867075394,4.901318403823253
12.157739779424556,17.14035150956134,4.901318403823253
12.157739779424556,17.538249152047293,4.901318403823253
12.157739779424556,17.93614679453324,4.901318403823253
12.157739779424556,18.33404443701919,4.901318403823253
12.157739779424556,18.73194207950514,4.901318403823253
12.157739779424556,19.12983972199109,4.901318403823253
12.157739779424556,19.527737364477037,4.901318403823253
12.157739779424556,19.925635006962988,4.901318403823253
12.157739779424556,20.323532649448936,4.901318403823253
12.157739779424556,20.721430291934887,4.901318403823253
12.157739779424556,21.119327934420834,4.901318403823253
12.157739779424556,21.517225576906785,4.901318403823253
12.157739779424556,21.915123219392733,4.901318403823253
12.157739779424556,22.313020861878684,4.901318403823253
12.157739779424556,22.710918504364635,4.901318403823253
12.157739779424556,23.108816146850582,4.901318403823253
13.314301043760041,3.6118316650390634,5.126316611460692
13.314301043760041,4.009729307525013,5.126316611460692
12.091392230801242,4.407626950010962,5.126316611460692
12.091392230801242,4.805524592496912,5.126316611460692
12.091392230801242,5.203422234982861,5.126316611460692
12.091392230801242,5.601319877468811,5.126316611460692
12.091392230801242,5.99921751995476,5.126316611460692
12.091392230801242,6.397115162440709,5.126316611460692
12.091392230801242,6.7950128049266585,5.126316611460692
12.091392230801242,7.192910447412608,5.126316611460692
12.091392230801242,7.590808089898557,5.126316611460692
12.091392230801242,7.988705732384506,5.126316611460692
12.160683343325774,8.386603374870457,5.126316611460692
12.160683343325774,8.784501017356405,5.126316611460692
12.160683343325774,9.182398659842356,5.126316611460692
12.160683343325774,9.580296302328303,5.126316611460692
12.157935081316596,9.978193944814254,5.126316611460692
12.157935081316596,10.376091587300202,5.126316611460692
12.157935081316596,10.773989229786153,5.126316611460692
12.157739779424556,11.1718868722721,5.126316611460692
12.157739779424556,11.569784514758052,5.126316611460692
12.157739779424556,11.967682157243999,5.126316611460692
12.157739779424556,12.36557979972995,5.126316611460692
12.157739779424556,12.763477442215898,5.126316611460692
12.157739779424556,13.161375084701849,5.126316611460692
12.157739779424556,13.5592727271878,5.126316611460692
12.157739779424556,13.957170369673747,5.126316611460692
12.157739779424556,14.355068012159698,5.126316611460692
12.157739779424556,14.752965654645646,5.126316611460692
12.157739779424556,15.150863297131597,5.126316611460692
12.157739779424556,15.548760939617544,5.126316611460692
12.157739779424556,15.946658582103495,5.126316611460692
12.157739779424556,16.344556224589443,5.126316611460692
12.157739779424556,16.742453867075394,5.126316611460692
12.157739779424556,17.14035150956134,5.126316611460692
12.157739779424556,17.538249152047293,5.126316611460692
12.157739779424556,17.93614679453324,5.126316611460692
12.157739779424556,18.33404443701919,5.126316611460692
12.157739779424556,18.73194207950514,5.126316611460692
12.157739779424556,19.12983972199109,5.126316611460692
12.157739779424556,19.527737364477037,5.126316611460692
12.157739779424556,19.925635006962988,5.126316611460692
12.157739779424556,20.323532649448936,5.126316611460692
12.157739779424556,20.721430291934887,5.126316611460692
12.157739779424556,21.119327934420834,5.126316611460692
12.157739779424556,21.517225576906785,5.126316611460692
12.157739779424556,21.915123219392733,5.126316611460692
12.157739779424556,22.313020861878684,5.126316611460692
12.157739779424556,22.710918504364635,5.126316611460692
12.157739779424556,23.108816146850582,5.126316611460692
13.314301043760041,3.6118316650390634,5.35131481909813
13.314301043760041,4.009729307525013,5.35131481909813
12.091392230801242,4.407626950010962,5.35131481909813
12.091392230801242,4.805524592496912,5.35131481909813
12.091392230801242,5.203422234982861,5.35131481909813
12.091392230801242,5.601319877468811,5.35131481909813
12.091392230801242,5.99921751995476,5.35131481909813
12.091392230801242,6.397115162440709,5.35131481909813
12.091392230801242,6.7950128049266585,5.35131481909813
12.091392230801242,7.192910447412608,5.35131481909813
12.091392230801242,7.590808089898557,5.35131481909813
12.091392230801242,7.988705732384506,5.35131481909813
12.160683343325774,8.386603374870457,5.35131481909813
12.160683343325774,8.784501017356405,5.35131481909813
12.160683343325774,9.182398659842356,5.35131481909813
12.160683343325774,9.580296302328303,5.35131481909813
12.157935081316596,9.978193944814254,5.35131481909813
12.157935081316596,10.376091587300202,5.35131481909813
12.157935081316596,10.773989229786153,5.35131481909813
12.157739779424556,11.1718868722721,5.35131481909813
12.157739779424556,11.569784514758052,5.35131481909813
12.157739779424556,11.967682157243999,5.35131481909813
12.157739779424556,12.36557979972995,5.35131481909813
12.157739779424556,12.763477442215898,5.35131481909813
12.157739779424556,13.161375084701849,5.35131481909813
12.157739779424556,13.5592727271878,5.35131481909813
12.157739779424556,13.957170369673747,5.35131481909813
12.157739779424556,14.355068012159698,5.35131481909813
12.157739779424556,14.752965654645646,5.35131481909813
12.157739779424556,15.150863297131597,5.35131481909813
12.157739779424556,15.548760939617544,5.35131481909813
12.157739779424556,15.946658582103495,5.35131481909813
12.157739779424556,16.344556224589443,5.35131481909813
12.157739779424556,16.742453867075394,5.35131481909813
12.157739779424556,17.14035150956134,5.35131481909813
12.157739779424556,17.538249152047293,5.35131481909813
12.157739779424556,17.93614679453324,5.35131481909813
12.157739779424556,18.33404443701919,5.35131481909813
12.157739779424556,18.73194207950514,5.35131481909813
12.157739779424556,19.12983972199109,5.35131481909813
12.157739779424556,19.527737364477037,5.35131481909813
12.157739779424556,19.925635006962988,5.35131481909813
12.157739779424556,20.323532649448936,5.35131481909813
12.157739779424556,20.721430291934887,5.35131481909813
12.157739779424556,21.119327934420834,5.35131481909813
12.157739779424556,21.517225576906785,5.35131481909813
12.157739779424556,21.915123219392733,5.35131481909813
12.157739779424556,22.313020861878684,5.35131481909813
12.157739779424556,22.710918504364635,5.35131481909813
12.157739779424556,23.108816146850582,5.35131481909813
13.314301043760041,3.6118316650390634,5.576313026735569
13.314301043760041,4.009729307525013,5.576313026735569
12.091392230801242,4.407626950010962,5.576313026735569
12.091392230801242,4.805524592496912,5.576313026735569
12.091392230801242,5.203422234982861,5.576313026735569
12.091392230801242,5.601319877468811,5.576313026735569
12.091392230801242,5.99921751995476,5.576313026735569
12.091392230801242,6.397115162440709,5.576313026735569
12.091392230801242,6.7950128049266585,5.576313026735569
12.091392230801242,7.192910447412608,5.576313026735569
12.091392230801242,7.590808089898557,5.576313026735569
12.091392230801242,7.988705732384506,5.576313026735569
12.160683343325774,8.386603374870457,5.576313026735569
12.160683343325774,8.784501017356405,5.576313026735569
12.160683343325774,9.182398659842356,5.576313026735569
12.160683343325774,9.580296302328303,5.576313026735569
12.157935081316596,9.978193944814254,5.576313026735569
12.157935081316596,10.376091587300202,5.576313026735569
12.157935081316596,10.773989229786153,5.576313026735569
12.157739779424556,11.1718868722721,5.576313026735569
12.157739779424556,11.569784514758052,5.576313026735569
12.157739779424556,11.967682157243999,5.576313026735569
12.157739779424556,12.36557979972995,5.576313026735569
12.157739779424556,12.763477442215898,5.576313026735569
12.157739779424556,13.161375084701849,5.576313026735569
12.157739779424556,13.5592727271878,5.576313026735569
12.157739779424556,13.957170369673747,5.576313026735569
12.157739779424556,14.355068012159698,5.576313026735569
12.157739779424556,14.752965654645646,5.576313026735569
12.157739779424556,15.150863297131597,5.576313026735569
12.157739779424556,15.548760939617544,5.576313026735569
12.157739779424556,15.946658582103495,5.576313026735569
12.157739779424556,16.344556224589443,5.576313026735569
12.157739779424556,16.742453867075394,5.576313026735569
12.157739779424556,17.14035150956134,5.576313026735569
12.157739779424556,17.538249152047293,5.576313026735569
12.157739779424556,17.93614679453324,5.576313026735569
12.157739779424556,18.33404443701919,5.576313026735569
12.157739779424556,18.73194207950514,5.576313026735569
12.157739779424556,19.12983972199109,5.576313026735569
12.157739779424556,19.527737364477037,5.576313026735569
12.157739779424556,19.925635006962988,5.576313026735569
12.157739779424556,20.323532649448936,5.576313026735569
12.157739779424556,20.721430291934887,5.576313026735569
12.157739779424556,21.119327934420834,5.576313026735569
12.157739779424556,21.517225576906785,5.576313026735569
12.157739779424556,21.915123219392733,5.576313026735569
12.157739779424556,22.313020861878684,5.576313026735569
12.157739779424556,22.710918504364635,5.576313026735569
12.157739779424556,23.108816146850582,5.576313026735569
13.314301043760041,3.6118316650390634,5.801311234373008
13.314301043760041,4.009729307525013,5.801311234373008
12.091392230801242,4.407626950010962,5.801311234373008
12.091392230801242,4.805524592496912,5.801311234373008
12.091392230801242,5.203422234982861,5.801311234373008
12.091392230801242,5.601319877468811,5.801311234373008
12.091392230801242,5.99921751995476,5.801311234373008
12.091392230801242,6.397115162440709,5.801311234373008
12.091392230801242,6.7950128049266585,5.801311234373008
12.091392230801242,7.192910447412608,5.801311234373008
12.091392230801242,7.590808089898557,5.801311234373008
12.091392230801242,7.988705732384506,5.801311234373008
12.160683343325774,8.386603374870457,5.801311234373008
12.160683343325774,8.784501017356405,5.801311234373008
12.160683343325774,9.182398659842356,5.801311234373008
12.160683343325774,9.580296302328303,5.801311234373008
12.157935081316596,9.978193944814254,5.801311234373008
12.157935081316596,10.376091587300202,5.801311234373008
12.157935081316596,10.773989229786153,5.801311234373008
12.157739779424556,11.1718868722721,5.801311234373008
12.157739779424556,11.569784514758052,5.801311234373008
12.157739779424556,11.967682157243999,5.801311234373008
12.157739779424556,12.36557979972995,5.801311234373008
12.157739779424556,12.763477442215898,5.801311234373008
12.157739779424556,13.161375084701849,5.801311234373008
12.157739779424556,13.5592727271878,5.801311234373008
12.157739779424556,13.957170369673747,5.801311234373008
12.157739779424556,14.355068012159698,5.801311234373008
12.157739779424556,14.752965654645646,5.801311234373008
12.157739779424556,15.150863297131597,5.801311234373008
12.157739779424556,15.548760939617544,5.801311234373008
12.157739779424556,15.946658582103495,5.801311234373008
12.157739779424556,16.344556224589443,5.801311234373008
12.157739779424556,16.742453867075394,5.801311234373008
12.157739779424556,17.14035150956134,5.801311234373008
12.157739779424556,17.538249152047293,5.801311234373008
12.157739779424556,17.93614679453324,5.801311234373008
12.157739779424556,18.33404443701919,5.801311234373008
12.157739779424556,18.73194207950514,5.801311234373008
12.157739779424556,19.12983972199109,5.801311234373008
12.157739779424556,19.527737364477037,5.801311234373008
12.157739779424556,19.925635006962988,5.801311234373008
12.157739779424556,20.323532649448936,5.801311234373008
12.157739779424556,20.721430291934887,5.801311234373008
12.157739779424556,21.119327934420834,5.801311234373008
12.157739779424556,21.517225576906785,5.801311234373008
12.157739779424556,21.915123219392733,5.801311234373008
12.157739779424556,22.313020861878684,5.801311234373008
12.157739779424556,22.710918504364635,5.801311234373008
12.157739779424556,23.108816146850582,5.801311234373008
13.314301043760041,3.6118316650390634,6.026309442010446
13.314301043760041,4.009729307525013,6.026309442010446
12.091392230801242,4.407626950010962,6.026309442010446
12.091392230801242,4.805524592496912,6.026309442010446
12.091392230801242,5.203422234982861,6.026309442010446
12.091392230801242,5.601319877468811,6.026309442010446
12.091392230801242,5.99921751995476,6.026309442010446
12.091392230801242,6.397115162440709,6.026309442010446
12.091392230801242,6.7950128049266585,6.026309442010446
12.091392230801242,7.192910447412608,6.026309442010446
12.091392230801242,7.590808089898557,6.026309442010446
12.091392230801242,7.988705732384506,6.026309442010446
12.160683343325774,8.386603374870457,6.026309442010446
12.160683343325774,8.784501017356405,6.026309442010446
12.160683343325774,9.182398659842356,6.026309442010446
12.160683343325774,9.580296302328303,6.026309442010446
12.157935081316596,9.978193944814254,6.026309442010446
12.157935081316596,10.376091587300202,6.026309442010446
12.157935081316596,10.773989229786153,6.026309442010446
12.157739779424556,11.1718868722721,6.026309442010446
12.157739779424556,11.569784514758052,6.026309442010446
12.157739779424556,11.967682157243999,6.026309442010446
12.157739779424556,12.36557979972995,6.026309442010446
12.157739779424556,12.763477442215898,6.026309442010446
12.157739779424556,13.161375084701849,6.026309442010446
12.157739779424556,13.5592727271878,6.026309442010446
12.157739779424556,13.957170369673747,6.026309442010446
12.157739779424556,14.355068012159698,6.026309442010446
12.157739779424556,14.752965654645646,6.026309442010446
12.157739779424556,15.150863297131597,6.026309442010446
12.157739779424556,15.548760939617544,6.026309442010446
12.157739779424556,15.946658582103495,6.026309442010446
12.157739779424556,16.344556224589443,6.026309442010446
12.157739779424556,16.742453867075394,6.026309442010446
12.157739779424556,17.14035150956134,6.026309442010446
12.157739779424556,17.538249152047293,6.026309442010446
12.157739779424556,17.93614679453324,6.026309442010446
12.157739779424556,18.33404443701919,6.026309442010446
12.157739779424556,18.73194207950514,6.026309442010446
12.157739779424556,19.12983972199109,6.026309442010446
12.157739779424556,19.527737364477037,6.026309442010446
12.157739779424556,19.925635006962988,6.026309442010446
12.157739779424556,20.323532649448936,6.026309442010446
12.157739779424556,20.721430291934887,6.026309442010446
12.157739779424556,21.119327934420834,6.026309442010446
12.157739779424556,21.517225576906785,6.026309442010446
12.157739779424556,21.915123219392733,6.026309442010446
12.157739779424556,22.313020861878684,6.026309442010446
12.157739779424556,22.710918504364635,6.026309442010446
12.157739779424556,23.108816146850582,6.026309442010446
13.314301043760041,3.6118316650390634,6.251307649647885
13.314301043760041,4.009729307525013,6.251307649647885
12.091392230801242,4.407626950010962,6.251307649647885
12.091392230801242,4.805524592496912,6.251307649647885
12.091392230801242,5.203422234982861,6.251307649647885
12.091392230801242,5.601319877468811,6.251307649647885
12.091392230801242,5.99921751995476,6.251307649647885
12.091392230801242,6.397115162440709,6.251307649647885
12.091392230801242,6.7950128049266585,6.251307649647885
12.091392230801242,7.192910447412608,6.251307649647885
12.091392230801242,7.590808089898557,6.251307649647885
12.091392230801242,7.988705732384506,6.251307649647885
12.160683343325774,8.386603374870457,6.251307649647885
12.160683343325774,8.784501017356405,6.251307649647885
12.160683343325774,9.182398659842356,6.251307649647885
12.160683343325774,9.580296302328303,6.251307649647885
12.157935081316596,9.978193944814254,6.251307649647885
12.157935081316596,10.376091587300202,6.251307649647885
12.157935081316596,10.773989229786153,6.251307649647885
12.157739779424556,11.1718868722721,6.251307649647885
12.157739779424556,11.569784514758052,6.251307649647885
12.157739779424556,11.967682157243999,6.251307649647885
12.157739779424556,12.36557979972995,6.251307649647885
12.157739779424556,12.763477442215898,6.251307649647885
12.157739779424556,13.161375084701849,6.251307649647885
12.157739779424556,13.5592727271878,6.251307649647885
12.157739779424556,13.957170369673747,6.251307649647885
12.157739779424556,14.355068012159698,6.251307649647885
12.157739779424556,14.752965654645646,6.251307649647885
12.157739779424556,15.150863297131597,6.251307649647885
12.157739779424556,15.548760939617544,6.251307649647885
12.157739779424556,15.946658582103495,6.251307649647885
12.157739779424556,16.344556224589443,6.251307649647885
12.157739779424556,16.742453867075394,6.251307649647885
12.157739779424556,17.14035150956134,6.251307649647885
12.157739779424556,17.538249152047293,6.251307649647885
12.157739779424556,17.93614679453324,6.251307649647885
12.157739779424556,18.33404443701919,6.251307649647885
12.157739779424556,18.73194207950514,6.251307649647885
12.157739779424556,19.12983972199109,6.251307649647885
12.157739779424556,19.527737364477037,6.251307649647885
12.157739779424556,19.925635006962988,6.251307649647885
12.157739779424556,20.323532649448936,6.251307649647885
12.157739779424556,20.721430291934887,6.251307649647885
12.157739779424556,21.119327934420834,6.251307649647885
12.157739779424556,21.517225576906785,6.251307649647885
12.157739779424556,21.915123219392733,6.251307649647885
12.157739779424556,22.313020861878684,6.251307649647885
12.157739779424556,22.710918504364635,6.251307649647885
12.157739779424556,23.108816146850582,6.251307649647885
13.314301043760041,3.6118316650390634,6.476305857285324
13.314301043760041,4.009729307525013,6.476305857285324
12.091392230801242,4.407626950010962,6.476305857285324
12.091392230801242,4.805524592496912,6.476305857285324
12.091392230801242,5.203422234982861,6.476305857285324
12.091392230801242,5.601319877468811,6.476305857285324
12.091392230801242,5.99921751995476,6.476305857285324
12.091392230801242,6.397115162440709,6.476305857285324
12.091392230801242,6.7950128049266585,6.476305857285324
12.091392230801242,7.192910447412608,6.476305857285324
12.091392230801242,7.590808089898557,6.476305857285324
12.091392230801242,7.988705732384506,6.476305857285324
12.160683343325774,8.386603374870457,6.476305857285324
12.160683343325774,8.784501017356405,6.476305857285324
12.160683343325774,9.182398659842356,6.476305857285324
12.160683343325774,9.580296302328303,6.476305857285324
12.157935081316596,9.978193944814254,6.476305857285324
12.157935081316596,10.376091587300202,6.476305857285324
12.157935081316596,10.773989229786153,6.476305857285324
12.157739779424556,11.1718868722721,6.476305857285324
12.157739779424556,11.569784514758052,6.476305857285324
12.157739779424556,11.967682157243999,6.476305857285324
12.157739779424556,12.36557979972995,6.476305857285324
12.157739779424556,12.763477442215898,6.476305857285324
12.157739779424556,13.161375084701849,6.476305857285324
12.157739779424556,13.5592727271878,6.476305857285324
12.157739779424556,13.957170369673747,6.476305857285324
12.157739779424556,14.355068012159698,6.476305857285324
12.157739779424556,14.752965654645646,6.476305857285324
12.157739779424556,15.150863297131597,6.476305857285324
12.157739779424556,15.548760939617544,6.476305857285324
12.157739779424556,15.946658582103495,6.476305857285324
12.157739779424556,16.344556224589443,6.476305857285324
12.157739779424556,16.742453867075394,6.476305857285324
12.157739779424556,17.14035150956134,6.476305857285324
12.157739779424556,17.538249152047293,6.476305857285324
12.157739779424556,17.93614679453324,6.476305857285324
12.157739779424556,18.33404443701919,6.476305857285324
12.157739779424556,18.73194207950514,6.476305857285324
12.157739779424556,19.12983972199109,6.476305857285324
12.157739779424556,19.527737364477037,6.476305857285324
12.157739779424556,19.925635006962988,6.476305857285324
12.157739779424556,20.323532649448936,6.476305857285324
12.157739779424556,20.721430291934887,6.476305857285324
12.157739779424556,21.119327934420834,6.476305857285324
12.157739779424556,21.517225576906785,6.476305857285324
12.157739779424556,21.915123219392733,6.476305857285324
12.157739779424556,22.313020861878684,6.476305857285324
12.157739779424556,22.710918504364635,6.476305857285324
12.157739779424556,23.108816146850582,6.476305857285324
13.314301043760041,3.6118316650390634,6.701304064922763
13.314301043760041,4.009729307525013,6.701304064922763
12.091392230801242,4.407626950010962,6.701304064922763
12.091392230801242,4.805524592496912,6.701304064922763
12.091392230801242,5.203422234982861,6.701304064922763
12.091392230801242,5.601319877468811,6.701304064922763
12.091392230801242,5.99921751995476,6.701304064922763
12.091392230801242,6.397115162440709,6.701304064922763
12.091392230801242,6.7950128049266585,6.701304064922763
12.091392230801242,7.192910447412608,6.701304064922763
12.091392230801242,7.590808089898557,6.701304064922763
12.091392230801242,7.988705732384506,6.701304064922763
12.160683343325774,8.386603374870457,6.701304064922763
12.160683343325774,8.784501017356405,6.701304064922763
12.160683343325774,9.182398659842356,6.701304064922763
12.160683343325774,9.580296302328303,6.701304064922763
12.157935081316596,9.978193944814254,6.701304064922763
12.157935081316596,10.376091587300202,6.701304064922763
12.157935081316596,10.773989229786153,6.701304064922763
12.157739779424556,11.1718868722721,6.701304064922763
12.157739779424556,11.569784514758052,6.701304064922763
12.157739779424556,11.967682157243999,6.701304064922763
12.157739779424556,12.36557979972995,6.701304064922763
12.157739779424556,12.763477442215898,6.701304064922763
12.157739779424556,13.161375084701849,6.701304064922763
12.157739779424556,13.5592727271878,6.701304064922763
12.157739779424556,13.957170369673747,6.701304064922763
12.157739779424556,14.355068012159698,6.701304064922763
12.157739779424556,14.752965654645646,6.701304064922763
12.157739779424556,15.150863297131597,6.701304064922763
12.157739779424556,15.548760939617544,6.701304064922763
12.157739779424556,15.946658582103495,6.701304064922763
12.157739779424556,16.344556224589443,6.701304064922763
12.157739779424556,16.742453867075394,6.701304064922763
12.157739779424556,17.14035150956134,6.701304064922763
12.157739779424556,17.538249152047293,6.701304064922763
12.157739779424556,17.93614679453324,6.701304064922763
12.157739779424556,18.33404443701919,6.701304064922763
12.157739779424556,18.73194207950514,6.701304064922763
12.157739779424556,19.12983972199109,6.701304064922763
12.157739779424556,19.527737364477037,6.701304064922763
12.157739779424556,19.925635006962988,6.701304064922763
12.157739779424556,20.323532649448936,6.701304064922763
12.157739779424556,20.721430291934887,6.701304064922763
12.157739779424556,21.119327934420834,6.701304064922763
12.157739779424556,21.517225576906785,6.701304064922763
12.157739779424556,21.915123219392733,6.701304064922763
12.157739779424556,22.313020861878684,6.701304064922763
12.157739779424556,22.710918504364635,6.701304064922763
12.157739779424556,23.108816146850582,6.701304064922763
13.313415272922004,3.6118316650390634,6.926302272560202
13.313415272922004,4.009729307525013,6.926302272560202
12.090588611325519,4.407626950010962,6.926302272560202
12.090588611325519,4.805524592496912,6.926302272560202
12.090588611325519,5.203422234982861,6.926302272560202
12.090588611325519,5.601319877468811,6.926302272560202
12.090588611325519,5.99921751995476,6.926302272560202
12.090588611325519,6.397115162440709,6.926302272560202
12.090588611325519,6.7950128049266585,6.926302272560202
12.090588611325519,7.192910447412608,6.926302272560202
12.090588611325519,7.590808089898557,6.926302272560202
12.090588611325519,7.988705732384506,6.926302272560202
12.159875750724284,8.386603374870457,6.926302272560202
12.159875750724284,8.784501017356405,6.926302272560202
12.159875750724284,9.182398659842356,6.926302272560202
12.159875750724284,9.580296302328303,6.926302272560202
12.159875750724284,9.978193944814254,6.926302272560202
12.159875750724284,10.376091587300202,6.926302272560202
12.159875750724284,10.773989229786153,6.926302272560202
12.159676277755912,11.1718868722721,6.926302272560202
12.159676277755912,11.569784514758052,6.926302272560202
12.159676277755912,11.967682157243999,6.926302272560202
12.159676277755912,12.36557979972995,6.926302272560202
12.159676277755912,12.763477442215898,6.926302272560202
12.159676277755912,13.161375084701849,6.926302272560202
12.159676277755912,13.5592727271878,6.926302272560202
12.159676277755912,13.957170369673747,6.926302272560202
12.159676277755912,14.355068012159698,6.926302272560202
12.159676277755912,14.752965654645646,6.926302272560202
12.159676277755912,15.150863297131597,6.926302272560202
12.159676277755912,15.548760939617544,6.926302272560202
12.159676277755912,15.946658582103495,6.926302272560202
12.159676277755912,16.344556224589443,6.926302272560202
12.159676277755912,16.742453867075394,6.926302272560202
12.159676277755912,17.14035150956134,6.926302272560202
12.159676277755912,17.538249152047293,6.926302272560202
12.159676277755912,17.93614679453324,6.926302272560202
12.159676277755912,18.33404443701919,6.926302272560202
12.159676277755912,18.73194207950514,6.926302272560202
12.159676277755912,19.12983972199109,6.926302272560202
12.159676277755912,19.527737364477037,6.926302272560202
12.159676277755912,19.925635006962988,6.926302272560202
12.159676277755912,20.323532649448936,6.926302272560202
12.159676277755912,20.721430291934887,6.926302272560202
12.159676277755912,21.119327934420834,6.926302272560202
12.159676277755912,21.517225576906785,6.926302272560202
12.159676277755912,21.915123219392733,6.926302272560202
12.159676277755912,22.313020861878684,6.926302272560202
12.159676277755912,22.710918504364635,6.926302272560202
12.159676277755912,23.108816146850582,6.926302272560202
13.313415272922004,3.6118316650390634,7.15130048019764
13.313415272922004,4.009729307525013,7.15130048019764
12.090588611325519,4.407626950010962,7.15130048019764
12.090588611325519,4.805524592496912,7.15130048019764
12.090588611325519,5.203422234982861,7.15130048019764
12.090588611325519,5.601319877468811,7.15130048019764
12.090588611325519,5.99921751995476,7.15130048019764
12.090588611325519,6.397115162440709,7.15130048019764
12.090588611325519,6.7950128049266585,7.15130048019764
12.090588611325519,7.192910447412608,7.15130048019764
12.090588611325519,7.590808089898557,7.15130048019764
12.090588611325519,7.988705732384506,7.15130048019764
12.159875750724284,8.386603374870457,7.15130048019764
12.159875750724284,8.784501017356405,7.15130048019764
12.159875750724284,9.182398659842356,7.15130048019764
12.159875750724284,9.580296302328303,7.15130048019764
12.159875750724284,9.978193944814254,7.15130048019764
12.159875750724284,10.376091587300202,7.15130048019764
12.159875750724284,10.773989229786153,7.15130048019764
12.159676277755912,11.1718868722721,7.15130048019764
12.159676277755912,11.569784514758052,7.15130048019764
12.159676277755912,11.967682157243999,7.15130048019764
12.159676277755912,12.36557979972995,7.15130048019764
12.159676277755912,12.763477442215898,7.15130048019764
12.159676277755912,13.161375084701849,7.15130048019764
12.159676277755912,13.5592727271878,7.15130048019764
12.159676277755912,13.957170369673747,7.15130048019764
12.159676277755912,14.355068012159698,7.15130048019764
12.159676277755912,14.752965654645646,7.15130048019764
12.159676277755912,15.150863297131597,7.15130048019764
12.159676277755912,15.548760939617544,7.15130048019764
12.159676277755912,15.946658582103495,7.15130048019764
12.159676277755912,16.344556224589443,7.15130048019764
12.159676277755912,16.742453867075394,7.15130048019764
12.159676277755912,17.14035150956134,7.15130048019764
12.159676277755912,17.538249152047293,7.15130048019764
12.159676277755912,17.93614679453324,7.15130048019764
12.159676277755912,18.33404443701919,7.15130048019764
12.159676277755912,18.73194207950514,7.15130048019764
12.159676277755912,19.12983972199109,7.15130048019764
12.159676277755912,19.527737364477037,7.15130048019764
12.159676277755912,19.925635006962988,7.15130048019764
12.159676277755912,20.323532649448936,7.15130048019764
12.159676277755912,20.721430291934887,7.15130048019764
12.159676277755912,21.119327934420834,7.15130048019764
12.159676277755912,21.517225576906785,7.15130048019764
12.159676277755912,21.915123219392733,7.15130048019764
12.159676277755912,22.313020861878684,7.15130048019764
12.159676277755912,22.710918504364635,7.15130048019764
12.159676277755912,23.108816146850582,7.15130048019764
13.313415272922004,3.6118316650390634,7.376298687835079
13.313415272922004,4.009729307525013,7.376298687835079
12.090588611325519,4.407626950010962,7.376298687835079
12.090588611325519,4.805524592496912,7.376298687835079
12.090588611325519,5.203422234982861,7.376298687835079
12.090588611325519,5.601319877468811,7.376298687835079
12.090588611325519,5.99921751995476,7.376298687835079
12.090588611325519,6.397115162440709,7.376298687835079
12.090588611325519,6.7950128049266585,7.376298687835079
12.090588611325519,7.192910447412608,7.376298687835079
12.090588611325519,7.590808089898557,7.376298687835079
12.090588611325519,7.988705732384506,7.376298687835079
12.159875750724284,8.386603374870457,7.376298687835079
12.159875750724284,8.784501017356405,7.376298687835079
12.159875750724284,9.182398659842356,7.376298687835079
12.159875750724284,9.580296302328303,7.376298687835079
12.159875750724284,9.978193944814254,7.376298687835079
12.159875750724284,10.376091587300202,7.376298687835079
12.159875750724284,10.773989229786153,7.376298687835079
12.159676277755912,11.1718868722721,7.376298687835079
12.159676277755912,11.569784514758052,7.376298687835079
12.159676277755912,11.967682157243999,7.376298687835079
12.159676277755912,12.36557979972995,7.376298687835079
12.159676277755912,12.763477442215898,7.376298687835079
12.159676277755912,13.161375084701849,7.376298687835079
12.159676277755912,13.5592727271878,7.376298687835079
12.159676277755912,13.957170369673747,7.376298687835079
12.159676277755912,14.355068012159698,7.376298687835079
12.159676277755912,14.752965654645646,7.376298687835079
12.159676277755912,15.150863297131597,7.376298687835079
12.159676277755912,15.548760939617544,7.376298687835079
12.159676277755912,15.946658582103495,7.376298687835079
12.159676277755912,16.344556224589443,7.376298687835079
12.159676277755912,16.742453867075394,7.376298687835079
12.159676277755912,17.14035150956134,7.376298687835079
12.159676277755912,17.538249152047293,7.376298687835079
12.159676277755912,17.93614679453324,7.376298687835079
12.159676277755912,18.33404443701919,7.376298687835079
12.159676277755912,18.73194207950514,7.376298687835079
12.159676277755912,19.12983972199109,7.376298687835079
12.159676277755912,19.527737364477037,7.376298687835079
12.159676277755912,19.925635006962988,7.376298687835079
12.159676277755912,20.323532649448936,7.376298687835079
12.159676277755912,20.721430291934887,7.376298687835079
12.159676277755912,21.119327934420834,7.376298687835079
12.159676277755912,21.517225576906785,7.376298687835079
12.159676277755912,21.915123219392733,7.376298687835079
12.159676277755912,22.313020861878684,7.376298687835079
12.159676277755912,22.710918504364635,7.376298687835079
12.159676277755912,23.108816146850582,7.376298687835079
13.313415272922004,3.6118316650390634,7.601296895472518
13.313415272922004,4.009729307525013,7.601296895472518
12.090588611325519,4.407626950010962,7.601296895472518
12.090588611325519,4.805524592496912,7.601296895472518
12.090588611325519,5.203422234982861,7.601296895472518
12.090588611325519,5.601319877468811,7.601296895472518
12.090588611325519,5.99921751995476,7.601296895472518
12.090588611325519,6.397115162440709,7.601296895472518
12.090588611325519,6.7950128049266585,7.601296895472518
12.090588611325519,7.192910447412608,7.601296895472518
12.090588611325519,7.590808089898557,7.601296895472518
12.090588611325519,7.988705732384506,7.601296895472518
12.159875750724284,8.386603374870457,7.601296895472518
12.159875750724284,8.784501017356405,7.601296895472518
12.159875750724284,9.182398659842356,7.601296895472518
12.159875750724284,9.580296302328303,7.601296895472518
12.159875750724284,9.978193944814254,7.601296895472518
12.159875750724284,10.376091587300202,7.601296895472518
12.159875750724284,10.773989229786153,7.601296895472518
12.159676277755912,11.1718868722721,7.601296895472518
12.159676277755912,11.569784514758052,7.601296895472518
12.159676277755912,11.967682157243999,7.601296895472518
12.159676277755912,12.36557979972995,7.601296895472518
12.159676277755912,12.763477442215898,7.601296895472518
12.159676277755912,13.161375084701849,7.601296895472518
12.159676277755912,13.5592727271878,7.601296895472518
12.159676277755912,13.957170369673747,7.601296895472518
12.159676277755912,14.355068012159698,7.601296895472518
12.159676277755912,14.752965654645646,7.601296895472518
12.159676277755912,15.150863297131597,7.601296895472518
12.159676277755912,15.548760939617544,7.601296895472518
12.159676277755912,15.946658582103495,7.601296895472518
12.159676277755912,16.344556224589443,7.601296895472518
12.159676277755912,16.742453867075394,7.601296895472518
12.159676277755912,17.14035150956134,7.601296895472518
12.159676277755912,17.538249152047293,7.601296895472518
12.159676277755912,17.93614679453324,7.601296895472518
12.159676277755912,18.33404443701919,7.601296895472518
12.159676277755912,18.73194207950514,7.601296895472518
12.159676277755912,19.12983972199109,7.601296895472518
12.159676277755912,19.527737364477037,7.601296895472518
12.159676277755912,19.925635006962988,7.601296895472518
12.159676277755912,20.323532649448936,7.601296895472518
12.159676277755912,20.721430291934887,7.601296895472518
12.159676277755912,21.119327934420834,7.601296895472518
12.159676277755912,21.517225576906785,7.601296895472518
12.159676277755912,21.915123219392733,7.601296895472518
12.159676277755912,22.313020861878684,7.601296895472518
12.159676277755912,22.710918504364635,7.601296895472518
12.159676277755912,23.108816146850582,7.601296895472518
13.313415272922004,3.6118316650390634,7.826295103109956
13.313415272922004,4.009729307525013,7.826295103109956
12.090588611325519,4.407626950010962,7.826295103109956
12.090588611325519,4.805524592496912,7.826295103109956
12.090588611325519,5.203422234982861,7.826295103109956
12.090588611325519,5.601319877468811,7.826295103109956
12.090588611325519,5.99921751995476,7.826295103109956
12.090588611325519,6.397115162440709,7.826295103109956
12.090588611325519,6.7950128049266585,7.826295103109956
12.090588611325519,7.192910447412608,7.826295103109956
12.090588611325519,7.590808089898557,7.826295103109956
12.090588611325519,7.988705732384506,7.826295103109956
12.159875750724284,8.386603374870457,7.826295103109956
12.159875750724284,8.784501017356405,7.826295103109956
12.159875750724284,9.182398659842356,7.826295103109956
12.159875750724284,9.580296302328303,7.826295103109956
12.159875750724284,9.978193944814254,7.826295103109956
12.159875750724284,10.376091587300202,7.826295103109956
12.159875750724284,10.773989229786153,7.826295103109956
12.159676277755912,11.1718868722721,7.826295103109956
12.159676277755912,11.569784514758052,7.826295103109956
12.159676277755912,11.967682157243999,7.826295103109956
12.159676277755912,12.36557979972995,7.826295103109956
12.159676277755912,12.763477442215898,7.826295103109956
12.159676277755912,13.161375084701849,7.826295103109956
12.159676277755912,13.5592727271878,7.826295103109956
12.159676277755912,13.957170369673747,7.826295103109956
12.159676277755912,14.355068012159698,7.826295103109956
12.159676277755912,14.752965654645646,7.826295103109956
12.159676277755912,15.150863297131597,7.826295103109956
12.159676277755912,15.548760939617544,7.826295103109956
12.159676277755912,15.946658582103495,7.826295103109956
12.159676277755912,16.344556224589443,7.826295103109956
12.159676277755912,16.742453867075394,7.826295103109956
12.159676277755912,17.14035150956134,7.826295103109956
12.159676277755912,17.538249152047293,7.826295103109956
12.159676277755912,17.93614679453324,7.826295103109956
12.159676277755912,18.33404443701919,7.826295103109956
12.159676277755912,18.73194207950514,7.826295103109956
12.159676277755912,19.12983972199109,7.826295103109956
12.159676277755912,19.527737364477037,7.826295103109956
12.159676277755912,19.925635006962988,7.826295103109956
12.159676277755912,20.323532649448936,7.826295103109956
12.159676277755912,20.721430291934887,7.826295103109956
12.159676277755912,21.119327934420834,7.826295103109956
12.159676277755912,21.517225576906785,7.826295103109956
12.159676277755912,21.915123219392733,7.826295103109956
12.159676277755912,22.313020861878684,7.826295103109956
12.159676277755912,22.710918504364635,7.826295103109956
12.159676277755912,23.108816146850582,7.826295103109956
13.310558535052246,3.6118316650390634,8.051293310747395
13.310558535052246,4.009729307525013,8.051293310747395
12.088010778727835,4.407626950010962,8.051293310747395
12.088010778727835,4.805524592496912,8.051293310747395
12.088010778727835,5.203422234982861,8.051293310747395
12.088010778727835,5.601319877468811,8.051293310747395
12.088010778727835,5.99921751995476,8.051293310747395
12.088010778727835,6.397115162440709,8.051293310747395
12.088010778727835,6.7950128049266585,8.051293310747395
12.088010778727835,7.192910447412608,8.051293310747395
12.088010778727835,7.590808089898557,8.051293310747395
12.088010778727835,7.988705732384506,8.051293310747395
12.157296827264028,8.386603374870457,8.051293310747395
12.157296827264028,8.784501017356405,8.051293310747395
12.157296827264028,9.182398659842356,8.051293310747395
12.157296827264028,9.580296302328303,8.051293310747395
12.157296827264028,9.978193944814254,8.051293310747395
12.157296827264028,10.376091587300202,8.051293310747395
12.157296827264028,10.773989229786153,8.051293310747395
12.157103222785377,11.1718868722721,8.051293310747395
12.157103222785377,11.569784514758052,8.051293310747395
12.157103222785377,11.967682157243999,8.051293310747395
12.157103222785377,12.36557979972995,8.051293310747395
12.157103222785377,12.763477442215898,8.051293310747395
12.157103222785377,13.161375084701849,8.051293310747395
12.157103222785377,13.5592727271878,8.051293310747395
12.157103222785377,13.957170369673747,8.051293310747395
12.157103222785377,14.355068012159698,8.051293310747395
12.157103222785377,14.752965654645646,8.051293310747395
12.157103222785377,15.150863297131597,8.051293310747395
12.157103222785377,15.548760939617544,8.051293310747395
12.157103222785377,15.946658582103495,8.051293310747395
12.157103222785377,16.344556224589443,8.051293310747395
12.157103222785377,16.742453867075394,8.051293310747395
12.157103222785377,17.14035150956134,8.051293310747395
12.157103222785377,17.538249152047293,8.051293310747395
12.157103222785377,17.93614679453324,8.051293310747395
12.157103222785377,18.33404443701919,8.051293310747395
12.157103222785377,18.73194207950514,8.051293310747395
12.157103222785377,19.12983972199109,8.051293310747395
12.157103222785377,19.527737364477037,8.051293310747395
12.157103222785377,19.925635006962988,8.051293310747395
12.157103222785377,20.323532649448936,8.051293310747395
12.157103222785377,20.721430291934887,8.051293310747395
12.157103222785377,21.119327934420834,8.051293310747395
12.157103222785377,21.517225576906785,8.051293310747395
12.157103222785377,21.915123219392733,8.051293310747395
12.157103222785377,22.313020861878684,8.051293310747395
12.157103222785377,22.710918504364635,8.051293310747395
12.157103222785377,23.108816146850582,8.051293310747395
13.310558535052246,3.6118316650390634,8.276291518384834
13.310558535052246,4.009729307525013,8.276291518384834
12.088010778727835,4.407626950010962,8.276291518384834
12.088010778727835,4.805524592496912,8.276291518384834
12.088010778727835,5.203422234982861,8.276291518384834
12.088010778727835,5.601319877468811,8.276291518384834
12.088010778727835,5.99921751995476,8.276291518384834
12.088010778727835,6.397115162440709,8.276291518384834
12.088010778727835,6.7950128049266585,8.276291518384834
12.088010778727835,7.192910447412608,8.276291518384834
12.088010778727835,7.590808089898557,8.276291518384834
12.088010778727835,7.988705732384506,8.276291518384834
12.157296827264028,8.386603374870457,8.276291518384834
12.157296827264028,8.784501017356405,8.276291518384834
12.157296827264028,9.182398659842356,8.276291518384834
12.157296827264028,9.580296302328303,8.276291518384834
12.157296827264028,9.978193944814254,8.276291518384834
12.157296827264028,10.376091587300202,8.276291518384834
12.157296827264028,10.773989229786153,8.276291518384834
12.157103222785377,11.1718868722721,8.276291518384834
12.157103222785377,11.569784514758052,8.276291518384834
12.157103222785377,11.967682157243999,8.276291518384834
12.157103222785377,12.36557979972995,8.276291518384834
12.157103222785377,12.763477442215898,8.276291518384834
12.157103222785377,13.161375084701849,8.276291518384834
12.157103222785377,13.5592727271878,8.276291518384834
12.157103222785377,13.957170369673747,8.276291518384834
12.157103222785377,14.355068012159698,8.276291518384834
12.157103222785377,14.752965654645646,8.276291518384834
12.157103222785377,15.150863297131597,8.276291518384834
12.157103222785377,15.548760939617544,8.276291518384834
12.157103222785377,15.946658582103495,8.276291518384834
12.157103222785377,16.344556224589443,8.276291518384834
12.157103222785377,16.742453867075394,8.276291518384834
12.157103222785377,17.14035150956134,8.276291518384834
12.157103222785377,17.538249152047293,8.276291518384834
12.157103222785377,17.93614679453324,8.276291518384834
12.157103222785377,18.33404443701919,8.276291518384834
12.157103222785377,18.73194207950514,8.276291518384834
12.157103222785377,19.12983972199109,8.276291518384834
12.157103222785377,19.527737364477037,8.276291518384834
12.157103222785377,19.925635006962988,8.276291518384834
12.157103222785377,20.323532649448936,8.276291518384834
12.157103222785377,20.721430291934887,8.276291518384834
12.157103222785377,21.119327934420834,8.276291518384834
12.157103222785377,21.517225576906785,8.276291518384834
12.157103222785377,21.915123219392733,8.276291518384834
12.157103222785377,22.313020861878684,8.276291518384834
12.157103222785377,22.710918504364635,8.276291518384834
12.157103222785377,23.108816146850582,8.276291518384834
13.305459098489713,3.6118316650390634,8.501289726022272
13.305459098489713,4.009729307525013,8.501289726022272
12.083383515098776,4.407626950010962,8.501289726022272
12.083383515098776,4.805524592496912,8.501289726022272
12.083383515098776,5.203422234982861,8.501289726022272
12.083383515098776,5.601319877468811,8.501289726022272
12.083383515098776,5.99921751995476,8.501289726022272
12.083383515098776,6.397115162440709,8.501289726022272
12.083383515098776,6.7950128049266585,8.501289726022272
12.083383515098776,7.192910447412608,8.501289726022272
12.083383515098776,7.590808089898557,8.501289726022272
12.083383515098776,7.988705732384506,8.501289726022272
12.15264600213861,8.386603374870457,8.501289726022272
12.15264600213861,8.784501017356405,8.501289726022272
12.15264600213861,9.182398659842356,8.501289726022272
12.15264600213861,9.580296302328303,8.501289726022272
12.15264600213861,9.978193944814254,8.501289726022272
12.15264600213861,10.376091587300202,8.501289726022272
12.15264600213861,10.773989229786153,8.501289726022272
12.152461472805335,11.1718868722721,8.501289726022272
12.152461472805335,11.569784514758052,8.501289726022272
12.152461472805335,11.967682157243999,8.501289726022272
12.152461472805335,12.36557979972995,8.501289726022272
12.152461472805335,12.763477442215898,8.501289726022272
12.152461472805335,13.161375084701849,8.501289726022272
12.152461472805335,13.5592727271878,8.501289726022272
12.152461472805335,13.957170369673747,8.501289726022272
12.152461472805335,14.355068012159698,8.501289726022272
12.152461472805335,14.752965654645646,8.501289726022272
12.152461472805335,15.150863297131597,8.501289726022272
12.152461472805335,15.548760939617544,8.501289726022272
12.152461472805335,15.946658582103495,8.501289726022272
12.152461472805335,16.344556224589443,8.501289726022272
12.152461472805335,16.742453867075394,8.501289726022272
12.152461472805335,17.14035150956134,8.501289726022272
12.152461472805335,17.538249152047293,8.501289726022272
12.152461472805335,17.93614679453324,8.501289726022272
12.152461472805335,18.33404443701919,8.501289726022272
12.152461472805335,18.73194207950514,8.501289726022272
12.152461472805335,19.12983972199109,8.501289726022272
12.152461472805335,19.527737364477037,8.501289726022272
12.152461472805335,19.925635006962988,8.501289726022272
12.152461472805335,20.323532649448936,8.501289726022272
12.152461472805335,20.721430291934887,8.501289726022272
12.152461472805335,21.119327934420834,8.501289726022272
12.152461472805335,21.517225576906785,8.501289726022272
12.152461472805335,21.915123219392733,8.501289726022272
12.152461472805335,22.313020861878684,8.501289726022272
12.152461472805335,22.710918504364635,8.501289726022272
12.152461472805335,23.108816146850582,8.501289726022272
13.305459098489713,3.6118316650390634,8.726287933659712
13.305459098489713,4.009729307525013,8.726287933659712
12.083383515098776,4.407626950010962,8.726287933659712
12.083383515098776,4.805524592496912,8.726287933659712
12.083383515098776,5.203422234982861,8.726287933659712
12.083383515098776,5.601319877468811,8.726287933659712
12.083383515098776,5.99921751995476,8.726287933659712
12.083383515098776,6.397115162440709,8.726287933659712
12.083383515098776,6.7950128049266585,8.726287933659712
12.083383515098776,7.192910447412608,8.726287933659712
12.083383515098776,7.590808089898557,8.726287933659712
12.083383515098776,7.988705732384506,8.726287933659712
12.15264600213861,8.386603374870457,8.726287933659712
12.15264600213861,8.784501017356405,8.726287933659712
12.15264600213861,9.182398659842356,8.726287933659712
12.15264600213861,9.580296302328303,8.726287933659712
12.15264600213861,9.978193944814254,8.726287933659712
12.15264600213861,10.376091587300202,8.726287933659712
12.15264600213861,10.773989229786153,8.726287933659712
12.152461472805335,11.1718868722721,8.726287933659712
12.152461472805335,11.569784514758052,8.726287933659712
12.152461472805335,11.967682157243999,8.726287933659712
12.152461472805335,12.36557979972995,8.726287933659712
12.152461472805335,12.763477442215898,8.726287933659712
12.152461472805335,13.161375084701849,8.726287933659712
12.152461472805335,13.5592727271878,8.726287933659712
12.152461472805335,13.957170369673747,8.726287933659712
12.152461472805335,14.355068012159698,8.726287933659712
12.152461472805335,14.752965654645646,8.726287933659712
12.152461472805335,15.150863297131597,8.726287933659712
12.152461472805335,15.548760939617544,8.726287933659712
12.152461472805335,15.946658582103495,8.726287933659712
12.152461472805335,16.344556224589443,8.726287933659712
12.152461472805335,16.742453867075394,8.726287933659712
12.152461472805335,17.14035150956134,8.726287933659712
12.152461472805335,17.538249152047293,8.726287933659712
12.152461472805335,17.93614679453324,8.726287933659712
12.152461472805335,18.33404443701919,8.726287933659712
12.152461472805335,18.73194207950514,8.726287933659712
12.152461472805335,19.12983972199109,8.726287933659712
12.152461472805335,19.527737364477037,8.726287933659712
12.152461472805335,19.925635006962988,8.726287933659712
12.152461472805335,20.323532649448936,8.726287933659712
12.152461472805335,20.721430291934887,8.726287933659712
12.152461472805335,21.119327934420834,8.726287933659712
12.152461472805335,21.517225576906785,8.726287933659712
12.152461472805335,21.915123219392733,8.726287933659712
12.152461472805335,22.313020861878684,8.726287933659712
12.152461472805335,22.710918504364635,8.726287933659712
12.152461472805335,23.108816146850582,8.726287933659712
9.635139041750731,3.6118316650390634,8.95128614129715
9.635139041750731,4.009729307525013,8.95128614129715
8.743621547686292,4.407626950010962,8.95128614129715
8.743621547686292,4.805524592496912,8.95128614129715
8.743621547686292,5.203422234982861,8.95128614129715
8.743621547686292,5.601319877468811,8.95128614129715
8.743621547686292,5.99921751995476,8.95128614129715
8.743621547686292,6.397115162440709,8.95128614129715
8.743621547686292,6.7950128049266585,8.95128614129715
8.743621547686292,7.192910447412608,8.95128614129715
8.743621547686292,7.590808089898557,8.95128614129715
8.743621547686292,7.988705732384506,8.95128614129715
8.788192109610701,8.386603374870457,8.95128614129715
8.788192109610701,8.784501017356405,8.95128614129715
8.788192109610701,9.182398659842356,8.95128614129715
8.788192109610701,9.580296302328303,8.95128614129715
8.788192109610701,9.978193944814254,8.95128614129715
8.788192109610701,10.376091587300202,8.95128614129715
8.788192109610701,10.773989229786153,8.95128614129715
8.788058288137151,11.1718868722721,8.95128614129715
8.788058288137151,11.569784514758052,8.95128614129715
8.788058288137151,11.967682157243999,8.95128614129715
8.788058288137151,12.36557979972995,8.95128614129715
8.788058288137151,12.763477442215898,8.95128614129715
8.788058288137151,13.161375084701849,8.95128614129715
8.788058288137151,13.5592727271878,8.95128614129715
8.788058288137151,13.957170369673747,8.95128614129715
8.788058288137151,14.355068012159698,8.95128614129715
8.788058288137151,14.752965654645646,8.95128614129715
8.788058288137151,15.150863297131597,8.95128614129715
8.788058288137151,15.548760939617544,8.95128614129715
8.788058288137151,15.946658582103495,8.95128614129715
8.788058288137151,16.344556224589443,8.95128614129715
8.788058288137151,16.742453867075394,8.95128614129715
8.788058288137151,17.14035150956134,8.95128614129715
8.788058288137151,17.538249152047293,8.95128614129715
8.788058288137151,17.93614679453324,8.95128614129715
8.788058288137151,18.33404443701919,8.95128614129715
8.788058288137151,18.73194207950514,8.95128614129715
8.788058288137151,19.12983972199109,8.95128614129715
8.788058288137151,19.527737364477037,8.95128614129715
8.788058288137151,19.925635006962988,8.95128614129715
8.788058288137151,20.323532649448936,8.95128614129715
8.788058288137151,20.721430291934887,8.95128614129715
8.788058288137151,21.119327934420834,8.95128614129715
8.788058288137151,21.517225576906785,8.95128614129715
8.788058288137151,21.915123219392733,8.95128614129715
8.788058288137151,22.313020861878684,8.95128614129715
8.788058288137151,22.710918504364635,8.95128614129715
8.788058288137151,23.108816146850582,8.95128614129715
9.635139041750731,3.6118316650390634,9.176284348934589
9.635139041750731,4.009729307525013,9.176284348934589
8.743621547686292,4.407626950010962,9.176284348934589
8.743621547686292,4.805524592496912,9.176284348934589
8.743621547686292,5.203422234982861,9.176284348934589
8.743621547686292,5.601319877468811,9.176284348934589
8.743621547686292,5.99921751995476,9.176284348934589
8.743621547686292,6.397115162440709,9.176284348934589
8.743621547686292,6.7950128049266585,9.176284348934589
8.743621547686292,7.192910447412608,9.176284348934589
8.743621547686292,7.590808089898557,9.176284348934589
8.743621547686292,7.988705732384506,9.176284348934589
8.788192109610701,8.386603374870457,9.176284348934589
8.788192109610701,8.784501017356405,9.176284348934589
8.788192109610701,9.182398659842356,9.176284348934589
8.788192109610701,9.580296302328303,9.176284348934589
8.788192109610701,9.978193944814254,9.176284348934589
8.788192109610701,10.376091587300202,9.176284348934589
8.788192109610701,10.773989229786153,9.176284348934589
8.788058288137151,11.1718868722721,9.176284348934589
8.788058288137151,11.569784514758052,9.176284348934589
8.788058288137151,11.967682157243999,9.176284348934589
8.788058288137151,12.36557979972995,9.176284348934589
8.788058288137151,12.763477442215898,9.176284348934589
8.788058288137151,13.161375084701849,9.176284348934589
8.788058288137151,13.5592727271878,9.176284348934589
8.788058288137151,13.957170369673747,9.176284348934589
8.788058288137151,14.355068012159698,9.176284348934589
8.788058288137151,14.752965654645646,9.176284348934589
8.788058288137151,15.150863297131597,9.176284348934589
8.788058288137151,15.548760939617544,9.176284348934589
8.788058288137151,15.946658582103495,9.176284348934589
8.788058288137151,16.344556224589443,9.176284348934589
8.788058288137151,16.742453867075394,9.176284348934589
8.788058288137151,17.14035150956134,9.176284348934589
8.788058288137151,17.538249152047293,9.176284348934589
8.788058288137151,17.93614679453324,9.176284348934589
8.788058288137151,18.33404443701919,9.176284348934589
8.788058288137151,18.73194207950514,9.176284348934589
8.788058288137151,19.12983972199109,9.176284348934589
8.788058288137151,19.527737364477037,9.176284348934589
8.788058288137151,19.925635006962988,9.176284348934589
8.788058288137151,20.323532649448936,9.176284348934589
8.788058288137151,20.721430291934887,9.176284348934589
8.788058288137151,21.119327934420834,9.176284348934589
8.788058288137151,21.517225576906785,9.176284348934589
8.788058288137151,21.915123219392733,9.176284348934589
8.788058288137151,22.313020861878684,9.176284348934589
8.788058288137151,22.710918504364635,9.176284348934589
8.788058288137151,23.108816146850582,9.176284348934589
9.635139041750731,3.6118316650390634,9.401282556572028
9.635139041750731,4.009729307525013,9.401282556572028
8.743621547686292,4.407626950010962,9.401282556572028
8.743621547686292,4.805524592496912,9.401282556572028
8.743621547686292,5.203422234982861,9.401282556572028
8.743621547686292,5.601319877468811,9.401282556572028
8.743621547686292,5.99921751995476,9.401282556572028
8.743621547686292,6.397115162440709,9.401282556572028
8.743621547686292,6.7950128049266585,9.401282556572028
8.743621547686292,7.192910447412608,9.401282556572028
8.743621547686292,7.590808089898557,9.401282556572028
8.743621547686292,7.988705732384506,9.401282556572028
8.788192109610701,8.386603374870457,9.401282556572028
8.788192109610701,8.784501017356405,9.401282556572028
8.788192109610701,9.182398659842356,9.401282556572028
8.788192109610701,9.580296302328303,9.401282556572028
8.788192109610701,9.978193944814254,9.401282556572028
8.788192109610701,10.376091587300202,9.401282556572028
8.788192109610701,10.773989229786153,9.401282556572028
8.788058288137151,11.1718868722721,9.401282556572028
8.788058288137151,11.569784514758052,9.401282556572028
8.788058288137151,11.967682157243999,9.401282556572028
8.788058288137151,12.36557979972995,9.401282556572028
8.788058288137151,12.763477442215898,9.401282556572028
8.788058288137151,13.161375084701849,9.401282556572028
8.788058288137151,13.5592727271878,9.401282556572028
8.788058288137151,13.957170369673747,9.401282556572028
8.788058288137151,14.355068012159698,9.401282556572028
8.788058288137151,14.752965654645646,9.401282556572028
8.788058288137151,15.150863297131597,9.401282556572028
8.788058288137151,15.548760939617544,9.401282556572028
8.788058288137151,15.946658582103495,9.401282556572028
8.788058288137151,16.344556224589443,9.401282556572028
8.788058288137151,16.742453867075394,9.401282556572028
8.788058288137151,17.14035150956134,9.401282556572028
8.788058288137151,17.538249152047293,9.401282556572028
8.788058288137151,17.93614679453324,9.401282556572028
8.788058288137151,18.33404443701919,9.401282556572028
8.788058288137151,18.73194207950514,9.401282556572028
8.788058288137151,19.12983972199109,9.401282556572028
8.788058288137151,19.527737364477037,9.401282556572028
8.788058288137151,19.925635006962988,9.401282556572028
8.788058288137151,20.323532649448936,9.401282556572028
8.788058288137151,20.721430291934887,9.401282556572028
8.788058288137151,21.119327934420834,9.401282556572028
8.788058288137151,21.517225576906785,9.401282556572028
8.788058288137151,21.915123219392733,9.401282556572028
8.788058288137151,22.313020861878684,9.401282556572028
8.788058288137151,22.710918504364635,9.401282556572028
8.788058288137151,23.108816146850582,9.401282556572028
9.635139041750731,3.6118316650390634,9.626280764209465
9.635139041750731,4.009729307525013,9.626280764209465
8.743621547686292,4.407626950010962,9.626280764209465
8.743621547686292,4.805524592496912,9.626280764209465
8.743621547686292,5.203422234982861,9.626280764209465
8.743621547686292,5.601319877468811,9.626280764209465
8.743621547686292,5.99921751995476,9.626280764209465
8.743621547686292,6.397115162440709,9.626280764209465
8.743621547686292,6.7950128049266585,9.626280764209465
8.743621547686292,7.192910447412608,9.626280764209465
8.743621547686292,7.590808089898557,9.626280764209465
8.743621547686292,7.988705732384506,9.626280764209465
8.788192109610701,8.386603374870457,9.626280764209465
8.788192109610701,8.784501017356405,9.626280764209465
8.788192109610701,9.182398659842356,9.626280764209465
8.788192109610701,9.580296302328303,9.626280764209465
8.788192109610701,9.978193944814254,9.626280764209465
8.788192109610701,10.376091587300202,9.626280764209465
8.788192109610701,10.773989229786153,9.626280764209465
8.788058288137151,11.1718868722721,9.626280764209465
8.788058288137151,11.569784514758052,9.626280764209465
8.788058288137151,11.967682157243999,9.626280764209465
8.788058288137151,12.36557979972995,9.626280764209465
8.788058288137151,12.763477442215898,9.626280764209465
8.788058288137151,13.161375084701849,9.626280764209465
8.788058288137151,13.5592727271878,9.626280764209465
8.788058288137151,13.957170369673747,9.626280764209465
8.788058288137151,14.355068012159698,9.626280764209465
8.788058288137151,14.752965654645646,9.626280764209465
8.788058288137151,15.150863297131597,9.626280764209465
8.788058288137151,15.548760939617544,9.626280764209465
8.788058288137151,15.946658582103495,9.626280764209465
8.788058288137151,16.344556224589443,9.626280764209465
8.788058288137151,16.742453867075394,9.626280764209465
8.788058288137151,17.14035150956134,9.626280764209465
8.788058288137151,17.538249152047293,9.626280764209465
8.788058288137151,17.93614679453324,9.626280764209465
8.788058288137151,18.33404443701919,9.626280764209465
8.788058288137151,18.73194207950514,9.626280764209465
8.788058288137151,19.12983972199109,9.626280764209465
8.788058288137151,19.527737364477037,9.626280764209465
8.788058288137151,19.925635006962988,9.626280764209465
8.788058288137151,20.323532649448936,9.626280764209465
8.788058288137151,20.721430291934887,9.626280764209465
8.788058288137151,21.119327934420834,9.626280764209465
8.788058288137151,21.517225576906785,9.626280764209465
8.788058288137151,21.915123219392733,9.626280764209465
8.788058288137151,22.313020861878684,9.626280764209465
8.788058288137151,22.710918504364635,9.626280764209465
8.788058288137151,23.108816146850582,9.626280764209465
9.635139041750731,3.6118316650390634,9.851278971846906
9.635139041750731,4.009729307525013,9.851278971846906
8.743621547686292,4.407626950010962,9.851278971846906
8.743621547686292,4.805524592496912,9.851278971846906
8.743621547686292,5.203422234982861,9.851278971846906
8.743621547686292,5.601319877468811,9.851278971846906
8.743621547686292,5.99921751995476,9.851278971846906
8.743621547686292,6.397115162440709,9.851278971846906
8.743621547686292,6.7950128049266585,9.851278971846906
8.743621547686292,7.192910447412608,9.851278971846906
8.743621547686292,7.590808089898557,9.851278971846906
8.743621547686292,7.988705732384506,9.851278971846906
8.788192109610701,8.386603374870457,9.851278971846906
8.788192109610701,8.784501017356405,9.851278971846906
8.788192109610701,9.182398659842356,9.851278971846906
8.788192109610701,9.580296302328303,9.851278971846906
8.788192109610701,9.978193944814254,9.851278971846906
8.788192109610701,10.376091587300202,9.851278971846906
8.788192109610701,10.773989229786153,9.851278971846906
8.788058288137151,11.1718868722721,9.851278971846906
8.788058288137151,11.569784514758052,9.851278971846906
8.788058288137151,11.967682157243999,9.851278971846906
8.788058288137151,12.36557979972995,9.851278971846906
8.788058288137151,12.763477442215898,9.851278971846906
8.788058288137151,13.161375084701849,9.851278971846906
8.788058288137151,13.5592727271878,9.851278971846906
8.788058288137151,13.957170369673747,9.851278971846906
8.788058288137151,14.355068012159698,9.851278971846906
8.788058288137151,14.752965654645646,9.851278971846906
8.788058288137151,15.150863297131597,9.851278971846906
8.788058288137151,15.548760939617544,9.851278971846906
8.788058288137151,15.946658582103495,9.851278971846906
8.788058288137151,16.344556224589443,9.851278971846906
8.788058288137151,16.742453867075394,9.851278971846906
8.788058288137151,17.14035150956134,9.851278971846906
8.788058288137151,17.538249152047293,9.851278971846906
8.788058288137151,17.93614679453324,9.851278971846906
8.788058288137151,18.33404443701919,9.851278971846906
8.788058288137151,18.73194207950514,9.851278971846906
8.788058288137151,19.12983972199109,9.851278971846906
8.788058288137151,19.527737364477037,9.851278971846906
8.788058288137151,19.925635006962988,9.851278971846906
8.788058288137151,20.323532649448936,9.851278971846906
8.788058288137151,20.721430291934887,9.851278971846906
8.788058288137151,21.119327934420834,9.851278971846906
8.788058288137151,21.517225576906785,9.851278971846906
8.788058288137151,21.915123219392733,9.851278971846906
8.788058288137151,22.313020861878684,9.851278971846906
8.788058288137151,22.710918504364635,9.851278971846906
8.788058288137151,23.108816146850582,9.851278971846906
9.635139041750731,3.6118316650390634,10.076277179484343
9.635139041750731,4.009729307525013,10.076277179484343
8.743621547686292,4.407626950010962,10.076277179484343
8.743621547686292,4.805524592496912,10.076277179484343
8.743621547686292,5.203422234982861,10.076277179484343
8.743621547686292,5.601319877468811,10.076277179484343
8.743621547686292,5.99921751995476,10.076277179484343
8.743621547686292,6.397115162440709,10.076277179484343
8.743621547686292,6.7950128049266585,10.076277179484343
8.743621547686292,7.192910447412608,10.076277179484343
8.743621547686292,7.590808089898557,10.076277179484343
8.743621547686292,7.988705732384506,10.076277179484343
8.788192109610701,8.386603374870457,10.076277179484343
8.788192109610701,8.784501017356405,10.076277179484343
8.788192109610701,9.182398659842356,10.076277179484343
8.788192109610701,9.580296302328303,10.076277179484343
8.788192109610701,9.978193944814254,10.076277179484343
8.788192109610701,10.376091587300202,10.076277179484343
8.788192109610701,10.773989229786153,10.076277179484343
8.788058288137151,11.1718868722721,10.076277179484343
8.788058288137151,11.569784514758052,10.076277179484343
8.788058288137151,11.967682157243999,10.076277179484343
8.788058288137151,12.36557979972995,10.076277179484343
8.788058288137151,12.763477442215898,10.076277179484343
8.788058288137151,13.161375084701849,10.076277179484343
8.788058288137151,13.5592727271878,10.076277179484343
8.788058288137151,13.957170369673747,10.076277179484343
8.788058288137151,14.355068012159698,10.076277179484343
8.788058288137151,14.752965654645646,10.076277179484343
8.788058288137151,15.150863297131597,10.076277179484343
8.788058288137151,15.548760939617544,10.076277179484343
8.788058288137151,15.946658582103495,10.076277179484343
8.788058288137151,16.344556224589443,10.076277179484343
8.788058288137151,16.742453867075394,10.076277179484343
8.788058288137151,17.14035150956134,10.076277179484343
8.788058288137151,17.538249152047293,10.076277179484343
8.788058288137151,17.93614679453324,10.076277179484343
8.788058288137151,18.33404443701919,10.076277179484343
8.788058288137151,18.73194207950514,10.076277179484343
8.788058288137151,19.12983972199109,10.076277179484343
8.788058288137151,19.527737364477037,10.076277179484343
8.788058288137151,19.925635006962988,10.076277179484343
8.788058288137151,20.323532649448936,10.076277179484343
8.788058288137151,20.721430291934887,10.076277179484343
8.788058288137151,21.119327934420834,10.076277179484343
8.788058288137151,21.517225576906785,10.076277179484343
8.788058288137151,21.915123219392733,10.076277179484343
8.788058288137151,22.313020861878684,10.076277179484343
8.788058288137151,22.710918504364635,10.076277179484343
8.788058288137151,23.108816146850582,10.076277179484343
9.635139041750731,3.6118316650390634,10.301275387121782
9.635139041750731,4.009729307525013,10.301275387121782
8.743621547686292,4.407626950010962,10.301275387121782
8.743621547686292,4.805524592496912,10.301275387121782
8.743621547686292,5.203422234982861,10.301275387121782
8.743621547686292,5.601319877468811,10.301275387121782
8.743621547686292,5.99921751995476,10.301275387121782
8.743621547686292,6.397115162440709,10.301275387121782
8.743621547686292,6.7950128049266585,10.301275387121782
8.743621547686292,7.192910447412608,10.301275387121782
8.743621547686292,7.590808089898557,10.301275387121782
8.743621547686292,7.988705732384506,10.301275387121782
8.788192109610701,8.386603374870457,10.301275387121782
8.788192109610701,8.784501017356405,10.301275387121782
8.788192109610701,9.182398659842356,10.301275387121782
8.788192109610701,9.580296302328303,10.301275387121782
8.788192109610701,9.978193944814254,10.301275387121782
8.788192109610701,10.376091587300202,10.301275387121782
8.788192109610701,10.773989229786153,10.301275387121782
8.788058288137151,11.1718868722721,10.301275387121782
8.788058288137151,11.569784514758052,10.301275387121782
8.788058288137151,11.967682157243999,10.301275387121782
8.788058288137151,12.36557979972995,10.301275387121782
8.788058288137151,12.763477442215898,10.301275387121782
8.788058288137151,13.161375084701849,10.301275387121782
8.788058288137151,13.5592727271878,10.301275387121782
8.788058288137151,13.957170369673747,10.301275387121782
8.788058288137151,14.355068012159698,10.301275387121782
8.788058288137151,14.752965654645646,10.301275387121782
8.788058288137151,15.150863297131597,10.301275387121782
8.788058288137151,15.548760939617544,10.301275387121782
8.788058288137151,15.946658582103495,10.301275387121782
8.788058288137151,16.344556224589443,10.301275387121782
8.788058288137151,16.742453867075394,10.301275387121782
8.788058288137151,17.14035150956134,10.301275387121782
8.788058288137151,17.538249152047293,10.301275387121782
8.788058288137151,17.93614679453324,10.301275387121782
8.788058288137151,18.33404443701919,10.301275387121782
8.788058288137151,18.73194207950514,10.301275387121782
8.788058288137151,19.12983972199109,10.301275387121782
8.788058288137151,19.527737364477037,10.301275387121782
8.788058288137151,19.925635006962988,10.301275387121782
8.788058288137151,20.323532649448936,10.301275387121782
8.788058288137151,20.721430291934887,10.301275387121782
8.788058288137151,21.119327934420834,10.301275387121782
8.788058288137151,21.517225576906785,10.301275387121782
8.788058288137151,21.915123219392733,10.301275387121782
8.788058288137151,22.313020861878684,10.301275387121782
8.788058288137151,22.710918504364635,10.301275387121782
8.788058288137151,23.108816146850582,10.301275387121782
9.635139041750731,3.6118316650390634,10.526273594759221
9.635139041750731,4.009729307525013,10.526273594759221
8.743621547686292,4.407626950010962,10.526273594759221
8.743621547686292,4.805524592496912,10.526273594759221
8.743621547686292,5.203422234982861,10.526273594759221
8.743621547686292,5.601319877468811,10.526273594759221
8.743621547686292,5.99921751995476,10.526273594759221
8.743621547686292,6.397115162440709,10.526273594759221
8.743621547686292,6.7950128049266585,10.526273594759221
8.743621547686292,7.192910447412608,10.526273594759221
8.743621547686292,7.590808089898557,10.526273594759221
8.743621547686292,7.988705732384506,10.526273594759221
8.788192109610701,8.386603374870457,10.526273594759221
8.788192109610701,8.784501017356405,10.526273594759221
8.788192109610701,9.182398659842356,10.526273594759221
8.788192109610701,9.580296302328303,10.526273594759221
8.788192109610701,9.978193944814254,10.526273594759221
8.788192109610701,10.376091587300202,10.526273594759221
8.788192109610701,10.773989229786153,10.526273594759221
8.788058288137151,11.1718868722721,10.526273594759221
8.788058288137151,11.569784514758052,10.526273594759221
8.788058288137151,11.967682157243999,10.526273594759221
8.788058288137151,12.36557979972995,10.526273594759221
8.788058288137151,12.763477442215898,10.526273594759221
8.788058288137151,13.161375084701849,10.526273594759221
8.788058288137151,13.5592727271878,10.526273594759221
8.788058288137151,13.957170369673747,10.526273594759221
8.788058288137151,14.355068012159698,10.526273594759221
8.788058288137151,14.752965654645646,10.526273594759221
8.788058288137151,15.150863297131597,10.526273594759221
8.788058288137151,15.548760939617544,10.526273594759221
8.788058288137151,15.946658582103495,10.526273594759221
8.788058288137151,16.344556224589443,10.526273594759221
8.788058288137151,16.742453867075394,10.526273594759221
8.788058288137151,17.14035150956134,10.526273594759221
8.788058288137151,17.538249152047293,10.526273594759221
8.788058288137151,17.93614679453324,10.526273594759221
8.788058288137151,18.33404443701919,10.526273594759221
8.788058288137151,18.73194207950514,10.526273594759221
8.788058288137151,19.12983972199109,10.526273594759221
8.788058288137151,19.527737364477037,10.526273594759221
8.788058288137151,19.925635006962988,10.526273594759221
8.788058288137151,20.323532649448936,10.526273594759221
8.788058288137151,20.721430291934887,10.526273594759221
8.788058288137151,21.119327934420834,10.526273594759221
8.788058288137151,21.517225576906785,10.526273594759221
8.788058288137151,21.915123219392733,10.526273594759221
8.788058288137151,22.313020861878684,10.526273594759221
8.788058288137151,22.710918504364635,10.526273594759221
8.788058288137151,23.108816146850582,10.526273594759221
9.635139041750731,3.6118316650390634,10.75127180239666
9.635139041750731,4.009729307525013,10.75127180239666
8.743621547686292,4.407626950010962,10.75127180239666
8.743621547686292,4.805524592496912,10.75127180239666
8.743621547686292,5.203422234982861,10.75127180239666
8.743621547686292,5.601319877468811,10.75127180239666
8.743621547686292,5.99921751995476,10.75127180239666
8.743621547686292,6.397115162440709,10.75127180239666
8.743621547686292,6.7950128049266585,10.75127180239666
8.743621547686292,7.192910447412608,10.75127180239666
8.743621547686292,7.590808089898557,10.75127180239666
8.743621547686292,7.988705732384506,10.75127180239666
8.788192109610701,8.386603374870457,10.75127180239666
8.788192109610701,8.784501017356405,10.75127180239666
8.788192109610701,9.182398659842356,10.75127180239666
8.788192109610701,9.580296302328303,10.75127180239666
8.788192109610701,9.978193944814254,10.75127180239666
8.788192109610701,10.376091587300202,10.75127180239666
8.788192109610701,10.773989229786153,10.75127180239666
8.788058288137151,11.1718868722721,10.75127180239666
8.788058288137151,11.569784514758052,10.75127180239666
8.788058288137151,11.967682157243999,10.75127180239666
8.788058288137151,12.36557979972995,10.75127180239666
8.788058288137151,12.763477442215898,10.75127180239666
8.788058288137151,13.161375084701849,10.75127180239666
8.788058288137151,13.5592727271878,10.75127180239666
8.788058288137151,13.957170369673747,10.75127180239666
8.788058288137151,14.355068012159698,10.75127180239666
8.788058288137151,14.752965654645646,10.75127180239666
8.788058288137151,15.150863297131597,10.75127180239666
8.788058288137151,15.548760939617544,10.75127180239666
8.788058288137151,15.946658582103495,10.75127180239666
8.788058288137151,16.344556224589443,10.75127180239666
8.788058288137151,16.742453867075394,10.75127180239666
8.788058288137151,17.14035150956134,10.75127180239666
8.788058288137151,17.538249152047293,10.75127180239666
8.788058288137151,17.93614679453324,10.75127180239666
8.788058288137151,18.33404443701919,10.75127180239666
8.788058288137151,18.73194207950514,10.75127180239666
8.788058288137151,19.12983972199109,10.75127180239666
8.788058288137151,19.527737364477037,10.75127180239666
8.788058288137151,19.925635006962988,10.75127180239666
8.788058288137151,20.323532649448936,10.75127180239666
8.788058288137151,20.721430291934887,10.75127180239666
8.788058288137151,21.119327934420834,10.75127180239666
8.788058288137151,21.517225576906785,10.75127180239666
8.788058288137151,21.915123219392733,10.75127180239666
8.788058288137151,22.313020861878684,10.75127180239666
8.788058288137151,22.710918504364635,10.75127180239666
8.788058288137151,23.108816146850582,10.75127180239666
9.635139041750731,3.6118316650390634,10.976270010034098
9.635139041750731,4.009729307525013,10.976270010034098
8.743621547686292,4.407626950010962,10.976270010034098
8.743621547686292,4.805524592496912,10.976270010034098
8.743621547686292,5.203422234982861,10.976270010034098
8.743621547686292,5.601319877468811,10.976270010034098
8.743621547686292,5.99921751995476,10.976270010034098
8.743621547686292,6.397115162440709,10.976270010034098
8.743621547686292,6.7950128049266585,10.976270010034098
8.743621547686292,7.192910447412608,10.976270010034098
8.743621547686292,7.590808089898557,10.976270010034098
8.743621547686292,7.988705732384506,10.976270010034098
8.788192109610701,8.386603374870457,10.976270010034098
8.788192109610701,8.784501017356405,10.976270010034098
8.788192109610701,9.182398659842356,10.976270010034098
8.788192109610701,9.580296302328303,10.976270010034098
8.788192109610701,9.978193944814254,10.976270010034098
8.788192109610701,10.376091587300202,10.976270010034098
8.788192109610701,10.773989229786153,10.976270010034098
8.788058288137151,11.1718868722721,10.976270010034098
8.788058288137151,11.569784514758052,10.976270010034098
8.788058288137151,11.967682157243999,10.976270010034098
8.788058288137151,12.36557979972995,10.976270010034098
8.788058288137151,12.763477442215898,10.976270010034098
8.788058288137151,13.161375084701849,10.976270010034098
8.788058288137151,13.5592727271878,10.976270010034098
8.788058288137151,13.957170369673747,10.976270010034098
8.788058288137151,14.355068012159698,10.976270010034098
8.788058288137151,14.752965654645646,10.976270010034098
8.788058288137151,15.150863297131597,10.976270010034098
8.788058288137151,15.548760939617544,10.976270010034098
8.788058288137151,15.946658582103495,10.976270010034098
8.788058288137151,16.344556224589443,10.976270010034098
8.788058288137151,16.742453867075394,10.976270010034098
8.788058288137151,17.14035150956134,10.976270010034098
8.788058288137151,17.538249152047293,10.976270010034098
8.788058288137151,17.93614679453324,10.976270010034098
8.788058288137151,18.33404443701919,10.976270010034098
8.788058288137151,18.73194207950514,10.976270010034098
8.788058288137151,19.12983972199109,10.976270010034098
8.788058288137151,19.527737364477037,10.976270010034098
8.788058288137151,19.925635006962988,10.976270010034098
8.788058288137151,20.323532649448936,10.976270010034098
8.788058288137151,20.721430291934887,10.976270010034098
8.788058288137151,21.119327934420834,10.976270010034098
8.788058288137151,21.517225576906785,10.976270010034098
8.788058288137151,21.915123219392733,10.976270010034098
8.788058288137151,22.313020861878684,10.976270010034098
8.788058288137151,22.710918504364635,10.976270010034098
8.788058288137151,23.108816146850582,10.976270010034098
9.635139041750731,3.6118316650390634,11.201268217671537
9.635139041750731,4.009729307525013,11.201268217671537
8.743621547686292,4.407626950010962,11.201268217671537
8.743621547686292,4.805524592496912,11.201268217671537
8.743621547686292,5.203422234982861,11.201268217671537
8.743621547686292,5.601319877468811,11.201268217671537
8.743621547686292,5.99921751995476,11.201268217671537
8.743621547686292,6.397115162440709,11.201268217671537
8.743621547686292,6.7950128049266585,11.201268217671537
8.743621547686292,7.192910447412608,11.201268217671537
8.743621547686292,7.590808089898557,11.201268217671537
8.743621547686292,7.988705732384506,11.201268217671537
8.788192109610701,8.386603374870457,11.201268217671537
8.788192109610701,8.784501017356405,11.201268217671537
8.788192109610701,9.182398659842356,11.201268217671537
8.788192109610701,9.580296302328303,11.201268217671537
8.788192109610701,9.978193944814254,11.201268217671537
8.788192109610701,10.376091587300202,11.201268217671537
8.788192109610701,10.773989229786153,11.201268217671537
8.788058288137151,11.1718868722721,11.201268217671537
8.788058288137151,11.569784514758052,11.201268217671537
8.788058288137151,11.967682157243999,11.201268217671537
8.788058288137151,12.36557979972995,11.201268217671537
8.788058288137151,12.763477442215898,11.201268217671537
8.788058288137151,13.161375084701849,11.201268217671537
8.788058288137151,13.5592727271878,11.201268217671537
8.788058288137151,13.957170369673747,11.201268217671537
8.788058288137151,14.355068012159698,11.201268217671537
8.788058288137151,14.752965654645646,11.201268217671537
8.788058288137151,15.150863297131597,11.201268217671537
8.788058288137151,15.548760939617544,11.201268217671537
8.788058288137151,15.946658582103495,11.201268217671537
8.788058288137151,16.344556224589443,11.201268217671537
8.788058288137151,16.742453867075394,11.201268217671537
8.788058288137151,17.14035150956134,11.201268217671537
8.788058288137151,17.538249152047293,11.201268217671537
8.788058288137151,17.93614679453324,11.201268217671537
8.788058288137151,18.33404443701919,11.201268217671537
8.788058288137151,18.73194207950514,11.201268217671537
8.788058288137151,19.12983972199109,11.201268217671537
8.788058288137151,19.527737364477037,11.201268217671537
8.788058288137151,19.925635006962988,11.201268217671537
8.788058288137151,20.323532649448936,11.201268217671537
8.788058288137151,20.721430291934887,11.201268217671537
8.788058288137151,21.119327934420834,11.201268217671537
8.788058288137151,21.517225576906785,11.201268217671537
8.788058288137151,21.915123219392733,11.201268217671537
8.788058288137151,22.313020861878684,11.201268217671537
8.788058288137151,22.710918504364635,11.201268217671537
8.788058288137151,23.108816146850582,11.201268217671537
9.635139041750731,3.6118316650390634,11.426266425308976
9.635139041750731,4.009729307525013,11.426266425308976
8.743621547686292,4.407626950010962,11.426266425308976
8.743621547686292,4.805524592496912,11.426266425308976
8.743621547686292,5.203422234982861,11.426266425308976
8.743621547686292,5.601319877468811,11.426266425308976
8.743621547686292,5.99921751995476,11.426266425308976
8.743621547686292,6.397115162440709,11.426266425308976
8.743621547686292,6.7950128049266585,11.426266425308976
8.743621547686292,7.192910447412608,11.426266425308976
8.743621547686292,7.590808089898557,11.426266425308976
8.743621547686292,7.988705732384506,11.426266425308976
8.788192109610701,8.386603374870457,11.426266425308976
8.788192109610701,8.784501017356405,11.426266425308976
8.788192109610701,9.182398659842356,11.426266425308976
8.788192109610701,9.580296302328303,11.426266425308976
8.788192109610701,9.978193944814254,11.426266425308976
8.788192109610701,10.376091587300202,11.426266425308976
8.788192109610701,10.773989229786153,11.426266425308976
8.788058288137151,11.1718868722721,11.426266425308976
8.788058288137151,11.569784514758052,11.426266425308976
8.788058288137151,11.967682157243999,11.426266425308976
8.788058288137151,12.36557979972995,11.426266425308976
8.788058288137151,12.763477442215898,11.426266425308976
8.788058288137151,13.161375084701849,11.426266425308976
8.788058288137151,13.5592727271878,11.426266425308976
8.788058288137151,13.957170369673747,11.426266425308976
8.788058288137151,14.355068012159698,11.426266425308976
8.788058288137151,14.752965654645646,11.426266425308976
8.788058288137151,15.150863297131597,11.426266425308976
8.788058288137151,15.548760939617544,11.426266425308976
8.788058288137151,15.946658582103495,11.426266425308976
8.788058288137151,16.344556224589443,11.426266425308976
8.788058288137151,16.742453867075394,11.426266425308976
8.788058288137151,17.14035150956134,11.426266425308976
8.788058288137151,17.538249152047293,11.426266425308976
8.788058288137151,17.93614679453324,11.426266425308976
8.788058288137151,18.33404443701919,11.426266425308976
8.788058288137151,18.73194207950514,11.426266425308976
8.788058288137151,19.12983972199109,11.426266425308976
8.788058288137151,19.527737364477037,11.426266425308976
8.788058288137151,19.925635006962988,11.426266425308976
8.788058288137151,20.323532649448936,11.426266425308976
8.788058288137151,20.721430291934887,11.426266425308976
8.788058288137151,21.119327934420834,11.426266425308976
8.788058288137151,21.517225576906785,11.426266425308976
8.788058288137151,21.915123219392733,11.426266425308976
8.788058288137151,22.313020861878684,11.426266425308976
8.788058288137151,22.710918504364635,11.426266425308976
8.788058288137151,23.108816146850582,11.426266425308976
9.635139041750731,3.6118316650390634,11.651264632946415
9.635139041750731,4.009729307525013,11.651264632946415
8.743621547686292,4.407626950010962,11.651264632946415
8.743621547686292,4.805524592496912,11.651264632946415
8.743621547686292,5.203422234982861,11.651264632946415
8.743621547686292,5.601319877468811,11.651264632946415
8.743621547686292,5.99921751995476,11.651264632946415
8.743621547686292,6.397115162440709,11.651264632946415
8.743621547686292,6.7950128049266585,11.651264632946415
8.743621547686292,7.192910447412608,11.651264632946415
8.743621547686292,7.590808089898557,11.651264632946415
8.743621547686292,7.988705732384506,11.651264632946415
8.788192109610701,8.386603374870457,11.651264632946415
8.788192109610701,8.784501017356405,11.651264632946415
8.788192109610701,9.182398659842356,11.651264632946415
8.788192109610701,9.580296302328303,11.651264632946415
8.788192109610701,9.978193944814254,11.651264632946415
8.788192109610701,10.376091587300202,11.651264632946415
8.788192109610701,10.773989229786153,11.651264632946415
8.788058288137151,11.1718868722721,11.651264632946415
8.788058288137151,11.569784514758052,11.651264632946415
8.788058288137151,11.967682157243999,11.651264632946415
8.788058288137151,12.36557979972995,11.651264632946415
8.788058288137151,12.763477442215898,11.651264632946415
8.788058288137151,13.161375084701849,11.651264632946415
8.788058288137151,13.5592727271878,11.651264632946415
8.788058288137151,13.957170369673747,11.651264632946415
8.788058288137151,14.355068012159698,11.651264632946415
8.788058288137151,14.752965654645646,11.651264632946415
8.788058288137151,15.150863297131597,11.651264632946415
8.788058288137151,15.548760939617544,11.651264632946415
8.788058288137151,15.946658582103495,11.651264632946415
8.788058288137151,16.344556224589443,11.651264632946415
8.788058288137151,16.742453867075394,11.651264632946415
8.788058288137151,17.14035150956134,11.651264632946415
8.788058288137151,17.538249152047293,11.651264632946415
8.788058288137151,17.93614679453324,11.651264632946415
8.788058288137151,18.33404443701919,11.651264632946415
8.788058288137151,18.73194207950514,11.651264632946415
8.788058288137151,19.12983972199109,11.651264632946415
8.788058288137151,19.527737364477037,11.651264632946415
8.788058288137151,19.925635006962988,11.651264632946415
8.788058288137151,20.323532649448936,11.651264632946415
8.788058288137151,20.721430291934887,11.651264632946415
8.788058288137151,21.119327934420834,11.651264632946415
8.788058288137151,21.517225576906785,11.651264632946415
8.788058288137151,21.915123219392733,11.651264632946415
8.788058288137151,22.313020861878684,11.651264632946415
8.788058288137151,22.710918504364635,11.651264632946415
8.788058288137151,23.108816146850582,11.651264632946415
9.635139041750731,3.6118316650390634,11.876262840583854
9.635139041750731,4.009729307525013,11.876262840583854
8.743621547686292,4.407626950010962,11.876262840583854
8.743621547686292,4.805524592496912,11.876262840583854
8.743621547686292,5.203422234982861,11.876262840583854
8.743621547686292,5.601319877468811,11.876262840583854
8.743621547686292,5.99921751995476,11.876262840583854
8.743621547686292,6.397115162440709,11.876262840583854
8.743621547686292,6.7950128049266585,11.876262840583854
8.743621547686292,7.192910447412608,11.876262840583854
8.743621547686292,7.590808089898557,11.876262840583854
8.743621547686292,7.988705732384506,11.876262840583854
8.788192109610701,8.386603374870457,11.876262840583854
8.788192109610701,8.784501017356405,11.876262840583854
8.788192109610701,9.182398659842356,11.876262840583854
8.788192109610701,9.580296302328303,11.876262840583854
8.788192109610701,9.978193944814254,11.876262840583854
8.788192109610701,10.376091587300202,11.876262840583854
8.788192109610701,10.773989229786153,11.876262840583854
8.788058288137151,11.1718868722721,11.876262840583854
8.788058288137151,11.569784514758052,11.876262840583854
8.788058288137151,11.967682157243999,11.876262840583854
8.788058288137151,12.36557979972995,11.876262840583854
8.788058288137151,12.763477442215898,11.876262840583854
8.788058288137151,13.161375084701849,11.876262840583854
8.788058288137151,13.5592727271878,11.876262840583854
8.788058288137151,13.957170369673747,11.876262840583854
8.788058288137151,14.355068012159698,11.876262840583854
8.788058288137151,14.752965654645646,11.876262840583854
8.788058288137151,15.150863297131597,11.876262840583854
8.788058288137151,15.548760939617544,11.876262840583854
8.788058288137151,15.946658582103495,11.876262840583854
8.788058288137151,16.344556224589443,11.876262840583854
8.788058288137151,16.742453867075394,11.876262840583854
8.788058288137151,17.14035150956134,11.876262840583854
8.788058288137151,17.538249152047293,11.876262840583854
8.788058288137151,17.93614679453324,11.876262840583854
8.788058288137151,18.33404443701919,11.876262840583854
8.788058288137151,18.73194207950514,11.876262840583854
8.788058288137151,19.12983972199109,11.876262840583854
8.788058288137151,19.527737364477037,11.876262840583854
8.788058288137151,19.925635006962988,11.876262840583854
8.788058288137151,20.323532649448936,11.876262840583854
8.788058288137151,20.721430291934887,11.876262840583854
8.788058288137151,21.119327934420834,11.876262840583854
8.788058288137151,21.517225576906785,11.876262840583854
8.788058288137151,21.915123219392733,11.876262840583854
8.788058288137151,22.313020861878684,11.876262840583854
8.788058288137151,22.710918504364635,11.876262840583854
8.788058288137151,23.108816146850582,11.876262840583854
9.635139041750731,3.6118316650390634,12.101261048221293
9.635139041750731,4.009729307525013,12.101261048221293
8.743621547686292,4.407626950010962,12.101261048221293
8.743621547686292,4.805524592496912,12.101261048221293
8.743621547686292,5.203422234982861,12.101261048221293
8.743621547686292,5.601319877468811,12.101261048221293
8.743621547686292,5.99921751995476,12.101261048221293
8.743621547686292,6.397115162440709,12.101261048221293
8.743621547686292,6.7950128049266585,12.101261048221293
8.743621547686292,7.192910447412608,12.101261048221293
8.743621547686292,7.590808089898557,12.101261048221293
8.743621547686292,7.988705732384506,12.101261048221293
8.788192109610701,8.386603374870457,12.101261048221293
8.788192109610701,8.784501017356405,12.101261048221293
8.788192109610701,9.182398659842356,12.101261048221293
8.788192109610701,9.580296302328303,12.101261048221293
8.788192109610701,9.978193944814254,12.101261048221293
8.788192109610701,10.376091587300202,12.101261048221293
8.788192109610701,10.773989229786153,12.101261048221293
8.788058288137151,11.1718868722721,12.101261048221293
8.788058288137151,11.569784514758052,12.101261048221293
8.788058288137151,11.967682157243999,12.101261048221293
8.788058288137151,12.36557979972995,12.101261048221293
8.788058288137151,12.763477442215898,12.101261048221293
8.788058288137151,13.161375084701849,12.101261048221293
8.788058288137151,13.5592727271878,12.101261048221293
8.788058288137151,13.957170369673747,12.101261048221293
8.788058288137151,14.355068012159698,12.101261048221293
8.788058288137151,14.752965654645646,12.101261048221293
8.788058288137151,15.150863297131597,12.101261048221293
8.788058288137151,15.548760939617544,12.101261048221293
8.788058288137151,15.946658582103495,12.101261048221293
8.788058288137151,16.344556224589443,12.101261048221293
8.788058288137151,16.742453867075394,12.101261048221293
8.788058288137151,17.14035150956134,12.101261048221293
8.788058288137151,17.538249152047293,12.101261048221293
8.788058288137151,17.93614679453324,12.101261048221293
8.788058288137151,18.33404443701919,12.101261048221293
8.788058288137151,18.73194207950514,12.101261048221293
8.788058288137151,19.12983972199109,12.101261048221293
8.788058288137151,19.527737364477037,12.101261048221293
8.788058288137151,19.925635006962988,12.101261048221293
8.788058288137151,20.323532649448936,12.101261048221293
8.788058288137151,20.721430291934887,12.101261048221293
8.788058288137151,21.119327934420834,12.101261048221293
8.788058288137151,21.517225576906785,12.101261048221293
8.788058288137151,21.915123219392733,12.101261048221293
8.788058288137151,22.313020861878684,12.101261048221293
8.788058288137151,22.710918504364635,12.101261048221293
8.788058288137151,23.108816146850582,12.101261048221293
9.635139041750731,3.6118316650390634,12.32625925585873
9.635139041750731,4.009729307525013,12.32625925585873
8.743621547686292,4.407626950010962,12.32625925585873
8.743621547686292,4.805524592496912,12.32625925585873
8.743621547686292,5.203422234982861,12.32625925585873
8.743621547686292,5.601319877468811,12.32625925585873
8.743621547686292,5.99921751995476,12.32625925585873
8.743621547686292,6.397115162440709,12.32625925585873
8.743621547686292,6.7950128049266585,12.32625925585873
8.743621547686292,7.192910447412608,12.32625925585873
8.743621547686292,7.590808089898557,12.32625925585873
8.743621547686292,7.988705732384506,12.32625925585873
8.788192109610701,8.386603374870457,12.32625925585873
8.788192109610701,8.784501017356405,12.32625925585873
8.788192109610701,9.182398659842356,12.32625925585873
8.788192109610701,9.580296302328303,12.32625925585873
8.788192109610701,9.978193944814254,12.32625925585873
8.788192109610701,10.376091587300202,12.32625925585873
8.788192109610701,10.773989229786153,12.32625925585873
8.788058288137151,11.1718868722721,12.32625925585873
8.788058288137151,11.569784514758052,12.32625925585873
8.788058288137151,11.967682157243999,12.32625925585873
8.788058288137151,12.36557979972995,12.32625925585873
8.788058288137151,12.763477442215898,12.32625925585873
8.788058288137151,13.161375084701849,12.32625925585873
8.788058288137151,13.5592727271878,12.32625925585873
8.788058288137151,13.957170369673747,12.32625925585873
8.788058288137151,14.355068012159698,12.32625925585873
8.788058288137151,14.752965654645646,12.32625925585873
8.788058288137151,15.150863297131597,12.32625925585873
8.788058288137151,15.548760939617544,12.32625925585873
8.788058288137151,15.946658582103495,12.32625925585873
8.788058288137151,16.344556224589443,12.32625925585873
8.788058288137151,16.742453867075394,12.32625925585873
8.788058288137151,17.14035150956134,12.32625925585873
8.788058288137151,17.538249152047293,12.32625925585873
8.788058288137151,17.93614679453324,12.32625925585873
8.788058288137151,18.33404443701919,12.32625925585873
8.788058288137151,18.73194207950514,12.32625925585873
8.788058288137151,19.12983972199109,12.32625925585873
8.788058288137151,19.527737364477037,12.32625925585873
8.788058288137151,19.925635006962988,12.32625925585873
8.788058288137151,20.323532649448936,12.32625925585873
8.788058288137151,20.721430291934887,12.32625925585873
8.788058288137151,21.119327934420834,12.32625925585873
8.788058288137151,21.517225576906785,12.32625925585873
8.788058288137151,21.915123219392733,12.32625925585873
8.788058288137151,22.313020861878684,12.32625925585873
8.788058288137151,22.710918504364635,12.32625925585873
8.788058288137151,23.108816146850582,12.32625925585873
9.635139041750731,3.6118316650390634,12.551257463496169
9.635139041750731,4.009729307525013,12.551257463496169
8.743621547686292,4.407626950010962,12.551257463496169
8.743621547686292,4.805524592496912,12.551257463496169
8.743621547686292,5.203422234982861,12.551257463496169
8.743621547686292,5.601319877468811,12.551257463496169
8.743621547686292,5.99921751995476,12.551257463496169
8.743621547686292,6.397115162440709,12.551257463496169
8.743621547686292,6.7950128049266585,12.551257463496169
8.743621547686292,7.192910447412608,12.551257463496169
8.743621547686292,7.590808089898557,12.551257463496169
8.743621547686292,7.988705732384506,12.551257463496169
8.788192109610701,8.386603374870457,12.551257463496169
8.788192109610701,8.784501017356405,12.551257463496169
8.788192109610701,9.182398659842356,12.551257463496169
8.788192109610701,9.580296302328303,12.551257463496169
8.788192109610701,9.978193944814254,12.551257463496169
8.788192109610701,10.376091587300202,12.551257463496169
8.788192109610701,10.773989229786153,12.551257463496169
8.788058288137151,11.1718868722721,12.551257463496169
8.788058288137151,11.569784514758052,12.551257463496169
8.788058288137151,11.967682157243999,12.551257463496169
8.788058288137151,12.36557979972995,12.551257463496169
8.788058288137151,12.763477442215898,12.551257463496169
8.788058288137151,13.161375084701849,12.551257463496169
8.788058288137151,13.5592727271878,12.551257463496169
8.788058288137151,13.957170369673747,12.551257463496169
8.788058288137151,14.355068012159698,12.551257463496169
8.788058288137151,14.752965654645646,12.551257463496169
8.788058288137151,15.150863297131597,12.551257463496169
8.788058288137151,15.548760939617544,12.551257463496169
8.788058288137151,15.946658582103495,12.551257463496169
8.788058288137151,16.344556224589443,12.551257463496169
8.788058288137151,16.742453867075394,12.551257463496169
8.788058288137151,17.14035150956134,12.551257463496169
8.788058288137151,17.538249152047293,12.551257463496169
8.788058288137151,17.93614679453324,12.551257463496169
8.788058288137151,18.33404443701919,12.551257463496169
8.788058288137151,18.73194207950514,12.551257463496169
8.788058288137151,19.12983972199109,12.551257463496169
8.788058288137151,19.527737364477037,12.551257463496169
8.788058288137151,19.925635006962988,12.551257463496169
8.788058288137151,20.323532649448936,12.551257463496169
8.788058288137151,20.721430291934887,12.551257463496169
8.788058288137151,21.119327934420834,12.551257463496169
8.788058288137151,21.517225576906785,12.551257463496169
8.788058288137151,21.915123219392733,12.551257463496169
8.788058288137151,22.313020861878684,12.551257463496169
8.788058288137151,22.710918504364635,12.551257463496169
8.788058288137151,23.108816146850582,12.551257463496169
9.635139041750731,3.6118316650390634,12.776255671133608
9.635139041750731,4.009729307525013,12.776255671133608
8.743621547686292,4.407626950010962,12.776255671133608
8.743621547686292,4.805524592496912,12.776255671133608
8.743621547686292,5.203422234982861,12.776255671133608
8.743621547686292,5.601319877468811,12.776255671133608
8.743621547686292,5.99921751995476,12.776255671133608
8.743621547686292,6.397115162440709,12.776255671133608
8.743621547686292,6.7950128049266585,12.776255671133608
8.743621547686292,7.192910447412608,12.776255671133608
8.743621547686292,7.590808089898557,12.776255671133608
8.743621547686292,7.988705732384506,12.776255671133608
8.788192109610701,8.386603374870457,12.776255671133608
8.788192109610701,8.784501017356405,12.776255671133608
8.788192109610701,9.182398659842356,12.776255671133608
8.788192109610701,9.580296302328303,12.776255671133608
8.788192109610701,9.978193944814254,12.776255671133608
8.788192109610701,10.376091587300202,12.776255671133608
8.788192109610701,10.773989229786153,12.776255671133608
8.788058288137151,11.1718868722721,12.776255671133608
8.788058288137151,11.569784514758052,12.776255671133608
8.788058288137151,11.967682157243999,12.776255671133608
8.788058288137151,12.36557979972995,12.776255671133608
8.788058288137151,12.763477442215898,12.776255671133608
8.788058288137151,13.161375084701849,12.776255671133608
8.788058288137151,13.5592727271878,12.776255671133608
8.788058288137151,13.957170369673747,12.776255671133608
8.788058288137151,14.355068012159698,12.776255671133608
8.788058288137151,14.752965654645646,12.776255671133608
8.788058288137151,15.150863297131597,12.776255671133608
8.788058288137151,15.548760939617544,12.776255671133608
8.788058288137151,15.946658582103495,12.776255671133608
8.788058288137151,16.344556224589443,12.776255671133608
8.788058288137151,16.742453867075394,12.776255671133608
8.788058288137151,17.14035150956134,12.776255671133608
8.788058288137151,17.538249152047293,12.776255671133608
8.788058288137151,17.93614679453324,12.776255671133608
8.788058288137151,18.33404443701919,12.776255671133608
8.788058288137151,18.73194207950514,12.776255671133608
8.788058288137151,19.12983972199109,12.776255671133608
8.788058288137151,19.527737364477037,12.776255671133608
8.788058288137151,19.925635006962988,12.776255671133608
8.788058288137151,20.323532649448936,12.776255671133608
8.788058288137151,20.721430291934887,12.776255671133608
8.788058288137151,21.119327934420834,12.776255671133608
8.788058288137151,21.517225576906785,12.776255671133608
8.788058288137151,21.915123219392733,12.776255671133608
8.788058288137151,22.313020861878684,12.776255671133608
8.788058288137151,22.710918504364635,12.776255671133608
8.788058288137151,23.108816146850582,12.776255671133608
9.635139041750731,3.6118316650390634,13.001253878771047
9.635139041750731,4.009729307525013,13.001253878771047
8.743621547686292,4.407626950010962,13.001253878771047
8.743621547686292,4.805524592496912,13.001253878771047
8.743621547686292,5.203422234982861,13.001253878771047
8.743621547686292,5.601319877468811,13.001253878771047
8.743621547686292,5.99921751995476,13.001253878771047
8.743621547686292,6.397115162440709,13.001253878771047
8.743621547686292,6.7950128049266585,13.001253878771047
8.743621547686292,7.192910447412608,13.001253878771047
8.743621547686292,7.590808089898557,13.001253878771047
8.743621547686292,7.988705732384506,13.001253878771047
8.788192109610701,8.386603374870457,13.001253878771047
8.788192109610701,8.784501017356405,13.001253878771047
8.788192109610701,9.182398659842356,13.001253878771047
8.788192109610701,9.580296302328303,13.001253878771047
8.788192109610701,9.978193944814254,13.001253878771047
8.788192109610701,10.376091587300202,13.001253878771047
8.788192109610701,10.773989229786153,13.001253878771047
8.788058288137151,11.1718868722721,13.001253878771047
8.788058288137151,11.569784514758052,13.001253878771047
8.788058288137151,11.967682157243999,13.001253878771047
8.788058288137151,12.36557979972995,13.001253878771047
8.788058288137151,12.763477442215898,13.001253878771047
8.788058288137151,13.161375084701849,13.001253878771047
8.788058288137151,13.5592727271878,13.001253878771047
8.788058288137151,13.957170369673747,13.001253878771047
8.788058288137151,14.355068012159698,13.001253878771047
8.788058288137151,14.752965654645646,13.001253878771047
8.788058288137151,15.150863297131597,13.001253878771047
8.788058288137151,15.548760939617544,13.001253878771047
8.788058288137151,15.946658582103495,13.001253878771047
8.788058288137151,16.344556224589443,13.001253878771047
8.788058288137151,16.742453867075394,13.001253878771047
8.788058288137151,17.14035150956134,13.001253878771047
8.788058288137151,17.538249152047293,13.001253878771047
8.788058288137151,17.93614679453324,13.001253878771047
8.788058288137151,18.33404443701919,13.001253878771047
8.788058288137151,18.73194207950514,13.001253878771047
8.788058288137151,19.12983972199109,13.001253878771047
8.788058288137151,19.527737364477037,13.001253878771047
8.788058288137151,19.925635006962988,13.001253878771047
8.788058288137151,20.323532649448936,13.001253878771047
8.788058288137151,20.721430291934887,13.001253878771047
8.788058288137151,21.119327934420834,13.001253878771047
8.788058288137151,21.517225576906785,13.001253878771047
8.788058288137151,21.915123219392733,13.001253878771047
8.788058288137151,22.313020861878684,13.001253878771047
8.788058288137151,22.710918504364635,13.001253878771047
8.788058288137151,23.108816146850582,13.001253878771047
