Q,max_south_extent,max_ocean_SLP_gradient
0.5885144606877943,-85,1.9763417045365497
0.5792166605147766,-84.56122448979592,1.9763417045365497
0.5792166605147766,-84.12244897959184,1.9763417045365497
0.5792166605147766,-83.68367346938776,1.9763417045365497
0.5792166605147766,-83.24489795918367,1.9763417045365497
0.5792166605147766,-82.8061224489796,1.9763417045365497
0.5792166605147766,-82.36734693877551,1.9763417045365497
0.5792166605147766,-81.92857142857143,1.9763417045365497
0.5792166605147766,-81.48979591836735,1.9763417045365497
0.5792166605147766,-81.05102040816327,1.9763417045365497
0.5792166605147766,-80.61224489795919,1.9763417045365497
0.5792166605147766,-80.1734693877551,1.9763417045365497
0.5792166605147766,-79.73469387755102,1.9763417045365497
0.5792166605147766,-79.29591836734694,1.9763417045365497
0.5792166605147766,-78.85714285714286,1.9763417045365497
0.5792166605147766,-78.41836734693878,1.9763417045365497
0.5792166605147766,-77.9795918367347,1.9763417045365497
0.5792166605147766,-77.54081632653062,1.9763417045365497
0.5792166605147766,-77.10204081632654,1.9763417045365497
0.5792166605147766,-76.66326530612245,1.9763417045365497
0.5792166605147766,-76.22448979591837,1.9763417045365497
0.5792166605147766,-75.78571428571429,1.9763417045365497
0.5792166605147766,-75.34693877551021,1.9763417045365497
0.5792166605147766,-74.90816326530611,1.9763417045365497
0.5792166605147766,-74.46938775510205,1.9763417045365497
0.5792166605147766,-74.03061224489795,1.9763417045365497
0.5792166605147766,-73.59183673469389,1.9763417045365497
0.5792166605147766,-73.15306122448979,1.9763417045365497
0.5792166605147766,-72.71428571428572,1.9763417045365497
0.5792166605147766,-72.27551020408163,1.9763417045365497
0.5792166605147766,-71.83673469387755,1.9763417045365497
0.5792166605147766,-71.39795918367346,1.9763417045365497
0.5792166605147766,-70.95918367346938,1.9763417045365497
0.5792166605147766,-70.5204081632653,1.9763417045365497
0.5792166605147766,-70.08163265306122,1.9763417045365497
0.5792166605147766,-69.64285714285714,1.9763417045365497
0.5792166605147766,-69.20408163265306,1.9763417045365497
0.5792166605147766,-68.76530612244898,1.9763417045365497
0.5792166605147766,-68.3265306122449,1.9763417045365497
0.5792166605147766,-67.88775510204081,1.9763417045365497
0.5792166605147766,-67.44897959183673,1.9763417045365497
0.5792166605147766,-67.01020408163265,1.9763417045365497
3612083247218453e3,-66.57142857142857,1.9763417045365497
3612083247218453e3,-66.13265306122449,1.9763417045365497
3612083247218453e3,-65.6938775510204,1.9763417045365497
3612083247218453e3,-65.25510204081633,1.9763417045365497
3612083247218453e3,-64.81632653061224,1.9763417045365497
3612083247218453e3,-64.37755102040816,1.9763417045365497
3612083247218453e3,-63.93877551020408,1.9763417045365497
3612083247218453e3,-63.5,1.9763417045365497
0.5885144606877943,-85,2.2013399121739883
0.5792166605147766,-84.56122448979592,2.2013399121739883
0.5792166605147766,-84.12244897959184,2.2013399121739883
0.5792166605147766,-83.68367346938776,2.2013399121739883
0.5792166605147766,-83.24489795918367,2.2013399121739883
0.5792166605147766,-82.8061224489796,2.2013399121739883
0.5792166605147766,-82.36734693877551,2.2013399121739883
0.5792166605147766,-81.92857142857143,2.2013399121739883
0.5792166605147766,-81.48979591836735,2.2013399121739883
0.5792166605147766,-81.05102040816327,2.2013399121739883
0.5792166605147766,-80.61224489795919,2.2013399121739883
0.5792166605147766,-80.1734693877551,2.2013399121739883
0.5792166605147766,-79.73469387755102,2.2013399121739883
0.5792166605147766,-79.29591836734694,2.2013399121739883
0.5792166605147766,-78.85714285714286,2.2013399121739883
0.5792166605147766,-78.41836734693878,2.2013399121739883
0.5792166605147766,-77.9795918367347,2.2013399121739883
0.5792166605147766,-77.54081632653062,2.2013399121739883
0.5792166605147766,-77.10204081632654,2.2013399121739883
0.5792166605147766,-76.66326530612245,2.2013399121739883
0.5792166605147766,-76.22448979591837,2.2013399121739883
0.5792166605147766,-75.78571428571429,2.2013399121739883
0.5792166605147766,-75.34693877551021,2.2013399121739883
0.5792166605147766,-74.90816326530611,2.2013399121739883
0.5792166605147766,-74.46938775510205,2.2013399121739883
0.5792166605147766,-74.03061224489795,2.2013399121739883
0.5792166605147766,-73.59183673469389,2.2013399121739883
0.5792166605147766,-73.15306122448979,2.2013399121739883
0.5792166605147766,-72.71428571428572,2.2013399121739883
0.5792166605147766,-72.27551020408163,2.2013399121739883
0.5792166605147766,-71.83673469387755,2.2013399121739883
0.5792166605147766,-71.39795918367346,2.2013399121739883
0.5792166605147766,-70.95918367346938,2.2013399121739883
0.5792166605147766,-70.5204081632653,2.2013399121739883
0.5792166605147766,-70.08163265306122,2.2013399121739883
0.5792166605147766,-69.64285714285714,2.2013399121739883
0.5792166605147766,-69.20408163265306,2.2013399121739883
0.5792166605147766,-68.76530612244898,2.2013399121739883
0.5792166605147766,-68.3265306122449,2.2013399121739883
0.5792166605147766,-67.88775510204081,2.2013399121739883
0.5792166605147766,-67.44897959183673,2.2013399121739883
0.5792166605147766,-67.01020408163265,2.2013399121739883
3612083247218453e3,-66.57142857142857,2.2013399121739883
3612083247218453e3,-66.13265306122449,2.2013399121739883
3612083247218453e3,-65.6938775510204,2.2013399121739883
3612083247218453e3,-65.25510204081633,2.2013399121739883
3612083247218453e3,-64.81632653061224,2.2013399121739883
3612083247218453e3,-64.37755102040816,2.2013399121739883
3612083247218453e3,-63.93877551020408,2.2013399121739883
3612083247218453e3,-63.5,2.2013399121739883
0.5885144606877943,-85,2.426338119811427
0.5792166605147766,-84.56122448979592,2.426338119811427
0.5792166605147766,-84.12244897959184,2.426338119811427
0.5792166605147766,-83.68367346938776,2.426338119811427
0.5792166605147766,-83.24489795918367,2.426338119811427
0.5792166605147766,-82.8061224489796,2.426338119811427
0.5792166605147766,-82.36734693877551,2.426338119811427
0.5792166605147766,-81.92857142857143,2.426338119811427
0.5792166605147766,-81.48979591836735,2.426338119811427
0.5792166605147766,-81.05102040816327,2.426338119811427
0.5792166605147766,-80.61224489795919,2.426338119811427
0.5792166605147766,-80.1734693877551,2.426338119811427
0.5792166605147766,-79.73469387755102,2.426338119811427
0.5792166605147766,-79.29591836734694,2.426338119811427
0.5792166605147766,-78.85714285714286,2.426338119811427
0.5792166605147766,-78.41836734693878,2.426338119811427
0.5792166605147766,-77.9795918367347,2.426338119811427
0.5792166605147766,-77.54081632653062,2.426338119811427
0.5792166605147766,-77.10204081632654,2.426338119811427
0.5792166605147766,-76.66326530612245,2.426338119811427
0.5792166605147766,-76.22448979591837,2.426338119811427
0.5792166605147766,-75.78571428571429,2.426338119811427
0.5792166605147766,-75.34693877551021,2.426338119811427
0.5792166605147766,-74.90816326530611,2.426338119811427
0.5792166605147766,-74.46938775510205,2.426338119811427
0.5792166605147766,-74.03061224489795,2.426338119811427
0.5792166605147766,-73.59183673469389,2.426338119811427
0.5792166605147766,-73.15306122448979,2.426338119811427
0.5792166605147766,-72.71428571428572,2.426338119811427
0.5792166605147766,-72.27551020408163,2.426338119811427
0.5792166605147766,-71.83673469387755,2.426338119811427
0.5792166605147766,-71.39795918367346,2.426338119811427
0.5792166605147766,-70.95918367346938,2.426338119811427
0.5792166605147766,-70.5204081632653,2.426338119811427
0.5792166605147766,-70.08163265306122,2.426338119811427
0.5792166605147766,-69.64285714285714,2.426338119811427
0.5792166605147766,-69.20408163265306,2.426338119811427
0.5792166605147766,-68.76530612244898,2.426338119811427
0.5792166605147766,-68.3265306122449,2.426338119811427
0.5792166605147766,-67.88775510204081,2.426338119811427
0.5792166605147766,-67.44897959183673,2.426338119811427
0.5792166605147766,-67.01020408163265,2.426338119811427
3612083247218453e3,-66.57142857142857,2.426338119811427
3612083247218453e3,-66.13265306122449,2.426338119811427
3612083247218453e3,-65.6938775510204,2.426338119811427
3612083247218453e3,-65.25510204081633,2.426338119811427
3612083247218453e3,-64.81632653061224,2.426338119811427
3612083247218453e3,-64.37755102040816,2.426338119811427
3612083247218453e3,-63.93877551020408,2.426338119811427
3612083247218453e3,-63.5,2.426338119811427
0.5885144606877943,-85,2.651336327448866
0.5792166605147766,-84.56122448979592,2.651336327448866
0.5792166605147766,-84.12244897959184,2.651336327448866
0.5792166605147766,-83.68367346938776,2.651336327448866
0.5792166605147766,-83.24489795918367,2.651336327448866
0.5792166605147766,-82.8061224489796,2.651336327448866
0.5792166605147766,-82.36734693877551,2.651336327448866
0.5792166605147766,-81.92857142857143,2.651336327448866
0.5792166605147766,-81.48979591836735,2.651336327448866
0.5792166605147766,-81.05102040816327,2.651336327448866
0.5792166605147766,-80.61224489795919,2.651336327448866
0.5792166605147766,-80.1734693877551,2.651336327448866
0.5792166605147766,-79.73469387755102,2.651336327448866
0.5792166605147766,-79.29591836734694,2.651336327448866
0.5792166605147766,-78.85714285714286,2.651336327448866
0.5792166605147766,-78.41836734693878,2.651336327448866
0.5792166605147766,-77.9795918367347,2.651336327448866
0.5792166605147766,-77.54081632653062,2.651336327448866
0.5792166605147766,-77.10204081632654,2.651336327448866
0.5792166605147766,-76.66326530612245,2.651336327448866
0.5792166605147766,-76.22448979591837,2.651336327448866
0.5792166605147766,-75.78571428571429,2.651336327448866
0.5792166605147766,-75.34693877551021,2.651336327448866
0.5792166605147766,-74.90816326530611,2.651336327448866
0.5792166605147766,-74.46938775510205,2.651336327448866
0.5792166605147766,-74.03061224489795,2.651336327448866
0.5792166605147766,-73.59183673469389,2.651336327448866
0.5792166605147766,-73.15306122448979,2.651336327448866
0.5792166605147766,-72.71428571428572,2.651336327448866
0.5792166605147766,-72.27551020408163,2.651336327448866
0.5792166605147766,-71.83673469387755,2.651336327448866
0.5792166605147766,-71.39795918367346,2.651336327448866
0.5792166605147766,-70.95918367346938,2.651336327448866
0.5792166605147766,-70.5204081632653,2.651336327448866
0.5792166605147766,-70.08163265306122,2.651336327448866
0.5792166605147766,-69.64285714285714,2.651336327448866
0.5792166605147766,-69.20408163265306,2.651336327448866
0.5792166605147766,-68.76530612244898,2.651336327448866
0.5792166605147766,-68.3265306122449,2.651336327448866
0.5792166605147766,-67.88775510204081,2.651336327448866
0.5792166605147766,-67.44897959183673,2.651336327448866
0.5792166605147766,-67.01020408163265,2.651336327448866
3612083247218453e3,-66.57142857142857,2.651336327448866
3612083247218453e3,-66.13265306122449,2.651336327448866
3612083247218453e3,-65.6938775510204,2.651336327448866
3612083247218453e3,-65.25510204081633,2.651336327448866
3612083247218453e3,-64.81632653061224,2.651336327448866
3612083247218453e3,-64.37755102040816,2.651336327448866
3612083247218453e3,-63.93877551020408,2.651336327448866
3612083247218453e3,-63.5,2.651336327448866
0.5885144606877943,-85,2.8763345350863045
0.5792166605147766,-84.56122448979592,2.8763345350863045
0.5792166605147766,-84.12244897959184,2.8763345350863045
0.5792166605147766,-83.68367346938776,2.8763345350863045
0.5792166605147766,-83.24489795918367,2.8763345350863045
0.5792166605147766,-82.8061224489796,2.8763345350863045
0.5792166605147766,-82.36734693877551,2.8763345350863045
0.5792166605147766,-81.92857142857143,2.8763345350863045
0.5792166605147766,-81.48979591836735,2.8763345350863045
0.5792166605147766,-81.05102040816327,2.8763345350863045
0.5792166605147766,-80.61224489795919,2.8763345350863045
0.5792166605147766,-80.1734693877551,2.8763345350863045
0.5792166605147766,-79.73469387755102,2.8763345350863045
0.5792166605147766,-79.29591836734694,2.8763345350863045
0.5792166605147766,-78.85714285714286,2.8763345350863045
0.5792166605147766,-78.41836734693878,2.8763345350863045
0.5792166605147766,-77.9795918367347,2.8763345350863045
0.5792166605147766,-77.54081632653062,2.8763345350863045
0.5792166605147766,-77.10204081632654,2.8763345350863045
0.5792166605147766,-76.66326530612245,2.8763345350863045
0.5792166605147766,-76.22448979591837,2.8763345350863045
0.5792166605147766,-75.78571428571429,2.8763345350863045
0.5792166605147766,-75.34693877551021,2.8763345350863045
0.5792166605147766,-74.90816326530611,2.8763345350863045
0.5792166605147766,-74.46938775510205,2.8763345350863045
0.5792166605147766,-74.03061224489795,2.8763345350863045
0.5792166605147766,-73.59183673469389,2.8763345350863045
0.5792166605147766,-73.15306122448979,2.8763345350863045
0.5792166605147766,-72.71428571428572,2.8763345350863045
0.5792166605147766,-72.27551020408163,2.8763345350863045
0.5792166605147766,-71.83673469387755,2.8763345350863045
0.5792166605147766,-71.39795918367346,2.8763345350863045
0.5792166605147766,-70.95918367346938,2.8763345350863045
0.5792166605147766,-70.5204081632653,2.8763345350863045
0.5792166605147766,-70.08163265306122,2.8763345350863045
0.5792166605147766,-69.64285714285714,2.8763345350863045
0.5792166605147766,-69.20408163265306,2.8763345350863045
0.5792166605147766,-68.76530612244898,2.8763345350863045
0.5792166605147766,-68.3265306122449,2.8763345350863045
0.5792166605147766,-67.88775510204081,2.8763345350863045
0.5792166605147766,-67.44897959183673,2.8763345350863045
0.5792166605147766,-67.01020408163265,2.8763345350863045
3612083247218453e3,-66.57142857142857,2.8763345350863045
3612083247218453e3,-66.13265306122449,2.8763345350863045
3612083247218453e3,-65.6938775510204,2.8763345350863045
3612083247218453e3,-65.25510204081633,2.8763345350863045
3612083247218453e3,-64.81632653061224,2.8763345350863045
3612083247218453e3,-64.37755102040816,2.8763345350863045
3612083247218453e3,-63.93877551020408,2.8763345350863045
3612083247218453e3,-63.5,2.8763345350863045
0.5885144606877943,-85,3.101332742723743
0.5792166605147766,-84.56122448979592,3.101332742723743
0.5792166605147766,-84.12244897959184,3.101332742723743
0.5792166605147766,-83.68367346938776,3.101332742723743
0.5792166605147766,-83.24489795918367,3.101332742723743
0.5792166605147766,-82.8061224489796,3.101332742723743
0.5792166605147766,-82.36734693877551,3.101332742723743
0.5792166605147766,-81.92857142857143,3.101332742723743
0.5792166605147766,-81.48979591836735,3.101332742723743
0.5792166605147766,-81.05102040816327,3.101332742723743
0.5792166605147766,-80.61224489795919,3.101332742723743
0.5792166605147766,-80.1734693877551,3.101332742723743
0.5792166605147766,-79.73469387755102,3.101332742723743
0.5792166605147766,-79.29591836734694,3.101332742723743
0.5792166605147766,-78.85714285714286,3.101332742723743
0.5792166605147766,-78.41836734693878,3.101332742723743
0.5792166605147766,-77.9795918367347,3.101332742723743
0.5792166605147766,-77.54081632653062,3.101332742723743
0.5792166605147766,-77.10204081632654,3.101332742723743
0.5792166605147766,-76.66326530612245,3.101332742723743
0.5792166605147766,-76.22448979591837,3.101332742723743
0.5792166605147766,-75.78571428571429,3.101332742723743
0.5792166605147766,-75.34693877551021,3.101332742723743
0.5792166605147766,-74.90816326530611,3.101332742723743
0.5792166605147766,-74.46938775510205,3.101332742723743
0.5792166605147766,-74.03061224489795,3.101332742723743
0.5792166605147766,-73.59183673469389,3.101332742723743
0.5792166605147766,-73.15306122448979,3.101332742723743
0.5792166605147766,-72.71428571428572,3.101332742723743
0.5792166605147766,-72.27551020408163,3.101332742723743
0.5792166605147766,-71.83673469387755,3.101332742723743
0.5792166605147766,-71.39795918367346,3.101332742723743
0.5792166605147766,-70.95918367346938,3.101332742723743
0.5792166605147766,-70.5204081632653,3.101332742723743
0.5792166605147766,-70.08163265306122,3.101332742723743
0.5792166605147766,-69.64285714285714,3.101332742723743
0.5792166605147766,-69.20408163265306,3.101332742723743
0.5792166605147766,-68.76530612244898,3.101332742723743
0.5792166605147766,-68.3265306122449,3.101332742723743
0.5792166605147766,-67.88775510204081,3.101332742723743
0.5792166605147766,-67.44897959183673,3.101332742723743
0.5792166605147766,-67.01020408163265,3.101332742723743
3612083247218453e3,-66.57142857142857,3.101332742723743
3612083247218453e3,-66.13265306122449,3.101332742723743
3612083247218453e3,-65.6938775510204,3.101332742723743
3612083247218453e3,-65.25510204081633,3.101332742723743
3612083247218453e3,-64.81632653061224,3.101332742723743
3612083247218453e3,-64.37755102040816,3.101332742723743
3612083247218453e3,-63.93877551020408,3.101332742723743
3612083247218453e3,-63.5,3.101332742723743
0.5885144606877943,-85,3.326330950361182
0.5792166605147766,-84.56122448979592,3.326330950361182
0.5792166605147766,-84.12244897959184,3.326330950361182
0.5792166605147766,-83.68367346938776,3.326330950361182
0.5792166605147766,-83.24489795918367,3.326330950361182
0.5792166605147766,-82.8061224489796,3.326330950361182
0.5792166605147766,-82.36734693877551,3.326330950361182
0.5792166605147766,-81.92857142857143,3.326330950361182
0.5792166605147766,-81.48979591836735,3.326330950361182
0.5792166605147766,-81.05102040816327,3.326330950361182
0.5792166605147766,-80.61224489795919,3.326330950361182
0.5792166605147766,-80.1734693877551,3.326330950361182
0.5792166605147766,-79.73469387755102,3.326330950361182
0.5792166605147766,-79.29591836734694,3.326330950361182
0.5792166605147766,-78.85714285714286,3.326330950361182
0.5792166605147766,-78.41836734693878,3.326330950361182
0.5792166605147766,-77.9795918367347,3.326330950361182
0.5792166605147766,-77.54081632653062,3.326330950361182
0.5792166605147766,-77.10204081632654,3.326330950361182
0.5792166605147766,-76.66326530612245,3.326330950361182
0.5792166605147766,-76.22448979591837,3.326330950361182
0.5792166605147766,-75.78571428571429,3.326330950361182
0.5792166605147766,-75.34693877551021,3.326330950361182
0.5792166605147766,-74.90816326530611,3.326330950361182
0.5792166605147766,-74.46938775510205,3.326330950361182
0.5792166605147766,-74.03061224489795,3.326330950361182
0.5792166605147766,-73.59183673469389,3.326330950361182
0.5792166605147766,-73.15306122448979,3.326330950361182
0.5792166605147766,-72.71428571428572,3.326330950361182
0.5792166605147766,-72.27551020408163,3.326330950361182
0.5792166605147766,-71.83673469387755,3.326330950361182
0.5792166605147766,-71.39795918367346,3.326330950361182
0.5792166605147766,-70.95918367346938,3.326330950361182
0.5792166605147766,-70.5204081632653,3.326330950361182
0.5792166605147766,-70.08163265306122,3.326330950361182
0.5792166605147766,-69.64285714285714,3.326330950361182
0.5792166605147766,-69.20408163265306,3.326330950361182
0.5792166605147766,-68.76530612244898,3.326330950361182
0.5792166605147766,-68.3265306122449,3.326330950361182
0.5792166605147766,-67.88775510204081,3.326330950361182
0.5792166605147766,-67.44897959183673,3.326330950361182
0.5792166605147766,-67.01020408163265,3.326330950361182
3612083247218453e3,-66.57142857142857,3.326330950361182
3612083247218453e3,-66.13265306122449,3.326330950361182
3612083247218453e3,-65.6938775510204,3.326330950361182
3612083247218453e3,-65.25510204081633,3.326330950361182
3612083247218453e3,-64.81632653061224,3.326330950361182
3612083247218453e3,-64.37755102040816,3.326330950361182
3612083247218453e3,-63.93877551020408,3.326330950361182
3612083247218453e3,-63.5,3.326330950361182
0.5885144606877943,-85,3.551329157998621
0.5792166605147766,-84.56122448979592,3.551329157998621
0.5792166605147766,-84.12244897959184,3.551329157998621
0.5792166605147766,-83.68367346938776,3.551329157998621
0.5792166605147766,-83.24489795918367,3.551329157998621
0.5792166605147766,-82.8061224489796,3.551329157998621
0.5792166605147766,-82.36734693877551,3.551329157998621
0.5792166605147766,-81.92857142857143,3.551329157998621
0.5792166605147766,-81.48979591836735,3.551329157998621
0.5792166605147766,-81.05102040816327,3.551329157998621
0.5792166605147766,-80.61224489795919,3.551329157998621
0.5792166605147766,-80.1734693877551,3.551329157998621
0.5792166605147766,-79.73469387755102,3.551329157998621
0.5792166605147766,-79.29591836734694,3.551329157998621
0.5792166605147766,-78.85714285714286,3.551329157998621
0.5792166605147766,-78.41836734693878,3.551329157998621
0.5792166605147766,-77.9795918367347,3.551329157998621
0.5792166605147766,-77.54081632653062,3.551329157998621
0.5792166605147766,-77.10204081632654,3.551329157998621
0.5792166605147766,-76.66326530612245,3.551329157998621
0.5792166605147766,-76.22448979591837,3.551329157998621
0.5792166605147766,-75.78571428571429,3.551329157998621
0.5792166605147766,-75.34693877551021,3.551329157998621
0.5792166605147766,-74.90816326530611,3.551329157998621
0.5792166605147766,-74.46938775510205,3.551329157998621
0.5792166605147766,-74.03061224489795,3.551329157998621
0.5792166605147766,-73.59183673469389,3.551329157998621
0.5792166605147766,-73.15306122448979,3.551329157998621
0.5792166605147766,-72.71428571428572,3.551329157998621
0.5792166605147766,-72.27551020408163,3.551329157998621
0.5792166605147766,-71.83673469387755,3.551329157998621
0.5792166605147766,-71.39795918367346,3.551329157998621
0.5792166605147766,-70.95918367346938,3.551329157998621
0.5792166605147766,-70.5204081632653,3.551329157998621
0.5792166605147766,-70.08163265306122,3.551329157998621
0.5792166605147766,-69.64285714285714,3.551329157998621
0.5792166605147766,-69.20408163265306,3.551329157998621
0.5792166605147766,-68.76530612244898,3.551329157998621
0.5792166605147766,-68.3265306122449,3.551329157998621
0.5792166605147766,-67.88775510204081,3.551329157998621
0.5792166605147766,-67.44897959183673,3.551329157998621
0.5792166605147766,-67.01020408163265,3.551329157998621
3612083247218453e3,-66.57142857142857,3.551329157998621
3612083247218453e3,-66.13265306122449,3.551329157998621
3612083247218453e3,-65.6938775510204,3.551329157998621
3612083247218453e3,-65.25510204081633,3.551329157998621
3612083247218453e3,-64.81632653061224,3.551329157998621
3612083247218453e3,-64.37755102040816,3.551329157998621
3612083247218453e3,-63.93877551020408,3.551329157998621
3612083247218453e3,-63.5,3.551329157998621
0.5885144606877943,-85,3.7763273656360594
0.5792166605147766,-84.56122448979592,3.7763273656360594
0.5792166605147766,-84.12244897959184,3.7763273656360594
0.5792166605147766,-83.68367346938776,3.7763273656360594
0.5792166605147766,-83.24489795918367,3.7763273656360594
0.5792166605147766,-82.8061224489796,3.7763273656360594
0.5792166605147766,-82.36734693877551,3.7763273656360594
0.5792166605147766,-81.92857142857143,3.7763273656360594
0.5792166605147766,-81.48979591836735,3.7763273656360594
0.5792166605147766,-81.05102040816327,3.7763273656360594
0.5792166605147766,-80.61224489795919,3.7763273656360594
0.5792166605147766,-80.1734693877551,3.7763273656360594
0.5792166605147766,-79.73469387755102,3.7763273656360594
0.5792166605147766,-79.29591836734694,3.7763273656360594
0.5792166605147766,-78.85714285714286,3.7763273656360594
0.5792166605147766,-78.41836734693878,3.7763273656360594
0.5792166605147766,-77.9795918367347,3.7763273656360594
0.5792166605147766,-77.54081632653062,3.7763273656360594
0.5792166605147766,-77.10204081632654,3.7763273656360594
0.5792166605147766,-76.66326530612245,3.7763273656360594
0.5792166605147766,-76.22448979591837,3.7763273656360594
0.5792166605147766,-75.78571428571429,3.7763273656360594
0.5792166605147766,-75.34693877551021,3.7763273656360594
0.5792166605147766,-74.90816326530611,3.7763273656360594
0.5792166605147766,-74.46938775510205,3.7763273656360594
0.5792166605147766,-74.03061224489795,3.7763273656360594
0.5792166605147766,-73.59183673469389,3.7763273656360594
0.5792166605147766,-73.15306122448979,3.7763273656360594
0.5792166605147766,-72.71428571428572,3.7763273656360594
0.5792166605147766,-72.27551020408163,3.7763273656360594
0.5792166605147766,-71.83673469387755,3.7763273656360594
0.5792166605147766,-71.39795918367346,3.7763273656360594
0.5792166605147766,-70.95918367346938,3.7763273656360594
0.5792166605147766,-70.5204081632653,3.7763273656360594
0.5792166605147766,-70.08163265306122,3.7763273656360594
0.5792166605147766,-69.64285714285714,3.7763273656360594
0.5792166605147766,-69.20408163265306,3.7763273656360594
0.5792166605147766,-68.76530612244898,3.7763273656360594
0.5792166605147766,-68.3265306122449,3.7763273656360594
0.5792166605147766,-67.88775510204081,3.7763273656360594
0.5792166605147766,-67.44897959183673,3.7763273656360594
0.5792166605147766,-67.01020408163265,3.7763273656360594
3612083247218453e3,-66.57142857142857,3.7763273656360594
3612083247218453e3,-66.13265306122449,3.7763273656360594
3612083247218453e3,-65.6938775510204,3.7763273656360594
3612083247218453e3,-65.25510204081633,3.7763273656360594
3612083247218453e3,-64.81632653061224,3.7763273656360594
3612083247218453e3,-64.37755102040816,3.7763273656360594
3612083247218453e3,-63.93877551020408,3.7763273656360594
3612083247218453e3,-63.5,3.7763273656360594
0.5885144606877943,-85,4.001325573273498
0.5792166605147766,-84.56122448979592,4.001325573273498
0.5792166605147766,-84.12244897959184,4.001325573273498
0.5792166605147766,-83.68367346938776,4.001325573273498
0.5792166605147766,-83.24489795918367,4.001325573273498
0.5792166605147766,-82.8061224489796,4.001325573273498
0.5792166605147766,-82.36734693877551,4.001325573273498
0.5792166605147766,-81.92857142857143,4.001325573273498
0.5792166605147766,-81.48979591836735,4.001325573273498
0.5792166605147766,-81.05102040816327,4.001325573273498
0.5792166605147766,-80.61224489795919,4.001325573273498
0.5792166605147766,-80.1734693877551,4.001325573273498
0.5792166605147766,-79.73469387755102,4.001325573273498
0.5792166605147766,-79.29591836734694,4.001325573273498
0.5792166605147766,-78.85714285714286,4.001325573273498
0.5792166605147766,-78.41836734693878,4.001325573273498
0.5792166605147766,-77.9795918367347,4.001325573273498
0.5792166605147766,-77.54081632653062,4.001325573273498
0.5792166605147766,-77.10204081632654,4.001325573273498
0.5792166605147766,-76.66326530612245,4.001325573273498
0.5792166605147766,-76.22448979591837,4.001325573273498
0.5792166605147766,-75.78571428571429,4.001325573273498
0.5792166605147766,-75.34693877551021,4.001325573273498
0.5792166605147766,-74.90816326530611,4.001325573273498
0.5792166605147766,-74.46938775510205,4.001325573273498
0.5792166605147766,-74.03061224489795,4.001325573273498
0.5792166605147766,-73.59183673469389,4.001325573273498
0.5792166605147766,-73.15306122448979,4.001325573273498
0.5792166605147766,-72.71428571428572,4.001325573273498
0.5792166605147766,-72.27551020408163,4.001325573273498
0.5792166605147766,-71.83673469387755,4.001325573273498
0.5792166605147766,-71.39795918367346,4.001325573273498
0.5792166605147766,-70.95918367346938,4.001325573273498
0.5792166605147766,-70.5204081632653,4.001325573273498
0.5792166605147766,-70.08163265306122,4.001325573273498
0.5792166605147766,-69.64285714285714,4.001325573273498
0.5792166605147766,-69.20408163265306,4.001325573273498
0.5792166605147766,-68.76530612244898,4.001325573273498
0.5792166605147766,-68.3265306122449,4.001325573273498
0.5792166605147766,-67.88775510204081,4.001325573273498
0.5792166605147766,-67.44897959183673,4.001325573273498
0.5792166605147766,-67.01020408163265,4.001325573273498
3612083247218453e3,-66.57142857142857,4.001325573273498
3612083247218453e3,-66.13265306122449,4.001325573273498
3612083247218453e3,-65.6938775510204,4.001325573273498
3612083247218453e3,-65.25510204081633,4.001325573273498
3612083247218453e3,-64.81632653061224,4.001325573273498
3612083247218453e3,-64.37755102040816,4.001325573273498
3612083247218453e3,-63.93877551020408,4.001325573273498
3612083247218453e3,-63.5,4.001325573273498
0.5885144606877943,-85,4.226323780910937
0.5792166605147766,-84.56122448979592,4.226323780910937
0.5792166605147766,-84.12244897959184,4.226323780910937
0.5792166605147766,-83.68367346938776,4.226323780910937
0.5792166605147766,-83.24489795918367,4.226323780910937
0.5792166605147766,-82.8061224489796,4.226323780910937
0.5792166605147766,-82.36734693877551,4.226323780910937
0.5792166605147766,-81.92857142857143,4.226323780910937
0.5792166605147766,-81.48979591836735,4.226323780910937
0.5792166605147766,-81.05102040816327,4.226323780910937
0.5792166605147766,-80.61224489795919,4.226323780910937
0.5792166605147766,-80.1734693877551,4.226323780910937
0.5792166605147766,-79.73469387755102,4.226323780910937
0.5792166605147766,-79.29591836734694,4.226323780910937
0.5792166605147766,-78.85714285714286,4.226323780910937
0.5792166605147766,-78.41836734693878,4.226323780910937
0.5792166605147766,-77.9795918367347,4.226323780910937
0.5792166605147766,-77.54081632653062,4.226323780910937
0.5792166605147766,-77.10204081632654,4.226323780910937
0.5792166605147766,-76.66326530612245,4.226323780910937
0.5792166605147766,-76.22448979591837,4.226323780910937
0.5792166605147766,-75.78571428571429,4.226323780910937
0.5792166605147766,-75.34693877551021,4.226323780910937
0.5792166605147766,-74.90816326530611,4.226323780910937
0.5792166605147766,-74.46938775510205,4.226323780910937
0.5792166605147766,-74.03061224489795,4.226323780910937
0.5792166605147766,-73.59183673469389,4.226323780910937
0.5792166605147766,-73.15306122448979,4.226323780910937
0.5792166605147766,-72.71428571428572,4.226323780910937
0.5792166605147766,-72.27551020408163,4.226323780910937
0.5792166605147766,-71.83673469387755,4.226323780910937
0.5792166605147766,-71.39795918367346,4.226323780910937
0.5792166605147766,-70.95918367346938,4.226323780910937
0.5792166605147766,-70.5204081632653,4.226323780910937
0.5792166605147766,-70.08163265306122,4.226323780910937
0.5792166605147766,-69.64285714285714,4.226323780910937
0.5792166605147766,-69.20408163265306,4.226323780910937
0.5792166605147766,-68.76530612244898,4.226323780910937
0.5792166605147766,-68.3265306122449,4.226323780910937
0.5792166605147766,-67.88775510204081,4.226323780910937
0.5792166605147766,-67.44897959183673,4.226323780910937
0.5792166605147766,-67.01020408163265,4.226323780910937
3612083247218453e3,-66.57142857142857,4.226323780910937
3612083247218453e3,-66.13265306122449,4.226323780910937
3612083247218453e3,-65.6938775510204,4.226323780910937
3612083247218453e3,-65.25510204081633,4.226323780910937
3612083247218453e3,-64.81632653061224,4.226323780910937
3612083247218453e3,-64.37755102040816,4.226323780910937
3612083247218453e3,-63.93877551020408,4.226323780910937
3612083247218453e3,-63.5,4.226323780910937
0.5885144606877943,-85,4.451321988548376
0.5792166605147766,-84.56122448979592,4.451321988548376
0.5792166605147766,-84.12244897959184,4.451321988548376
0.5792166605147766,-83.68367346938776,4.451321988548376
0.5792166605147766,-83.24489795918367,4.451321988548376
0.5792166605147766,-82.8061224489796,4.451321988548376
0.5792166605147766,-82.36734693877551,4.451321988548376
0.5792166605147766,-81.92857142857143,4.451321988548376
0.5792166605147766,-81.48979591836735,4.451321988548376
0.5792166605147766,-81.05102040816327,4.451321988548376
0.5792166605147766,-80.61224489795919,4.451321988548376
0.5792166605147766,-80.1734693877551,4.451321988548376
0.5792166605147766,-79.73469387755102,4.451321988548376
0.5792166605147766,-79.29591836734694,4.451321988548376
0.5792166605147766,-78.85714285714286,4.451321988548376
0.5792166605147766,-78.41836734693878,4.451321988548376
0.5792166605147766,-77.9795918367347,4.451321988548376
0.5792166605147766,-77.54081632653062,4.451321988548376
0.5792166605147766,-77.10204081632654,4.451321988548376
0.5792166605147766,-76.66326530612245,4.451321988548376
0.5792166605147766,-76.22448979591837,4.451321988548376
0.5792166605147766,-75.78571428571429,4.451321988548376
0.5792166605147766,-75.34693877551021,4.451321988548376
0.5792166605147766,-74.90816326530611,4.451321988548376
0.5792166605147766,-74.46938775510205,4.451321988548376
0.5792166605147766,-74.03061224489795,4.451321988548376
0.5792166605147766,-73.59183673469389,4.451321988548376
0.5792166605147766,-73.15306122448979,4.451321988548376
0.5792166605147766,-72.71428571428572,4.451321988548376
0.5792166605147766,-72.27551020408163,4.451321988548376
0.5792166605147766,-71.83673469387755,4.451321988548376
0.5792166605147766,-71.39795918367346,4.451321988548376
0.5792166605147766,-70.95918367346938,4.451321988548376
0.5792166605147766,-70.5204081632653,4.451321988548376
0.5792166605147766,-70.08163265306122,4.451321988548376
0.5792166605147766,-69.64285714285714,4.451321988548376
0.5792166605147766,-69.20408163265306,4.451321988548376
0.5792166605147766,-68.76530612244898,4.451321988548376
0.5792166605147766,-68.3265306122449,4.451321988548376
0.5792166605147766,-67.88775510204081,4.451321988548376
0.5792166605147766,-67.44897959183673,4.451321988548376
0.5792166605147766,-67.01020408163265,4.451321988548376
3612083247218453e3,-66.57142857142857,4.451321988548376
3612083247218453e3,-66.13265306122449,4.451321988548376
3612083247218453e3,-65.6938775510204,4.451321988548376
3612083247218453e3,-65.25510204081633,4.451321988548376
3612083247218453e3,-64.81632653061224,4.451321988548376
3612083247218453e3,-64.37755102040816,4.451321988548376
3612083247218453e3,-63.93877551020408,4.451321988548376
3612083247218453e3,-63.5,4.451321988548376
0.5885144606877943,-85,4.676320196185815
0.5792166605147766,-84.56122448979592,4.676320196185815
0.5792166605147766,-84.12244897959184,4.676320196185815
0.5792166605147766,-83.68367346938776,4.676320196185815
0.5792166605147766,-83.24489795918367,4.676320196185815
0.5792166605147766,-82.8061224489796,4.676320196185815
0.5792166605147766,-82.36734693877551,4.676320196185815
0.5792166605147766,-81.92857142857143,4.676320196185815
0.5792166605147766,-81.48979591836735,4.676320196185815
0.5792166605147766,-81.05102040816327,4.676320196185815
0.5792166605147766,-80.61224489795919,4.676320196185815
0.5792166605147766,-80.1734693877551,4.676320196185815
0.5792166605147766,-79.73469387755102,4.676320196185815
0.5792166605147766,-79.29591836734694,4.676320196185815
0.5792166605147766,-78.85714285714286,4.676320196185815
0.5792166605147766,-78.41836734693878,4.676320196185815
0.5792166605147766,-77.9795918367347,4.676320196185815
0.5792166605147766,-77.54081632653062,4.676320196185815
0.5792166605147766,-77.10204081632654,4.676320196185815
0.5792166605147766,-76.66326530612245,4.676320196185815
0.5792166605147766,-76.22448979591837,4.676320196185815
0.5792166605147766,-75.78571428571429,4.676320196185815
0.5792166605147766,-75.34693877551021,4.676320196185815
0.5792166605147766,-74.90816326530611,4.676320196185815
0.5792166605147766,-74.46938775510205,4.676320196185815
0.5792166605147766,-74.03061224489795,4.676320196185815
0.5792166605147766,-73.59183673469389,4.676320196185815
0.5792166605147766,-73.15306122448979,4.676320196185815
0.5792166605147766,-72.71428571428572,4.676320196185815
0.5792166605147766,-72.27551020408163,4.676320196185815
0.5792166605147766,-71.83673469387755,4.676320196185815
0.5792166605147766,-71.39795918367346,4.676320196185815
0.5792166605147766,-70.95918367346938,4.676320196185815
0.5792166605147766,-70.5204081632653,4.676320196185815
0.5792166605147766,-70.08163265306122,4.676320196185815
0.5792166605147766,-69.64285714285714,4.676320196185815
0.5792166605147766,-69.20408163265306,4.676320196185815
0.5792166605147766,-68.76530612244898,4.676320196185815
0.5792166605147766,-68.3265306122449,4.676320196185815
0.5792166605147766,-67.88775510204081,4.676320196185815
0.5792166605147766,-67.44897959183673,4.676320196185815
0.5792166605147766,-67.01020408163265,4.676320196185815
3612083247218453e3,-66.57142857142857,4.676320196185815
3612083247218453e3,-66.13265306122449,4.676320196185815
3612083247218453e3,-65.6938775510204,4.676320196185815
3612083247218453e3,-65.25510204081633,4.676320196185815
3612083247218453e3,-64.81632653061224,4.676320196185815
3612083247218453e3,-64.37755102040816,4.676320196185815
3612083247218453e3,-63.93877551020408,4.676320196185815
3612083247218453e3,-63.5,4.676320196185815
0.5885144606877943,-85,4.901318403823253
0.5792166605147766,-84.56122448979592,4.901318403823253
0.5792166605147766,-84.12244897959184,4.901318403823253
0.5792166605147766,-83.68367346938776,4.901318403823253
0.5792166605147766,-83.24489795918367,4.901318403823253
0.5792166605147766,-82.8061224489796,4.901318403823253
0.5792166605147766,-82.36734693877551,4.901318403823253
0.5792166605147766,-81.92857142857143,4.901318403823253
0.5792166605147766,-81.48979591836735,4.901318403823253
0.5792166605147766,-81.05102040816327,4.901318403823253
0.5792166605147766,-80.61224489795919,4.901318403823253
0.5792166605147766,-80.1734693877551,4.901318403823253
0.5792166605147766,-79.73469387755102,4.901318403823253
0.5792166605147766,-79.29591836734694,4.901318403823253
0.5792166605147766,-78.85714285714286,4.901318403823253
0.5792166605147766,-78.41836734693878,4.901318403823253
0.5792166605147766,-77.9795918367347,4.901318403823253
0.5792166605147766,-77.54081632653062,4.901318403823253
0.5792166605147766,-77.10204081632654,4.901318403823253
0.5792166605147766,-76.66326530612245,4.901318403823253
0.5792166605147766,-76.22448979591837,4.901318403823253
0.5792166605147766,-75.78571428571429,4.901318403823253
0.5792166605147766,-75.34693877551021,4.901318403823253
0.5792166605147766,-74.90816326530611,4.901318403823253
0.5792166605147766,-74.46938775510205,4.901318403823253
0.5792166605147766,-74.03061224489795,4.901318403823253
0.5792166605147766,-73.59183673469389,4.901318403823253
0.5792166605147766,-73.15306122448979,4.901318403823253
0.5792166605147766,-72.71428571428572,4.901318403823253
0.5792166605147766,-72.27551020408163,4.901318403823253
0.5792166605147766,-71.83673469387755,4.901318403823253
0.5792166605147766,-71.39795918367346,4.901318403823253
0.5792166605147766,-70.95918367346938,4.901318403823253
0.5792166605147766,-70.5204081632653,4.901318403823253
0.5792166605147766,-70.08163265306122,4.901318403823253
0.5792166605147766,-69.64285714285714,4.901318403823253
0.5792166605147766,-69.20408163265306,4.901318403823253
0.5792166605147766,-68.76530612244898,4.901318403823253
0.5792166605147766,-68.3265306122449,4.901318403823253
0.5792166605147766,-67.88775510204081,4.901318403823253
0.5792166605147766,-67.44897959183673,4.901318403823253
0.5792166605147766,-67.01020408163265,4.901318403823253
3612083247218453e3,-66.57142857142857,4.901318403823253
3612083247218453e3,-66.13265306122449,4.901318403823253
3612083247218453e3,-65.6938775510204,4.901318403823253
3612083247218453e3,-65.25510204081633,4.901318403823253
3612083247218453e3,-64.81632653061224,4.901318403823253
3612083247218453e3,-64.37755102040816,4.901318403823253
3612083247218453e3,-63.93877551020408,4.901318403823253
3612083247218453e3,-63.5,4.901318403823253
0.5824054260930941,-85,5.126316611460692
0.5732041411065432,-84.56122448979592,5.126316611460692
0.5732041411065432,-84.12244897959184,5.126316611460692
0.5732041411065432,-83.68367346938776,5.126316611460692
0.5732041411065432,-83.24489795918367,5.126316611460692
0.5732041411065432,-82.8061224489796,5.126316611460692
0.5732041411065432,-82.36734693877551,5.126316611460692
0.5732041411065432,-81.92857142857143,5.126316611460692
0.5732041411065432,-81.48979591836735,5.126316611460692
0.5732041411065432,-81.05102040816327,5.126316611460692
0.5732041411065432,-80.61224489795919,5.126316611460692
0.5732041411065432,-80.1734693877551,5.126316611460692
0.5732041411065432,-79.73469387755102,5.126316611460692
0.5732041411065432,-79.29591836734694,5.126316611460692
0.5732041411065432,-78.85714285714286,5.126316611460692
0.5732041411065432,-78.41836734693878,5.126316611460692
0.5732041411065432,-77.9795918367347,5.126316611460692
0.5732041411065432,-77.54081632653062,5.126316611460692
0.5732041411065432,-77.10204081632654,5.126316611460692
0.5732041411065432,-76.66326530612245,5.126316611460692
0.5732041411065432,-76.22448979591837,5.126316611460692
0.5732041411065432,-75.78571428571429,5.126316611460692
0.5732041411065432,-75.34693877551021,5.126316611460692
0.5732041411065432,-74.90816326530611,5.126316611460692
0.5732041411065432,-74.46938775510205,5.126316611460692
0.5732041411065432,-74.03061224489795,5.126316611460692
0.5732041411065432,-73.59183673469389,5.126316611460692
0.5732041411065432,-73.15306122448979,5.126316611460692
0.5732041411065432,-72.71428571428572,5.126316611460692
0.5732041411065432,-72.27551020408163,5.126316611460692
0.5732041411065432,-71.83673469387755,5.126316611460692
0.5732041411065432,-71.39795918367346,5.126316611460692
0.5732041411065432,-70.95918367346938,5.126316611460692
0.5732041411065432,-70.5204081632653,5.126316611460692
0.5732041411065432,-70.08163265306122,5.126316611460692
0.5732041411065432,-69.64285714285714,5.126316611460692
0.5732041411065432,-69.20408163265306,5.126316611460692
0.5732041411065432,-68.76530612244898,5.126316611460692
0.5732041411065432,-68.3265306122449,5.126316611460692
0.5732041411065432,-67.88775510204081,5.126316611460692
0.5732041411065432,-67.44897959183673,5.126316611460692
0.5732041411065432,-67.01020408163265,5.126316611460692
3574588261130253e3,-66.57142857142857,5.126316611460692
3574588261130253e3,-66.13265306122449,5.126316611460692
3574588261130253e3,-65.6938775510204,5.126316611460692
3574588261130253e3,-65.25510204081633,5.126316611460692
3574588261130253e3,-64.81632653061224,5.126316611460692
3574588261130253e3,-64.37755102040816,5.126316611460692
3574588261130253e3,-63.93877551020408,5.126316611460692
3574588261130253e3,-63.5,5.126316611460692
0.5824054260930941,-85,5.35131481909813
0.5732041411065432,-84.56122448979592,5.35131481909813
0.5732041411065432,-84.12244897959184,5.35131481909813
0.5732041411065432,-83.68367346938776,5.35131481909813
0.5732041411065432,-83.24489795918367,5.35131481909813
0.5732041411065432,-82.8061224489796,5.35131481909813
0.5732041411065432,-82.36734693877551,5.35131481909813
0.5732041411065432,-81.92857142857143,5.35131481909813
0.5732041411065432,-81.48979591836735,5.35131481909813
0.5732041411065432,-81.05102040816327,5.35131481909813
0.5732041411065432,-80.61224489795919,5.35131481909813
0.5732041411065432,-80.1734693877551,5.35131481909813
0.5732041411065432,-79.73469387755102,5.35131481909813
0.5732041411065432,-79.29591836734694,5.35131481909813
0.5732041411065432,-78.85714285714286,5.35131481909813
0.5732041411065432,-78.41836734693878,5.35131481909813
0.5732041411065432,-77.9795918367347,5.35131481909813
0.5732041411065432,-77.54081632653062,5.35131481909813
0.5732041411065432,-77.10204081632654,5.35131481909813
0.5732041411065432,-76.66326530612245,5.35131481909813
0.5732041411065432,-76.22448979591837,5.35131481909813
0.5732041411065432,-75.78571428571429,5.35131481909813
0.5732041411065432,-75.34693877551021,5.35131481909813
0.5732041411065432,-74.90816326530611,5.35131481909813
0.5732041411065432,-74.46938775510205,5.35131481909813
0.5732041411065432,-74.03061224489795,5.35131481909813
0.5732041411065432,-73.59183673469389,5.35131481909813
0.5732041411065432,-73.15306122448979,5.35131481909813
0.5732041411065432,-72.71428571428572,5.35131481909813
0.5732041411065432,-72.27551020408163,5.35131481909813
0.5732041411065432,-71.83673469387755,5.35131481909813
0.5732041411065432,-71.39795918367346,5.35131481909813
0.5732041411065432,-70.95918367346938,5.35131481909813
0.5732041411065432,-70.5204081632653,5.35131481909813
0.5732041411065432,-70.08163265306122,5.35131481909813
0.5732041411065432,-69.64285714285714,5.35131481909813
0.5732041411065432,-69.20408163265306,5.35131481909813
0.5732041411065432,-68.76530612244898,5.35131481909813
0.5732041411065432,-68.3265306122449,5.35131481909813
0.5732041411065432,-67.88775510204081,5.35131481909813
0.5732041411065432,-67.44897959183673,5.35131481909813
0.5732041411065432,-67.01020408163265,5.35131481909813
3574588261130253e3,-66.57142857142857,5.35131481909813
3574588261130253e3,-66.13265306122449,5.35131481909813
3574588261130253e3,-65.6938775510204,5.35131481909813
3574588261130253e3,-65.25510204081633,5.35131481909813
3574588261130253e3,-64.81632653061224,5.35131481909813
3574588261130253e3,-64.37755102040816,5.35131481909813
3574588261130253e3,-63.93877551020408,5.35131481909813
3574588261130253e3,-63.5,5.35131481909813
0.5824054260930941,-85,5.576313026735569
0.5732041411065432,-84.56122448979592,5.576313026735569
0.5732041411065432,-84.12244897959184,5.576313026735569
0.5732041411065432,-83.68367346938776,5.576313026735569
0.5732041411065432,-83.24489795918367,5.576313026735569
0.5732041411065432,-82.8061224489796,5.576313026735569
0.5732041411065432,-82.36734693877551,5.576313026735569
0.5732041411065432,-81.92857142857143,5.576313026735569
0.5732041411065432,-81.48979591836735,5.576313026735569
0.5732041411065432,-81.05102040816327,5.576313026735569
0.5732041411065432,-80.61224489795919,5.576313026735569
0.5732041411065432,-80.1734693877551,5.576313026735569
0.5732041411065432,-79.73469387755102,5.576313026735569
0.5732041411065432,-79.29591836734694,5.576313026735569
0.5732041411065432,-78.85714285714286,5.576313026735569
0.5732041411065432,-78.41836734693878,5.576313026735569
0.5732041411065432,-77.9795918367347,5.576313026735569
0.5732041411065432,-77.54081632653062,5.576313026735569
0.5732041411065432,-77.10204081632654,5.576313026735569
0.5732041411065432,-76.66326530612245,5.576313026735569
0.5732041411065432,-76.22448979591837,5.576313026735569
0.5732041411065432,-75.78571428571429,5.576313026735569
0.5732041411065432,-75.34693877551021,5.576313026735569
0.5732041411065432,-74.90816326530611,5.576313026735569
0.5732041411065432,-74.46938775510205,5.576313026735569
0.5732041411065432,-74.03061224489795,5.576313026735569
0.5732041411065432,-73.59183673469389,5.576313026735569
0.5732041411065432,-73.15306122448979,5.576313026735569
0.5732041411065432,-72.71428571428572,5.576313026735569
0.5732041411065432,-72.27551020408163,5.576313026735569
0.5732041411065432,-71.83673469387755,5.576313026735569
0.5732041411065432,-71.39795918367346,5.576313026735569
0.5732041411065432,-70.95918367346938,5.576313026735569
0.5732041411065432,-70.5204081632653,5.576313026735569
0.5732041411065432,-70.08163265306122,5.576313026735569
0.5732041411065432,-69.64285714285714,5.576313026735569
0.5732041411065432,-69.20408163265306,5.576313026735569
0.5732041411065432,-68.76530612244898,5.576313026735569
0.5732041411065432,-68.3265306122449,5.576313026735569
0.5732041411065432,-67.88775510204081,5.576313026735569
0.5732041411065432,-67.44897959183673,5.576313026735569
0.5732041411065432,-67.01020408163265,5.576313026735569
3574588261130253e3,-66.57142857142857,5.576313026735569
3574588261130253e3,-66.13265306122449,5.576313026735569
3574588261130253e3,-65.6938775510204,5.576313026735569
3574588261130253e3,-65.25510204081633,5.576313026735569
3574588261130253e3,-64.81632653061224,5.576313026735569
3574588261130253e3,-64.37755102040816,5.576313026735569
3574588261130253e3,-63.93877551020408,5.576313026735569
3574588261130253e3,-63.5,5.576313026735569
0.5824054260930941,-85,5.801311234373008
0.5732041411065432,-84.56122448979592,5.801311234373008
0.5732041411065432,-84.12244897959184,5.801311234373008
0.5732041411065432,-83.68367346938776,5.801311234373008
0.5732041411065432,-83.24489795918367,5.801311234373008
0.5732041411065432,-82.8061224489796,5.801311234373008
0.5732041411065432,-82.36734693877551,5.801311234373008
0.5732041411065432,-81.92857142857143,5.801311234373008
0.5732041411065432,-81.48979591836735,5.801311234373008
0.5732041411065432,-81.05102040816327,5.801311234373008
0.5732041411065432,-80.61224489795919,5.801311234373008
0.5732041411065432,-80.1734693877551,5.801311234373008
0.5732041411065432,-79.73469387755102,5.801311234373008
0.5732041411065432,-79.29591836734694,5.801311234373008
0.5732041411065432,-78.85714285714286,5.801311234373008
0.5732041411065432,-78.41836734693878,5.801311234373008
0.5732041411065432,-77.9795918367347,5.801311234373008
0.5732041411065432,-77.54081632653062,5.801311234373008
0.5732041411065432,-77.10204081632654,5.801311234373008
0.5732041411065432,-76.66326530612245,5.801311234373008
0.5732041411065432,-76.22448979591837,5.801311234373008
0.5732041411065432,-75.78571428571429,5.801311234373008
0.5732041411065432,-75.34693877551021,5.801311234373008
0.5732041411065432,-74.90816326530611,5.801311234373008
0.5732041411065432,-74.46938775510205,5.801311234373008
0.5732041411065432,-74.03061224489795,5.801311234373008
0.5732041411065432,-73.59183673469389,5.801311234373008
0.5732041411065432,-73.15306122448979,5.801311234373008
0.5732041411065432,-72.71428571428572,5.801311234373008
0.5732041411065432,-72.27551020408163,5.801311234373008
0.5732041411065432,-71.83673469387755,5.801311234373008
0.5732041411065432,-71.39795918367346,5.801311234373008
0.5732041411065432,-70.95918367346938,5.801311234373008
0.5732041411065432,-70.5204081632653,5.801311234373008
0.5732041411065432,-70.08163265306122,5.801311234373008
0.5732041411065432,-69.64285714285714,5.801311234373008
0.5732041411065432,-69.20408163265306,5.801311234373008
0.5732041411065432,-68.76530612244898,5.801311234373008
0.5732041411065432,-68.3265306122449,5.801311234373008
0.5732041411065432,-67.88775510204081,5.801311234373008
0.5732041411065432,-67.44897959183673,5.801311234373008
0.5732041411065432,-67.01020408163265,5.801311234373008
3574588261130253e3,-66.57142857142857,5.801311234373008
3574588261130253e3,-66.13265306122449,5.801311234373008
3574588261130253e3,-65.6938775510204,5.801311234373008
3574588261130253e3,-65.25510204081633,5.801311234373008
3574588261130253e3,-64.81632653061224,5.801311234373008
3574588261130253e3,-64.37755102040816,5.801311234373008
3574588261130253e3,-63.93877551020408,5.801311234373008
3574588261130253e3,-63.5,5.801311234373008
0.5824054260930941,-85,6.026309442010446
0.5732041411065432,-84.56122448979592,6.026309442010446
0.5732041411065432,-84.12244897959184,6.026309442010446
0.5732041411065432,-83.68367346938776,6.026309442010446
0.5732041411065432,-83.24489795918367,6.026309442010446
0.5732041411065432,-82.8061224489796,6.026309442010446
0.5732041411065432,-82.36734693877551,6.026309442010446
0.5732041411065432,-81.92857142857143,6.026309442010446
0.5732041411065432,-81.48979591836735,6.026309442010446
0.5732041411065432,-81.05102040816327,6.026309442010446
0.5732041411065432,-80.61224489795919,6.026309442010446
0.5732041411065432,-80.1734693877551,6.026309442010446
0.5732041411065432,-79.73469387755102,6.026309442010446
0.5732041411065432,-79.29591836734694,6.026309442010446
0.5732041411065432,-78.85714285714286,6.026309442010446
0.5732041411065432,-78.41836734693878,6.026309442010446
0.5732041411065432,-77.9795918367347,6.026309442010446
0.5732041411065432,-77.54081632653062,6.026309442010446
0.5732041411065432,-77.10204081632654,6.026309442010446
0.5732041411065432,-76.66326530612245,6.026309442010446
0.5732041411065432,-76.22448979591837,6.026309442010446
0.5732041411065432,-75.78571428571429,6.026309442010446
0.5732041411065432,-75.34693877551021,6.026309442010446
0.5732041411065432,-74.90816326530611,6.026309442010446
0.5732041411065432,-74.46938775510205,6.026309442010446
0.5732041411065432,-74.03061224489795,6.026309442010446
0.5732041411065432,-73.59183673469389,6.026309442010446
0.5732041411065432,-73.15306122448979,6.026309442010446
0.5732041411065432,-72.71428571428572,6.026309442010446
0.5732041411065432,-72.27551020408163,6.026309442010446
0.5732041411065432,-71.83673469387755,6.026309442010446
0.5732041411065432,-71.39795918367346,6.026309442010446
0.5732041411065432,-70.95918367346938,6.026309442010446
0.5732041411065432,-70.5204081632653,6.026309442010446
0.5732041411065432,-70.08163265306122,6.026309442010446
0.5732041411065432,-69.64285714285714,6.026309442010446
0.5732041411065432,-69.20408163265306,6.026309442010446
0.5732041411065432,-68.76530612244898,6.026309442010446
0.5732041411065432,-68.3265306122449,6.026309442010446
0.5732041411065432,-67.88775510204081,6.026309442010446
0.5732041411065432,-67.44897959183673,6.026309442010446
0.5732041411065432,-67.01020408163265,6.026309442010446
3574588261130253e3,-66.57142857142857,6.026309442010446
3574588261130253e3,-66.13265306122449,6.026309442010446
3574588261130253e3,-65.6938775510204,6.026309442010446
3574588261130253e3,-65.25510204081633,6.026309442010446
3574588261130253e3,-64.81632653061224,6.026309442010446
3574588261130253e3,-64.37755102040816,6.026309442010446
3574588261130253e3,-63.93877551020408,6.026309442010446
3574588261130253e3,-63.5,6.026309442010446
0.5824054260930941,-85,6.251307649647885
0.5732041411065432,-84.56122448979592,6.251307649647885
0.5732041411065432,-84.12244897959184,6.251307649647885
0.5732041411065432,-83.68367346938776,6.251307649647885
0.5732041411065432,-83.24489795918367,6.251307649647885
0.5732041411065432,-82.8061224489796,6.251307649647885
0.5732041411065432,-82.36734693877551,6.251307649647885
0.5732041411065432,-81.92857142857143,6.251307649647885
0.5732041411065432,-81.48979591836735,6.251307649647885
0.5732041411065432,-81.05102040816327,6.251307649647885
0.5732041411065432,-80.61224489795919,6.251307649647885
0.5732041411065432,-80.1734693877551,6.251307649647885
0.5732041411065432,-79.73469387755102,6.251307649647885
0.5732041411065432,-79.29591836734694,6.251307649647885
0.5732041411065432,-78.85714285714286,6.251307649647885
0.5732041411065432,-78.41836734693878,6.251307649647885
0.5732041411065432,-77.9795918367347,6.251307649647885
0.5732041411065432,-77.54081632653062,6.251307649647885
0.5732041411065432,-77.10204081632654,6.251307649647885
0.5732041411065432,-76.66326530612245,6.251307649647885
0.5732041411065432,-76.22448979591837,6.251307649647885
0.5732041411065432,-75.78571428571429,6.251307649647885
0.5732041411065432,-75.34693877551021,6.251307649647885
0.5732041411065432,-74.90816326530611,6.251307649647885
0.5732041411065432,-74.46938775510205,6.251307649647885
0.5732041411065432,-74.03061224489795,6.251307649647885
0.5732041411065432,-73.59183673469389,6.251307649647885
0.5732041411065432,-73.15306122448979,6.251307649647885
0.5732041411065432,-72.71428571428572,6.251307649647885
0.5732041411065432,-72.27551020408163,6.251307649647885
0.5732041411065432,-71.83673469387755,6.251307649647885
0.5732041411065432,-71.39795918367346,6.251307649647885
0.5732041411065432,-70.95918367346938,6.251307649647885
0.5732041411065432,-70.5204081632653,6.251307649647885
0.5732041411065432,-70.08163265306122,6.251307649647885
0.5732041411065432,-69.64285714285714,6.251307649647885
0.5732041411065432,-69.20408163265306,6.251307649647885
0.5732041411065432,-68.76530612244898,6.251307649647885
0.5732041411065432,-68.3265306122449,6.251307649647885
0.5732041411065432,-67.88775510204081,6.251307649647885
0.5732041411065432,-67.44897959183673,6.251307649647885
0.5732041411065432,-67.01020408163265,6.251307649647885
3574588261130253e3,-66.57142857142857,6.251307649647885
3574588261130253e3,-66.13265306122449,6.251307649647885
3574588261130253e3,-65.6938775510204,6.251307649647885
3574588261130253e3,-65.25510204081633,6.251307649647885
3574588261130253e3,-64.81632653061224,6.251307649647885
3574588261130253e3,-64.37755102040816,6.251307649647885
3574588261130253e3,-63.93877551020408,6.251307649647885
3574588261130253e3,-63.5,6.251307649647885
0.6573413960140273,-85,6.476305857285324
0.6469562154384336,-84.56122448979592,6.476305857285324
0.6469562154384336,-84.12244897959184,6.476305857285324
0.6469562154384336,-83.68367346938776,6.476305857285324
0.6469562154384336,-83.24489795918367,6.476305857285324
0.6469562154384336,-82.8061224489796,6.476305857285324
0.6469562154384336,-82.36734693877551,6.476305857285324
0.6469562154384336,-81.92857142857143,6.476305857285324
0.6469562154384336,-81.48979591836735,6.476305857285324
0.6469562154384336,-81.05102040816327,6.476305857285324
0.6469562154384336,-80.61224489795919,6.476305857285324
0.6469562154384336,-80.1734693877551,6.476305857285324
0.6469562154384336,-79.73469387755102,6.476305857285324
0.6469562154384336,-79.29591836734694,6.476305857285324
0.6469562154384336,-78.85714285714286,6.476305857285324
0.6469562154384336,-78.41836734693878,6.476305857285324
0.6469562154384336,-77.9795918367347,6.476305857285324
0.6469562154384336,-77.54081632653062,6.476305857285324
0.6469562154384336,-77.10204081632654,6.476305857285324
0.6469562154384336,-76.66326530612245,6.476305857285324
0.6469562154384336,-76.22448979591837,6.476305857285324
0.6469562154384336,-75.78571428571429,6.476305857285324
0.6469562154384336,-75.34693877551021,6.476305857285324
0.6469562154384336,-74.90816326530611,6.476305857285324
0.6469562154384336,-74.46938775510205,6.476305857285324
0.6469562154384336,-74.03061224489795,6.476305857285324
0.6469562154384336,-73.59183673469389,6.476305857285324
0.6469562154384336,-73.15306122448979,6.476305857285324
0.6469562154384336,-72.71428571428572,6.476305857285324
0.6469562154384336,-72.27551020408163,6.476305857285324
0.6469562154384336,-71.83673469387755,6.476305857285324
0.6469562154384336,-71.39795918367346,6.476305857285324
0.6469562154384336,-70.95918367346938,6.476305857285324
0.6469562154384336,-70.5204081632653,6.476305857285324
0.6469562154384336,-70.08163265306122,6.476305857285324
0.6469562154384336,-69.64285714285714,6.476305857285324
0.6469562154384336,-69.20408163265306,6.476305857285324
0.6469562154384336,-68.76530612244898,6.476305857285324
0.6469562154384336,-68.3265306122449,6.476305857285324
0.6469562154384336,-67.88775510204081,6.476305857285324
0.6469562154384336,-67.44897959183673,6.476305857285324
0.6469562154384336,-67.01020408163265,6.476305857285324
29321048580517963e5,-66.57142857142857,6.476305857285324
29321048580517963e5,-66.13265306122449,6.476305857285324
29321048580517963e5,-65.6938775510204,6.476305857285324
29321048580517963e5,-65.25510204081633,6.476305857285324
29321048580517963e5,-64.81632653061224,6.476305857285324
29321048580517963e5,-64.37755102040816,6.476305857285324
29321048580517963e5,-63.93877551020408,6.476305857285324
29321048580517963e5,-63.5,6.476305857285324
0.6573413960140273,-85,6.701304064922763
0.6469562154384336,-84.56122448979592,6.701304064922763
0.6469562154384336,-84.12244897959184,6.701304064922763
0.6469562154384336,-83.68367346938776,6.701304064922763
0.6469562154384336,-83.24489795918367,6.701304064922763
0.6469562154384336,-82.8061224489796,6.701304064922763
0.6469562154384336,-82.36734693877551,6.701304064922763
0.6469562154384336,-81.92857142857143,6.701304064922763
0.6469562154384336,-81.48979591836735,6.701304064922763
0.6469562154384336,-81.05102040816327,6.701304064922763
0.6469562154384336,-80.61224489795919,6.701304064922763
0.6469562154384336,-80.1734693877551,6.701304064922763
0.6469562154384336,-79.73469387755102,6.701304064922763
0.6469562154384336,-79.29591836734694,6.701304064922763
0.6469562154384336,-78.85714285714286,6.701304064922763
0.6469562154384336,-78.41836734693878,6.701304064922763
0.6469562154384336,-77.9795918367347,6.701304064922763
0.6469562154384336,-77.54081632653062,6.701304064922763
0.6469562154384336,-77.10204081632654,6.701304064922763
0.6469562154384336,-76.66326530612245,6.701304064922763
0.6469562154384336,-76.22448979591837,6.701304064922763
0.6469562154384336,-75.78571428571429,6.701304064922763
0.6469562154384336,-75.34693877551021,6.701304064922763
0.6469562154384336,-74.90816326530611,6.701304064922763
0.6469562154384336,-74.46938775510205,6.701304064922763
0.6469562154384336,-74.03061224489795,6.701304064922763
0.6469562154384336,-73.59183673469389,6.701304064922763
0.6469562154384336,-73.15306122448979,6.701304064922763
0.6469562154384336,-72.71428571428572,6.701304064922763
0.6469562154384336,-72.27551020408163,6.701304064922763
0.6469562154384336,-71.83673469387755,6.701304064922763
0.6469562154384336,-71.39795918367346,6.701304064922763
0.6469562154384336,-70.95918367346938,6.701304064922763
0.6469562154384336,-70.5204081632653,6.701304064922763
0.6469562154384336,-70.08163265306122,6.701304064922763
0.6469562154384336,-69.64285714285714,6.701304064922763
0.6469562154384336,-69.20408163265306,6.701304064922763
0.6469562154384336,-68.76530612244898,6.701304064922763
0.6469562154384336,-68.3265306122449,6.701304064922763
0.6469562154384336,-67.88775510204081,6.701304064922763
0.6469562154384336,-67.44897959183673,6.701304064922763
0.6469562154384336,-67.01020408163265,6.701304064922763
29321048580517963e5,-66.57142857142857,6.701304064922763
29321048580517963e5,-66.13265306122449,6.701304064922763
29321048580517963e5,-65.6938775510204,6.701304064922763
29321048580517963e5,-65.25510204081633,6.701304064922763
29321048580517963e5,-64.81632653061224,6.701304064922763
29321048580517963e5,-64.37755102040816,6.701304064922763
29321048580517963e5,-63.93877551020408,6.701304064922763
29321048580517963e5,-63.5,6.701304064922763
0.6573413960140273,-85,6.926302272560202
0.6469562154384336,-84.56122448979592,6.926302272560202
0.6469562154384336,-84.12244897959184,6.926302272560202
0.6469562154384336,-83.68367346938776,6.926302272560202
0.6469562154384336,-83.24489795918367,6.926302272560202
0.6469562154384336,-82.8061224489796,6.926302272560202
0.6469562154384336,-82.36734693877551,6.926302272560202
0.6469562154384336,-81.92857142857143,6.926302272560202
0.6469562154384336,-81.48979591836735,6.926302272560202
0.6469562154384336,-81.05102040816327,6.926302272560202
0.6469562154384336,-80.61224489795919,6.926302272560202
0.6469562154384336,-80.1734693877551,6.926302272560202
0.6469562154384336,-79.73469387755102,6.926302272560202
0.6469562154384336,-79.29591836734694,6.926302272560202
0.6469562154384336,-78.85714285714286,6.926302272560202
0.6469562154384336,-78.41836734693878,6.926302272560202
0.6469562154384336,-77.9795918367347,6.926302272560202
0.6469562154384336,-77.54081632653062,6.926302272560202
0.6469562154384336,-77.10204081632654,6.926302272560202
0.6469562154384336,-76.66326530612245,6.926302272560202
0.6469562154384336,-76.22448979591837,6.926302272560202
0.6469562154384336,-75.78571428571429,6.926302272560202
0.6469562154384336,-75.34693877551021,6.926302272560202
0.6469562154384336,-74.90816326530611,6.926302272560202
0.6469562154384336,-74.46938775510205,6.926302272560202
0.6469562154384336,-74.03061224489795,6.926302272560202
0.6469562154384336,-73.59183673469389,6.926302272560202
0.6469562154384336,-73.15306122448979,6.926302272560202
0.6469562154384336,-72.71428571428572,6.926302272560202
0.6469562154384336,-72.27551020408163,6.926302272560202
0.6469562154384336,-71.83673469387755,6.926302272560202
0.6469562154384336,-71.39795918367346,6.926302272560202
0.6469562154384336,-70.95918367346938,6.926302272560202
0.6469562154384336,-70.5204081632653,6.926302272560202
0.6469562154384336,-70.08163265306122,6.926302272560202
0.6469562154384336,-69.64285714285714,6.926302272560202
0.6469562154384336,-69.20408163265306,6.926302272560202
0.6469562154384336,-68.76530612244898,6.926302272560202
0.6469562154384336,-68.3265306122449,6.926302272560202
0.6469562154384336,-67.88775510204081,6.926302272560202
0.6469562154384336,-67.44897959183673,6.926302272560202
0.6469562154384336,-67.01020408163265,6.926302272560202
29321048580517963e5,-66.57142857142857,6.926302272560202
29321048580517963e5,-66.13265306122449,6.926302272560202
29321048580517963e5,-65.6938775510204,6.926302272560202
29321048580517963e5,-65.25510204081633,6.926302272560202
29321048580517963e5,-64.81632653061224,6.926302272560202
29321048580517963e5,-64.37755102040816,6.926302272560202
29321048580517963e5,-63.93877551020408,6.926302272560202
29321048580517963e5,-63.5,6.926302272560202
0.6573413960140273,-85,7.15130048019764
0.6469562154384336,-84.56122448979592,7.15130048019764
0.6469562154384336,-84.12244897959184,7.15130048019764
0.6469562154384336,-83.68367346938776,7.15130048019764
0.6469562154384336,-83.24489795918367,7.15130048019764
0.6469562154384336,-82.8061224489796,7.15130048019764
0.6469562154384336,-82.36734693877551,7.15130048019764
0.6469562154384336,-81.92857142857143,7.15130048019764
0.6469562154384336,-81.48979591836735,7.15130048019764
0.6469562154384336,-81.05102040816327,7.15130048019764
0.6469562154384336,-80.61224489795919,7.15130048019764
0.6469562154384336,-80.1734693877551,7.15130048019764
0.6469562154384336,-79.73469387755102,7.15130048019764
0.6469562154384336,-79.29591836734694,7.15130048019764
0.6469562154384336,-78.85714285714286,7.15130048019764
0.6469562154384336,-78.41836734693878,7.15130048019764
0.6469562154384336,-77.9795918367347,7.15130048019764
0.6469562154384336,-77.54081632653062,7.15130048019764
0.6469562154384336,-77.10204081632654,7.15130048019764
0.6469562154384336,-76.66326530612245,7.15130048019764
0.6469562154384336,-76.22448979591837,7.15130048019764
0.6469562154384336,-75.78571428571429,7.15130048019764
0.6469562154384336,-75.34693877551021,7.15130048019764
0.6469562154384336,-74.90816326530611,7.15130048019764
0.6469562154384336,-74.46938775510205,7.15130048019764
0.6469562154384336,-74.03061224489795,7.15130048019764
0.6469562154384336,-73.59183673469389,7.15130048019764
0.6469562154384336,-73.15306122448979,7.15130048019764
0.6469562154384336,-72.71428571428572,7.15130048019764
0.6469562154384336,-72.27551020408163,7.15130048019764
0.6469562154384336,-71.83673469387755,7.15130048019764
0.6469562154384336,-71.39795918367346,7.15130048019764
0.6469562154384336,-70.95918367346938,7.15130048019764
0.6469562154384336,-70.5204081632653,7.15130048019764
0.6469562154384336,-70.08163265306122,7.15130048019764
0.6469562154384336,-69.64285714285714,7.15130048019764
0.6469562154384336,-69.20408163265306,7.15130048019764
0.6469562154384336,-68.76530612244898,7.15130048019764
0.6469562154384336,-68.3265306122449,7.15130048019764
0.6469562154384336,-67.88775510204081,7.15130048019764
0.6469562154384336,-67.44897959183673,7.15130048019764
0.6469562154384336,-67.01020408163265,7.15130048019764
29321048580517963e5,-66.57142857142857,7.15130048019764
29321048580517963e5,-66.13265306122449,7.15130048019764
29321048580517963e5,-65.6938775510204,7.15130048019764
29321048580517963e5,-65.25510204081633,7.15130048019764
29321048580517963e5,-64.81632653061224,7.15130048019764
29321048580517963e5,-64.37755102040816,7.15130048019764
29321048580517963e5,-63.93877551020408,7.15130048019764
29321048580517963e5,-63.5,7.15130048019764
0.6573413960140273,-85,7.376298687835079
0.6469562154384336,-84.56122448979592,7.376298687835079
0.6469562154384336,-84.12244897959184,7.376298687835079
0.6469562154384336,-83.68367346938776,7.376298687835079
0.6469562154384336,-83.24489795918367,7.376298687835079
0.6469562154384336,-82.8061224489796,7.376298687835079
0.6469562154384336,-82.36734693877551,7.376298687835079
0.6469562154384336,-81.92857142857143,7.376298687835079
0.6469562154384336,-81.48979591836735,7.376298687835079
0.6469562154384336,-81.05102040816327,7.376298687835079
0.6469562154384336,-80.61224489795919,7.376298687835079
0.6469562154384336,-80.1734693877551,7.376298687835079
0.6469562154384336,-79.73469387755102,7.376298687835079
0.6469562154384336,-79.29591836734694,7.376298687835079
0.6469562154384336,-78.85714285714286,7.376298687835079
0.6469562154384336,-78.41836734693878,7.376298687835079
0.6469562154384336,-77.9795918367347,7.376298687835079
0.6469562154384336,-77.54081632653062,7.376298687835079
0.6469562154384336,-77.10204081632654,7.376298687835079
0.6469562154384336,-76.66326530612245,7.376298687835079
0.6469562154384336,-76.22448979591837,7.376298687835079
0.6469562154384336,-75.78571428571429,7.376298687835079
0.6469562154384336,-75.34693877551021,7.376298687835079
0.6469562154384336,-74.90816326530611,7.376298687835079
0.6469562154384336,-74.46938775510205,7.376298687835079
0.6469562154384336,-74.03061224489795,7.376298687835079
0.6469562154384336,-73.59183673469389,7.376298687835079
0.6469562154384336,-73.15306122448979,7.376298687835079
0.6469562154384336,-72.71428571428572,7.376298687835079
0.6469562154384336,-72.27551020408163,7.376298687835079
0.6469562154384336,-71.83673469387755,7.376298687835079
0.6469562154384336,-71.39795918367346,7.376298687835079
0.6469562154384336,-70.95918367346938,7.376298687835079
0.6469562154384336,-70.5204081632653,7.376298687835079
0.6469562154384336,-70.08163265306122,7.376298687835079
0.6469562154384336,-69.64285714285714,7.376298687835079
0.6469562154384336,-69.20408163265306,7.376298687835079
0.6469562154384336,-68.76530612244898,7.376298687835079
0.6469562154384336,-68.3265306122449,7.376298687835079
0.6469562154384336,-67.88775510204081,7.376298687835079
0.6469562154384336,-67.44897959183673,7.376298687835079
0.6469562154384336,-67.01020408163265,7.376298687835079
29321048580517963e5,-66.57142857142857,7.376298687835079
29321048580517963e5,-66.13265306122449,7.376298687835079
29321048580517963e5,-65.6938775510204,7.376298687835079
29321048580517963e5,-65.25510204081633,7.376298687835079
29321048580517963e5,-64.81632653061224,7.376298687835079
29321048580517963e5,-64.37755102040816,7.376298687835079
29321048580517963e5,-63.93877551020408,7.376298687835079
29321048580517963e5,-63.5,7.376298687835079
0.6573413960140273,-85,7.601296895472518
0.6469562154384336,-84.56122448979592,7.601296895472518
0.6469562154384336,-84.12244897959184,7.601296895472518
0.6469562154384336,-83.68367346938776,7.601296895472518
0.6469562154384336,-83.24489795918367,7.601296895472518
0.6469562154384336,-82.8061224489796,7.601296895472518
0.6469562154384336,-82.36734693877551,7.601296895472518
0.6469562154384336,-81.92857142857143,7.601296895472518
0.6469562154384336,-81.48979591836735,7.601296895472518
0.6469562154384336,-81.05102040816327,7.601296895472518
0.6469562154384336,-80.61224489795919,7.601296895472518
0.6469562154384336,-80.1734693877551,7.601296895472518
0.6469562154384336,-79.73469387755102,7.601296895472518
0.6469562154384336,-79.29591836734694,7.601296895472518
0.6469562154384336,-78.85714285714286,7.601296895472518
0.6469562154384336,-78.41836734693878,7.601296895472518
0.6469562154384336,-77.9795918367347,7.601296895472518
0.6469562154384336,-77.54081632653062,7.601296895472518
0.6469562154384336,-77.10204081632654,7.601296895472518
0.6469562154384336,-76.66326530612245,7.601296895472518
0.6469562154384336,-76.22448979591837,7.601296895472518
0.6469562154384336,-75.78571428571429,7.601296895472518
0.6469562154384336,-75.34693877551021,7.601296895472518
0.6469562154384336,-74.90816326530611,7.601296895472518
0.6469562154384336,-74.46938775510205,7.601296895472518
0.6469562154384336,-74.03061224489795,7.601296895472518
0.6469562154384336,-73.59183673469389,7.601296895472518
0.6469562154384336,-73.15306122448979,7.601296895472518
0.6469562154384336,-72.71428571428572,7.601296895472518
0.6469562154384336,-72.27551020408163,7.601296895472518
0.6469562154384336,-71.83673469387755,7.601296895472518
0.6469562154384336,-71.39795918367346,7.601296895472518
0.6469562154384336,-70.95918367346938,7.601296895472518
0.6469562154384336,-70.5204081632653,7.601296895472518
0.6469562154384336,-70.08163265306122,7.601296895472518
0.6469562154384336,-69.64285714285714,7.601296895472518
0.6469562154384336,-69.20408163265306,7.601296895472518
0.6469562154384336,-68.76530612244898,7.601296895472518
0.6469562154384336,-68.3265306122449,7.601296895472518
0.6469562154384336,-67.88775510204081,7.601296895472518
0.6469562154384336,-67.44897959183673,7.601296895472518
0.6469562154384336,-67.01020408163265,7.601296895472518
29321048580517963e5,-66.57142857142857,7.601296895472518
29321048580517963e5,-66.13265306122449,7.601296895472518
29321048580517963e5,-65.6938775510204,7.601296895472518
29321048580517963e5,-65.25510204081633,7.601296895472518
29321048580517963e5,-64.81632653061224,7.601296895472518
29321048580517963e5,-64.37755102040816,7.601296895472518
29321048580517963e5,-63.93877551020408,7.601296895472518
29321048580517963e5,-63.5,7.601296895472518
0.6573413960140273,-85,7.826295103109956
0.6469562154384336,-84.56122448979592,7.826295103109956
0.6469562154384336,-84.12244897959184,7.826295103109956
0.6469562154384336,-83.68367346938776,7.826295103109956
0.6469562154384336,-83.24489795918367,7.826295103109956
0.6469562154384336,-82.8061224489796,7.826295103109956
0.6469562154384336,-82.36734693877551,7.826295103109956
0.6469562154384336,-81.92857142857143,7.826295103109956
0.6469562154384336,-81.48979591836735,7.826295103109956
0.6469562154384336,-81.05102040816327,7.826295103109956
0.6469562154384336,-80.61224489795919,7.826295103109956
0.6469562154384336,-80.1734693877551,7.826295103109956
0.6469562154384336,-79.73469387755102,7.826295103109956
0.6469562154384336,-79.29591836734694,7.826295103109956
0.6469562154384336,-78.85714285714286,7.826295103109956
0.6469562154384336,-78.41836734693878,7.826295103109956
0.6469562154384336,-77.9795918367347,7.826295103109956
0.6469562154384336,-77.54081632653062,7.826295103109956
0.6469562154384336,-77.10204081632654,7.826295103109956
0.6469562154384336,-76.66326530612245,7.826295103109956
0.6469562154384336,-76.22448979591837,7.826295103109956
0.6469562154384336,-75.78571428571429,7.826295103109956
0.6469562154384336,-75.34693877551021,7.826295103109956
0.6469562154384336,-74.90816326530611,7.826295103109956
0.6469562154384336,-74.46938775510205,7.826295103109956
0.6469562154384336,-74.03061224489795,7.826295103109956
0.6469562154384336,-73.59183673469389,7.826295103109956
0.6469562154384336,-73.15306122448979,7.826295103109956
0.6469562154384336,-72.71428571428572,7.826295103109956
0.6469562154384336,-72.27551020408163,7.826295103109956
0.6469562154384336,-71.83673469387755,7.826295103109956
0.6469562154384336,-71.39795918367346,7.826295103109956
0.6469562154384336,-70.95918367346938,7.826295103109956
0.6469562154384336,-70.5204081632653,7.826295103109956
0.6469562154384336,-70.08163265306122,7.826295103109956
0.6469562154384336,-69.64285714285714,7.826295103109956
0.6469562154384336,-69.20408163265306,7.826295103109956
0.6469562154384336,-68.76530612244898,7.826295103109956
0.6469562154384336,-68.3265306122449,7.826295103109956
0.6469562154384336,-67.88775510204081,7.826295103109956
0.6469562154384336,-67.44897959183673,7.826295103109956
0.6469562154384336,-67.01020408163265,7.826295103109956
29321048580517963e5,-66.57142857142857,7.826295103109956
29321048580517963e5,-66.13265306122449,7.826295103109956
29321048580517963e5,-65.6938775510204,7.826295103109956
29321048580517963e5,-65.25510204081633,7.826295103109956
29321048580517963e5,-64.81632653061224,7.826295103109956
29321048580517963e5,-64.37755102040816,7.826295103109956
29321048580517963e5,-63.93877551020408,7.826295103109956
29321048580517963e5,-63.5,7.826295103109956
0.8416309324354194,-85,8.051293310747395
0.8283342052486827,-84.56122448979592,8.051293310747395
0.8283342052486827,-84.12244897959184,8.051293310747395
0.8283342052486827,-83.68367346938776,8.051293310747395
0.8283342052486827,-83.24489795918367,8.051293310747395
0.8283342052486827,-82.8061224489796,8.051293310747395
0.8283342052486827,-82.36734693877551,8.051293310747395
0.8283342052486827,-81.92857142857143,8.051293310747395
0.8283342052486827,-81.48979591836735,8.051293310747395
0.8283342052486827,-81.05102040816327,8.051293310747395
0.8283342052486827,-80.61224489795919,8.051293310747395
0.8283342052486827,-80.1734693877551,8.051293310747395
0.8283342052486827,-79.73469387755102,8.051293310747395
0.8283342052486827,-79.29591836734694,8.051293310747395
0.8283342052486827,-78.85714285714286,8.051293310747395
0.8283342052486827,-78.41836734693878,8.051293310747395
0.8283342052486827,-77.9795918367347,8.051293310747395
0.8283342052486827,-77.54081632653062,8.051293310747395
0.8283342052486827,-77.10204081632654,8.051293310747395
0.8283342052486827,-76.66326530612245,8.051293310747395
0.8283342052486827,-76.22448979591837,8.051293310747395
0.8283342052486827,-75.78571428571429,8.051293310747395
0.8283342052486827,-75.34693877551021,8.051293310747395
0.8283342052486827,-74.90816326530611,8.051293310747395
0.8283342052486827,-74.46938775510205,8.051293310747395
0.8283342052486827,-74.03061224489795,8.051293310747395
0.8283342052486827,-73.59183673469389,8.051293310747395
0.8283342052486827,-73.15306122448979,8.051293310747395
0.8283342052486827,-72.71428571428572,8.051293310747395
0.8283342052486827,-72.27551020408163,8.051293310747395
0.8283342052486827,-71.83673469387755,8.051293310747395
0.8283342052486827,-71.39795918367346,8.051293310747395
0.8283342052486827,-70.95918367346938,8.051293310747395
0.8283342052486827,-70.5204081632653,8.051293310747395
0.8283342052486827,-70.08163265306122,8.051293310747395
0.8283342052486827,-69.64285714285714,8.051293310747395
0.8283342052486827,-69.20408163265306,8.051293310747395
0.8283342052486827,-68.76530612244898,8.051293310747395
0.8283342052486827,-68.3265306122449,8.051293310747395
0.8283342052486827,-67.88775510204081,8.051293310747395
0.8283342052486827,-67.44897959183673,8.051293310747395
0.8283342052486827,-67.01020408163265,8.051293310747395
26770063166313308e6,-66.57142857142857,8.051293310747395
26770063166313308e6,-66.13265306122449,8.051293310747395
26770063166313308e6,-65.6938775510204,8.051293310747395
26770063166313308e6,-65.25510204081633,8.051293310747395
26770063166313308e6,-64.81632653061224,8.051293310747395
26770063166313308e6,-64.37755102040816,8.051293310747395
26770063166313308e6,-63.93877551020408,8.051293310747395
26770063166313308e6,-63.5,8.051293310747395
0.8416309324354194,-85,8.276291518384834
0.8283342052486827,-84.56122448979592,8.276291518384834
0.8283342052486827,-84.12244897959184,8.276291518384834
0.8283342052486827,-83.68367346938776,8.276291518384834
0.8283342052486827,-83.24489795918367,8.276291518384834
0.8283342052486827,-82.8061224489796,8.276291518384834
0.8283342052486827,-82.36734693877551,8.276291518384834
0.8283342052486827,-81.92857142857143,8.276291518384834
0.8283342052486827,-81.48979591836735,8.276291518384834
0.8283342052486827,-81.05102040816327,8.276291518384834
0.8283342052486827,-80.61224489795919,8.276291518384834
0.8283342052486827,-80.1734693877551,8.276291518384834
0.8283342052486827,-79.73469387755102,8.276291518384834
0.8283342052486827,-79.29591836734694,8.276291518384834
0.8283342052486827,-78.85714285714286,8.276291518384834
0.8283342052486827,-78.41836734693878,8.276291518384834
0.8283342052486827,-77.9795918367347,8.276291518384834
0.8283342052486827,-77.54081632653062,8.276291518384834
0.8283342052486827,-77.10204081632654,8.276291518384834
0.8283342052486827,-76.66326530612245,8.276291518384834
0.8283342052486827,-76.22448979591837,8.276291518384834
0.8283342052486827,-75.78571428571429,8.276291518384834
0.8283342052486827,-75.34693877551021,8.276291518384834
0.8283342052486827,-74.90816326530611,8.276291518384834
0.8283342052486827,-74.46938775510205,8.276291518384834
0.8283342052486827,-74.03061224489795,8.276291518384834
0.8283342052486827,-73.59183673469389,8.276291518384834
0.8283342052486827,-73.15306122448979,8.276291518384834
0.8283342052486827,-72.71428571428572,8.276291518384834
0.8283342052486827,-72.27551020408163,8.276291518384834
0.8283342052486827,-71.83673469387755,8.276291518384834
0.8283342052486827,-71.39795918367346,8.276291518384834
0.8283342052486827,-70.95918367346938,8.276291518384834
0.8283342052486827,-70.5204081632653,8.276291518384834
0.8283342052486827,-70.08163265306122,8.276291518384834
0.8283342052486827,-69.64285714285714,8.276291518384834
0.8283342052486827,-69.20408163265306,8.276291518384834
0.8283342052486827,-68.76530612244898,8.276291518384834
0.8283342052486827,-68.3265306122449,8.276291518384834
0.8283342052486827,-67.88775510204081,8.276291518384834
0.8283342052486827,-67.44897959183673,8.276291518384834
0.8283342052486827,-67.01020408163265,8.276291518384834
26770063166313308e6,-66.57142857142857,8.276291518384834
26770063166313308e6,-66.13265306122449,8.276291518384834
26770063166313308e6,-65.6938775510204,8.276291518384834
26770063166313308e6,-65.25510204081633,8.276291518384834
26770063166313308e6,-64.81632653061224,8.276291518384834
26770063166313308e6,-64.37755102040816,8.276291518384834
26770063166313308e6,-63.93877551020408,8.276291518384834
26770063166313308e6,-63.5,8.276291518384834
0.8416309324354194,-85,8.501289726022272
0.8283342052486827,-84.56122448979592,8.501289726022272
0.8283342052486827,-84.12244897959184,8.501289726022272
0.8283342052486827,-83.68367346938776,8.501289726022272
0.8283342052486827,-83.24489795918367,8.501289726022272
0.8283342052486827,-82.8061224489796,8.501289726022272
0.8283342052486827,-82.36734693877551,8.501289726022272
0.8283342052486827,-81.92857142857143,8.501289726022272
0.8283342052486827,-81.48979591836735,8.501289726022272
0.8283342052486827,-81.05102040816327,8.501289726022272
0.8283342052486827,-80.61224489795919,8.501289726022272
0.8283342052486827,-80.1734693877551,8.501289726022272
0.8283342052486827,-79.73469387755102,8.501289726022272
0.8283342052486827,-79.29591836734694,8.501289726022272
0.8283342052486827,-78.85714285714286,8.501289726022272
0.8283342052486827,-78.41836734693878,8.501289726022272
0.8283342052486827,-77.9795918367347,8.501289726022272
0.8283342052486827,-77.54081632653062,8.501289726022272
0.8283342052486827,-77.10204081632654,8.501289726022272
0.8283342052486827,-76.66326530612245,8.501289726022272
0.8283342052486827,-76.22448979591837,8.501289726022272
0.8283342052486827,-75.78571428571429,8.501289726022272
0.8283342052486827,-75.34693877551021,8.501289726022272
0.8283342052486827,-74.90816326530611,8.501289726022272
0.8283342052486827,-74.46938775510205,8.501289726022272
0.8283342052486827,-74.03061224489795,8.501289726022272
0.8283342052486827,-73.59183673469389,8.501289726022272
0.8283342052486827,-73.15306122448979,8.501289726022272
0.8283342052486827,-72.71428571428572,8.501289726022272
0.8283342052486827,-72.27551020408163,8.501289726022272
0.8283342052486827,-71.83673469387755,8.501289726022272
0.8283342052486827,-71.39795918367346,8.501289726022272
0.8283342052486827,-70.95918367346938,8.501289726022272
0.8283342052486827,-70.5204081632653,8.501289726022272
0.8283342052486827,-70.08163265306122,8.501289726022272
0.8283342052486827,-69.64285714285714,8.501289726022272
0.8283342052486827,-69.20408163265306,8.501289726022272
0.8283342052486827,-68.76530612244898,8.501289726022272
0.8283342052486827,-68.3265306122449,8.501289726022272
0.8283342052486827,-67.88775510204081,8.501289726022272
0.8283342052486827,-67.44897959183673,8.501289726022272
0.8283342052486827,-67.01020408163265,8.501289726022272
26770063166313308e6,-66.57142857142857,8.501289726022272
26770063166313308e6,-66.13265306122449,8.501289726022272
26770063166313308e6,-65.6938775510204,8.501289726022272
26770063166313308e6,-65.25510204081633,8.501289726022272
26770063166313308e6,-64.81632653061224,8.501289726022272
26770063166313308e6,-64.37755102040816,8.501289726022272
26770063166313308e6,-63.93877551020408,8.501289726022272
26770063166313308e6,-63.5,8.501289726022272
0.8416309324354194,-85,8.726287933659712
0.8283342052486827,-84.56122448979592,8.726287933659712
0.8283342052486827,-84.12244897959184,8.726287933659712
0.8283342052486827,-83.68367346938776,8.726287933659712
0.8283342052486827,-83.24489795918367,8.726287933659712
0.8283342052486827,-82.8061224489796,8.726287933659712
0.8283342052486827,-82.36734693877551,8.726287933659712
0.8283342052486827,-81.92857142857143,8.726287933659712
0.8283342052486827,-81.48979591836735,8.726287933659712
0.8283342052486827,-81.05102040816327,8.726287933659712
0.8283342052486827,-80.61224489795919,8.726287933659712
0.8283342052486827,-80.1734693877551,8.726287933659712
0.8283342052486827,-79.73469387755102,8.726287933659712
0.8283342052486827,-79.29591836734694,8.726287933659712
0.8283342052486827,-78.85714285714286,8.726287933659712
0.8283342052486827,-78.41836734693878,8.726287933659712
0.8283342052486827,-77.9795918367347,8.726287933659712
0.8283342052486827,-77.54081632653062,8.726287933659712
0.8283342052486827,-77.10204081632654,8.726287933659712
0.8283342052486827,-76.66326530612245,8.726287933659712
0.8283342052486827,-76.22448979591837,8.726287933659712
0.8283342052486827,-75.78571428571429,8.726287933659712
0.8283342052486827,-75.34693877551021,8.726287933659712
0.8283342052486827,-74.90816326530611,8.726287933659712
0.8283342052486827,-74.46938775510205,8.726287933659712
0.8283342052486827,-74.03061224489795,8.726287933659712
0.8283342052486827,-73.59183673469389,8.726287933659712
0.8283342052486827,-73.15306122448979,8.726287933659712
0.8283342052486827,-72.71428571428572,8.726287933659712
0.8283342052486827,-72.27551020408163,8.726287933659712
0.8283342052486827,-71.83673469387755,8.726287933659712
0.8283342052486827,-71.39795918367346,8.726287933659712
0.8283342052486827,-70.95918367346938,8.726287933659712
0.8283342052486827,-70.5204081632653,8.726287933659712
0.8283342052486827,-70.08163265306122,8.726287933659712
0.8283342052486827,-69.64285714285714,8.726287933659712
0.8283342052486827,-69.20408163265306,8.726287933659712
0.8283342052486827,-68.76530612244898,8.726287933659712
0.8283342052486827,-68.3265306122449,8.726287933659712
0.8283342052486827,-67.88775510204081,8.726287933659712
0.8283342052486827,-67.44897959183673,8.726287933659712
0.8283342052486827,-67.01020408163265,8.726287933659712
26770063166313308e6,-66.57142857142857,8.726287933659712
26770063166313308e6,-66.13265306122449,8.726287933659712
26770063166313308e6,-65.6938775510204,8.726287933659712
26770063166313308e6,-65.25510204081633,8.726287933659712
26770063166313308e6,-64.81632653061224,8.726287933659712
26770063166313308e6,-64.37755102040816,8.726287933659712
26770063166313308e6,-63.93877551020408,8.726287933659712
26770063166313308e6,-63.5,8.726287933659712
0.8416309324354194,-85,8.95128614129715
0.8283342052486827,-84.56122448979592,8.95128614129715
0.8283342052486827,-84.12244897959184,8.95128614129715
0.8283342052486827,-83.68367346938776,8.95128614129715
0.8283342052486827,-83.24489795918367,8.95128614129715
0.8283342052486827,-82.8061224489796,8.95128614129715
0.8283342052486827,-82.36734693877551,8.95128614129715
0.8283342052486827,-81.92857142857143,8.95128614129715
0.8283342052486827,-81.48979591836735,8.95128614129715
0.8283342052486827,-81.05102040816327,8.95128614129715
0.8283342052486827,-80.61224489795919,8.95128614129715
0.8283342052486827,-80.1734693877551,8.95128614129715
0.8283342052486827,-79.73469387755102,8.95128614129715
0.8283342052486827,-79.29591836734694,8.95128614129715
0.8283342052486827,-78.85714285714286,8.95128614129715
0.8283342052486827,-78.41836734693878,8.95128614129715
0.8283342052486827,-77.9795918367347,8.95128614129715
0.8283342052486827,-77.54081632653062,8.95128614129715
0.8283342052486827,-77.10204081632654,8.95128614129715
0.8283342052486827,-76.66326530612245,8.95128614129715
0.8283342052486827,-76.22448979591837,8.95128614129715
0.8283342052486827,-75.78571428571429,8.95128614129715
0.8283342052486827,-75.34693877551021,8.95128614129715
0.8283342052486827,-74.90816326530611,8.95128614129715
0.8283342052486827,-74.46938775510205,8.95128614129715
0.8283342052486827,-74.03061224489795,8.95128614129715
0.8283342052486827,-73.59183673469389,8.95128614129715
0.8283342052486827,-73.15306122448979,8.95128614129715
0.8283342052486827,-72.71428571428572,8.95128614129715
0.8283342052486827,-72.27551020408163,8.95128614129715
0.8283342052486827,-71.83673469387755,8.95128614129715
0.8283342052486827,-71.39795918367346,8.95128614129715
0.8283342052486827,-70.95918367346938,8.95128614129715
0.8283342052486827,-70.5204081632653,8.95128614129715
0.8283342052486827,-70.08163265306122,8.95128614129715
0.8283342052486827,-69.64285714285714,8.95128614129715
0.8283342052486827,-69.20408163265306,8.95128614129715
0.8283342052486827,-68.76530612244898,8.95128614129715
0.8283342052486827,-68.3265306122449,8.95128614129715
0.8283342052486827,-67.88775510204081,8.95128614129715
0.8283342052486827,-67.44897959183673,8.95128614129715
0.8283342052486827,-67.01020408163265,8.95128614129715
26770063166313308e6,-66.57142857142857,8.95128614129715
26770063166313308e6,-66.13265306122449,8.95128614129715
26770063166313308e6,-65.6938775510204,8.95128614129715
26770063166313308e6,-65.25510204081633,8.95128614129715
26770063166313308e6,-64.81632653061224,8.95128614129715
26770063166313308e6,-64.37755102040816,8.95128614129715
26770063166313308e6,-63.93877551020408,8.95128614129715
26770063166313308e6,-63.5,8.95128614129715
0.8416309324354194,-85,9.176284348934589
0.8283342052486827,-84.56122448979592,9.176284348934589
0.8283342052486827,-84.12244897959184,9.176284348934589
0.8283342052486827,-83.68367346938776,9.176284348934589
0.8283342052486827,-83.24489795918367,9.176284348934589
0.8283342052486827,-82.8061224489796,9.176284348934589
0.8283342052486827,-82.36734693877551,9.176284348934589
0.8283342052486827,-81.92857142857143,9.176284348934589
0.8283342052486827,-81.48979591836735,9.176284348934589
0.8283342052486827,-81.05102040816327,9.176284348934589
0.8283342052486827,-80.61224489795919,9.176284348934589
0.8283342052486827,-80.1734693877551,9.176284348934589
0.8283342052486827,-79.73469387755102,9.176284348934589
0.8283342052486827,-79.29591836734694,9.176284348934589
0.8283342052486827,-78.85714285714286,9.176284348934589
0.8283342052486827,-78.41836734693878,9.176284348934589
0.8283342052486827,-77.9795918367347,9.176284348934589
0.8283342052486827,-77.54081632653062,9.176284348934589
0.8283342052486827,-77.10204081632654,9.176284348934589
0.8283342052486827,-76.66326530612245,9.176284348934589
0.8283342052486827,-76.22448979591837,9.176284348934589
0.8283342052486827,-75.78571428571429,9.176284348934589
0.8283342052486827,-75.34693877551021,9.176284348934589
0.8283342052486827,-74.90816326530611,9.176284348934589
0.8283342052486827,-74.46938775510205,9.176284348934589
0.8283342052486827,-74.03061224489795,9.176284348934589
0.8283342052486827,-73.59183673469389,9.176284348934589
0.8283342052486827,-73.15306122448979,9.176284348934589
0.8283342052486827,-72.71428571428572,9.176284348934589
0.8283342052486827,-72.27551020408163,9.176284348934589
0.8283342052486827,-71.83673469387755,9.176284348934589
0.8283342052486827,-71.39795918367346,9.176284348934589
0.8283342052486827,-70.95918367346938,9.176284348934589
0.8283342052486827,-70.5204081632653,9.176284348934589
0.8283342052486827,-70.08163265306122,9.176284348934589
0.8283342052486827,-69.64285714285714,9.176284348934589
0.8283342052486827,-69.20408163265306,9.176284348934589
0.8283342052486827,-68.76530612244898,9.176284348934589
0.8283342052486827,-68.3265306122449,9.176284348934589
0.8283342052486827,-67.88775510204081,9.176284348934589
0.8283342052486827,-67.44897959183673,9.176284348934589
0.8283342052486827,-67.01020408163265,9.176284348934589
26770063166313308e6,-66.57142857142857,9.176284348934589
26770063166313308e6,-66.13265306122449,9.176284348934589
26770063166313308e6,-65.6938775510204,9.176284348934589
26770063166313308e6,-65.25510204081633,9.176284348934589
26770063166313308e6,-64.81632653061224,9.176284348934589
26770063166313308e6,-64.37755102040816,9.176284348934589
26770063166313308e6,-63.93877551020408,9.176284348934589
26770063166313308e6,-63.5,9.176284348934589
0.8416309324354194,-85,9.401282556572028
0.8283342052486827,-84.56122448979592,9.401282556572028
0.8283342052486827,-84.12244897959184,9.401282556572028
0.8283342052486827,-83.68367346938776,9.401282556572028
0.8283342052486827,-83.24489795918367,9.401282556572028
0.8283342052486827,-82.8061224489796,9.401282556572028
0.8283342052486827,-82.36734693877551,9.401282556572028
0.8283342052486827,-81.92857142857143,9.401282556572028
0.8283342052486827,-81.48979591836735,9.401282556572028
0.8283342052486827,-81.05102040816327,9.401282556572028
0.8283342052486827,-80.61224489795919,9.401282556572028
0.8283342052486827,-80.1734693877551,9.401282556572028
0.8283342052486827,-79.73469387755102,9.401282556572028
0.8283342052486827,-79.29591836734694,9.401282556572028
0.8283342052486827,-78.85714285714286,9.401282556572028
0.8283342052486827,-78.41836734693878,9.401282556572028
0.8283342052486827,-77.9795918367347,9.401282556572028
0.8283342052486827,-77.54081632653062,9.401282556572028
0.8283342052486827,-77.10204081632654,9.401282556572028
0.8283342052486827,-76.66326530612245,9.401282556572028
0.8283342052486827,-76.22448979591837,9.401282556572028
0.8283342052486827,-75.78571428571429,9.401282556572028
0.8283342052486827,-75.34693877551021,9.401282556572028
0.8283342052486827,-74.90816326530611,9.401282556572028
0.8283342052486827,-74.46938775510205,9.401282556572028
0.8283342052486827,-74.03061224489795,9.401282556572028
0.8283342052486827,-73.59183673469389,9.401282556572028
0.8283342052486827,-73.15306122448979,9.401282556572028
0.8283342052486827,-72.71428571428572,9.401282556572028
0.8283342052486827,-72.27551020408163,9.401282556572028
0.8283342052486827,-71.83673469387755,9.401282556572028
0.8283342052486827,-71.39795918367346,9.401282556572028
0.8283342052486827,-70.95918367346938,9.401282556572028
0.8283342052486827,-70.5204081632653,9.401282556572028
0.8283342052486827,-70.08163265306122,9.401282556572028
0.8283342052486827,-69.64285714285714,9.401282556572028
0.8283342052486827,-69.20408163265306,9.401282556572028
0.8283342052486827,-68.76530612244898,9.401282556572028
0.8283342052486827,-68.3265306122449,9.401282556572028
0.8283342052486827,-67.88775510204081,9.401282556572028
0.8283342052486827,-67.44897959183673,9.401282556572028
0.8283342052486827,-67.01020408163265,9.401282556572028
26770063166313308e6,-66.57142857142857,9.401282556572028
26770063166313308e6,-66.13265306122449,9.401282556572028
26770063166313308e6,-65.6938775510204,9.401282556572028
26770063166313308e6,-65.25510204081633,9.401282556572028
26770063166313308e6,-64.81632653061224,9.401282556572028
26770063166313308e6,-64.37755102040816,9.401282556572028
26770063166313308e6,-63.93877551020408,9.401282556572028
26770063166313308e6,-63.5,9.401282556572028
0.8416309324354194,-85,9.626280764209465
0.8283342052486827,-84.56122448979592,9.626280764209465
0.8283342052486827,-84.12244897959184,9.626280764209465
0.8283342052486827,-83.68367346938776,9.626280764209465
0.8283342052486827,-83.24489795918367,9.626280764209465
0.8283342052486827,-82.8061224489796,9.626280764209465
0.8283342052486827,-82.36734693877551,9.626280764209465
0.8283342052486827,-81.92857142857143,9.626280764209465
0.8283342052486827,-81.48979591836735,9.626280764209465
0.8283342052486827,-81.05102040816327,9.626280764209465
0.8283342052486827,-80.61224489795919,9.626280764209465
0.8283342052486827,-80.1734693877551,9.626280764209465
0.8283342052486827,-79.73469387755102,9.626280764209465
0.8283342052486827,-79.29591836734694,9.626280764209465
0.8283342052486827,-78.85714285714286,9.626280764209465
0.8283342052486827,-78.41836734693878,9.626280764209465
0.8283342052486827,-77.9795918367347,9.626280764209465
0.8283342052486827,-77.54081632653062,9.626280764209465
0.8283342052486827,-77.10204081632654,9.626280764209465
0.8283342052486827,-76.66326530612245,9.626280764209465
0.8283342052486827,-76.22448979591837,9.626280764209465
0.8283342052486827,-75.78571428571429,9.626280764209465
0.8283342052486827,-75.34693877551021,9.626280764209465
0.8283342052486827,-74.90816326530611,9.626280764209465
0.8283342052486827,-74.46938775510205,9.626280764209465
0.8283342052486827,-74.03061224489795,9.626280764209465
0.8283342052486827,-73.59183673469389,9.626280764209465
0.8283342052486827,-73.15306122448979,9.626280764209465
0.8283342052486827,-72.71428571428572,9.626280764209465
0.8283342052486827,-72.27551020408163,9.626280764209465
0.8283342052486827,-71.83673469387755,9.626280764209465
0.8283342052486827,-71.39795918367346,9.626280764209465
0.8283342052486827,-70.95918367346938,9.626280764209465
0.8283342052486827,-70.5204081632653,9.626280764209465
0.8283342052486827,-70.08163265306122,9.626280764209465
0.8283342052486827,-69.64285714285714,9.626280764209465
0.8283342052486827,-69.20408163265306,9.626280764209465
0.8283342052486827,-68.76530612244898,9.626280764209465
0.8283342052486827,-68.3265306122449,9.626280764209465
0.8283342052486827,-67.88775510204081,9.626280764209465
0.8283342052486827,-67.44897959183673,9.626280764209465
0.8283342052486827,-67.01020408163265,9.626280764209465
26770063166313308e6,-66.57142857142857,9.626280764209465
26770063166313308e6,-66.13265306122449,9.626280764209465
26770063166313308e6,-65.6938775510204,9.626280764209465
26770063166313308e6,-65.25510204081633,9.626280764209465
26770063166313308e6,-64.81632653061224,9.626280764209465
26770063166313308e6,-64.37755102040816,9.626280764209465
26770063166313308e6,-63.93877551020408,9.626280764209465
26770063166313308e6,-63.5,9.626280764209465
0.8416309324354194,-85,9.851278971846906
0.8283342052486827,-84.56122448979592,9.851278971846906
0.8283342052486827,-84.12244897959184,9.851278971846906
0.8283342052486827,-83.68367346938776,9.851278971846906
0.8283342052486827,-83.24489795918367,9.851278971846906
0.8283342052486827,-82.8061224489796,9.851278971846906
0.8283342052486827,-82.36734693877551,9.851278971846906
0.8283342052486827,-81.92857142857143,9.851278971846906
0.8283342052486827,-81.48979591836735,9.851278971846906
0.8283342052486827,-81.05102040816327,9.851278971846906
0.8283342052486827,-80.61224489795919,9.851278971846906
0.8283342052486827,-80.1734693877551,9.851278971846906
0.8283342052486827,-79.73469387755102,9.851278971846906
0.8283342052486827,-79.29591836734694,9.851278971846906
0.8283342052486827,-78.85714285714286,9.851278971846906
0.8283342052486827,-78.41836734693878,9.851278971846906
0.8283342052486827,-77.9795918367347,9.851278971846906
0.8283342052486827,-77.54081632653062,9.851278971846906
0.8283342052486827,-77.10204081632654,9.851278971846906
0.8283342052486827,-76.66326530612245,9.851278971846906
0.8283342052486827,-76.22448979591837,9.851278971846906
0.8283342052486827,-75.78571428571429,9.851278971846906
0.8283342052486827,-75.34693877551021,9.851278971846906
0.8283342052486827,-74.90816326530611,9.851278971846906
0.8283342052486827,-74.46938775510205,9.851278971846906
0.8283342052486827,-74.03061224489795,9.851278971846906
0.8283342052486827,-73.59183673469389,9.851278971846906
0.8283342052486827,-73.15306122448979,9.851278971846906
0.8283342052486827,-72.71428571428572,9.851278971846906
0.8283342052486827,-72.27551020408163,9.851278971846906
0.8283342052486827,-71.83673469387755,9.851278971846906
0.8283342052486827,-71.39795918367346,9.851278971846906
0.8283342052486827,-70.95918367346938,9.851278971846906
0.8283342052486827,-70.5204081632653,9.851278971846906
0.8283342052486827,-70.08163265306122,9.851278971846906
0.8283342052486827,-69.64285714285714,9.851278971846906
0.8283342052486827,-69.20408163265306,9.851278971846906
0.8283342052486827,-68.76530612244898,9.851278971846906
0.8283342052486827,-68.3265306122449,9.851278971846906
0.8283342052486827,-67.88775510204081,9.851278971846906
0.8283342052486827,-67.44897959183673,9.851278971846906
0.8283342052486827,-67.01020408163265,9.851278971846906
26770063166313308e6,-66.57142857142857,9.851278971846906
26770063166313308e6,-66.13265306122449,9.851278971846906
26770063166313308e6,-65.6938775510204,9.851278971846906
26770063166313308e6,-65.25510204081633,9.851278971846906
26770063166313308e6,-64.81632653061224,9.851278971846906
26770063166313308e6,-64.37755102040816,9.851278971846906
26770063166313308e6,-63.93877551020408,9.851278971846906
26770063166313308e6,-63.5,9.851278971846906
0.9071274546538387,-85,10.076277179484343
0.8927959634701346,-84.56122448979592,10.076277179484343
0.8927959634701346,-84.12244897959184,10.076277179484343
0.8927959634701346,-83.68367346938776,10.076277179484343
0.8927959634701346,-83.24489795918367,10.076277179484343
0.8927959634701346,-82.8061224489796,10.076277179484343
0.8927959634701346,-82.36734693877551,10.076277179484343
0.8927959634701346,-81.92857142857143,10.076277179484343
0.8927959634701346,-81.48979591836735,10.076277179484343
0.8927959634701346,-81.05102040816327,10.076277179484343
0.8927959634701346,-80.61224489795919,10.076277179484343
0.8927959634701346,-80.1734693877551,10.076277179484343
0.8927959634701346,-79.73469387755102,10.076277179484343
0.8927959634701346,-79.29591836734694,10.076277179484343
0.8927959634701346,-78.85714285714286,10.076277179484343
0.8927959634701346,-78.41836734693878,10.076277179484343
0.8927959634701346,-77.9795918367347,10.076277179484343
0.8927959634701346,-77.54081632653062,10.076277179484343
0.8927959634701346,-77.10204081632654,10.076277179484343
0.8927959634701346,-76.66326530612245,10.076277179484343
0.8927959634701346,-76.22448979591837,10.076277179484343
0.8927959634701346,-75.78571428571429,10.076277179484343
0.8927959634701346,-75.34693877551021,10.076277179484343
0.8927959634701346,-74.90816326530611,10.076277179484343
0.8927959634701346,-74.46938775510205,10.076277179484343
0.8927959634701346,-74.03061224489795,10.076277179484343
0.8927959634701346,-73.59183673469389,10.076277179484343
0.8927959634701346,-73.15306122448979,10.076277179484343
0.8927959634701346,-72.71428571428572,10.076277179484343
0.8927959634701346,-72.27551020408163,10.076277179484343
0.8927959634701346,-71.83673469387755,10.076277179484343
0.8927959634701346,-71.39795918367346,10.076277179484343
0.8927959634701346,-70.95918367346938,10.076277179484343
0.8927959634701346,-70.5204081632653,10.076277179484343
0.8927959634701346,-70.08163265306122,10.076277179484343
0.8927959634701346,-69.64285714285714,10.076277179484343
0.8927959634701346,-69.20408163265306,10.076277179484343
0.8927959634701346,-68.76530612244898,10.076277179484343
0.8927959634701346,-68.3265306122449,10.076277179484343
0.8927959634701346,-67.88775510204081,10.076277179484343
0.8927959634701346,-67.44897959183673,10.076277179484343
0.8927959634701346,-67.01020408163265,10.076277179484343
28853335025021356e6,-66.57142857142857,10.076277179484343
28853335025021356e6,-66.13265306122449,10.076277179484343
28853335025021356e6,-65.6938775510204,10.076277179484343
28853335025021356e6,-65.25510204081633,10.076277179484343
28853335025021356e6,-64.81632653061224,10.076277179484343
28853335025021356e6,-64.37755102040816,10.076277179484343
28853335025021356e6,-63.93877551020408,10.076277179484343
28853335025021356e6,-63.5,10.076277179484343
1.1468563961174154,-85,10.301275387121782
1.1287374843309745,-84.56122448979592,10.301275387121782
1.1287374843309745,-84.12244897959184,10.301275387121782
1.1287374843309745,-83.68367346938776,10.301275387121782
1.1287374843309745,-83.24489795918367,10.301275387121782
1.1287374843309745,-82.8061224489796,10.301275387121782
1.1287374843309745,-82.36734693877551,10.301275387121782
1.1287374843309745,-81.92857142857143,10.301275387121782
1.1287374843309745,-81.48979591836735,10.301275387121782
1.1287374843309745,-81.05102040816327,10.301275387121782
1.1287374843309745,-80.61224489795919,10.301275387121782
1.1287374843309745,-80.1734693877551,10.301275387121782
1.1287374843309745,-79.73469387755102,10.301275387121782
1.1287374843309745,-79.29591836734694,10.301275387121782
1.1287374843309745,-78.85714285714286,10.301275387121782
1.1287374843309745,-78.41836734693878,10.301275387121782
1.1287374843309745,-77.9795918367347,10.301275387121782
1.1287374843309745,-77.54081632653062,10.301275387121782
1.1287374843309745,-77.10204081632654,10.301275387121782
1.1287374843309745,-76.66326530612245,10.301275387121782
1.1287374843309745,-76.22448979591837,10.301275387121782
1.1287374843309745,-75.78571428571429,10.301275387121782
1.1287374843309745,-75.34693877551021,10.301275387121782
1.1287374843309745,-74.90816326530611,10.301275387121782
1.1287374843309745,-74.46938775510205,10.301275387121782
1.1287374843309745,-74.03061224489795,10.301275387121782
1.1287374843309745,-73.59183673469389,10.301275387121782
1.1287374843309745,-73.15306122448979,10.301275387121782
1.1287374843309745,-72.71428571428572,10.301275387121782
1.1287374843309745,-72.27551020408163,10.301275387121782
1.1287374843309745,-71.83673469387755,10.301275387121782
1.1287374843309745,-71.39795918367346,10.301275387121782
1.1287374843309745,-70.95918367346938,10.301275387121782
1.1287374843309745,-70.5204081632653,10.301275387121782
1.1287374843309745,-70.08163265306122,10.301275387121782
1.1287374843309745,-69.64285714285714,10.301275387121782
1.1287374843309745,-69.20408163265306,10.301275387121782
1.1287374843309745,-68.76530612244898,10.301275387121782
1.1287374843309745,-68.3265306122449,10.301275387121782
1.1287374843309745,-67.88775510204081,10.301275387121782
1.1287374843309745,-67.44897959183673,10.301275387121782
1.1287374843309745,-67.01020408163265,10.301275387121782
3647848122444031e7,-66.57142857142857,10.301275387121782
3647848122444031e7,-66.13265306122449,10.301275387121782
3647848122444031e7,-65.6938775510204,10.301275387121782
3647848122444031e7,-65.25510204081633,10.301275387121782
3647848122444031e7,-64.81632653061224,10.301275387121782
3647848122444031e7,-64.37755102040816,10.301275387121782
3647848122444031e7,-63.93877551020408,10.301275387121782
3647848122444031e7,-63.5,10.301275387121782
1.1468563961174154,-85,10.526273594759221
1.1287374843309745,-84.56122448979592,10.526273594759221
1.1287374843309745,-84.12244897959184,10.526273594759221
1.1287374843309745,-83.68367346938776,10.526273594759221
1.1287374843309745,-83.24489795918367,10.526273594759221
1.1287374843309745,-82.8061224489796,10.526273594759221
1.1287374843309745,-82.36734693877551,10.526273594759221
1.1287374843309745,-81.92857142857143,10.526273594759221
1.1287374843309745,-81.48979591836735,10.526273594759221
1.1287374843309745,-81.05102040816327,10.526273594759221
1.1287374843309745,-80.61224489795919,10.526273594759221
1.1287374843309745,-80.1734693877551,10.526273594759221
1.1287374843309745,-79.73469387755102,10.526273594759221
1.1287374843309745,-79.29591836734694,10.526273594759221
1.1287374843309745,-78.85714285714286,10.526273594759221
1.1287374843309745,-78.41836734693878,10.526273594759221
1.1287374843309745,-77.9795918367347,10.526273594759221
1.1287374843309745,-77.54081632653062,10.526273594759221
1.1287374843309745,-77.10204081632654,10.526273594759221
1.1287374843309745,-76.66326530612245,10.526273594759221
1.1287374843309745,-76.22448979591837,10.526273594759221
1.1287374843309745,-75.78571428571429,10.526273594759221
1.1287374843309745,-75.34693877551021,10.526273594759221
1.1287374843309745,-74.90816326530611,10.526273594759221
1.1287374843309745,-74.46938775510205,10.526273594759221
1.1287374843309745,-74.03061224489795,10.526273594759221
1.1287374843309745,-73.59183673469389,10.526273594759221
1.1287374843309745,-73.15306122448979,10.526273594759221
1.1287374843309745,-72.71428571428572,10.526273594759221
1.1287374843309745,-72.27551020408163,10.526273594759221
1.1287374843309745,-71.83673469387755,10.526273594759221
1.1287374843309745,-71.39795918367346,10.526273594759221
1.1287374843309745,-70.95918367346938,10.526273594759221
1.1287374843309745,-70.5204081632653,10.526273594759221
1.1287374843309745,-70.08163265306122,10.526273594759221
1.1287374843309745,-69.64285714285714,10.526273594759221
1.1287374843309745,-69.20408163265306,10.526273594759221
1.1287374843309745,-68.76530612244898,10.526273594759221
1.1287374843309745,-68.3265306122449,10.526273594759221
1.1287374843309745,-67.88775510204081,10.526273594759221
1.1287374843309745,-67.44897959183673,10.526273594759221
1.1287374843309745,-67.01020408163265,10.526273594759221
3647848122444031e7,-66.57142857142857,10.526273594759221
3647848122444031e7,-66.13265306122449,10.526273594759221
3647848122444031e7,-65.6938775510204,10.526273594759221
3647848122444031e7,-65.25510204081633,10.526273594759221
3647848122444031e7,-64.81632653061224,10.526273594759221
3647848122444031e7,-64.37755102040816,10.526273594759221
3647848122444031e7,-63.93877551020408,10.526273594759221
3647848122444031e7,-63.5,10.526273594759221
1.1468563961174154,-85,10.75127180239666
1.1287374843309745,-84.56122448979592,10.75127180239666
1.1287374843309745,-84.12244897959184,10.75127180239666
1.1287374843309745,-83.68367346938776,10.75127180239666
1.1287374843309745,-83.24489795918367,10.75127180239666
1.1287374843309745,-82.8061224489796,10.75127180239666
1.1287374843309745,-82.36734693877551,10.75127180239666
1.1287374843309745,-81.92857142857143,10.75127180239666
1.1287374843309745,-81.48979591836735,10.75127180239666
1.1287374843309745,-81.05102040816327,10.75127180239666
1.1287374843309745,-80.61224489795919,10.75127180239666
1.1287374843309745,-80.1734693877551,10.75127180239666
1.1287374843309745,-79.73469387755102,10.75127180239666
1.1287374843309745,-79.29591836734694,10.75127180239666
1.1287374843309745,-78.85714285714286,10.75127180239666
1.1287374843309745,-78.41836734693878,10.75127180239666
1.1287374843309745,-77.9795918367347,10.75127180239666
1.1287374843309745,-77.54081632653062,10.75127180239666
1.1287374843309745,-77.10204081632654,10.75127180239666
1.1287374843309745,-76.66326530612245,10.75127180239666
1.1287374843309745,-76.22448979591837,10.75127180239666
1.1287374843309745,-75.78571428571429,10.75127180239666
1.1287374843309745,-75.34693877551021,10.75127180239666
1.1287374843309745,-74.90816326530611,10.75127180239666
1.1287374843309745,-74.46938775510205,10.75127180239666
1.1287374843309745,-74.03061224489795,10.75127180239666
1.1287374843309745,-73.59183673469389,10.75127180239666
1.1287374843309745,-73.15306122448979,10.75127180239666
1.1287374843309745,-72.71428571428572,10.75127180239666
1.1287374843309745,-72.27551020408163,10.75127180239666
1.1287374843309745,-71.83673469387755,10.75127180239666
1.1287374843309745,-71.39795918367346,10.75127180239666
1.1287374843309745,-70.95918367346938,10.75127180239666
1.1287374843309745,-70.5204081632653,10.75127180239666
1.1287374843309745,-70.08163265306122,10.75127180239666
1.1287374843309745,-69.64285714285714,10.75127180239666
1.1287374843309745,-69.20408163265306,10.75127180239666
1.1287374843309745,-68.76530612244898,10.75127180239666
1.1287374843309745,-68.3265306122449,10.75127180239666
1.1287374843309745,-67.88775510204081,10.75127180239666
1.1287374843309745,-67.44897959183673,10.75127180239666
1.1287374843309745,-67.01020408163265,10.75127180239666
3647848122444031e7,-66.57142857142857,10.75127180239666
3647848122444031e7,-66.13265306122449,10.75127180239666
3647848122444031e7,-65.6938775510204,10.75127180239666
3647848122444031e7,-65.25510204081633,10.75127180239666
3647848122444031e7,-64.81632653061224,10.75127180239666
3647848122444031e7,-64.37755102040816,10.75127180239666
3647848122444031e7,-63.93877551020408,10.75127180239666
3647848122444031e7,-63.5,10.75127180239666
1.1468563961174154,-85,10.976270010034098
1.1287374843309745,-84.56122448979592,10.976270010034098
1.1287374843309745,-84.12244897959184,10.976270010034098
1.1287374843309745,-83.68367346938776,10.976270010034098
1.1287374843309745,-83.24489795918367,10.976270010034098
1.1287374843309745,-82.8061224489796,10.976270010034098
1.1287374843309745,-82.36734693877551,10.976270010034098
1.1287374843309745,-81.92857142857143,10.976270010034098
1.1287374843309745,-81.48979591836735,10.976270010034098
1.1287374843309745,-81.05102040816327,10.976270010034098
1.1287374843309745,-80.61224489795919,10.976270010034098
1.1287374843309745,-80.1734693877551,10.976270010034098
1.1287374843309745,-79.73469387755102,10.976270010034098
1.1287374843309745,-79.29591836734694,10.976270010034098
1.1287374843309745,-78.85714285714286,10.976270010034098
1.1287374843309745,-78.41836734693878,10.976270010034098
1.1287374843309745,-77.9795918367347,10.976270010034098
1.1287374843309745,-77.54081632653062,10.976270010034098
1.1287374843309745,-77.10204081632654,10.976270010034098
1.1287374843309745,-76.66326530612245,10.976270010034098
1.1287374843309745,-76.22448979591837,10.976270010034098
1.1287374843309745,-75.78571428571429,10.976270010034098
1.1287374843309745,-75.34693877551021,10.976270010034098
1.1287374843309745,-74.90816326530611,10.976270010034098
1.1287374843309745,-74.46938775510205,10.976270010034098
1.1287374843309745,-74.03061224489795,10.976270010034098
1.1287374843309745,-73.59183673469389,10.976270010034098
1.1287374843309745,-73.15306122448979,10.976270010034098
1.1287374843309745,-72.71428571428572,10.976270010034098
1.1287374843309745,-72.27551020408163,10.976270010034098
1.1287374843309745,-71.83673469387755,10.976270010034098
1.1287374843309745,-71.39795918367346,10.976270010034098
1.1287374843309745,-70.95918367346938,10.976270010034098
1.1287374843309745,-70.5204081632653,10.976270010034098
1.1287374843309745,-70.08163265306122,10.976270010034098
1.1287374843309745,-69.64285714285714,10.976270010034098
1.1287374843309745,-69.20408163265306,10.976270010034098
1.1287374843309745,-68.76530612244898,10.976270010034098
1.1287374843309745,-68.3265306122449,10.976270010034098
1.1287374843309745,-67.88775510204081,10.976270010034098
1.1287374843309745,-67.44897959183673,10.976270010034098
1.1287374843309745,-67.01020408163265,10.976270010034098
3647848122444031e7,-66.57142857142857,10.976270010034098
3647848122444031e7,-66.13265306122449,10.976270010034098
3647848122444031e7,-65.6938775510204,10.976270010034098
3647848122444031e7,-65.25510204081633,10.976270010034098
3647848122444031e7,-64.81632653061224,10.976270010034098
3647848122444031e7,-64.37755102040816,10.976270010034098
3647848122444031e7,-63.93877551020408,10.976270010034098
3647848122444031e7,-63.5,10.976270010034098
1.1468563961174154,-85,11.201268217671537
1.1287374843309745,-84.56122448979592,11.201268217671537
1.1287374843309745,-84.12244897959184,11.201268217671537
1.1287374843309745,-83.68367346938776,11.201268217671537
1.1287374843309745,-83.24489795918367,11.201268217671537
1.1287374843309745,-82.8061224489796,11.201268217671537
1.1287374843309745,-82.36734693877551,11.201268217671537
1.1287374843309745,-81.92857142857143,11.201268217671537
1.1287374843309745,-81.48979591836735,11.201268217671537
1.1287374843309745,-81.05102040816327,11.201268217671537
1.1287374843309745,-80.61224489795919,11.201268217671537
1.1287374843309745,-80.1734693877551,11.201268217671537
1.1287374843309745,-79.73469387755102,11.201268217671537
1.1287374843309745,-79.29591836734694,11.201268217671537
1.1287374843309745,-78.85714285714286,11.201268217671537
1.1287374843309745,-78.41836734693878,11.201268217671537
1.1287374843309745,-77.9795918367347,11.201268217671537
1.1287374843309745,-77.54081632653062,11.201268217671537
1.1287374843309745,-77.10204081632654,11.201268217671537
1.1287374843309745,-76.66326530612245,11.201268217671537
1.1287374843309745,-76.22448979591837,11.201268217671537
1.1287374843309745,-75.78571428571429,11.201268217671537
1.1287374843309745,-75.34693877551021,11.201268217671537
1.1287374843309745,-74.90816326530611,11.201268217671537
1.1287374843309745,-74.46938775510205,11.201268217671537
1.1287374843309745,-74.03061224489795,11.201268217671537
1.1287374843309745,-73.59183673469389,11.201268217671537
1.1287374843309745,-73.15306122448979,11.201268217671537
1.1287374843309745,-72.71428571428572,11.201268217671537
1.1287374843309745,-72.27551020408163,11.201268217671537
1.1287374843309745,-71.83673469387755,11.201268217671537
1.1287374843309745,-71.39795918367346,11.201268217671537
1.1287374843309745,-70.95918367346938,11.201268217671537
1.1287374843309745,-70.5204081632653,11.201268217671537
1.1287374843309745,-70.08163265306122,11.201268217671537
1.1287374843309745,-69.64285714285714,11.201268217671537
1.1287374843309745,-69.20408163265306,11.201268217671537
1.1287374843309745,-68.76530612244898,11.201268217671537
1.1287374843309745,-68.3265306122449,11.201268217671537
1.1287374843309745,-67.88775510204081,11.201268217671537
1.1287374843309745,-67.44897959183673,11.201268217671537
1.1287374843309745,-67.01020408163265,11.201268217671537
3647848122444031e7,-66.57142857142857,11.201268217671537
3647848122444031e7,-66.13265306122449,11.201268217671537
3647848122444031e7,-65.6938775510204,11.201268217671537
3647848122444031e7,-65.25510204081633,11.201268217671537
3647848122444031e7,-64.81632653061224,11.201268217671537
3647848122444031e7,-64.37755102040816,11.201268217671537
3647848122444031e7,-63.93877551020408,11.201268217671537
3647848122444031e7,-63.5,11.201268217671537
1.1468563961174154,-85,11.426266425308976
1.1287374843309745,-84.56122448979592,11.426266425308976
1.1287374843309745,-84.12244897959184,11.426266425308976
1.1287374843309745,-83.68367346938776,11.426266425308976
1.1287374843309745,-83.24489795918367,11.426266425308976
1.1287374843309745,-82.8061224489796,11.426266425308976
1.1287374843309745,-82.36734693877551,11.426266425308976
1.1287374843309745,-81.92857142857143,11.426266425308976
1.1287374843309745,-81.48979591836735,11.426266425308976
1.1287374843309745,-81.05102040816327,11.426266425308976
1.1287374843309745,-80.61224489795919,11.426266425308976
1.1287374843309745,-80.1734693877551,11.426266425308976
1.1287374843309745,-79.73469387755102,11.426266425308976
1.1287374843309745,-79.29591836734694,11.426266425308976
1.1287374843309745,-78.85714285714286,11.426266425308976
1.1287374843309745,-78.41836734693878,11.426266425308976
1.1287374843309745,-77.9795918367347,11.426266425308976
1.1287374843309745,-77.54081632653062,11.426266425308976
1.1287374843309745,-77.10204081632654,11.426266425308976
1.1287374843309745,-76.66326530612245,11.426266425308976
1.1287374843309745,-76.22448979591837,11.426266425308976
1.1287374843309745,-75.78571428571429,11.426266425308976
1.1287374843309745,-75.34693877551021,11.426266425308976
1.1287374843309745,-74.90816326530611,11.426266425308976
1.1287374843309745,-74.46938775510205,11.426266425308976
1.1287374843309745,-74.03061224489795,11.426266425308976
1.1287374843309745,-73.59183673469389,11.426266425308976
1.1287374843309745,-73.15306122448979,11.426266425308976
1.1287374843309745,-72.71428571428572,11.426266425308976
1.1287374843309745,-72.27551020408163,11.426266425308976
1.1287374843309745,-71.83673469387755,11.426266425308976
1.1287374843309745,-71.39795918367346,11.426266425308976
1.1287374843309745,-70.95918367346938,11.426266425308976
1.1287374843309745,-70.5204081632653,11.426266425308976
1.1287374843309745,-70.08163265306122,11.426266425308976
1.1287374843309745,-69.64285714285714,11.426266425308976
1.1287374843309745,-69.20408163265306,11.426266425308976
1.1287374843309745,-68.76530612244898,11.426266425308976
1.1287374843309745,-68.3265306122449,11.426266425308976
1.1287374843309745,-67.88775510204081,11.426266425308976
1.1287374843309745,-67.44897959183673,11.426266425308976
1.1287374843309745,-67.01020408163265,11.426266425308976
3647848122444031e7,-66.57142857142857,11.426266425308976
3647848122444031e7,-66.13265306122449,11.426266425308976
3647848122444031e7,-65.6938775510204,11.426266425308976
3647848122444031e7,-65.25510204081633,11.426266425308976
3647848122444031e7,-64.81632653061224,11.426266425308976
3647848122444031e7,-64.37755102040816,11.426266425308976
3647848122444031e7,-63.93877551020408,11.426266425308976
3647848122444031e7,-63.5,11.426266425308976
1.1468563961174154,-85,11.651264632946415
1.1287374843309745,-84.56122448979592,11.651264632946415
1.1287374843309745,-84.12244897959184,11.651264632946415
1.1287374843309745,-83.68367346938776,11.651264632946415
1.1287374843309745,-83.24489795918367,11.651264632946415
1.1287374843309745,-82.8061224489796,11.651264632946415
1.1287374843309745,-82.36734693877551,11.651264632946415
1.1287374843309745,-81.92857142857143,11.651264632946415
1.1287374843309745,-81.48979591836735,11.651264632946415
1.1287374843309745,-81.05102040816327,11.651264632946415
1.1287374843309745,-80.61224489795919,11.651264632946415
1.1287374843309745,-80.1734693877551,11.651264632946415
1.1287374843309745,-79.73469387755102,11.651264632946415
1.1287374843309745,-79.29591836734694,11.651264632946415
1.1287374843309745,-78.85714285714286,11.651264632946415
1.1287374843309745,-78.41836734693878,11.651264632946415
1.1287374843309745,-77.9795918367347,11.651264632946415
1.1287374843309745,-77.54081632653062,11.651264632946415
1.1287374843309745,-77.10204081632654,11.651264632946415
1.1287374843309745,-76.66326530612245,11.651264632946415
1.1287374843309745,-76.22448979591837,11.651264632946415
1.1287374843309745,-75.78571428571429,11.651264632946415
1.1287374843309745,-75.34693877551021,11.651264632946415
1.1287374843309745,-74.90816326530611,11.651264632946415
1.1287374843309745,-74.46938775510205,11.651264632946415
1.1287374843309745,-74.03061224489795,11.651264632946415
1.1287374843309745,-73.59183673469389,11.651264632946415
1.1287374843309745,-73.15306122448979,11.651264632946415
1.1287374843309745,-72.71428571428572,11.651264632946415
1.1287374843309745,-72.27551020408163,11.651264632946415
1.1287374843309745,-71.83673469387755,11.651264632946415
1.1287374843309745,-71.39795918367346,11.651264632946415
1.1287374843309745,-70.95918367346938,11.651264632946415
1.1287374843309745,-70.5204081632653,11.651264632946415
1.1287374843309745,-70.08163265306122,11.651264632946415
1.1287374843309745,-69.64285714285714,11.651264632946415
1.1287374843309745,-69.20408163265306,11.651264632946415
1.1287374843309745,-68.76530612244898,11.651264632946415
1.1287374843309745,-68.3265306122449,11.651264632946415
1.1287374843309745,-67.88775510204081,11.651264632946415
1.1287374843309745,-67.44897959183673,11.651264632946415
1.1287374843309745,-67.01020408163265,11.651264632946415
3647848122444031e7,-66.57142857142857,11.651264632946415
3647848122444031e7,-66.13265306122449,11.651264632946415
3647848122444031e7,-65.6938775510204,11.651264632946415
3647848122444031e7,-65.25510204081633,11.651264632946415
3647848122444031e7,-64.81632653061224,11.651264632946415
3647848122444031e7,-64.37755102040816,11.651264632946415
3647848122444031e7,-63.93877551020408,11.651264632946415
3647848122444031e7,-63.5,11.651264632946415
1.1468563961174154,-85,11.876262840583854
1.1287374843309745,-84.56122448979592,11.876262840583854
1.1287374843309745,-84.12244897959184,11.876262840583854
1.1287374843309745,-83.68367346938776,11.876262840583854
1.1287374843309745,-83.24489795918367,11.876262840583854
1.1287374843309745,-82.8061224489796,11.876262840583854
1.1287374843309745,-82.36734693877551,11.876262840583854
1.1287374843309745,-81.92857142857143,11.876262840583854
1.1287374843309745,-81.48979591836735,11.876262840583854
1.1287374843309745,-81.05102040816327,11.876262840583854
1.1287374843309745,-80.61224489795919,11.876262840583854
1.1287374843309745,-80.1734693877551,11.876262840583854
1.1287374843309745,-79.73469387755102,11.876262840583854
1.1287374843309745,-79.29591836734694,11.876262840583854
1.1287374843309745,-78.85714285714286,11.876262840583854
1.1287374843309745,-78.41836734693878,11.876262840583854
1.1287374843309745,-77.9795918367347,11.876262840583854
1.1287374843309745,-77.54081632653062,11.876262840583854
1.1287374843309745,-77.10204081632654,11.876262840583854
1.1287374843309745,-76.66326530612245,11.876262840583854
1.1287374843309745,-76.22448979591837,11.876262840583854
1.1287374843309745,-75.78571428571429,11.876262840583854
1.1287374843309745,-75.34693877551021,11.876262840583854
1.1287374843309745,-74.90816326530611,11.876262840583854
1.1287374843309745,-74.46938775510205,11.876262840583854
1.1287374843309745,-74.03061224489795,11.876262840583854
1.1287374843309745,-73.59183673469389,11.876262840583854
1.1287374843309745,-73.15306122448979,11.876262840583854
1.1287374843309745,-72.71428571428572,11.876262840583854
1.1287374843309745,-72.27551020408163,11.876262840583854
1.1287374843309745,-71.83673469387755,11.876262840583854
1.1287374843309745,-71.39795918367346,11.876262840583854
1.1287374843309745,-70.95918367346938,11.876262840583854
1.1287374843309745,-70.5204081632653,11.876262840583854
1.1287374843309745,-70.08163265306122,11.876262840583854
1.1287374843309745,-69.64285714285714,11.876262840583854
1.1287374843309745,-69.20408163265306,11.876262840583854
1.1287374843309745,-68.76530612244898,11.876262840583854
1.1287374843309745,-68.3265306122449,11.876262840583854
1.1287374843309745,-67.88775510204081,11.876262840583854
1.1287374843309745,-67.44897959183673,11.876262840583854
1.1287374843309745,-67.01020408163265,11.876262840583854
3647848122444031e7,-66.57142857142857,11.876262840583854
3647848122444031e7,-66.13265306122449,11.876262840583854
3647848122444031e7,-65.6938775510204,11.876262840583854
3647848122444031e7,-65.25510204081633,11.876262840583854
3647848122444031e7,-64.81632653061224,11.876262840583854
3647848122444031e7,-64.37755102040816,11.876262840583854
3647848122444031e7,-63.93877551020408,11.876262840583854
3647848122444031e7,-63.5,11.876262840583854
1.1468563961174154,-85,12.101261048221293
1.1287374843309745,-84.56122448979592,12.101261048221293
1.1287374843309745,-84.12244897959184,12.101261048221293
1.1287374843309745,-83.68367346938776,12.101261048221293
1.1287374843309745,-83.24489795918367,12.101261048221293
1.1287374843309745,-82.8061224489796,12.101261048221293
1.1287374843309745,-82.36734693877551,12.101261048221293
1.1287374843309745,-81.92857142857143,12.101261048221293
1.1287374843309745,-81.48979591836735,12.101261048221293
1.1287374843309745,-81.05102040816327,12.101261048221293
1.1287374843309745,-80.61224489795919,12.101261048221293
1.1287374843309745,-80.1734693877551,12.101261048221293
1.1287374843309745,-79.73469387755102,12.101261048221293
1.1287374843309745,-79.29591836734694,12.101261048221293
1.1287374843309745,-78.85714285714286,12.101261048221293
1.1287374843309745,-78.41836734693878,12.101261048221293
1.1287374843309745,-77.9795918367347,12.101261048221293
1.1287374843309745,-77.54081632653062,12.101261048221293
1.1287374843309745,-77.10204081632654,12.101261048221293
1.1287374843309745,-76.66326530612245,12.101261048221293
1.1287374843309745,-76.22448979591837,12.101261048221293
1.1287374843309745,-75.78571428571429,12.101261048221293
1.1287374843309745,-75.34693877551021,12.101261048221293
1.1287374843309745,-74.90816326530611,12.101261048221293
1.1287374843309745,-74.46938775510205,12.101261048221293
1.1287374843309745,-74.03061224489795,12.101261048221293
1.1287374843309745,-73.59183673469389,12.101261048221293
1.1287374843309745,-73.15306122448979,12.101261048221293
1.1287374843309745,-72.71428571428572,12.101261048221293
1.1287374843309745,-72.27551020408163,12.101261048221293
1.1287374843309745,-71.83673469387755,12.101261048221293
1.1287374843309745,-71.39795918367346,12.101261048221293
1.1287374843309745,-70.95918367346938,12.101261048221293
1.1287374843309745,-70.5204081632653,12.101261048221293
1.1287374843309745,-70.08163265306122,12.101261048221293
1.1287374843309745,-69.64285714285714,12.101261048221293
1.1287374843309745,-69.20408163265306,12.101261048221293
1.1287374843309745,-68.76530612244898,12.101261048221293
1.1287374843309745,-68.3265306122449,12.101261048221293
1.1287374843309745,-67.88775510204081,12.101261048221293
1.1287374843309745,-67.44897959183673,12.101261048221293
1.1287374843309745,-67.01020408163265,12.101261048221293
3647848122444031e7,-66.57142857142857,12.101261048221293
3647848122444031e7,-66.13265306122449,12.101261048221293
3647848122444031e7,-65.6938775510204,12.101261048221293
3647848122444031e7,-65.25510204081633,12.101261048221293
3647848122444031e7,-64.81632653061224,12.101261048221293
3647848122444031e7,-64.37755102040816,12.101261048221293
3647848122444031e7,-63.93877551020408,12.101261048221293
3647848122444031e7,-63.5,12.101261048221293
1.1468563961174154,-85,12.32625925585873
1.1287374843309745,-84.56122448979592,12.32625925585873
1.1287374843309745,-84.12244897959184,12.32625925585873
1.1287374843309745,-83.68367346938776,12.32625925585873
1.1287374843309745,-83.24489795918367,12.32625925585873
1.1287374843309745,-82.8061224489796,12.32625925585873
1.1287374843309745,-82.36734693877551,12.32625925585873
1.1287374843309745,-81.92857142857143,12.32625925585873
1.1287374843309745,-81.48979591836735,12.32625925585873
1.1287374843309745,-81.05102040816327,12.32625925585873
1.1287374843309745,-80.61224489795919,12.32625925585873
1.1287374843309745,-80.1734693877551,12.32625925585873
1.1287374843309745,-79.73469387755102,12.32625925585873
1.1287374843309745,-79.29591836734694,12.32625925585873
1.1287374843309745,-78.85714285714286,12.32625925585873
1.1287374843309745,-78.41836734693878,12.32625925585873
1.1287374843309745,-77.9795918367347,12.32625925585873
1.1287374843309745,-77.54081632653062,12.32625925585873
1.1287374843309745,-77.10204081632654,12.32625925585873
1.1287374843309745,-76.66326530612245,12.32625925585873
1.1287374843309745,-76.22448979591837,12.32625925585873
1.1287374843309745,-75.78571428571429,12.32625925585873
1.1287374843309745,-75.34693877551021,12.32625925585873
1.1287374843309745,-74.90816326530611,12.32625925585873
1.1287374843309745,-74.46938775510205,12.32625925585873
1.1287374843309745,-74.03061224489795,12.32625925585873
1.1287374843309745,-73.59183673469389,12.32625925585873
1.1287374843309745,-73.15306122448979,12.32625925585873
1.1287374843309745,-72.71428571428572,12.32625925585873
1.1287374843309745,-72.27551020408163,12.32625925585873
1.1287374843309745,-71.83673469387755,12.32625925585873
1.1287374843309745,-71.39795918367346,12.32625925585873
1.1287374843309745,-70.95918367346938,12.32625925585873
1.1287374843309745,-70.5204081632653,12.32625925585873
1.1287374843309745,-70.08163265306122,12.32625925585873
1.1287374843309745,-69.64285714285714,12.32625925585873
1.1287374843309745,-69.20408163265306,12.32625925585873
1.1287374843309745,-68.76530612244898,12.32625925585873
1.1287374843309745,-68.3265306122449,12.32625925585873
1.1287374843309745,-67.88775510204081,12.32625925585873
1.1287374843309745,-67.44897959183673,12.32625925585873
1.1287374843309745,-67.01020408163265,12.32625925585873
3647848122444031e7,-66.57142857142857,12.32625925585873
3647848122444031e7,-66.13265306122449,12.32625925585873
3647848122444031e7,-65.6938775510204,12.32625925585873
3647848122444031e7,-65.25510204081633,12.32625925585873
3647848122444031e7,-64.81632653061224,12.32625925585873
3647848122444031e7,-64.37755102040816,12.32625925585873
3647848122444031e7,-63.93877551020408,12.32625925585873
3647848122444031e7,-63.5,12.32625925585873
1.1468563961174154,-85,12.551257463496169
1.1287374843309745,-84.56122448979592,12.551257463496169
1.1287374843309745,-84.12244897959184,12.551257463496169
1.1287374843309745,-83.68367346938776,12.551257463496169
1.1287374843309745,-83.24489795918367,12.551257463496169
1.1287374843309745,-82.8061224489796,12.551257463496169
1.1287374843309745,-82.36734693877551,12.551257463496169
1.1287374843309745,-81.92857142857143,12.551257463496169
1.1287374843309745,-81.48979591836735,12.551257463496169
1.1287374843309745,-81.05102040816327,12.551257463496169
1.1287374843309745,-80.61224489795919,12.551257463496169
1.1287374843309745,-80.1734693877551,12.551257463496169
1.1287374843309745,-79.73469387755102,12.551257463496169
1.1287374843309745,-79.29591836734694,12.551257463496169
1.1287374843309745,-78.85714285714286,12.551257463496169
1.1287374843309745,-78.41836734693878,12.551257463496169
1.1287374843309745,-77.9795918367347,12.551257463496169
1.1287374843309745,-77.54081632653062,12.551257463496169
1.1287374843309745,-77.10204081632654,12.551257463496169
1.1287374843309745,-76.66326530612245,12.551257463496169
1.1287374843309745,-76.22448979591837,12.551257463496169
1.1287374843309745,-75.78571428571429,12.551257463496169
1.1287374843309745,-75.34693877551021,12.551257463496169
1.1287374843309745,-74.90816326530611,12.551257463496169
1.1287374843309745,-74.46938775510205,12.551257463496169
1.1287374843309745,-74.03061224489795,12.551257463496169
1.1287374843309745,-73.59183673469389,12.551257463496169
1.1287374843309745,-73.15306122448979,12.551257463496169
1.1287374843309745,-72.71428571428572,12.551257463496169
1.1287374843309745,-72.27551020408163,12.551257463496169
1.1287374843309745,-71.83673469387755,12.551257463496169
1.1287374843309745,-71.39795918367346,12.551257463496169
1.1287374843309745,-70.95918367346938,12.551257463496169
1.1287374843309745,-70.5204081632653,12.551257463496169
1.1287374843309745,-70.08163265306122,12.551257463496169
1.1287374843309745,-69.64285714285714,12.551257463496169
1.1287374843309745,-69.20408163265306,12.551257463496169
1.1287374843309745,-68.76530612244898,12.551257463496169
1.1287374843309745,-68.3265306122449,12.551257463496169
1.1287374843309745,-67.88775510204081,12.551257463496169
1.1287374843309745,-67.44897959183673,12.551257463496169
1.1287374843309745,-67.01020408163265,12.551257463496169
3647848122444031e7,-66.57142857142857,12.551257463496169
3647848122444031e7,-66.13265306122449,12.551257463496169
3647848122444031e7,-65.6938775510204,12.551257463496169
3647848122444031e7,-65.25510204081633,12.551257463496169
3647848122444031e7,-64.81632653061224,12.551257463496169
3647848122444031e7,-64.37755102040816,12.551257463496169
3647848122444031e7,-63.93877551020408,12.551257463496169
3647848122444031e7,-63.5,12.551257463496169
1.1468563961174154,-85,12.776255671133608
1.1287374843309745,-84.56122448979592,12.776255671133608
1.1287374843309745,-84.12244897959184,12.776255671133608
1.1287374843309745,-83.68367346938776,12.776255671133608
1.1287374843309745,-83.24489795918367,12.776255671133608
1.1287374843309745,-82.8061224489796,12.776255671133608
1.1287374843309745,-82.36734693877551,12.776255671133608
1.1287374843309745,-81.92857142857143,12.776255671133608
1.1287374843309745,-81.48979591836735,12.776255671133608
1.1287374843309745,-81.05102040816327,12.776255671133608
1.1287374843309745,-80.61224489795919,12.776255671133608
1.1287374843309745,-80.1734693877551,12.776255671133608
1.1287374843309745,-79.73469387755102,12.776255671133608
1.1287374843309745,-79.29591836734694,12.776255671133608
1.1287374843309745,-78.85714285714286,12.776255671133608
1.1287374843309745,-78.41836734693878,12.776255671133608
1.1287374843309745,-77.9795918367347,12.776255671133608
1.1287374843309745,-77.54081632653062,12.776255671133608
1.1287374843309745,-77.10204081632654,12.776255671133608
1.1287374843309745,-76.66326530612245,12.776255671133608
1.1287374843309745,-76.22448979591837,12.776255671133608
1.1287374843309745,-75.78571428571429,12.776255671133608
1.1287374843309745,-75.34693877551021,12.776255671133608
1.1287374843309745,-74.90816326530611,12.776255671133608
1.1287374843309745,-74.46938775510205,12.776255671133608
1.1287374843309745,-74.03061224489795,12.776255671133608
1.1287374843309745,-73.59183673469389,12.776255671133608
1.1287374843309745,-73.15306122448979,12.776255671133608
1.1287374843309745,-72.71428571428572,12.776255671133608
1.1287374843309745,-72.27551020408163,12.776255671133608
1.1287374843309745,-71.83673469387755,12.776255671133608
1.1287374843309745,-71.39795918367346,12.776255671133608
1.1287374843309745,-70.95918367346938,12.776255671133608
1.1287374843309745,-70.5204081632653,12.776255671133608
1.1287374843309745,-70.08163265306122,12.776255671133608
1.1287374843309745,-69.64285714285714,12.776255671133608
1.1287374843309745,-69.20408163265306,12.776255671133608
1.1287374843309745,-68.76530612244898,12.776255671133608
1.1287374843309745,-68.3265306122449,12.776255671133608
1.1287374843309745,-67.88775510204081,12.776255671133608
1.1287374843309745,-67.44897959183673,12.776255671133608
1.1287374843309745,-67.01020408163265,12.776255671133608
3647848122444031e7,-66.57142857142857,12.776255671133608
3647848122444031e7,-66.13265306122449,12.776255671133608
3647848122444031e7,-65.6938775510204,12.776255671133608
3647848122444031e7,-65.25510204081633,12.776255671133608
3647848122444031e7,-64.81632653061224,12.776255671133608
3647848122444031e7,-64.37755102040816,12.776255671133608
3647848122444031e7,-63.93877551020408,12.776255671133608
3647848122444031e7,-63.5,12.776255671133608
1.1468563961174154,-85,13.001253878771047
1.1287374843309745,-84.56122448979592,13.001253878771047
1.1287374843309745,-84.12244897959184,13.001253878771047
1.1287374843309745,-83.68367346938776,13.001253878771047
1.1287374843309745,-83.24489795918367,13.001253878771047
1.1287374843309745,-82.8061224489796,13.001253878771047
1.1287374843309745,-82.36734693877551,13.001253878771047
1.1287374843309745,-81.92857142857143,13.001253878771047
1.1287374843309745,-81.48979591836735,13.001253878771047
1.1287374843309745,-81.05102040816327,13.001253878771047
1.1287374843309745,-80.61224489795919,13.001253878771047
1.1287374843309745,-80.1734693877551,13.001253878771047
1.1287374843309745,-79.73469387755102,13.001253878771047
1.1287374843309745,-79.29591836734694,13.001253878771047
1.1287374843309745,-78.85714285714286,13.001253878771047
1.1287374843309745,-78.41836734693878,13.001253878771047
1.1287374843309745,-77.9795918367347,13.001253878771047
1.1287374843309745,-77.54081632653062,13.001253878771047
1.1287374843309745,-77.10204081632654,13.001253878771047
1.1287374843309745,-76.66326530612245,13.001253878771047
1.1287374843309745,-76.22448979591837,13.001253878771047
1.1287374843309745,-75.78571428571429,13.001253878771047
1.1287374843309745,-75.34693877551021,13.001253878771047
1.1287374843309745,-74.90816326530611,13.001253878771047
1.1287374843309745,-74.46938775510205,13.001253878771047
1.1287374843309745,-74.03061224489795,13.001253878771047
1.1287374843309745,-73.59183673469389,13.001253878771047
1.1287374843309745,-73.15306122448979,13.001253878771047
1.1287374843309745,-72.71428571428572,13.001253878771047
1.1287374843309745,-72.27551020408163,13.001253878771047
1.1287374843309745,-71.83673469387755,13.001253878771047
1.1287374843309745,-71.39795918367346,13.001253878771047
1.1287374843309745,-70.95918367346938,13.001253878771047
1.1287374843309745,-70.5204081632653,13.001253878771047
1.1287374843309745,-70.08163265306122,13.001253878771047
1.1287374843309745,-69.64285714285714,13.001253878771047
1.1287374843309745,-69.20408163265306,13.001253878771047
1.1287374843309745,-68.76530612244898,13.001253878771047
1.1287374843309745,-68.3265306122449,13.001253878771047
1.1287374843309745,-67.88775510204081,13.001253878771047
1.1287374843309745,-67.44897959183673,13.001253878771047
1.1287374843309745,-67.01020408163265,13.001253878771047
3647848122444031e7,-66.57142857142857,13.001253878771047
3647848122444031e7,-66.13265306122449,13.001253878771047
3647848122444031e7,-65.6938775510204,13.001253878771047
3647848122444031e7,-65.25510204081633,13.001253878771047
3647848122444031e7,-64.81632653061224,13.001253878771047
3647848122444031e7,-64.37755102040816,13.001253878771047
3647848122444031e7,-63.93877551020408,13.001253878771047
3647848122444031e7,-63.5,13.001253878771047
