Q,max_ocean_SLP_gradient,max_landfalling_v850hPa
0.37472473171308224,1.9763417045365497,15.195411682128906
0.37472473171308224,2.2013399121739883,15.195411682128906
0.37472473171308224,2.426338119811427,15.195411682128906
0.37472473171308224,2.651336327448866,15.195411682128906
0.37472473171308224,2.8763345350863045,15.195411682128906
0.37472473171308224,3.101332742723743,15.195411682128906
0.37472473171308224,3.326330950361182,15.195411682128906
0.37472473171308224,3.551329157998621,15.195411682128906
0.37472473171308224,3.7763273656360594,15.195411682128906
0.37472473171308224,4.001325573273498,15.195411682128906
0.37472473171308224,4.226323780910937,15.195411682128906
0.37472473171308224,4.451321988548376,15.195411682128906
0.37472473171308224,4.676320196185815,15.195411682128906
0.37472473171308224,4.901318403823253,15.195411682128906
0.3708349269547597,5.126316611460692,15.195411682128906
0.3708349269547597,5.35131481909813,15.195411682128906
0.3708349269547597,5.576313026735569,15.195411682128906
0.3708349269547597,5.801311234373008,15.195411682128906
0.3708349269547597,6.026309442010446,15.195411682128906
0.3708349269547597,6.251307649647885,15.195411682128906
0.3809968171648551,6.476305857285324,15.195411682128906
0.3809968171648551,6.701304064922763,15.195411682128906
0.3809968171648551,6.926302272560202,15.195411682128906
0.3809968171648551,7.15130048019764,15.195411682128906
0.3809968171648551,7.376298687835079,15.195411682128906
0.3809968171648551,7.601296895472518,15.195411682128906
0.3809968171648551,7.826295103109956,15.195411682128906
0.47027696449265344,8.051293310747395,15.195411682128906
0.47027696449265344,8.276291518384834,15.195411682128906
0.47027696449265344,8.501289726022272,15.195411682128906
0.47027696449265344,8.726287933659712,15.195411682128906
0.47027696449265344,8.95128614129715,15.195411682128906
0.47027696449265344,9.176284348934589,15.195411682128906
0.47027696449265344,9.401282556572028,15.195411682128906
0.47027696449265344,9.626280764209465,15.195411682128906
0.47027696449265344,9.851278971846906,15.195411682128906
0.5068743665921388,10.076277179484343,15.195411682128906
0.6408273791867402,10.301275387121782,15.195411682128906
0.6408273791867402,10.526273594759221,15.195411682128906
0.6408273791867402,10.75127180239666,15.195411682128906
0.6408273791867402,10.976270010034098,15.195411682128906
0.6408273791867402,11.201268217671537,15.195411682128906
0.6408273791867402,11.426266425308976,15.195411682128906
0.6408273791867402,11.651264632946415,15.195411682128906
0.6408273791867402,11.876262840583854,15.195411682128906
0.6408273791867402,12.101261048221293,15.195411682128906
0.6408273791867402,12.32625925585873,15.195411682128906
0.6408273791867402,12.551257463496169,15.195411682128906
0.6408273791867402,12.776255671133608,15.195411682128906
0.6408273791867402,13.001253878771047,15.195411682128906
0.37472473171308224,1.9763417045365497,15.901763526760803
0.37472473171308224,2.2013399121739883,15.901763526760803
0.37472473171308224,2.426338119811427,15.901763526760803
0.37472473171308224,2.651336327448866,15.901763526760803
0.37472473171308224,2.8763345350863045,15.901763526760803
0.37472473171308224,3.101332742723743,15.901763526760803
0.37472473171308224,3.326330950361182,15.901763526760803
0.37472473171308224,3.551329157998621,15.901763526760803
0.37472473171308224,3.7763273656360594,15.901763526760803
0.37472473171308224,4.001325573273498,15.901763526760803
0.37472473171308224,4.226323780910937,15.901763526760803
0.37472473171308224,4.451321988548376,15.901763526760803
0.37472473171308224,4.676320196185815,15.901763526760803
0.37472473171308224,4.901318403823253,15.901763526760803
0.3708349269547597,5.126316611460692,15.901763526760803
0.3708349269547597,5.35131481909813,15.901763526760803
0.3708349269547597,5.576313026735569,15.901763526760803
0.3708349269547597,5.801311234373008,15.901763526760803
0.3708349269547597,6.026309442010446,15.901763526760803
0.3708349269547597,6.251307649647885,15.901763526760803
0.3809968171648551,6.476305857285324,15.901763526760803
0.3809968171648551,6.701304064922763,15.901763526760803
0.3809968171648551,6.926302272560202,15.901763526760803
0.3809968171648551,7.15130048019764,15.901763526760803
0.3809968171648551,7.376298687835079,15.901763526760803
0.3809968171648551,7.601296895472518,15.901763526760803
0.3809968171648551,7.826295103109956,15.901763526760803
0.47027696449265344,8.051293310747395,15.901763526760803
0.47027696449265344,8.276291518384834,15.901763526760803
0.47027696449265344,8.501289726022272,15.901763526760803
0.47027696449265344,8.726287933659712,15.901763526760803
0.47027696449265344,8.95128614129715,15.901763526760803
0.47027696449265344,9.176284348934589,15.901763526760803
0.47027696449265344,9.401282556572028,15.901763526760803
0.47027696449265344,9.626280764209465,15.901763526760803
0.47027696449265344,9.851278971846906,15.901763526760803
0.5068743665921388,10.076277179484343,15.901763526760803
0.6408273791867402,10.301275387121782,15.901763526760803
0.6408273791867402,10.526273594759221,15.901763526760803
0.6408273791867402,10.75127180239666,15.901763526760803
0.6408273791867402,10.976270010034098,15.901763526760803
0.6408273791867402,11.201268217671537,15.901763526760803
0.6408273791867402,11.426266425308976,15.901763526760803
0.6408273791867402,11.651264632946415,15.901763526760803
0.6408273791867402,11.876262840583854,15.901763526760803
0.6408273791867402,12.101261048221293,15.901763526760803
0.6408273791867402,12.32625925585873,15.901763526760803
0.6408273791867402,12.551257463496169,15.901763526760803
0.6408273791867402,12.776255671133608,15.901763526760803
0.6408273791867402,13.001253878771047,15.901763526760803
0.37472473171308224,1.9763417045365497,16.6081153713927
0.37472473171308224,2.2013399121739883,16.6081153713927
0.37472473171308224,2.426338119811427,16.6081153713927
0.37472473171308224,2.651336327448866,16.6081153713927
0.37472473171308224,2.8763345350863045,16.6081153713927
0.37472473171308224,3.101332742723743,16.6081153713927
0.37472473171308224,3.326330950361182,16.6081153713927
0.37472473171308224,3.551329157998621,16.6081153713927
0.37472473171308224,3.7763273656360594,16.6081153713927
0.37472473171308224,4.001325573273498,16.6081153713927
0.37472473171308224,4.226323780910937,16.6081153713927
0.37472473171308224,4.451321988548376,16.6081153713927
0.37472473171308224,4.676320196185815,16.6081153713927
0.37472473171308224,4.901318403823253,16.6081153713927
0.3708349269547597,5.126316611460692,16.6081153713927
0.3708349269547597,5.35131481909813,16.6081153713927
0.3708349269547597,5.576313026735569,16.6081153713927
0.3708349269547597,5.801311234373008,16.6081153713927
0.3708349269547597,6.026309442010446,16.6081153713927
0.3708349269547597,6.251307649647885,16.6081153713927
0.3809968171648551,6.476305857285324,16.6081153713927
0.3809968171648551,6.701304064922763,16.6081153713927
0.3809968171648551,6.926302272560202,16.6081153713927
0.3809968171648551,7.15130048019764,16.6081153713927
0.3809968171648551,7.376298687835079,16.6081153713927
0.3809968171648551,7.601296895472518,16.6081153713927
0.3809968171648551,7.826295103109956,16.6081153713927
0.47027696449265344,8.051293310747395,16.6081153713927
0.47027696449265344,8.276291518384834,16.6081153713927
0.47027696449265344,8.501289726022272,16.6081153713927
0.47027696449265344,8.726287933659712,16.6081153713927
0.47027696449265344,8.95128614129715,16.6081153713927
0.47027696449265344,9.176284348934589,16.6081153713927
0.47027696449265344,9.401282556572028,16.6081153713927
0.47027696449265344,9.626280764209465,16.6081153713927
0.47027696449265344,9.851278971846906,16.6081153713927
0.5068743665921388,10.076277179484343,16.6081153713927
0.6408273791867402,10.301275387121782,16.6081153713927
0.6408273791867402,10.526273594759221,16.6081153713927
0.6408273791867402,10.75127180239666,16.6081153713927
0.6408273791867402,10.976270010034098,16.6081153713927
0.6408273791867402,11.201268217671537,16.6081153713927
0.6408273791867402,11.426266425308976,16.6081153713927
0.6408273791867402,11.651264632946415,16.6081153713927
0.6408273791867402,11.876262840583854,16.6081153713927
0.6408273791867402,12.101261048221293,16.6081153713927
0.6408273791867402,12.32625925585873,16.6081153713927
0.6408273791867402,12.551257463496169,16.6081153713927
0.6408273791867402,12.776255671133608,16.6081153713927
0.6408273791867402,13.001253878771047,16.6081153713927
0.37472473171308224,1.9763417045365497,17.314467216024592
0.37472473171308224,2.2013399121739883,17.314467216024592
0.37472473171308224,2.426338119811427,17.314467216024592
0.37472473171308224,2.651336327448866,17.314467216024592
0.37472473171308224,2.8763345350863045,17.314467216024592
0.37472473171308224,3.101332742723743,17.314467216024592
0.37472473171308224,3.326330950361182,17.314467216024592
0.37472473171308224,3.551329157998621,17.314467216024592
0.37472473171308224,3.7763273656360594,17.314467216024592
0.37472473171308224,4.001325573273498,17.314467216024592
0.37472473171308224,4.226323780910937,17.314467216024592
0.37472473171308224,4.451321988548376,17.314467216024592
0.37472473171308224,4.676320196185815,17.314467216024592
0.37472473171308224,4.901318403823253,17.314467216024592
0.3708349269547597,5.126316611460692,17.314467216024592
0.3708349269547597,5.35131481909813,17.314467216024592
0.3708349269547597,5.576313026735569,17.314467216024592
0.3708349269547597,5.801311234373008,17.314467216024592
0.3708349269547597,6.026309442010446,17.314467216024592
0.3708349269547597,6.251307649647885,17.314467216024592
0.3809968171648551,6.476305857285324,17.314467216024592
0.3809968171648551,6.701304064922763,17.314467216024592
0.3809968171648551,6.926302272560202,17.314467216024592
0.3809968171648551,7.15130048019764,17.314467216024592
0.3809968171648551,7.376298687835079,17.314467216024592
0.3809968171648551,7.601296895472518,17.314467216024592
0.3809968171648551,7.826295103109956,17.314467216024592
0.47027696449265344,8.051293310747395,17.314467216024592
0.47027696449265344,8.276291518384834,17.314467216024592
0.47027696449265344,8.501289726022272,17.314467216024592
0.47027696449265344,8.726287933659712,17.314467216024592
0.47027696449265344,8.95128614129715,17.314467216024592
0.47027696449265344,9.176284348934589,17.314467216024592
0.47027696449265344,9.401282556572028,17.314467216024592
0.47027696449265344,9.626280764209465,17.314467216024592
0.47027696449265344,9.851278971846906,17.314467216024592
0.5068743665921388,10.076277179484343,17.314467216024592
0.6408273791867402,10.301275387121782,17.314467216024592
0.6408273791867402,10.526273594759221,17.314467216024592
0.6408273791867402,10.75127180239666,17.314467216024592
0.6408273791867402,10.976270010034098,17.314467216024592
0.6408273791867402,11.201268217671537,17.314467216024592
0.6408273791867402,11.426266425308976,17.314467216024592
0.6408273791867402,11.651264632946415,17.314467216024592
0.6408273791867402,11.876262840583854,17.314467216024592
0.6408273791867402,12.101261048221293,17.314467216024592
0.6408273791867402,12.32625925585873,17.314467216024592
0.6408273791867402,12.551257463496169,17.314467216024592
0.6408273791867402,12.776255671133608,17.314467216024592
0.6408273791867402,13.001253878771047,17.314467216024592
0.37472473171308224,1.9763417045365497,18.02081906065649
0.37472473171308224,2.2013399121739883,18.02081906065649
0.37472473171308224,2.426338119811427,18.02081906065649
0.37472473171308224,2.651336327448866,18.02081906065649
0.37472473171308224,2.8763345350863045,18.02081906065649
0.37472473171308224,3.101332742723743,18.02081906065649
0.37472473171308224,3.326330950361182,18.02081906065649
0.37472473171308224,3.551329157998621,18.02081906065649
0.37472473171308224,3.7763273656360594,18.02081906065649
0.37472473171308224,4.001325573273498,18.02081906065649
0.37472473171308224,4.226323780910937,18.02081906065649
0.37472473171308224,4.451321988548376,18.02081906065649
0.37472473171308224,4.676320196185815,18.02081906065649
0.37472473171308224,4.901318403823253,18.02081906065649
0.3708349269547597,5.126316611460692,18.02081906065649
0.3708349269547597,5.35131481909813,18.02081906065649
0.3708349269547597,5.576313026735569,18.02081906065649
0.3708349269547597,5.801311234373008,18.02081906065649
0.3708349269547597,6.026309442010446,18.02081906065649
0.3708349269547597,6.251307649647885,18.02081906065649
0.3809968171648551,6.476305857285324,18.02081906065649
0.3809968171648551,6.701304064922763,18.02081906065649
0.3809968171648551,6.926302272560202,18.02081906065649
0.3809968171648551,7.15130048019764,18.02081906065649
0.3809968171648551,7.376298687835079,18.02081906065649
0.3809968171648551,7.601296895472518,18.02081906065649
0.3809968171648551,7.826295103109956,18.02081906065649
0.47027696449265344,8.051293310747395,18.02081906065649
0.47027696449265344,8.276291518384834,18.02081906065649
0.47027696449265344,8.501289726022272,18.02081906065649
0.47027696449265344,8.726287933659712,18.02081906065649
0.47027696449265344,8.95128614129715,18.02081906065649
0.47027696449265344,9.176284348934589,18.02081906065649
0.47027696449265344,9.401282556572028,18.02081906065649
0.47027696449265344,9.626280764209465,18.02081906065649
0.47027696449265344,9.851278971846906,18.02081906065649
0.5068743665921388,10.076277179484343,18.02081906065649
0.6408273791867402,10.301275387121782,18.02081906065649
0.6408273791867402,10.526273594759221,18.02081906065649
0.6408273791867402,10.75127180239666,18.02081906065649
0.6408273791867402,10.976270010034098,18.02081906065649
0.6408273791867402,11.201268217671537,18.02081906065649
0.6408273791867402,11.426266425308976,18.02081906065649
0.6408273791867402,11.651264632946415,18.02081906065649
0.6408273791867402,11.876262840583854,18.02081906065649
0.6408273791867402,12.101261048221293,18.02081906065649
0.6408273791867402,12.32625925585873,18.02081906065649
0.6408273791867402,12.551257463496169,18.02081906065649
0.6408273791867402,12.776255671133608,18.02081906065649
0.6408273791867402,13.001253878771047,18.02081906065649
0.37472473171308224,1.9763417045365497,18.727170905288386
0.37472473171308224,2.2013399121739883,18.727170905288386
0.37472473171308224,2.426338119811427,18.727170905288386
0.37472473171308224,2.651336327448866,18.727170905288386
0.37472473171308224,2.8763345350863045,18.727170905288386
0.37472473171308224,3.101332742723743,18.727170905288386
0.37472473171308224,3.326330950361182,18.727170905288386
0.37472473171308224,3.551329157998621,18.727170905288386
0.37472473171308224,3.7763273656360594,18.727170905288386
0.37472473171308224,4.001325573273498,18.727170905288386
0.37472473171308224,4.226323780910937,18.727170905288386
0.37472473171308224,4.451321988548376,18.727170905288386
0.37472473171308224,4.676320196185815,18.727170905288386
0.37472473171308224,4.901318403823253,18.727170905288386
0.3708349269547597,5.126316611460692,18.727170905288386
0.3708349269547597,5.35131481909813,18.727170905288386
0.3708349269547597,5.576313026735569,18.727170905288386
0.3708349269547597,5.801311234373008,18.727170905288386
0.3708349269547597,6.026309442010446,18.727170905288386
0.3708349269547597,6.251307649647885,18.727170905288386
0.3809968171648551,6.476305857285324,18.727170905288386
0.3809968171648551,6.701304064922763,18.727170905288386
0.3809968171648551,6.926302272560202,18.727170905288386
0.3809968171648551,7.15130048019764,18.727170905288386
0.3809968171648551,7.376298687835079,18.727170905288386
0.3809968171648551,7.601296895472518,18.727170905288386
0.3809968171648551,7.826295103109956,18.727170905288386
0.47027696449265344,8.051293310747395,18.727170905288386
0.47027696449265344,8.276291518384834,18.727170905288386
0.47027696449265344,8.501289726022272,18.727170905288386
0.47027696449265344,8.726287933659712,18.727170905288386
0.47027696449265344,8.95128614129715,18.727170905288386
0.47027696449265344,9.176284348934589,18.727170905288386
0.47027696449265344,9.401282556572028,18.727170905288386
0.47027696449265344,9.626280764209465,18.727170905288386
0.47027696449265344,9.851278971846906,18.727170905288386
0.5068743665921388,10.076277179484343,18.727170905288386
0.6408273791867402,10.301275387121782,18.727170905288386
0.6408273791867402,10.526273594759221,18.727170905288386
0.6408273791867402,10.75127180239666,18.727170905288386
0.6408273791867402,10.976270010034098,18.727170905288386
0.6408273791867402,11.201268217671537,18.727170905288386
0.6408273791867402,11.426266425308976,18.727170905288386
0.6408273791867402,11.651264632946415,18.727170905288386
0.6408273791867402,11.876262840583854,18.727170905288386
0.6408273791867402,12.101261048221293,18.727170905288386
0.6408273791867402,12.32625925585873,18.727170905288386
0.6408273791867402,12.551257463496169,18.727170905288386
0.6408273791867402,12.776255671133608,18.727170905288386
0.6408273791867402,13.001253878771047,18.727170905288386
0.37472473171308224,1.9763417045365497,19.43352274992028
0.37472473171308224,2.2013399121739883,19.43352274992028
0.37472473171308224,2.426338119811427,19.43352274992028
0.37472473171308224,2.651336327448866,19.43352274992028
0.37472473171308224,2.8763345350863045,19.43352274992028
0.37472473171308224,3.101332742723743,19.43352274992028
0.37472473171308224,3.326330950361182,19.43352274992028
0.37472473171308224,3.551329157998621,19.43352274992028
0.37472473171308224,3.7763273656360594,19.43352274992028
0.37472473171308224,4.001325573273498,19.43352274992028
0.37472473171308224,4.226323780910937,19.43352274992028
0.37472473171308224,4.451321988548376,19.43352274992028
0.37472473171308224,4.676320196185815,19.43352274992028
0.37472473171308224,4.901318403823253,19.43352274992028
0.3708349269547597,5.126316611460692,19.43352274992028
0.3708349269547597,5.35131481909813,19.43352274992028
0.3708349269547597,5.576313026735569,19.43352274992028
0.3708349269547597,5.801311234373008,19.43352274992028
0.3708349269547597,6.026309442010446,19.43352274992028
0.3708349269547597,6.251307649647885,19.43352274992028
0.3809968171648551,6.476305857285324,19.43352274992028
0.3809968171648551,6.701304064922763,19.43352274992028
0.3809968171648551,6.926302272560202,19.43352274992028
0.3809968171648551,7.15130048019764,19.43352274992028
0.3809968171648551,7.376298687835079,19.43352274992028
0.3809968171648551,7.601296895472518,19.43352274992028
0.3809968171648551,7.826295103109956,19.43352274992028
0.47027696449265344,8.051293310747395,19.43352274992028
0.47027696449265344,8.276291518384834,19.43352274992028
0.47027696449265344,8.501289726022272,19.43352274992028
0.47027696449265344,8.726287933659712,19.43352274992028
0.47027696449265344,8.95128614129715,19.43352274992028
0.47027696449265344,9.176284348934589,19.43352274992028
0.47027696449265344,9.401282556572028,19.43352274992028
0.47027696449265344,9.626280764209465,19.43352274992028
0.47027696449265344,9.851278971846906,19.43352274992028
0.5068743665921388,10.076277179484343,19.43352274992028
0.6408273791867402,10.301275387121782,19.43352274992028
0.6408273791867402,10.526273594759221,19.43352274992028
0.6408273791867402,10.75127180239666,19.43352274992028
0.6408273791867402,10.976270010034098,19.43352274992028
0.6408273791867402,11.201268217671537,19.43352274992028
0.6408273791867402,11.426266425308976,19.43352274992028
0.6408273791867402,11.651264632946415,19.43352274992028
0.6408273791867402,11.876262840583854,19.43352274992028
0.6408273791867402,12.101261048221293,19.43352274992028
0.6408273791867402,12.32625925585873,19.43352274992028
0.6408273791867402,12.551257463496169,19.43352274992028
0.6408273791867402,12.776255671133608,19.43352274992028
0.6408273791867402,13.001253878771047,19.43352274992028
0.37472473171308224,1.9763417045365497,20.139874594552175
0.37472473171308224,2.2013399121739883,20.139874594552175
0.37472473171308224,2.426338119811427,20.139874594552175
0.37472473171308224,2.651336327448866,20.139874594552175
0.37472473171308224,2.8763345350863045,20.139874594552175
0.37472473171308224,3.101332742723743,20.139874594552175
0.37472473171308224,3.326330950361182,20.139874594552175
0.37472473171308224,3.551329157998621,20.139874594552175
0.37472473171308224,3.7763273656360594,20.139874594552175
0.37472473171308224,4.001325573273498,20.139874594552175
0.37472473171308224,4.226323780910937,20.139874594552175
0.37472473171308224,4.451321988548376,20.139874594552175
0.37472473171308224,4.676320196185815,20.139874594552175
0.37472473171308224,4.901318403823253,20.139874594552175
0.3708349269547597,5.126316611460692,20.139874594552175
0.3708349269547597,5.35131481909813,20.139874594552175
0.3708349269547597,5.576313026735569,20.139874594552175
0.3708349269547597,5.801311234373008,20.139874594552175
0.3708349269547597,6.026309442010446,20.139874594552175
0.3708349269547597,6.251307649647885,20.139874594552175
0.3809968171648551,6.476305857285324,20.139874594552175
0.3809968171648551,6.701304064922763,20.139874594552175
0.3809968171648551,6.926302272560202,20.139874594552175
0.3809968171648551,7.15130048019764,20.139874594552175
0.3809968171648551,7.376298687835079,20.139874594552175
0.3809968171648551,7.601296895472518,20.139874594552175
0.3809968171648551,7.826295103109956,20.139874594552175
0.47027696449265344,8.051293310747395,20.139874594552175
0.47027696449265344,8.276291518384834,20.139874594552175
0.47027696449265344,8.501289726022272,20.139874594552175
0.47027696449265344,8.726287933659712,20.139874594552175
0.47027696449265344,8.95128614129715,20.139874594552175
0.47027696449265344,9.176284348934589,20.139874594552175
0.47027696449265344,9.401282556572028,20.139874594552175
0.47027696449265344,9.626280764209465,20.139874594552175
0.47027696449265344,9.851278971846906,20.139874594552175
0.5068743665921388,10.076277179484343,20.139874594552175
0.6408273791867402,10.301275387121782,20.139874594552175
0.6408273791867402,10.526273594759221,20.139874594552175
0.6408273791867402,10.75127180239666,20.139874594552175
0.6408273791867402,10.976270010034098,20.139874594552175
0.6408273791867402,11.201268217671537,20.139874594552175
0.6408273791867402,11.426266425308976,20.139874594552175
0.6408273791867402,11.651264632946415,20.139874594552175
0.6408273791867402,11.876262840583854,20.139874594552175
0.6408273791867402,12.101261048221293,20.139874594552175
0.6408273791867402,12.32625925585873,20.139874594552175
0.6408273791867402,12.551257463496169,20.139874594552175
0.6408273791867402,12.776255671133608,20.139874594552175
0.6408273791867402,13.001253878771047,20.139874594552175
0.46274741368597894,1.9763417045365497,20.846226439184072
0.46274741368597894,2.2013399121739883,20.846226439184072
0.46274741368597894,2.426338119811427,20.846226439184072
0.46274741368597894,2.651336327448866,20.846226439184072
0.46274741368597894,2.8763345350863045,20.846226439184072
0.46274741368597894,3.101332742723743,20.846226439184072
0.46274741368597894,3.326330950361182,20.846226439184072
0.46274741368597894,3.551329157998621,20.846226439184072
0.46274741368597894,3.7763273656360594,20.846226439184072
0.46274741368597894,4.001325573273498,20.846226439184072
0.46274741368597894,4.226323780910937,20.846226439184072
0.46274741368597894,4.451321988548376,20.846226439184072
0.46274741368597894,4.676320196185815,20.846226439184072
0.46274741368597894,4.901318403823253,20.846226439184072
0.4579438954249122,5.126316611460692,20.846226439184072
0.4579438954249122,5.35131481909813,20.846226439184072
0.4579438954249122,5.576313026735569,20.846226439184072
0.4579438954249122,5.801311234373008,20.846226439184072
0.4579438954249122,6.026309442010446,20.846226439184072
0.4579438954249122,6.251307649647885,20.846226439184072
0.47049280937405336,6.476305857285324,20.846226439184072
0.47049280937405336,6.701304064922763,20.846226439184072
0.47049280937405336,6.926302272560202,20.846226439184072
0.47049280937405336,7.15130048019764,20.846226439184072
0.47049280937405336,7.376298687835079,20.846226439184072
0.47049280937405336,7.601296895472518,20.846226439184072
0.47049280937405336,7.826295103109956,20.846226439184072
0.5807448257823942,8.051293310747395,20.846226439184072
0.5807448257823942,8.276291518384834,20.846226439184072
0.5807448257823942,8.501289726022272,20.846226439184072
0.5807448257823942,8.726287933659712,20.846226439184072
0.5807448257823942,8.95128614129715,20.846226439184072
0.5807448257823942,9.176284348934589,20.846226439184072
0.5807448257823942,9.401282556572028,20.846226439184072
0.5807448257823942,9.626280764209465,20.846226439184072
0.5807448257823942,9.851278971846906,20.846226439184072
0.625938942252213,10.076277179484343,20.846226439184072
0.791357461201367,10.301275387121782,20.846226439184072
0.791357461201367,10.526273594759221,20.846226439184072
0.791357461201367,10.75127180239666,20.846226439184072
0.791357461201367,10.976270010034098,20.846226439184072
0.791357461201367,11.201268217671537,20.846226439184072
0.791357461201367,11.426266425308976,20.846226439184072
0.791357461201367,11.651264632946415,20.846226439184072
0.791357461201367,11.876262840583854,20.846226439184072
0.791357461201367,12.101261048221293,20.846226439184072
0.791357461201367,12.32625925585873,20.846226439184072
0.791357461201367,12.551257463496169,20.846226439184072
0.791357461201367,12.776255671133608,20.846226439184072
0.791357461201367,13.001253878771047,20.846226439184072
0.46274741368597894,1.9763417045365497,21.55257828381597
0.46274741368597894,2.2013399121739883,21.55257828381597
0.46274741368597894,2.426338119811427,21.55257828381597
0.46274741368597894,2.651336327448866,21.55257828381597
0.46274741368597894,2.8763345350863045,21.55257828381597
0.46274741368597894,3.101332742723743,21.55257828381597
0.46274741368597894,3.326330950361182,21.55257828381597
0.46274741368597894,3.551329157998621,21.55257828381597
0.46274741368597894,3.7763273656360594,21.55257828381597
0.46274741368597894,4.001325573273498,21.55257828381597
0.46274741368597894,4.226323780910937,21.55257828381597
0.46274741368597894,4.451321988548376,21.55257828381597
0.46274741368597894,4.676320196185815,21.55257828381597
0.46274741368597894,4.901318403823253,21.55257828381597
0.4579438954249122,5.126316611460692,21.55257828381597
0.4579438954249122,5.35131481909813,21.55257828381597
0.4579438954249122,5.576313026735569,21.55257828381597
0.4579438954249122,5.801311234373008,21.55257828381597
0.4579438954249122,6.026309442010446,21.55257828381597
0.4579438954249122,6.251307649647885,21.55257828381597
0.47049280937405336,6.476305857285324,21.55257828381597
0.47049280937405336,6.701304064922763,21.55257828381597
0.47049280937405336,6.926302272560202,21.55257828381597
0.47049280937405336,7.15130048019764,21.55257828381597
0.47049280937405336,7.376298687835079,21.55257828381597
0.47049280937405336,7.601296895472518,21.55257828381597
0.47049280937405336,7.826295103109956,21.55257828381597
0.5807448257823942,8.051293310747395,21.55257828381597
0.5807448257823942,8.276291518384834,21.55257828381597
0.5807448257823942,8.501289726022272,21.55257828381597
0.5807448257823942,8.726287933659712,21.55257828381597
0.5807448257823942,8.95128614129715,21.55257828381597
0.5807448257823942,9.176284348934589,21.55257828381597
0.5807448257823942,9.401282556572028,21.55257828381597
0.5807448257823942,9.626280764209465,21.55257828381597
0.5807448257823942,9.851278971846906,21.55257828381597
0.625938942252213,10.076277179484343,21.55257828381597
0.791357461201367,10.301275387121782,21.55257828381597
0.791357461201367,10.526273594759221,21.55257828381597
0.791357461201367,10.75127180239666,21.55257828381597
0.791357461201367,10.976270010034098,21.55257828381597
0.791357461201367,11.201268217671537,21.55257828381597
0.791357461201367,11.426266425308976,21.55257828381597
0.791357461201367,11.651264632946415,21.55257828381597
0.791357461201367,11.876262840583854,21.55257828381597
0.791357461201367,12.101261048221293,21.55257828381597
0.791357461201367,12.32625925585873,21.55257828381597
0.791357461201367,12.551257463496169,21.55257828381597
0.791357461201367,12.776255671133608,21.55257828381597
0.791357461201367,13.001253878771047,21.55257828381597
0.46274741368597894,1.9763417045365497,22.258930128447865
0.46274741368597894,2.2013399121739883,22.258930128447865
0.46274741368597894,2.426338119811427,22.258930128447865
0.46274741368597894,2.651336327448866,22.258930128447865
0.46274741368597894,2.8763345350863045,22.258930128447865
0.46274741368597894,3.101332742723743,22.258930128447865
0.46274741368597894,3.326330950361182,22.258930128447865
0.46274741368597894,3.551329157998621,22.258930128447865
0.46274741368597894,3.7763273656360594,22.258930128447865
0.46274741368597894,4.001325573273498,22.258930128447865
0.46274741368597894,4.226323780910937,22.258930128447865
0.46274741368597894,4.451321988548376,22.258930128447865
0.46274741368597894,4.676320196185815,22.258930128447865
0.46274741368597894,4.901318403823253,22.258930128447865
0.4579438954249122,5.126316611460692,22.258930128447865
0.4579438954249122,5.35131481909813,22.258930128447865
0.4579438954249122,5.576313026735569,22.258930128447865
0.4579438954249122,5.801311234373008,22.258930128447865
0.4579438954249122,6.026309442010446,22.258930128447865
0.4579438954249122,6.251307649647885,22.258930128447865
0.47049280937405336,6.476305857285324,22.258930128447865
0.47049280937405336,6.701304064922763,22.258930128447865
0.47049280937405336,6.926302272560202,22.258930128447865
0.47049280937405336,7.15130048019764,22.258930128447865
0.47049280937405336,7.376298687835079,22.258930128447865
0.47049280937405336,7.601296895472518,22.258930128447865
0.47049280937405336,7.826295103109956,22.258930128447865
0.5807448257823942,8.051293310747395,22.258930128447865
0.5807448257823942,8.276291518384834,22.258930128447865
0.5807448257823942,8.501289726022272,22.258930128447865
0.5807448257823942,8.726287933659712,22.258930128447865
0.5807448257823942,8.95128614129715,22.258930128447865
0.5807448257823942,9.176284348934589,22.258930128447865
0.5807448257823942,9.401282556572028,22.258930128447865
0.5807448257823942,9.626280764209465,22.258930128447865
0.5807448257823942,9.851278971846906,22.258930128447865
0.625938942252213,10.076277179484343,22.258930128447865
0.791357461201367,10.301275387121782,22.258930128447865
0.791357461201367,10.526273594759221,22.258930128447865
0.791357461201367,10.75127180239666,22.258930128447865
0.791357461201367,10.976270010034098,22.258930128447865
0.791357461201367,11.201268217671537,22.258930128447865
0.791357461201367,11.426266425308976,22.258930128447865
0.791357461201367,11.651264632946415,22.258930128447865
0.791357461201367,11.876262840583854,22.258930128447865
0.791357461201367,12.101261048221293,22.258930128447865
0.791357461201367,12.32625925585873,22.258930128447865
0.791357461201367,12.551257463496169,22.258930128447865
0.791357461201367,12.776255671133608,22.258930128447865
0.791357461201367,13.001253878771047,22.258930128447865
0.46274741368597894,1.9763417045365497,22.965281973079758
0.46274741368597894,2.2013399121739883,22.965281973079758
0.46274741368597894,2.426338119811427,22.965281973079758
0.46274741368597894,2.651336327448866,22.965281973079758
0.46274741368597894,2.8763345350863045,22.965281973079758
0.46274741368597894,3.101332742723743,22.965281973079758
0.46274741368597894,3.326330950361182,22.965281973079758
0.46274741368597894,3.551329157998621,22.965281973079758
0.46274741368597894,3.7763273656360594,22.965281973079758
0.46274741368597894,4.001325573273498,22.965281973079758
0.46274741368597894,4.226323780910937,22.965281973079758
0.46274741368597894,4.451321988548376,22.965281973079758
0.46274741368597894,4.676320196185815,22.965281973079758
0.46274741368597894,4.901318403823253,22.965281973079758
0.4579438954249122,5.126316611460692,22.965281973079758
0.4579438954249122,5.35131481909813,22.965281973079758
0.4579438954249122,5.576313026735569,22.965281973079758
0.4579438954249122,5.801311234373008,22.965281973079758
0.4579438954249122,6.026309442010446,22.965281973079758
0.4579438954249122,6.251307649647885,22.965281973079758
0.47049280937405336,6.476305857285324,22.965281973079758
0.47049280937405336,6.701304064922763,22.965281973079758
0.47049280937405336,6.926302272560202,22.965281973079758
0.47049280937405336,7.15130048019764,22.965281973079758
0.47049280937405336,7.376298687835079,22.965281973079758
0.47049280937405336,7.601296895472518,22.965281973079758
0.47049280937405336,7.826295103109956,22.965281973079758
0.5807448257823942,8.051293310747395,22.965281973079758
0.5807448257823942,8.276291518384834,22.965281973079758
0.5807448257823942,8.501289726022272,22.965281973079758
0.5807448257823942,8.726287933659712,22.965281973079758
0.5807448257823942,8.95128614129715,22.965281973079758
0.5807448257823942,9.176284348934589,22.965281973079758
0.5807448257823942,9.401282556572028,22.965281973079758
0.5807448257823942,9.626280764209465,22.965281973079758
0.5807448257823942,9.851278971846906,22.965281973079758
0.625938942252213,10.076277179484343,22.965281973079758
0.791357461201367,10.301275387121782,22.965281973079758
0.791357461201367,10.526273594759221,22.965281973079758
0.791357461201367,10.75127180239666,22.965281973079758
0.791357461201367,10.976270010034098,22.965281973079758
0.791357461201367,11.201268217671537,22.965281973079758
0.791357461201367,11.426266425308976,22.965281973079758
0.791357461201367,11.651264632946415,22.965281973079758
0.791357461201367,11.876262840583854,22.965281973079758
0.791357461201367,12.101261048221293,22.965281973079758
0.791357461201367,12.32625925585873,22.965281973079758
0.791357461201367,12.551257463496169,22.965281973079758
0.791357461201367,12.776255671133608,22.965281973079758
0.791357461201367,13.001253878771047,22.965281973079758
0.4944994731168412,1.9763417045365497,23.671633817711655
0.4944994731168412,2.2013399121739883,23.671633817711655
0.4944994731168412,2.426338119811427,23.671633817711655
0.4944994731168412,2.651336327448866,23.671633817711655
0.4944994731168412,2.8763345350863045,23.671633817711655
0.4944994731168412,3.101332742723743,23.671633817711655
0.4944994731168412,3.326330950361182,23.671633817711655
0.4944994731168412,3.551329157998621,23.671633817711655
0.4944994731168412,3.7763273656360594,23.671633817711655
0.4944994731168412,4.001325573273498,23.671633817711655
0.4944994731168412,4.226323780910937,23.671633817711655
0.4944994731168412,4.451321988548376,23.671633817711655
0.4944994731168412,4.676320196185815,23.671633817711655
0.4944994731168412,4.901318403823253,23.671633817711655
0.4893663547482607,5.126316611460692,23.671633817711655
0.4893663547482607,5.35131481909813,23.671633817711655
0.4893663547482607,5.576313026735569,23.671633817711655
0.4893663547482607,5.801311234373008,23.671633817711655
0.4893663547482607,6.026309442010446,23.671633817711655
0.4893663547482607,6.251307649647885,23.671633817711655
0.5027763299366902,6.476305857285324,23.671633817711655
0.5027763299366902,6.701304064922763,23.671633817711655
0.5027763299366902,6.926302272560202,23.671633817711655
0.5027763299366902,7.15130048019764,23.671633817711655
0.5027763299366902,7.376298687835079,23.671633817711655
0.5027763299366902,7.601296895472518,23.671633817711655
0.5027763299366902,7.826295103109956,23.671633817711655
0.6205934422782211,8.051293310747395,23.671633817711655
0.6205934422782211,8.276291518384834,23.671633817711655
0.6205934422782211,8.501289726022272,23.671633817711655
0.6205934422782211,8.726287933659712,23.671633817711655
0.6205934422782211,8.95128614129715,23.671633817711655
0.6205934422782211,9.176284348934589,23.671633817711655
0.6205934422782211,9.401282556572028,23.671633817711655
0.6205934422782211,9.626280764209465,23.671633817711655
0.6205934422782211,9.851278971846906,23.671633817711655
0.6688886161059722,10.076277179484343,23.671633817711655
0.8456575575303191,10.301275387121782,23.671633817711655
0.8456575575303191,10.526273594759221,23.671633817711655
0.8456575575303191,10.75127180239666,23.671633817711655
0.8456575575303191,10.976270010034098,23.671633817711655
0.8456575575303191,11.201268217671537,23.671633817711655
0.8456575575303191,11.426266425308976,23.671633817711655
0.8456575575303191,11.651264632946415,23.671633817711655
0.8456575575303191,11.876262840583854,23.671633817711655
0.8456575575303191,12.101261048221293,23.671633817711655
0.8456575575303191,12.32625925585873,23.671633817711655
0.8456575575303191,12.551257463496169,23.671633817711655
0.8456575575303191,12.776255671133608,23.671633817711655
0.8456575575303191,13.001253878771047,23.671633817711655
0.4944994731168412,1.9763417045365497,24.37798566234355
0.4944994731168412,2.2013399121739883,24.37798566234355
0.4944994731168412,2.426338119811427,24.37798566234355
0.4944994731168412,2.651336327448866,24.37798566234355
0.4944994731168412,2.8763345350863045,24.37798566234355
0.4944994731168412,3.101332742723743,24.37798566234355
0.4944994731168412,3.326330950361182,24.37798566234355
0.4944994731168412,3.551329157998621,24.37798566234355
0.4944994731168412,3.7763273656360594,24.37798566234355
0.4944994731168412,4.001325573273498,24.37798566234355
0.4944994731168412,4.226323780910937,24.37798566234355
0.4944994731168412,4.451321988548376,24.37798566234355
0.4944994731168412,4.676320196185815,24.37798566234355
0.4944994731168412,4.901318403823253,24.37798566234355
0.4893663547482607,5.126316611460692,24.37798566234355
0.4893663547482607,5.35131481909813,24.37798566234355
0.4893663547482607,5.576313026735569,24.37798566234355
0.4893663547482607,5.801311234373008,24.37798566234355
0.4893663547482607,6.026309442010446,24.37798566234355
0.4893663547482607,6.251307649647885,24.37798566234355
0.5027763299366902,6.476305857285324,24.37798566234355
0.5027763299366902,6.701304064922763,24.37798566234355
0.5027763299366902,6.926302272560202,24.37798566234355
0.5027763299366902,7.15130048019764,24.37798566234355
0.5027763299366902,7.376298687835079,24.37798566234355
0.5027763299366902,7.601296895472518,24.37798566234355
0.5027763299366902,7.826295103109956,24.37798566234355
0.6205934422782211,8.051293310747395,24.37798566234355
0.6205934422782211,8.276291518384834,24.37798566234355
0.6205934422782211,8.501289726022272,24.37798566234355
0.6205934422782211,8.726287933659712,24.37798566234355
0.6205934422782211,8.95128614129715,24.37798566234355
0.6205934422782211,9.176284348934589,24.37798566234355
0.6205934422782211,9.401282556572028,24.37798566234355
0.6205934422782211,9.626280764209465,24.37798566234355
0.6205934422782211,9.851278971846906,24.37798566234355
0.6688886161059722,10.076277179484343,24.37798566234355
0.8456575575303191,10.301275387121782,24.37798566234355
0.8456575575303191,10.526273594759221,24.37798566234355
0.8456575575303191,10.75127180239666,24.37798566234355
0.8456575575303191,10.976270010034098,24.37798566234355
0.8456575575303191,11.201268217671537,24.37798566234355
0.8456575575303191,11.426266425308976,24.37798566234355
0.8456575575303191,11.651264632946415,24.37798566234355
0.8456575575303191,11.876262840583854,24.37798566234355
0.8456575575303191,12.101261048221293,24.37798566234355
0.8456575575303191,12.32625925585873,24.37798566234355
0.8456575575303191,12.551257463496169,24.37798566234355
0.8456575575303191,12.776255671133608,24.37798566234355
0.8456575575303191,13.001253878771047,24.37798566234355
0.4944994731168412,1.9763417045365497,25.084337506975444
0.4944994731168412,2.2013399121739883,25.084337506975444
0.4944994731168412,2.426338119811427,25.084337506975444
0.4944994731168412,2.651336327448866,25.084337506975444
0.4944994731168412,2.8763345350863045,25.084337506975444
0.4944994731168412,3.101332742723743,25.084337506975444
0.4944994731168412,3.326330950361182,25.084337506975444
0.4944994731168412,3.551329157998621,25.084337506975444
0.4944994731168412,3.7763273656360594,25.084337506975444
0.4944994731168412,4.001325573273498,25.084337506975444
0.4944994731168412,4.226323780910937,25.084337506975444
0.4944994731168412,4.451321988548376,25.084337506975444
0.4944994731168412,4.676320196185815,25.084337506975444
0.4944994731168412,4.901318403823253,25.084337506975444
0.4893663547482607,5.126316611460692,25.084337506975444
0.4893663547482607,5.35131481909813,25.084337506975444
0.4893663547482607,5.576313026735569,25.084337506975444
0.4893663547482607,5.801311234373008,25.084337506975444
0.4893663547482607,6.026309442010446,25.084337506975444
0.4893663547482607,6.251307649647885,25.084337506975444
0.5027763299366902,6.476305857285324,25.084337506975444
0.5027763299366902,6.701304064922763,25.084337506975444
0.5027763299366902,6.926302272560202,25.084337506975444
0.5027763299366902,7.15130048019764,25.084337506975444
0.5027763299366902,7.376298687835079,25.084337506975444
0.5027763299366902,7.601296895472518,25.084337506975444
0.5027763299366902,7.826295103109956,25.084337506975444
0.6205934422782211,8.051293310747395,25.084337506975444
0.6205934422782211,8.276291518384834,25.084337506975444
0.6205934422782211,8.501289726022272,25.084337506975444
0.6205934422782211,8.726287933659712,25.084337506975444
0.6205934422782211,8.95128614129715,25.084337506975444
0.6205934422782211,9.176284348934589,25.084337506975444
0.6205934422782211,9.401282556572028,25.084337506975444
0.6205934422782211,9.626280764209465,25.084337506975444
0.6205934422782211,9.851278971846906,25.084337506975444
0.6688886161059722,10.076277179484343,25.084337506975444
0.8456575575303191,10.301275387121782,25.084337506975444
0.8456575575303191,10.526273594759221,25.084337506975444
0.8456575575303191,10.75127180239666,25.084337506975444
0.8456575575303191,10.976270010034098,25.084337506975444
0.8456575575303191,11.201268217671537,25.084337506975444
0.8456575575303191,11.426266425308976,25.084337506975444
0.8456575575303191,11.651264632946415,25.084337506975444
0.8456575575303191,11.876262840583854,25.084337506975444
0.8456575575303191,12.101261048221293,25.084337506975444
0.8456575575303191,12.32625925585873,25.084337506975444
0.8456575575303191,12.551257463496169,25.084337506975444
0.8456575575303191,12.776255671133608,25.084337506975444
0.8456575575303191,13.001253878771047,25.084337506975444
0.4944994731168412,1.9763417045365497,25.79068935160734
0.4944994731168412,2.2013399121739883,25.79068935160734
0.4944994731168412,2.426338119811427,25.79068935160734
0.4944994731168412,2.651336327448866,25.79068935160734
0.4944994731168412,2.8763345350863045,25.79068935160734
0.4944994731168412,3.101332742723743,25.79068935160734
0.4944994731168412,3.326330950361182,25.79068935160734
0.4944994731168412,3.551329157998621,25.79068935160734
0.4944994731168412,3.7763273656360594,25.79068935160734
0.4944994731168412,4.001325573273498,25.79068935160734
0.4944994731168412,4.226323780910937,25.79068935160734
0.4944994731168412,4.451321988548376,25.79068935160734
0.4944994731168412,4.676320196185815,25.79068935160734
0.4944994731168412,4.901318403823253,25.79068935160734
0.4893663547482607,5.126316611460692,25.79068935160734
0.4893663547482607,5.35131481909813,25.79068935160734
0.4893663547482607,5.576313026735569,25.79068935160734
0.4893663547482607,5.801311234373008,25.79068935160734
0.4893663547482607,6.026309442010446,25.79068935160734
0.4893663547482607,6.251307649647885,25.79068935160734
0.5027763299366902,6.476305857285324,25.79068935160734
0.5027763299366902,6.701304064922763,25.79068935160734
0.5027763299366902,6.926302272560202,25.79068935160734
0.5027763299366902,7.15130048019764,25.79068935160734
0.5027763299366902,7.376298687835079,25.79068935160734
0.5027763299366902,7.601296895472518,25.79068935160734
0.5027763299366902,7.826295103109956,25.79068935160734
0.6205934422782211,8.051293310747395,25.79068935160734
0.6205934422782211,8.276291518384834,25.79068935160734
0.6205934422782211,8.501289726022272,25.79068935160734
0.6205934422782211,8.726287933659712,25.79068935160734
0.6205934422782211,8.95128614129715,25.79068935160734
0.6205934422782211,9.176284348934589,25.79068935160734
0.6205934422782211,9.401282556572028,25.79068935160734
0.6205934422782211,9.626280764209465,25.79068935160734
0.6205934422782211,9.851278971846906,25.79068935160734
0.6688886161059722,10.076277179484343,25.79068935160734
0.8456575575303191,10.301275387121782,25.79068935160734
0.8456575575303191,10.526273594759221,25.79068935160734
0.8456575575303191,10.75127180239666,25.79068935160734
0.8456575575303191,10.976270010034098,25.79068935160734
0.8456575575303191,11.201268217671537,25.79068935160734
0.8456575575303191,11.426266425308976,25.79068935160734
0.8456575575303191,11.651264632946415,25.79068935160734
0.8456575575303191,11.876262840583854,25.79068935160734
0.8456575575303191,12.101261048221293,25.79068935160734
0.8456575575303191,12.32625925585873,25.79068935160734
0.8456575575303191,12.551257463496169,25.79068935160734
0.8456575575303191,12.776255671133608,25.79068935160734
0.8456575575303191,13.001253878771047,25.79068935160734
0.5106776538457158,1.9763417045365497,26.497041196239238
0.5106776538457158,2.2013399121739883,26.497041196239238
0.5106776538457158,2.426338119811427,26.497041196239238
0.5106776538457158,2.651336327448866,26.497041196239238
0.5106776538457158,2.8763345350863045,26.497041196239238
0.5106776538457158,3.101332742723743,26.497041196239238
0.5106776538457158,3.326330950361182,26.497041196239238
0.5106776538457158,3.551329157998621,26.497041196239238
0.5106776538457158,3.7763273656360594,26.497041196239238
0.5106776538457158,4.001325573273498,26.497041196239238
0.5106776538457158,4.226323780910937,26.497041196239238
0.5106776538457158,4.451321988548376,26.497041196239238
0.5106776538457158,4.676320196185815,26.497041196239238
0.5106776538457158,4.901318403823253,26.497041196239238
0.5053765989651989,5.126316611460692,26.497041196239238
0.5053765989651989,5.35131481909813,26.497041196239238
0.5053765989651989,5.576313026735569,26.497041196239238
0.5053765989651989,5.801311234373008,26.497041196239238
0.5053765989651989,6.026309442010446,26.497041196239238
0.5053765989651989,6.251307649647885,26.497041196239238
0.5242744376761089,6.476305857285324,26.497041196239238
0.5242744376761089,6.701304064922763,26.497041196239238
0.5242744376761089,6.926302272560202,26.497041196239238
0.5242744376761089,7.15130048019764,26.497041196239238
0.5242744376761089,7.376298687835079,26.497041196239238
0.5242744376761089,7.601296895472518,26.497041196239238
0.5242744376761089,7.826295103109956,26.497041196239238
0.649353850935198,8.051293310747395,26.497041196239238
0.649353850935198,8.276291518384834,26.497041196239238
0.649353850935198,8.501289726022272,26.497041196239238
0.649353850935198,8.726287933659712,26.497041196239238
0.649353850935198,8.95128614129715,26.497041196239238
0.649353850935198,9.176284348934589,26.497041196239238
0.649353850935198,9.401282556572028,26.497041196239238
0.649353850935198,9.626280764209465,26.497041196239238
0.649353850935198,9.851278971846906,26.497041196239238
0.6998871872068623,10.076277179484343,26.497041196239238
0.884848201970821,10.301275387121782,26.497041196239238
0.884848201970821,10.526273594759221,26.497041196239238
0.884848201970821,10.75127180239666,26.497041196239238
0.884848201970821,10.976270010034098,26.497041196239238
0.884848201970821,11.201268217671537,26.497041196239238
0.884848201970821,11.426266425308976,26.497041196239238
0.884848201970821,11.651264632946415,26.497041196239238
0.884848201970821,11.876262840583854,26.497041196239238
0.884848201970821,12.101261048221293,26.497041196239238
0.884848201970821,12.32625925585873,26.497041196239238
0.884848201970821,12.551257463496169,26.497041196239238
0.884848201970821,12.776255671133608,26.497041196239238
0.884848201970821,13.001253878771047,26.497041196239238
0.5106776538457158,1.9763417045365497,27.203393040871134
0.5106776538457158,2.2013399121739883,27.203393040871134
0.5106776538457158,2.426338119811427,27.203393040871134
0.5106776538457158,2.651336327448866,27.203393040871134
0.5106776538457158,2.8763345350863045,27.203393040871134
0.5106776538457158,3.101332742723743,27.203393040871134
0.5106776538457158,3.326330950361182,27.203393040871134
0.5106776538457158,3.551329157998621,27.203393040871134
0.5106776538457158,3.7763273656360594,27.203393040871134
0.5106776538457158,4.001325573273498,27.203393040871134
0.5106776538457158,4.226323780910937,27.203393040871134
0.5106776538457158,4.451321988548376,27.203393040871134
0.5106776538457158,4.676320196185815,27.203393040871134
0.5106776538457158,4.901318403823253,27.203393040871134
0.5053765989651989,5.126316611460692,27.203393040871134
0.5053765989651989,5.35131481909813,27.203393040871134
0.5053765989651989,5.576313026735569,27.203393040871134
0.5053765989651989,5.801311234373008,27.203393040871134
0.5053765989651989,6.026309442010446,27.203393040871134
0.5053765989651989,6.251307649647885,27.203393040871134
0.5242744376761089,6.476305857285324,27.203393040871134
0.5242744376761089,6.701304064922763,27.203393040871134
0.5242744376761089,6.926302272560202,27.203393040871134
0.5242744376761089,7.15130048019764,27.203393040871134
0.5242744376761089,7.376298687835079,27.203393040871134
0.5242744376761089,7.601296895472518,27.203393040871134
0.5242744376761089,7.826295103109956,27.203393040871134
0.649353850935198,8.051293310747395,27.203393040871134
0.649353850935198,8.276291518384834,27.203393040871134
0.649353850935198,8.501289726022272,27.203393040871134
0.649353850935198,8.726287933659712,27.203393040871134
0.649353850935198,8.95128614129715,27.203393040871134
0.649353850935198,9.176284348934589,27.203393040871134
0.649353850935198,9.401282556572028,27.203393040871134
0.649353850935198,9.626280764209465,27.203393040871134
0.649353850935198,9.851278971846906,27.203393040871134
0.6998871872068623,10.076277179484343,27.203393040871134
0.884848201970821,10.301275387121782,27.203393040871134
0.884848201970821,10.526273594759221,27.203393040871134
0.884848201970821,10.75127180239666,27.203393040871134
0.884848201970821,10.976270010034098,27.203393040871134
0.884848201970821,11.201268217671537,27.203393040871134
0.884848201970821,11.426266425308976,27.203393040871134
0.884848201970821,11.651264632946415,27.203393040871134
0.884848201970821,11.876262840583854,27.203393040871134
0.884848201970821,12.101261048221293,27.203393040871134
0.884848201970821,12.32625925585873,27.203393040871134
0.884848201970821,12.551257463496169,27.203393040871134
0.884848201970821,12.776255671133608,27.203393040871134
0.884848201970821,13.001253878771047,27.203393040871134
0.5106776538457158,1.9763417045365497,27.90974488550303
0.5106776538457158,2.2013399121739883,27.90974488550303
0.5106776538457158,2.426338119811427,27.90974488550303
0.5106776538457158,2.651336327448866,27.90974488550303
0.5106776538457158,2.8763345350863045,27.90974488550303
0.5106776538457158,3.101332742723743,27.90974488550303
0.5106776538457158,3.326330950361182,27.90974488550303
0.5106776538457158,3.551329157998621,27.90974488550303
0.5106776538457158,3.7763273656360594,27.90974488550303
0.5106776538457158,4.001325573273498,27.90974488550303
0.5106776538457158,4.226323780910937,27.90974488550303
0.5106776538457158,4.451321988548376,27.90974488550303
0.5106776538457158,4.676320196185815,27.90974488550303
0.5106776538457158,4.901318403823253,27.90974488550303
0.5053765989651989,5.126316611460692,27.90974488550303
0.5053765989651989,5.35131481909813,27.90974488550303
0.5053765989651989,5.576313026735569,27.90974488550303
0.5053765989651989,5.801311234373008,27.90974488550303
0.5053765989651989,6.026309442010446,27.90974488550303
0.5053765989651989,6.251307649647885,27.90974488550303
0.5242744376761089,6.476305857285324,27.90974488550303
0.5242744376761089,6.701304064922763,27.90974488550303
0.5242744376761089,6.926302272560202,27.90974488550303
0.5242744376761089,7.15130048019764,27.90974488550303
0.5242744376761089,7.376298687835079,27.90974488550303
0.5242744376761089,7.601296895472518,27.90974488550303
0.5242744376761089,7.826295103109956,27.90974488550303
0.649353850935198,8.051293310747395,27.90974488550303
0.649353850935198,8.276291518384834,27.90974488550303
0.649353850935198,8.501289726022272,27.90974488550303
0.649353850935198,8.726287933659712,27.90974488550303
0.649353850935198,8.95128614129715,27.90974488550303
0.649353850935198,9.176284348934589,27.90974488550303
0.649353850935198,9.401282556572028,27.90974488550303
0.649353850935198,9.626280764209465,27.90974488550303
0.649353850935198,9.851278971846906,27.90974488550303
0.6998871872068623,10.076277179484343,27.90974488550303
0.884848201970821,10.301275387121782,27.90974488550303
0.884848201970821,10.526273594759221,27.90974488550303
0.884848201970821,10.75127180239666,27.90974488550303
0.884848201970821,10.976270010034098,27.90974488550303
0.884848201970821,11.201268217671537,27.90974488550303
0.884848201970821,11.426266425308976,27.90974488550303
0.884848201970821,11.651264632946415,27.90974488550303
0.884848201970821,11.876262840583854,27.90974488550303
0.884848201970821,12.101261048221293,27.90974488550303
0.884848201970821,12.32625925585873,27.90974488550303
0.884848201970821,12.551257463496169,27.90974488550303
0.884848201970821,12.776255671133608,27.90974488550303
0.884848201970821,13.001253878771047,27.90974488550303
0.5106776538457158,1.9763417045365497,28.616096730134924
0.5106776538457158,2.2013399121739883,28.616096730134924
0.5106776538457158,2.426338119811427,28.616096730134924
0.5106776538457158,2.651336327448866,28.616096730134924
0.5106776538457158,2.8763345350863045,28.616096730134924
0.5106776538457158,3.101332742723743,28.616096730134924
0.5106776538457158,3.326330950361182,28.616096730134924
0.5106776538457158,3.551329157998621,28.616096730134924
0.5106776538457158,3.7763273656360594,28.616096730134924
0.5106776538457158,4.001325573273498,28.616096730134924
0.5106776538457158,4.226323780910937,28.616096730134924
0.5106776538457158,4.451321988548376,28.616096730134924
0.5106776538457158,4.676320196185815,28.616096730134924
0.5106776538457158,4.901318403823253,28.616096730134924
0.5053765989651989,5.126316611460692,28.616096730134924
0.5053765989651989,5.35131481909813,28.616096730134924
0.5053765989651989,5.576313026735569,28.616096730134924
0.5053765989651989,5.801311234373008,28.616096730134924
0.5053765989651989,6.026309442010446,28.616096730134924
0.5053765989651989,6.251307649647885,28.616096730134924
0.5242744376761089,6.476305857285324,28.616096730134924
0.5242744376761089,6.701304064922763,28.616096730134924
0.5242744376761089,6.926302272560202,28.616096730134924
0.5242744376761089,7.15130048019764,28.616096730134924
0.5242744376761089,7.376298687835079,28.616096730134924
0.5242744376761089,7.601296895472518,28.616096730134924
0.5242744376761089,7.826295103109956,28.616096730134924
0.649353850935198,8.051293310747395,28.616096730134924
0.649353850935198,8.276291518384834,28.616096730134924
0.649353850935198,8.501289726022272,28.616096730134924
0.649353850935198,8.726287933659712,28.616096730134924
0.649353850935198,8.95128614129715,28.616096730134924
0.649353850935198,9.176284348934589,28.616096730134924
0.649353850935198,9.401282556572028,28.616096730134924
0.649353850935198,9.626280764209465,28.616096730134924
0.649353850935198,9.851278971846906,28.616096730134924
0.6998871872068623,10.076277179484343,28.616096730134924
0.884848201970821,10.301275387121782,28.616096730134924
0.884848201970821,10.526273594759221,28.616096730134924
0.884848201970821,10.75127180239666,28.616096730134924
0.884848201970821,10.976270010034098,28.616096730134924
0.884848201970821,11.201268217671537,28.616096730134924
0.884848201970821,11.426266425308976,28.616096730134924
0.884848201970821,11.651264632946415,28.616096730134924
0.884848201970821,11.876262840583854,28.616096730134924
0.884848201970821,12.101261048221293,28.616096730134924
0.884848201970821,12.32625925585873,28.616096730134924
0.884848201970821,12.551257463496169,28.616096730134924
0.884848201970821,12.776255671133608,28.616096730134924
0.884848201970821,13.001253878771047,28.616096730134924
0.5106776538457158,1.9763417045365497,29.32244857476682
0.5106776538457158,2.2013399121739883,29.32244857476682
0.5106776538457158,2.426338119811427,29.32244857476682
0.5106776538457158,2.651336327448866,29.32244857476682
0.5106776538457158,2.8763345350863045,29.32244857476682
0.5106776538457158,3.101332742723743,29.32244857476682
0.5106776538457158,3.326330950361182,29.32244857476682
0.5106776538457158,3.551329157998621,29.32244857476682
0.5106776538457158,3.7763273656360594,29.32244857476682
0.5106776538457158,4.001325573273498,29.32244857476682
0.5106776538457158,4.226323780910937,29.32244857476682
0.5106776538457158,4.451321988548376,29.32244857476682
0.5106776538457158,4.676320196185815,29.32244857476682
0.5106776538457158,4.901318403823253,29.32244857476682
0.5053765989651989,5.126316611460692,29.32244857476682
0.5053765989651989,5.35131481909813,29.32244857476682
0.5053765989651989,5.576313026735569,29.32244857476682
0.5053765989651989,5.801311234373008,29.32244857476682
0.5053765989651989,6.026309442010446,29.32244857476682
0.5053765989651989,6.251307649647885,29.32244857476682
0.5242744376761089,6.476305857285324,29.32244857476682
0.5242744376761089,6.701304064922763,29.32244857476682
0.5242744376761089,6.926302272560202,29.32244857476682
0.5242744376761089,7.15130048019764,29.32244857476682
0.5242744376761089,7.376298687835079,29.32244857476682
0.5242744376761089,7.601296895472518,29.32244857476682
0.5242744376761089,7.826295103109956,29.32244857476682
0.649353850935198,8.051293310747395,29.32244857476682
0.649353850935198,8.276291518384834,29.32244857476682
0.649353850935198,8.501289726022272,29.32244857476682
0.649353850935198,8.726287933659712,29.32244857476682
0.649353850935198,8.95128614129715,29.32244857476682
0.649353850935198,9.176284348934589,29.32244857476682
0.649353850935198,9.401282556572028,29.32244857476682
0.649353850935198,9.626280764209465,29.32244857476682
0.649353850935198,9.851278971846906,29.32244857476682
0.6998871872068623,10.076277179484343,29.32244857476682
0.884848201970821,10.301275387121782,29.32244857476682
0.884848201970821,10.526273594759221,29.32244857476682
0.884848201970821,10.75127180239666,29.32244857476682
0.884848201970821,10.976270010034098,29.32244857476682
0.884848201970821,11.201268217671537,29.32244857476682
0.884848201970821,11.426266425308976,29.32244857476682
0.884848201970821,11.651264632946415,29.32244857476682
0.884848201970821,11.876262840583854,29.32244857476682
0.884848201970821,12.101261048221293,29.32244857476682
0.884848201970821,12.32625925585873,29.32244857476682
0.884848201970821,12.551257463496169,29.32244857476682
0.884848201970821,12.776255671133608,29.32244857476682
0.884848201970821,13.001253878771047,29.32244857476682
0.626642117901805,1.9763417045365497,30.028800419398717
0.626642117901805,2.2013399121739883,30.028800419398717
0.626642117901805,2.426338119811427,30.028800419398717
0.626642117901805,2.651336327448866,30.028800419398717
0.626642117901805,2.8763345350863045,30.028800419398717
0.626642117901805,3.101332742723743,30.028800419398717
0.626642117901805,3.326330950361182,30.028800419398717
0.626642117901805,3.551329157998621,30.028800419398717
0.626642117901805,3.7763273656360594,30.028800419398717
0.626642117901805,4.001325573273498,30.028800419398717
0.626642117901805,4.226323780910937,30.028800419398717
0.626642117901805,4.451321988548376,30.028800419398717
0.626642117901805,4.676320196185815,30.028800419398717
0.626642117901805,4.901318403823253,30.028800419398717
0.6201373017375865,5.126316611460692,30.028800419398717
0.6201373017375865,5.35131481909813,30.028800419398717
0.6201373017375865,5.576313026735569,30.028800419398717
0.6201373017375865,5.801311234373008,30.028800419398717
0.6201373017375865,6.026309442010446,30.028800419398717
0.6201373017375865,6.251307649647885,30.028800419398717
0.7057794311531168,6.476305857285324,30.028800419398717
0.7057794311531168,6.701304064922763,30.028800419398717
0.7057794311531168,6.926302272560202,30.028800419398717
0.7057794311531168,7.15130048019764,30.028800419398717
0.7057794311531168,7.376298687835079,30.028800419398717
0.7057794311531168,7.601296895472518,30.028800419398717
0.7057794311531168,7.826295103109956,30.028800419398717
0.9053573434997076,8.051293310747395,30.028800419398717
0.9053573434997076,8.276291518384834,30.028800419398717
0.9053573434997076,8.501289726022272,30.028800419398717
0.9053573434997076,8.726287933659712,30.028800419398717
0.9053573434997076,8.95128614129715,30.028800419398717
0.9053573434997076,9.176284348934589,30.028800419398717
0.9053573434997076,9.401282556572028,30.028800419398717
0.9053573434997076,9.626280764209465,30.028800419398717
0.9053573434997076,9.851278971846906,30.028800419398717
0.9758131158327756,10.076277179484343,30.028800419398717
1.2336937963531707,10.301275387121782,30.028800419398717
1.2336937963531707,10.526273594759221,30.028800419398717
1.2336937963531707,10.75127180239666,30.028800419398717
1.2336937963531707,10.976270010034098,30.028800419398717
1.2336937963531707,11.201268217671537,30.028800419398717
1.2336937963531707,11.426266425308976,30.028800419398717
1.2336937963531707,11.651264632946415,30.028800419398717
1.2336937963531707,11.876262840583854,30.028800419398717
1.2336937963531707,12.101261048221293,30.028800419398717
1.2336937963531707,12.32625925585873,30.028800419398717
1.2336937963531707,12.551257463496169,30.028800419398717
1.2336937963531707,12.776255671133608,30.028800419398717
1.2336937963531707,13.001253878771047,30.028800419398717
0.626642117901805,1.9763417045365497,30.73515226403061
0.626642117901805,2.2013399121739883,30.73515226403061
0.626642117901805,2.426338119811427,30.73515226403061
0.626642117901805,2.651336327448866,30.73515226403061
0.626642117901805,2.8763345350863045,30.73515226403061
0.626642117901805,3.101332742723743,30.73515226403061
0.626642117901805,3.326330950361182,30.73515226403061
0.626642117901805,3.551329157998621,30.73515226403061
0.626642117901805,3.7763273656360594,30.73515226403061
0.626642117901805,4.001325573273498,30.73515226403061
0.626642117901805,4.226323780910937,30.73515226403061
0.626642117901805,4.451321988548376,30.73515226403061
0.626642117901805,4.676320196185815,30.73515226403061
0.626642117901805,4.901318403823253,30.73515226403061
0.6201373017375865,5.126316611460692,30.73515226403061
0.6201373017375865,5.35131481909813,30.73515226403061
0.6201373017375865,5.576313026735569,30.73515226403061
0.6201373017375865,5.801311234373008,30.73515226403061
0.6201373017375865,6.026309442010446,30.73515226403061
0.6201373017375865,6.251307649647885,30.73515226403061
0.7057794311531168,6.476305857285324,30.73515226403061
0.7057794311531168,6.701304064922763,30.73515226403061
0.7057794311531168,6.926302272560202,30.73515226403061
0.7057794311531168,7.15130048019764,30.73515226403061
0.7057794311531168,7.376298687835079,30.73515226403061
0.7057794311531168,7.601296895472518,30.73515226403061
0.7057794311531168,7.826295103109956,30.73515226403061
0.9053573434997076,8.051293310747395,30.73515226403061
0.9053573434997076,8.276291518384834,30.73515226403061
0.9053573434997076,8.501289726022272,30.73515226403061
0.9053573434997076,8.726287933659712,30.73515226403061
0.9053573434997076,8.95128614129715,30.73515226403061
0.9053573434997076,9.176284348934589,30.73515226403061
0.9053573434997076,9.401282556572028,30.73515226403061
0.9053573434997076,9.626280764209465,30.73515226403061
0.9053573434997076,9.851278971846906,30.73515226403061
0.9758131158327756,10.076277179484343,30.73515226403061
1.2336937963531707,10.301275387121782,30.73515226403061
1.2336937963531707,10.526273594759221,30.73515226403061
1.2336937963531707,10.75127180239666,30.73515226403061
1.2336937963531707,10.976270010034098,30.73515226403061
1.2336937963531707,11.201268217671537,30.73515226403061
1.2336937963531707,11.426266425308976,30.73515226403061
1.2336937963531707,11.651264632946415,30.73515226403061
1.2336937963531707,11.876262840583854,30.73515226403061
1.2336937963531707,12.101261048221293,30.73515226403061
1.2336937963531707,12.32625925585873,30.73515226403061
1.2336937963531707,12.551257463496169,30.73515226403061
1.2336937963531707,12.776255671133608,30.73515226403061
1.2336937963531707,13.001253878771047,30.73515226403061
0.626642117901805,1.9763417045365497,31.441504108662507
0.626642117901805,2.2013399121739883,31.441504108662507
0.626642117901805,2.426338119811427,31.441504108662507
0.626642117901805,2.651336327448866,31.441504108662507
0.626642117901805,2.8763345350863045,31.441504108662507
0.626642117901805,3.101332742723743,31.441504108662507
0.626642117901805,3.326330950361182,31.441504108662507
0.626642117901805,3.551329157998621,31.441504108662507
0.626642117901805,3.7763273656360594,31.441504108662507
0.626642117901805,4.001325573273498,31.441504108662507
0.626642117901805,4.226323780910937,31.441504108662507
0.626642117901805,4.451321988548376,31.441504108662507
0.626642117901805,4.676320196185815,31.441504108662507
0.626642117901805,4.901318403823253,31.441504108662507
0.6201373017375865,5.126316611460692,31.441504108662507
0.6201373017375865,5.35131481909813,31.441504108662507
0.6201373017375865,5.576313026735569,31.441504108662507
0.6201373017375865,5.801311234373008,31.441504108662507
0.6201373017375865,6.026309442010446,31.441504108662507
0.6201373017375865,6.251307649647885,31.441504108662507
0.7057794311531168,6.476305857285324,31.441504108662507
0.7057794311531168,6.701304064922763,31.441504108662507
0.7057794311531168,6.926302272560202,31.441504108662507
0.7057794311531168,7.15130048019764,31.441504108662507
0.7057794311531168,7.376298687835079,31.441504108662507
0.7057794311531168,7.601296895472518,31.441504108662507
0.7057794311531168,7.826295103109956,31.441504108662507
0.9053573434997076,8.051293310747395,31.441504108662507
0.9053573434997076,8.276291518384834,31.441504108662507
0.9053573434997076,8.501289726022272,31.441504108662507
0.9053573434997076,8.726287933659712,31.441504108662507
0.9053573434997076,8.95128614129715,31.441504108662507
0.9053573434997076,9.176284348934589,31.441504108662507
0.9053573434997076,9.401282556572028,31.441504108662507
0.9053573434997076,9.626280764209465,31.441504108662507
0.9053573434997076,9.851278971846906,31.441504108662507
0.9758131158327756,10.076277179484343,31.441504108662507
1.2336937963531707,10.301275387121782,31.441504108662507
1.2336937963531707,10.526273594759221,31.441504108662507
1.2336937963531707,10.75127180239666,31.441504108662507
1.2336937963531707,10.976270010034098,31.441504108662507
1.2336937963531707,11.201268217671537,31.441504108662507
1.2336937963531707,11.426266425308976,31.441504108662507
1.2336937963531707,11.651264632946415,31.441504108662507
1.2336937963531707,11.876262840583854,31.441504108662507
1.2336937963531707,12.101261048221293,31.441504108662507
1.2336937963531707,12.32625925585873,31.441504108662507
1.2336937963531707,12.551257463496169,31.441504108662507
1.2336937963531707,12.776255671133608,31.441504108662507
1.2336937963531707,13.001253878771047,31.441504108662507
0.626642117901805,1.9763417045365497,32.1478559532944
0.626642117901805,2.2013399121739883,32.1478559532944
0.626642117901805,2.426338119811427,32.1478559532944
0.626642117901805,2.651336327448866,32.1478559532944
0.626642117901805,2.8763345350863045,32.1478559532944
0.626642117901805,3.101332742723743,32.1478559532944
0.626642117901805,3.326330950361182,32.1478559532944
0.626642117901805,3.551329157998621,32.1478559532944
0.626642117901805,3.7763273656360594,32.1478559532944
0.626642117901805,4.001325573273498,32.1478559532944
0.626642117901805,4.226323780910937,32.1478559532944
0.626642117901805,4.451321988548376,32.1478559532944
0.626642117901805,4.676320196185815,32.1478559532944
0.626642117901805,4.901318403823253,32.1478559532944
0.6201373017375865,5.126316611460692,32.1478559532944
0.6201373017375865,5.35131481909813,32.1478559532944
0.6201373017375865,5.576313026735569,32.1478559532944
0.6201373017375865,5.801311234373008,32.1478559532944
0.6201373017375865,6.026309442010446,32.1478559532944
0.6201373017375865,6.251307649647885,32.1478559532944
0.7057794311531168,6.476305857285324,32.1478559532944
0.7057794311531168,6.701304064922763,32.1478559532944
0.7057794311531168,6.926302272560202,32.1478559532944
0.7057794311531168,7.15130048019764,32.1478559532944
0.7057794311531168,7.376298687835079,32.1478559532944
0.7057794311531168,7.601296895472518,32.1478559532944
0.7057794311531168,7.826295103109956,32.1478559532944
0.9053573434997076,8.051293310747395,32.1478559532944
0.9053573434997076,8.276291518384834,32.1478559532944
0.9053573434997076,8.501289726022272,32.1478559532944
0.9053573434997076,8.726287933659712,32.1478559532944
0.9053573434997076,8.95128614129715,32.1478559532944
0.9053573434997076,9.176284348934589,32.1478559532944
0.9053573434997076,9.401282556572028,32.1478559532944
0.9053573434997076,9.626280764209465,32.1478559532944
0.9053573434997076,9.851278971846906,32.1478559532944
0.9758131158327756,10.076277179484343,32.1478559532944
1.2336937963531707,10.301275387121782,32.1478559532944
1.2336937963531707,10.526273594759221,32.1478559532944
1.2336937963531707,10.75127180239666,32.1478559532944
1.2336937963531707,10.976270010034098,32.1478559532944
1.2336937963531707,11.201268217671537,32.1478559532944
1.2336937963531707,11.426266425308976,32.1478559532944
1.2336937963531707,11.651264632946415,32.1478559532944
1.2336937963531707,11.876262840583854,32.1478559532944
1.2336937963531707,12.101261048221293,32.1478559532944
1.2336937963531707,12.32625925585873,32.1478559532944
1.2336937963531707,12.551257463496169,32.1478559532944
1.2336937963531707,12.776255671133608,32.1478559532944
1.2336937963531707,13.001253878771047,32.1478559532944
0.626642117901805,1.9763417045365497,32.8542077979263
0.626642117901805,2.2013399121739883,32.8542077979263
0.626642117901805,2.426338119811427,32.8542077979263
0.626642117901805,2.651336327448866,32.8542077979263
0.626642117901805,2.8763345350863045,32.8542077979263
0.626642117901805,3.101332742723743,32.8542077979263
0.626642117901805,3.326330950361182,32.8542077979263
0.626642117901805,3.551329157998621,32.8542077979263
0.626642117901805,3.7763273656360594,32.8542077979263
0.626642117901805,4.001325573273498,32.8542077979263
0.626642117901805,4.226323780910937,32.8542077979263
0.626642117901805,4.451321988548376,32.8542077979263
0.626642117901805,4.676320196185815,32.8542077979263
0.626642117901805,4.901318403823253,32.8542077979263
0.6201373017375865,5.126316611460692,32.8542077979263
0.6201373017375865,5.35131481909813,32.8542077979263
0.6201373017375865,5.576313026735569,32.8542077979263
0.6201373017375865,5.801311234373008,32.8542077979263
0.6201373017375865,6.026309442010446,32.8542077979263
0.6201373017375865,6.251307649647885,32.8542077979263
0.7057794311531168,6.476305857285324,32.8542077979263
0.7057794311531168,6.701304064922763,32.8542077979263
0.7057794311531168,6.926302272560202,32.8542077979263
0.7057794311531168,7.15130048019764,32.8542077979263
0.7057794311531168,7.376298687835079,32.8542077979263
0.7057794311531168,7.601296895472518,32.8542077979263
0.7057794311531168,7.826295103109956,32.8542077979263
0.9053573434997076,8.051293310747395,32.8542077979263
0.9053573434997076,8.276291518384834,32.8542077979263
0.9053573434997076,8.501289726022272,32.8542077979263
0.9053573434997076,8.726287933659712,32.8542077979263
0.9053573434997076,8.95128614129715,32.8542077979263
0.9053573434997076,9.176284348934589,32.8542077979263
0.9053573434997076,9.401282556572028,32.8542077979263
0.9053573434997076,9.626280764209465,32.8542077979263
0.9053573434997076,9.851278971846906,32.8542077979263
0.9758131158327756,10.076277179484343,32.8542077979263
1.2336937963531707,10.301275387121782,32.8542077979263
1.2336937963531707,10.526273594759221,32.8542077979263
1.2336937963531707,10.75127180239666,32.8542077979263
1.2336937963531707,10.976270010034098,32.8542077979263
1.2336937963531707,11.201268217671537,32.8542077979263
1.2336937963531707,11.426266425308976,32.8542077979263
1.2336937963531707,11.651264632946415,32.8542077979263
1.2336937963531707,11.876262840583854,32.8542077979263
1.2336937963531707,12.101261048221293,32.8542077979263
1.2336937963531707,12.32625925585873,32.8542077979263
1.2336937963531707,12.551257463496169,32.8542077979263
1.2336937963531707,12.776255671133608,32.8542077979263
1.2336937963531707,13.001253878771047,32.8542077979263
0.626642117901805,1.9763417045365497,33.5605596425582
0.626642117901805,2.2013399121739883,33.5605596425582
0.626642117901805,2.426338119811427,33.5605596425582
0.626642117901805,2.651336327448866,33.5605596425582
0.626642117901805,2.8763345350863045,33.5605596425582
0.626642117901805,3.101332742723743,33.5605596425582
0.626642117901805,3.326330950361182,33.5605596425582
0.626642117901805,3.551329157998621,33.5605596425582
0.626642117901805,3.7763273656360594,33.5605596425582
0.626642117901805,4.001325573273498,33.5605596425582
0.626642117901805,4.226323780910937,33.5605596425582
0.626642117901805,4.451321988548376,33.5605596425582
0.626642117901805,4.676320196185815,33.5605596425582
0.626642117901805,4.901318403823253,33.5605596425582
0.6201373017375865,5.126316611460692,33.5605596425582
0.6201373017375865,5.35131481909813,33.5605596425582
0.6201373017375865,5.576313026735569,33.5605596425582
0.6201373017375865,5.801311234373008,33.5605596425582
0.6201373017375865,6.026309442010446,33.5605596425582
0.6201373017375865,6.251307649647885,33.5605596425582
0.7057794311531168,6.476305857285324,33.5605596425582
0.7057794311531168,6.701304064922763,33.5605596425582
0.7057794311531168,6.926302272560202,33.5605596425582
0.7057794311531168,7.15130048019764,33.5605596425582
0.7057794311531168,7.376298687835079,33.5605596425582
0.7057794311531168,7.601296895472518,33.5605596425582
0.7057794311531168,7.826295103109956,33.5605596425582
0.9053573434997076,8.051293310747395,33.5605596425582
0.9053573434997076,8.276291518384834,33.5605596425582
0.9053573434997076,8.501289726022272,33.5605596425582
0.9053573434997076,8.726287933659712,33.5605596425582
0.9053573434997076,8.95128614129715,33.5605596425582
0.9053573434997076,9.176284348934589,33.5605596425582
0.9053573434997076,9.401282556572028,33.5605596425582
0.9053573434997076,9.626280764209465,33.5605596425582
0.9053573434997076,9.851278971846906,33.5605596425582
0.9758131158327756,10.076277179484343,33.5605596425582
1.2336937963531707,10.301275387121782,33.5605596425582
1.2336937963531707,10.526273594759221,33.5605596425582
1.2336937963531707,10.75127180239666,33.5605596425582
1.2336937963531707,10.976270010034098,33.5605596425582
1.2336937963531707,11.201268217671537,33.5605596425582
1.2336937963531707,11.426266425308976,33.5605596425582
1.2336937963531707,11.651264632946415,33.5605596425582
1.2336937963531707,11.876262840583854,33.5605596425582
1.2336937963531707,12.101261048221293,33.5605596425582
1.2336937963531707,12.32625925585873,33.5605596425582
1.2336937963531707,12.551257463496169,33.5605596425582
1.2336937963531707,12.776255671133608,33.5605596425582
1.2336937963531707,13.001253878771047,33.5605596425582
0.5063725966256655,1.9763417045365497,34.266911487190086
0.5063725966256655,2.2013399121739883,34.266911487190086
0.5063725966256655,2.426338119811427,34.266911487190086
0.5063725966256655,2.651336327448866,34.266911487190086
0.5063725966256655,2.8763345350863045,34.266911487190086
0.5063725966256655,3.101332742723743,34.266911487190086
0.5063725966256655,3.326330950361182,34.266911487190086
0.5063725966256655,3.551329157998621,34.266911487190086
0.5063725966256655,3.7763273656360594,34.266911487190086
0.5063725966256655,4.001325573273498,34.266911487190086
0.5063725966256655,4.226323780910937,34.266911487190086
0.5063725966256655,4.451321988548376,34.266911487190086
0.5063725966256655,4.676320196185815,34.266911487190086
0.5063725966256655,4.901318403823253,34.266911487190086
0.5011162301007391,5.126316611460692,34.266911487190086
0.5011162301007391,5.35131481909813,34.266911487190086
0.5011162301007391,5.576313026735569,34.266911487190086
0.5011162301007391,5.801311234373008,34.266911487190086
0.5011162301007391,6.026309442010446,34.266911487190086
0.5011162301007391,6.251307649647885,34.266911487190086
0.5184551469988445,6.476305857285324,34.266911487190086
0.5184551469988445,6.701304064922763,34.266911487190086
0.5184551469988445,6.926302272560202,34.266911487190086
0.5184551469988445,7.15130048019764,34.266911487190086
0.5184551469988445,7.376298687835079,34.266911487190086
0.5184551469988445,7.601296895472518,34.266911487190086
0.5184551469988445,7.826295103109956,34.266911487190086
0.6415257173260105,8.051293310747395,34.266911487190086
0.6415257173260105,8.276291518384834,34.266911487190086
0.6415257173260105,8.501289726022272,34.266911487190086
0.6415257173260105,8.726287933659712,34.266911487190086
0.6415257173260105,8.95128614129715,34.266911487190086
0.6415257173260105,9.176284348934589,34.266911487190086
0.6415257173260105,9.401282556572028,34.266911487190086
0.6415257173260105,9.626280764209465,34.266911487190086
0.6415257173260105,9.851278971846906,34.266911487190086
0.6914498607708626,10.076277179484343,34.266911487190086
0.8741811212429543,10.301275387121782,34.266911487190086
0.8741811212429543,10.526273594759221,34.266911487190086
0.8741811212429543,10.75127180239666,34.266911487190086
0.8741811212429543,10.976270010034098,34.266911487190086
0.8741811212429543,11.201268217671537,34.266911487190086
0.8741811212429543,11.426266425308976,34.266911487190086
0.8741811212429543,11.651264632946415,34.266911487190086
0.8741811212429543,11.876262840583854,34.266911487190086
0.8741811212429543,12.101261048221293,34.266911487190086
0.8741811212429543,12.32625925585873,34.266911487190086
0.8741811212429543,12.551257463496169,34.266911487190086
0.8741811212429543,12.776255671133608,34.266911487190086
0.8741811212429543,13.001253878771047,34.266911487190086
0.45621418547130677,1.9763417045365497,34.97326333182198
0.45621418547130677,2.2013399121739883,34.97326333182198
0.45621418547130677,2.426338119811427,34.97326333182198
0.45621418547130677,2.651336327448866,34.97326333182198
0.45621418547130677,2.8763345350863045,34.97326333182198
0.45621418547130677,3.101332742723743,34.97326333182198
0.45621418547130677,3.326330950361182,34.97326333182198
0.45621418547130677,3.551329157998621,34.97326333182198
0.45621418547130677,3.7763273656360594,34.97326333182198
0.45621418547130677,4.001325573273498,34.97326333182198
0.45621418547130677,4.226323780910937,34.97326333182198
0.45621418547130677,4.451321988548376,34.97326333182198
0.45621418547130677,4.676320196185815,34.97326333182198
0.45621418547130677,4.901318403823253,34.97326333182198
0.4514784849442883,5.126316611460692,34.97326333182198
0.4514784849442883,5.35131481909813,34.97326333182198
0.4514784849442883,5.576313026735569,34.97326333182198
0.4514784849442883,5.801311234373008,34.97326333182198
0.4514784849442883,6.026309442010446,34.97326333182198
0.4514784849442883,6.251307649647885,34.97326333182198
0.46709990660560197,6.476305857285324,34.97326333182198
0.46709990660560197,6.701304064922763,34.97326333182198
0.46709990660560197,6.926302272560202,34.97326333182198
0.46709990660560197,7.15130048019764,34.97326333182198
0.46709990660560197,7.376298687835079,34.97326333182198
0.46709990660560197,7.601296895472518,34.97326333182198
0.46709990660560197,7.826295103109956,34.97326333182198
0.5779798009194789,8.051293310747395,34.97326333182198
0.5779798009194789,8.276291518384834,34.97326333182198
0.5779798009194789,8.501289726022272,34.97326333182198
0.5779798009194789,8.726287933659712,34.97326333182198
0.5779798009194789,8.95128614129715,34.97326333182198
0.5779798009194789,9.176284348934589,34.97326333182198
0.5779798009194789,9.401282556572028,34.97326333182198
0.5779798009194789,9.626280764209465,34.97326333182198
0.5779798009194789,9.851278971846906,34.97326333182198
0.6229587405161707,10.076277179484343,34.97326333182198
0.7875896737695507,10.301275387121782,34.97326333182198
0.7875896737695507,10.526273594759221,34.97326333182198
0.7875896737695507,10.75127180239666,34.97326333182198
0.7875896737695507,10.976270010034098,34.97326333182198
0.7875896737695507,11.201268217671537,34.97326333182198
0.7875896737695507,11.426266425308976,34.97326333182198
0.7875896737695507,11.651264632946415,34.97326333182198
0.7875896737695507,11.876262840583854,34.97326333182198
0.7875896737695507,12.101261048221293,34.97326333182198
0.7875896737695507,12.32625925585873,34.97326333182198
0.7875896737695507,12.551257463496169,34.97326333182198
0.7875896737695507,12.776255671133608,34.97326333182198
0.7875896737695507,13.001253878771047,34.97326333182198
0.45621418547130677,1.9763417045365497,35.67961517645388
0.45621418547130677,2.2013399121739883,35.67961517645388
0.45621418547130677,2.426338119811427,35.67961517645388
0.45621418547130677,2.651336327448866,35.67961517645388
0.45621418547130677,2.8763345350863045,35.67961517645388
0.45621418547130677,3.101332742723743,35.67961517645388
0.45621418547130677,3.326330950361182,35.67961517645388
0.45621418547130677,3.551329157998621,35.67961517645388
0.45621418547130677,3.7763273656360594,35.67961517645388
0.45621418547130677,4.001325573273498,35.67961517645388
0.45621418547130677,4.226323780910937,35.67961517645388
0.45621418547130677,4.451321988548376,35.67961517645388
0.45621418547130677,4.676320196185815,35.67961517645388
0.45621418547130677,4.901318403823253,35.67961517645388
0.4514784849442883,5.126316611460692,35.67961517645388
0.4514784849442883,5.35131481909813,35.67961517645388
0.4514784849442883,5.576313026735569,35.67961517645388
0.4514784849442883,5.801311234373008,35.67961517645388
0.4514784849442883,6.026309442010446,35.67961517645388
0.4514784849442883,6.251307649647885,35.67961517645388
0.46709990660560197,6.476305857285324,35.67961517645388
0.46709990660560197,6.701304064922763,35.67961517645388
0.46709990660560197,6.926302272560202,35.67961517645388
0.46709990660560197,7.15130048019764,35.67961517645388
0.46709990660560197,7.376298687835079,35.67961517645388
0.46709990660560197,7.601296895472518,35.67961517645388
0.46709990660560197,7.826295103109956,35.67961517645388
0.5779798009194789,8.051293310747395,35.67961517645388
0.5779798009194789,8.276291518384834,35.67961517645388
0.5779798009194789,8.501289726022272,35.67961517645388
0.5779798009194789,8.726287933659712,35.67961517645388
0.5779798009194789,8.95128614129715,35.67961517645388
0.5779798009194789,9.176284348934589,35.67961517645388
0.5779798009194789,9.401282556572028,35.67961517645388
0.5779798009194789,9.626280764209465,35.67961517645388
0.5779798009194789,9.851278971846906,35.67961517645388
0.6229587405161707,10.076277179484343,35.67961517645388
0.7875896737695507,10.301275387121782,35.67961517645388
0.7875896737695507,10.526273594759221,35.67961517645388
0.7875896737695507,10.75127180239666,35.67961517645388
0.7875896737695507,10.976270010034098,35.67961517645388
0.7875896737695507,11.201268217671537,35.67961517645388
0.7875896737695507,11.426266425308976,35.67961517645388
0.7875896737695507,11.651264632946415,35.67961517645388
0.7875896737695507,11.876262840583854,35.67961517645388
0.7875896737695507,12.101261048221293,35.67961517645388
0.7875896737695507,12.32625925585873,35.67961517645388
0.7875896737695507,12.551257463496169,35.67961517645388
0.7875896737695507,12.776255671133608,35.67961517645388
0.7875896737695507,13.001253878771047,35.67961517645388
0.45621418547130677,1.9763417045365497,36.385967021085776
0.45621418547130677,2.2013399121739883,36.385967021085776
0.45621418547130677,2.426338119811427,36.385967021085776
0.45621418547130677,2.651336327448866,36.385967021085776
0.45621418547130677,2.8763345350863045,36.385967021085776
0.45621418547130677,3.101332742723743,36.385967021085776
0.45621418547130677,3.326330950361182,36.385967021085776
0.45621418547130677,3.551329157998621,36.385967021085776
0.45621418547130677,3.7763273656360594,36.385967021085776
0.45621418547130677,4.001325573273498,36.385967021085776
0.45621418547130677,4.226323780910937,36.385967021085776
0.45621418547130677,4.451321988548376,36.385967021085776
0.45621418547130677,4.676320196185815,36.385967021085776
0.45621418547130677,4.901318403823253,36.385967021085776
0.4514784849442883,5.126316611460692,36.385967021085776
0.4514784849442883,5.35131481909813,36.385967021085776
0.4514784849442883,5.576313026735569,36.385967021085776
0.4514784849442883,5.801311234373008,36.385967021085776
0.4514784849442883,6.026309442010446,36.385967021085776
0.4514784849442883,6.251307649647885,36.385967021085776
0.46709990660560197,6.476305857285324,36.385967021085776
0.46709990660560197,6.701304064922763,36.385967021085776
0.46709990660560197,6.926302272560202,36.385967021085776
0.46709990660560197,7.15130048019764,36.385967021085776
0.46709990660560197,7.376298687835079,36.385967021085776
0.46709990660560197,7.601296895472518,36.385967021085776
0.46709990660560197,7.826295103109956,36.385967021085776
0.5779798009194789,8.051293310747395,36.385967021085776
0.5779798009194789,8.276291518384834,36.385967021085776
0.5779798009194789,8.501289726022272,36.385967021085776
0.5779798009194789,8.726287933659712,36.385967021085776
0.5779798009194789,8.95128614129715,36.385967021085776
0.5779798009194789,9.176284348934589,36.385967021085776
0.5779798009194789,9.401282556572028,36.385967021085776
0.5779798009194789,9.626280764209465,36.385967021085776
0.5779798009194789,9.851278971846906,36.385967021085776
0.6229587405161707,10.076277179484343,36.385967021085776
0.7875896737695507,10.301275387121782,36.385967021085776
0.7875896737695507,10.526273594759221,36.385967021085776
0.7875896737695507,10.75127180239666,36.385967021085776
0.7875896737695507,10.976270010034098,36.385967021085776
0.7875896737695507,11.201268217671537,36.385967021085776
0.7875896737695507,11.426266425308976,36.385967021085776
0.7875896737695507,11.651264632946415,36.385967021085776
0.7875896737695507,11.876262840583854,36.385967021085776
0.7875896737695507,12.101261048221293,36.385967021085776
0.7875896737695507,12.32625925585873,36.385967021085776
0.7875896737695507,12.551257463496169,36.385967021085776
0.7875896737695507,12.776255671133608,36.385967021085776
0.7875896737695507,13.001253878771047,36.385967021085776
0.45621418547130677,1.9763417045365497,37.09231886571767
0.45621418547130677,2.2013399121739883,37.09231886571767
0.45621418547130677,2.426338119811427,37.09231886571767
0.45621418547130677,2.651336327448866,37.09231886571767
0.45621418547130677,2.8763345350863045,37.09231886571767
0.45621418547130677,3.101332742723743,37.09231886571767
0.45621418547130677,3.326330950361182,37.09231886571767
0.45621418547130677,3.551329157998621,37.09231886571767
0.45621418547130677,3.7763273656360594,37.09231886571767
0.45621418547130677,4.001325573273498,37.09231886571767
0.45621418547130677,4.226323780910937,37.09231886571767
0.45621418547130677,4.451321988548376,37.09231886571767
0.45621418547130677,4.676320196185815,37.09231886571767
0.45621418547130677,4.901318403823253,37.09231886571767
0.4514784849442883,5.126316611460692,37.09231886571767
0.4514784849442883,5.35131481909813,37.09231886571767
0.4514784849442883,5.576313026735569,37.09231886571767
0.4514784849442883,5.801311234373008,37.09231886571767
0.4514784849442883,6.026309442010446,37.09231886571767
0.4514784849442883,6.251307649647885,37.09231886571767
0.46709990660560197,6.476305857285324,37.09231886571767
0.46709990660560197,6.701304064922763,37.09231886571767
0.46709990660560197,6.926302272560202,37.09231886571767
0.46709990660560197,7.15130048019764,37.09231886571767
0.46709990660560197,7.376298687835079,37.09231886571767
0.46709990660560197,7.601296895472518,37.09231886571767
0.46709990660560197,7.826295103109956,37.09231886571767
0.5779798009194789,8.051293310747395,37.09231886571767
0.5779798009194789,8.276291518384834,37.09231886571767
0.5779798009194789,8.501289726022272,37.09231886571767
0.5779798009194789,8.726287933659712,37.09231886571767
0.5779798009194789,8.95128614129715,37.09231886571767
0.5779798009194789,9.176284348934589,37.09231886571767
0.5779798009194789,9.401282556572028,37.09231886571767
0.5779798009194789,9.626280764209465,37.09231886571767
0.5779798009194789,9.851278971846906,37.09231886571767
0.6229587405161707,10.076277179484343,37.09231886571767
0.7875896737695507,10.301275387121782,37.09231886571767
0.7875896737695507,10.526273594759221,37.09231886571767
0.7875896737695507,10.75127180239666,37.09231886571767
0.7875896737695507,10.976270010034098,37.09231886571767
0.7875896737695507,11.201268217671537,37.09231886571767
0.7875896737695507,11.426266425308976,37.09231886571767
0.7875896737695507,11.651264632946415,37.09231886571767
0.7875896737695507,11.876262840583854,37.09231886571767
0.7875896737695507,12.101261048221293,37.09231886571767
0.7875896737695507,12.32625925585873,37.09231886571767
0.7875896737695507,12.551257463496169,37.09231886571767
0.7875896737695507,12.776255671133608,37.09231886571767
0.7875896737695507,13.001253878771047,37.09231886571767
0.45621418547130677,1.9763417045365497,37.79867071034957
0.45621418547130677,2.2013399121739883,37.79867071034957
0.45621418547130677,2.426338119811427,37.79867071034957
0.45621418547130677,2.651336327448866,37.79867071034957
0.45621418547130677,2.8763345350863045,37.79867071034957
0.45621418547130677,3.101332742723743,37.79867071034957
0.45621418547130677,3.326330950361182,37.79867071034957
0.45621418547130677,3.551329157998621,37.79867071034957
0.45621418547130677,3.7763273656360594,37.79867071034957
0.45621418547130677,4.001325573273498,37.79867071034957
0.45621418547130677,4.226323780910937,37.79867071034957
0.45621418547130677,4.451321988548376,37.79867071034957
0.45621418547130677,4.676320196185815,37.79867071034957
0.45621418547130677,4.901318403823253,37.79867071034957
0.4514784849442883,5.126316611460692,37.79867071034957
0.4514784849442883,5.35131481909813,37.79867071034957
0.4514784849442883,5.576313026735569,37.79867071034957
0.4514784849442883,5.801311234373008,37.79867071034957
0.4514784849442883,6.026309442010446,37.79867071034957
0.4514784849442883,6.251307649647885,37.79867071034957
0.46709990660560197,6.476305857285324,37.79867071034957
0.46709990660560197,6.701304064922763,37.79867071034957
0.46709990660560197,6.926302272560202,37.79867071034957
0.46709990660560197,7.15130048019764,37.79867071034957
0.46709990660560197,7.376298687835079,37.79867071034957
0.46709990660560197,7.601296895472518,37.79867071034957
0.46709990660560197,7.826295103109956,37.79867071034957
0.5779798009194789,8.051293310747395,37.79867071034957
0.5779798009194789,8.276291518384834,37.79867071034957
0.5779798009194789,8.501289726022272,37.79867071034957
0.5779798009194789,8.726287933659712,37.79867071034957
0.5779798009194789,8.95128614129715,37.79867071034957
0.5779798009194789,9.176284348934589,37.79867071034957
0.5779798009194789,9.401282556572028,37.79867071034957
0.5779798009194789,9.626280764209465,37.79867071034957
0.5779798009194789,9.851278971846906,37.79867071034957
0.6229587405161707,10.076277179484343,37.79867071034957
0.7875896737695507,10.301275387121782,37.79867071034957
0.7875896737695507,10.526273594759221,37.79867071034957
0.7875896737695507,10.75127180239666,37.79867071034957
0.7875896737695507,10.976270010034098,37.79867071034957
0.7875896737695507,11.201268217671537,37.79867071034957
0.7875896737695507,11.426266425308976,37.79867071034957
0.7875896737695507,11.651264632946415,37.79867071034957
0.7875896737695507,11.876262840583854,37.79867071034957
0.7875896737695507,12.101261048221293,37.79867071034957
0.7875896737695507,12.32625925585873,37.79867071034957
0.7875896737695507,12.551257463496169,37.79867071034957
0.7875896737695507,12.776255671133608,37.79867071034957
0.7875896737695507,13.001253878771047,37.79867071034957
0.45621418547130677,1.9763417045365497,38.505022554981466
0.45621418547130677,2.2013399121739883,38.505022554981466
0.45621418547130677,2.426338119811427,38.505022554981466
0.45621418547130677,2.651336327448866,38.505022554981466
0.45621418547130677,2.8763345350863045,38.505022554981466
0.45621418547130677,3.101332742723743,38.505022554981466
0.45621418547130677,3.326330950361182,38.505022554981466
0.45621418547130677,3.551329157998621,38.505022554981466
0.45621418547130677,3.7763273656360594,38.505022554981466
0.45621418547130677,4.001325573273498,38.505022554981466
0.45621418547130677,4.226323780910937,38.505022554981466
0.45621418547130677,4.451321988548376,38.505022554981466
0.45621418547130677,4.676320196185815,38.505022554981466
0.45621418547130677,4.901318403823253,38.505022554981466
0.4514784849442883,5.126316611460692,38.505022554981466
0.4514784849442883,5.35131481909813,38.505022554981466
0.4514784849442883,5.576313026735569,38.505022554981466
0.4514784849442883,5.801311234373008,38.505022554981466
0.4514784849442883,6.026309442010446,38.505022554981466
0.4514784849442883,6.251307649647885,38.505022554981466
0.46709990660560197,6.476305857285324,38.505022554981466
0.46709990660560197,6.701304064922763,38.505022554981466
0.46709990660560197,6.926302272560202,38.505022554981466
0.46709990660560197,7.15130048019764,38.505022554981466
0.46709990660560197,7.376298687835079,38.505022554981466
0.46709990660560197,7.601296895472518,38.505022554981466
0.46709990660560197,7.826295103109956,38.505022554981466
0.5779798009194789,8.051293310747395,38.505022554981466
0.5779798009194789,8.276291518384834,38.505022554981466
0.5779798009194789,8.501289726022272,38.505022554981466
0.5779798009194789,8.726287933659712,38.505022554981466
0.5779798009194789,8.95128614129715,38.505022554981466
0.5779798009194789,9.176284348934589,38.505022554981466
0.5779798009194789,9.401282556572028,38.505022554981466
0.5779798009194789,9.626280764209465,38.505022554981466
0.5779798009194789,9.851278971846906,38.505022554981466
0.6229587405161707,10.076277179484343,38.505022554981466
0.7875896737695507,10.301275387121782,38.505022554981466
0.7875896737695507,10.526273594759221,38.505022554981466
0.7875896737695507,10.75127180239666,38.505022554981466
0.7875896737695507,10.976270010034098,38.505022554981466
0.7875896737695507,11.201268217671537,38.505022554981466
0.7875896737695507,11.426266425308976,38.505022554981466
0.7875896737695507,11.651264632946415,38.505022554981466
0.7875896737695507,11.876262840583854,38.505022554981466
0.7875896737695507,12.101261048221293,38.505022554981466
0.7875896737695507,12.32625925585873,38.505022554981466
0.7875896737695507,12.551257463496169,38.505022554981466
0.7875896737695507,12.776255671133608,38.505022554981466
0.7875896737695507,13.001253878771047,38.505022554981466
0.45621418547130677,1.9763417045365497,39.21137439961336
0.45621418547130677,2.2013399121739883,39.21137439961336
0.45621418547130677,2.426338119811427,39.21137439961336
0.45621418547130677,2.651336327448866,39.21137439961336
0.45621418547130677,2.8763345350863045,39.21137439961336
0.45621418547130677,3.101332742723743,39.21137439961336
0.45621418547130677,3.326330950361182,39.21137439961336
0.45621418547130677,3.551329157998621,39.21137439961336
0.45621418547130677,3.7763273656360594,39.21137439961336
0.45621418547130677,4.001325573273498,39.21137439961336
0.45621418547130677,4.226323780910937,39.21137439961336
0.45621418547130677,4.451321988548376,39.21137439961336
0.45621418547130677,4.676320196185815,39.21137439961336
0.45621418547130677,4.901318403823253,39.21137439961336
0.4514784849442883,5.126316611460692,39.21137439961336
0.4514784849442883,5.35131481909813,39.21137439961336
0.4514784849442883,5.576313026735569,39.21137439961336
0.4514784849442883,5.801311234373008,39.21137439961336
0.4514784849442883,6.026309442010446,39.21137439961336
0.4514784849442883,6.251307649647885,39.21137439961336
0.46709990660560197,6.476305857285324,39.21137439961336
0.46709990660560197,6.701304064922763,39.21137439961336
0.46709990660560197,6.926302272560202,39.21137439961336
0.46709990660560197,7.15130048019764,39.21137439961336
0.46709990660560197,7.376298687835079,39.21137439961336
0.46709990660560197,7.601296895472518,39.21137439961336
0.46709990660560197,7.826295103109956,39.21137439961336
0.5779798009194789,8.051293310747395,39.21137439961336
0.5779798009194789,8.276291518384834,39.21137439961336
0.5779798009194789,8.501289726022272,39.21137439961336
0.5779798009194789,8.726287933659712,39.21137439961336
0.5779798009194789,8.95128614129715,39.21137439961336
0.5779798009194789,9.176284348934589,39.21137439961336
0.5779798009194789,9.401282556572028,39.21137439961336
0.5779798009194789,9.626280764209465,39.21137439961336
0.5779798009194789,9.851278971846906,39.21137439961336
0.6229587405161707,10.076277179484343,39.21137439961336
0.7875896737695507,10.301275387121782,39.21137439961336
0.7875896737695507,10.526273594759221,39.21137439961336
0.7875896737695507,10.75127180239666,39.21137439961336
0.7875896737695507,10.976270010034098,39.21137439961336
0.7875896737695507,11.201268217671537,39.21137439961336
0.7875896737695507,11.426266425308976,39.21137439961336
0.7875896737695507,11.651264632946415,39.21137439961336
0.7875896737695507,11.876262840583854,39.21137439961336
0.7875896737695507,12.101261048221293,39.21137439961336
0.7875896737695507,12.32625925585873,39.21137439961336
0.7875896737695507,12.551257463496169,39.21137439961336
0.7875896737695507,12.776255671133608,39.21137439961336
0.7875896737695507,13.001253878771047,39.21137439961336
0.6467547215864169,1.9763417045365497,39.91772624424526
0.6467547215864169,2.2013399121739883,39.91772624424526
0.6467547215864169,2.426338119811427,39.91772624424526
0.6467547215864169,2.651336327448866,39.91772624424526
0.6467547215864169,2.8763345350863045,39.91772624424526
0.6467547215864169,3.101332742723743,39.91772624424526
0.6467547215864169,3.326330950361182,39.91772624424526
0.6467547215864169,3.551329157998621,39.91772624424526
0.6467547215864169,3.7763273656360594,39.91772624424526
0.6467547215864169,4.001325573273498,39.91772624424526
0.6467547215864169,4.226323780910937,39.91772624424526
0.6467547215864169,4.451321988548376,39.91772624424526
0.6467547215864169,4.676320196185815,39.91772624424526
0.6467547215864169,4.901318403823253,39.91772624424526
0.6400411278986093,5.126316611460692,39.91772624424526
0.6400411278986093,5.35131481909813,39.91772624424526
0.6400411278986093,5.576313026735569,39.91772624424526
0.6400411278986093,5.801311234373008,39.91772624424526
0.6400411278986093,6.026309442010446,39.91772624424526
0.6400411278986093,6.251307649647885,39.91772624424526
0.6621869281369545,6.476305857285324,39.91772624424526
0.6621869281369545,6.701304064922763,39.91772624424526
0.6621869281369545,6.926302272560202,39.91772624424526
0.6621869281369545,7.15130048019764,39.91772624424526
0.6621869281369545,7.376298687835079,39.91772624424526
0.6621869281369545,7.601296895472518,39.91772624424526
0.6621869281369545,7.826295103109956,39.91772624424526
0.8193764620450643,8.051293310747395,39.91772624424526
0.8193764620450643,8.276291518384834,39.91772624424526
0.8193764620450643,8.501289726022272,39.91772624424526
0.8193764620450643,8.726287933659712,39.91772624424526
0.8193764620450643,8.95128614129715,39.91772624424526
0.8193764620450643,9.176284348934589,39.91772624424526
0.8193764620450643,9.401282556572028,39.91772624424526
0.8193764620450643,9.626280764209465,39.91772624424526
0.8193764620450643,9.851278971846906,39.91772624424526
0.8831411201432295,10.076277179484343,39.91772624424526
1.1165311303438183,10.301275387121782,39.91772624424526
1.1165311303438183,10.526273594759221,39.91772624424526
1.1165311303438183,10.75127180239666,39.91772624424526
1.1165311303438183,10.976270010034098,39.91772624424526
1.1165311303438183,11.201268217671537,39.91772624424526
1.1165311303438183,11.426266425308976,39.91772624424526
1.1165311303438183,11.651264632946415,39.91772624424526
1.1165311303438183,11.876262840583854,39.91772624424526
1.1165311303438183,12.101261048221293,39.91772624424526
1.1165311303438183,12.32625925585873,39.91772624424526
1.1165311303438183,12.551257463496169,39.91772624424526
1.1165311303438183,12.776255671133608,39.91772624424526
1.1165311303438183,13.001253878771047,39.91772624424526
0.6467547215864169,1.9763417045365497,40.624078088877155
0.6467547215864169,2.2013399121739883,40.624078088877155
0.6467547215864169,2.426338119811427,40.624078088877155
0.6467547215864169,2.651336327448866,40.624078088877155
0.6467547215864169,2.8763345350863045,40.624078088877155
0.6467547215864169,3.101332742723743,40.624078088877155
0.6467547215864169,3.326330950361182,40.624078088877155
0.6467547215864169,3.551329157998621,40.624078088877155
0.6467547215864169,3.7763273656360594,40.624078088877155
0.6467547215864169,4.001325573273498,40.624078088877155
0.6467547215864169,4.226323780910937,40.624078088877155
0.6467547215864169,4.451321988548376,40.624078088877155
0.6467547215864169,4.676320196185815,40.624078088877155
0.6467547215864169,4.901318403823253,40.624078088877155
0.6400411278986093,5.126316611460692,40.624078088877155
0.6400411278986093,5.35131481909813,40.624078088877155
0.6400411278986093,5.576313026735569,40.624078088877155
0.6400411278986093,5.801311234373008,40.624078088877155
0.6400411278986093,6.026309442010446,40.624078088877155
0.6400411278986093,6.251307649647885,40.624078088877155
0.6621869281369545,6.476305857285324,40.624078088877155
0.6621869281369545,6.701304064922763,40.624078088877155
0.6621869281369545,6.926302272560202,40.624078088877155
0.6621869281369545,7.15130048019764,40.624078088877155
0.6621869281369545,7.376298687835079,40.624078088877155
0.6621869281369545,7.601296895472518,40.624078088877155
0.6621869281369545,7.826295103109956,40.624078088877155
0.8193764620450643,8.051293310747395,40.624078088877155
0.8193764620450643,8.276291518384834,40.624078088877155
0.8193764620450643,8.501289726022272,40.624078088877155
0.8193764620450643,8.726287933659712,40.624078088877155
0.8193764620450643,8.95128614129715,40.624078088877155
0.8193764620450643,9.176284348934589,40.624078088877155
0.8193764620450643,9.401282556572028,40.624078088877155
0.8193764620450643,9.626280764209465,40.624078088877155
0.8193764620450643,9.851278971846906,40.624078088877155
0.8831411201432295,10.076277179484343,40.624078088877155
1.1165311303438183,10.301275387121782,40.624078088877155
1.1165311303438183,10.526273594759221,40.624078088877155
1.1165311303438183,10.75127180239666,40.624078088877155
1.1165311303438183,10.976270010034098,40.624078088877155
1.1165311303438183,11.201268217671537,40.624078088877155
1.1165311303438183,11.426266425308976,40.624078088877155
1.1165311303438183,11.651264632946415,40.624078088877155
1.1165311303438183,11.876262840583854,40.624078088877155
1.1165311303438183,12.101261048221293,40.624078088877155
1.1165311303438183,12.32625925585873,40.624078088877155
1.1165311303438183,12.551257463496169,40.624078088877155
1.1165311303438183,12.776255671133608,40.624078088877155
1.1165311303438183,13.001253878771047,40.624078088877155
0.6467547215864169,1.9763417045365497,41.33042993350905
0.6467547215864169,2.2013399121739883,41.33042993350905
0.6467547215864169,2.426338119811427,41.33042993350905
0.6467547215864169,2.651336327448866,41.33042993350905
0.6467547215864169,2.8763345350863045,41.33042993350905
0.6467547215864169,3.101332742723743,41.33042993350905
0.6467547215864169,3.326330950361182,41.33042993350905
0.6467547215864169,3.551329157998621,41.33042993350905
0.6467547215864169,3.7763273656360594,41.33042993350905
0.6467547215864169,4.001325573273498,41.33042993350905
0.6467547215864169,4.226323780910937,41.33042993350905
0.6467547215864169,4.451321988548376,41.33042993350905
0.6467547215864169,4.676320196185815,41.33042993350905
0.6467547215864169,4.901318403823253,41.33042993350905
0.6400411278986093,5.126316611460692,41.33042993350905
0.6400411278986093,5.35131481909813,41.33042993350905
0.6400411278986093,5.576313026735569,41.33042993350905
0.6400411278986093,5.801311234373008,41.33042993350905
0.6400411278986093,6.026309442010446,41.33042993350905
0.6400411278986093,6.251307649647885,41.33042993350905
0.6621869281369545,6.476305857285324,41.33042993350905
0.6621869281369545,6.701304064922763,41.33042993350905
0.6621869281369545,6.926302272560202,41.33042993350905
0.6621869281369545,7.15130048019764,41.33042993350905
0.6621869281369545,7.376298687835079,41.33042993350905
0.6621869281369545,7.601296895472518,41.33042993350905
0.6621869281369545,7.826295103109956,41.33042993350905
0.8193764620450643,8.051293310747395,41.33042993350905
0.8193764620450643,8.276291518384834,41.33042993350905
0.8193764620450643,8.501289726022272,41.33042993350905
0.8193764620450643,8.726287933659712,41.33042993350905
0.8193764620450643,8.95128614129715,41.33042993350905
0.8193764620450643,9.176284348934589,41.33042993350905
0.8193764620450643,9.401282556572028,41.33042993350905
0.8193764620450643,9.626280764209465,41.33042993350905
0.8193764620450643,9.851278971846906,41.33042993350905
0.8831411201432295,10.076277179484343,41.33042993350905
1.1165311303438183,10.301275387121782,41.33042993350905
1.1165311303438183,10.526273594759221,41.33042993350905
1.1165311303438183,10.75127180239666,41.33042993350905
1.1165311303438183,10.976270010034098,41.33042993350905
1.1165311303438183,11.201268217671537,41.33042993350905
1.1165311303438183,11.426266425308976,41.33042993350905
1.1165311303438183,11.651264632946415,41.33042993350905
1.1165311303438183,11.876262840583854,41.33042993350905
1.1165311303438183,12.101261048221293,41.33042993350905
1.1165311303438183,12.32625925585873,41.33042993350905
1.1165311303438183,12.551257463496169,41.33042993350905
1.1165311303438183,12.776255671133608,41.33042993350905
1.1165311303438183,13.001253878771047,41.33042993350905
0.6467547215864169,1.9763417045365497,42.03678177814094
0.6467547215864169,2.2013399121739883,42.03678177814094
0.6467547215864169,2.426338119811427,42.03678177814094
0.6467547215864169,2.651336327448866,42.03678177814094
0.6467547215864169,2.8763345350863045,42.03678177814094
0.6467547215864169,3.101332742723743,42.03678177814094
0.6467547215864169,3.326330950361182,42.03678177814094
0.6467547215864169,3.551329157998621,42.03678177814094
0.6467547215864169,3.7763273656360594,42.03678177814094
0.6467547215864169,4.001325573273498,42.03678177814094
0.6467547215864169,4.226323780910937,42.03678177814094
0.6467547215864169,4.451321988548376,42.03678177814094
0.6467547215864169,4.676320196185815,42.03678177814094
0.6467547215864169,4.901318403823253,42.03678177814094
0.6400411278986093,5.126316611460692,42.03678177814094
0.6400411278986093,5.35131481909813,42.03678177814094
0.6400411278986093,5.576313026735569,42.03678177814094
0.6400411278986093,5.801311234373008,42.03678177814094
0.6400411278986093,6.026309442010446,42.03678177814094
0.6400411278986093,6.251307649647885,42.03678177814094
0.6621869281369545,6.476305857285324,42.03678177814094
0.6621869281369545,6.701304064922763,42.03678177814094
0.6621869281369545,6.926302272560202,42.03678177814094
0.6621869281369545,7.15130048019764,42.03678177814094
0.6621869281369545,7.376298687835079,42.03678177814094
0.6621869281369545,7.601296895472518,42.03678177814094
0.6621869281369545,7.826295103109956,42.03678177814094
0.8193764620450643,8.051293310747395,42.03678177814094
0.8193764620450643,8.276291518384834,42.03678177814094
0.8193764620450643,8.501289726022272,42.03678177814094
0.8193764620450643,8.726287933659712,42.03678177814094
0.8193764620450643,8.95128614129715,42.03678177814094
0.8193764620450643,9.176284348934589,42.03678177814094
0.8193764620450643,9.401282556572028,42.03678177814094
0.8193764620450643,9.626280764209465,42.03678177814094
0.8193764620450643,9.851278971846906,42.03678177814094
0.8831411201432295,10.076277179484343,42.03678177814094
1.1165311303438183,10.301275387121782,42.03678177814094
1.1165311303438183,10.526273594759221,42.03678177814094
1.1165311303438183,10.75127180239666,42.03678177814094
1.1165311303438183,10.976270010034098,42.03678177814094
1.1165311303438183,11.201268217671537,42.03678177814094
1.1165311303438183,11.426266425308976,42.03678177814094
1.1165311303438183,11.651264632946415,42.03678177814094
1.1165311303438183,11.876262840583854,42.03678177814094
1.1165311303438183,12.101261048221293,42.03678177814094
1.1165311303438183,12.32625925585873,42.03678177814094
1.1165311303438183,12.551257463496169,42.03678177814094
1.1165311303438183,12.776255671133608,42.03678177814094
1.1165311303438183,13.001253878771047,42.03678177814094
0.6467547215864169,1.9763417045365497,42.74313362277284
0.6467547215864169,2.2013399121739883,42.74313362277284
0.6467547215864169,2.426338119811427,42.74313362277284
0.6467547215864169,2.651336327448866,42.74313362277284
0.6467547215864169,2.8763345350863045,42.74313362277284
0.6467547215864169,3.101332742723743,42.74313362277284
0.6467547215864169,3.326330950361182,42.74313362277284
0.6467547215864169,3.551329157998621,42.74313362277284
0.6467547215864169,3.7763273656360594,42.74313362277284
0.6467547215864169,4.001325573273498,42.74313362277284
0.6467547215864169,4.226323780910937,42.74313362277284
0.6467547215864169,4.451321988548376,42.74313362277284
0.6467547215864169,4.676320196185815,42.74313362277284
0.6467547215864169,4.901318403823253,42.74313362277284
0.6400411278986093,5.126316611460692,42.74313362277284
0.6400411278986093,5.35131481909813,42.74313362277284
0.6400411278986093,5.576313026735569,42.74313362277284
0.6400411278986093,5.801311234373008,42.74313362277284
0.6400411278986093,6.026309442010446,42.74313362277284
0.6400411278986093,6.251307649647885,42.74313362277284
0.6621869281369545,6.476305857285324,42.74313362277284
0.6621869281369545,6.701304064922763,42.74313362277284
0.6621869281369545,6.926302272560202,42.74313362277284
0.6621869281369545,7.15130048019764,42.74313362277284
0.6621869281369545,7.376298687835079,42.74313362277284
0.6621869281369545,7.601296895472518,42.74313362277284
0.6621869281369545,7.826295103109956,42.74313362277284
0.8193764620450643,8.051293310747395,42.74313362277284
0.8193764620450643,8.276291518384834,42.74313362277284
0.8193764620450643,8.501289726022272,42.74313362277284
0.8193764620450643,8.726287933659712,42.74313362277284
0.8193764620450643,8.95128614129715,42.74313362277284
0.8193764620450643,9.176284348934589,42.74313362277284
0.8193764620450643,9.401282556572028,42.74313362277284
0.8193764620450643,9.626280764209465,42.74313362277284
0.8193764620450643,9.851278971846906,42.74313362277284
0.8831411201432295,10.076277179484343,42.74313362277284
1.1165311303438183,10.301275387121782,42.74313362277284
1.1165311303438183,10.526273594759221,42.74313362277284
1.1165311303438183,10.75127180239666,42.74313362277284
1.1165311303438183,10.976270010034098,42.74313362277284
1.1165311303438183,11.201268217671537,42.74313362277284
1.1165311303438183,11.426266425308976,42.74313362277284
1.1165311303438183,11.651264632946415,42.74313362277284
1.1165311303438183,11.876262840583854,42.74313362277284
1.1165311303438183,12.101261048221293,42.74313362277284
1.1165311303438183,12.32625925585873,42.74313362277284
1.1165311303438183,12.551257463496169,42.74313362277284
1.1165311303438183,12.776255671133608,42.74313362277284
1.1165311303438183,13.001253878771047,42.74313362277284
0.6467547215864169,1.9763417045365497,43.449485467404735
0.6467547215864169,2.2013399121739883,43.449485467404735
0.6467547215864169,2.426338119811427,43.449485467404735
0.6467547215864169,2.651336327448866,43.449485467404735
0.6467547215864169,2.8763345350863045,43.449485467404735
0.6467547215864169,3.101332742723743,43.449485467404735
0.6467547215864169,3.326330950361182,43.449485467404735
0.6467547215864169,3.551329157998621,43.449485467404735
0.6467547215864169,3.7763273656360594,43.449485467404735
0.6467547215864169,4.001325573273498,43.449485467404735
0.6467547215864169,4.226323780910937,43.449485467404735
0.6467547215864169,4.451321988548376,43.449485467404735
0.6467547215864169,4.676320196185815,43.449485467404735
0.6467547215864169,4.901318403823253,43.449485467404735
0.6400411278986093,5.126316611460692,43.449485467404735
0.6400411278986093,5.35131481909813,43.449485467404735
0.6400411278986093,5.576313026735569,43.449485467404735
0.6400411278986093,5.801311234373008,43.449485467404735
0.6400411278986093,6.026309442010446,43.449485467404735
0.6400411278986093,6.251307649647885,43.449485467404735
0.6621869281369545,6.476305857285324,43.449485467404735
0.6621869281369545,6.701304064922763,43.449485467404735
0.6621869281369545,6.926302272560202,43.449485467404735
0.6621869281369545,7.15130048019764,43.449485467404735
0.6621869281369545,7.376298687835079,43.449485467404735
0.6621869281369545,7.601296895472518,43.449485467404735
0.6621869281369545,7.826295103109956,43.449485467404735
0.8193764620450643,8.051293310747395,43.449485467404735
0.8193764620450643,8.276291518384834,43.449485467404735
0.8193764620450643,8.501289726022272,43.449485467404735
0.8193764620450643,8.726287933659712,43.449485467404735
0.8193764620450643,8.95128614129715,43.449485467404735
0.8193764620450643,9.176284348934589,43.449485467404735
0.8193764620450643,9.401282556572028,43.449485467404735
0.8193764620450643,9.626280764209465,43.449485467404735
0.8193764620450643,9.851278971846906,43.449485467404735
0.8831411201432295,10.076277179484343,43.449485467404735
1.1165311303438183,10.301275387121782,43.449485467404735
1.1165311303438183,10.526273594759221,43.449485467404735
1.1165311303438183,10.75127180239666,43.449485467404735
1.1165311303438183,10.976270010034098,43.449485467404735
1.1165311303438183,11.201268217671537,43.449485467404735
1.1165311303438183,11.426266425308976,43.449485467404735
1.1165311303438183,11.651264632946415,43.449485467404735
1.1165311303438183,11.876262840583854,43.449485467404735
1.1165311303438183,12.101261048221293,43.449485467404735
1.1165311303438183,12.32625925585873,43.449485467404735
1.1165311303438183,12.551257463496169,43.449485467404735
1.1165311303438183,12.776255671133608,43.449485467404735
1.1165311303438183,13.001253878771047,43.449485467404735
0.6467547215864169,1.9763417045365497,44.15583731203663
0.6467547215864169,2.2013399121739883,44.15583731203663
0.6467547215864169,2.426338119811427,44.15583731203663
0.6467547215864169,2.651336327448866,44.15583731203663
0.6467547215864169,2.8763345350863045,44.15583731203663
0.6467547215864169,3.101332742723743,44.15583731203663
0.6467547215864169,3.326330950361182,44.15583731203663
0.6467547215864169,3.551329157998621,44.15583731203663
0.6467547215864169,3.7763273656360594,44.15583731203663
0.6467547215864169,4.001325573273498,44.15583731203663
0.6467547215864169,4.226323780910937,44.15583731203663
0.6467547215864169,4.451321988548376,44.15583731203663
0.6467547215864169,4.676320196185815,44.15583731203663
0.6467547215864169,4.901318403823253,44.15583731203663
0.6400411278986093,5.126316611460692,44.15583731203663
0.6400411278986093,5.35131481909813,44.15583731203663
0.6400411278986093,5.576313026735569,44.15583731203663
0.6400411278986093,5.801311234373008,44.15583731203663
0.6400411278986093,6.026309442010446,44.15583731203663
0.6400411278986093,6.251307649647885,44.15583731203663
0.6621869281369545,6.476305857285324,44.15583731203663
0.6621869281369545,6.701304064922763,44.15583731203663
0.6621869281369545,6.926302272560202,44.15583731203663
0.6621869281369545,7.15130048019764,44.15583731203663
0.6621869281369545,7.376298687835079,44.15583731203663
0.6621869281369545,7.601296895472518,44.15583731203663
0.6621869281369545,7.826295103109956,44.15583731203663
0.8193764620450643,8.051293310747395,44.15583731203663
0.8193764620450643,8.276291518384834,44.15583731203663
0.8193764620450643,8.501289726022272,44.15583731203663
0.8193764620450643,8.726287933659712,44.15583731203663
0.8193764620450643,8.95128614129715,44.15583731203663
0.8193764620450643,9.176284348934589,44.15583731203663
0.8193764620450643,9.401282556572028,44.15583731203663
0.8193764620450643,9.626280764209465,44.15583731203663
0.8193764620450643,9.851278971846906,44.15583731203663
0.8831411201432295,10.076277179484343,44.15583731203663
1.1165311303438183,10.301275387121782,44.15583731203663
1.1165311303438183,10.526273594759221,44.15583731203663
1.1165311303438183,10.75127180239666,44.15583731203663
1.1165311303438183,10.976270010034098,44.15583731203663
1.1165311303438183,11.201268217671537,44.15583731203663
1.1165311303438183,11.426266425308976,44.15583731203663
1.1165311303438183,11.651264632946415,44.15583731203663
1.1165311303438183,11.876262840583854,44.15583731203663
1.1165311303438183,12.101261048221293,44.15583731203663
1.1165311303438183,12.32625925585873,44.15583731203663
1.1165311303438183,12.551257463496169,44.15583731203663
1.1165311303438183,12.776255671133608,44.15583731203663
1.1165311303438183,13.001253878771047,44.15583731203663
0.6467547215864169,1.9763417045365497,44.86218915666853
0.6467547215864169,2.2013399121739883,44.86218915666853
0.6467547215864169,2.426338119811427,44.86218915666853
0.6467547215864169,2.651336327448866,44.86218915666853
0.6467547215864169,2.8763345350863045,44.86218915666853
0.6467547215864169,3.101332742723743,44.86218915666853
0.6467547215864169,3.326330950361182,44.86218915666853
0.6467547215864169,3.551329157998621,44.86218915666853
0.6467547215864169,3.7763273656360594,44.86218915666853
0.6467547215864169,4.001325573273498,44.86218915666853
0.6467547215864169,4.226323780910937,44.86218915666853
0.6467547215864169,4.451321988548376,44.86218915666853
0.6467547215864169,4.676320196185815,44.86218915666853
0.6467547215864169,4.901318403823253,44.86218915666853
0.6400411278986093,5.126316611460692,44.86218915666853
0.6400411278986093,5.35131481909813,44.86218915666853
0.6400411278986093,5.576313026735569,44.86218915666853
0.6400411278986093,5.801311234373008,44.86218915666853
0.6400411278986093,6.026309442010446,44.86218915666853
0.6400411278986093,6.251307649647885,44.86218915666853
0.6621869281369545,6.476305857285324,44.86218915666853
0.6621869281369545,6.701304064922763,44.86218915666853
0.6621869281369545,6.926302272560202,44.86218915666853
0.6621869281369545,7.15130048019764,44.86218915666853
0.6621869281369545,7.376298687835079,44.86218915666853
0.6621869281369545,7.601296895472518,44.86218915666853
0.6621869281369545,7.826295103109956,44.86218915666853
0.8193764620450643,8.051293310747395,44.86218915666853
0.8193764620450643,8.276291518384834,44.86218915666853
0.8193764620450643,8.501289726022272,44.86218915666853
0.8193764620450643,8.726287933659712,44.86218915666853
0.8193764620450643,8.95128614129715,44.86218915666853
0.8193764620450643,9.176284348934589,44.86218915666853
0.8193764620450643,9.401282556572028,44.86218915666853
0.8193764620450643,9.626280764209465,44.86218915666853
0.8193764620450643,9.851278971846906,44.86218915666853
0.8831411201432295,10.076277179484343,44.86218915666853
1.1165311303438183,10.301275387121782,44.86218915666853
1.1165311303438183,10.526273594759221,44.86218915666853
1.1165311303438183,10.75127180239666,44.86218915666853
1.1165311303438183,10.976270010034098,44.86218915666853
1.1165311303438183,11.201268217671537,44.86218915666853
1.1165311303438183,11.426266425308976,44.86218915666853
1.1165311303438183,11.651264632946415,44.86218915666853
1.1165311303438183,11.876262840583854,44.86218915666853
1.1165311303438183,12.101261048221293,44.86218915666853
1.1165311303438183,12.32625925585873,44.86218915666853
1.1165311303438183,12.551257463496169,44.86218915666853
1.1165311303438183,12.776255671133608,44.86218915666853
1.1165311303438183,13.001253878771047,44.86218915666853
0.6467547215864169,1.9763417045365497,45.56854100130042
0.6467547215864169,2.2013399121739883,45.56854100130042
0.6467547215864169,2.426338119811427,45.56854100130042
0.6467547215864169,2.651336327448866,45.56854100130042
0.6467547215864169,2.8763345350863045,45.56854100130042
0.6467547215864169,3.101332742723743,45.56854100130042
0.6467547215864169,3.326330950361182,45.56854100130042
0.6467547215864169,3.551329157998621,45.56854100130042
0.6467547215864169,3.7763273656360594,45.56854100130042
0.6467547215864169,4.001325573273498,45.56854100130042
0.6467547215864169,4.226323780910937,45.56854100130042
0.6467547215864169,4.451321988548376,45.56854100130042
0.6467547215864169,4.676320196185815,45.56854100130042
0.6467547215864169,4.901318403823253,45.56854100130042
0.6400411278986093,5.126316611460692,45.56854100130042
0.6400411278986093,5.35131481909813,45.56854100130042
0.6400411278986093,5.576313026735569,45.56854100130042
0.6400411278986093,5.801311234373008,45.56854100130042
0.6400411278986093,6.026309442010446,45.56854100130042
0.6400411278986093,6.251307649647885,45.56854100130042
0.6621869281369545,6.476305857285324,45.56854100130042
0.6621869281369545,6.701304064922763,45.56854100130042
0.6621869281369545,6.926302272560202,45.56854100130042
0.6621869281369545,7.15130048019764,45.56854100130042
0.6621869281369545,7.376298687835079,45.56854100130042
0.6621869281369545,7.601296895472518,45.56854100130042
0.6621869281369545,7.826295103109956,45.56854100130042
0.8193764620450643,8.051293310747395,45.56854100130042
0.8193764620450643,8.276291518384834,45.56854100130042
0.8193764620450643,8.501289726022272,45.56854100130042
0.8193764620450643,8.726287933659712,45.56854100130042
0.8193764620450643,8.95128614129715,45.56854100130042
0.8193764620450643,9.176284348934589,45.56854100130042
0.8193764620450643,9.401282556572028,45.56854100130042
0.8193764620450643,9.626280764209465,45.56854100130042
0.8193764620450643,9.851278971846906,45.56854100130042
0.8831411201432295,10.076277179484343,45.56854100130042
1.1165311303438183,10.301275387121782,45.56854100130042
1.1165311303438183,10.526273594759221,45.56854100130042
1.1165311303438183,10.75127180239666,45.56854100130042
1.1165311303438183,10.976270010034098,45.56854100130042
1.1165311303438183,11.201268217671537,45.56854100130042
1.1165311303438183,11.426266425308976,45.56854100130042
1.1165311303438183,11.651264632946415,45.56854100130042
1.1165311303438183,11.876262840583854,45.56854100130042
1.1165311303438183,12.101261048221293,45.56854100130042
1.1165311303438183,12.32625925585873,45.56854100130042
1.1165311303438183,12.551257463496169,45.56854100130042
1.1165311303438183,12.776255671133608,45.56854100130042
1.1165311303438183,13.001253878771047,45.56854100130042
0.6467547215864169,1.9763417045365497,46.274892845932314
0.6467547215864169,2.2013399121739883,46.274892845932314
0.6467547215864169,2.426338119811427,46.274892845932314
0.6467547215864169,2.651336327448866,46.274892845932314
0.6467547215864169,2.8763345350863045,46.274892845932314
0.6467547215864169,3.101332742723743,46.274892845932314
0.6467547215864169,3.326330950361182,46.274892845932314
0.6467547215864169,3.551329157998621,46.274892845932314
0.6467547215864169,3.7763273656360594,46.274892845932314
0.6467547215864169,4.001325573273498,46.274892845932314
0.6467547215864169,4.226323780910937,46.274892845932314
0.6467547215864169,4.451321988548376,46.274892845932314
0.6467547215864169,4.676320196185815,46.274892845932314
0.6467547215864169,4.901318403823253,46.274892845932314
0.6400411278986093,5.126316611460692,46.274892845932314
0.6400411278986093,5.35131481909813,46.274892845932314
0.6400411278986093,5.576313026735569,46.274892845932314
0.6400411278986093,5.801311234373008,46.274892845932314
0.6400411278986093,6.026309442010446,46.274892845932314
0.6400411278986093,6.251307649647885,46.274892845932314
0.6621869281369545,6.476305857285324,46.274892845932314
0.6621869281369545,6.701304064922763,46.274892845932314
0.6621869281369545,6.926302272560202,46.274892845932314
0.6621869281369545,7.15130048019764,46.274892845932314
0.6621869281369545,7.376298687835079,46.274892845932314
0.6621869281369545,7.601296895472518,46.274892845932314
0.6621869281369545,7.826295103109956,46.274892845932314
0.8193764620450643,8.051293310747395,46.274892845932314
0.8193764620450643,8.276291518384834,46.274892845932314
0.8193764620450643,8.501289726022272,46.274892845932314
0.8193764620450643,8.726287933659712,46.274892845932314
0.8193764620450643,8.95128614129715,46.274892845932314
0.8193764620450643,9.176284348934589,46.274892845932314
0.8193764620450643,9.401282556572028,46.274892845932314
0.8193764620450643,9.626280764209465,46.274892845932314
0.8193764620450643,9.851278971846906,46.274892845932314
0.8831411201432295,10.076277179484343,46.274892845932314
1.1165311303438183,10.301275387121782,46.274892845932314
1.1165311303438183,10.526273594759221,46.274892845932314
1.1165311303438183,10.75127180239666,46.274892845932314
1.1165311303438183,10.976270010034098,46.274892845932314
1.1165311303438183,11.201268217671537,46.274892845932314
1.1165311303438183,11.426266425308976,46.274892845932314
1.1165311303438183,11.651264632946415,46.274892845932314
1.1165311303438183,11.876262840583854,46.274892845932314
1.1165311303438183,12.101261048221293,46.274892845932314
1.1165311303438183,12.32625925585873,46.274892845932314
1.1165311303438183,12.551257463496169,46.274892845932314
1.1165311303438183,12.776255671133608,46.274892845932314
1.1165311303438183,13.001253878771047,46.274892845932314
0.6467547215864169,1.9763417045365497,46.98124469056421
0.6467547215864169,2.2013399121739883,46.98124469056421
0.6467547215864169,2.426338119811427,46.98124469056421
0.6467547215864169,2.651336327448866,46.98124469056421
0.6467547215864169,2.8763345350863045,46.98124469056421
0.6467547215864169,3.101332742723743,46.98124469056421
0.6467547215864169,3.326330950361182,46.98124469056421
0.6467547215864169,3.551329157998621,46.98124469056421
0.6467547215864169,3.7763273656360594,46.98124469056421
0.6467547215864169,4.001325573273498,46.98124469056421
0.6467547215864169,4.226323780910937,46.98124469056421
0.6467547215864169,4.451321988548376,46.98124469056421
0.6467547215864169,4.676320196185815,46.98124469056421
0.6467547215864169,4.901318403823253,46.98124469056421
0.6400411278986093,5.126316611460692,46.98124469056421
0.6400411278986093,5.35131481909813,46.98124469056421
0.6400411278986093,5.576313026735569,46.98124469056421
0.6400411278986093,5.801311234373008,46.98124469056421
0.6400411278986093,6.026309442010446,46.98124469056421
0.6400411278986093,6.251307649647885,46.98124469056421
0.6621869281369545,6.476305857285324,46.98124469056421
0.6621869281369545,6.701304064922763,46.98124469056421
0.6621869281369545,6.926302272560202,46.98124469056421
0.6621869281369545,7.15130048019764,46.98124469056421
0.6621869281369545,7.376298687835079,46.98124469056421
0.6621869281369545,7.601296895472518,46.98124469056421
0.6621869281369545,7.826295103109956,46.98124469056421
0.8193764620450643,8.051293310747395,46.98124469056421
0.8193764620450643,8.276291518384834,46.98124469056421
0.8193764620450643,8.501289726022272,46.98124469056421
0.8193764620450643,8.726287933659712,46.98124469056421
0.8193764620450643,8.95128614129715,46.98124469056421
0.8193764620450643,9.176284348934589,46.98124469056421
0.8193764620450643,9.401282556572028,46.98124469056421
0.8193764620450643,9.626280764209465,46.98124469056421
0.8193764620450643,9.851278971846906,46.98124469056421
0.8831411201432295,10.076277179484343,46.98124469056421
1.1165311303438183,10.301275387121782,46.98124469056421
1.1165311303438183,10.526273594759221,46.98124469056421
1.1165311303438183,10.75127180239666,46.98124469056421
1.1165311303438183,10.976270010034098,46.98124469056421
1.1165311303438183,11.201268217671537,46.98124469056421
1.1165311303438183,11.426266425308976,46.98124469056421
1.1165311303438183,11.651264632946415,46.98124469056421
1.1165311303438183,11.876262840583854,46.98124469056421
1.1165311303438183,12.101261048221293,46.98124469056421
1.1165311303438183,12.32625925585873,46.98124469056421
1.1165311303438183,12.551257463496169,46.98124469056421
1.1165311303438183,12.776255671133608,46.98124469056421
1.1165311303438183,13.001253878771047,46.98124469056421
0.6467547215864169,1.9763417045365497,47.68759653519611
0.6467547215864169,2.2013399121739883,47.68759653519611
0.6467547215864169,2.426338119811427,47.68759653519611
0.6467547215864169,2.651336327448866,47.68759653519611
0.6467547215864169,2.8763345350863045,47.68759653519611
0.6467547215864169,3.101332742723743,47.68759653519611
0.6467547215864169,3.326330950361182,47.68759653519611
0.6467547215864169,3.551329157998621,47.68759653519611
0.6467547215864169,3.7763273656360594,47.68759653519611
0.6467547215864169,4.001325573273498,47.68759653519611
0.6467547215864169,4.226323780910937,47.68759653519611
0.6467547215864169,4.451321988548376,47.68759653519611
0.6467547215864169,4.676320196185815,47.68759653519611
0.6467547215864169,4.901318403823253,47.68759653519611
0.6400411278986093,5.126316611460692,47.68759653519611
0.6400411278986093,5.35131481909813,47.68759653519611
0.6400411278986093,5.576313026735569,47.68759653519611
0.6400411278986093,5.801311234373008,47.68759653519611
0.6400411278986093,6.026309442010446,47.68759653519611
0.6400411278986093,6.251307649647885,47.68759653519611
0.6621869281369545,6.476305857285324,47.68759653519611
0.6621869281369545,6.701304064922763,47.68759653519611
0.6621869281369545,6.926302272560202,47.68759653519611
0.6621869281369545,7.15130048019764,47.68759653519611
0.6621869281369545,7.376298687835079,47.68759653519611
0.6621869281369545,7.601296895472518,47.68759653519611
0.6621869281369545,7.826295103109956,47.68759653519611
0.8193764620450643,8.051293310747395,47.68759653519611
0.8193764620450643,8.276291518384834,47.68759653519611
0.8193764620450643,8.501289726022272,47.68759653519611
0.8193764620450643,8.726287933659712,47.68759653519611
0.8193764620450643,8.95128614129715,47.68759653519611
0.8193764620450643,9.176284348934589,47.68759653519611
0.8193764620450643,9.401282556572028,47.68759653519611
0.8193764620450643,9.626280764209465,47.68759653519611
0.8193764620450643,9.851278971846906,47.68759653519611
0.8831411201432295,10.076277179484343,47.68759653519611
1.1165311303438183,10.301275387121782,47.68759653519611
1.1165311303438183,10.526273594759221,47.68759653519611
1.1165311303438183,10.75127180239666,47.68759653519611
1.1165311303438183,10.976270010034098,47.68759653519611
1.1165311303438183,11.201268217671537,47.68759653519611
1.1165311303438183,11.426266425308976,47.68759653519611
1.1165311303438183,11.651264632946415,47.68759653519611
1.1165311303438183,11.876262840583854,47.68759653519611
1.1165311303438183,12.101261048221293,47.68759653519611
1.1165311303438183,12.32625925585873,47.68759653519611
1.1165311303438183,12.551257463496169,47.68759653519611
1.1165311303438183,12.776255671133608,47.68759653519611
1.1165311303438183,13.001253878771047,47.68759653519611
0.6467547215864169,1.9763417045365497,48.393948379828004
0.6467547215864169,2.2013399121739883,48.393948379828004
0.6467547215864169,2.426338119811427,48.393948379828004
0.6467547215864169,2.651336327448866,48.393948379828004
0.6467547215864169,2.8763345350863045,48.393948379828004
0.6467547215864169,3.101332742723743,48.393948379828004
0.6467547215864169,3.326330950361182,48.393948379828004
0.6467547215864169,3.551329157998621,48.393948379828004
0.6467547215864169,3.7763273656360594,48.393948379828004
0.6467547215864169,4.001325573273498,48.393948379828004
0.6467547215864169,4.226323780910937,48.393948379828004
0.6467547215864169,4.451321988548376,48.393948379828004
0.6467547215864169,4.676320196185815,48.393948379828004
0.6467547215864169,4.901318403823253,48.393948379828004
0.6400411278986093,5.126316611460692,48.393948379828004
0.6400411278986093,5.35131481909813,48.393948379828004
0.6400411278986093,5.576313026735569,48.393948379828004
0.6400411278986093,5.801311234373008,48.393948379828004
0.6400411278986093,6.026309442010446,48.393948379828004
0.6400411278986093,6.251307649647885,48.393948379828004
0.6621869281369545,6.476305857285324,48.393948379828004
0.6621869281369545,6.701304064922763,48.393948379828004
0.6621869281369545,6.926302272560202,48.393948379828004
0.6621869281369545,7.15130048019764,48.393948379828004
0.6621869281369545,7.376298687835079,48.393948379828004
0.6621869281369545,7.601296895472518,48.393948379828004
0.6621869281369545,7.826295103109956,48.393948379828004
0.8193764620450643,8.051293310747395,48.393948379828004
0.8193764620450643,8.276291518384834,48.393948379828004
0.8193764620450643,8.501289726022272,48.393948379828004
0.8193764620450643,8.726287933659712,48.393948379828004
0.8193764620450643,8.95128614129715,48.393948379828004
0.8193764620450643,9.176284348934589,48.393948379828004
0.8193764620450643,9.401282556572028,48.393948379828004
0.8193764620450643,9.626280764209465,48.393948379828004
0.8193764620450643,9.851278971846906,48.393948379828004
0.8831411201432295,10.076277179484343,48.393948379828004
1.1165311303438183,10.301275387121782,48.393948379828004
1.1165311303438183,10.526273594759221,48.393948379828004
1.1165311303438183,10.75127180239666,48.393948379828004
1.1165311303438183,10.976270010034098,48.393948379828004
1.1165311303438183,11.201268217671537,48.393948379828004
1.1165311303438183,11.426266425308976,48.393948379828004
1.1165311303438183,11.651264632946415,48.393948379828004
1.1165311303438183,11.876262840583854,48.393948379828004
1.1165311303438183,12.101261048221293,48.393948379828004
1.1165311303438183,12.32625925585873,48.393948379828004
1.1165311303438183,12.551257463496169,48.393948379828004
1.1165311303438183,12.776255671133608,48.393948379828004
1.1165311303438183,13.001253878771047,48.393948379828004
0.6467547215864169,1.9763417045365497,49.1003002244599
0.6467547215864169,2.2013399121739883,49.1003002244599
0.6467547215864169,2.426338119811427,49.1003002244599
0.6467547215864169,2.651336327448866,49.1003002244599
0.6467547215864169,2.8763345350863045,49.1003002244599
0.6467547215864169,3.101332742723743,49.1003002244599
0.6467547215864169,3.326330950361182,49.1003002244599
0.6467547215864169,3.551329157998621,49.1003002244599
0.6467547215864169,3.7763273656360594,49.1003002244599
0.6467547215864169,4.001325573273498,49.1003002244599
0.6467547215864169,4.226323780910937,49.1003002244599
0.6467547215864169,4.451321988548376,49.1003002244599
0.6467547215864169,4.676320196185815,49.1003002244599
0.6467547215864169,4.901318403823253,49.1003002244599
0.6400411278986093,5.126316611460692,49.1003002244599
0.6400411278986093,5.35131481909813,49.1003002244599
0.6400411278986093,5.576313026735569,49.1003002244599
0.6400411278986093,5.801311234373008,49.1003002244599
0.6400411278986093,6.026309442010446,49.1003002244599
0.6400411278986093,6.251307649647885,49.1003002244599
0.6621869281369545,6.476305857285324,49.1003002244599
0.6621869281369545,6.701304064922763,49.1003002244599
0.6621869281369545,6.926302272560202,49.1003002244599
0.6621869281369545,7.15130048019764,49.1003002244599
0.6621869281369545,7.376298687835079,49.1003002244599
0.6621869281369545,7.601296895472518,49.1003002244599
0.6621869281369545,7.826295103109956,49.1003002244599
0.8193764620450643,8.051293310747395,49.1003002244599
0.8193764620450643,8.276291518384834,49.1003002244599
0.8193764620450643,8.501289726022272,49.1003002244599
0.8193764620450643,8.726287933659712,49.1003002244599
0.8193764620450643,8.95128614129715,49.1003002244599
0.8193764620450643,9.176284348934589,49.1003002244599
0.8193764620450643,9.401282556572028,49.1003002244599
0.8193764620450643,9.626280764209465,49.1003002244599
0.8193764620450643,9.851278971846906,49.1003002244599
0.8831411201432295,10.076277179484343,49.1003002244599
1.1165311303438183,10.301275387121782,49.1003002244599
1.1165311303438183,10.526273594759221,49.1003002244599
1.1165311303438183,10.75127180239666,49.1003002244599
1.1165311303438183,10.976270010034098,49.1003002244599
1.1165311303438183,11.201268217671537,49.1003002244599
1.1165311303438183,11.426266425308976,49.1003002244599
1.1165311303438183,11.651264632946415,49.1003002244599
1.1165311303438183,11.876262840583854,49.1003002244599
1.1165311303438183,12.101261048221293,49.1003002244599
1.1165311303438183,12.32625925585873,49.1003002244599
1.1165311303438183,12.551257463496169,49.1003002244599
1.1165311303438183,12.776255671133608,49.1003002244599
1.1165311303438183,13.001253878771047,49.1003002244599
0.6467547215864169,1.9763417045365497,49.8066520690918
0.6467547215864169,2.2013399121739883,49.8066520690918
0.6467547215864169,2.426338119811427,49.8066520690918
0.6467547215864169,2.651336327448866,49.8066520690918
0.6467547215864169,2.8763345350863045,49.8066520690918
0.6467547215864169,3.101332742723743,49.8066520690918
0.6467547215864169,3.326330950361182,49.8066520690918
0.6467547215864169,3.551329157998621,49.8066520690918
0.6467547215864169,3.7763273656360594,49.8066520690918
0.6467547215864169,4.001325573273498,49.8066520690918
0.6467547215864169,4.226323780910937,49.8066520690918
0.6467547215864169,4.451321988548376,49.8066520690918
0.6467547215864169,4.676320196185815,49.8066520690918
0.6467547215864169,4.901318403823253,49.8066520690918
0.6400411278986093,5.126316611460692,49.8066520690918
0.6400411278986093,5.35131481909813,49.8066520690918
0.6400411278986093,5.576313026735569,49.8066520690918
0.6400411278986093,5.801311234373008,49.8066520690918
0.6400411278986093,6.026309442010446,49.8066520690918
0.6400411278986093,6.251307649647885,49.8066520690918
0.6621869281369545,6.476305857285324,49.8066520690918
0.6621869281369545,6.701304064922763,49.8066520690918
0.6621869281369545,6.926302272560202,49.8066520690918
0.6621869281369545,7.15130048019764,49.8066520690918
0.6621869281369545,7.376298687835079,49.8066520690918
0.6621869281369545,7.601296895472518,49.8066520690918
0.6621869281369545,7.826295103109956,49.8066520690918
0.8193764620450643,8.051293310747395,49.8066520690918
0.8193764620450643,8.276291518384834,49.8066520690918
0.8193764620450643,8.501289726022272,49.8066520690918
0.8193764620450643,8.726287933659712,49.8066520690918
0.8193764620450643,8.95128614129715,49.8066520690918
0.8193764620450643,9.176284348934589,49.8066520690918
0.8193764620450643,9.401282556572028,49.8066520690918
0.8193764620450643,9.626280764209465,49.8066520690918
0.8193764620450643,9.851278971846906,49.8066520690918
0.8831411201432295,10.076277179484343,49.8066520690918
1.1165311303438183,10.301275387121782,49.8066520690918
1.1165311303438183,10.526273594759221,49.8066520690918
1.1165311303438183,10.75127180239666,49.8066520690918
1.1165311303438183,10.976270010034098,49.8066520690918
1.1165311303438183,11.201268217671537,49.8066520690918
1.1165311303438183,11.426266425308976,49.8066520690918
1.1165311303438183,11.651264632946415,49.8066520690918
1.1165311303438183,11.876262840583854,49.8066520690918
1.1165311303438183,12.101261048221293,49.8066520690918
1.1165311303438183,12.32625925585873,49.8066520690918
1.1165311303438183,12.551257463496169,49.8066520690918
1.1165311303438183,12.776255671133608,49.8066520690918
1.1165311303438183,13.001253878771047,49.8066520690918
