Q,max_ocean_SLP_gradient,max_landfalling_v850hPa
17.902072684501647,1.9763417045365497,9.303757667541504
17.902072684501647,2.2013399121739883,9.303757667541504
17.902072684501647,2.426338119811427,9.303757667541504
17.902072684501647,2.651336327448866,9.303757667541504
17.902072684501647,2.8763345350863045,9.303757667541504
17.902072684501647,3.101332742723743,9.303757667541504
17.902072684501647,3.326330950361182,9.303757667541504
17.902072684501647,3.551329157998621,9.303757667541504
17.902072684501647,3.7763273656360594,9.303757667541504
17.902072684501647,4.001325573273498,9.303757667541504
17.089904655109194,4.226323780910937,9.303757667541504
17.089904655109194,4.451321988548376,9.303757667541504
17.089904655109194,4.676320196185815,9.303757667541504
17.089904655109194,4.901318403823253,9.303757667541504
17.089904655109194,5.126316611460692,9.303757667541504
17.089904655109194,5.35131481909813,9.303757667541504
17.089904655109194,5.576313026735569,9.303757667541504
17.089904655109194,5.801311234373008,9.303757667541504
17.089904655109194,6.026309442010446,9.303757667541504
17.089904655109194,6.251307649647885,9.303757667541504
17.089904655109194,6.476305857285324,9.303757667541504
17.089904655109194,6.701304064922763,9.303757667541504
17.091482051547537,6.926302272560202,9.303757667541504
17.091482051547537,7.15130048019764,9.303757667541504
17.091482051547537,7.376298687835079,9.303757667541504
17.091482051547537,7.601296895472518,9.303757667541504
17.091482051547537,7.826295103109956,9.303757667541504
17.091482051547537,8.051293310747395,9.303757667541504
17.091482051547537,8.276291518384834,9.303757667541504
17.0875519892707,8.501289726022272,9.303757667541504
17.0875519892707,8.726287933659712,9.303757667541504
10.956428148344449,8.95128614129715,9.303757667541504
10.956428148344449,9.176284348934589,9.303757667541504
10.956428148344449,9.401282556572028,9.303757667541504
10.956428148344449,9.626280764209465,9.303757667541504
10.956428148344449,9.851278971846906,9.303757667541504
10.956428148344449,10.076277179484343,9.303757667541504
10.956428148344449,10.301275387121782,9.303757667541504
10.956428148344449,10.526273594759221,9.303757667541504
10.956428148344449,10.75127180239666,9.303757667541504
10.956428148344449,10.976270010034098,9.303757667541504
10.956428148344449,11.201268217671537,9.303757667541504
10.956428148344449,11.426266425308976,9.303757667541504
10.956428148344449,11.651264632946415,9.303757667541504
10.956428148344449,11.876262840583854,9.303757667541504
10.956428148344449,12.101261048221293,9.303757667541504
10.956428148344449,12.32625925585873,9.303757667541504
10.956428148344449,12.551257463496169,9.303757667541504
10.956428148344449,12.776255671133608,9.303757667541504
10.956428148344449,13.001253878771047,9.303757667541504
17.902072684501647,1.9763417045365497,10.130347349205795
17.902072684501647,2.2013399121739883,10.130347349205795
17.902072684501647,2.426338119811427,10.130347349205795
17.902072684501647,2.651336327448866,10.130347349205795
17.902072684501647,2.8763345350863045,10.130347349205795
17.902072684501647,3.101332742723743,10.130347349205795
17.902072684501647,3.326330950361182,10.130347349205795
17.902072684501647,3.551329157998621,10.130347349205795
17.902072684501647,3.7763273656360594,10.130347349205795
17.902072684501647,4.001325573273498,10.130347349205795
17.089904655109194,4.226323780910937,10.130347349205795
17.089904655109194,4.451321988548376,10.130347349205795
17.089904655109194,4.676320196185815,10.130347349205795
17.089904655109194,4.901318403823253,10.130347349205795
17.089904655109194,5.126316611460692,10.130347349205795
17.089904655109194,5.35131481909813,10.130347349205795
17.089904655109194,5.576313026735569,10.130347349205795
17.089904655109194,5.801311234373008,10.130347349205795
17.089904655109194,6.026309442010446,10.130347349205795
17.089904655109194,6.251307649647885,10.130347349205795
17.089904655109194,6.476305857285324,10.130347349205795
17.089904655109194,6.701304064922763,10.130347349205795
17.091482051547537,6.926302272560202,10.130347349205795
17.091482051547537,7.15130048019764,10.130347349205795
17.091482051547537,7.376298687835079,10.130347349205795
17.091482051547537,7.601296895472518,10.130347349205795
17.091482051547537,7.826295103109956,10.130347349205795
17.091482051547537,8.051293310747395,10.130347349205795
17.091482051547537,8.276291518384834,10.130347349205795
17.0875519892707,8.501289726022272,10.130347349205795
17.0875519892707,8.726287933659712,10.130347349205795
10.956428148344449,8.95128614129715,10.130347349205795
10.956428148344449,9.176284348934589,10.130347349205795
10.956428148344449,9.401282556572028,10.130347349205795
10.956428148344449,9.626280764209465,10.130347349205795
10.956428148344449,9.851278971846906,10.130347349205795
10.956428148344449,10.076277179484343,10.130347349205795
10.956428148344449,10.301275387121782,10.130347349205795
10.956428148344449,10.526273594759221,10.130347349205795
10.956428148344449,10.75127180239666,10.130347349205795
10.956428148344449,10.976270010034098,10.130347349205795
10.956428148344449,11.201268217671537,10.130347349205795
10.956428148344449,11.426266425308976,10.130347349205795
10.956428148344449,11.651264632946415,10.130347349205795
10.956428148344449,11.876262840583854,10.130347349205795
10.956428148344449,12.101261048221293,10.130347349205795
10.956428148344449,12.32625925585873,10.130347349205795
10.956428148344449,12.551257463496169,10.130347349205795
10.956428148344449,12.776255671133608,10.130347349205795
10.956428148344449,13.001253878771047,10.130347349205795
17.902072684501647,1.9763417045365497,10.956937030870087
17.902072684501647,2.2013399121739883,10.956937030870087
17.902072684501647,2.426338119811427,10.956937030870087
17.902072684501647,2.651336327448866,10.956937030870087
17.902072684501647,2.8763345350863045,10.956937030870087
17.902072684501647,3.101332742723743,10.956937030870087
17.902072684501647,3.326330950361182,10.956937030870087
17.902072684501647,3.551329157998621,10.956937030870087
17.902072684501647,3.7763273656360594,10.956937030870087
17.902072684501647,4.001325573273498,10.956937030870087
17.089904655109194,4.226323780910937,10.956937030870087
17.089904655109194,4.451321988548376,10.956937030870087
17.089904655109194,4.676320196185815,10.956937030870087
17.089904655109194,4.901318403823253,10.956937030870087
17.089904655109194,5.126316611460692,10.956937030870087
17.089904655109194,5.35131481909813,10.956937030870087
17.089904655109194,5.576313026735569,10.956937030870087
17.089904655109194,5.801311234373008,10.956937030870087
17.089904655109194,6.026309442010446,10.956937030870087
17.089904655109194,6.251307649647885,10.956937030870087
17.089904655109194,6.476305857285324,10.956937030870087
17.089904655109194,6.701304064922763,10.956937030870087
17.091482051547537,6.926302272560202,10.956937030870087
17.091482051547537,7.15130048019764,10.956937030870087
17.091482051547537,7.376298687835079,10.956937030870087
17.091482051547537,7.601296895472518,10.956937030870087
17.091482051547537,7.826295103109956,10.956937030870087
17.091482051547537,8.051293310747395,10.956937030870087
17.091482051547537,8.276291518384834,10.956937030870087
17.0875519892707,8.501289726022272,10.956937030870087
17.0875519892707,8.726287933659712,10.956937030870087
10.956428148344449,8.95128614129715,10.956937030870087
10.956428148344449,9.176284348934589,10.956937030870087
10.956428148344449,9.401282556572028,10.956937030870087
10.956428148344449,9.626280764209465,10.956937030870087
10.956428148344449,9.851278971846906,10.956937030870087
10.956428148344449,10.076277179484343,10.956937030870087
10.956428148344449,10.301275387121782,10.956937030870087
10.956428148344449,10.526273594759221,10.956937030870087
10.956428148344449,10.75127180239666,10.956937030870087
10.956428148344449,10.976270010034098,10.956937030870087
10.956428148344449,11.201268217671537,10.956937030870087
10.956428148344449,11.426266425308976,10.956937030870087
10.956428148344449,11.651264632946415,10.956937030870087
10.956428148344449,11.876262840583854,10.956937030870087
10.956428148344449,12.101261048221293,10.956937030870087
10.956428148344449,12.32625925585873,10.956937030870087
10.956428148344449,12.551257463496169,10.956937030870087
10.956428148344449,12.776255671133608,10.956937030870087
10.956428148344449,13.001253878771047,10.956937030870087
17.902072684501647,1.9763417045365497,11.783526712534378
17.902072684501647,2.2013399121739883,11.783526712534378
17.902072684501647,2.426338119811427,11.783526712534378
17.902072684501647,2.651336327448866,11.783526712534378
17.902072684501647,2.8763345350863045,11.783526712534378
17.902072684501647,3.101332742723743,11.783526712534378
17.902072684501647,3.326330950361182,11.783526712534378
17.902072684501647,3.551329157998621,11.783526712534378
17.902072684501647,3.7763273656360594,11.783526712534378
17.902072684501647,4.001325573273498,11.783526712534378
17.089904655109194,4.226323780910937,11.783526712534378
17.089904655109194,4.451321988548376,11.783526712534378
17.089904655109194,4.676320196185815,11.783526712534378
17.089904655109194,4.901318403823253,11.783526712534378
17.089904655109194,5.126316611460692,11.783526712534378
17.089904655109194,5.35131481909813,11.783526712534378
17.089904655109194,5.576313026735569,11.783526712534378
17.089904655109194,5.801311234373008,11.783526712534378
17.089904655109194,6.026309442010446,11.783526712534378
17.089904655109194,6.251307649647885,11.783526712534378
17.089904655109194,6.476305857285324,11.783526712534378
17.089904655109194,6.701304064922763,11.783526712534378
17.091482051547537,6.926302272560202,11.783526712534378
17.091482051547537,7.15130048019764,11.783526712534378
17.091482051547537,7.376298687835079,11.783526712534378
17.091482051547537,7.601296895472518,11.783526712534378
17.091482051547537,7.826295103109956,11.783526712534378
17.091482051547537,8.051293310747395,11.783526712534378
17.091482051547537,8.276291518384834,11.783526712534378
17.0875519892707,8.501289726022272,11.783526712534378
17.0875519892707,8.726287933659712,11.783526712534378
10.956428148344449,8.95128614129715,11.783526712534378
10.956428148344449,9.176284348934589,11.783526712534378
10.956428148344449,9.401282556572028,11.783526712534378
10.956428148344449,9.626280764209465,11.783526712534378
10.956428148344449,9.851278971846906,11.783526712534378
10.956428148344449,10.076277179484343,11.783526712534378
10.956428148344449,10.301275387121782,11.783526712534378
10.956428148344449,10.526273594759221,11.783526712534378
10.956428148344449,10.75127180239666,11.783526712534378
10.956428148344449,10.976270010034098,11.783526712534378
10.956428148344449,11.201268217671537,11.783526712534378
10.956428148344449,11.426266425308976,11.783526712534378
10.956428148344449,11.651264632946415,11.783526712534378
10.956428148344449,11.876262840583854,11.783526712534378
10.956428148344449,12.101261048221293,11.783526712534378
10.956428148344449,12.32625925585873,11.783526712534378
10.956428148344449,12.551257463496169,11.783526712534378
10.956428148344449,12.776255671133608,11.783526712534378
10.956428148344449,13.001253878771047,11.783526712534378
17.902072684501647,1.9763417045365497,12.61011639419867
17.902072684501647,2.2013399121739883,12.61011639419867
17.902072684501647,2.426338119811427,12.61011639419867
17.902072684501647,2.651336327448866,12.61011639419867
17.902072684501647,2.8763345350863045,12.61011639419867
17.902072684501647,3.101332742723743,12.61011639419867
17.902072684501647,3.326330950361182,12.61011639419867
17.902072684501647,3.551329157998621,12.61011639419867
17.902072684501647,3.7763273656360594,12.61011639419867
17.902072684501647,4.001325573273498,12.61011639419867
17.089904655109194,4.226323780910937,12.61011639419867
17.089904655109194,4.451321988548376,12.61011639419867
17.089904655109194,4.676320196185815,12.61011639419867
17.089904655109194,4.901318403823253,12.61011639419867
17.089904655109194,5.126316611460692,12.61011639419867
17.089904655109194,5.35131481909813,12.61011639419867
17.089904655109194,5.576313026735569,12.61011639419867
17.089904655109194,5.801311234373008,12.61011639419867
17.089904655109194,6.026309442010446,12.61011639419867
17.089904655109194,6.251307649647885,12.61011639419867
17.089904655109194,6.476305857285324,12.61011639419867
17.089904655109194,6.701304064922763,12.61011639419867
17.091482051547537,6.926302272560202,12.61011639419867
17.091482051547537,7.15130048019764,12.61011639419867
17.091482051547537,7.376298687835079,12.61011639419867
17.091482051547537,7.601296895472518,12.61011639419867
17.091482051547537,7.826295103109956,12.61011639419867
17.091482051547537,8.051293310747395,12.61011639419867
17.091482051547537,8.276291518384834,12.61011639419867
17.0875519892707,8.501289726022272,12.61011639419867
17.0875519892707,8.726287933659712,12.61011639419867
10.956428148344449,8.95128614129715,12.61011639419867
10.956428148344449,9.176284348934589,12.61011639419867
10.956428148344449,9.401282556572028,12.61011639419867
10.956428148344449,9.626280764209465,12.61011639419867
10.956428148344449,9.851278971846906,12.61011639419867
10.956428148344449,10.076277179484343,12.61011639419867
10.956428148344449,10.301275387121782,12.61011639419867
10.956428148344449,10.526273594759221,12.61011639419867
10.956428148344449,10.75127180239666,12.61011639419867
10.956428148344449,10.976270010034098,12.61011639419867
10.956428148344449,11.201268217671537,12.61011639419867
10.956428148344449,11.426266425308976,12.61011639419867
10.956428148344449,11.651264632946415,12.61011639419867
10.956428148344449,11.876262840583854,12.61011639419867
10.956428148344449,12.101261048221293,12.61011639419867
10.956428148344449,12.32625925585873,12.61011639419867
10.956428148344449,12.551257463496169,12.61011639419867
10.956428148344449,12.776255671133608,12.61011639419867
10.956428148344449,13.001253878771047,12.61011639419867
17.902072684501647,1.9763417045365497,13.436706075862961
17.902072684501647,2.2013399121739883,13.436706075862961
17.902072684501647,2.426338119811427,13.436706075862961
17.902072684501647,2.651336327448866,13.436706075862961
17.902072684501647,2.8763345350863045,13.436706075862961
17.902072684501647,3.101332742723743,13.436706075862961
17.902072684501647,3.326330950361182,13.436706075862961
17.902072684501647,3.551329157998621,13.436706075862961
17.902072684501647,3.7763273656360594,13.436706075862961
17.902072684501647,4.001325573273498,13.436706075862961
17.089904655109194,4.226323780910937,13.436706075862961
17.089904655109194,4.451321988548376,13.436706075862961
17.089904655109194,4.676320196185815,13.436706075862961
17.089904655109194,4.901318403823253,13.436706075862961
17.089904655109194,5.126316611460692,13.436706075862961
17.089904655109194,5.35131481909813,13.436706075862961
17.089904655109194,5.576313026735569,13.436706075862961
17.089904655109194,5.801311234373008,13.436706075862961
17.089904655109194,6.026309442010446,13.436706075862961
17.089904655109194,6.251307649647885,13.436706075862961
17.089904655109194,6.476305857285324,13.436706075862961
17.089904655109194,6.701304064922763,13.436706075862961
17.091482051547537,6.926302272560202,13.436706075862961
17.091482051547537,7.15130048019764,13.436706075862961
17.091482051547537,7.376298687835079,13.436706075862961
17.091482051547537,7.601296895472518,13.436706075862961
17.091482051547537,7.826295103109956,13.436706075862961
17.091482051547537,8.051293310747395,13.436706075862961
17.091482051547537,8.276291518384834,13.436706075862961
17.0875519892707,8.501289726022272,13.436706075862961
17.0875519892707,8.726287933659712,13.436706075862961
10.956428148344449,8.95128614129715,13.436706075862961
10.956428148344449,9.176284348934589,13.436706075862961
10.956428148344449,9.401282556572028,13.436706075862961
10.956428148344449,9.626280764209465,13.436706075862961
10.956428148344449,9.851278971846906,13.436706075862961
10.956428148344449,10.076277179484343,13.436706075862961
10.956428148344449,10.301275387121782,13.436706075862961
10.956428148344449,10.526273594759221,13.436706075862961
10.956428148344449,10.75127180239666,13.436706075862961
10.956428148344449,10.976270010034098,13.436706075862961
10.956428148344449,11.201268217671537,13.436706075862961
10.956428148344449,11.426266425308976,13.436706075862961
10.956428148344449,11.651264632946415,13.436706075862961
10.956428148344449,11.876262840583854,13.436706075862961
10.956428148344449,12.101261048221293,13.436706075862961
10.956428148344449,12.32625925585873,13.436706075862961
10.956428148344449,12.551257463496169,13.436706075862961
10.956428148344449,12.776255671133608,13.436706075862961
10.956428148344449,13.001253878771047,13.436706075862961
17.902072684501647,1.9763417045365497,14.263295757527255
17.902072684501647,2.2013399121739883,14.263295757527255
17.902072684501647,2.426338119811427,14.263295757527255
17.902072684501647,2.651336327448866,14.263295757527255
17.902072684501647,2.8763345350863045,14.263295757527255
17.902072684501647,3.101332742723743,14.263295757527255
17.902072684501647,3.326330950361182,14.263295757527255
17.902072684501647,3.551329157998621,14.263295757527255
17.902072684501647,3.7763273656360594,14.263295757527255
17.902072684501647,4.001325573273498,14.263295757527255
17.089904655109194,4.226323780910937,14.263295757527255
17.089904655109194,4.451321988548376,14.263295757527255
17.089904655109194,4.676320196185815,14.263295757527255
17.089904655109194,4.901318403823253,14.263295757527255
17.089904655109194,5.126316611460692,14.263295757527255
17.089904655109194,5.35131481909813,14.263295757527255
17.089904655109194,5.576313026735569,14.263295757527255
17.089904655109194,5.801311234373008,14.263295757527255
17.089904655109194,6.026309442010446,14.263295757527255
17.089904655109194,6.251307649647885,14.263295757527255
17.089904655109194,6.476305857285324,14.263295757527255
17.089904655109194,6.701304064922763,14.263295757527255
17.091482051547537,6.926302272560202,14.263295757527255
17.091482051547537,7.15130048019764,14.263295757527255
17.091482051547537,7.376298687835079,14.263295757527255
17.091482051547537,7.601296895472518,14.263295757527255
17.091482051547537,7.826295103109956,14.263295757527255
17.091482051547537,8.051293310747395,14.263295757527255
17.091482051547537,8.276291518384834,14.263295757527255
17.0875519892707,8.501289726022272,14.263295757527255
17.0875519892707,8.726287933659712,14.263295757527255
10.956428148344449,8.95128614129715,14.263295757527255
10.956428148344449,9.176284348934589,14.263295757527255
10.956428148344449,9.401282556572028,14.263295757527255
10.956428148344449,9.626280764209465,14.263295757527255
10.956428148344449,9.851278971846906,14.263295757527255
10.956428148344449,10.076277179484343,14.263295757527255
10.956428148344449,10.301275387121782,14.263295757527255
10.956428148344449,10.526273594759221,14.263295757527255
10.956428148344449,10.75127180239666,14.263295757527255
10.956428148344449,10.976270010034098,14.263295757527255
10.956428148344449,11.201268217671537,14.263295757527255
10.956428148344449,11.426266425308976,14.263295757527255
10.956428148344449,11.651264632946415,14.263295757527255
10.956428148344449,11.876262840583854,14.263295757527255
10.956428148344449,12.101261048221293,14.263295757527255
10.956428148344449,12.32625925585873,14.263295757527255
10.956428148344449,12.551257463496169,14.263295757527255
10.956428148344449,12.776255671133608,14.263295757527255
10.956428148344449,13.001253878771047,14.263295757527255
17.902072684501647,1.9763417045365497,15.089885439191546
17.902072684501647,2.2013399121739883,15.089885439191546
17.902072684501647,2.426338119811427,15.089885439191546
17.902072684501647,2.651336327448866,15.089885439191546
17.902072684501647,2.8763345350863045,15.089885439191546
17.902072684501647,3.101332742723743,15.089885439191546
17.902072684501647,3.326330950361182,15.089885439191546
17.902072684501647,3.551329157998621,15.089885439191546
17.902072684501647,3.7763273656360594,15.089885439191546
17.902072684501647,4.001325573273498,15.089885439191546
17.089904655109194,4.226323780910937,15.089885439191546
17.089904655109194,4.451321988548376,15.089885439191546
17.089904655109194,4.676320196185815,15.089885439191546
17.089904655109194,4.901318403823253,15.089885439191546
17.089904655109194,5.126316611460692,15.089885439191546
17.089904655109194,5.35131481909813,15.089885439191546
17.089904655109194,5.576313026735569,15.089885439191546
17.089904655109194,5.801311234373008,15.089885439191546
17.089904655109194,6.026309442010446,15.089885439191546
17.089904655109194,6.251307649647885,15.089885439191546
17.089904655109194,6.476305857285324,15.089885439191546
17.089904655109194,6.701304064922763,15.089885439191546
17.091482051547537,6.926302272560202,15.089885439191546
17.091482051547537,7.15130048019764,15.089885439191546
17.091482051547537,7.376298687835079,15.089885439191546
17.091482051547537,7.601296895472518,15.089885439191546
17.091482051547537,7.826295103109956,15.089885439191546
17.091482051547537,8.051293310747395,15.089885439191546
17.091482051547537,8.276291518384834,15.089885439191546
17.0875519892707,8.501289726022272,15.089885439191546
17.0875519892707,8.726287933659712,15.089885439191546
10.956428148344449,8.95128614129715,15.089885439191546
10.956428148344449,9.176284348934589,15.089885439191546
10.956428148344449,9.401282556572028,15.089885439191546
10.956428148344449,9.626280764209465,15.089885439191546
10.956428148344449,9.851278971846906,15.089885439191546
10.956428148344449,10.076277179484343,15.089885439191546
10.956428148344449,10.301275387121782,15.089885439191546
10.956428148344449,10.526273594759221,15.089885439191546
10.956428148344449,10.75127180239666,15.089885439191546
10.956428148344449,10.976270010034098,15.089885439191546
10.956428148344449,11.201268217671537,15.089885439191546
10.956428148344449,11.426266425308976,15.089885439191546
10.956428148344449,11.651264632946415,15.089885439191546
10.956428148344449,11.876262840583854,15.089885439191546
10.956428148344449,12.101261048221293,15.089885439191546
10.956428148344449,12.32625925585873,15.089885439191546
10.956428148344449,12.551257463496169,15.089885439191546
10.956428148344449,12.776255671133608,15.089885439191546
10.956428148344449,13.001253878771047,15.089885439191546
17.902072684501647,1.9763417045365497,15.916475120855837
17.902072684501647,2.2013399121739883,15.916475120855837
17.902072684501647,2.426338119811427,15.916475120855837
17.902072684501647,2.651336327448866,15.916475120855837
17.902072684501647,2.8763345350863045,15.916475120855837
17.902072684501647,3.101332742723743,15.916475120855837
17.902072684501647,3.326330950361182,15.916475120855837
17.902072684501647,3.551329157998621,15.916475120855837
17.902072684501647,3.7763273656360594,15.916475120855837
17.902072684501647,4.001325573273498,15.916475120855837
17.089904655109194,4.226323780910937,15.916475120855837
17.089904655109194,4.451321988548376,15.916475120855837
17.089904655109194,4.676320196185815,15.916475120855837
17.089904655109194,4.901318403823253,15.916475120855837
17.089904655109194,5.126316611460692,15.916475120855837
17.089904655109194,5.35131481909813,15.916475120855837
17.089904655109194,5.576313026735569,15.916475120855837
17.089904655109194,5.801311234373008,15.916475120855837
17.089904655109194,6.026309442010446,15.916475120855837
17.089904655109194,6.251307649647885,15.916475120855837
17.089904655109194,6.476305857285324,15.916475120855837
17.089904655109194,6.701304064922763,15.916475120855837
17.091482051547537,6.926302272560202,15.916475120855837
17.091482051547537,7.15130048019764,15.916475120855837
17.091482051547537,7.376298687835079,15.916475120855837
17.091482051547537,7.601296895472518,15.916475120855837
17.091482051547537,7.826295103109956,15.916475120855837
17.091482051547537,8.051293310747395,15.916475120855837
17.091482051547537,8.276291518384834,15.916475120855837
17.0875519892707,8.501289726022272,15.916475120855837
17.0875519892707,8.726287933659712,15.916475120855837
10.956428148344449,8.95128614129715,15.916475120855837
10.956428148344449,9.176284348934589,15.916475120855837
10.956428148344449,9.401282556572028,15.916475120855837
10.956428148344449,9.626280764209465,15.916475120855837
10.956428148344449,9.851278971846906,15.916475120855837
10.956428148344449,10.076277179484343,15.916475120855837
10.956428148344449,10.301275387121782,15.916475120855837
10.956428148344449,10.526273594759221,15.916475120855837
10.956428148344449,10.75127180239666,15.916475120855837
10.956428148344449,10.976270010034098,15.916475120855837
10.956428148344449,11.201268217671537,15.916475120855837
10.956428148344449,11.426266425308976,15.916475120855837
10.956428148344449,11.651264632946415,15.916475120855837
10.956428148344449,11.876262840583854,15.916475120855837
10.956428148344449,12.101261048221293,15.916475120855837
10.956428148344449,12.32625925585873,15.916475120855837
10.956428148344449,12.551257463496169,15.916475120855837
10.956428148344449,12.776255671133608,15.916475120855837
10.956428148344449,13.001253878771047,15.916475120855837
17.36234658513104,1.9763417045365497,16.74306480252013
17.36234658513104,2.2013399121739883,16.74306480252013
17.36234658513104,2.426338119811427,16.74306480252013
17.36234658513104,2.651336327448866,16.74306480252013
17.36234658513104,2.8763345350863045,16.74306480252013
17.36234658513104,3.101332742723743,16.74306480252013
17.36234658513104,3.326330950361182,16.74306480252013
17.36234658513104,3.551329157998621,16.74306480252013
17.36234658513104,3.7763273656360594,16.74306480252013
17.36234658513104,4.001325573273498,16.74306480252013
16.57466445132524,4.226323780910937,16.74306480252013
16.57466445132524,4.451321988548376,16.74306480252013
16.57466445132524,4.676320196185815,16.74306480252013
16.57466445132524,4.901318403823253,16.74306480252013
16.57466445132524,5.126316611460692,16.74306480252013
16.57466445132524,5.35131481909813,16.74306480252013
16.57466445132524,5.576313026735569,16.74306480252013
16.57466445132524,5.801311234373008,16.74306480252013
16.57466445132524,6.026309442010446,16.74306480252013
16.57466445132524,6.251307649647885,16.74306480252013
16.57466445132524,6.476305857285324,16.74306480252013
16.57466445132524,6.701304064922763,16.74306480252013
16.575769059598624,6.926302272560202,16.74306480252013
16.575769059598624,7.15130048019764,16.74306480252013
16.575769059598624,7.376298687835079,16.74306480252013
16.575769059598624,7.601296895472518,16.74306480252013
16.575769059598624,7.826295103109956,16.74306480252013
16.575769059598624,8.051293310747395,16.74306480252013
16.575769059598624,8.276291518384834,16.74306480252013
16.56941029219958,8.501289726022272,16.74306480252013
16.56941029219958,8.726287933659712,16.74306480252013
10.624199033361478,8.95128614129715,16.74306480252013
10.624199033361478,9.176284348934589,16.74306480252013
10.624199033361478,9.401282556572028,16.74306480252013
10.624199033361478,9.626280764209465,16.74306480252013
10.624199033361478,9.851278971846906,16.74306480252013
10.624199033361478,10.076277179484343,16.74306480252013
10.624199033361478,10.301275387121782,16.74306480252013
10.624199033361478,10.526273594759221,16.74306480252013
10.624199033361478,10.75127180239666,16.74306480252013
10.624199033361478,10.976270010034098,16.74306480252013
10.624199033361478,11.201268217671537,16.74306480252013
10.624199033361478,11.426266425308976,16.74306480252013
10.624199033361478,11.651264632946415,16.74306480252013
10.624199033361478,11.876262840583854,16.74306480252013
10.624199033361478,12.101261048221293,16.74306480252013
10.624199033361478,12.32625925585873,16.74306480252013
10.624199033361478,12.551257463496169,16.74306480252013
10.624199033361478,12.776255671133608,16.74306480252013
10.624199033361478,13.001253878771047,16.74306480252013
17.36234658513104,1.9763417045365497,17.56965448418442
17.36234658513104,2.2013399121739883,17.56965448418442
17.36234658513104,2.426338119811427,17.56965448418442
17.36234658513104,2.651336327448866,17.56965448418442
17.36234658513104,2.8763345350863045,17.56965448418442
17.36234658513104,3.101332742723743,17.56965448418442
17.36234658513104,3.326330950361182,17.56965448418442
17.36234658513104,3.551329157998621,17.56965448418442
17.36234658513104,3.7763273656360594,17.56965448418442
17.36234658513104,4.001325573273498,17.56965448418442
16.57466445132524,4.226323780910937,17.56965448418442
16.57466445132524,4.451321988548376,17.56965448418442
16.57466445132524,4.676320196185815,17.56965448418442
16.57466445132524,4.901318403823253,17.56965448418442
16.57466445132524,5.126316611460692,17.56965448418442
16.57466445132524,5.35131481909813,17.56965448418442
16.57466445132524,5.576313026735569,17.56965448418442
16.57466445132524,5.801311234373008,17.56965448418442
16.57466445132524,6.026309442010446,17.56965448418442
16.57466445132524,6.251307649647885,17.56965448418442
16.57466445132524,6.476305857285324,17.56965448418442
16.57466445132524,6.701304064922763,17.56965448418442
16.575769059598624,6.926302272560202,17.56965448418442
16.575769059598624,7.15130048019764,17.56965448418442
16.575769059598624,7.376298687835079,17.56965448418442
16.575769059598624,7.601296895472518,17.56965448418442
16.575769059598624,7.826295103109956,17.56965448418442
16.575769059598624,8.051293310747395,17.56965448418442
16.575769059598624,8.276291518384834,17.56965448418442
16.56941029219958,8.501289726022272,17.56965448418442
16.56941029219958,8.726287933659712,17.56965448418442
10.624199033361478,8.95128614129715,17.56965448418442
10.624199033361478,9.176284348934589,17.56965448418442
10.624199033361478,9.401282556572028,17.56965448418442
10.624199033361478,9.626280764209465,17.56965448418442
10.624199033361478,9.851278971846906,17.56965448418442
10.624199033361478,10.076277179484343,17.56965448418442
10.624199033361478,10.301275387121782,17.56965448418442
10.624199033361478,10.526273594759221,17.56965448418442
10.624199033361478,10.75127180239666,17.56965448418442
10.624199033361478,10.976270010034098,17.56965448418442
10.624199033361478,11.201268217671537,17.56965448418442
10.624199033361478,11.426266425308976,17.56965448418442
10.624199033361478,11.651264632946415,17.56965448418442
10.624199033361478,11.876262840583854,17.56965448418442
10.624199033361478,12.101261048221293,17.56965448418442
10.624199033361478,12.32625925585873,17.56965448418442
10.624199033361478,12.551257463496169,17.56965448418442
10.624199033361478,12.776255671133608,17.56965448418442
10.624199033361478,13.001253878771047,17.56965448418442
17.36234658513104,1.9763417045365497,18.396244165848714
17.36234658513104,2.2013399121739883,18.396244165848714
17.36234658513104,2.426338119811427,18.396244165848714
17.36234658513104,2.651336327448866,18.396244165848714
17.36234658513104,2.8763345350863045,18.396244165848714
17.36234658513104,3.101332742723743,18.396244165848714
17.36234658513104,3.326330950361182,18.396244165848714
17.36234658513104,3.551329157998621,18.396244165848714
17.36234658513104,3.7763273656360594,18.396244165848714
17.36234658513104,4.001325573273498,18.396244165848714
16.57466445132524,4.226323780910937,18.396244165848714
16.57466445132524,4.451321988548376,18.396244165848714
16.57466445132524,4.676320196185815,18.396244165848714
16.57466445132524,4.901318403823253,18.396244165848714
16.57466445132524,5.126316611460692,18.396244165848714
16.57466445132524,5.35131481909813,18.396244165848714
16.57466445132524,5.576313026735569,18.396244165848714
16.57466445132524,5.801311234373008,18.396244165848714
16.57466445132524,6.026309442010446,18.396244165848714
16.57466445132524,6.251307649647885,18.396244165848714
16.57466445132524,6.476305857285324,18.396244165848714
16.57466445132524,6.701304064922763,18.396244165848714
16.575769059598624,6.926302272560202,18.396244165848714
16.575769059598624,7.15130048019764,18.396244165848714
16.575769059598624,7.376298687835079,18.396244165848714
16.575769059598624,7.601296895472518,18.396244165848714
16.575769059598624,7.826295103109956,18.396244165848714
16.575769059598624,8.051293310747395,18.396244165848714
16.575769059598624,8.276291518384834,18.396244165848714
16.56941029219958,8.501289726022272,18.396244165848714
16.56941029219958,8.726287933659712,18.396244165848714
10.624199033361478,8.95128614129715,18.396244165848714
10.624199033361478,9.176284348934589,18.396244165848714
10.624199033361478,9.401282556572028,18.396244165848714
10.624199033361478,9.626280764209465,18.396244165848714
10.624199033361478,9.851278971846906,18.396244165848714
10.624199033361478,10.076277179484343,18.396244165848714
10.624199033361478,10.301275387121782,18.396244165848714
10.624199033361478,10.526273594759221,18.396244165848714
10.624199033361478,10.75127180239666,18.396244165848714
10.624199033361478,10.976270010034098,18.396244165848714
10.624199033361478,11.201268217671537,18.396244165848714
10.624199033361478,11.426266425308976,18.396244165848714
10.624199033361478,11.651264632946415,18.396244165848714
10.624199033361478,11.876262840583854,18.396244165848714
10.624199033361478,12.101261048221293,18.396244165848714
10.624199033361478,12.32625925585873,18.396244165848714
10.624199033361478,12.551257463496169,18.396244165848714
10.624199033361478,12.776255671133608,18.396244165848714
10.624199033361478,13.001253878771047,18.396244165848714
17.36234658513104,1.9763417045365497,19.222833847513005
17.36234658513104,2.2013399121739883,19.222833847513005
17.36234658513104,2.426338119811427,19.222833847513005
17.36234658513104,2.651336327448866,19.222833847513005
17.36234658513104,2.8763345350863045,19.222833847513005
17.36234658513104,3.101332742723743,19.222833847513005
17.36234658513104,3.326330950361182,19.222833847513005
17.36234658513104,3.551329157998621,19.222833847513005
17.36234658513104,3.7763273656360594,19.222833847513005
17.36234658513104,4.001325573273498,19.222833847513005
16.57466445132524,4.226323780910937,19.222833847513005
16.57466445132524,4.451321988548376,19.222833847513005
16.57466445132524,4.676320196185815,19.222833847513005
16.57466445132524,4.901318403823253,19.222833847513005
16.57466445132524,5.126316611460692,19.222833847513005
16.57466445132524,5.35131481909813,19.222833847513005
16.57466445132524,5.576313026735569,19.222833847513005
16.57466445132524,5.801311234373008,19.222833847513005
16.57466445132524,6.026309442010446,19.222833847513005
16.57466445132524,6.251307649647885,19.222833847513005
16.57466445132524,6.476305857285324,19.222833847513005
16.57466445132524,6.701304064922763,19.222833847513005
16.575769059598624,6.926302272560202,19.222833847513005
16.575769059598624,7.15130048019764,19.222833847513005
16.575769059598624,7.376298687835079,19.222833847513005
16.575769059598624,7.601296895472518,19.222833847513005
16.575769059598624,7.826295103109956,19.222833847513005
16.575769059598624,8.051293310747395,19.222833847513005
16.575769059598624,8.276291518384834,19.222833847513005
16.56941029219958,8.501289726022272,19.222833847513005
16.56941029219958,8.726287933659712,19.222833847513005
10.624199033361478,8.95128614129715,19.222833847513005
10.624199033361478,9.176284348934589,19.222833847513005
10.624199033361478,9.401282556572028,19.222833847513005
10.624199033361478,9.626280764209465,19.222833847513005
10.624199033361478,9.851278971846906,19.222833847513005
10.624199033361478,10.076277179484343,19.222833847513005
10.624199033361478,10.301275387121782,19.222833847513005
10.624199033361478,10.526273594759221,19.222833847513005
10.624199033361478,10.75127180239666,19.222833847513005
10.624199033361478,10.976270010034098,19.222833847513005
10.624199033361478,11.201268217671537,19.222833847513005
10.624199033361478,11.426266425308976,19.222833847513005
10.624199033361478,11.651264632946415,19.222833847513005
10.624199033361478,11.876262840583854,19.222833847513005
10.624199033361478,12.101261048221293,19.222833847513005
10.624199033361478,12.32625925585873,19.222833847513005
10.624199033361478,12.551257463496169,19.222833847513005
10.624199033361478,12.776255671133608,19.222833847513005
10.624199033361478,13.001253878771047,19.222833847513005
17.36234658513104,1.9763417045365497,20.049423529177297
17.36234658513104,2.2013399121739883,20.049423529177297
17.36234658513104,2.426338119811427,20.049423529177297
17.36234658513104,2.651336327448866,20.049423529177297
17.36234658513104,2.8763345350863045,20.049423529177297
17.36234658513104,3.101332742723743,20.049423529177297
17.36234658513104,3.326330950361182,20.049423529177297
17.36234658513104,3.551329157998621,20.049423529177297
17.36234658513104,3.7763273656360594,20.049423529177297
17.36234658513104,4.001325573273498,20.049423529177297
16.57466445132524,4.226323780910937,20.049423529177297
16.57466445132524,4.451321988548376,20.049423529177297
16.57466445132524,4.676320196185815,20.049423529177297
16.57466445132524,4.901318403823253,20.049423529177297
16.57466445132524,5.126316611460692,20.049423529177297
16.57466445132524,5.35131481909813,20.049423529177297
16.57466445132524,5.576313026735569,20.049423529177297
16.57466445132524,5.801311234373008,20.049423529177297
16.57466445132524,6.026309442010446,20.049423529177297
16.57466445132524,6.251307649647885,20.049423529177297
16.57466445132524,6.476305857285324,20.049423529177297
16.57466445132524,6.701304064922763,20.049423529177297
16.575769059598624,6.926302272560202,20.049423529177297
16.575769059598624,7.15130048019764,20.049423529177297
16.575769059598624,7.376298687835079,20.049423529177297
16.575769059598624,7.601296895472518,20.049423529177297
16.575769059598624,7.826295103109956,20.049423529177297
16.575769059598624,8.051293310747395,20.049423529177297
16.575769059598624,8.276291518384834,20.049423529177297
16.56941029219958,8.501289726022272,20.049423529177297
16.56941029219958,8.726287933659712,20.049423529177297
10.624199033361478,8.95128614129715,20.049423529177297
10.624199033361478,9.176284348934589,20.049423529177297
10.624199033361478,9.401282556572028,20.049423529177297
10.624199033361478,9.626280764209465,20.049423529177297
10.624199033361478,9.851278971846906,20.049423529177297
10.624199033361478,10.076277179484343,20.049423529177297
10.624199033361478,10.301275387121782,20.049423529177297
10.624199033361478,10.526273594759221,20.049423529177297
10.624199033361478,10.75127180239666,20.049423529177297
10.624199033361478,10.976270010034098,20.049423529177297
10.624199033361478,11.201268217671537,20.049423529177297
10.624199033361478,11.426266425308976,20.049423529177297
10.624199033361478,11.651264632946415,20.049423529177297
10.624199033361478,11.876262840583854,20.049423529177297
10.624199033361478,12.101261048221293,20.049423529177297
10.624199033361478,12.32625925585873,20.049423529177297
10.624199033361478,12.551257463496169,20.049423529177297
10.624199033361478,12.776255671133608,20.049423529177297
10.624199033361478,13.001253878771047,20.049423529177297
12.258461705124729,1.9763417045365497,20.876013210841588
12.258461705124729,2.2013399121739883,20.876013210841588
12.258461705124729,2.426338119811427,20.876013210841588
12.258461705124729,2.651336327448866,20.876013210841588
12.258461705124729,2.8763345350863045,20.876013210841588
12.258461705124729,3.101332742723743,20.876013210841588
12.258461705124729,3.326330950361182,20.876013210841588
12.258461705124729,3.551329157998621,20.876013210841588
12.258461705124729,3.7763273656360594,20.876013210841588
12.258461705124729,4.001325573273498,20.876013210841588
12.258461705124729,4.226323780910937,20.876013210841588
12.258461705124729,4.451321988548376,20.876013210841588
12.258461705124729,4.676320196185815,20.876013210841588
12.258461705124729,4.901318403823253,20.876013210841588
12.258461705124729,5.126316611460692,20.876013210841588
12.258461705124729,5.35131481909813,20.876013210841588
12.258461705124729,5.576313026735569,20.876013210841588
12.258461705124729,5.801311234373008,20.876013210841588
12.258461705124729,6.026309442010446,20.876013210841588
12.258461705124729,6.251307649647885,20.876013210841588
12.258461705124729,6.476305857285324,20.876013210841588
12.258461705124729,6.701304064922763,20.876013210841588
12.259293220577664,6.926302272560202,20.876013210841588
12.259293220577664,7.15130048019764,20.876013210841588
12.259293220577664,7.376298687835079,20.876013210841588
12.259293220577664,7.601296895472518,20.876013210841588
12.259293220577664,7.826295103109956,20.876013210841588
12.256506958477434,8.051293310747395,20.876013210841588
12.256506958477434,8.276291518384834,20.876013210841588
12.2518080334688,8.501289726022272,20.876013210841588
12.2518080334688,8.726287933659712,20.876013210841588
8.09108281193348,8.95128614129715,20.876013210841588
8.09108281193348,9.176284348934589,20.876013210841588
8.09108281193348,9.401282556572028,20.876013210841588
8.09108281193348,9.626280764209465,20.876013210841588
8.09108281193348,9.851278971846906,20.876013210841588
8.09108281193348,10.076277179484343,20.876013210841588
8.09108281193348,10.301275387121782,20.876013210841588
8.09108281193348,10.526273594759221,20.876013210841588
8.09108281193348,10.75127180239666,20.876013210841588
8.09108281193348,10.976270010034098,20.876013210841588
8.09108281193348,11.201268217671537,20.876013210841588
8.09108281193348,11.426266425308976,20.876013210841588
8.09108281193348,11.651264632946415,20.876013210841588
8.09108281193348,11.876262840583854,20.876013210841588
8.09108281193348,12.101261048221293,20.876013210841588
8.09108281193348,12.32625925585873,20.876013210841588
8.09108281193348,12.551257463496169,20.876013210841588
8.09108281193348,12.776255671133608,20.876013210841588
8.09108281193348,13.001253878771047,20.876013210841588
12.258461705124729,1.9763417045365497,21.70260289250588
12.258461705124729,2.2013399121739883,21.70260289250588
12.258461705124729,2.426338119811427,21.70260289250588
12.258461705124729,2.651336327448866,21.70260289250588
12.258461705124729,2.8763345350863045,21.70260289250588
12.258461705124729,3.101332742723743,21.70260289250588
12.258461705124729,3.326330950361182,21.70260289250588
12.258461705124729,3.551329157998621,21.70260289250588
12.258461705124729,3.7763273656360594,21.70260289250588
12.258461705124729,4.001325573273498,21.70260289250588
12.258461705124729,4.226323780910937,21.70260289250588
12.258461705124729,4.451321988548376,21.70260289250588
12.258461705124729,4.676320196185815,21.70260289250588
12.258461705124729,4.901318403823253,21.70260289250588
12.258461705124729,5.126316611460692,21.70260289250588
12.258461705124729,5.35131481909813,21.70260289250588
12.258461705124729,5.576313026735569,21.70260289250588
12.258461705124729,5.801311234373008,21.70260289250588
12.258461705124729,6.026309442010446,21.70260289250588
12.258461705124729,6.251307649647885,21.70260289250588
12.258461705124729,6.476305857285324,21.70260289250588
12.258461705124729,6.701304064922763,21.70260289250588
12.259293220577664,6.926302272560202,21.70260289250588
12.259293220577664,7.15130048019764,21.70260289250588
12.259293220577664,7.376298687835079,21.70260289250588
12.259293220577664,7.601296895472518,21.70260289250588
12.259293220577664,7.826295103109956,21.70260289250588
12.256506958477434,8.051293310747395,21.70260289250588
12.256506958477434,8.276291518384834,21.70260289250588
12.2518080334688,8.501289726022272,21.70260289250588
12.2518080334688,8.726287933659712,21.70260289250588
8.09108281193348,8.95128614129715,21.70260289250588
8.09108281193348,9.176284348934589,21.70260289250588
8.09108281193348,9.401282556572028,21.70260289250588
8.09108281193348,9.626280764209465,21.70260289250588
8.09108281193348,9.851278971846906,21.70260289250588
8.09108281193348,10.076277179484343,21.70260289250588
8.09108281193348,10.301275387121782,21.70260289250588
8.09108281193348,10.526273594759221,21.70260289250588
8.09108281193348,10.75127180239666,21.70260289250588
8.09108281193348,10.976270010034098,21.70260289250588
8.09108281193348,11.201268217671537,21.70260289250588
8.09108281193348,11.426266425308976,21.70260289250588
8.09108281193348,11.651264632946415,21.70260289250588
8.09108281193348,11.876262840583854,21.70260289250588
8.09108281193348,12.101261048221293,21.70260289250588
8.09108281193348,12.32625925585873,21.70260289250588
8.09108281193348,12.551257463496169,21.70260289250588
8.09108281193348,12.776255671133608,21.70260289250588
8.09108281193348,13.001253878771047,21.70260289250588
12.258461705124729,1.9763417045365497,22.52919257417017
12.258461705124729,2.2013399121739883,22.52919257417017
12.258461705124729,2.426338119811427,22.52919257417017
12.258461705124729,2.651336327448866,22.52919257417017
12.258461705124729,2.8763345350863045,22.52919257417017
12.258461705124729,3.101332742723743,22.52919257417017
12.258461705124729,3.326330950361182,22.52919257417017
12.258461705124729,3.551329157998621,22.52919257417017
12.258461705124729,3.7763273656360594,22.52919257417017
12.258461705124729,4.001325573273498,22.52919257417017
12.258461705124729,4.226323780910937,22.52919257417017
12.258461705124729,4.451321988548376,22.52919257417017
12.258461705124729,4.676320196185815,22.52919257417017
12.258461705124729,4.901318403823253,22.52919257417017
12.258461705124729,5.126316611460692,22.52919257417017
12.258461705124729,5.35131481909813,22.52919257417017
12.258461705124729,5.576313026735569,22.52919257417017
12.258461705124729,5.801311234373008,22.52919257417017
12.258461705124729,6.026309442010446,22.52919257417017
12.258461705124729,6.251307649647885,22.52919257417017
12.258461705124729,6.476305857285324,22.52919257417017
12.258461705124729,6.701304064922763,22.52919257417017
12.259293220577664,6.926302272560202,22.52919257417017
12.259293220577664,7.15130048019764,22.52919257417017
12.259293220577664,7.376298687835079,22.52919257417017
12.259293220577664,7.601296895472518,22.52919257417017
12.259293220577664,7.826295103109956,22.52919257417017
12.256506958477434,8.051293310747395,22.52919257417017
12.256506958477434,8.276291518384834,22.52919257417017
12.2518080334688,8.501289726022272,22.52919257417017
12.2518080334688,8.726287933659712,22.52919257417017
8.09108281193348,8.95128614129715,22.52919257417017
8.09108281193348,9.176284348934589,22.52919257417017
8.09108281193348,9.401282556572028,22.52919257417017
8.09108281193348,9.626280764209465,22.52919257417017
8.09108281193348,9.851278971846906,22.52919257417017
8.09108281193348,10.076277179484343,22.52919257417017
8.09108281193348,10.301275387121782,22.52919257417017
8.09108281193348,10.526273594759221,22.52919257417017
8.09108281193348,10.75127180239666,22.52919257417017
8.09108281193348,10.976270010034098,22.52919257417017
8.09108281193348,11.201268217671537,22.52919257417017
8.09108281193348,11.426266425308976,22.52919257417017
8.09108281193348,11.651264632946415,22.52919257417017
8.09108281193348,11.876262840583854,22.52919257417017
8.09108281193348,12.101261048221293,22.52919257417017
8.09108281193348,12.32625925585873,22.52919257417017
8.09108281193348,12.551257463496169,22.52919257417017
8.09108281193348,12.776255671133608,22.52919257417017
8.09108281193348,13.001253878771047,22.52919257417017
12.258461705124729,1.9763417045365497,23.355782255834463
12.258461705124729,2.2013399121739883,23.355782255834463
12.258461705124729,2.426338119811427,23.355782255834463
12.258461705124729,2.651336327448866,23.355782255834463
12.258461705124729,2.8763345350863045,23.355782255834463
12.258461705124729,3.101332742723743,23.355782255834463
12.258461705124729,3.326330950361182,23.355782255834463
12.258461705124729,3.551329157998621,23.355782255834463
12.258461705124729,3.7763273656360594,23.355782255834463
12.258461705124729,4.001325573273498,23.355782255834463
12.258461705124729,4.226323780910937,23.355782255834463
12.258461705124729,4.451321988548376,23.355782255834463
12.258461705124729,4.676320196185815,23.355782255834463
12.258461705124729,4.901318403823253,23.355782255834463
12.258461705124729,5.126316611460692,23.355782255834463
12.258461705124729,5.35131481909813,23.355782255834463
12.258461705124729,5.576313026735569,23.355782255834463
12.258461705124729,5.801311234373008,23.355782255834463
12.258461705124729,6.026309442010446,23.355782255834463
12.258461705124729,6.251307649647885,23.355782255834463
12.258461705124729,6.476305857285324,23.355782255834463
12.258461705124729,6.701304064922763,23.355782255834463
12.259293220577664,6.926302272560202,23.355782255834463
12.259293220577664,7.15130048019764,23.355782255834463
12.259293220577664,7.376298687835079,23.355782255834463
12.259293220577664,7.601296895472518,23.355782255834463
12.259293220577664,7.826295103109956,23.355782255834463
12.256506958477434,8.051293310747395,23.355782255834463
12.256506958477434,8.276291518384834,23.355782255834463
12.2518080334688,8.501289726022272,23.355782255834463
12.2518080334688,8.726287933659712,23.355782255834463
8.09108281193348,8.95128614129715,23.355782255834463
8.09108281193348,9.176284348934589,23.355782255834463
8.09108281193348,9.401282556572028,23.355782255834463
8.09108281193348,9.626280764209465,23.355782255834463
8.09108281193348,9.851278971846906,23.355782255834463
8.09108281193348,10.076277179484343,23.355782255834463
8.09108281193348,10.301275387121782,23.355782255834463
8.09108281193348,10.526273594759221,23.355782255834463
8.09108281193348,10.75127180239666,23.355782255834463
8.09108281193348,10.976270010034098,23.355782255834463
8.09108281193348,11.201268217671537,23.355782255834463
8.09108281193348,11.426266425308976,23.355782255834463
8.09108281193348,11.651264632946415,23.355782255834463
8.09108281193348,11.876262840583854,23.355782255834463
8.09108281193348,12.101261048221293,23.355782255834463
8.09108281193348,12.32625925585873,23.355782255834463
8.09108281193348,12.551257463496169,23.355782255834463
8.09108281193348,12.776255671133608,23.355782255834463
8.09108281193348,13.001253878771047,23.355782255834463
11.795768286617172,1.9763417045365497,24.182371937498754
11.795768286617172,2.2013399121739883,24.182371937498754
11.795768286617172,2.426338119811427,24.182371937498754
11.795768286617172,2.651336327448866,24.182371937498754
11.795768286617172,2.8763345350863045,24.182371937498754
11.795768286617172,3.101332742723743,24.182371937498754
11.795768286617172,3.326330950361182,24.182371937498754
11.795768286617172,3.551329157998621,24.182371937498754
11.795768286617172,3.7763273656360594,24.182371937498754
11.795768286617172,4.001325573273498,24.182371937498754
11.795768286617172,4.226323780910937,24.182371937498754
11.795768286617172,4.451321988548376,24.182371937498754
11.795768286617172,4.676320196185815,24.182371937498754
11.795768286617172,4.901318403823253,24.182371937498754
11.795768286617172,5.126316611460692,24.182371937498754
11.795768286617172,5.35131481909813,24.182371937498754
11.795768286617172,5.576313026735569,24.182371937498754
11.795768286617172,5.801311234373008,24.182371937498754
11.795768286617172,6.026309442010446,24.182371937498754
11.795768286617172,6.251307649647885,24.182371937498754
11.795768286617172,6.476305857285324,24.182371937498754
11.795768286617172,6.701304064922763,24.182371937498754
11.796571539732696,6.926302272560202,24.182371937498754
11.796571539732696,7.15130048019764,24.182371937498754
11.796571539732696,7.376298687835079,24.182371937498754
11.796571539732696,7.601296895472518,24.182371937498754
11.796571539732696,7.826295103109956,24.182371937498754
11.79389061975858,8.051293310747395,24.182371937498754
11.79389061975858,8.276291518384834,24.182371937498754
11.789364598926173,8.501289726022272,24.182371937498754
11.789364598926173,8.726287933659712,24.182371937498754
7.93994338523395,8.95128614129715,24.182371937498754
7.93994338523395,9.176284348934589,24.182371937498754
7.93994338523395,9.401282556572028,24.182371937498754
7.93994338523395,9.626280764209465,24.182371937498754
7.93994338523395,9.851278971846906,24.182371937498754
7.93994338523395,10.076277179484343,24.182371937498754
7.93994338523395,10.301275387121782,24.182371937498754
7.93994338523395,10.526273594759221,24.182371937498754
7.93994338523395,10.75127180239666,24.182371937498754
7.93994338523395,10.976270010034098,24.182371937498754
7.93994338523395,11.201268217671537,24.182371937498754
7.93994338523395,11.426266425308976,24.182371937498754
7.93994338523395,11.651264632946415,24.182371937498754
7.93994338523395,11.876262840583854,24.182371937498754
7.93994338523395,12.101261048221293,24.182371937498754
7.93994338523395,12.32625925585873,24.182371937498754
7.93994338523395,12.551257463496169,24.182371937498754
7.93994338523395,12.776255671133608,24.182371937498754
7.93994338523395,13.001253878771047,24.182371937498754
11.795768286617172,1.9763417045365497,25.008961619163045
11.795768286617172,2.2013399121739883,25.008961619163045
11.795768286617172,2.426338119811427,25.008961619163045
11.795768286617172,2.651336327448866,25.008961619163045
11.795768286617172,2.8763345350863045,25.008961619163045
11.795768286617172,3.101332742723743,25.008961619163045
11.795768286617172,3.326330950361182,25.008961619163045
11.795768286617172,3.551329157998621,25.008961619163045
11.795768286617172,3.7763273656360594,25.008961619163045
11.795768286617172,4.001325573273498,25.008961619163045
11.795768286617172,4.226323780910937,25.008961619163045
11.795768286617172,4.451321988548376,25.008961619163045
11.795768286617172,4.676320196185815,25.008961619163045
11.795768286617172,4.901318403823253,25.008961619163045
11.795768286617172,5.126316611460692,25.008961619163045
11.795768286617172,5.35131481909813,25.008961619163045
11.795768286617172,5.576313026735569,25.008961619163045
11.795768286617172,5.801311234373008,25.008961619163045
11.795768286617172,6.026309442010446,25.008961619163045
11.795768286617172,6.251307649647885,25.008961619163045
11.795768286617172,6.476305857285324,25.008961619163045
11.795768286617172,6.701304064922763,25.008961619163045
11.796571539732696,6.926302272560202,25.008961619163045
11.796571539732696,7.15130048019764,25.008961619163045
11.796571539732696,7.376298687835079,25.008961619163045
11.796571539732696,7.601296895472518,25.008961619163045
11.796571539732696,7.826295103109956,25.008961619163045
11.79389061975858,8.051293310747395,25.008961619163045
11.79389061975858,8.276291518384834,25.008961619163045
11.789364598926173,8.501289726022272,25.008961619163045
11.789364598926173,8.726287933659712,25.008961619163045
7.93994338523395,8.95128614129715,25.008961619163045
7.93994338523395,9.176284348934589,25.008961619163045
7.93994338523395,9.401282556572028,25.008961619163045
7.93994338523395,9.626280764209465,25.008961619163045
7.93994338523395,9.851278971846906,25.008961619163045
7.93994338523395,10.076277179484343,25.008961619163045
7.93994338523395,10.301275387121782,25.008961619163045
7.93994338523395,10.526273594759221,25.008961619163045
7.93994338523395,10.75127180239666,25.008961619163045
7.93994338523395,10.976270010034098,25.008961619163045
7.93994338523395,11.201268217671537,25.008961619163045
7.93994338523395,11.426266425308976,25.008961619163045
7.93994338523395,11.651264632946415,25.008961619163045
7.93994338523395,11.876262840583854,25.008961619163045
7.93994338523395,12.101261048221293,25.008961619163045
7.93994338523395,12.32625925585873,25.008961619163045
7.93994338523395,12.551257463496169,25.008961619163045
7.93994338523395,12.776255671133608,25.008961619163045
7.93994338523395,13.001253878771047,25.008961619163045
11.795768286617172,1.9763417045365497,25.835551300827337
11.795768286617172,2.2013399121739883,25.835551300827337
11.795768286617172,2.426338119811427,25.835551300827337
11.795768286617172,2.651336327448866,25.835551300827337
11.795768286617172,2.8763345350863045,25.835551300827337
11.795768286617172,3.101332742723743,25.835551300827337
11.795768286617172,3.326330950361182,25.835551300827337
11.795768286617172,3.551329157998621,25.835551300827337
11.795768286617172,3.7763273656360594,25.835551300827337
11.795768286617172,4.001325573273498,25.835551300827337
11.795768286617172,4.226323780910937,25.835551300827337
11.795768286617172,4.451321988548376,25.835551300827337
11.795768286617172,4.676320196185815,25.835551300827337
11.795768286617172,4.901318403823253,25.835551300827337
11.795768286617172,5.126316611460692,25.835551300827337
11.795768286617172,5.35131481909813,25.835551300827337
11.795768286617172,5.576313026735569,25.835551300827337
11.795768286617172,5.801311234373008,25.835551300827337
11.795768286617172,6.026309442010446,25.835551300827337
11.795768286617172,6.251307649647885,25.835551300827337
11.795768286617172,6.476305857285324,25.835551300827337
11.795768286617172,6.701304064922763,25.835551300827337
11.796571539732696,6.926302272560202,25.835551300827337
11.796571539732696,7.15130048019764,25.835551300827337
11.796571539732696,7.376298687835079,25.835551300827337
11.796571539732696,7.601296895472518,25.835551300827337
11.796571539732696,7.826295103109956,25.835551300827337
11.79389061975858,8.051293310747395,25.835551300827337
11.79389061975858,8.276291518384834,25.835551300827337
11.789364598926173,8.501289726022272,25.835551300827337
11.789364598926173,8.726287933659712,25.835551300827337
7.93994338523395,8.95128614129715,25.835551300827337
7.93994338523395,9.176284348934589,25.835551300827337
7.93994338523395,9.401282556572028,25.835551300827337
7.93994338523395,9.626280764209465,25.835551300827337
7.93994338523395,9.851278971846906,25.835551300827337
7.93994338523395,10.076277179484343,25.835551300827337
7.93994338523395,10.301275387121782,25.835551300827337
7.93994338523395,10.526273594759221,25.835551300827337
7.93994338523395,10.75127180239666,25.835551300827337
7.93994338523395,10.976270010034098,25.835551300827337
7.93994338523395,11.201268217671537,25.835551300827337
7.93994338523395,11.426266425308976,25.835551300827337
7.93994338523395,11.651264632946415,25.835551300827337
7.93994338523395,11.876262840583854,25.835551300827337
7.93994338523395,12.101261048221293,25.835551300827337
7.93994338523395,12.32625925585873,25.835551300827337
7.93994338523395,12.551257463496169,25.835551300827337
7.93994338523395,12.776255671133608,25.835551300827337
7.93994338523395,13.001253878771047,25.835551300827337
11.795768286617172,1.9763417045365497,26.66214098249163
11.795768286617172,2.2013399121739883,26.66214098249163
11.795768286617172,2.426338119811427,26.66214098249163
11.795768286617172,2.651336327448866,26.66214098249163
11.795768286617172,2.8763345350863045,26.66214098249163
11.795768286617172,3.101332742723743,26.66214098249163
11.795768286617172,3.326330950361182,26.66214098249163
11.795768286617172,3.551329157998621,26.66214098249163
11.795768286617172,3.7763273656360594,26.66214098249163
11.795768286617172,4.001325573273498,26.66214098249163
11.795768286617172,4.226323780910937,26.66214098249163
11.795768286617172,4.451321988548376,26.66214098249163
11.795768286617172,4.676320196185815,26.66214098249163
11.795768286617172,4.901318403823253,26.66214098249163
11.795768286617172,5.126316611460692,26.66214098249163
11.795768286617172,5.35131481909813,26.66214098249163
11.795768286617172,5.576313026735569,26.66214098249163
11.795768286617172,5.801311234373008,26.66214098249163
11.795768286617172,6.026309442010446,26.66214098249163
11.795768286617172,6.251307649647885,26.66214098249163
11.795768286617172,6.476305857285324,26.66214098249163
11.795768286617172,6.701304064922763,26.66214098249163
11.796571539732696,6.926302272560202,26.66214098249163
11.796571539732696,7.15130048019764,26.66214098249163
11.796571539732696,7.376298687835079,26.66214098249163
11.796571539732696,7.601296895472518,26.66214098249163
11.796571539732696,7.826295103109956,26.66214098249163
11.79389061975858,8.051293310747395,26.66214098249163
11.79389061975858,8.276291518384834,26.66214098249163
11.789364598926173,8.501289726022272,26.66214098249163
11.789364598926173,8.726287933659712,26.66214098249163
7.93994338523395,8.95128614129715,26.66214098249163
7.93994338523395,9.176284348934589,26.66214098249163
7.93994338523395,9.401282556572028,26.66214098249163
7.93994338523395,9.626280764209465,26.66214098249163
7.93994338523395,9.851278971846906,26.66214098249163
7.93994338523395,10.076277179484343,26.66214098249163
7.93994338523395,10.301275387121782,26.66214098249163
7.93994338523395,10.526273594759221,26.66214098249163
7.93994338523395,10.75127180239666,26.66214098249163
7.93994338523395,10.976270010034098,26.66214098249163
7.93994338523395,11.201268217671537,26.66214098249163
7.93994338523395,11.426266425308976,26.66214098249163
7.93994338523395,11.651264632946415,26.66214098249163
7.93994338523395,11.876262840583854,26.66214098249163
7.93994338523395,12.101261048221293,26.66214098249163
7.93994338523395,12.32625925585873,26.66214098249163
7.93994338523395,12.551257463496169,26.66214098249163
7.93994338523395,12.776255671133608,26.66214098249163
7.93994338523395,13.001253878771047,26.66214098249163
11.795768286617172,1.9763417045365497,27.48873066415592
11.795768286617172,2.2013399121739883,27.48873066415592
11.795768286617172,2.426338119811427,27.48873066415592
11.795768286617172,2.651336327448866,27.48873066415592
11.795768286617172,2.8763345350863045,27.48873066415592
11.795768286617172,3.101332742723743,27.48873066415592
11.795768286617172,3.326330950361182,27.48873066415592
11.795768286617172,3.551329157998621,27.48873066415592
11.795768286617172,3.7763273656360594,27.48873066415592
11.795768286617172,4.001325573273498,27.48873066415592
11.795768286617172,4.226323780910937,27.48873066415592
11.795768286617172,4.451321988548376,27.48873066415592
11.795768286617172,4.676320196185815,27.48873066415592
11.795768286617172,4.901318403823253,27.48873066415592
11.795768286617172,5.126316611460692,27.48873066415592
11.795768286617172,5.35131481909813,27.48873066415592
11.795768286617172,5.576313026735569,27.48873066415592
11.795768286617172,5.801311234373008,27.48873066415592
11.795768286617172,6.026309442010446,27.48873066415592
11.795768286617172,6.251307649647885,27.48873066415592
11.795768286617172,6.476305857285324,27.48873066415592
11.795768286617172,6.701304064922763,27.48873066415592
11.796571539732696,6.926302272560202,27.48873066415592
11.796571539732696,7.15130048019764,27.48873066415592
11.796571539732696,7.376298687835079,27.48873066415592
11.796571539732696,7.601296895472518,27.48873066415592
11.796571539732696,7.826295103109956,27.48873066415592
11.79389061975858,8.051293310747395,27.48873066415592
11.79389061975858,8.276291518384834,27.48873066415592
11.789364598926173,8.501289726022272,27.48873066415592
11.789364598926173,8.726287933659712,27.48873066415592
7.93994338523395,8.95128614129715,27.48873066415592
7.93994338523395,9.176284348934589,27.48873066415592
7.93994338523395,9.401282556572028,27.48873066415592
7.93994338523395,9.626280764209465,27.48873066415592
7.93994338523395,9.851278971846906,27.48873066415592
7.93994338523395,10.076277179484343,27.48873066415592
7.93994338523395,10.301275387121782,27.48873066415592
7.93994338523395,10.526273594759221,27.48873066415592
7.93994338523395,10.75127180239666,27.48873066415592
7.93994338523395,10.976270010034098,27.48873066415592
7.93994338523395,11.201268217671537,27.48873066415592
7.93994338523395,11.426266425308976,27.48873066415592
7.93994338523395,11.651264632946415,27.48873066415592
7.93994338523395,11.876262840583854,27.48873066415592
7.93994338523395,12.101261048221293,27.48873066415592
7.93994338523395,12.32625925585873,27.48873066415592
7.93994338523395,12.551257463496169,27.48873066415592
7.93994338523395,12.776255671133608,27.48873066415592
7.93994338523395,13.001253878771047,27.48873066415592
11.796057985670133,1.9763417045365497,28.31532034582021
11.796057985670133,2.2013399121739883,28.31532034582021
11.796057985670133,2.426338119811427,28.31532034582021
11.796057985670133,2.651336327448866,28.31532034582021
11.796057985670133,2.8763345350863045,28.31532034582021
11.796057985670133,3.101332742723743,28.31532034582021
11.796057985670133,3.326330950361182,28.31532034582021
11.796057985670133,3.551329157998621,28.31532034582021
11.796057985670133,3.7763273656360594,28.31532034582021
11.796057985670133,4.001325573273498,28.31532034582021
11.796057985670133,4.226323780910937,28.31532034582021
11.796057985670133,4.451321988548376,28.31532034582021
11.796057985670133,4.676320196185815,28.31532034582021
11.796057985670133,4.901318403823253,28.31532034582021
11.796057985670133,5.126316611460692,28.31532034582021
11.796057985670133,5.35131481909813,28.31532034582021
11.796057985670133,5.576313026735569,28.31532034582021
11.796057985670133,5.801311234373008,28.31532034582021
11.796057985670133,6.026309442010446,28.31532034582021
11.796057985670133,6.251307649647885,28.31532034582021
11.796057985670133,6.476305857285324,28.31532034582021
11.796057985670133,6.701304064922763,28.31532034582021
11.796865128415178,6.926302272560202,28.31532034582021
11.796865128415178,7.15130048019764,28.31532034582021
11.796865128415178,7.376298687835079,28.31532034582021
11.796865128415178,7.601296895472518,28.31532034582021
11.796865128415178,7.826295103109956,28.31532034582021
11.79417575390071,8.051293310747395,28.31532034582021
11.79417575390071,8.276291518384834,28.31532034582021
11.789633437385678,8.501289726022272,28.31532034582021
11.789633437385678,8.726287933659712,28.31532034582021
7.940123119397812,8.95128614129715,28.31532034582021
7.940123119397812,9.176284348934589,28.31532034582021
7.940123119397812,9.401282556572028,28.31532034582021
7.940123119397812,9.626280764209465,28.31532034582021
7.940123119397812,9.851278971846906,28.31532034582021
7.940123119397812,10.076277179484343,28.31532034582021
7.940123119397812,10.301275387121782,28.31532034582021
7.940123119397812,10.526273594759221,28.31532034582021
7.940123119397812,10.75127180239666,28.31532034582021
7.940123119397812,10.976270010034098,28.31532034582021
7.940123119397812,11.201268217671537,28.31532034582021
7.940123119397812,11.426266425308976,28.31532034582021
7.940123119397812,11.651264632946415,28.31532034582021
7.940123119397812,11.876262840583854,28.31532034582021
7.940123119397812,12.101261048221293,28.31532034582021
7.940123119397812,12.32625925585873,28.31532034582021
7.940123119397812,12.551257463496169,28.31532034582021
7.940123119397812,12.776255671133608,28.31532034582021
7.940123119397812,13.001253878771047,28.31532034582021
11.796057985670133,1.9763417045365497,29.141910027484506
11.796057985670133,2.2013399121739883,29.141910027484506
11.796057985670133,2.426338119811427,29.141910027484506
11.796057985670133,2.651336327448866,29.141910027484506
11.796057985670133,2.8763345350863045,29.141910027484506
11.796057985670133,3.101332742723743,29.141910027484506
11.796057985670133,3.326330950361182,29.141910027484506
11.796057985670133,3.551329157998621,29.141910027484506
11.796057985670133,3.7763273656360594,29.141910027484506
11.796057985670133,4.001325573273498,29.141910027484506
11.796057985670133,4.226323780910937,29.141910027484506
11.796057985670133,4.451321988548376,29.141910027484506
11.796057985670133,4.676320196185815,29.141910027484506
11.796057985670133,4.901318403823253,29.141910027484506
11.796057985670133,5.126316611460692,29.141910027484506
11.796057985670133,5.35131481909813,29.141910027484506
11.796057985670133,5.576313026735569,29.141910027484506
11.796057985670133,5.801311234373008,29.141910027484506
11.796057985670133,6.026309442010446,29.141910027484506
11.796057985670133,6.251307649647885,29.141910027484506
11.796057985670133,6.476305857285324,29.141910027484506
11.796057985670133,6.701304064922763,29.141910027484506
11.796865128415178,6.926302272560202,29.141910027484506
11.796865128415178,7.15130048019764,29.141910027484506
11.796865128415178,7.376298687835079,29.141910027484506
11.796865128415178,7.601296895472518,29.141910027484506
11.796865128415178,7.826295103109956,29.141910027484506
11.79417575390071,8.051293310747395,29.141910027484506
11.79417575390071,8.276291518384834,29.141910027484506
11.789633437385678,8.501289726022272,29.141910027484506
11.789633437385678,8.726287933659712,29.141910027484506
7.940123119397812,8.95128614129715,29.141910027484506
7.940123119397812,9.176284348934589,29.141910027484506
7.940123119397812,9.401282556572028,29.141910027484506
7.940123119397812,9.626280764209465,29.141910027484506
7.940123119397812,9.851278971846906,29.141910027484506
7.940123119397812,10.076277179484343,29.141910027484506
7.940123119397812,10.301275387121782,29.141910027484506
7.940123119397812,10.526273594759221,29.141910027484506
7.940123119397812,10.75127180239666,29.141910027484506
7.940123119397812,10.976270010034098,29.141910027484506
7.940123119397812,11.201268217671537,29.141910027484506
7.940123119397812,11.426266425308976,29.141910027484506
7.940123119397812,11.651264632946415,29.141910027484506
7.940123119397812,11.876262840583854,29.141910027484506
7.940123119397812,12.101261048221293,29.141910027484506
7.940123119397812,12.32625925585873,29.141910027484506
7.940123119397812,12.551257463496169,29.141910027484506
7.940123119397812,12.776255671133608,29.141910027484506
7.940123119397812,13.001253878771047,29.141910027484506
11.796057985670133,1.9763417045365497,29.968499709148798
11.796057985670133,2.2013399121739883,29.968499709148798
11.796057985670133,2.426338119811427,29.968499709148798
11.796057985670133,2.651336327448866,29.968499709148798
11.796057985670133,2.8763345350863045,29.968499709148798
11.796057985670133,3.101332742723743,29.968499709148798
11.796057985670133,3.326330950361182,29.968499709148798
11.796057985670133,3.551329157998621,29.968499709148798
11.796057985670133,3.7763273656360594,29.968499709148798
11.796057985670133,4.001325573273498,29.968499709148798
11.796057985670133,4.226323780910937,29.968499709148798
11.796057985670133,4.451321988548376,29.968499709148798
11.796057985670133,4.676320196185815,29.968499709148798
11.796057985670133,4.901318403823253,29.968499709148798
11.796057985670133,5.126316611460692,29.968499709148798
11.796057985670133,5.35131481909813,29.968499709148798
11.796057985670133,5.576313026735569,29.968499709148798
11.796057985670133,5.801311234373008,29.968499709148798
11.796057985670133,6.026309442010446,29.968499709148798
11.796057985670133,6.251307649647885,29.968499709148798
11.796057985670133,6.476305857285324,29.968499709148798
11.796057985670133,6.701304064922763,29.968499709148798
11.796865128415178,6.926302272560202,29.968499709148798
11.796865128415178,7.15130048019764,29.968499709148798
11.796865128415178,7.376298687835079,29.968499709148798
11.796865128415178,7.601296895472518,29.968499709148798
11.796865128415178,7.826295103109956,29.968499709148798
11.79417575390071,8.051293310747395,29.968499709148798
11.79417575390071,8.276291518384834,29.968499709148798
11.789633437385678,8.501289726022272,29.968499709148798
11.789633437385678,8.726287933659712,29.968499709148798
7.940123119397812,8.95128614129715,29.968499709148798
7.940123119397812,9.176284348934589,29.968499709148798
7.940123119397812,9.401282556572028,29.968499709148798
7.940123119397812,9.626280764209465,29.968499709148798
7.940123119397812,9.851278971846906,29.968499709148798
7.940123119397812,10.076277179484343,29.968499709148798
7.940123119397812,10.301275387121782,29.968499709148798
7.940123119397812,10.526273594759221,29.968499709148798
7.940123119397812,10.75127180239666,29.968499709148798
7.940123119397812,10.976270010034098,29.968499709148798
7.940123119397812,11.201268217671537,29.968499709148798
7.940123119397812,11.426266425308976,29.968499709148798
7.940123119397812,11.651264632946415,29.968499709148798
7.940123119397812,11.876262840583854,29.968499709148798
7.940123119397812,12.101261048221293,29.968499709148798
7.940123119397812,12.32625925585873,29.968499709148798
7.940123119397812,12.551257463496169,29.968499709148798
7.940123119397812,12.776255671133608,29.968499709148798
7.940123119397812,13.001253878771047,29.968499709148798
11.796057985670133,1.9763417045365497,30.79508939081309
11.796057985670133,2.2013399121739883,30.79508939081309
11.796057985670133,2.426338119811427,30.79508939081309
11.796057985670133,2.651336327448866,30.79508939081309
11.796057985670133,2.8763345350863045,30.79508939081309
11.796057985670133,3.101332742723743,30.79508939081309
11.796057985670133,3.326330950361182,30.79508939081309
11.796057985670133,3.551329157998621,30.79508939081309
11.796057985670133,3.7763273656360594,30.79508939081309
11.796057985670133,4.001325573273498,30.79508939081309
11.796057985670133,4.226323780910937,30.79508939081309
11.796057985670133,4.451321988548376,30.79508939081309
11.796057985670133,4.676320196185815,30.79508939081309
11.796057985670133,4.901318403823253,30.79508939081309
11.796057985670133,5.126316611460692,30.79508939081309
11.796057985670133,5.35131481909813,30.79508939081309
11.796057985670133,5.576313026735569,30.79508939081309
11.796057985670133,5.801311234373008,30.79508939081309
11.796057985670133,6.026309442010446,30.79508939081309
11.796057985670133,6.251307649647885,30.79508939081309
11.796057985670133,6.476305857285324,30.79508939081309
11.796057985670133,6.701304064922763,30.79508939081309
11.796865128415178,6.926302272560202,30.79508939081309
11.796865128415178,7.15130048019764,30.79508939081309
11.796865128415178,7.376298687835079,30.79508939081309
11.796865128415178,7.601296895472518,30.79508939081309
11.796865128415178,7.826295103109956,30.79508939081309
11.79417575390071,8.051293310747395,30.79508939081309
11.79417575390071,8.276291518384834,30.79508939081309
11.789633437385678,8.501289726022272,30.79508939081309
11.789633437385678,8.726287933659712,30.79508939081309
7.940123119397812,8.95128614129715,30.79508939081309
7.940123119397812,9.176284348934589,30.79508939081309
7.940123119397812,9.401282556572028,30.79508939081309
7.940123119397812,9.626280764209465,30.79508939081309
7.940123119397812,9.851278971846906,30.79508939081309
7.940123119397812,10.076277179484343,30.79508939081309
7.940123119397812,10.301275387121782,30.79508939081309
7.940123119397812,10.526273594759221,30.79508939081309
7.940123119397812,10.75127180239666,30.79508939081309
7.940123119397812,10.976270010034098,30.79508939081309
7.940123119397812,11.201268217671537,30.79508939081309
7.940123119397812,11.426266425308976,30.79508939081309
7.940123119397812,11.651264632946415,30.79508939081309
7.940123119397812,11.876262840583854,30.79508939081309
7.940123119397812,12.101261048221293,30.79508939081309
7.940123119397812,12.32625925585873,30.79508939081309
7.940123119397812,12.551257463496169,30.79508939081309
7.940123119397812,12.776255671133608,30.79508939081309
7.940123119397812,13.001253878771047,30.79508939081309
11.796057985670133,1.9763417045365497,31.62167907247738
11.796057985670133,2.2013399121739883,31.62167907247738
11.796057985670133,2.426338119811427,31.62167907247738
11.796057985670133,2.651336327448866,31.62167907247738
11.796057985670133,2.8763345350863045,31.62167907247738
11.796057985670133,3.101332742723743,31.62167907247738
11.796057985670133,3.326330950361182,31.62167907247738
11.796057985670133,3.551329157998621,31.62167907247738
11.796057985670133,3.7763273656360594,31.62167907247738
11.796057985670133,4.001325573273498,31.62167907247738
11.796057985670133,4.226323780910937,31.62167907247738
11.796057985670133,4.451321988548376,31.62167907247738
11.796057985670133,4.676320196185815,31.62167907247738
11.796057985670133,4.901318403823253,31.62167907247738
11.796057985670133,5.126316611460692,31.62167907247738
11.796057985670133,5.35131481909813,31.62167907247738
11.796057985670133,5.576313026735569,31.62167907247738
11.796057985670133,5.801311234373008,31.62167907247738
11.796057985670133,6.026309442010446,31.62167907247738
11.796057985670133,6.251307649647885,31.62167907247738
11.796057985670133,6.476305857285324,31.62167907247738
11.796057985670133,6.701304064922763,31.62167907247738
11.796865128415178,6.926302272560202,31.62167907247738
11.796865128415178,7.15130048019764,31.62167907247738
11.796865128415178,7.376298687835079,31.62167907247738
11.796865128415178,7.601296895472518,31.62167907247738
11.796865128415178,7.826295103109956,31.62167907247738
11.79417575390071,8.051293310747395,31.62167907247738
11.79417575390071,8.276291518384834,31.62167907247738
11.789633437385678,8.501289726022272,31.62167907247738
11.789633437385678,8.726287933659712,31.62167907247738
7.940123119397812,8.95128614129715,31.62167907247738
7.940123119397812,9.176284348934589,31.62167907247738
7.940123119397812,9.401282556572028,31.62167907247738
7.940123119397812,9.626280764209465,31.62167907247738
7.940123119397812,9.851278971846906,31.62167907247738
7.940123119397812,10.076277179484343,31.62167907247738
7.940123119397812,10.301275387121782,31.62167907247738
7.940123119397812,10.526273594759221,31.62167907247738
7.940123119397812,10.75127180239666,31.62167907247738
7.940123119397812,10.976270010034098,31.62167907247738
7.940123119397812,11.201268217671537,31.62167907247738
7.940123119397812,11.426266425308976,31.62167907247738
7.940123119397812,11.651264632946415,31.62167907247738
7.940123119397812,11.876262840583854,31.62167907247738
7.940123119397812,12.101261048221293,31.62167907247738
7.940123119397812,12.32625925585873,31.62167907247738
7.940123119397812,12.551257463496169,31.62167907247738
7.940123119397812,12.776255671133608,31.62167907247738
7.940123119397812,13.001253878771047,31.62167907247738
11.796057985670133,1.9763417045365497,32.44826875414167
11.796057985670133,2.2013399121739883,32.44826875414167
11.796057985670133,2.426338119811427,32.44826875414167
11.796057985670133,2.651336327448866,32.44826875414167
11.796057985670133,2.8763345350863045,32.44826875414167
11.796057985670133,3.101332742723743,32.44826875414167
11.796057985670133,3.326330950361182,32.44826875414167
11.796057985670133,3.551329157998621,32.44826875414167
11.796057985670133,3.7763273656360594,32.44826875414167
11.796057985670133,4.001325573273498,32.44826875414167
11.796057985670133,4.226323780910937,32.44826875414167
11.796057985670133,4.451321988548376,32.44826875414167
11.796057985670133,4.676320196185815,32.44826875414167
11.796057985670133,4.901318403823253,32.44826875414167
11.796057985670133,5.126316611460692,32.44826875414167
11.796057985670133,5.35131481909813,32.44826875414167
11.796057985670133,5.576313026735569,32.44826875414167
11.796057985670133,5.801311234373008,32.44826875414167
11.796057985670133,6.026309442010446,32.44826875414167
11.796057985670133,6.251307649647885,32.44826875414167
11.796057985670133,6.476305857285324,32.44826875414167
11.796057985670133,6.701304064922763,32.44826875414167
11.796865128415178,6.926302272560202,32.44826875414167
11.796865128415178,7.15130048019764,32.44826875414167
11.796865128415178,7.376298687835079,32.44826875414167
11.796865128415178,7.601296895472518,32.44826875414167
11.796865128415178,7.826295103109956,32.44826875414167
11.79417575390071,8.051293310747395,32.44826875414167
11.79417575390071,8.276291518384834,32.44826875414167
11.789633437385678,8.501289726022272,32.44826875414167
11.789633437385678,8.726287933659712,32.44826875414167
7.940123119397812,8.95128614129715,32.44826875414167
7.940123119397812,9.176284348934589,32.44826875414167
7.940123119397812,9.401282556572028,32.44826875414167
7.940123119397812,9.626280764209465,32.44826875414167
7.940123119397812,9.851278971846906,32.44826875414167
7.940123119397812,10.076277179484343,32.44826875414167
7.940123119397812,10.301275387121782,32.44826875414167
7.940123119397812,10.526273594759221,32.44826875414167
7.940123119397812,10.75127180239666,32.44826875414167
7.940123119397812,10.976270010034098,32.44826875414167
7.940123119397812,11.201268217671537,32.44826875414167
7.940123119397812,11.426266425308976,32.44826875414167
7.940123119397812,11.651264632946415,32.44826875414167
7.940123119397812,11.876262840583854,32.44826875414167
7.940123119397812,12.101261048221293,32.44826875414167
7.940123119397812,12.32625925585873,32.44826875414167
7.940123119397812,12.551257463496169,32.44826875414167
7.940123119397812,12.776255671133608,32.44826875414167
7.940123119397812,13.001253878771047,32.44826875414167
11.796057985670133,1.9763417045365497,33.27485843580597
11.796057985670133,2.2013399121739883,33.27485843580597
11.796057985670133,2.426338119811427,33.27485843580597
11.796057985670133,2.651336327448866,33.27485843580597
11.796057985670133,2.8763345350863045,33.27485843580597
11.796057985670133,3.101332742723743,33.27485843580597
11.796057985670133,3.326330950361182,33.27485843580597
11.796057985670133,3.551329157998621,33.27485843580597
11.796057985670133,3.7763273656360594,33.27485843580597
11.796057985670133,4.001325573273498,33.27485843580597
11.796057985670133,4.226323780910937,33.27485843580597
11.796057985670133,4.451321988548376,33.27485843580597
11.796057985670133,4.676320196185815,33.27485843580597
11.796057985670133,4.901318403823253,33.27485843580597
11.796057985670133,5.126316611460692,33.27485843580597
11.796057985670133,5.35131481909813,33.27485843580597
11.796057985670133,5.576313026735569,33.27485843580597
11.796057985670133,5.801311234373008,33.27485843580597
11.796057985670133,6.026309442010446,33.27485843580597
11.796057985670133,6.251307649647885,33.27485843580597
11.796057985670133,6.476305857285324,33.27485843580597
11.796057985670133,6.701304064922763,33.27485843580597
11.796865128415178,6.926302272560202,33.27485843580597
11.796865128415178,7.15130048019764,33.27485843580597
11.796865128415178,7.376298687835079,33.27485843580597
11.796865128415178,7.601296895472518,33.27485843580597
11.796865128415178,7.826295103109956,33.27485843580597
11.79417575390071,8.051293310747395,33.27485843580597
11.79417575390071,8.276291518384834,33.27485843580597
11.789633437385678,8.501289726022272,33.27485843580597
11.789633437385678,8.726287933659712,33.27485843580597
7.940123119397812,8.95128614129715,33.27485843580597
7.940123119397812,9.176284348934589,33.27485843580597
7.940123119397812,9.401282556572028,33.27485843580597
7.940123119397812,9.626280764209465,33.27485843580597
7.940123119397812,9.851278971846906,33.27485843580597
7.940123119397812,10.076277179484343,33.27485843580597
7.940123119397812,10.301275387121782,33.27485843580597
7.940123119397812,10.526273594759221,33.27485843580597
7.940123119397812,10.75127180239666,33.27485843580597
7.940123119397812,10.976270010034098,33.27485843580597
7.940123119397812,11.201268217671537,33.27485843580597
7.940123119397812,11.426266425308976,33.27485843580597
7.940123119397812,11.651264632946415,33.27485843580597
7.940123119397812,11.876262840583854,33.27485843580597
7.940123119397812,12.101261048221293,33.27485843580597
7.940123119397812,12.32625925585873,33.27485843580597
7.940123119397812,12.551257463496169,33.27485843580597
7.940123119397812,12.776255671133608,33.27485843580597
7.940123119397812,13.001253878771047,33.27485843580597
11.796057985670133,1.9763417045365497,34.101448117470255
11.796057985670133,2.2013399121739883,34.101448117470255
11.796057985670133,2.426338119811427,34.101448117470255
11.796057985670133,2.651336327448866,34.101448117470255
11.796057985670133,2.8763345350863045,34.101448117470255
11.796057985670133,3.101332742723743,34.101448117470255
11.796057985670133,3.326330950361182,34.101448117470255
11.796057985670133,3.551329157998621,34.101448117470255
11.796057985670133,3.7763273656360594,34.101448117470255
11.796057985670133,4.001325573273498,34.101448117470255
11.796057985670133,4.226323780910937,34.101448117470255
11.796057985670133,4.451321988548376,34.101448117470255
11.796057985670133,4.676320196185815,34.101448117470255
11.796057985670133,4.901318403823253,34.101448117470255
11.796057985670133,5.126316611460692,34.101448117470255
11.796057985670133,5.35131481909813,34.101448117470255
11.796057985670133,5.576313026735569,34.101448117470255
11.796057985670133,5.801311234373008,34.101448117470255
11.796057985670133,6.026309442010446,34.101448117470255
11.796057985670133,6.251307649647885,34.101448117470255
11.796057985670133,6.476305857285324,34.101448117470255
11.796057985670133,6.701304064922763,34.101448117470255
11.796865128415178,6.926302272560202,34.101448117470255
11.796865128415178,7.15130048019764,34.101448117470255
11.796865128415178,7.376298687835079,34.101448117470255
11.796865128415178,7.601296895472518,34.101448117470255
11.796865128415178,7.826295103109956,34.101448117470255
11.79417575390071,8.051293310747395,34.101448117470255
11.79417575390071,8.276291518384834,34.101448117470255
11.789633437385678,8.501289726022272,34.101448117470255
11.789633437385678,8.726287933659712,34.101448117470255
7.940123119397812,8.95128614129715,34.101448117470255
7.940123119397812,9.176284348934589,34.101448117470255
7.940123119397812,9.401282556572028,34.101448117470255
7.940123119397812,9.626280764209465,34.101448117470255
7.940123119397812,9.851278971846906,34.101448117470255
7.940123119397812,10.076277179484343,34.101448117470255
7.940123119397812,10.301275387121782,34.101448117470255
7.940123119397812,10.526273594759221,34.101448117470255
7.940123119397812,10.75127180239666,34.101448117470255
7.940123119397812,10.976270010034098,34.101448117470255
7.940123119397812,11.201268217671537,34.101448117470255
7.940123119397812,11.426266425308976,34.101448117470255
7.940123119397812,11.651264632946415,34.101448117470255
7.940123119397812,11.876262840583854,34.101448117470255
7.940123119397812,12.101261048221293,34.101448117470255
7.940123119397812,12.32625925585873,34.101448117470255
7.940123119397812,12.551257463496169,34.101448117470255
7.940123119397812,12.776255671133608,34.101448117470255
7.940123119397812,13.001253878771047,34.101448117470255
11.796057985670133,1.9763417045365497,34.92803779913454
11.796057985670133,2.2013399121739883,34.92803779913454
11.796057985670133,2.426338119811427,34.92803779913454
11.796057985670133,2.651336327448866,34.92803779913454
11.796057985670133,2.8763345350863045,34.92803779913454
11.796057985670133,3.101332742723743,34.92803779913454
11.796057985670133,3.326330950361182,34.92803779913454
11.796057985670133,3.551329157998621,34.92803779913454
11.796057985670133,3.7763273656360594,34.92803779913454
11.796057985670133,4.001325573273498,34.92803779913454
11.796057985670133,4.226323780910937,34.92803779913454
11.796057985670133,4.451321988548376,34.92803779913454
11.796057985670133,4.676320196185815,34.92803779913454
11.796057985670133,4.901318403823253,34.92803779913454
11.796057985670133,5.126316611460692,34.92803779913454
11.796057985670133,5.35131481909813,34.92803779913454
11.796057985670133,5.576313026735569,34.92803779913454
11.796057985670133,5.801311234373008,34.92803779913454
11.796057985670133,6.026309442010446,34.92803779913454
11.796057985670133,6.251307649647885,34.92803779913454
11.796057985670133,6.476305857285324,34.92803779913454
11.796057985670133,6.701304064922763,34.92803779913454
11.796865128415178,6.926302272560202,34.92803779913454
11.796865128415178,7.15130048019764,34.92803779913454
11.796865128415178,7.376298687835079,34.92803779913454
11.796865128415178,7.601296895472518,34.92803779913454
11.796865128415178,7.826295103109956,34.92803779913454
11.79417575390071,8.051293310747395,34.92803779913454
11.79417575390071,8.276291518384834,34.92803779913454
11.789649444205903,8.501289726022272,34.92803779913454
11.789649444205903,8.726287933659712,34.92803779913454
7.940133977460813,8.95128614129715,34.92803779913454
7.940133977460813,9.176284348934589,34.92803779913454
7.940133977460813,9.401282556572028,34.92803779913454
7.940133977460813,9.626280764209465,34.92803779913454
7.940133977460813,9.851278971846906,34.92803779913454
7.940133977460813,10.076277179484343,34.92803779913454
7.940133977460813,10.301275387121782,34.92803779913454
7.940133977460813,10.526273594759221,34.92803779913454
7.940133977460813,10.75127180239666,34.92803779913454
7.940133977460813,10.976270010034098,34.92803779913454
7.940133977460813,11.201268217671537,34.92803779913454
7.940133977460813,11.426266425308976,34.92803779913454
7.940133977460813,11.651264632946415,34.92803779913454
7.940133977460813,11.876262840583854,34.92803779913454
7.940133977460813,12.101261048221293,34.92803779913454
7.940133977460813,12.32625925585873,34.92803779913454
7.940133977460813,12.551257463496169,34.92803779913454
7.940133977460813,12.776255671133608,34.92803779913454
7.940133977460813,13.001253878771047,34.92803779913454
11.796057985670133,1.9763417045365497,35.75462748079884
11.796057985670133,2.2013399121739883,35.75462748079884
11.796057985670133,2.426338119811427,35.75462748079884
11.796057985670133,2.651336327448866,35.75462748079884
11.796057985670133,2.8763345350863045,35.75462748079884
11.796057985670133,3.101332742723743,35.75462748079884
11.796057985670133,3.326330950361182,35.75462748079884
11.796057985670133,3.551329157998621,35.75462748079884
11.796057985670133,3.7763273656360594,35.75462748079884
11.796057985670133,4.001325573273498,35.75462748079884
11.796057985670133,4.226323780910937,35.75462748079884
11.796057985670133,4.451321988548376,35.75462748079884
11.796057985670133,4.676320196185815,35.75462748079884
11.796057985670133,4.901318403823253,35.75462748079884
11.796057985670133,5.126316611460692,35.75462748079884
11.796057985670133,5.35131481909813,35.75462748079884
11.796057985670133,5.576313026735569,35.75462748079884
11.796057985670133,5.801311234373008,35.75462748079884
11.796057985670133,6.026309442010446,35.75462748079884
11.796057985670133,6.251307649647885,35.75462748079884
11.796057985670133,6.476305857285324,35.75462748079884
11.796057985670133,6.701304064922763,35.75462748079884
11.796865128415178,6.926302272560202,35.75462748079884
11.796865128415178,7.15130048019764,35.75462748079884
11.796865128415178,7.376298687835079,35.75462748079884
11.796865128415178,7.601296895472518,35.75462748079884
11.796865128415178,7.826295103109956,35.75462748079884
11.79417575390071,8.051293310747395,35.75462748079884
11.79417575390071,8.276291518384834,35.75462748079884
11.789649444205903,8.501289726022272,35.75462748079884
11.789649444205903,8.726287933659712,35.75462748079884
11.730349592138072,8.95128614129715,35.75462748079884
11.730349592138072,9.176284348934589,35.75462748079884
11.730349592138072,9.401282556572028,35.75462748079884
11.730349592138072,9.626280764209465,35.75462748079884
11.730349592138072,9.851278971846906,35.75462748079884
11.730349592138072,10.076277179484343,35.75462748079884
11.730349592138072,10.301275387121782,35.75462748079884
11.730349592138072,10.526273594759221,35.75462748079884
11.730349592138072,10.75127180239666,35.75462748079884
11.730349592138072,10.976270010034098,35.75462748079884
11.730349592138072,11.201268217671537,35.75462748079884
11.730349592138072,11.426266425308976,35.75462748079884
11.730349592138072,11.651264632946415,35.75462748079884
11.730349592138072,11.876262840583854,35.75462748079884
11.730349592138072,12.101261048221293,35.75462748079884
11.730349592138072,12.32625925585873,35.75462748079884
11.730349592138072,12.551257463496169,35.75462748079884
11.730349592138072,12.776255671133608,35.75462748079884
11.730349592138072,13.001253878771047,35.75462748079884
11.796057985670133,1.9763417045365497,36.58121716246313
11.796057985670133,2.2013399121739883,36.58121716246313
11.796057985670133,2.426338119811427,36.58121716246313
11.796057985670133,2.651336327448866,36.58121716246313
11.796057985670133,2.8763345350863045,36.58121716246313
11.796057985670133,3.101332742723743,36.58121716246313
11.796057985670133,3.326330950361182,36.58121716246313
11.796057985670133,3.551329157998621,36.58121716246313
11.796057985670133,3.7763273656360594,36.58121716246313
11.796057985670133,4.001325573273498,36.58121716246313
11.796057985670133,4.226323780910937,36.58121716246313
11.796057985670133,4.451321988548376,36.58121716246313
11.796057985670133,4.676320196185815,36.58121716246313
11.796057985670133,4.901318403823253,36.58121716246313
11.796057985670133,5.126316611460692,36.58121716246313
11.796057985670133,5.35131481909813,36.58121716246313
11.796057985670133,5.576313026735569,36.58121716246313
11.796057985670133,5.801311234373008,36.58121716246313
11.796057985670133,6.026309442010446,36.58121716246313
11.796057985670133,6.251307649647885,36.58121716246313
11.796057985670133,6.476305857285324,36.58121716246313
11.796057985670133,6.701304064922763,36.58121716246313
11.796865128415178,6.926302272560202,36.58121716246313
11.796865128415178,7.15130048019764,36.58121716246313
11.796865128415178,7.376298687835079,36.58121716246313
11.796865128415178,7.601296895472518,36.58121716246313
11.796865128415178,7.826295103109956,36.58121716246313
11.79417575390071,8.051293310747395,36.58121716246313
11.79417575390071,8.276291518384834,36.58121716246313
11.789649444205903,8.501289726022272,36.58121716246313
11.789649444205903,8.726287933659712,36.58121716246313
11.730349592138072,8.95128614129715,36.58121716246313
11.730349592138072,9.176284348934589,36.58121716246313
11.730349592138072,9.401282556572028,36.58121716246313
11.730349592138072,9.626280764209465,36.58121716246313
11.730349592138072,9.851278971846906,36.58121716246313
11.730349592138072,10.076277179484343,36.58121716246313
11.730349592138072,10.301275387121782,36.58121716246313
11.730349592138072,10.526273594759221,36.58121716246313
11.730349592138072,10.75127180239666,36.58121716246313
11.730349592138072,10.976270010034098,36.58121716246313
11.730349592138072,11.201268217671537,36.58121716246313
11.730349592138072,11.426266425308976,36.58121716246313
11.730349592138072,11.651264632946415,36.58121716246313
11.730349592138072,11.876262840583854,36.58121716246313
11.730349592138072,12.101261048221293,36.58121716246313
11.730349592138072,12.32625925585873,36.58121716246313
11.730349592138072,12.551257463496169,36.58121716246313
11.730349592138072,12.776255671133608,36.58121716246313
11.730349592138072,13.001253878771047,36.58121716246313
11.796057985670133,1.9763417045365497,37.40780684412742
11.796057985670133,2.2013399121739883,37.40780684412742
11.796057985670133,2.426338119811427,37.40780684412742
11.796057985670133,2.651336327448866,37.40780684412742
11.796057985670133,2.8763345350863045,37.40780684412742
11.796057985670133,3.101332742723743,37.40780684412742
11.796057985670133,3.326330950361182,37.40780684412742
11.796057985670133,3.551329157998621,37.40780684412742
11.796057985670133,3.7763273656360594,37.40780684412742
11.796057985670133,4.001325573273498,37.40780684412742
11.796057985670133,4.226323780910937,37.40780684412742
11.796057985670133,4.451321988548376,37.40780684412742
11.796057985670133,4.676320196185815,37.40780684412742
11.796057985670133,4.901318403823253,37.40780684412742
11.796057985670133,5.126316611460692,37.40780684412742
11.796057985670133,5.35131481909813,37.40780684412742
11.796057985670133,5.576313026735569,37.40780684412742
11.796057985670133,5.801311234373008,37.40780684412742
11.796057985670133,6.026309442010446,37.40780684412742
11.796057985670133,6.251307649647885,37.40780684412742
11.796057985670133,6.476305857285324,37.40780684412742
11.796057985670133,6.701304064922763,37.40780684412742
11.796865128415178,6.926302272560202,37.40780684412742
11.796865128415178,7.15130048019764,37.40780684412742
11.796865128415178,7.376298687835079,37.40780684412742
11.796865128415178,7.601296895472518,37.40780684412742
11.796865128415178,7.826295103109956,37.40780684412742
11.79417575390071,8.051293310747395,37.40780684412742
11.79417575390071,8.276291518384834,37.40780684412742
11.789649444205903,8.501289726022272,37.40780684412742
11.789649444205903,8.726287933659712,37.40780684412742
11.730349592138072,8.95128614129715,37.40780684412742
11.730349592138072,9.176284348934589,37.40780684412742
11.730349592138072,9.401282556572028,37.40780684412742
11.730349592138072,9.626280764209465,37.40780684412742
11.730349592138072,9.851278971846906,37.40780684412742
11.730349592138072,10.076277179484343,37.40780684412742
11.730349592138072,10.301275387121782,37.40780684412742
11.730349592138072,10.526273594759221,37.40780684412742
11.730349592138072,10.75127180239666,37.40780684412742
11.730349592138072,10.976270010034098,37.40780684412742
11.730349592138072,11.201268217671537,37.40780684412742
11.730349592138072,11.426266425308976,37.40780684412742
11.730349592138072,11.651264632946415,37.40780684412742
11.730349592138072,11.876262840583854,37.40780684412742
11.730349592138072,12.101261048221293,37.40780684412742
11.730349592138072,12.32625925585873,37.40780684412742
11.730349592138072,12.551257463496169,37.40780684412742
11.730349592138072,12.776255671133608,37.40780684412742
11.730349592138072,13.001253878771047,37.40780684412742
11.796057985670133,1.9763417045365497,38.23439652579171
11.796057985670133,2.2013399121739883,38.23439652579171
11.796057985670133,2.426338119811427,38.23439652579171
11.796057985670133,2.651336327448866,38.23439652579171
11.796057985670133,2.8763345350863045,38.23439652579171
11.796057985670133,3.101332742723743,38.23439652579171
11.796057985670133,3.326330950361182,38.23439652579171
11.796057985670133,3.551329157998621,38.23439652579171
11.796057985670133,3.7763273656360594,38.23439652579171
11.796057985670133,4.001325573273498,38.23439652579171
11.796057985670133,4.226323780910937,38.23439652579171
11.796057985670133,4.451321988548376,38.23439652579171
11.796057985670133,4.676320196185815,38.23439652579171
11.796057985670133,4.901318403823253,38.23439652579171
11.796057985670133,5.126316611460692,38.23439652579171
11.796057985670133,5.35131481909813,38.23439652579171
11.796057985670133,5.576313026735569,38.23439652579171
11.796057985670133,5.801311234373008,38.23439652579171
11.796057985670133,6.026309442010446,38.23439652579171
11.796057985670133,6.251307649647885,38.23439652579171
11.796057985670133,6.476305857285324,38.23439652579171
11.796057985670133,6.701304064922763,38.23439652579171
11.796865128415178,6.926302272560202,38.23439652579171
11.796865128415178,7.15130048019764,38.23439652579171
11.796865128415178,7.376298687835079,38.23439652579171
11.796865128415178,7.601296895472518,38.23439652579171
11.796865128415178,7.826295103109956,38.23439652579171
11.79417575390071,8.051293310747395,38.23439652579171
11.79417575390071,8.276291518384834,38.23439652579171
11.789649444205903,8.501289726022272,38.23439652579171
11.789649444205903,8.726287933659712,38.23439652579171
11.730349592138072,8.95128614129715,38.23439652579171
11.730349592138072,9.176284348934589,38.23439652579171
11.730349592138072,9.401282556572028,38.23439652579171
11.730349592138072,9.626280764209465,38.23439652579171
11.730349592138072,9.851278971846906,38.23439652579171
11.730349592138072,10.076277179484343,38.23439652579171
11.730349592138072,10.301275387121782,38.23439652579171
11.730349592138072,10.526273594759221,38.23439652579171
11.730349592138072,10.75127180239666,38.23439652579171
11.730349592138072,10.976270010034098,38.23439652579171
11.730349592138072,11.201268217671537,38.23439652579171
11.730349592138072,11.426266425308976,38.23439652579171
11.730349592138072,11.651264632946415,38.23439652579171
11.730349592138072,11.876262840583854,38.23439652579171
11.730349592138072,12.101261048221293,38.23439652579171
11.730349592138072,12.32625925585873,38.23439652579171
11.730349592138072,12.551257463496169,38.23439652579171
11.730349592138072,12.776255671133608,38.23439652579171
11.730349592138072,13.001253878771047,38.23439652579171
11.796057985670133,1.9763417045365497,39.060986207456004
11.796057985670133,2.2013399121739883,39.060986207456004
11.796057985670133,2.426338119811427,39.060986207456004
11.796057985670133,2.651336327448866,39.060986207456004
11.796057985670133,2.8763345350863045,39.060986207456004
11.796057985670133,3.101332742723743,39.060986207456004
11.796057985670133,3.326330950361182,39.060986207456004
11.796057985670133,3.551329157998621,39.060986207456004
11.796057985670133,3.7763273656360594,39.060986207456004
11.796057985670133,4.001325573273498,39.060986207456004
11.796057985670133,4.226323780910937,39.060986207456004
11.796057985670133,4.451321988548376,39.060986207456004
11.796057985670133,4.676320196185815,39.060986207456004
11.796057985670133,4.901318403823253,39.060986207456004
11.796057985670133,5.126316611460692,39.060986207456004
11.796057985670133,5.35131481909813,39.060986207456004
11.796057985670133,5.576313026735569,39.060986207456004
11.796057985670133,5.801311234373008,39.060986207456004
11.796057985670133,6.026309442010446,39.060986207456004
11.796057985670133,6.251307649647885,39.060986207456004
11.796057985670133,6.476305857285324,39.060986207456004
11.796057985670133,6.701304064922763,39.060986207456004
11.796865128415178,6.926302272560202,39.060986207456004
11.796865128415178,7.15130048019764,39.060986207456004
11.796865128415178,7.376298687835079,39.060986207456004
11.796865128415178,7.601296895472518,39.060986207456004
11.796865128415178,7.826295103109956,39.060986207456004
11.79417575390071,8.051293310747395,39.060986207456004
11.79417575390071,8.276291518384834,39.060986207456004
11.789649444205903,8.501289726022272,39.060986207456004
11.789649444205903,8.726287933659712,39.060986207456004
11.730349592138072,8.95128614129715,39.060986207456004
11.730349592138072,9.176284348934589,39.060986207456004
11.730349592138072,9.401282556572028,39.060986207456004
11.730349592138072,9.626280764209465,39.060986207456004
11.730349592138072,9.851278971846906,39.060986207456004
11.730349592138072,10.076277179484343,39.060986207456004
11.730349592138072,10.301275387121782,39.060986207456004
11.730349592138072,10.526273594759221,39.060986207456004
11.730349592138072,10.75127180239666,39.060986207456004
11.730349592138072,10.976270010034098,39.060986207456004
11.730349592138072,11.201268217671537,39.060986207456004
11.730349592138072,11.426266425308976,39.060986207456004
11.730349592138072,11.651264632946415,39.060986207456004
11.730349592138072,11.876262840583854,39.060986207456004
11.730349592138072,12.101261048221293,39.060986207456004
11.730349592138072,12.32625925585873,39.060986207456004
11.730349592138072,12.551257463496169,39.060986207456004
11.730349592138072,12.776255671133608,39.060986207456004
11.730349592138072,13.001253878771047,39.060986207456004
11.796057985670133,1.9763417045365497,39.8875758891203
11.796057985670133,2.2013399121739883,39.8875758891203
11.796057985670133,2.426338119811427,39.8875758891203
11.796057985670133,2.651336327448866,39.8875758891203
11.796057985670133,2.8763345350863045,39.8875758891203
11.796057985670133,3.101332742723743,39.8875758891203
11.796057985670133,3.326330950361182,39.8875758891203
11.796057985670133,3.551329157998621,39.8875758891203
11.796057985670133,3.7763273656360594,39.8875758891203
11.796057985670133,4.001325573273498,39.8875758891203
11.796057985670133,4.226323780910937,39.8875758891203
11.796057985670133,4.451321988548376,39.8875758891203
11.796057985670133,4.676320196185815,39.8875758891203
11.796057985670133,4.901318403823253,39.8875758891203
11.796057985670133,5.126316611460692,39.8875758891203
11.796057985670133,5.35131481909813,39.8875758891203
11.796057985670133,5.576313026735569,39.8875758891203
11.796057985670133,5.801311234373008,39.8875758891203
11.796057985670133,6.026309442010446,39.8875758891203
11.796057985670133,6.251307649647885,39.8875758891203
11.796057985670133,6.476305857285324,39.8875758891203
11.796057985670133,6.701304064922763,39.8875758891203
11.796865128415178,6.926302272560202,39.8875758891203
11.796865128415178,7.15130048019764,39.8875758891203
11.796865128415178,7.376298687835079,39.8875758891203
11.796865128415178,7.601296895472518,39.8875758891203
11.796865128415178,7.826295103109956,39.8875758891203
11.79417575390071,8.051293310747395,39.8875758891203
11.79417575390071,8.276291518384834,39.8875758891203
11.789649444205903,8.501289726022272,39.8875758891203
11.789649444205903,8.726287933659712,39.8875758891203
11.730349592138072,8.95128614129715,39.8875758891203
11.730349592138072,9.176284348934589,39.8875758891203
11.730349592138072,9.401282556572028,39.8875758891203
11.730349592138072,9.626280764209465,39.8875758891203
11.730349592138072,9.851278971846906,39.8875758891203
11.730349592138072,10.076277179484343,39.8875758891203
11.730349592138072,10.301275387121782,39.8875758891203
11.730349592138072,10.526273594759221,39.8875758891203
11.730349592138072,10.75127180239666,39.8875758891203
11.730349592138072,10.976270010034098,39.8875758891203
11.730349592138072,11.201268217671537,39.8875758891203
11.730349592138072,11.426266425308976,39.8875758891203
11.730349592138072,11.651264632946415,39.8875758891203
11.730349592138072,11.876262840583854,39.8875758891203
11.730349592138072,12.101261048221293,39.8875758891203
11.730349592138072,12.32625925585873,39.8875758891203
11.730349592138072,12.551257463496169,39.8875758891203
11.730349592138072,12.776255671133608,39.8875758891203
11.730349592138072,13.001253878771047,39.8875758891203
11.796057985670133,1.9763417045365497,40.71416557078459
11.796057985670133,2.2013399121739883,40.71416557078459
11.796057985670133,2.426338119811427,40.71416557078459
11.796057985670133,2.651336327448866,40.71416557078459
11.796057985670133,2.8763345350863045,40.71416557078459
11.796057985670133,3.101332742723743,40.71416557078459
11.796057985670133,3.326330950361182,40.71416557078459
11.796057985670133,3.551329157998621,40.71416557078459
11.796057985670133,3.7763273656360594,40.71416557078459
11.796057985670133,4.001325573273498,40.71416557078459
11.796057985670133,4.226323780910937,40.71416557078459
11.796057985670133,4.451321988548376,40.71416557078459
11.796057985670133,4.676320196185815,40.71416557078459
11.796057985670133,4.901318403823253,40.71416557078459
11.796057985670133,5.126316611460692,40.71416557078459
11.796057985670133,5.35131481909813,40.71416557078459
11.796057985670133,5.576313026735569,40.71416557078459
11.796057985670133,5.801311234373008,40.71416557078459
11.796057985670133,6.026309442010446,40.71416557078459
11.796057985670133,6.251307649647885,40.71416557078459
11.796057985670133,6.476305857285324,40.71416557078459
11.796057985670133,6.701304064922763,40.71416557078459
11.796865128415178,6.926302272560202,40.71416557078459
11.796865128415178,7.15130048019764,40.71416557078459
11.796865128415178,7.376298687835079,40.71416557078459
11.796865128415178,7.601296895472518,40.71416557078459
11.796865128415178,7.826295103109956,40.71416557078459
11.79417575390071,8.051293310747395,40.71416557078459
11.79417575390071,8.276291518384834,40.71416557078459
11.789649444205903,8.501289726022272,40.71416557078459
11.789649444205903,8.726287933659712,40.71416557078459
11.730349592138072,8.95128614129715,40.71416557078459
11.730349592138072,9.176284348934589,40.71416557078459
11.730349592138072,9.401282556572028,40.71416557078459
11.730349592138072,9.626280764209465,40.71416557078459
11.730349592138072,9.851278971846906,40.71416557078459
11.730349592138072,10.076277179484343,40.71416557078459
11.730349592138072,10.301275387121782,40.71416557078459
11.730349592138072,10.526273594759221,40.71416557078459
11.730349592138072,10.75127180239666,40.71416557078459
11.730349592138072,10.976270010034098,40.71416557078459
11.730349592138072,11.201268217671537,40.71416557078459
11.730349592138072,11.426266425308976,40.71416557078459
11.730349592138072,11.651264632946415,40.71416557078459
11.730349592138072,11.876262840583854,40.71416557078459
11.730349592138072,12.101261048221293,40.71416557078459
11.730349592138072,12.32625925585873,40.71416557078459
11.730349592138072,12.551257463496169,40.71416557078459
11.730349592138072,12.776255671133608,40.71416557078459
11.730349592138072,13.001253878771047,40.71416557078459
11.796057985670133,1.9763417045365497,41.54075525244888
11.796057985670133,2.2013399121739883,41.54075525244888
11.796057985670133,2.426338119811427,41.54075525244888
11.796057985670133,2.651336327448866,41.54075525244888
11.796057985670133,2.8763345350863045,41.54075525244888
11.796057985670133,3.101332742723743,41.54075525244888
11.796057985670133,3.326330950361182,41.54075525244888
11.796057985670133,3.551329157998621,41.54075525244888
11.796057985670133,3.7763273656360594,41.54075525244888
11.796057985670133,4.001325573273498,41.54075525244888
11.796057985670133,4.226323780910937,41.54075525244888
11.796057985670133,4.451321988548376,41.54075525244888
11.796057985670133,4.676320196185815,41.54075525244888
11.796057985670133,4.901318403823253,41.54075525244888
11.796057985670133,5.126316611460692,41.54075525244888
11.796057985670133,5.35131481909813,41.54075525244888
11.796057985670133,5.576313026735569,41.54075525244888
11.796057985670133,5.801311234373008,41.54075525244888
11.796057985670133,6.026309442010446,41.54075525244888
11.796057985670133,6.251307649647885,41.54075525244888
11.796057985670133,6.476305857285324,41.54075525244888
11.796057985670133,6.701304064922763,41.54075525244888
11.796865128415178,6.926302272560202,41.54075525244888
11.796865128415178,7.15130048019764,41.54075525244888
11.796865128415178,7.376298687835079,41.54075525244888
11.796865128415178,7.601296895472518,41.54075525244888
11.796865128415178,7.826295103109956,41.54075525244888
11.79417575390071,8.051293310747395,41.54075525244888
11.79417575390071,8.276291518384834,41.54075525244888
11.789649444205903,8.501289726022272,41.54075525244888
11.789649444205903,8.726287933659712,41.54075525244888
11.730349592138072,8.95128614129715,41.54075525244888
11.730349592138072,9.176284348934589,41.54075525244888
11.730349592138072,9.401282556572028,41.54075525244888
11.730349592138072,9.626280764209465,41.54075525244888
11.730349592138072,9.851278971846906,41.54075525244888
11.730349592138072,10.076277179484343,41.54075525244888
11.730349592138072,10.301275387121782,41.54075525244888
11.730349592138072,10.526273594759221,41.54075525244888
11.730349592138072,10.75127180239666,41.54075525244888
11.730349592138072,10.976270010034098,41.54075525244888
11.730349592138072,11.201268217671537,41.54075525244888
11.730349592138072,11.426266425308976,41.54075525244888
11.730349592138072,11.651264632946415,41.54075525244888
11.730349592138072,11.876262840583854,41.54075525244888
11.730349592138072,12.101261048221293,41.54075525244888
11.730349592138072,12.32625925585873,41.54075525244888
11.730349592138072,12.551257463496169,41.54075525244888
11.730349592138072,12.776255671133608,41.54075525244888
11.730349592138072,13.001253878771047,41.54075525244888
11.796057985670133,1.9763417045365497,42.36734493411317
11.796057985670133,2.2013399121739883,42.36734493411317
11.796057985670133,2.426338119811427,42.36734493411317
11.796057985670133,2.651336327448866,42.36734493411317
11.796057985670133,2.8763345350863045,42.36734493411317
11.796057985670133,3.101332742723743,42.36734493411317
11.796057985670133,3.326330950361182,42.36734493411317
11.796057985670133,3.551329157998621,42.36734493411317
11.796057985670133,3.7763273656360594,42.36734493411317
11.796057985670133,4.001325573273498,42.36734493411317
11.796057985670133,4.226323780910937,42.36734493411317
11.796057985670133,4.451321988548376,42.36734493411317
11.796057985670133,4.676320196185815,42.36734493411317
11.796057985670133,4.901318403823253,42.36734493411317
11.796057985670133,5.126316611460692,42.36734493411317
11.796057985670133,5.35131481909813,42.36734493411317
11.796057985670133,5.576313026735569,42.36734493411317
11.796057985670133,5.801311234373008,42.36734493411317
11.796057985670133,6.026309442010446,42.36734493411317
11.796057985670133,6.251307649647885,42.36734493411317
11.796057985670133,6.476305857285324,42.36734493411317
11.796057985670133,6.701304064922763,42.36734493411317
11.796865128415178,6.926302272560202,42.36734493411317
11.796865128415178,7.15130048019764,42.36734493411317
11.796865128415178,7.376298687835079,42.36734493411317
11.796865128415178,7.601296895472518,42.36734493411317
11.796865128415178,7.826295103109956,42.36734493411317
11.79417575390071,8.051293310747395,42.36734493411317
11.79417575390071,8.276291518384834,42.36734493411317
11.789649444205903,8.501289726022272,42.36734493411317
11.789649444205903,8.726287933659712,42.36734493411317
11.730349592138072,8.95128614129715,42.36734493411317
11.730349592138072,9.176284348934589,42.36734493411317
11.730349592138072,9.401282556572028,42.36734493411317
11.730349592138072,9.626280764209465,42.36734493411317
11.730349592138072,9.851278971846906,42.36734493411317
11.730349592138072,10.076277179484343,42.36734493411317
11.730349592138072,10.301275387121782,42.36734493411317
11.730349592138072,10.526273594759221,42.36734493411317
11.730349592138072,10.75127180239666,42.36734493411317
11.730349592138072,10.976270010034098,42.36734493411317
11.730349592138072,11.201268217671537,42.36734493411317
11.730349592138072,11.426266425308976,42.36734493411317
11.730349592138072,11.651264632946415,42.36734493411317
11.730349592138072,11.876262840583854,42.36734493411317
11.730349592138072,12.101261048221293,42.36734493411317
11.730349592138072,12.32625925585873,42.36734493411317
11.730349592138072,12.551257463496169,42.36734493411317
11.730349592138072,12.776255671133608,42.36734493411317
11.730349592138072,13.001253878771047,42.36734493411317
11.796057985670133,1.9763417045365497,43.193934615777465
11.796057985670133,2.2013399121739883,43.193934615777465
11.796057985670133,2.426338119811427,43.193934615777465
11.796057985670133,2.651336327448866,43.193934615777465
11.796057985670133,2.8763345350863045,43.193934615777465
11.796057985670133,3.101332742723743,43.193934615777465
11.796057985670133,3.326330950361182,43.193934615777465
11.796057985670133,3.551329157998621,43.193934615777465
11.796057985670133,3.7763273656360594,43.193934615777465
11.796057985670133,4.001325573273498,43.193934615777465
11.796057985670133,4.226323780910937,43.193934615777465
11.796057985670133,4.451321988548376,43.193934615777465
11.796057985670133,4.676320196185815,43.193934615777465
11.796057985670133,4.901318403823253,43.193934615777465
11.796057985670133,5.126316611460692,43.193934615777465
11.796057985670133,5.35131481909813,43.193934615777465
11.796057985670133,5.576313026735569,43.193934615777465
11.796057985670133,5.801311234373008,43.193934615777465
11.796057985670133,6.026309442010446,43.193934615777465
11.796057985670133,6.251307649647885,43.193934615777465
11.796057985670133,6.476305857285324,43.193934615777465
11.796057985670133,6.701304064922763,43.193934615777465
11.796865128415178,6.926302272560202,43.193934615777465
11.796865128415178,7.15130048019764,43.193934615777465
11.796865128415178,7.376298687835079,43.193934615777465
11.796865128415178,7.601296895472518,43.193934615777465
11.796865128415178,7.826295103109956,43.193934615777465
11.79417575390071,8.051293310747395,43.193934615777465
11.79417575390071,8.276291518384834,43.193934615777465
11.789649444205903,8.501289726022272,43.193934615777465
11.789649444205903,8.726287933659712,43.193934615777465
11.730349592138072,8.95128614129715,43.193934615777465
11.730349592138072,9.176284348934589,43.193934615777465
11.730349592138072,9.401282556572028,43.193934615777465
11.730349592138072,9.626280764209465,43.193934615777465
11.730349592138072,9.851278971846906,43.193934615777465
11.730349592138072,10.076277179484343,43.193934615777465
11.730349592138072,10.301275387121782,43.193934615777465
11.730349592138072,10.526273594759221,43.193934615777465
11.730349592138072,10.75127180239666,43.193934615777465
11.730349592138072,10.976270010034098,43.193934615777465
11.730349592138072,11.201268217671537,43.193934615777465
11.730349592138072,11.426266425308976,43.193934615777465
11.730349592138072,11.651264632946415,43.193934615777465
11.730349592138072,11.876262840583854,43.193934615777465
11.730349592138072,12.101261048221293,43.193934615777465
11.730349592138072,12.32625925585873,43.193934615777465
11.730349592138072,12.551257463496169,43.193934615777465
11.730349592138072,12.776255671133608,43.193934615777465
11.730349592138072,13.001253878771047,43.193934615777465
11.796057985670133,1.9763417045365497,44.02052429744175
11.796057985670133,2.2013399121739883,44.02052429744175
11.796057985670133,2.426338119811427,44.02052429744175
11.796057985670133,2.651336327448866,44.02052429744175
11.796057985670133,2.8763345350863045,44.02052429744175
11.796057985670133,3.101332742723743,44.02052429744175
11.796057985670133,3.326330950361182,44.02052429744175
11.796057985670133,3.551329157998621,44.02052429744175
11.796057985670133,3.7763273656360594,44.02052429744175
11.796057985670133,4.001325573273498,44.02052429744175
11.796057985670133,4.226323780910937,44.02052429744175
11.796057985670133,4.451321988548376,44.02052429744175
11.796057985670133,4.676320196185815,44.02052429744175
11.796057985670133,4.901318403823253,44.02052429744175
11.796057985670133,5.126316611460692,44.02052429744175
11.796057985670133,5.35131481909813,44.02052429744175
11.796057985670133,5.576313026735569,44.02052429744175
11.796057985670133,5.801311234373008,44.02052429744175
11.796057985670133,6.026309442010446,44.02052429744175
11.796057985670133,6.251307649647885,44.02052429744175
11.796057985670133,6.476305857285324,44.02052429744175
11.796057985670133,6.701304064922763,44.02052429744175
11.796865128415178,6.926302272560202,44.02052429744175
11.796865128415178,7.15130048019764,44.02052429744175
11.796865128415178,7.376298687835079,44.02052429744175
11.796865128415178,7.601296895472518,44.02052429744175
11.796865128415178,7.826295103109956,44.02052429744175
11.79417575390071,8.051293310747395,44.02052429744175
11.79417575390071,8.276291518384834,44.02052429744175
11.789649444205903,8.501289726022272,44.02052429744175
11.789649444205903,8.726287933659712,44.02052429744175
11.730349592138072,8.95128614129715,44.02052429744175
11.730349592138072,9.176284348934589,44.02052429744175
11.730349592138072,9.401282556572028,44.02052429744175
11.730349592138072,9.626280764209465,44.02052429744175
11.730349592138072,9.851278971846906,44.02052429744175
11.730349592138072,10.076277179484343,44.02052429744175
11.730349592138072,10.301275387121782,44.02052429744175
11.730349592138072,10.526273594759221,44.02052429744175
11.730349592138072,10.75127180239666,44.02052429744175
11.730349592138072,10.976270010034098,44.02052429744175
11.730349592138072,11.201268217671537,44.02052429744175
11.730349592138072,11.426266425308976,44.02052429744175
11.730349592138072,11.651264632946415,44.02052429744175
11.730349592138072,11.876262840583854,44.02052429744175
11.730349592138072,12.101261048221293,44.02052429744175
11.730349592138072,12.32625925585873,44.02052429744175
11.730349592138072,12.551257463496169,44.02052429744175
11.730349592138072,12.776255671133608,44.02052429744175
11.730349592138072,13.001253878771047,44.02052429744175
11.796057985670133,1.9763417045365497,44.84711397910605
11.796057985670133,2.2013399121739883,44.84711397910605
11.796057985670133,2.426338119811427,44.84711397910605
11.796057985670133,2.651336327448866,44.84711397910605
11.796057985670133,2.8763345350863045,44.84711397910605
11.796057985670133,3.101332742723743,44.84711397910605
11.796057985670133,3.326330950361182,44.84711397910605
11.796057985670133,3.551329157998621,44.84711397910605
11.796057985670133,3.7763273656360594,44.84711397910605
11.796057985670133,4.001325573273498,44.84711397910605
11.796057985670133,4.226323780910937,44.84711397910605
11.796057985670133,4.451321988548376,44.84711397910605
11.796057985670133,4.676320196185815,44.84711397910605
11.796057985670133,4.901318403823253,44.84711397910605
11.796057985670133,5.126316611460692,44.84711397910605
11.796057985670133,5.35131481909813,44.84711397910605
11.796057985670133,5.576313026735569,44.84711397910605
11.796057985670133,5.801311234373008,44.84711397910605
11.796057985670133,6.026309442010446,44.84711397910605
11.796057985670133,6.251307649647885,44.84711397910605
11.796057985670133,6.476305857285324,44.84711397910605
11.796057985670133,6.701304064922763,44.84711397910605
11.796865128415178,6.926302272560202,44.84711397910605
11.796865128415178,7.15130048019764,44.84711397910605
11.796865128415178,7.376298687835079,44.84711397910605
11.796865128415178,7.601296895472518,44.84711397910605
11.796865128415178,7.826295103109956,44.84711397910605
11.79417575390071,8.051293310747395,44.84711397910605
11.79417575390071,8.276291518384834,44.84711397910605
11.789649444205903,8.501289726022272,44.84711397910605
11.789649444205903,8.726287933659712,44.84711397910605
11.730349592138072,8.95128614129715,44.84711397910605
11.730349592138072,9.176284348934589,44.84711397910605
11.730349592138072,9.401282556572028,44.84711397910605
11.730349592138072,9.626280764209465,44.84711397910605
11.730349592138072,9.851278971846906,44.84711397910605
11.730349592138072,10.076277179484343,44.84711397910605
11.730349592138072,10.301275387121782,44.84711397910605
11.730349592138072,10.526273594759221,44.84711397910605
11.730349592138072,10.75127180239666,44.84711397910605
11.730349592138072,10.976270010034098,44.84711397910605
11.730349592138072,11.201268217671537,44.84711397910605
11.730349592138072,11.426266425308976,44.84711397910605
11.730349592138072,11.651264632946415,44.84711397910605
11.730349592138072,11.876262840583854,44.84711397910605
11.730349592138072,12.101261048221293,44.84711397910605
11.730349592138072,12.32625925585873,44.84711397910605
11.730349592138072,12.551257463496169,44.84711397910605
11.730349592138072,12.776255671133608,44.84711397910605
11.730349592138072,13.001253878771047,44.84711397910605
11.796057985670133,1.9763417045365497,45.673703660770336
11.796057985670133,2.2013399121739883,45.673703660770336
11.796057985670133,2.426338119811427,45.673703660770336
11.796057985670133,2.651336327448866,45.673703660770336
11.796057985670133,2.8763345350863045,45.673703660770336
11.796057985670133,3.101332742723743,45.673703660770336
11.796057985670133,3.326330950361182,45.673703660770336
11.796057985670133,3.551329157998621,45.673703660770336
11.796057985670133,3.7763273656360594,45.673703660770336
11.796057985670133,4.001325573273498,45.673703660770336
11.796057985670133,4.226323780910937,45.673703660770336
11.796057985670133,4.451321988548376,45.673703660770336
11.796057985670133,4.676320196185815,45.673703660770336
11.796057985670133,4.901318403823253,45.673703660770336
11.796057985670133,5.126316611460692,45.673703660770336
11.796057985670133,5.35131481909813,45.673703660770336
11.796057985670133,5.576313026735569,45.673703660770336
11.796057985670133,5.801311234373008,45.673703660770336
11.796057985670133,6.026309442010446,45.673703660770336
11.796057985670133,6.251307649647885,45.673703660770336
11.796057985670133,6.476305857285324,45.673703660770336
11.796057985670133,6.701304064922763,45.673703660770336
11.796865128415178,6.926302272560202,45.673703660770336
11.796865128415178,7.15130048019764,45.673703660770336
11.796865128415178,7.376298687835079,45.673703660770336
11.796865128415178,7.601296895472518,45.673703660770336
11.796865128415178,7.826295103109956,45.673703660770336
11.79417575390071,8.051293310747395,45.673703660770336
11.79417575390071,8.276291518384834,45.673703660770336
11.789649444205903,8.501289726022272,45.673703660770336
11.789649444205903,8.726287933659712,45.673703660770336
11.730349592138072,8.95128614129715,45.673703660770336
11.730349592138072,9.176284348934589,45.673703660770336
11.730349592138072,9.401282556572028,45.673703660770336
11.730349592138072,9.626280764209465,45.673703660770336
11.730349592138072,9.851278971846906,45.673703660770336
11.730349592138072,10.076277179484343,45.673703660770336
11.730349592138072,10.301275387121782,45.673703660770336
11.730349592138072,10.526273594759221,45.673703660770336
11.730349592138072,10.75127180239666,45.673703660770336
11.730349592138072,10.976270010034098,45.673703660770336
11.730349592138072,11.201268217671537,45.673703660770336
11.730349592138072,11.426266425308976,45.673703660770336
11.730349592138072,11.651264632946415,45.673703660770336
11.730349592138072,11.876262840583854,45.673703660770336
11.730349592138072,12.101261048221293,45.673703660770336
11.730349592138072,12.32625925585873,45.673703660770336
11.730349592138072,12.551257463496169,45.673703660770336
11.730349592138072,12.776255671133608,45.673703660770336
11.730349592138072,13.001253878771047,45.673703660770336
11.796057985670133,1.9763417045365497,46.50029334243463
11.796057985670133,2.2013399121739883,46.50029334243463
11.796057985670133,2.426338119811427,46.50029334243463
11.796057985670133,2.651336327448866,46.50029334243463
11.796057985670133,2.8763345350863045,46.50029334243463
11.796057985670133,3.101332742723743,46.50029334243463
11.796057985670133,3.326330950361182,46.50029334243463
11.796057985670133,3.551329157998621,46.50029334243463
11.796057985670133,3.7763273656360594,46.50029334243463
11.796057985670133,4.001325573273498,46.50029334243463
11.796057985670133,4.226323780910937,46.50029334243463
11.796057985670133,4.451321988548376,46.50029334243463
11.796057985670133,4.676320196185815,46.50029334243463
11.796057985670133,4.901318403823253,46.50029334243463
11.796057985670133,5.126316611460692,46.50029334243463
11.796057985670133,5.35131481909813,46.50029334243463
11.796057985670133,5.576313026735569,46.50029334243463
11.796057985670133,5.801311234373008,46.50029334243463
11.796057985670133,6.026309442010446,46.50029334243463
11.796057985670133,6.251307649647885,46.50029334243463
11.796057985670133,6.476305857285324,46.50029334243463
11.796057985670133,6.701304064922763,46.50029334243463
11.796865128415178,6.926302272560202,46.50029334243463
11.796865128415178,7.15130048019764,46.50029334243463
11.796865128415178,7.376298687835079,46.50029334243463
11.796865128415178,7.601296895472518,46.50029334243463
11.796865128415178,7.826295103109956,46.50029334243463
11.79417575390071,8.051293310747395,46.50029334243463
11.79417575390071,8.276291518384834,46.50029334243463
11.789649444205903,8.501289726022272,46.50029334243463
11.789649444205903,8.726287933659712,46.50029334243463
11.730349592138072,8.95128614129715,46.50029334243463
11.730349592138072,9.176284348934589,46.50029334243463
11.730349592138072,9.401282556572028,46.50029334243463
11.730349592138072,9.626280764209465,46.50029334243463
11.730349592138072,9.851278971846906,46.50029334243463
11.730349592138072,10.076277179484343,46.50029334243463
11.730349592138072,10.301275387121782,46.50029334243463
11.730349592138072,10.526273594759221,46.50029334243463
11.730349592138072,10.75127180239666,46.50029334243463
11.730349592138072,10.976270010034098,46.50029334243463
11.730349592138072,11.201268217671537,46.50029334243463
11.730349592138072,11.426266425308976,46.50029334243463
11.730349592138072,11.651264632946415,46.50029334243463
11.730349592138072,11.876262840583854,46.50029334243463
11.730349592138072,12.101261048221293,46.50029334243463
11.730349592138072,12.32625925585873,46.50029334243463
11.730349592138072,12.551257463496169,46.50029334243463
11.730349592138072,12.776255671133608,46.50029334243463
11.730349592138072,13.001253878771047,46.50029334243463
11.796057985670133,1.9763417045365497,47.32688302409892
11.796057985670133,2.2013399121739883,47.32688302409892
11.796057985670133,2.426338119811427,47.32688302409892
11.796057985670133,2.651336327448866,47.32688302409892
11.796057985670133,2.8763345350863045,47.32688302409892
11.796057985670133,3.101332742723743,47.32688302409892
11.796057985670133,3.326330950361182,47.32688302409892
11.796057985670133,3.551329157998621,47.32688302409892
11.796057985670133,3.7763273656360594,47.32688302409892
11.796057985670133,4.001325573273498,47.32688302409892
11.796057985670133,4.226323780910937,47.32688302409892
11.796057985670133,4.451321988548376,47.32688302409892
11.796057985670133,4.676320196185815,47.32688302409892
11.796057985670133,4.901318403823253,47.32688302409892
11.796057985670133,5.126316611460692,47.32688302409892
11.796057985670133,5.35131481909813,47.32688302409892
11.796057985670133,5.576313026735569,47.32688302409892
11.796057985670133,5.801311234373008,47.32688302409892
11.796057985670133,6.026309442010446,47.32688302409892
11.796057985670133,6.251307649647885,47.32688302409892
11.796057985670133,6.476305857285324,47.32688302409892
11.796057985670133,6.701304064922763,47.32688302409892
11.796865128415178,6.926302272560202,47.32688302409892
11.796865128415178,7.15130048019764,47.32688302409892
11.796865128415178,7.376298687835079,47.32688302409892
11.796865128415178,7.601296895472518,47.32688302409892
11.796865128415178,7.826295103109956,47.32688302409892
11.79417575390071,8.051293310747395,47.32688302409892
11.79417575390071,8.276291518384834,47.32688302409892
11.789649444205903,8.501289726022272,47.32688302409892
11.789649444205903,8.726287933659712,47.32688302409892
11.730349592138072,8.95128614129715,47.32688302409892
11.730349592138072,9.176284348934589,47.32688302409892
11.730349592138072,9.401282556572028,47.32688302409892
11.730349592138072,9.626280764209465,47.32688302409892
11.730349592138072,9.851278971846906,47.32688302409892
11.730349592138072,10.076277179484343,47.32688302409892
11.730349592138072,10.301275387121782,47.32688302409892
11.730349592138072,10.526273594759221,47.32688302409892
11.730349592138072,10.75127180239666,47.32688302409892
11.730349592138072,10.976270010034098,47.32688302409892
11.730349592138072,11.201268217671537,47.32688302409892
11.730349592138072,11.426266425308976,47.32688302409892
11.730349592138072,11.651264632946415,47.32688302409892
11.730349592138072,11.876262840583854,47.32688302409892
11.730349592138072,12.101261048221293,47.32688302409892
11.730349592138072,12.32625925585873,47.32688302409892
11.730349592138072,12.551257463496169,47.32688302409892
11.730349592138072,12.776255671133608,47.32688302409892
11.730349592138072,13.001253878771047,47.32688302409892
11.796057985670133,1.9763417045365497,48.153472705763214
11.796057985670133,2.2013399121739883,48.153472705763214
11.796057985670133,2.426338119811427,48.153472705763214
11.796057985670133,2.651336327448866,48.153472705763214
11.796057985670133,2.8763345350863045,48.153472705763214
11.796057985670133,3.101332742723743,48.153472705763214
11.796057985670133,3.326330950361182,48.153472705763214
11.796057985670133,3.551329157998621,48.153472705763214
11.796057985670133,3.7763273656360594,48.153472705763214
11.796057985670133,4.001325573273498,48.153472705763214
11.796057985670133,4.226323780910937,48.153472705763214
11.796057985670133,4.451321988548376,48.153472705763214
11.796057985670133,4.676320196185815,48.153472705763214
11.796057985670133,4.901318403823253,48.153472705763214
11.796057985670133,5.126316611460692,48.153472705763214
11.796057985670133,5.35131481909813,48.153472705763214
11.796057985670133,5.576313026735569,48.153472705763214
11.796057985670133,5.801311234373008,48.153472705763214
11.796057985670133,6.026309442010446,48.153472705763214
11.796057985670133,6.251307649647885,48.153472705763214
11.796057985670133,6.476305857285324,48.153472705763214
11.796057985670133,6.701304064922763,48.153472705763214
11.796865128415178,6.926302272560202,48.153472705763214
11.796865128415178,7.15130048019764,48.153472705763214
11.796865128415178,7.376298687835079,48.153472705763214
11.796865128415178,7.601296895472518,48.153472705763214
11.796865128415178,7.826295103109956,48.153472705763214
11.79417575390071,8.051293310747395,48.153472705763214
11.79417575390071,8.276291518384834,48.153472705763214
11.789649444205903,8.501289726022272,48.153472705763214
11.789649444205903,8.726287933659712,48.153472705763214
11.730349592138072,8.95128614129715,48.153472705763214
11.730349592138072,9.176284348934589,48.153472705763214
11.730349592138072,9.401282556572028,48.153472705763214
11.730349592138072,9.626280764209465,48.153472705763214
11.730349592138072,9.851278971846906,48.153472705763214
11.730349592138072,10.076277179484343,48.153472705763214
11.730349592138072,10.301275387121782,48.153472705763214
11.730349592138072,10.526273594759221,48.153472705763214
11.730349592138072,10.75127180239666,48.153472705763214
11.730349592138072,10.976270010034098,48.153472705763214
11.730349592138072,11.201268217671537,48.153472705763214
11.730349592138072,11.426266425308976,48.153472705763214
11.730349592138072,11.651264632946415,48.153472705763214
11.730349592138072,11.876262840583854,48.153472705763214
11.730349592138072,12.101261048221293,48.153472705763214
11.730349592138072,12.32625925585873,48.153472705763214
11.730349592138072,12.551257463496169,48.153472705763214
11.730349592138072,12.776255671133608,48.153472705763214
11.730349592138072,13.001253878771047,48.153472705763214
11.796057985670133,1.9763417045365497,48.98006238742751
11.796057985670133,2.2013399121739883,48.98006238742751
11.796057985670133,2.426338119811427,48.98006238742751
11.796057985670133,2.651336327448866,48.98006238742751
11.796057985670133,2.8763345350863045,48.98006238742751
11.796057985670133,3.101332742723743,48.98006238742751
11.796057985670133,3.326330950361182,48.98006238742751
11.796057985670133,3.551329157998621,48.98006238742751
11.796057985670133,3.7763273656360594,48.98006238742751
11.796057985670133,4.001325573273498,48.98006238742751
11.796057985670133,4.226323780910937,48.98006238742751
11.796057985670133,4.451321988548376,48.98006238742751
11.796057985670133,4.676320196185815,48.98006238742751
11.796057985670133,4.901318403823253,48.98006238742751
11.796057985670133,5.126316611460692,48.98006238742751
11.796057985670133,5.35131481909813,48.98006238742751
11.796057985670133,5.576313026735569,48.98006238742751
11.796057985670133,5.801311234373008,48.98006238742751
11.796057985670133,6.026309442010446,48.98006238742751
11.796057985670133,6.251307649647885,48.98006238742751
11.796057985670133,6.476305857285324,48.98006238742751
11.796057985670133,6.701304064922763,48.98006238742751
11.796865128415178,6.926302272560202,48.98006238742751
11.796865128415178,7.15130048019764,48.98006238742751
11.796865128415178,7.376298687835079,48.98006238742751
11.796865128415178,7.601296895472518,48.98006238742751
11.796865128415178,7.826295103109956,48.98006238742751
11.79417575390071,8.051293310747395,48.98006238742751
11.79417575390071,8.276291518384834,48.98006238742751
11.789649444205903,8.501289726022272,48.98006238742751
11.789649444205903,8.726287933659712,48.98006238742751
11.730349592138072,8.95128614129715,48.98006238742751
11.730349592138072,9.176284348934589,48.98006238742751
11.730349592138072,9.401282556572028,48.98006238742751
11.730349592138072,9.626280764209465,48.98006238742751
11.730349592138072,9.851278971846906,48.98006238742751
11.730349592138072,10.076277179484343,48.98006238742751
11.730349592138072,10.301275387121782,48.98006238742751
11.730349592138072,10.526273594759221,48.98006238742751
11.730349592138072,10.75127180239666,48.98006238742751
11.730349592138072,10.976270010034098,48.98006238742751
11.730349592138072,11.201268217671537,48.98006238742751
11.730349592138072,11.426266425308976,48.98006238742751
11.730349592138072,11.651264632946415,48.98006238742751
11.730349592138072,11.876262840583854,48.98006238742751
11.730349592138072,12.101261048221293,48.98006238742751
11.730349592138072,12.32625925585873,48.98006238742751
11.730349592138072,12.551257463496169,48.98006238742751
11.730349592138072,12.776255671133608,48.98006238742751
11.730349592138072,13.001253878771047,48.98006238742751
11.796057985670133,1.9763417045365497,49.8066520690918
11.796057985670133,2.2013399121739883,49.8066520690918
11.796057985670133,2.426338119811427,49.8066520690918
11.796057985670133,2.651336327448866,49.8066520690918
11.796057985670133,2.8763345350863045,49.8066520690918
11.796057985670133,3.101332742723743,49.8066520690918
11.796057985670133,3.326330950361182,49.8066520690918
11.796057985670133,3.551329157998621,49.8066520690918
11.796057985670133,3.7763273656360594,49.8066520690918
11.796057985670133,4.001325573273498,49.8066520690918
11.796057985670133,4.226323780910937,49.8066520690918
11.796057985670133,4.451321988548376,49.8066520690918
11.796057985670133,4.676320196185815,49.8066520690918
11.796057985670133,4.901318403823253,49.8066520690918
11.796057985670133,5.126316611460692,49.8066520690918
11.796057985670133,5.35131481909813,49.8066520690918
11.796057985670133,5.576313026735569,49.8066520690918
11.796057985670133,5.801311234373008,49.8066520690918
11.796057985670133,6.026309442010446,49.8066520690918
11.796057985670133,6.251307649647885,49.8066520690918
11.796057985670133,6.476305857285324,49.8066520690918
11.796057985670133,6.701304064922763,49.8066520690918
11.796865128415178,6.926302272560202,49.8066520690918
11.796865128415178,7.15130048019764,49.8066520690918
11.796865128415178,7.376298687835079,49.8066520690918
11.796865128415178,7.601296895472518,49.8066520690918
11.796865128415178,7.826295103109956,49.8066520690918
11.79417575390071,8.051293310747395,49.8066520690918
11.79417575390071,8.276291518384834,49.8066520690918
11.789649444205903,8.501289726022272,49.8066520690918
11.789649444205903,8.726287933659712,49.8066520690918
11.730349592138072,8.95128614129715,49.8066520690918
11.730349592138072,9.176284348934589,49.8066520690918
11.730349592138072,9.401282556572028,49.8066520690918
11.730349592138072,9.626280764209465,49.8066520690918
11.730349592138072,9.851278971846906,49.8066520690918
11.730349592138072,10.076277179484343,49.8066520690918
11.730349592138072,10.301275387121782,49.8066520690918
11.730349592138072,10.526273594759221,49.8066520690918
11.730349592138072,10.75127180239666,49.8066520690918
11.730349592138072,10.976270010034098,49.8066520690918
11.730349592138072,11.201268217671537,49.8066520690918
11.730349592138072,11.426266425308976,49.8066520690918
11.730349592138072,11.651264632946415,49.8066520690918
11.730349592138072,11.876262840583854,49.8066520690918
11.730349592138072,12.101261048221293,49.8066520690918
11.730349592138072,12.32625925585873,49.8066520690918
11.730349592138072,12.551257463496169,49.8066520690918
11.730349592138072,12.776255671133608,49.8066520690918
11.730349592138072,13.001253878771047,49.8066520690918
