Label,max_area,mean_landfalling_area,cumulative_landfalling_area,duration,max_south_extent,region,max_T2M_anomaly_ais,max_IWV_ais,max_IWV_anomaly_ais,max_ocean_SLP_gradient,cumulative_rainfall_ais,cumulative_snowfall_ais,avg_landfalling_minomega,max_landfalling_v850hPa,max_vIVT_ais
1980_1,1906980,14234,26690,45,-74.5,West,4.7333984375,19.393877029418945,12.256675720214844,4.899357726219426,0.001312164530681508,0.055527140754433824,-0.3270161682546089,26.41333770751953,278.4291687011719
1980_2,1755659,190118,332707,42,-74.0,East 2,9.100540161132812,15.27122402191162,9.018205642700195,5.984890208056037,0.014628407424603466,0.6939885231035127,-0.377549946308136,27.33218765258789,236.8226776123047
1980_5,2564243,1069995,1604992,36,-85.0,East 1,12.359954833984377,16.230388641357422,10.178874969482422,3.984146319149872,0.04575825058333676,1.5963624631697058,-0.4621774999089971,24.461036682128903,358.4985046386719
1980_6,1919206,980,857,21,-69.5,East 1,3.037811279296875,9.083024978637695,3.007913589477539,4.265896077931395,6.16832560580904e-07,0.007626536813774725,-0.1832243550492155,26.42292594909668,99.3427963256836
1980_7,2525372,224373,532885,57,-85.0,East 2,8.477935791015625,16.229188919067383,10.95521068572998,3.767811702113578,0.00022079047595268474,0.26303455378626,-0.4310337264879146,25.958396911621094,151.04830932617188
1980_8,1543501,216648,541622,60,-76.0,East 2,11.695755004882812,12.865618705749512,6.897138595581055,6.584867182423457,0.0,0.9248151523081473,-0.6862203280561696,28.57518768310547,177.10472106933594
1980_11,430513,5461,2048,9,-71.5,East 1,1.089996337890625,11.532064437866213,6.148045063018799,4.043010037372526,0.0,0.006804444067971573,-0.2935959705708605,15.239788055419922,120.7286376953125
1980_12,1644734,97258,85101,21,-72.5,East 2,10.109649658203123,13.71030330657959,8.101110458374023,5.772660257386433,0.0,0.2678399726264112,-0.3532523155201757,32.898399353027344,165.07777404785156
1980_13,1583018,702175,789947,27,-83.0,East 2,17.606353759765625,17.736913681030273,11.656103134155272,6.401629456202568,0.017190265629576623,0.9065492439495452,-0.3614369922182419,31.949996948242188,355.5189819335937
1980_14,1863410,64524,88721,33,-72.0,East 1,1.58258056640625,10.30144214630127,4.941656589508057,7.7170058181332335,0.0,0.2654439883470974,-0.6308901297838425,28.515548706054688,229.1172332763672
1980_15,1447484,233003,553384,57,-80.0,East 2,14.974441528320312,13.048726081848145,8.562448501586914,3.975198544181138,0.0015108577956864223,1.2333422916269938,-0.6428210460638324,25.09225273132324,244.53366088867188
1980_16,2590141,37180,65065,42,-76.0,West,15.108428955078123,13.99380588531494,9.094955444335938,5.1756959418193285,0.0,0.22634916740705693,-1.0390840793516942,32.70989227294922,216.10888671875
1980_19,2098023,653038,326519,12,-85.0,East 1,14.168930053710938,11.49944305419922,6.3732686042785645,4.593331391997518,0.0,0.5470934953039925,-0.4489514464872092,28.2919979095459,121.60336303710938
1980_20,1635508,1006829,125853,3,-85.0,East 2,19.336944580078125,9.966053009033203,6.193729400634766,7.078068369194453,0.0,0.1152156582126751,-0.1527062785894422,19.634397506713867,103.93334197998048
1980_21,1304807,153,173,27,-69.0,East 1,6.727630615234375,9.399429321289062,4.580551624298096,4.255461197933738,0.0,0.002782839801255817,-0.4162494838237763,23.74358940124512,101.03836059570312
1980_22,1054372,64972,64972,24,-73.5,East 1,9.921356201171877,11.50538158416748,6.379207134246826,5.508188539564047,0.0,0.24822896323456475,-0.649528126464471,30.970983505249023,154.37611389160156
1980_24,1540489,388270,922142,57,-85.0,West,23.72589111328125,14.971168518066406,10.899404525756836,2.7539249274990896,0.00036187022482890157,1.2793384026383763,-0.5347154306023668,28.20633316040039,268.90362548828125
1980_25,832460,31625,3953,3,-74.5,West,17.311813354492188,12.66761589050293,8.524826049804688,2.723315897715308,0.0,0.03633276248194953,-0.665974878359835,22.37271881103516,149.56570434570312
1980_26,4240010,1900814,5702442,72,-85.0,East 1,32.22190856933594,19.508277893066406,17.005889892578125,5.83779628015084,0.0006897095676635899,3.8812604820091297,-0.2483450311733023,33.354888916015625,707.450439453125
1980_27,2844201,1022599,1789548,42,-84.5,East 2,28.356475830078125,12.54844093322754,9.781868934631348,6.499641308359657,0.0,1.578124814181703,-0.6555937166888895,29.5982666015625,162.5799560546875
1980_28,2150388,338156,1056738,75,-85.0,East 1,29.46772766113281,17.052793502807617,10.908254623413086,5.760826610385811,0.0006062340274368261,0.9318255298479615,-0.359295863142514,33.91910934448242,337.7390441894531
1980_29,151850,147759,18469,3,-73.0,East 1,19.226974487304688,6.479457378387451,3.944873571395874,4.187236438829695,0.0,0.04200526105579267,-0.9773663750096768,17.015430450439453,81.32280731201172
1980_30,1745183,619246,851463,33,-85.0,West,31.66371154785156,10.981760025024414,7.56336784362793,4.16437345328978,0.0,1.3651618260301233,-0.7836850919538896,28.197904586791992,331.8011474609375
1980_31,1503990,512038,256019,12,-85.0,West,22.724777221679688,12.83415412902832,9.046832084655762,4.370689561478682,0.00016496521962436404,0.6825529689948873,-0.5395207392959004,30.365154266357425,304.8280639648437
1980_32,2584489,1331379,3661292,66,-84.5,East 2,33.009857177734375,13.17520809173584,10.13270664215088,5.440020387719,2.094356968789504e-05,2.8830342265819078,-0.4074771529748256,28.65093421936035,213.8500061035156
1980_35,1372728,193252,217408,27,-74.5,East 2,18.480697631835938,11.080195426940918,7.5346832275390625,6.4889298256431625,0.0,0.8001400931471955,-0.7096654785123477,32.31876754760742,235.9899139404297
1980_36,1248679,592863,370539,15,-85.0,West,20.17793273925781,11.743803977966309,7.632505893707275,5.0365813503423125,0.0,1.014374025571847,-0.5138748130178994,23.65346336364746,246.22866821289065
1980_38,1620783,315136,748450,57,-85.0,East 1,25.637252807617188,7.271962165832519,4.709527015686035,4.896570721363407,0.0,0.7319375618690696,-0.9649230975836888,36.02071762084961,264.9281616210937
1980_39,2585387,98365,233619,57,-77.0,West,22.26264953613281,9.902865409851074,4.796013355255127,5.517668410746269,9.836491517477342e-06,0.42016652827201384,-1.4420344829559328,31.156986236572266,291.6310119628906
1980_40,1104891,49367,30854,15,-71.0,East 2,6.1884307861328125,7.5185699462890625,5.017493724822998,6.834519949911437,0.0,0.08467645845872154,-0.717532445492587,30.22888946533203,111.24861907958984
1980_41,1887185,140136,315307,54,-82.5,West,24.531997680664062,8.733983993530273,5.963065147399902,5.521808074622664,0.0,0.7625316769206508,-0.9033732414245618,32.747283935546875,208.07843017578125
1980_42,1662827,155696,214082,33,-78.5,East 1,16.29608154296875,6.9163970947265625,4.479211807250977,6.288757196602484,0.0,0.3163394023486458,-0.5220574314709804,32.58406066894531,114.80010986328124
1980_44,2173057,1827642,1142276,15,-85.0,East 2,36.913177490234375,11.116518020629885,8.024337768554688,5.362430762600591,0.0,1.194621308538134,-0.5979561895030365,22.327844619750977,250.14486694335935
1980_45,1177213,525154,328221,15,-85.0,West,21.653564453125,11.221964836120604,8.018153190612793,5.789668665433982,0.0,0.9560300928909469,-0.9025509827629092,32.743934631347656,370.31689453125
1980_46,1176569,84230,63172,18,-71.5,East 1,12.145599365234377,6.278126239776611,4.002066612243652,4.816713783782751,0.0,0.17773591917861276,-0.5432717436179751,32.95512390136719,148.40151977539062
1980_47,2323296,274936,481138,42,-85.0,East 2,34.85942077636719,9.827241897583008,7.59140682220459,6.367355700726027,0.0,0.3950002325739225,-0.874840124487806,27.16132164001465,183.360595703125
1980_49,2010860,198367,198367,24,-77.0,East 1,16.6204833984375,5.845089912414551,3.647067070007324,7.639837735223576,0.0,0.3978320274056481,-0.91347473859787,30.007299423217773,131.77911376953125
1980_50,1773352,857842,1393993,39,-85.0,East 1,25.923660278320312,6.897615432739258,4.605375289916992,5.583737503457913,0.0,0.8991868086463568,-0.3461312055587768,33.78151321411133,194.4185485839844
1980_51,1694634,903863,451931,12,-85.0,West,16.047271728515625,9.407631874084473,5.596042633056641,8.944592968960292,0.0,0.9571223374030368,-0.6460520066299458,32.75556945800781,226.0437469482422
1980_53,1285960,206924,387983,45,-79.0,West,21.78218078613281,14.630437850952148,10.162792205810549,5.37353928899087,0.00012857680560892404,1.084713208550451,-0.8085834897176482,28.259559631347656,355.6717834472656
1980_54,1925881,48811,85419,42,-71.5,East 1,6.5977630615234375,6.889877796173096,3.657989740371704,8.005252607108439,0.0,0.24160106859996544,-0.404227196169022,27.50856208801269,117.50557708740234
1980_55,1914087,85832,107290,30,-71.5,East 2,8.954818725585938,9.329002380371094,5.852686405181885,5.765153696931306,0.0,0.3153635508359494,-0.7013402130209678,31.238977432250977,161.47198486328125
1980_58,1230019,470116,235058,12,-82.0,West,18.828842163085938,11.869832992553713,7.484774112701416,6.164071207953764,0.002559287953200469,0.6453738611925883,-0.9101570906257074,29.11445426940918,265.6377868652344
1980_59,1544662,772670,193167,6,-76.0,East 2,11.025802612304688,8.897629737854004,5.709362506866455,6.3807922040749885,0.001437430678229114,0.23335037676466294,-0.395871776389823,31.792314529418945,131.5687713623047
1980_60,1368412,3706,3242,21,-67.0,East 2,2.206329345703125,8.463772773742676,4.678107738494873,8.018189211461928,0.0,0.029523033766589067,-0.3491316104733931,28.42810821533203,121.04457092285156
1980_61,1514103,22469,16851,18,-68.5,East 2,10.599212646484377,9.94709014892578,5.270877838134766,6.355461314277902,0.0003689404581426661,0.07711017572808555,-0.3689950691018232,24.53021812438965,121.67137145996094
1980_62,1178220,1444,1444,24,-79.0,East 2,6.6907958984375,7.98937177658081,3.102670192718506,2.753450695207593,0.0,0.0024919769019848275,-0.20491786301136,32.35054397583008,98.51964569091795
1980_63,767896,315035,39379,3,-85.0,West,7.312713623046875,8.559320449829102,4.809929847717285,3.6713071297245023,2.5456418035406958e-05,0.06567097895109654,-0.2529326932180797,20.73924827575684,166.8223114013672
1980_64,1437005,247795,402668,39,-72.5,East 2,5.64447021484375,13.17300033569336,7.664067268371582,5.123885374030165,0.0004988850288928947,0.6447800217607748,-0.1054561932881669,28.71044540405273,256.1809997558594
1980_65,752177,82079,10259,3,-71.0,West,3.268951416015625,11.304253578186035,4.417884826660156,5.087251367327656,0.00122218339735275,0.10998282259389584,-0.535758840610065,23.649797439575195,187.80123901367188
1980_66,707615,175239,21904,3,-79.0,West,5.686981201171875,8.624321937561035,2.761995792388916,4.383676148801312,0.0,0.04596625951464264,-0.2870153801998409,26.631885528564453,105.11857604980467
1980_67,1749946,236166,147604,15,-85.0,West,10.332916259765623,11.34695053100586,6.252547740936279,4.877628048455915,7.874816849609164e-06,0.19696414587286962,-0.1527390238803958,24.34345054626465,216.45849609375
1981_2,2224099,376407,1929089,123,-85.0,East 1,14.598098754882812,18.102975845336918,11.732892990112305,5.461305417273973,0.0096302946892063,1.7578363252162306,-0.5461995322088269,32.85099411010742,277.8792724609375
1981_3,1325745,44171,44171,24,-79.0,West,4.04888916015625,13.080819129943848,6.096182823181152,3.338412031177527,0.0,0.23694230563446367,-0.2035133093595504,22.02094268798828,148.80328369140625
1981_4,1213378,8176,11242,33,-71.5,East 2,4.239898681640625,11.252999305725098,5.5469465255737305,5.8234057083288455,1.7129844765212742e-11,0.07896776414870638,-0.2944094149836827,37.46032333374024,63.83076858520508
1981_5,1429347,48599,24299,12,-68.5,East 2,1.84356689453125,11.412863731384276,4.38573694229126,7.339240311518739,0.0015700133203587145,0.19469780859011948,-0.4337802981496626,30.57525062561035,180.8307037353516
1981_8,1055967,409924,51240,3,-85.0,East 2,15.382369995117188,10.303712844848633,6.435436248779297,4.158414522843684,2.1338209316329177e-05,0.11786005466387797,-0.3277255687534345,22.440114974975582,187.89910888671875
1981_11,464369,15530,1941,3,-66.5,East 1,2.3829345703125,10.985107421875,5.698266506195068,4.882764631111621,4.5541553072681634e-07,0.01697640925196986,-0.5561852836337065,23.72943115234375,124.2362823486328
1981_12,2599546,716447,2507564,84,-85.0,East 1,15.841171264648438,13.89817714691162,8.02159309387207,4.0817052736519095,0.00038708979506531227,1.5389406055830837,-0.4217623472213743,35.97148132324219,275.9308166503906
1981_13,1341617,85786,85786,24,-70.0,East 2,7.4644775390625,11.840897560119627,5.566464424133301,4.141047757992856,0.0,0.13742297401808296,-0.3514244383781071,26.27567672729492,138.58529663085938
1981_14,2797994,666199,1998597,72,-85.0,West,25.52694702148437,17.6312313079834,11.687047958374023,8.091623674592963,4.393021984325178e-05,2.3500326688441024,-0.4777094156075147,27.763484954833984,568.5658569335938
1981_15,1506492,32213,28186,21,-74.5,West,11.096542358398438,17.276124954223633,11.391888618469238,7.165938842509537,7.343869127409025e-09,0.0721251470798836,-0.3961110115051264,38.107608795166016,232.7684326171875
1981_16,1912528,152412,190515,30,-81.0,East 1,23.241180419921875,16.377403259277344,13.001654624938965,4.438060936718711,0.0,1.2777432181915735,-0.7859286495773835,30.419937133789062,249.2426605224609
1981_17,1588251,194606,243258,30,-85.0,West,28.418930053710938,15.283428192138672,10.166279792785645,3.892098938220137,0.006085155271340764,0.7203459619339643,-0.744747088167207,30.30401039123535,336.274169921875
1981_18,1226285,9217,10369,27,-73.0,West,12.5860595703125,11.830455780029297,6.316349029541016,6.20828919822116,2.139005247381201e-05,0.09872334412117238,-0.9193595987398752,34.81706619262695,261.4445495605469
1981_19,110284,9412,1176,3,-77.0,West,5.361236572265625,5.570690631866455,1.7404499053955078,3.5001502869649914,0.0,0.009720386296920618,-1.2258976659784744,31.426443099975582,167.02752685546875
1981_20,2253809,1535905,2111870,33,-85.0,East 2,30.262908935546875,15.320229530334473,11.966171264648438,8.898865142330889,9.144962801754054e-05,2.020234058702203,-0.5479559235662125,30.87188148498535,422.6709289550781
1981_21,1322424,564619,141154,6,-75.0,East 2,15.530471801757812,6.754269123077393,4.203390121459961,10.110620237578637,0.0,0.5311486216816484,-0.4450469387713715,32.80677032470703,155.10342407226562
1981_22,1659164,451053,225526,12,-81.5,West,23.91879272460937,12.328768730163574,7.48746919631958,5.391373012337108,0.004442896533580859,1.000213821275883,-0.8457918899775303,37.08761215209961,264.63739013671875
1981_23,2666817,821080,1231620,36,-85.0,West,23.592559814453125,15.994206428527832,10.45025634765625,3.342289611443798,0.014230679508461203,1.3981931390984716,-0.4729161452162398,28.391679763793945,393.1591796875
1981_25,1385109,343485,343485,24,-74.5,East 1,16.349166870117188,6.864923000335693,4.34734582901001,7.826450895627135,0.0,0.544617991127333,-0.4727643937264328,35.78318786621094,147.93896484375
1981_27,772939,15183,20876,33,-69.5,East 2,16.590957641601562,10.212308883666992,7.244409561157227,4.115512571804968,0.0001665986279253672,0.2141436214452512,-0.47477689144361,32.68802261352539,206.61993408203125
1981_28,975152,251023,94133,9,-77.5,East 1,17.721603393554688,7.271900177001953,4.620416164398193,5.179398556650284,0.0,0.31392579819796446,-1.4213573009684208,31.551767349243164,184.14923095703125
1981_31,1614388,589960,1179921,48,-85.0,West,27.521163940429688,11.490503311157228,6.383651256561279,2.887035494182528,2.138521011348045e-06,1.839952389883266,-0.5721985857499551,27.231124877929688,276.894775390625
1981_34,1531513,253534,31691,3,-72.5,West,11.89007568359375,10.210068702697754,5.398505687713623,8.46528874244489,0.00012265295298597359,0.2178777171215001,-0.6139220337917775,36.75290298461914,244.457275390625
1981_35,2028198,12219,12219,24,-73.5,West,20.34727478027344,10.402198791503906,5.627021312713623,6.140193386395424,0.0,0.09467172012711178,-1.1526787162561507,36.15111923217773,193.8135986328125
1981_36,3351512,1030496,3864360,90,-85.0,East 1,29.3951416015625,11.760204315185549,9.695062637329102,8.6505544231196,0.0,2.6251370490696004,-0.7989206224415073,39.88954925537109,320.22381591796875
1981_37,673844,191099,47774,6,-72.0,East 2,11.99468994140625,9.55154800415039,6.9219746589660645,6.438750337301712,0.0,0.2176537864815048,-0.7501241174510093,28.14291381835937,166.48904418945312
1981_38,1181730,266482,299792,27,-79.0,West,25.231353759765625,10.995661735534668,6.814948081970215,6.904050320752303,0.0020447347995765,0.680498129299838,-0.896000490141186,28.473608016967773,245.50498962402344
1981_39,1468509,993990,372746,9,-85.0,East 1,22.934234619140625,5.151911735534668,2.8828725814819336,4.524527015048791,0.0,0.14656106373984734,-0.2686933349433289,33.02476119995117,69.22206115722656
1981_40,1666595,658406,740706,27,-85.0,East 1,25.364898681640625,9.920453071594238,7.483267784118652,4.8519428838731935,0.0,0.7482708879472038,-0.6729058833916981,28.82334899902344,196.54486083984372
1981_41,1633248,1301550,488081,9,-85.0,East 2,27.30322265625,9.786375999450684,6.749734878540039,4.358980262012288,0.0,1.1799764159508057,-0.480424397602724,24.2827205657959,211.9068298339844
1981_42,872056,345217,474673,33,-85.0,West,23.192047119140625,9.092787742614746,5.758430480957031,3.89111410622645,0.0,0.9973381047042436,-1.431444526580276,32.07623672485352,251.47901916503903
1981_43,1816043,550,825,36,-70.0,East 1,5.459274291992188,4.242870807647705,2.172104835510254,6.829470655709377,0.0,0.002198694106638276,-0.6318477153778076,37.646820068359375,49.725364685058594
1981_44,2659561,330341,289049,21,-85.0,East 1,19.265060424804688,7.402600765228271,5.137060165405273,3.91369198427884,0.0,0.3425874761888644,-0.5485976383179784,19.966007232666016,142.58578491210938
1981_45,1030987,60351,37719,15,-69.5,East 2,18.177536010742188,8.442239761352539,6.08348274230957,7.634881197505672,0.0,0.14446538723621577,-0.7657010690681878,39.40672302246094,141.83602905273438
1981_46,1138919,213,346,39,-69.0,East 1,2.10040283203125,4.043116569519043,1.9453067779541016,7.298241711769648,0.0,0.0055886787337072865,-0.9131591916084292,29.704896926879883,68.71228790283203
1981_47,1142452,350838,438548,30,-85.0,West,19.18519592285156,8.688901901245117,4.50108528137207,4.4542224476857175,0.0,0.562865149960495,-1.264927991171091,35.739871978759766,275.2740783691406
1981_48,1323529,56612,77842,33,-71.5,East 2,17.084869384765625,10.753348350524902,8.002066612243652,5.321691371386062,8.903591939238157e-05,0.6183196711958066,-0.7709877486659329,30.66094970703125,157.21890258789062
1981_49,1042892,852465,106558,3,-78.5,East 2,37.097930908203125,8.578571319580078,5.859221458435059,3.917020949230209,5.579750908958395e-06,0.4173636186811798,-0.309884167827303,20.230846405029297,89.42662811279297
1981_52,322046,122048,15256,3,-82.0,East 2,18.23837280273437,3.7257022857666016,2.2553482055664062,3.481412073731818,0.0,0.011600777281788112,-0.3195539887670267,14.459080696105955,34.202884674072266
1981_53,456373,194122,24265,3,-73.0,East 2,20.447830200195312,8.463006973266602,6.325456619262695,6.564735614375168,0.0,0.19689446186780868,-0.8479193728744794,22.86532974243164,157.7711181640625
1981_54,1054847,198007,222758,27,-85.0,West,20.936782836914062,6.923510551452637,4.651493072509766,4.275262508586726,0.0,0.2619155231766204,-0.6788544599345647,27.257173538208008,128.47488403320312
1981_55,3000202,533247,999839,45,-85.0,West,31.64849853515625,15.54893398284912,11.408501625061035,5.928407158986476,0.035376503326519565,2.213735659345233,-0.9452009432656392,37.49247360229492,527.6948852539062
1981_56,1581963,98031,73523,18,-74.5,East 1,7.529495239257812,4.282900333404541,2.193082809448242,10.265061345071658,0.0,0.15868510084816487,-0.6839965094472147,27.97712135314941,91.50594329833984
1981_57,1348470,906613,113326,3,-77.5,East 2,22.39710998535156,9.728334426879885,6.975039482116699,6.458475373826074,0.0,0.6663123513992493,-0.2987929206786678,21.15923500061035,152.4790802001953
1981_58,2712056,1546241,2705922,42,-85.0,East 2,28.64385986328125,10.458806991577148,8.087398529052734,5.152146503351058,0.0,1.7223602706251608,-0.4996026883479201,29.595176696777344,229.2944793701172
1981_59,1257402,637487,956231,36,-84.5,East 1,21.694000244140625,5.522166252136231,3.4616904258728027,7.297066391170373,0.0,0.6001835998911665,-0.9119895698179536,28.21385383605957,104.5697250366211
1981_60,2328500,1669411,1460734,21,-85.0,East 2,22.795074462890625,10.70305633544922,7.71565580368042,4.999341648721988,0.0,0.8953728646012157,-0.1838267714911795,23.63552474975586,214.26470947265625
1981_61,2308569,3390,4238,30,-66.0,West,6.84356689453125,14.84479808807373,8.835487365722656,4.39589485559869,5.061504394328448e-07,0.020201943662695714,-0.5292867763851155,35.58974838256836,305.6485290527344
1981_62,1954210,38082,66643,42,-73.0,East 2,10.813705444335938,6.122843265533447,3.671612024307251,7.270536525800432,0.0,0.15107612044903507,-0.5403795464427164,31.565380096435547,64.75306701660156
1981_63,1914281,5930,6671,27,-68.0,West,8.30364990234375,14.160900115966797,8.151588439941406,7.476615239124265,3.6828991829173154e-05,0.02740987633828522,-0.7528366793075251,23.801122665405277,243.4207000732422
1981_66,628434,21643,8116,9,-71.0,East 1,6.33111572265625,9.785481452941896,5.440318584442139,2.9646468752145774,0.0,0.04934461809656405,-0.4068657530658812,24.271499633789062,84.18778228759766
1981_67,2105170,92360,288625,75,-77.0,West,13.270263671875,16.277708053588867,9.44886589050293,5.385076002199638,0.013643946246714451,0.8570666209535917,-0.5183023810503155,32.2947883605957,391.1602783203125
1981_68,1425487,24675,46266,45,-69.5,East 2,6.5794677734375,10.162965774536133,6.209738731384277,5.786910841480892,0.0,0.11408784952629909,-0.744038438796997,33.80454635620117,134.34071350097656
1981_69,2998916,713797,1873717,63,-85.0,East 1,11.056198120117188,16.609647750854492,11.25043487548828,3.9637496815963766,0.00017329387837252284,2.319791082829209,-0.365094017982483,34.20289611816406,503.1977233886719
1981_71,2370339,409792,1485499,87,-85.0,East 1,9.09197998046875,12.112679481506348,6.25079870223999,6.015686728120408,2.0071924309568047e-05,0.8591554394215016,-0.4530926644802052,28.31951713562012,268.4512939453125
1981_72,882086,153708,57640,9,-75.5,West,7.09619140625,16.333343505859375,8.604839324951172,3.955928392822128,0.006583709367520864,0.20413842761048331,-0.6872691421341434,18.36178207397461,240.5450134277344
1981_73,1688536,114,215,45,-66.5,West,1.1795654296875,16.340993881225586,8.612489700317383,4.637144699262814,0.0,0.0023321455235460835,-0.4081107974052429,25.09712600708008,195.7637939453125
1981_75,2228792,508,1143,54,-67.0,East 1,6.533355712890625,9.509750366210938,6.0275492668151855,7.362755879696602,1.0450660239216e-07,0.0001530320180204259,-0.4364046454429627,25.245681762695312,65.71817016601562
1982_1,1341837,94443,141665,36,-72.0,East 2,6.9577484130859375,13.451339721679688,7.717834949493408,5.589883043570653,0.005966768759654434,0.481257980036392,-0.438030440196784,24.84123420715332,175.14459228515625
1982_2,437779,422187,52773,3,-73.0,East 2,6.6164398193359375,10.79339599609375,4.718109130859375,3.411256364499144,0.00015133697255400284,0.1485293165400759,-0.3947624587688572,9.331628799438477,72.44215393066406
1982_3,1217499,108242,148832,33,-81.0,West,9.036285400390623,14.316725730895996,7.94094705581665,3.530953426514525,0.001337641953607713,0.44358567685304756,-0.4705937051413712,27.329666137695312,264.16046142578125
1982_4,1222435,4881,6102,30,-73.0,West,4.31170654296875,16.541563034057617,8.097079277038574,4.355287018802524,0.002419510498976994,0.030349816020260583,-1.4705740504549338,28.26045227050781,359.15252685546875
1982_6,771306,222059,27757,3,-85.0,East 2,5.725616455078125,7.56204891204834,2.5453453063964844,2.657653137993996,0.00035861519070599847,0.04967645288537597,-0.1931102366587538,22.452348709106445,96.9523468017578
1982_8,3927243,240420,961682,96,-85.0,West,9.489898681640623,27.49477195739746,18.795333862304688,4.941362573204088,0.07958240014935203,1.1367776757438142,-0.3403679124902622,31.675064086914062,545.0036010742188
1982_11,1242231,96550,108619,27,-80.5,East 2,9.317428588867188,10.959547996520996,6.198629856109619,4.3074135220997976,0.0,0.15258543670904512,-0.4827638522582246,38.25951385498047,153.09320068359375
1982_14,1537999,373220,606483,39,-85.0,West,18.05963134765625,13.166205406188965,8.488367080688477,4.653936663471784,0.0,0.9080497439833112,-0.2890783548355102,25.60525321960449,303.59552001953125
1982_15,1932121,56054,63061,27,-72.5,East 2,9.296875,10.74623203277588,6.420252799987793,7.234951126465971,0.0,0.2516342287471159,-0.4830872522759599,38.604976654052734,137.72691345214844
1982_16,382605,380703,47587,3,-81.0,East 2,12.120223999023438,2.1060891151428223,0.667957067489624,0.9293783301096936,0.0,0.009424722013392168,-0.126307419363416,-2.182173728942871,11.52151870727539
1982_17,2648639,23105,43322,45,-81.0,East 2,10.186859130859377,11.941317558288574,7.682435989379883,5.615148641518598,0.0,0.04683529577033347,-0.2434279390584832,32.44396209716797,152.5970001220703
1982_20,1932038,227632,426811,45,-85.0,West,24.47178649902344,15.826303482055664,9.71710205078125,5.092907988299672,0.00692330928368291,1.1420650615140535,-0.6825044779197886,32.06271743774414,414.8861389160156
1982_21,1774047,439529,384588,21,-79.0,East 2,19.947906494140625,8.03686237335205,4.699195861816406,6.976017651689192,0.0,0.4278871960177482,-0.6236761911857912,29.56741714477539,188.51585388183597
1982_22,593728,28257,3532,3,-70.0,East 1,2.0252838134765625,5.544931411743164,2.427515983581543,8.460538912261184,0.0,0.024051337052903125,-1.2568269756931412,24.96050262451172,106.63201141357422
1982_23,1018334,733011,458132,15,-82.5,East 2,22.461410522460938,6.712246894836426,3.5778658390045166,4.094681363356918,0.0,0.3208143060531024,-0.3457767865433327,20.06879234313965,111.4225616455078
1982_24,1678519,815900,713913,21,-85.0,East 1,20.386688232421875,8.727184295654297,5.48822021484375,6.492573975094212,0.0,0.759587115842599,-1.0297816896051295,25.939594268798828,209.39212036132807
1982_26,1088735,26925,23560,21,-81.0,East 2,16.417892456054688,3.0780375003814697,1.1384093761444092,6.877215606719133,0.0,0.003951179654828725,-0.1668618432652345,35.13079071044922,36.94387435913086
1982_27,271912,212166,53041,6,-75.5,East 2,14.4716796875,7.494766235351562,4.288580894470215,4.468991538424853,0.0,0.042583289427229415,-0.0786891142637891,16.979446411132812,102.1673583984375
1982_28,1414501,853210,213302,6,-76.0,East 1,18.499099731445312,6.318494319915772,3.265533447265625,7.580740342278725,0.0,0.4371568816391256,-0.7470401520888782,32.20506286621094,165.9739990234375
1982_29,1117757,768,672,21,-70.0,East 2,8.664169311523438,4.676106452941895,2.633439779281616,7.503994719625573,0.0,0.003391696980773192,-1.1666955615734165,26.371496200561523,43.844425201416016
1982_30,774630,205066,25633,3,-73.5,East 1,16.695266723632812,4.458594799041748,2.5946829319000244,8.056573040572223,0.0,0.039789449697526284,-0.5181845525391221,27.718976974487305,32.30624771118164
1982_31,1261010,172788,129591,18,-80.5,East 1,14.380035400390623,9.49299430847168,6.413802146911621,3.804296379109509,0.0,0.4066788955800118,-0.612813383912952,24.441375732421875,223.6310272216797
1982_32,2326488,398619,946722,57,-85.0,West,22.202896118164062,12.676033973693848,8.140274047851562,4.954251137025072,0.002835901783914845,1.1550478071096284,-0.3506650011483966,28.929725646972656,362.0679321289063
1982_34,1514312,357025,357025,24,-75.0,East 2,22.9554443359375,9.602506637573242,7.101430416107178,6.787842244820618,0.0,0.5237318627381183,-0.8111325986866779,30.08026885986328,210.5355987548828
1982_35,768887,328499,41062,3,-82.0,West,19.63252258300781,11.071897506713867,6.960599422454834,2.9975110581872872,0.0,0.16705154759977606,-0.7066391349216186,20.100805282592773,184.38595581054688
1982_36,2727216,1211681,2423363,48,-82.0,East 2,31.466827392578125,15.726635932922363,13.22555923461914,5.051035717426399,5.29844438110254e-07,1.6336740511766465,-0.4358626102393746,21.474853515625,405.5340576171875
1982_37,1874972,126980,222216,42,-81.5,West,21.507064819335938,11.768536567687988,7.721205711364746,5.542066792108305,1.620504529124292e-06,0.8090626642810039,-0.3870271442315019,33.84482955932617,269.13885498046875
1982_38,321380,79506,9938,3,-81.0,East 2,12.512710571289062,2.9143946170806885,1.047128677368164,4.668075252040694,0.0,0.012431209455511332,-0.3895749132480664,15.677793502807615,38.40194320678711
1982_39,512087,367235,45904,3,-72.0,East 2,18.51234436035156,8.06087875366211,5.266085624694824,3.941101308969833,0.0,0.3332712868035872,-1.19164414056599,28.154356002807617,233.2462158203125
1982_40,1567523,770836,385418,12,-78.5,East 2,24.8026123046875,9.99089527130127,7.805057525634766,5.379644957435354,0.0,0.266083766117143,-0.2061782117456321,34.92072296142578,187.229736328125
1982_41,733997,121482,60741,12,-77.0,West,18.62606811523437,12.44404125213623,7.321132183074951,3.817116089674706,9.135330710758856e-07,0.32374101018392304,-0.1738258516763515,23.254976272583008,258.0467834472656
1982_42,1593481,1319,989,18,-66.5,East 2,7.075942993164063,6.3857197761535645,2.850192070007324,8.124626749181912,0.0,0.022169465613599136,-1.2255833552450175,40.26077651977539,142.7212677001953
1982_43,1640862,20779,33766,39,-78.0,West,10.962600708007812,9.631509780883787,6.093845367431641,6.905202792729517,0.0,0.21678743130919442,-0.8231645822525024,35.496803283691406,179.66305541992188
1982_44,2422844,912801,3537106,93,-85.0,East 2,33.39198303222656,11.869284629821776,8.777104377746582,12.315565918334345,1.5804761301150298e-05,4.0723257896528295,-1.409332236551689,39.50746536254883,276.4799499511719
1982_48,2046321,46514,93028,48,-74.5,East 1,14.116531372070312,5.224532604217529,2.972414016723633,7.549974789144922,0.0,0.27006371765806386,-0.5501058596050595,32.924930572509766,102.73699951171876
1982_50,1475006,26235,32793,30,-77.5,West,15.9544677734375,9.060450553894045,6.239579200744629,4.527628454681657,0.0,0.13360973828761138,-1.0399700254201885,30.637062072753903,135.52151489257812
1982_51,2368905,441198,827248,45,-82.0,East 1,19.8150634765625,6.360204219818115,4.227425575256348,9.544620179324284,0.0,0.9442867943984481,-0.6482982917254451,44.76150131225586,177.64901733398438
1982_53,1669129,379136,236960,15,-77.5,East 1,16.708251953125,6.192449569702148,3.862517356872559,5.172665122219675,0.0,0.3558568408126566,-0.8885184798017537,40.23210906982422,136.9646453857422
1982_54,968650,50348,18880,9,-73.5,East 1,7.388580322265625,4.393979072570801,2.285569906234741,8.403592414182786,0.0,0.04230084865563308,-0.6591750128793649,27.79449844360352,77.91486358642578
1982_55,1572549,77186,77186,24,-75.5,East 2,23.13154602050781,8.490108489990234,6.662172317504883,7.22694471250868,0.0,0.20971681708757267,-0.0314671248197555,38.99851989746094,117.57727813720705
1982_56,1872847,27952,59398,51,-76.0,West,14.501983642578123,11.18708324432373,5.714861869812012,7.91521530792226,0.0,0.09966895465419505,-0.6245064605392592,27.845897674560547,233.02093505859372
1982_57,1560451,955568,477784,12,-85.0,West,31.7921142578125,12.145706176757812,8.420735359191895,3.322421590244157,2.6469484455288162e-12,0.8057257772702635,-0.5713147408370614,27.42177391052246,211.8600311279297
1982_59,993862,1836,1147,15,-67.0,East 2,6.60308837890625,6.925699710845947,3.402810573577881,4.965351360639271,0.0,0.013414021151395037,-0.4236629678418764,25.94601058959961,91.11082458496094
1982_61,1596379,61536,76921,30,-71.0,East 2,12.46343994140625,10.633133888244627,7.892673492431641,7.206439875016201,0.0,0.22759376199169945,-0.638815013045067,30.19028663635254,159.0799560546875
1982_64,3175503,437464,765562,42,-85.0,East 1,9.407119750976562,12.988435745239258,8.176765441894531,6.164016056844111,3.1406416932523835e-05,1.074652356360706,-0.1915704210599263,31.52266311645508,219.7651824951172
1982_65,1184906,216361,27045,3,-72.0,East 2,4.5675048828125,7.675807952880859,3.9732506275177,5.313601623596617,0.004455831387708089,0.07453638024703908,-0.3625684268248282,23.89979553222656,116.91493225097656
1982_66,1366363,1193557,149194,3,-85.0,East 1,7.609481811523437,10.163576126098633,5.3519062995910645,6.057526621904151,0.0034324950247220827,0.10780916935465445,-0.1400664766387674,18.02061080932617,146.51171875
1982_67,1266893,231894,28986,3,-73.0,East 2,7.13818359375,11.891716957092283,6.795540809631348,6.142524317561714,0.004558702398453289,0.0776192560017342,-0.3357492604943772,25.394466400146484,128.2288818359375
1982_69,1137677,321066,120399,9,-79.5,East 1,14.72711181640625,10.022472381591797,6.099513053894043,4.661662615205266,2.169473669798655e-07,0.26552412112206725,-0.6315214776957477,23.54464530944824,151.10707092285156
1982_70,1671680,538,1077,48,-68.5,West,2.91375732421875,15.049802780151367,8.22096061706543,4.500540053092472,3.406164996886843e-05,0.0025786745634585086,-0.3166633844375612,30.414722442626957,241.17987060546875
1982_71,1248931,20656,23238,27,-72.5,East 2,0.218353271484375,10.95068359375,5.255444526672363,6.26804231873032,1.0544912494674779e-05,0.27063161607965486,-0.1631282951372967,42.59186935424805,96.62152099609376
1982_72,1138526,325552,81388,6,-75.5,East 1,6.035324096679688,10.53958797454834,4.677707195281982,7.901491565457083,0.0,0.5191524232855443,-0.6776943596775192,26.696184158325195,183.0712127685547
1982_73,1836833,778,1167,36,-67.0,East 2,3.82965087890625,11.549931526184082,6.172486782073975,5.033259544295516,3.116617106256686e-05,0.0034300351207585153,-0.5044847647171677,25.157081604003903,85.62806701660156
1982_75,1813882,26630,56590,51,-80.5,East 2,4.815826416015625,14.508434295654297,8.975423812866211,6.384823432983864,0.001348980558841474,0.12267711827533867,-0.2332453330357869,40.878665924072266,299.8935241699219
1982_76,1082258,246054,92270,9,-75.0,East 1,12.18353271484375,12.883255958557127,7.476728439331055,3.894334088335252,0.016134614253702283,0.280832734021841,-0.266791593305029,19.36964225769043,174.9475860595703
1982_77,1207697,658827,329413,12,-83.0,East 1,11.209976196289062,12.075724601745604,6.686432838439941,4.412814106650793,0.004938202536258924,0.07131267985859081,-0.134821803475945,18.7792911529541,106.84797668457033
1982_78,2163714,154339,463019,72,-76.0,East 2,9.120376586914062,15.25836944580078,8.738311767578125,6.104484214312881,0.028621816687124123,0.4535474454548034,-0.3689369158500304,31.158100128173828,223.96530151367188
1983_1,1900199,12853,4819,9,-68.5,West,4.345367431640625,19.01841926574707,10.318982124328612,7.71851146987023,0.0021482581367291117,0.009804471866274393,-0.6123881028265781,23.936140060424805,283.8553466796875
1983_2,1411689,228,200,21,-66.0,East 2,1.36383056640625,11.65262508392334,4.588286876678467,6.6410289773903415,0.0,0.0019533491895447523,-0.4793286919593811,24.98170280456543,103.34036254882812
1983_3,2316795,84697,84697,24,-82.5,East 2,9.202056884765623,7.992966651916504,3.8817543983459473,7.035102992718039,0.00011143671094772293,0.06951693193841788,-0.2624930369898757,34.66815948486328,104.11285400390624
1983_4,1131802,57204,64354,27,-77.5,East 2,6.49920654296875,9.25110912322998,3.803636074066162,6.2107046314575385,1.01516485860113e-07,0.16996669463125683,-0.2112222359287674,24.752979278564453,76.30765533447266
1983_5,1458904,369710,508352,33,-79.0,East 1,5.200775146484375,10.76146411895752,4.885964870452881,6.533858813751698,0.0015568509176180924,0.5121067728928793,-0.8942464823813177,22.918487548828125,122.85427856445312
1983_6,1996254,119236,149045,30,-75.5,East 2,11.064712524414062,11.760183334350586,6.999265193939209,5.645293084392781,0.0,0.2697407156364645,-0.7948639243841182,28.34884452819824,122.0572280883789
1983_7,1081577,187602,46900,6,-80.0,East 1,19.854217529296875,10.798850059509276,6.1398515701293945,3.978702491525632,0.0,0.22078074796181962,-0.4871286416642553,23.004030227661133,219.229736328125
1983_8,972506,160302,60113,9,-70.5,East 2,9.2103271484375,11.159053802490234,6.147372722625732,4.133032725299732,0.0,0.23315176103375787,-0.8379655620833587,24.31558990478516,148.35133361816406
1983_9,2735113,1254370,2979129,57,-84.0,East 2,19.928878784179688,16.635683059692383,12.03167724609375,5.896338196441274,9.034082763498104e-05,2.581058893099233,-0.8220281804609321,23.050243377685547,402.5045166015625
1983_10,741850,240185,30023,3,-84.5,East 2,20.97991943359375,6.536246299743652,3.79289174079895,5.244534505220838,0.0,0.02860498614656234,-0.1741135931064384,28.25357437133789,108.0947265625
1983_11,813495,171551,85775,12,-74.0,West,11.651046752929688,18.86467933654785,10.889923095703123,2.9037531091839197,0.009959826037920417,0.2966843422427224,-0.4263857996716549,23.9696044921875,338.91680908203125
1983_12,2261818,663992,1244986,45,-83.5,East 2,21.189193725585938,16.601451873779297,12.60218334197998,6.551583680300484,0.00043599912183570473,1.40943423754219,-0.4485268711590429,29.58827018737793,327.6178894042969
1983_13,1921402,464879,1278419,66,-85.0,West,20.6949462890625,12.417174339294434,8.181587219238281,9.365565804406993,0.0,1.2618783826299111,-0.966574433684402,29.7623348236084,312.9435119628906
1983_14,1642652,365995,411745,27,-78.5,East 2,13.913436889648438,9.685874938964844,5.973976135253906,7.762665188960503,0.0,0.7379827487318443,-1.14642013220156,36.267845153808594,192.9825439453125
1983_15,2019684,140335,333295,57,-84.0,West,20.007354736328125,19.3228702545166,14.248517990112305,4.68219175116108,0.02890798637086439,1.1661801908321232,-0.5708720743656159,32.94889831542969,372.458740234375
1983_16,1161248,1512,1323,21,-74.5,West,9.600006103515623,10.01773166656494,5.798493385314941,5.489983546601523,0.0,0.01932069653826327,-0.5779426872445376,30.404130935668945,136.36082458496094
1983_17,524115,3130,391,3,-74.5,West,6.01434326171875,8.068532943725586,3.8953795433044434,6.0089444442365885,0.0,0.008292585816650854,-1.157581986007842,26.52582550048828,130.28488159179688
1983_18,1868075,286995,502241,42,-82.5,West,19.524429321289062,15.928409576416016,9.783870697021484,4.197463608005143,0.023470888758626303,0.8293348851591117,-0.578542610418182,34.591766357421875,434.36279296875
1983_19,2147856,631506,236814,9,-85.0,East 2,11.610107421875,4.282198429107666,2.2139194011688232,8.91348256768102,0.0,0.1489633736624785,-0.3001911283403382,35.844573974609375,52.28504180908203
1983_20,1734523,380,427,27,-73.0,East 1,9.35028076171875,9.043192863464355,6.021058082580566,3.702110652478551,0.0,0.0038036317627851294,-0.3700055698820048,32.89971160888672,111.72624206542967
1983_22,1687533,114988,186856,39,-77.0,East 1,22.357345581054688,12.27493381500244,8.943183898925781,5.222887134036039,7.586168028559988e-05,0.3999247873514111,-0.570184798882572,46.32017135620117,269.58203125
1983_23,679213,22373,11186,12,-74.0,West,11.222198486328123,10.473777770996094,5.536133289337158,5.349889728141691,0.0,0.07646969023406398,-0.9815677553415296,30.77810478210449,226.36346435546875
1983_24,1360702,33649,54680,39,-71.0,East 2,22.2403564453125,9.86256504058838,6.650954723358154,7.820170136090716,0.0,0.5039635259795947,-0.3589751521746321,41.20196533203125,153.83619689941406
1983_27,1545048,584,730,30,-73.5,West,11.6641845703125,10.69147491455078,6.279202461242676,3.755936897405896,0.0,0.009334294528191782,-0.6967125349733093,25.50908088684082,213.880859375
1983_28,1248590,20307,5076,6,-71.5,West,13.561737060546877,13.451881408691406,8.909765243530273,6.206493338885411,0.0019134355804431129,0.07154480741005048,-0.6855849127740904,29.881053924560547,267.0641174316406
1983_29,1586206,511816,703748,33,-83.5,East 2,24.98765563964844,8.92784595489502,6.742008209228516,3.707272448221316,0.0,0.4658196800666164,-0.4047606926259413,27.69275283813477,126.23723602294922
1983_33,2532061,1515699,1326237,21,-85.0,East 2,27.89447021484375,12.144083023071287,8.94257926940918,9.418433913780214,1.164039731456185e-05,1.4057937224461279,-0.3708675419244682,43.01227951049805,288.302490234375
1983_34,1411157,111526,97585,21,-74.0,East 1,7.019302368164063,3.4590296745300293,1.2409157752990725,8.373610486610389,0.0,0.14486046853165427,-1.1005250229063426,31.559764862060547,52.13500213623047
1983_35,1455542,510504,319065,15,-78.0,East 2,22.368881225585938,8.447876930236816,6.707945346832275,5.3529553297973145,0.0,0.2950598720003979,-0.4188812714170424,28.395130157470703,96.22991943359376
1983_36,1157150,71213,53409,18,-77.0,West,19.06219482421875,11.98884105682373,7.213663578033447,9.724489097517932,0.00014810813828267861,0.16340715707210343,-0.9538656308733948,33.57914733886719,304.30059814453125
1983_37,2142731,53438,66797,30,-71.5,East 1,11.192031860351562,3.778869152069092,1.9994354248046875,9.27984993557145,0.0,0.16951891693445786,-0.6785685937637166,36.72282409667969,45.8658447265625
1983_38,2048837,36221,113192,75,-79.5,West,20.565109252929688,14.315579414367676,9.56018352508545,4.329507544317296,2.5160676552229397e-05,0.28939841925169146,-0.5744882136417305,33.612308502197266,303.7679443359375
1983_39,1174637,444736,222368,12,-78.5,East 1,14.090194702148438,5.0050435066223145,2.850772857666016,9.617474300349135,0.0,0.3327901700282718,-0.9352168145557564,29.697511672973636,136.54037475585938
1983_40,1548904,150367,187958,30,-73.0,East 1,17.795501708984375,7.005153179168701,4.712913513183594,8.68233731805383,0.0,0.5208122999488156,-0.1148334211237602,41.831180572509766,177.756591796875
1983_42,915083,773734,96716,3,-85.0,West,24.482498168945312,9.283928871154783,5.5299224853515625,2.874551119443662,0.0,0.28439499597851087,-0.567721912715185,25.063034057617188,169.73513793945312
1983_43,1706882,58639,175918,72,-71.0,East 2,16.877120971679688,10.185056686401367,7.5922651290893555,7.67796317562327,0.0,0.5685216335545282,-1.2030890284934437,38.135101318359375,182.08206176757807
1983_44,1623146,760091,1330160,42,-85.0,East 1,24.864303588867188,6.114903926849365,3.9168810844421382,7.060235758424423,0.0,0.45995294366005,-0.4801869552626273,39.92605972290039,188.1910095214844
1983_45,2523340,1070424,1471833,33,-85.0,East 2,27.883773803710938,10.451522827148438,7.698227882385254,8.874815185731853,0.0,0.7187914263552398,-0.3253449957558929,29.456844329833984,162.26431274414062
1983_47,2284773,722443,1986718,66,-85.0,East 1,16.775238037109375,7.329730033874512,5.2468695640563965,4.974437306834741,0.0,1.2554002767509334,-0.6526431210063,30.488550186157227,115.5002899169922
1983_48,1530002,356760,490545,33,-78.0,East 2,15.646469116210938,9.709304809570312,6.628153800964356,4.942879052252807,0.0,0.5752669899237292,-0.4445332586765288,36.47367477416992,160.350830078125
1983_49,3353377,1011033,1895687,45,-85.0,East 1,24.42431640625,8.500021934509277,6.391613006591797,7.650701094041003,0.0,0.7621517418085769,-0.4085662153028675,36.12729263305664,217.2511749267578
1983_50,2483370,63202,189606,72,-83.0,West,29.86900329589844,9.856278419494627,7.325655937194824,6.999374022056549,3.70910616383527e-08,0.5214202378225994,-0.4114426374435425,33.98814010620117,241.169921875
1983_51,1704296,354804,133051,9,-85.0,East 2,34.78916931152344,7.387492179870605,5.803663730621338,5.39080917134948,0.0,0.19811710490799053,-0.4502481052407003,33.67817306518555,172.2894744873047
1983_52,1077906,612,153,6,-72.0,East 2,10.51336669921875,3.746624231338501,2.3647751808166504,5.132886107538592,0.0,0.00021820731486369582,-0.4364111125469208,38.4544563293457,26.22815704345703
1983_54,748597,316323,158161,12,-80.0,West,17.020950317382812,10.957685470581056,5.771395206451416,3.9160739027862617,6.707205723809069e-08,0.38313660685935125,-0.9511910263293816,23.423290252685547,238.30111694335935
1983_55,1376569,2885,3606,30,-70.5,East 1,3.27587890625,7.228327751159668,4.447502136230469,7.42925926009304,0.0,0.05614866711074563,-0.3607937275747102,34.428001403808594,65.00699615478516
1983_56,2130469,210259,394237,45,-76.0,East 1,14.48309326171875,8.39476203918457,5.473411083221436,6.811300747746833,0.0,0.7441225360063339,-0.6578440492602705,32.046146392822266,191.43585205078125
1983_57,1968035,352300,616526,42,-81.5,East 1,17.942489624023438,8.610426902770996,5.378539085388184,6.735517278972147,0.0,0.8157080213138477,-0.4310845578375764,23.79525375366211,210.4383544921875
1983_59,1440783,6910,6910,24,-71.5,West,7.4051513671875,16.6217041015625,9.792861938476562,6.261796923935738,0.0011226296197498749,0.041635060007201956,-0.5006244880941828,28.86198616027832,351.82391357421875
1983_60,1560420,227655,170741,18,-75.5,West,9.83203125,14.379161834716797,7.550320148468018,7.151310901817536,0.0052189805476542,0.48329719061731924,-0.6608002794981253,32.78628921508789,326.8667907714844
1983_61,1372811,8341,8341,24,-67.5,East 2,4.257476806640625,9.247042655944824,4.338131904602051,5.599797815260537,0.0011384012264524976,0.08752342917684278,-0.8392452597618103,25.440814971923828,178.77186584472656
1983_62,1556639,553439,622619,27,-78.0,East 2,14.52093505859375,12.331243515014648,8.378016471862793,3.2951928439592537,0.0,0.5637885451410128,-0.3707924268657219,28.737201690673828,203.1053924560547
1983_63,3548571,483987,1149470,57,-83.5,West,10.429046630859377,21.634449005126957,13.908540725708008,5.9610369837612,0.12573350469050873,1.5509530941998495,-0.3339108545711449,33.17935943603516,476.8561706542969
1983_64,1599699,130372,211855,39,-79.0,East 2,9.41845703125,11.103221893310549,6.300788402557373,5.799248332300258,7.580354671585719e-05,0.3192183092258951,-0.3303708650089914,29.60822296142578,121.1067123413086
1983_65,2403878,111581,153424,33,-85.0,East 2,11.782608032226562,14.17614459991455,9.40424919128418,3.7604813314045513,0.00477658743628415,0.26040477286483577,-0.1832168932280145,25.824899673461918,86.6852798461914
1984_1,945724,93049,34893,9,-69.5,East 2,4.494964599609375,11.753374099731444,5.50035572052002,4.893437253497244,0.0,0.23003754866395204,-0.4355564989814789,20.30443954467773,183.12619018554688
1984_2,2177777,296684,815881,66,-83.0,East 2,15.140792846679688,20.18177604675293,14.734302520751951,3.963249570967556,0.002110487788225044,1.1660640424796442,-0.421938270330429,27.493282318115234,348.7817687988281
1984_4,195921,162306,20288,3,-71.5,East 2,6.69610595703125,15.684425354003906,8.738653182983398,1.4668994683241834,0.00035916702445028384,0.12884025722374853,-0.5589116982147924,12.430691719055176,136.0914764404297
1984_5,894936,113203,28300,6,-68.5,East 2,3.325897216796875,11.515551567077637,4.679543972015381,6.706220326908343,0.0016909470871144775,0.15520595108427163,-0.5162990043974618,29.74071502685547,115.1989517211914
1984_6,2231055,247151,586984,57,-85.0,East 1,12.734710693359377,14.902246475219728,8.718585968017578,3.601605939184038,0.028733006914263514,0.513239525730418,-0.3658716885906229,20.52767372131348,320.8988037109375
1984_7,2609556,602452,1506131,60,-82.0,East 1,12.27386474609375,15.932052612304688,9.479314804077148,4.296788926262264,0.0009949448115445668,0.8518995635918176,-0.2678127996589667,24.16283416748047,233.09103393554688
1984_8,1830657,268087,469153,42,-81.5,West,8.895050048828125,16.64447593688965,9.507274627685549,4.143754138101445,0.019172437787817104,0.9565771021338076,-0.5061032424332501,23.7319450378418,245.33511352539065
1984_9,1247297,5533,6225,27,-67.0,West,5.059356689453125,16.295164108276367,7.614816665649414,5.538030897285239,0.0051911934645789805,0.03238616786316709,-0.5732704245384125,23.054676055908203,283.9716186523437
1984_10,1662048,49505,68070,33,-70.5,East 2,1.097442626953125,10.371075630187988,4.723133087158203,6.948040806405722,2.9561845413611733e-05,0.3424021001386218,-0.6110936116427784,24.766101837158203,208.44369506835935
1984_12,2091409,389305,632621,39,-75.5,East 2,22.48681640625,13.797627449035645,9.36130714416504,6.559260315122819,0.0,0.8864267677900894,-0.3162351577011911,30.476343154907227,238.271240234375
1984_13,2728083,741378,1853445,60,-85.0,West,21.320571899414062,20.81542015075684,12.886024475097656,4.10352485629451,0.07196074275008542,1.8908579593910153,-0.3497484922409057,34.19391250610352,534.7704467773438
1984_14,1267432,79738,129574,39,-74.0,East 1,9.853897094726562,9.216059684753418,5.095221519470215,5.9251823894996685,0.0,0.337059602836432,-0.3188016052211184,42.322879791259766,181.36154174804688
1984_15,2150487,380836,476046,30,-85.0,West,19.372283935546875,13.718771934509276,8.665596008300781,3.9051518266130905,0.0,0.7710899431129079,-0.6484069569676675,29.29493904113769,285.06964111328125
1984_17,1616399,22354,41915,45,-69.5,East 1,5.487396240234375,13.832928657531738,9.235979080200195,4.920710094213495,0.0,0.24460583278692807,-0.695322507253869,28.22813034057617,292.78045654296875
1984_18,784082,1193,298,6,-72.0,West,7.067718505859375,11.783812522888184,5.768399238586426,3.947523974044237,0.00011398959194429612,0.0025464129939304137,-0.4547017067670822,23.53028106689453,203.85104370117188
1984_20,2207335,25504,51009,48,-71.0,East 2,14.276947021484377,10.631711959838867,6.608321189880371,5.708160940701992,0.0,0.3325180252694738,-0.8875940187595645,30.27935791015625,167.85302734375
1984_21,1761131,12552,12552,24,-67.0,East 2,11.1971435546875,11.42428207397461,7.425013542175293,6.446146395045602,0.0,0.08505561037179807,-0.3748624473810196,28.437864303588867,142.72027587890625
1984_22,2073968,79390,138933,42,-81.5,West,16.85333251953125,14.73177433013916,10.570358276367188,5.4266755283031785,1.1794599573674494e-12,0.3806699733315537,-0.2563665747642518,34.75705337524414,304.6532897949219
1984_23,562515,297688,74422,6,-85.0,East 2,18.297760009765625,3.4133687019348145,1.5364652872085571,3.5058308254883643,0.0,0.04803924598090184,-0.2920498625576084,21.078556060791016,42.44908142089844
1984_24,2156125,239485,119742,12,-85.0,East 2,25.79742431640625,9.908082962036133,6.052313327789307,3.568433355349258,0.0,0.16437897441328075,-0.3153698953710074,30.79698944091797,204.09225463867188
1984_25,1379670,407932,152974,9,-83.5,West,25.20220947265625,12.718511581420898,8.935279846191406,3.982162989142034,0.0,0.5245012920925765,-0.6035618379260668,25.26069641113281,302.2716064453125
1984_27,1139237,52782,6597,3,-71.5,East 1,6.318359375,6.724064826965332,3.130001783370972,6.314584439931513,0.0,0.01540498633598263,-0.457002856019282,30.19931030273437,62.17748260498047
1984_28,2643223,1108453,3602475,78,-85.0,East 2,23.793777465820312,11.218098640441896,7.218830108642578,6.136033226996124,0.0,2.1989950552877264,-0.5345927077573714,31.87763214111328,224.7227783203125
1984_31,3467441,469920,1468500,75,-85.0,West,23.28076171875,18.759769439697266,13.721952438354492,8.218779933495204,1.7047234232281202e-08,2.0232018775880176,-0.6613610678537387,28.734294891357425,477.91888427734375
1984_34,1735153,117478,146847,30,-72.5,East 2,20.4005126953125,12.097420692443848,8.8912353515625,6.58967764353427,0.0,0.5407836403104288,-0.7344564910864474,29.292829513549805,154.66844177246094
1984_35,1378046,470464,764505,39,-85.0,West,21.543228149414062,11.264116287231444,7.216785430908203,7.743658266955141,0.0,1.1163627397666334,-0.8259947962522093,31.703733444213867,290.0354309082031
1984_36,1172681,84753,158913,45,-81.5,West,21.009918212890625,11.581787109375,8.047712326049805,4.622810244143894,4.554055654831942e-05,0.4624954035801329,-1.0539140360695975,31.569719314575195,243.7926483154297
1984_38,2452507,688422,1376844,48,-85.0,West,34.56556701660156,11.666560173034668,7.897937774658203,4.664474121206315,0.006363630401361075,1.535884563734826,-0.6176882978307895,32.2094841003418,320.8167419433594
1984_39,1153550,1289,1933,36,-67.0,East 2,3.358642578125,4.835245132446289,2.1158955097198486,7.515155758336098,0.0,0.015390109112976053,-0.8738333475762463,34.20179748535156,87.38847351074219
1984_40,1066954,395,346,21,-69.5,West,12.01495361328125,9.948650360107422,6.003705024719238,3.6631823189854815,0.0,0.010629240902299638,-0.954368740320206,34.18941116333008,203.99256896972656
1984_41,1572939,225632,253836,27,-83.0,West,23.45179748535156,12.154033660888672,7.379333972930908,5.005329752781331,0.0010056569421141633,0.4708908473824526,-0.8926039897587277,32.33701705932617,279.5238647460937
1984_42,1671454,982295,982295,24,-85.0,East 2,23.20210266113281,9.54721450805664,6.615207672119141,7.727818218549283,0.0,0.8334808177572427,-0.9230833201482675,33.9578971862793,158.91268920898438
1984_43,1679583,54,108,48,-77.5,West,13.65020751953125,3.5737111568450928,1.5168921947479248,3.970249952244086,0.0,0.0007420541368200066,-0.2190855145454406,27.774658203125,47.64722442626953
1984_44,1556069,159808,339592,51,-79.5,West,21.85848999023437,11.948521614074709,7.588679790496826,4.663108781748027,0.0007358365077413916,0.583636281849304,-0.8391698864482123,25.140378952026367,255.38992309570312
1984_45,2937554,373921,560881,36,-85.0,West,23.328872680664062,11.992398262023926,7.351710796356201,3.58757119171477,0.004395115743140631,1.0295606140704652,-0.4896772406086079,34.66532897949219,338.76715087890625
1984_46,3035485,438026,821299,45,-83.0,East 1,19.073394775390625,6.554072856903076,4.4708757400512695,6.283854499402705,0.0,0.5493258039978276,-0.3628969613721678,35.7159423828125,194.30438232421875
1984_48,1960509,350580,306757,21,-77.0,East 2,22.198989868164062,8.069602012634277,5.698193550109863,4.855688293695903,0.0,0.4538815856050465,-0.6596596055576849,33.52888488769531,105.29161071777344
1984_49,1480661,18239,20519,27,-68.0,East 2,8.710174560546875,6.662686347961426,3.5600035190582275,7.66831660777656,0.0,0.12222177942053215,-1.026021122932434,29.273006439208984,141.59495544433594
1984_50,1583106,2874,3593,30,-74.0,East 2,13.101425170898438,5.514382839202881,3.947589635848999,4.954897547765569,0.0,0.008113009987506168,-0.3866999094197222,29.476423263549805,38.48899841308594
1984_51,1698390,118551,148189,30,-74.5,East 2,20.365402221679688,9.201298713684082,6.098615646362305,6.416546189544958,0.0005812154113250235,0.48076199782030193,-1.2944992267333153,36.725852966308594,176.84742736816406
1984_52,3309773,1306907,2940542,54,-85.0,East 2,24.759765625,12.60716438293457,9.866703987121582,7.485443370851024,0.0,2.0199692334401127,-0.754637260776344,37.49956130981445,292.9579162597656
1984_53,1473736,471345,176754,9,-84.0,East 2,20.133590698242188,5.963525772094727,3.8260250091552734,7.977092205027963,0.0,0.22584547326296778,-0.3617059787038597,22.973419189453125,63.376075744628906
1984_55,975049,613334,76666,3,-85.0,West,19.430328369140625,7.544850826263428,4.146737098693848,5.1248185744879775,0.0,0.15644645785504344,-0.5033861403464716,27.748315811157227,115.02142333984376
1984_56,1183499,561904,140476,6,-84.5,East 2,20.28515625,6.528000354766846,4.561119556427002,5.032341468171466,0.0,0.16665010483920903,-0.254655963484298,17.245250701904297,85.57640838623047
1984_57,676237,90740,22685,6,-74.5,West,10.08251953125,11.272103309631348,5.205657482147217,6.197244027592134,0.0002917434704753649,0.1431866400029423,-0.5770877074257582,34.95847702026367,272.0631408691406
1984_59,1431061,11718,10253,21,-69.0,East 1,-1.17578125,6.121697425842285,2.1291065216064453,7.093255523306817,0.0,0.06198904837380748,-0.2824271023273469,30.4184684753418,43.54583740234375
1984_60,1482551,258833,517666,48,-75.0,East 2,12.944473266601562,18.41599464416504,12.289758682250977,3.85812017247688,0.006671493363920892,0.6784152930116184,-0.225702089291697,27.571447372436523,262.5749816894531
1984_61,1432648,446529,334897,18,-76.0,East 2,11.442901611328123,12.078472137451172,6.705763816833496,6.09390332858096,0.020344370196490328,0.2304910208605865,-0.4311805490465454,30.48017692565918,205.72610473632807
1984_62,1986979,383568,863029,54,-85.0,West,9.75341796875,18.290603637695312,11.016618728637695,6.9669874780299015,0.04583255105431558,1.6734054567964434,-0.2826647224169272,37.2922477722168,678.43603515625
1984_63,2305554,5373,6716,30,-73.5,West,3.019866943359375,14.941336631774902,7.868284702301025,3.9827059653152,0.0017019993491633693,0.0362902403853949,-0.5009459856984287,21.91339111328125,249.362060546875
1985_1,2661890,2553,7341,69,-70.0,West,3.623291015625,19.817100524902344,11.117663383483888,4.775110417215038,0.005221444762875165,0.0361489560440539,-0.5985658168792725,29.805988311767575,397.2312927246094
1985_2,805384,111009,83257,18,-78.5,West,8.753570556640625,11.47067928314209,5.026190280914307,4.317817533243214,0.0013517650686871551,0.19923720548116303,-0.4800150198459828,22.51173591613769,164.90716552734375
1985_3,2155827,103099,193311,45,-71.0,East 2,2.73590087890625,11.890974044799805,4.827102184295654,5.885759673099215,0.00043382387599836647,0.44399036069680203,-0.3194065514616533,36.991695404052734,215.1767425537109
1985_4,1972834,1407019,175877,3,-78.0,East 2,8.107147216796875,15.645447731018066,9.275239944458008,5.557124610510407,0.012925351065662269,0.6192943272959817,-0.2460491386557318,22.86334609985352,161.44732666015625
1985_5,2375753,355205,621610,42,-81.0,West,11.4239501953125,22.163105010986328,13.61553192138672,4.458961864497083,0.17618770740211676,1.6655922860889982,-0.5546081341560396,25.690542221069336,586.9971313476562
1985_6,1130394,45750,5718,3,-70.5,West,5.422637939453125,13.839500427246094,6.072788238525391,5.067585684114853,0.003024234740212624,0.05210886669149985,-0.3581783228099787,23.00889205932617,272.6695251464844
1985_7,2244354,166553,437204,63,-80.0,East 1,18.97225952148437,15.07443141937256,10.501126289367676,4.834830146686089,0.0,0.8396016217688004,-0.3297035477848162,44.72041320800781,280.8939208984375
1985_8,813011,792418,198104,6,-78.0,East 2,8.771591186523438,11.322628021240234,5.596293926239014,4.201850888546319,0.00018563505993734317,0.4323462762850992,-0.1880603588692113,10.562345504760742,98.24085998535156
1985_9,1856457,1016574,635358,15,-85.0,East 1,22.38385009765625,10.870640754699709,6.297335624694824,4.356912630380791,0.0,0.5803422556226158,-0.4448947660365021,21.246597290039062,170.43963623046875
1985_10,1741334,18538,11586,15,-69.0,East 2,4.246856689453125,8.01789379119873,3.5339975357055664,8.417275640664505,4.0218141982166487e-07,0.1059544679606273,-0.4464456140995028,29.39516830444336,88.35930633544922
1985_12,3396783,931807,3028374,78,-82.0,East 2,27.04139709472656,16.917598724365234,13.563541412353516,4.825340404535341,1.0950796963195481e-07,2.0996340716382207,-1.171005308628082,39.09764099121094,247.47555541992188
1985_13,3014763,37140,83565,54,-79.0,West,21.87826538085937,14.998903274536133,9.21428108215332,8.224872040036809,0.001042523895721086,0.31440699682940515,-0.7139321980014607,35.81941604614258,426.8195495605469
1985_14,1906868,357874,671014,45,-79.0,East 2,20.874008178710938,14.242185592651367,10.370304107666016,4.993493356365637,9.997168142899856e-06,1.159144174789963,-0.4557765195372827,31.76398658752441,314.98883056640625
1985_16,1200949,16536,6201,9,-67.0,East 2,5.56591796875,9.216689109802246,5.35965633392334,7.40757633104206,0.0,0.023064722476866903,-0.5572172583243791,27.94579315185547,119.26482391357422
1985_17,929507,244126,61031,6,-74.0,East 2,10.566650390625,9.02285861968994,5.328518390655518,7.673837087622254,0.0,0.20006201702472848,-0.5271571887528484,25.50052833557129,163.20986938476562
1985_18,1842883,545525,681906,30,-80.5,East 2,23.203338623046875,7.567024707794189,5.498745918273926,9.94668004683405,0.0,0.6219883015461602,-0.6512247169177535,29.35400390625,134.02476501464844
1985_19,976681,28962,25341,21,-70.5,East 2,15.900985717773438,7.307101249694824,4.540529251098633,8.68937317002513,0.0,0.09641176060655204,-1.156422377935772,27.189367294311523,123.08576965332033
1985_20,1894764,206725,413450,48,-85.0,West,27.52191162109375,13.15692138671875,9.25457000732422,8.0381584043733,5.407162040183209e-05,1.0288739995093397,-0.5989986863087041,37.60320663452149,306.9285888671875
1985_21,3358008,656461,1148807,42,-76.0,East 2,21.869140625,13.111976623535156,10.645224571228027,4.846457553614392,0.0,0.7854381256279033,-0.5377545670754393,33.6553840637207,198.2549743652344
1985_23,1582827,525700,525700,24,-85.0,West,26.2060546875,9.831697463989258,6.082716941833496,4.385488161302751,2.319480572480172e-05,1.0525137304518333,-0.8819481652507297,34.631229400634766,219.2151031494141
1985_24,1447167,3044,3044,24,-70.0,East 1,13.831039428710938,6.80445671081543,3.8960750102996826,7.536150182306215,0.0,0.013549756514412353,-0.6173835104052889,30.3249454498291,103.63433837890624
1985_25,1115286,345730,216081,15,-85.0,West,20.82769775390625,10.807720184326172,6.696422100067139,3.781244128257913,0.00014863251407895513,0.6751917485673583,-0.4581387815580029,24.7624454498291,224.23855590820312
1985_26,2445019,622724,1089768,42,-85.0,West,29.340560913085938,14.479684829711914,10.89715576171875,5.930961645213655,0.0,1.4259245329794696,-0.8474290101099993,34.65399169921875,315.065673828125
1985_27,1030644,19404,12127,15,-67.5,East 2,11.0521240234375,5.881831645965576,3.5626721382141118,6.182014073521619,0.0,0.04961815001253768,-0.7385335725307755,36.99853515625,91.19465637207033
1985_28,1081589,96163,156265,39,-74.0,East 1,15.2275390625,6.027127265930176,3.767094612121582,7.408886104363291,0.0,0.21354355207178646,-0.4779193528740144,35.430076599121094,62.74389266967773
1985_29,833828,19235,24044,30,-69.0,East 2,11.170394897460938,9.156593322753906,6.345029354095459,5.571649867556404,0.0,0.21210424416008014,-0.3112220865666515,32.87266159057617,138.38194274902344
1985_30,765256,1724,215,3,-67.0,West,8.78778076171875,9.90485668182373,5.129679203033447,4.661497212965535,0.0,0.0023818265512161826,-0.4215417802333832,28.740234375,185.9473114013672
1985_31,992578,1724,215,3,-67.5,West,9.069122314453123,10.209555625915527,5.434378147125244,4.411960679442796,0.0,0.0019985994254721356,-0.4418019950389862,29.58661651611328,172.83567810058594
1985_32,1577546,91025,91025,24,-71.0,East 2,16.363800048828125,9.38873291015625,6.112871170043945,4.971300397934486,0.0,0.5984105905249381,-1.2917099809784864,30.23523712158203,263.43902587890625
1985_33,753190,310812,77703,6,-81.0,East 1,17.46905517578125,6.131491184234619,3.9772965908050537,5.05525543615814,0.0,0.11718182754344612,-0.5442717951361544,25.86700439453125,104.60265350341795
1985_34,1507030,119914,209849,42,-82.0,West,22.936355590820312,11.00401782989502,7.904633522033691,4.0391660243615854,4.6293922383064626e-06,0.5492438164180021,-1.328260759155896,36.103641510009766,244.6266021728516
1985_36,1088282,168645,21080,3,-77.0,West,20.36241149902344,10.698673248291016,7.300886154174805,4.459210551392474,0.0005556689713439151,0.4169803458319125,-1.1703858143103123,33.27842712402344,176.92123413085938
1985_37,1553835,37602,47003,30,-71.5,East 1,10.963363647460938,8.919604301452637,6.665986061096191,8.392781319848543,0.0,0.22976430503307865,-1.080064629794611,27.652252197265625,139.11126708984375
1985_39,1512929,323084,161542,12,-75.5,East 1,15.204971313476562,7.624560356140137,5.187375068664551,6.1372009810583625,0.0,0.5850860813851996,-0.9619214456089468,27.548110961914062,149.22647094726562
1985_40,3008634,663952,3070780,111,-85.0,East 1,33.21134948730469,11.685358047485352,7.820055961608887,5.1572693790097945,0.004923784394325154,2.9806265047290728,-0.7706690680308484,38.40917205810547,369.8682861328125
1985_45,1307965,372204,139576,9,-73.0,East 2,14.734588623046877,8.805532455444336,6.195158958435059,6.567192745741962,0.0,0.7265213440036207,-1.0337134443915386,29.043067932128903,187.62646484375
1985_47,1966540,147695,258467,42,-76.0,East 1,15.226211547851562,7.078629970550537,5.023903846740723,7.67179577851631,0.0,0.3740833169779909,-0.759134498973908,30.609973907470703,103.12077331542967
1985_48,3039697,13595,39086,69,-79.0,West,16.267578125,9.99008560180664,5.0511674880981445,9.405363561333724,6.562375560718605e-05,0.1579521270247225,-0.6880916628426722,32.39738845825195,242.4261474609375
1985_49,751367,127781,31945,6,-80.0,West,24.1112060546875,7.096842288970947,4.582377433776856,3.732568250490521,0.0,0.1866778619296447,-0.6599469394412592,26.13104820251465,158.49009704589844
1985_50,802746,420429,52553,3,-82.5,West,20.19384765625,8.14037036895752,5.317693710327148,3.08125474649542,0.0,0.34589117494280763,-0.7844096774431608,21.039464950561523,108.03288269042967
1985_51,1154183,823184,102898,3,-77.0,East 1,14.0054931640625,3.807297945022583,1.8761500120162964,7.096776782561122,0.0,0.19151249602768,-0.4368408841713123,19.854944229125977,48.2568359375
1985_52,1442616,1028,642,15,-74.5,West,7.59454345703125,11.987863540649414,6.515642166137695,4.948442476049479,3.053448908769598e-06,0.0032951672818449847,-0.4496418137812586,30.875368118286133,175.78184509277344
1985_53,1315402,68928,77544,27,-70.5,East 2,8.136871337890625,8.210917472839355,4.729747772216797,7.544492382087686,0.0,0.29409173683188117,-0.426393087034035,34.56705474853516,167.13623046875
1985_54,3172115,848422,3075531,87,-85.0,West,25.66932678222656,15.54415798187256,10.435263633728027,4.869229000949795,0.020767994791589982,3.8826438904957086,-1.739622712135315,36.02468490600586,415.6562805175781
1985_55,1441960,18856,23570,30,-68.5,East 2,6.895111083984375,7.479698181152344,4.637900352478027,7.264290702181411,0.0,0.12242138217002539,-1.1653492450714105,28.7917537689209,166.46530151367188
1985_56,1513336,42807,21403,12,-77.0,West,10.394378662109377,10.980612754821776,6.5464582443237305,5.244789674195406,0.0,0.148339443191559,-0.6931734513149375,24.369953155517575,161.96371459960938
1985_57,1032023,677972,84746,3,-84.5,West,10.99627685546875,13.684405326843262,8.584432601928711,2.369319684762366,0.001249501061926951,0.41363385953665777,-0.3599904753152791,16.318439483642578,163.31539916992188
1985_58,2207210,497610,1181825,57,-82.0,East 2,11.10791015625,10.97202205657959,7.018795013427734,4.774506031170089,0.0,0.9796921815069629,-0.6718169306054808,25.5195255279541,205.3872985839844
1985_59,446836,1602,200,3,-66.0,East 2,1.19378662109375,7.898324489593506,2.8021483421325684,4.878682315770244,0.0,0.0012283830043670174,-1.0090142488479614,21.19463348388672,122.16860961914062
1985_61,186029,4909,1227,6,-69.0,East 2,-1.54803466796875,8.633742332458496,3.1229248046875,2.9879252156486173,0.0,0.007600550788916788,-0.6930266618728638,19.184791564941406,84.64451599121094
1985_62,1279800,79486,119230,36,-72.0,East 1,2.978179931640625,9.74453353881836,4.290420055389404,5.35018143608605,6.370499476040259e-05,0.349587923240091,-0.2743513131748645,36.102325439453125,150.97088623046875
1985_63,431345,176909,22113,3,-70.0,East 2,1.0377197265625,9.896684646606444,4.550962924957275,4.195488002182261,0.0,0.20538420139970928,-0.5149453352746693,18.83374786376953,109.75809478759766
1985_64,1735683,192292,360548,45,-74.0,East 2,7.84063720703125,17.236614227294922,11.11037826538086,3.29799135171373,3.776924231436805e-05,0.4014520332595266,-0.4555521488189709,31.95189476013184,251.4486846923828
1985_65,214237,97879,36704,9,-81.5,East 2,7.978912353515625,7.890910148620605,3.680075168609619,2.168119510577102,3.844106365726388e-07,0.012070948258469247,-0.144231022567732,8.845815658569336,67.08087158203125
1985_66,2260094,519508,974078,45,-81.0,East 2,8.006423950195312,15.336979866027832,9.023183822631836,6.699705552422396,0.005362268731297012,1.4631351187117665,-0.407097110614983,29.309938430786133,435.7801513671875
1985_67,1522907,32715,81787,60,-68.5,East 2,4.543914794921875,12.62160301208496,6.830661773681641,5.453371928967884,0.0,0.2339970013639463,-0.4393663387238868,28.61345863342285,178.3913116455078
1985_68,831935,42628,21314,12,-76.0,West,1.92626953125,9.563794136047363,3.7398018836975098,4.768000045867626,0.0,0.08388082516242971,-0.3982510781829362,28.57244300842285,122.69927978515624
1985_69,1926773,880905,1211245,33,-85.0,East 1,10.4354248046875,11.610206604003906,5.728824138641357,5.542822247937301,0.0006266848212160713,0.7574666686796198,-0.5984876808381182,27.746309280395508,199.6849670410156
1986_1,1721761,937285,1757410,45,-85.0,East 1,8.23358154296875,12.933202743530272,6.824276447296143,6.173405536240012,0.0005121999991799955,1.243563919172077,-0.3533950199968879,29.374191284179688,151.1237335205078
1986_2,984647,351025,87756,6,-83.0,West,4.9664306640625,13.647541046142578,6.510339736938477,3.369620574930609,0.0004725955897643426,0.29798782892953113,-0.4289648032048855,21.37679672241211,220.77708435058597
1986_3,1334225,143356,161275,27,-85.0,East 1,7.241104125976562,13.634282112121582,7.450621128082275,3.798371649583141,2.563257197100549e-09,0.1938531953283727,-0.1820186018999553,29.526704788208008,222.87640380859372
1986_4,903189,349990,43748,3,-77.0,East 1,16.584747314453125,8.497980117797852,4.603876113891602,4.021880996370805,0.0011817485616727394,0.07583784637171674,-0.2581407789971768,21.53580474853516,56.94581604003906
1986_5,1362478,3800,2850,18,-67.0,East 2,2.552337646484375,10.320740699768066,5.327768325805664,4.640798201237267,0.0,0.05074205221654806,-0.3961755445778192,33.12705993652344,95.92443084716795
1986_8,2237871,504262,819426,39,-85.0,East 1,15.674942016601562,14.92151165008545,9.391748428344728,3.8246941241849,2.6895053230949344e-06,0.6634764656988743,-0.3755767896967371,22.53675079345703,215.0435333251953
1986_9,1280439,655,573,21,-67.0,East 2,2.3087158203125,13.669632911682127,7.701152801513672,4.892909414839466,0.0,0.010127072949989714,-0.468254099847985,31.76186180114746,124.67123413085938
1986_12,1116572,514280,192855,9,-75.0,East 1,18.91807556152344,10.48116683959961,5.884217262268066,5.6421082844230535,1.2001028507251971e-06,0.3294706508829161,-0.1790157649152502,27.74942970275879,157.34097290039062
1986_13,1049778,132681,66340,12,-71.0,East 1,10.172256469726562,7.740938663482666,3.607185125350952,6.378257368507431,0.0,0.14367997807576074,-0.6108101511126213,26.589038848876957,135.360595703125
1986_14,2303612,225906,367097,39,-79.0,East 2,17.434249877929688,16.03829574584961,11.60197639465332,5.008270669772642,0.000894433139836812,0.5599645683107829,-0.4705139575055922,36.42062759399414,336.580078125
1986_16,1484670,124246,139777,27,-72.0,East 1,10.3602294921875,8.133910179138184,4.6214704513549805,7.30168703573432,0.0,0.2720087779800191,-0.6836240870996152,23.069896697998047,172.00875854492188
1986_17,2614746,541318,1420960,63,-85.0,East 1,17.508529663085938,12.236724853515623,8.852396965026855,5.570959831423779,0.0,1.2247327348990271,-0.4483502570930899,28.805011749267575,302.47430419921875
1986_18,2275965,148,241,39,-75.5,West,7.414093017578125,8.749330520629883,5.330938339233398,5.4254143541890825,0.0,0.0018735619406346,-0.7834330797195432,21.11870384216309,156.84954833984375
1986_20,1800282,60284,90427,36,-72.0,East 2,17.334091186523438,13.021478652954102,9.683812141418455,10.227751383504817,0.0,0.6359381397455898,-0.5293404139375302,35.937110900878906,330.1701354980469
1986_21,1450028,5244,6555,30,-77.0,West,11.45526123046875,8.280672073364258,4.862279891967773,3.6496224661000713,0.0,0.09636360963226996,-0.6217023730278015,27.691892623901367,201.04122924804688
1986_22,2432949,256607,673593,63,-82.0,East 1,21.45361328125,12.932737350463867,9.69378662109375,4.997617447955155,0.0,1.2442701538359444,-0.7724591466877366,22.6165771484375,257.65692138671875
1986_23,1519230,331692,290230,21,-84.5,East 2,21.187774658203125,6.000702381134033,4.22620964050293,7.347629550598964,0.0,0.4811887437539213,-0.2394612656611217,35.29621124267578,88.87391662597656
1986_24,2995662,10752,49728,111,-79.5,East 2,20.3519287109375,7.0793538093566895,4.827624797821045,8.612717822439883,0.0,0.07654179645935028,-0.7293469337676125,27.778514862060547,121.06331634521484
1986_26,1609364,877395,767721,21,-85.0,East 1,26.094940185546875,7.262261390686035,4.781436443328857,3.0012418647961265,0.0,0.7062565670237307,-0.8576692284820601,33.48139953613281,211.156005859375
1986_27,1220718,1004764,125595,3,-85.0,East 1,22.993637084960938,8.695269584655762,6.15205192565918,3.1382817852700318,0.0,0.18827463516265414,-0.4386099663270922,15.970087051391602,141.71542358398438
1986_28,2108826,271081,304966,27,-84.5,West,24.409011840820312,10.01593017578125,5.188912868499756,5.238813923757471,3.72990045888455e-06,0.43291642672375535,-0.2405939320128165,26.052793502807617,230.5838165283203
1986_29,1568153,113990,99741,21,-78.0,East 2,16.76641845703125,6.37199068069458,4.549389839172363,7.767885659186582,0.0,0.1319178844081084,-0.4067260565525175,34.85589599609375,97.15872955322266
1986_30,1052460,13213,9909,18,-73.5,East 2,12.194976806640623,4.809394359588623,3.1971888542175293,8.377113603065501,0.0,0.015776741837861107,-0.0967361629009245,26.78006362915039,48.33303451538086
1986_31,1823349,610993,458245,18,-79.5,East 2,21.557830810546875,8.585681915283203,6.399844169616699,9.525764817277402,0.0,0.410545849706511,-0.583646168544411,30.48975372314453,112.1222152709961
1986_33,3141869,947607,2250567,57,-81.5,East 2,29.668289184570312,12.618316650390623,9.98874282836914,7.790619001611263,0.0,1.6948190449372473,-0.7577738653620089,29.017587661743164,228.58409118652344
1986_34,2686135,69989,104983,36,-75.0,West,14.10089111328125,14.144083976745604,9.368906021118164,10.065132146981012,0.0003148683862249764,0.2160735623105104,-0.6573435186906607,31.200218200683597,259.6229553222656
1986_35,1177167,95739,47869,12,-78.5,East 1,10.585922241210938,7.44175386428833,5.219125747680664,4.097287168405273,0.0,0.13703648224851128,-0.1464195636928815,16.915897369384766,112.9186553955078
1986_36,1917750,1217651,913238,18,-85.0,East 1,30.72230529785156,6.938069820404053,4.877140522003174,5.710832602288783,0.0,0.5147091912521764,-0.4948137869714127,29.426061630249023,195.9089508056641
1986_38,2318488,128190,560833,105,-85.0,West,25.858474731445312,13.63654327392578,10.537047386169434,7.467285838140741,0.00010086500610257781,0.9560244945766949,-0.6054312586784365,32.24245071411133,285.4423522949219
1986_41,1392046,175613,65855,9,-78.5,West,17.796630859375,9.38735294342041,6.566481590270996,6.063109200853338,2.94995667631605e-07,0.27579849038750487,-0.4326199465333826,28.806406021118164,162.7889404296875
1986_43,3093984,609841,1448373,57,-85.0,East 1,22.73193359375,12.117239952087402,9.90431785583496,4.7694546261987805,0.0,1.4824709470968995,-0.664747996425003,36.2855224609375,183.47506713867188
1986_44,1202037,567856,283928,12,-83.0,East 1,21.0423583984375,6.737461090087891,4.554936408996582,4.769162420109994,0.0,0.2434063601382416,-0.8650331282515196,34.03885269165039,157.38221740722656
1986_46,1154660,1955,1466,18,-71.0,West,9.47314453125,8.871607780456543,4.8982343673706055,3.147649297324641,0.0,0.008093912967800777,-0.3704421966115898,25.80186653137207,136.49493408203125
1986_47,2568911,15550,19438,30,-75.5,West,12.630462646484377,12.191864013671877,7.436468124389648,8.521399834512568,1.054240664956532e-06,0.08731128530463414,-0.7645760099066475,30.94489479064941,333.8392639160156
1986_48,1466606,9390,21128,54,-73.0,West,16.234298706054688,9.90274143218994,5.804046154022217,4.613904669715193,0.0006119741288466641,0.15731288697632279,-1.1861870288848877,35.563961029052734,231.11077880859372
1986_49,1047553,18484,4621,6,-70.5,East 2,9.857772827148438,5.385831832885742,3.2943437099456787,5.494214541128496,0.0,0.040081809032284005,-0.6423344211881583,25.5899600982666,61.13225936889648
1986_50,1747216,2456,2763,27,-68.5,West,9.030029296875,11.820149421691896,6.347928047180176,5.840351518093788,1.0768860616586405e-06,0.02265818900961393,-0.6403054207524985,28.51895523071289,231.0943298339844
1986_51,2018193,198553,248192,30,-78.0,East 2,19.315444946289062,8.110507011413574,6.173406600952148,8.4292348803827,0.0,0.4741490252810164,-1.3234751601646495,37.20570755004883,145.25572204589844
1986_53,3143040,1015042,3679529,87,-85.0,East 2,25.756103515625,14.699902534484863,11.959442138671877,8.349298777536452,2.2588888373850734e-05,2.438463237137749,-0.5358222616153248,42.37384796142578,267.8178100585937
1986_54,3213555,922192,2420755,63,-84.0,East 2,23.92999267578125,12.392251968383787,8.91108226776123,8.235829966364513,0.00010887458430277281,2.2794896254515224,-0.4402738204337449,31.7198429107666,334.19970703125
1986_55,3683573,174353,414090,57,-79.5,West,19.21107482910156,14.616329193115234,10.171446800231934,3.407527002503427,0.0002865140099052552,0.9128497525286947,-0.45897090435028,30.968231201171875,281.9205017089844
1986_56,911231,247652,92869,9,-73.0,East 2,14.193389892578123,6.524399757385254,3.268917322158813,6.73888285214114,0.0,0.13543452513350893,-0.5482706787936538,24.68428611755371,130.96778869628906
1986_57,1381512,857087,535679,15,-85.0,East 1,13.483840942382812,9.81167984008789,5.36350154876709,3.439410352976655,0.0,0.8600483556487879,-0.7263552919780292,18.12214088439941,215.34132385253903
1986_58,2550821,577845,1227921,51,-85.0,West,17.203842163085938,13.61643123626709,9.310453414916992,2.8912430767192827,0.0,1.2468256322718956,-0.3964532574005739,25.0330753326416,249.4552154541016
1986_59,1513316,427157,480552,27,-78.0,East 2,13.409423828125,11.192009925842283,7.23878288269043,3.4520642439168565,0.0002847752770252736,0.2637739724490643,-0.4058943800296131,30.46677017211914,130.18011474609375
1986_60,925385,6309,3943,15,-67.5,East 2,3.8905029296875,8.45788288116455,4.568907737731934,4.552563714986455,0.0,0.06687588211111249,-0.4049060046672819,23.52680778503418,84.33606719970703
1986_62,1250449,705353,352676,12,-85.0,East 1,9.5233154296875,11.206717491149902,5.586728572845459,3.0039633551199767,3.0684312000885264e-05,0.38598457604593167,-0.3976314307446067,21.090038299560547,176.24285888671875
1986_63,1780316,413765,1034412,60,-81.0,East 2,9.825302124023438,14.69172477722168,8.987405776977539,4.410768993130596,0.002062831581105524,1.3134350313148482,-0.6108328223228456,32.2011833190918,222.12942504882807
1986_64,1599790,25279,50558,48,-70.5,West,6.71441650390625,20.824195861816406,13.095691680908203,4.6693304459776535,0.016581857009600375,0.08494287388093193,-0.3394329245845314,25.27626609802246,300.4320373535156
1986_65,916806,85530,53456,15,-71.0,East 1,5.809539794921875,9.832780838012695,4.37866735458374,4.531680525368818,0.00017236377241699804,0.15405896736014174,-0.356138139983687,25.585681915283203,153.42120361328125
1987_1,1675302,13487,26974,48,-71.0,East 1,5.298919677734375,12.792165756225586,7.365583896636963,5.045671514387212,0.00011039412162167391,0.24212358633739947,-0.5192319406989031,25.274131774902344,195.73968505859372
1987_2,1441192,660,660,24,-70.0,East 1,1.81634521484375,9.584110260009766,3.2239346504211426,4.040784189466562,0.0,0.004522987797369498,-0.4194648116826976,23.45197296142578,114.75640106201172
1987_4,1406869,402000,653250,39,-85.0,East 1,10.245407104492188,13.05332374572754,6.77008581161499,2.514102705041331,0.003229475143929588,0.4066052895803418,-0.1696651917835744,23.444334030151367,313.68377685546875
1987_6,814363,180346,45086,6,-84.5,West,8.184478759765625,10.48210620880127,4.826960563659668,2.562574131407914,0.0,0.060272690906964306,-0.1348125562974273,21.480743408203125,94.2821044921875
1987_8,1235197,765113,478196,15,-85.0,West,12.912765502929688,14.904932022094728,8.190759658813477,4.916573805318557,0.002138994550217524,0.7248659435588052,-0.4660520201420652,25.74796295166016,278.3053283691406
1987_9,1490441,564593,211722,9,-76.5,East 2,12.434722900390623,12.667597770690918,7.906679630279541,4.785722112035024,0.0,0.35462027758005754,-0.4263525144627991,22.53112030029297,151.94725036621094
1987_10,1587978,6052,6052,24,-66.0,West,1.88226318359375,19.22225952148437,10.541912078857422,5.564456731309047,0.00189496068275399,0.029703782976596826,-0.0946220775079159,26.46374893188477,324.9886169433594
1987_12,1562733,12155,9116,18,-71.0,West,8.46429443359375,16.149629592895508,8.794866561889648,2.649644627949875,0.008097011307451548,0.09598389616270896,-0.5098093626158873,24.138032913208008,177.13446044921875
1987_13,1395724,81941,40970,12,-74.0,East 2,11.555007934570312,9.051928520202637,5.279604911804199,4.400818926657992,0.0,0.094350208637347,-0.3491063845275705,30.57578659057617,76.18872833251953
1987_14,1175462,62342,38963,15,-70.5,East 1,5.565231323242188,5.496417045593262,2.537439584732056,7.083224640780652,0.0,0.05837634216094378,-0.1962459087708113,26.874906539916992,62.13799285888672
1987_15,1444021,256558,96209,9,-73.5,East 2,5.076217651367188,11.873017311096191,6.929623126983643,6.329729060778188,0.0,0.2628854564853666,-0.2780108947065435,25.340839385986328,130.05722045898438
1987_16,1606979,85191,117137,33,-74.5,East 1,11.339157104492188,8.683746337890625,4.0559186935424805,5.316727294839333,0.0,0.14747703554470448,-0.6336433797904523,29.632116317749023,112.7823257446289
1987_17,2225492,407970,713948,42,-85.0,West,28.210357666015625,15.22668743133545,10.37668800354004,6.195500730859219,2.4586208695686e-06,1.0025250540169823,-0.1776304201780152,29.81107711791992,353.2393493652344
1987_18,1201641,140,192,33,-67.5,East 2,2.429931640625,6.915309906005859,3.180901288986206,6.433357296743288,0.0,0.0009525660811254274,-0.7828848958015443,22.964189529418945,104.49937438964844
1987_19,1719903,456859,456859,24,-74.5,East 1,13.743240356445312,10.366737365722656,6.8847479820251465,10.31191258536186,0.0,0.6923776389955325,-0.7077223357716185,26.60211563110352,205.70741271972656
1987_20,1502852,30015,22511,18,-76.0,East 1,15.778656005859377,7.345828533172607,4.529138565063477,6.719865962432728,0.0,0.028248520915473488,-0.803415087467022,33.4159049987793,86.48541259765625
1987_21,2756856,915496,1487681,39,-85.0,East 1,29.654449462890625,11.13135051727295,8.570795059204102,6.703999752554498,5.9444126455939316e-05,1.2645769726412204,-0.7545850244459518,33.9480094909668,298.2030944824219
1987_22,333343,13493,1686,3,-68.0,East 1,11.166488647460938,5.640233039855957,4.079793930053711,6.169696308559925,0.0,0.0016351547461447634,-0.2804747636272161,24.79839134216309,47.22574996948242
1987_23,1203674,34054,34054,24,-80.0,West,24.27622985839844,8.482603073120117,5.636237144470215,5.983920632918773,0.0,0.15766708199868512,-0.177242934703827,29.752235412597656,208.72482299804688
1987_25,1589283,62004,31002,12,-80.0,East 1,16.556503295898438,5.849086761474609,3.285975217819214,5.611578419488849,0.0,0.05631945827509412,-0.59731702966162,35.461875915527344,121.69039154052734
1987_28,1085296,3031,2652,21,-76.0,West,10.608444213867188,7.19831657409668,4.427397727966309,5.461420652454019,0.0,0.028119221843520496,-0.2468134762600501,33.78458786010742,133.30064392089844
1987_30,1914391,1465124,915703,15,-85.0,East 1,24.12753295898437,9.490937232971191,7.014506816864014,4.657506552423264,0.0,0.6155360813894485,-0.4631356417874236,22.446369171142575,195.1262664794922
1987_32,2745393,400926,1453356,87,-85.0,East 1,21.895431518554688,6.535576343536377,4.312948226928711,7.660652465031193,0.0,0.9078997183233161,-0.3146465718746185,44.72449493408203,191.387939453125
1987_33,529335,14235,1779,3,-66.5,East 2,8.730331420898438,7.280600070953369,4.009415626525879,4.342268808058371,0.0,0.0259241606776076,-1.3744429733010564,27.3056583404541,132.62289428710938
1987_34,1551616,384367,672643,42,-85.0,East 1,35.28871154785156,6.566215991973877,4.58565616607666,3.921642996354513,0.0,0.28520691720371716,-0.4318624338868315,35.233097076416016,169.3206787109375
1987_35,1151862,439623,274764,15,-85.0,West,22.111785888671875,9.24342918395996,5.591838836669922,3.0023101526044065,0.0,0.7189695669703074,-0.8183392623926249,28.56891250610352,241.4438018798828
1987_36,1498031,5815,7995,33,-77.5,East 2,5.1990814208984375,2.689104557037353,1.680561900138855,6.557734076008836,0.0,0.02240562150542137,-0.39493109825133,24.756322860717773,33.88616180419922
1987_37,1587896,212289,371506,42,-84.0,West,31.45343017578125,9.12106704711914,6.283430576324463,5.796000044330889,0.0,0.6459389345019151,-0.3901116156719568,32.759639739990234,200.4624481201172
1987_39,1187233,225696,253908,27,-80.0,West,20.80917358398437,10.609488487243652,5.965977668762207,4.54527682865308,0.0036288360800852608,0.6173876226914966,-0.6708641787393298,40.90721130371094,380.09814453125
1987_41,1634422,4417,4969,27,-73.0,West,5.50555419921875,9.73655128479004,5.797896385192871,5.440438144559892,0.0,0.046000059058603805,-0.5477430967272388,29.683692932128903,227.8266448974609
1987_43,1513500,39162,58743,36,-71.5,East 1,9.835433959960938,4.595402240753174,2.5966131687164307,6.121809425728488,0.0,0.1151192399172007,-0.3561486685247854,35.3702278137207,82.95913696289062
1987_44,1717994,363067,1497653,99,-85.0,West,35.67460632324219,11.294818878173828,8.464387893676758,5.522422780770837,0.0003689779437285442,1.2984937661114397,-1.0186428460795205,34.74380111694336,259.6605529785156
1987_45,1380509,1161589,290397,6,-85.0,East 2,14.134719848632812,5.871806621551514,3.397688388824463,7.873527544824169,0.0,0.1872123528985555,-0.1822257547950833,16.10840606689453,57.82139587402344
1987_46,1010944,6607,5781,21,-67.5,East 2,9.064788818359377,7.161555290222168,3.899043083190918,6.925580754721179,0.0,0.037150958409115475,-0.731720555255043,25.33452606201172,82.99629211425781
1987_48,942583,15703,7851,12,-68.5,West,8.58331298828125,11.123510360717772,5.16970682144165,7.962786102217493,0.0006989010350253205,0.0396050539657835,-0.7166874756976291,31.33680725097656,241.3831787109375
1987_49,763440,405212,151954,9,-78.0,West,12.873336791992188,12.817371368408203,6.490651607513428,4.905234537097118,0.003435448433697741,0.3243085425394689,-0.6700839403639718,24.845043182373047,230.4232940673828
1987_50,1407152,19054,14291,18,-71.5,East 1,6.53277587890625,7.218907356262207,2.888356685638428,5.741566348330512,0.0,0.021182764522182804,-1.016978561663797,36.94263458251953,105.71131134033205
1987_51,1721863,13225,31411,57,-69.5,East 1,5.5001983642578125,9.320230484008787,5.331249713897705,5.149598678112001,0.0,0.10523445061941364,-0.5118905955689199,26.26223945617676,155.29318237304688
1987_52,2357676,49774,161767,78,-78.0,East 1,8.4287109375,10.046695709228516,5.70153284072876,5.187425256441255,0.0,0.40914424488129175,-0.4795310041650305,29.697593688964844,173.3459014892578
1987_53,1984382,301783,792181,63,-78.0,East 1,11.6787109375,10.253268241882324,6.313508033752441,5.544014415307673,0.0010667546168903403,1.2593620068645586,-0.2902490198612212,32.389530181884766,146.83572387695312
1987_54,3284111,47761,143285,72,-78.5,East 2,13.596343994140623,15.192018508911133,11.926843643188477,4.598514873998617,0.0,0.12379980526953925,-0.067051037532738,25.40874671936035,219.04949951171875
1987_55,1876877,15829,27700,42,-68.0,East 2,2.85565185546875,11.573894500732422,5.018372535705566,5.348940228623101,4.5134016298079445e-07,0.15966806580154275,-0.4246123135089874,25.026317596435547,176.10548400878906
1987_56,2414816,159810,539359,81,-78.5,West,12.647552490234377,23.22558212280273,15.497077941894531,3.5437688340107663,0.1313426235583747,0.6164835659063626,-0.3242675378123694,25.034242630004883,452.8916015625
1987_57,2291311,3792,4740,30,-69.0,West,6.603515625,15.488361358642578,8.6019926071167,6.6266240020072456,0.002432606693211881,0.05377923748842157,-0.2616499960422516,28.639631271362305,267.6681213378906
1988_1,3011236,211576,502493,57,-75.0,East 2,6.6474609375,22.95414352416992,16.109973907470703,6.706732444582021,0.021133659135886357,1.1547219956447423,-0.0906643921023192,31.655420303344727,446.9002990722656
1988_4,1723535,97075,97075,24,-75.5,East 1,6.6860198974609375,11.091784477233888,5.308239459991455,7.053604841751924,7.321854857950397e-05,0.3465192752229987,-0.731928304817577,27.250059127807617,159.85525512695312
1988_7,1251874,46579,46579,24,-71.0,West,10.18231201171875,17.222515106201172,9.618669509887695,3.858695364880335,0.00993941982241478,0.2586425784585992,-1.0245666702109664,28.772254943847656,354.9325256347656
1988_9,2110506,132087,181620,33,-72.0,East 2,11.181381225585938,11.651458740234377,7.1651811599731445,6.716475695391757,6.060242728354037e-06,0.5866033220677633,-0.7213934846805746,24.16604423522949,304.53961181640625
1988_10,892710,37496,18748,12,-72.5,East 1,8.743316650390625,8.923898696899414,4.2960710525512695,5.130099922141145,0.0,0.1183471782096261,-0.7267591946712697,21.802867889404297,105.98387145996094
1988_11,2759941,1047200,3141602,72,-85.0,East 1,26.869949340820312,17.30792999267578,12.238251686096191,6.188873620894602,0.009653218684840816,2.3530325941586225,-0.3476950010412721,22.636934280395508,439.5042724609375
1988_13,1322464,5145,3859,18,-67.5,East 2,5.89520263671875,9.643827438354492,4.788219928741455,6.336959548282639,0.0,0.012943015366165211,-0.4145216924496201,32.176551818847656,121.13468170166016
1988_14,890822,223691,55922,6,-81.5,East 1,18.18511962890625,12.254839897155762,7.595841407775879,3.90541952455129,0.0,0.2921614304801783,-0.7204761715535194,25.11407852172852,206.80108642578125
1988_15,1699510,167708,209635,30,-82.0,West,16.39727783203125,11.60710620880127,6.789988994598389,8.004851676301453,0.0,0.41502681332155916,-0.5629041194915771,26.065229415893555,255.50225830078125
1988_16,1991632,145410,308998,51,-80.0,East 1,16.114517211914062,8.326163291931152,4.632737636566162,5.6805919228558,0.0,0.8269868730935991,-0.693797193177798,40.52707290649414,198.6994171142578
1988_17,1511981,25397,66667,63,-78.0,West,14.63079833984375,11.531634330749512,7.27275276184082,4.834267588510211,2.671271018993983e-05,0.27474035107456024,-0.3608071804046631,34.16766357421875,188.89340209960935
1988_18,3258535,5027,7541,36,-67.0,East 2,2.8348388671875,9.4804048538208,5.452243328094482,7.245606274100847,0.0,0.08120298961165512,-0.7489429402216184,22.06873893737793,142.1102294921875
1988_20,2812666,672680,1261275,45,-82.5,East 2,28.856948852539062,14.900246620178224,11.294166564941406,4.177270720804735,5.11627380015611e-06,1.6327991193200642,-0.6198103867316149,25.049455642700195,329.5888061523437
1988_21,1829747,79682,109563,33,-75.0,East 1,12.121780395507812,8.34228801727295,4.594322681427002,4.714809364152369,0.0,0.4107738289253367,-0.2958597987890243,40.20253372192383,177.72479248046875
1988_22,1220373,42607,42607,24,-71.5,East 2,14.003448486328123,11.1287841796875,8.066125869750977,6.525113458928311,0.0,0.20517972444758603,-0.8465553768765806,27.911596298217773,199.35855102539065
1988_23,1275183,133846,33461,6,-70.0,East 2,9.636398315429688,9.544048309326172,6.45770263671875,5.493741975407351,0.0,0.18755354621573422,-0.9081025131033428,25.378664016723636,222.8633728027344
1988_27,2320379,967847,2661580,66,-80.5,East 2,34.72535705566406,12.761744499206545,9.313380241394045,5.623010877482737,0.0008038357942474237,2.551573151705632,-0.3542583904373309,30.726791381835938,214.5817108154297
1988_28,3124585,1214488,1214488,24,-85.0,East 1,25.04258728027344,8.126383781433105,5.478099346160889,8.630893075854614,0.0,0.6417341791679949,-0.6561398673574343,28.92584228515625,160.30381774902344
1988_30,1782866,281908,740010,63,-83.5,East 1,22.042755126953125,8.568087577819824,5.862414360046387,6.925833272351301,0.0,0.6827949898122,-0.5695432662963867,34.79914093017578,141.84295654296875
1988_31,1694100,16665,27082,39,-80.0,West,26.385284423828125,9.71092128753662,6.173256874084473,5.138293102848898,0.0,0.1835898465942733,-0.5371805279739709,39.31438064575195,162.1248016357422
1988_32,1560021,424741,743297,42,-85.0,West,25.57342529296875,10.07703685760498,6.482619285583496,5.1731202108322965,0.0,0.9253299629779465,-0.3784980793911373,26.510875701904297,195.76449584960935
1988_33,898798,605409,75676,3,-83.0,West,17.944091796875,9.66681671142578,5.912592887878418,4.990084099957025,0.0,0.4090695405057893,-0.647436768672356,21.981719970703125,161.9013671875
1988_34,1320094,150719,282599,45,-77.0,East 2,26.11289978027344,11.958105087280272,9.328531265258787,5.37251303253155,0.0,0.5705729639293317,-0.5726799908723057,31.232023239135746,235.8246917724609
1988_35,1722644,509483,891595,42,-80.5,East 2,23.114669799804688,10.89675521850586,8.267181396484375,8.754843212316633,2.8389611223896887e-05,0.9264430991793936,-1.1067465808957009,30.95292854309082,178.07618713378906
1988_36,1737711,306077,497376,39,-75.0,East 1,15.885421752929688,6.782602310180664,4.564488410949707,7.298068716434247,0.0,0.6055128413153912,-0.7053737601480704,30.941295623779297,160.5991668701172
1988_37,1229743,72891,100226,33,-83.0,West,18.91259765625,6.656668186187744,3.99675178527832,4.345902244851709,0.0,0.23717865218713105,-0.5703914165496824,29.339754104614254,163.0264892578125
1988_38,3133337,1047864,2357695,54,-85.0,West,36.07563781738281,11.619242668151855,8.053526878356934,3.2580085184442904,0.0019167078695735977,2.828171645875014,-0.7858152434372754,25.43206214904785,307.4337158203125
1988_39,651467,212853,26606,3,-70.5,East 2,10.34576416015625,8.427178382873535,5.644824028015137,7.415818244812171,0.0,0.12863807754274165,-0.8281995624423317,27.097530364990234,175.9645233154297
1988_40,1860776,276116,931891,81,-85.0,West,28.775161743164062,10.311813354492188,7.639022827148437,3.542605271831676,0.0,1.3781316772913614,-1.0005830065513548,27.98579978942871,191.6414794921875
1988_42,33830,6255,781,3,-66.5,East 1,3.340301513671875,3.584652900695801,1.5452494621276855,4.570933701573475,0.0,0.006560159169452081,-1.3289988038554938,17.124679565429688,49.02837371826172
1988_43,2392766,499688,437227,21,-84.0,West,31.769088745117188,10.965127944946287,8.373286247253418,7.086572081615044,8.862812058663924e-05,0.7590909067274167,-0.7687080052754952,37.41191482543945,314.1560363769531
1988_44,1413189,256247,160154,15,-77.5,East 1,18.83187866210937,7.256621837615967,5.123843193054199,7.481896172730699,0.0,0.2138330659211315,-0.623246678500925,30.861555099487305,94.25135803222656
1988_46,1904420,96,157,39,-71.5,East 1,1.7650909423828125,4.633596420288086,2.408945083618164,6.860294906157546,0.0,0.0005882414286396495,-0.3266705572605133,30.08492088317871,90.7732391357422
1988_47,1616235,174960,349920,48,-73.0,East 2,14.711517333984377,10.513158798217772,7.432007789611816,7.838718317819027,0.0,0.6643074069245334,-0.8746036812854071,32.61149597167969,206.85971069335935
1988_48,836738,154493,57934,9,-73.0,West,14.217376708984377,12.24557399749756,7.817730903625488,7.84145819615367,1.6948246514558108e-09,0.19496902711586891,-0.5754572594362193,30.52593421936035,295.28631591796875
1988_50,1892643,146644,293288,48,-85.0,West,21.77239990234375,11.066792488098145,7.946703910827637,3.890322763928157,0.0,0.5379753993689887,-0.4029541833279674,23.57491683959961,235.7086944580078
1988_51,1179383,1839,919,12,-74.5,West,3.03662109375,6.619138717651367,3.0350067615509038,10.3888998602876,0.0,0.008473494305710472,-0.7191649677949171,33.31538009643555,116.97966766357422
1988_53,3221924,598617,2020333,81,-85.0,West,24.961456298828125,12.346434593200684,7.846838474273682,6.644574985749565,0.0002954375336776671,2.471916886769989,-0.8654537018986964,30.227619171142575,340.3222961425781
1988_54,2330267,320475,640951,48,-84.0,East 2,19.383865356445312,8.608147621154785,6.470646858215332,8.051136119768733,0.0,0.4225589569250499,-0.4932472130437081,31.228458404541016,91.56100463867188
1988_55,1712690,9617,13224,33,-69.0,East 2,7.070556640625,7.425080299377441,4.193192481994629,7.056631485389993,0.0,0.013897414535328775,-0.3999171088209867,27.60910415649414,119.0071792602539
1988_56,2434216,131239,262479,48,-74.0,East 1,5.2694091796875,7.887237071990967,4.18271541595459,8.012409410667425,0.0,0.49907582611887247,-0.5228761248837129,34.150177001953125,129.20785522460938
1988_57,1588417,1024,1920,45,-72.5,West,3.33343505859375,12.16574478149414,6.9380621910095215,5.07129159564572,5.027253840257587e-05,0.02199514891573313,-0.5317971305349882,24.553865432739254,220.4144287109375
1988_58,1602607,344941,258705,18,-74.5,East 1,10.629074096679688,10.07664394378662,6.250184535980225,6.362439753414722,3.237066227511233e-06,0.406065270510562,-0.6111573691776108,20.885942459106445,101.83973693847656
1988_59,2018601,21090,39544,45,-72.5,East 1,1.0858001708984375,6.691891670227051,2.299346208572388,5.162119147124379,0.0,0.06258674162948609,-0.2903172223096026,24.743452072143555,31.79059410095215
1988_60,2860000,185555,672640,87,-77.0,West,9.4417724609375,24.3090763092041,16.728641510009766,4.18682148661828,0.11105835598618957,1.0144521219319667,-0.5989741845948757,28.789703369140625,654.4782104492188
1989_1,1374265,159184,159184,24,-85.0,West,8.996185302734375,12.992225646972656,7.202094554901123,3.602710287434041,4.548978429754352e-06,0.13934596283593645,-0.1554755331680863,24.249731063842773,118.03269958496094
1989_2,1490358,99125,210642,51,-74.5,East 1,8.401046752929688,14.085785865783691,7.87401008605957,3.985796371820053,0.006639673504577169,0.6015416910430633,-0.3632947668209837,21.291667938232425,228.0467834472656
1989_3,576711,9113,3417,9,-69.5,East 1,2.636566162109375,8.103405952453613,2.0518922805786133,5.109409246420711,7.299362593091847e-06,0.012085798356564816,-0.6096843793270674,24.76211166381836,125.2672348022461
1989_7,2023374,127263,365883,69,-81.5,West,12.8179931640625,23.04997444152832,14.369626998901367,5.287272540633272,0.08856333147345952,0.802043089146645,-0.5383706251257926,26.91974639892578,514.428466796875
1989_8,2192678,363644,818200,54,-81.0,West,26.49183654785156,21.512435913085938,14.087173461914062,3.968882518538896,0.06929711146751619,1.1656879197874823,-0.4876926791806794,30.44074058532715,521.7060546875
1989_10,1173158,7659,3829,12,-73.5,West,6.22662353515625,15.61586093902588,7.6411051750183105,7.474235916300562,0.001618864195810805,0.010189970183263541,-0.659274146685755,27.10415267944336,316.30145263671875
1989_11,1841580,121868,198036,39,-82.0,East 2,14.114242553710938,4.104161262512207,2.5220394134521484,6.085188235742907,0.0,0.11340179594141861,-0.775103208300335,37.36349868774414,38.38127136230469
1989_12,2851418,17423,28312,39,-84.0,East 2,12.299911499023438,9.016468048095703,5.592885494232178,4.659293877902251,0.0,0.010786190519214206,-0.1226192783746669,31.825532913208008,105.72818756103516
1989_15,2358268,62986,118100,45,-71.0,East 2,9.893508911132812,10.992969512939451,7.961311340332031,7.17551095723038,0.0,0.39066973747186584,-1.854889640299925,37.79868698120117,177.35679626464844
1989_17,1372394,205556,462501,54,-83.5,West,19.21640014648437,14.596787452697754,10.361200332641602,6.0588973614924,0.0006413776875943541,0.8367085587949876,-0.6454126606164079,41.200103759765625,347.32781982421875
1989_18,159306,26561,3320,3,-66.5,East 2,3.327850341796875,8.013667106628418,4.156634330749512,6.977210499005674,0.0,0.01325837409457254,-0.5449444813929647,21.459333419799805,112.36898803710938
1989_19,1779636,93,258,66,-74.5,West,4.5611572265625,6.949827194213867,2.946805477142334,5.846931497034051,0.0,0.002845313071416568,-1.323766112327576,46.07582473754883,130.98011779785156
1989_20,2696957,171809,300666,42,-82.5,West,19.813201904296875,21.163698196411133,15.45376968383789,4.216529166439367,0.003142836990843779,1.0740974800696936,-0.5357175257123641,29.03899574279785,360.84173583984375
1989_21,1256268,238793,59698,6,-78.5,East 1,14.1036376953125,7.372459888458252,4.390523910522461,5.25263678014932,0.0,0.3413043429617585,-0.6715832992256442,29.15937042236328,180.1748962402344
1989_24,2128284,70571,105857,36,-72.0,East 1,7.134033203125,7.217174530029297,4.316854476928711,5.690819141784279,0.0,0.11596530292104837,-0.6183051505997017,31.91572570800781,111.84318542480467
1989_26,3008578,142865,535744,90,-82.0,East 1,21.24107360839844,11.975852966308594,9.34366512298584,5.868137465465332,0.0,1.18939496616987,-1.0939537213005603,37.48532104492188,211.7979736328125
1989_27,933460,111908,125896,27,-78.5,West,27.961593627929688,11.453021049499512,7.3417229652404785,3.792250395601723,0.00027050962035719025,0.412873932836705,-0.9181844731917628,35.597450256347656,243.3668670654297
1989_28,1358793,474126,414860,21,-85.0,West,26.00086975097656,11.85678482055664,7.809453964233398,7.289424340612594,0.0005031471948096093,0.8290904029012983,-0.7847251305097476,31.136423110961918,289.044677734375
1989_29,1170499,58253,36408,15,-72.5,West,14.92236328125,12.389108657836914,7.74321985244751,3.7892261253923247,0.0008524223409136421,0.10763360479447136,-0.5160987813504425,28.827316284179688,281.048583984375
1989_30,1664993,249244,218089,21,-73.0,East 2,14.177230834960938,8.261813163757324,5.293913841247559,8.755239464148783,0.0,0.5696102344544185,-1.2214257765423953,32.35856246948242,169.47207641601562
1989_31,1485001,315836,78959,6,-73.0,East 1,14.096755981445312,6.924290657043457,4.4339985847473145,9.745794646696732,0.0,0.22788065480006095,-0.5343205941367085,28.364622116088867,87.18032836914062
1989_32,471298,326210,81552,6,-77.5,East 2,19.23638916015625,5.785394191741943,3.9923038482666016,8.995377191619529,0.0,0.1048189766163094,-0.6968118040309949,16.68040657043457,85.69915771484375
1989_33,692700,6429,3214,12,-75.5,East 2,2.450836181640625,2.18904972076416,0.8524869680404663,7.155381472062278,0.0,0.004874580727741129,-0.5366335393719315,24.46677017211914,24.73238182067871
1989_34,1625965,230972,606301,63,-85.0,West,26.763427734375,10.522867202758787,6.363144874572754,7.554373362926045,0.00025807000235617586,1.1940904293550207,-0.4646277652266491,43.44720077514648,321.14666748046875
1989_35,1311623,198422,248027,30,-81.0,West,30.946502685546875,10.510321617126465,5.698758602142334,5.649897585447247,4.0001065557592604e-05,0.43116635679944687,-0.6021282208933287,32.22246170043945,214.4618225097656
1989_36,700795,226094,56523,6,-80.0,West,25.77915954589844,7.673815727233887,3.989572286605835,4.065011948669173,0.00014412259267638505,0.21891386027820695,-0.7032669756598015,30.73666000366211,217.7559356689453
1989_37,703199,409126,51140,3,-73.0,East 2,16.65716552734375,7.23316764831543,4.763250350952148,6.338582493204886,0.0,0.16172412050636817,-0.8563675380491758,26.50619888305664,132.25767517089844
1989_38,1344952,4238,6887,39,-70.5,West,10.321563720703123,11.70913791656494,6.953742027282715,4.7945609060671295,0.00010556015074409985,0.03430614675239704,-0.3674135107966409,35.585914611816406,210.4105987548828
1989_40,1625170,523,392,18,-66.0,East 1,2.285263061523437,3.5279805660247803,1.4176535606384275,6.933259220042232,0.0,0.0023805576902708576,-0.7451791167259217,33.70709991455078,70.88772583007812
1989_41,970531,135828,16978,3,-73.0,East 1,18.90840148925781,3.6118316650390634,2.2975010871887207,7.468566167741421,0.0,0.18024689883100592,-0.4889183817457494,34.65769577026367,72.71270751953125
1989_43,1268426,57949,57949,24,-76.0,West,16.651763916015625,14.351262092590332,8.866070747375488,5.766321155857831,0.003347864648307126,0.30987692192375377,-0.7465753297861426,28.24595069885254,232.5078125
1989_44,1642886,362763,181381,12,-74.5,East 2,17.408432006835938,7.843343257904053,5.090048313140869,5.486191053695409,0.0,0.36359427494909724,-0.7850047210032322,30.05845069885254,114.17829132080078
1989_45,1686321,914855,1143569,30,-85.0,East 1,27.92958068847656,7.894045352935791,5.289580345153809,5.42820057319835,0.0,1.0713054913415347,-0.9351871487876896,39.75564193725586,204.67739868164065
1989_46,1023182,2115,793,9,-66.0,East 2,12.032272338867188,6.267341136932373,3.186190366744995,9.287084352183935,0.0,0.008193105156189246,-1.0410747653097598,37.975494384765625,103.45524597167967
1989_47,2512336,1118475,1677712,36,-85.0,East 2,30.00556945800781,10.291933059692385,7.450254440307617,9.539383138145286,7.036398947333372e-06,1.5869024993650451,-0.965706262900614,29.927629470825195,182.0438232421875
1989_48,1787776,24771,58832,57,-75.5,West,17.028671264648438,14.295515060424805,9.654827117919922,7.13542226420423,0.00079677905479811,0.4365404964591618,-1.238912582397461,30.490703582763672,273.65673828125
1989_50,1506439,1118775,699234,15,-82.0,East 2,17.97821044921875,7.976465702056885,4.8413591384887695,7.840984066687225,0.0,0.517502921319221,-0.3098789264447678,22.229890823364254,107.06289672851562
1989_52,1884039,30397,60794,48,-69.5,East 1,7.311111450195312,6.576188564300537,3.6548376083374015,5.232601743242403,0.0,0.12369902244282041,-0.3920386621439957,28.85193634033203,119.4896240234375
1989_53,960912,719779,89972,3,-85.0,West,17.141387939453125,10.93262004852295,7.348487854003906,2.126915682043162,0.0,0.371778762591376,-0.5298011382820824,17.64099884033203,169.33230590820312
1989_54,1358766,266896,400344,36,-75.0,East 1,9.182037353515623,9.806145668029783,5.712138652801514,6.58889194546741,1.8411893244030788e-05,0.5507470046127143,-0.5325527462359567,27.08572006225586,281.5444030761719
1989_56,2885754,261875,752891,69,-85.0,West,9.038482666015623,16.071208953857422,10.162805557250977,7.1148453672860885,0.0003600553843584803,1.0951921373279876,-0.2822496139008925,23.385610580444336,292.5753173828125
1989_58,1323132,49435,55614,27,-68.5,East 2,5.77783203125,12.502252578735352,6.43477725982666,4.106328874135878,0.0002823359138372132,0.2057618596471801,-0.5479300398490633,20.38595390319824,154.85926818847656
1989_59,1067086,12542,14110,27,-68.0,East 2,2.38189697265625,10.102931022644045,4.69234561920166,7.865635948997575,1.1441796649130301e-07,0.07597170067954939,-0.2912033823784044,24.75057601928711,132.41067504882812
1989_60,2090802,532051,1263622,57,-82.5,East 2,11.726882934570312,14.117344856262209,8.052740097045898,5.340228295325162,0.00033208397567906044,1.2206020764918115,-0.5289086103439331,34.29541015625,257.7857666015625
1989_61,1280220,7884,8870,27,-72.5,East 2,4.14263916015625,10.179110527038574,5.472600936889648,4.328607162350465,1.244682530754016e-06,0.02447784079066203,-0.0563756477623581,34.293365478515625,70.48722839355469
1989_62,1323032,161009,60378,9,-70.0,East 2,5.3012542724609375,11.664698600769045,5.369998931884766,3.953972759748089,0.0018570231043990681,0.5593246973956487,-0.6017286649515395,24.7681884765625,154.95994567871094
1989_63,2527739,1761468,880734,12,-82.0,East 2,13.393600463867188,19.82205390930176,14.117734909057615,4.905898232112572,0.012200251940401417,1.3695583388812744,-0.4248659988395329,17.999347686767578,305.98883056640625
1989_64,801464,18649,6993,9,-70.0,East 1,4.8260498046875,7.923833847045898,3.5658416748046875,6.758745365764133,7.937172691973545e-06,0.05459300360017645,-0.25021323694903,22.079912185668945,24.110610961914062
1990_1,1219133,286405,71601,6,-73.0,East 1,7.625152587890625,15.602900505065918,9.551386833190918,6.872366913824931,0.009683635078933576,0.48682408051907267,-0.3638828785144522,25.21087074279785,332.7410888671875
1990_2,736849,348431,130661,9,-78.0,West,10.206024169921877,16.74374008178711,8.044302940368652,4.763628567921709,0.01449650124973764,0.23985472423620122,-0.3208971652329562,22.14739799499512,275.4974670410156
1990_3,1100302,239624,29953,3,-70.0,East 2,10.05548095703125,14.998891830444336,7.975905895233154,5.179590963888915,0.009016008920029208,0.2302575843779372,-0.4466635891653638,19.381959915161133,192.9556121826172
1990_4,840625,109169,13646,3,-68.5,East 2,8.044830322265625,12.26255226135254,6.265256404876709,2.8442163874372715,0.0,0.08709103103140962,-0.5229107794206718,22.36813163757324,111.84278869628906
1990_5,1886236,204547,204547,24,-75.0,East 1,9.640487670898438,10.49176025390625,5.59378719329834,5.788551181506197,0.0,0.410770764961199,-0.343455382415475,32.125526428222656,77.50172424316406
1990_6,1631689,246919,308649,30,-76.5,East 1,14.815475463867188,11.924949645996094,7.197300434112549,5.613000341557514,1.1164418698477114e-08,0.6024593574618495,-0.4300109029161149,27.56013298034668,185.748779296875
1990_7,1361708,145065,163198,27,-77.0,East 1,12.707183837890623,10.340213775634766,5.712386131286621,6.548106933750237,0.0,0.35195407587254496,-0.4015866256888583,29.75479507446289,106.34008026123048
1990_9,1557364,257647,354265,33,-74.0,East 1,14.438980102539062,12.17740535736084,7.958910942077637,5.933890228299439,0.0,0.8970556759824414,-0.7567093985881841,35.829200744628906,250.33335876464844
1990_11,1401332,71813,44883,15,-72.5,East 1,14.126846313476562,6.0855560302734375,3.317454099655152,8.22758382322655,0.0,0.0887752333355752,-0.6752841529103368,28.30158424377441,67.85096740722656
1990_12,261635,207007,25875,3,-71.5,East 2,13.454910278320312,7.901515483856201,4.215550422668457,4.381880326695613,0.0,0.10201147075235104,-0.5911092366590193,16.080615997314453,106.83121490478516
1990_13,1083469,777969,291738,9,-85.0,East 1,19.367752075195312,8.069339752197266,4.621594429016113,5.874143337769148,0.0,0.3141053799195781,-0.5384377924614107,17.459228515625,126.07852935791016
1990_14,2762107,1975021,4937553,60,-85.0,East 1,28.79331970214844,14.837322235107422,10.838053703308104,7.540741741782854,0.009671244582535,1.7968256017186848,-0.3760258987548054,40.09788131713867,323.9378662109375
1990_15,1202699,12556,14126,27,-76.5,East 1,11.917999267578123,9.425902366638184,5.901758670806885,5.185594042605332,0.0,0.02371026268024491,-0.172910651018398,30.803794860839844,194.91818237304688
1990_16,592619,163992,20499,3,-73.5,East 1,12.402816772460938,7.3939690589904785,4.0156025886535645,5.629163801172037,0.0,0.022628949977855563,-0.3175340262171857,18.949243545532227,76.1169662475586
1990_17,1361625,14234,10675,18,-68.0,East 2,11.369186401367188,9.68222713470459,6.23386287689209,6.395964315175679,0.0,0.09194587409445962,-0.7083683013916019,26.503551483154297,142.92047119140625
1990_18,2104877,18000,47251,63,-79.0,West,12.64813232421875,10.587878227233888,7.169486045837402,6.526669217783577,0.0,0.13595700545849077,-0.6622915908316439,23.501678466796875,223.07669067382807
1990_19,2415028,372003,697507,45,-80.0,East 1,22.304946899414062,11.5922269821167,7.915794849395752,4.68775757305139,0.0,0.9140744115762007,-0.7236504152756097,31.8659610748291,230.34097290039065
1990_20,1976955,28946,68748,57,-74.5,East 1,12.96295166015625,7.456437110900879,4.533181667327881,5.107298382051889,0.0,0.15453217485690743,-0.911884721475034,24.057058334350582,140.92172241210938
1990_21,1575228,101709,88995,21,-75.5,East 2,17.685394287109375,7.909936904907227,6.087336540222168,6.495467088848947,0.0,0.21647969815573212,-0.1644697626596362,28.622671127319336,104.76016235351562
1990_23,1257945,336327,210204,15,-83.0,West,26.578414916992188,11.829791069030762,6.849846839904785,9.35853220733851,2.403166593529109e-05,0.5478634542863305,-0.7223848367785813,37.54214096069336,347.29327392578125
1990_24,1922641,533974,734215,33,-85.0,East 1,26.441192626953125,6.0492448806762695,3.4868099689483643,3.244779352975545,0.0,0.44166457756492217,-0.5928901828908527,31.223602294921875,209.44667053222656
1990_26,1923223,73834,64605,21,-75.5,West,18.19618225097656,10.61996078491211,5.844783306121826,8.109375189063728,7.565827552523212e-05,0.17009401840495608,-0.7330926186597443,36.28580474853516,229.72903442382807
1990_27,1393657,804946,603710,18,-79.0,East 2,31.96812438964844,11.15719509124756,8.52762222290039,5.348025659758801,0.0001932801956840111,1.0507027311532893,-0.8659503272800193,27.17642974853516,245.06857299804688
1990_29,1597061,169532,169532,24,-76.0,West,16.473220825195312,12.977314949035645,8.361955642700195,2.8872988799639607,0.0006018790705161426,0.35785351675824906,-0.6035301464369839,26.364315032958984,287.9447021484375
1990_30,1195625,70816,8852,3,-71.5,East 1,16.2376708984375,6.830385208129883,4.393199920654297,6.600543721893554,0.0,0.10032124538405347,-0.7142860480547387,23.93955421447754,111.94247436523438
1990_31,1375507,1173341,586670,12,-85.0,East 1,18.99594116210937,9.2733154296875,7.208173274993896,5.86866638188866,0.0,0.45173125335116737,-0.6377216743297411,28.345701217651367,213.1576690673828
1990_32,1770391,164455,102784,15,-83.5,East 1,22.50889587402344,5.402426242828369,3.175530195236206,4.761704300791372,0.0,0.10051607622205212,-0.7232369370362544,34.17610168457031,99.51871490478516
1990_33,3312470,879416,1648905,45,-83.5,East 1,26.12655639648437,9.665884971618652,7.267220020294189,5.684552553407059,0.0,1.171558848194641,-0.2776914539624927,29.89208984375,266.0255126953125
1990_34,1283772,803133,200783,6,-80.5,East 1,24.19911193847656,7.077370643615723,4.810080528259277,5.977601967197462,0.0,0.25089637423368333,-0.3744637305423375,19.932262420654297,119.10733032226562
1990_35,2446584,870426,761622,21,-82.0,East 2,30.224884033203125,8.686949729919434,6.947018146514893,7.152765654713939,0.0,0.3076582974750325,-0.2733803645905657,30.13694190979004,99.05136108398438
1990_36,2761025,323766,849887,63,-76.5,East 1,18.706527709960938,9.65403938293457,7.310577392578125,7.054085794104842,0.0,1.1363998522640242,-0.5367572147363459,34.62294387817383,271.81939697265625
1990_37,1400380,2079,1559,18,-66.5,East 1,-1.568450927734375,3.7072577476501465,1.7039484977722168,9.82143080930279,0.0,0.011558720645916619,-0.5470659804089976,31.00998306274414,54.17024993896485
1990_38,1856564,214100,133812,15,-83.0,West,28.01747131347656,5.00495719909668,2.832480430603028,3.763994938881178,0.0,0.1418724563607379,-0.5162201835290382,27.62379646301269,87.81721496582031
1990_39,1539035,908,1476,39,-74.0,West,7.3921051025390625,7.121580600738525,4.3007097244262695,6.588789060692683,0.0,0.020533372617276606,-0.6882091558598482,35.48870086669922,121.20245361328124
1990_40,1543001,3136,4312,33,-77.0,West,8.702377319335938,6.48187255859375,3.741887092590332,4.605035882451323,0.0,0.030574531623479357,-1.185760319202711,29.60142135620117,131.76234436035156
1990_42,1618995,477893,298683,15,-76.0,East 2,12.502975463867188,8.95931625366211,5.861691474914551,8.326960224719658,0.0,0.6009215542181213,-0.772695746754018,40.62762451171875,155.2318878173828
1990_43,2078852,715435,1162583,39,-85.0,West,25.195831298828125,12.335430145263672,7.750436782836914,3.246658706865062,7.351536647708044e-05,2.0382031101436557,-1.050537501985532,27.40651512145996,292.7666015625
1990_44,1267793,5939,2969,12,-66.0,East 2,8.542510986328125,6.149460315704346,3.149618864059448,6.208917508231054,0.0,0.02889066491106274,-1.1463873919337149,22.00613212585449,120.27873229980467
1990_47,1717091,46194,80840,42,-73.5,East 1,11.623001098632812,8.942856788635254,6.034692764282227,6.105796187146695,0.0,0.22902199194662914,-0.6700987947965875,38.85152053833008,110.46662902832033
1990_48,2070818,258536,452438,42,-76.0,East 2,14.364212036132812,11.504728317260742,8.023558616638184,7.5760109934225985,5.33348335271283e-06,0.7740503399907952,-0.6562760585179765,27.16290664672852,199.6609649658203
1990_49,819744,2586,646,6,-71.5,West,2.347198486328125,10.64382266998291,3.814980983734131,5.196290876719878,5.809575872275561e-06,0.002965000849351759,-0.4833075255155559,23.580663681030277,197.40853881835935
1990_50,1914421,744730,1303278,42,-82.0,East 2,10.78094482421875,11.3783540725708,7.201977729797363,5.824505650203186,7.589063592461518e-06,1.1921845060952312,-0.4030968389064369,26.170738220214844,193.47479248046875
1990_51,3290128,1294930,6150920,114,-85.0,East 1,20.84893798828125,13.17904281616211,8.77505111694336,5.824767898104748,0.002121916775535684,2.9165011192016475,-0.2881635418225243,37.810035705566406,369.0675659179688
1990_53,1426114,221673,360219,39,-75.5,East 2,7.9609222412109375,16.199901580810547,9.88610553741455,6.38290749789058,0.006477518578510689,0.4289611439046439,-0.3315868020862343,30.88832664489746,359.92413330078125
1990_54,1010696,684037,342018,12,-80.0,East 2,11.038314819335938,13.19719123840332,6.902491569519043,2.2051306166039786,0.0007273282487309993,0.2003942961278472,-0.2746588144545909,17.159082412719727,101.86895751953124
1990_55,1845131,1439,2159,36,-71.0,West,2.554595947265625,12.105972290039062,5.0329203605651855,4.8756167132303965,0.0013163897605706924,0.019052846604279663,-0.5016151070594788,29.618804931640625,274.4329528808594
1990_56,2087174,68734,214795,75,-72.0,East 1,8.751907348632812,13.37709903717041,6.532929420471191,4.890684810630765,0.006467431816576565,0.42769065561359765,-0.3912167501843491,24.2131404876709,198.05123901367188
1991_1,1571975,29582,25884,21,-71.0,West,3.6630859375,16.82284164428711,8.123404502868652,6.743861031717081,0.009421258111571395,0.14275770364392265,-0.5698018647716928,24.52801513671875,295.2958679199219
1991_2,2199360,12009,21016,42,-70.5,West,5.03863525390625,19.747146606445312,11.047709465026855,6.732787285040256,0.00803502691507199,0.05119092860901635,-0.629929107941412,22.79986953735352,373.23779296875
1991_3,2231980,378492,709674,45,-82.5,West,10.150054931640623,18.22821044921875,11.129257202148438,3.502512499684259,0.00593600282876543,1.312954403922811,-0.6424542589047789,26.81060791015625,330.33819580078125
1991_6,2657047,2069445,2586806,30,-85.0,East 2,15.561630249023438,13.976881980895996,7.72386360168457,4.4018766120517805,0.006721825502223389,1.2370949565250524,-0.3373432377412902,17.52301788330078,202.73829650878903
1991_7,1387918,402902,352539,21,-75.5,East 1,14.69757080078125,10.816594123840332,5.081723213195801,4.336251234822637,4.938147260218724e-06,0.24975091640680802,-0.347696821549218,22.69632339477539,152.7666778564453
1991_9,1991020,456939,1199467,63,-85.0,West,14.9549560546875,19.501693725585938,13.700726509094238,4.105315313056295,0.004417633567326809,1.232308782494045,-0.6159456253051757,26.551498413085938,368.7353515625
1991_10,2161434,476466,1191166,60,-85.0,East 1,15.630905151367188,16.172849655151367,10.00740909576416,6.121452152289336,0.003441608169393714,0.7927869477560265,-0.3687800666527742,39.28284454345703,321.6116638183594
1991_11,1097214,4401,6052,33,-71.5,East 1,2.922332763671875,8.74016284942627,2.5747222900390625,5.514583570583561,0.0,0.07310380669885232,-0.4200472235679626,32.74772644042969,109.9732666015625
1991_12,1415566,37880,42615,27,-73.5,East 2,11.976303100585938,9.003976821899414,5.098045825958252,7.942771309570483,2.4575234818568525e-05,0.20017510416506817,-0.3768186534241788,33.94445037841797,90.72144317626952
1991_13,1690478,496151,558170,27,-77.0,East 2,17.507308959960938,12.865558624267578,7.920112133026123,6.95253893547527,7.199441869571933e-05,0.7591484638896497,-0.4696303738806449,28.18546295166016,226.7046813964844
1991_14,1030931,6806,6806,24,-68.5,East 1,6.1569366455078125,7.887813091278076,3.903934955596924,5.65490549348886,0.0,0.058158449086597654,-0.5413817864698642,29.515575408935547,73.68557739257812
1991_17,1939459,401524,552095,33,-77.0,East 2,17.35479736328125,13.75284194946289,8.741161346435547,5.664633114795289,8.134772418331467e-05,0.7966851026442195,-0.1987008300620222,22.349210739135746,244.41897583007807
1991_18,1628983,250241,125120,12,-75.5,East 2,21.71522521972656,10.0392427444458,6.976584434509277,7.720789489800386,0.0,0.3182982743322856,-1.1545293694191274,33.84475326538086,178.16143798828125
1991_19,696542,118436,44413,9,-73.0,West,14.362335205078123,14.876895904541016,8.921817779541016,5.1571012702898615,0.005742394368806596,0.1831570181019988,-0.3820223530687915,27.54416847229004,335.38922119140625
1991_20,1092668,656746,82093,3,-85.0,West,20.341049194335938,15.944084167480469,9.205312728881836,5.716998270417859,0.003330952242935092,0.24621609160392396,-0.3256437232846101,21.740686416625977,225.79171752929688
1991_21,1892495,280162,735427,63,-79.0,East 2,22.162185668945312,10.336260795593262,6.32850980758667,8.439672723241962,3.123889909519367e-07,1.0154720270819155,-0.254803894762928,26.631929397583008,254.05908203125
1991_22,1442643,16750,35593,51,-69.0,East 2,14.573989868164062,9.948846817016602,6.976702690124512,4.7208324125337136,0.0,0.1115023933155397,-0.7338952044068633,33.01969528198242,190.3902282714844
1991_23,2814826,299612,1310806,105,-85.0,West,19.940170288085938,16.854293823242188,11.529584884643556,8.22894941354522,0.0,2.011134708841245,-0.726661458924384,36.60511016845703,394.60162353515625
1991_24,1338824,139703,122240,21,-83.5,East 2,14.992019653320312,7.160143852233887,4.9176225662231445,8.900458500654107,0.0,0.11297275668126108,-0.4332319189263237,34.257049560546875,127.86705017089844
1991_25,1584438,942115,235528,6,-78.0,East 2,24.652313232421875,10.677371978759766,7.137059211730957,5.937469843766341,1.5867784533952411e-06,0.951102111668966,-0.4473315584655398,34.95279693603516,200.36798095703125
1991_26,2402376,1704671,639251,9,-80.0,East 2,33.09831237792969,11.083531379699709,7.88459587097168,4.69931549283943,7.951687390116218e-08,1.2780407485015082,-0.4817087544420919,24.5736026763916,233.31027221679688
1991_27,1317609,185830,301974,39,-77.0,East 2,18.123306274414062,8.47833251953125,6.385642051696777,6.559098153250813,0.0,0.5304010387630459,-0.4757694497974134,28.735870361328125,145.96786499023438
1991_29,1361483,25265,28423,27,-68.5,East 2,8.982223510742188,8.74416732788086,5.295803070068359,7.953110655150089,0.0,0.16736470815295082,-1.3067479346529458,23.603954315185547,152.32728576660156
1991_32,1449058,192806,289209,36,-83.0,West,22.829742431640625,10.537421226501465,6.864203453063965,3.711279977086404,0.0,0.5327231200532604,-0.2440403005073285,27.532123565673828,218.91847229003903
1991_33,1679251,51280,83331,39,-74.0,East 1,18.115402221679688,6.107970714569092,3.8437442779541016,7.7948657686977185,0.0,0.12343588608229208,-0.3136606657390594,41.737247467041016,62.71364974975586
1991_34,1055223,623155,233683,9,-85.0,West,31.06732177734375,10.741180419921877,7.067962646484375,2.992441877481016,0.0,0.3783022173195534,-0.5897037342864325,29.69107818603516,215.69305419921875
1991_35,1582853,14142,24750,42,-69.5,East 1,9.259368896484377,7.662332534790039,4.742830276489258,6.658634429037087,0.0,0.11538800288806438,-0.6271705481405246,32.70747375488281,122.27371215820312
1991_36,1276368,48198,72298,36,-78.5,West,13.348526000976562,11.00590705871582,7.549618721008301,4.958666509273898,0.0,0.38377552118706215,-0.6700864899831147,36.0244140625,162.5001983642578
1991_37,1749934,23416,58542,60,-69.0,East 2,19.09881591796875,9.381115913391112,6.509300231933594,7.140829378805306,9.127542833594239e-07,0.352362043228069,-1.2083151030246475,39.07281112670898,153.0071563720703
1991_38,1787761,319438,678807,51,-85.0,West,27.28187561035156,11.478461265563965,7.940796852111816,4.454256125610345,0.0,0.9930548216093279,-0.1191490739583969,31.450239181518555,291.76055908203125
1991_40,285386,217553,27194,3,-85.0,East 2,30.40147399902344,6.708910942077637,4.952543258666992,3.494645200146165,0.0,0.02069055324857959,-0.1804192498738877,15.614559173583984,61.77400207519531
1991_41,559468,125816,15727,3,-76.5,West,14.793060302734377,11.814379692077637,8.341659545898438,3.97364372466084,0.0,0.1576134582427421,-0.7729031242069846,22.833309173583984,189.1133270263672
1991_42,2159882,62615,78269,30,-79.0,East 1,15.5694580078125,6.432652473449707,3.914886951446533,5.10317801767012,0.0,0.10436808468448446,-0.7374650587441909,39.13623809814453,170.97555541992188
1991_44,871361,648227,81028,3,-81.5,East 2,22.57162475585937,9.762219429016112,7.338484287261963,6.415510418202109,0.0009364404808675976,0.1884539606271304,-0.4177659800145291,25.319581985473636,120.78672790527344
1991_45,1688134,6531,6531,24,-67.5,West,16.556716918945312,13.61955738067627,8.496648788452148,6.706657303871464,3.47213651231115e-06,0.06513760536863557,-0.7418571384241583,28.007776260375977,173.38394165039062
1991_46,1194694,14471,12662,21,-68.0,East 2,16.037429809570312,9.211234092712402,6.399670124053955,7.602666850801406,0.0,0.06369210049440009,-0.8189448528550027,33.53116607666016,140.967529296875
1991_48,1132224,4399,4949,27,-78.0,East 1,9.924530029296877,4.160327434539795,1.937699317932129,6.734122629309069,0.0,0.014942618290055866,-0.5983495116233827,33.00830841064453,97.88853454589844
1991_49,1513033,852710,532944,15,-85.0,East 1,25.337326049804688,6.162806510925293,3.90274429321289,4.17994415058746,0.0,0.29974756815137127,-0.7124737676291125,29.209625244140625,136.19125366210938
1991_50,1536433,10682,29377,66,-68.5,East 2,10.493606567382812,7.695747852325439,4.419886589050293,8.347367179851139,0.0,0.0953954752165575,-0.5616281072196645,32.69178771972656,150.68211364746094
1991_51,2013360,1333324,1833321,33,-85.0,East 1,27.59925842285156,7.865314960479736,5.544384479522705,5.957728725193526,0.0,1.0281342457167308,-0.6572530483233996,32.05619430541992,226.99722290039065
1991_52,836262,157150,19643,3,-74.5,East 1,13.184249877929688,5.581815242767334,3.3114380836486816,6.7520007045514525,0.0,0.05539890479440613,-0.6823315408076371,34.02657699584961,60.850093841552734
1991_53,2152216,140508,316143,54,-83.0,West,23.16612243652344,12.389150619506836,9.22239875793457,6.969387334308701,0.0001354664020156926,0.7392828237733412,-1.1980301158068245,42.94700622558594,301.6552124023437
1991_54,2550046,20287,43111,51,-78.0,West,20.667770385742188,11.66528606414795,8.891322135925293,4.815083845258237,0.0,0.3142348406808805,-0.6443828325992316,40.932125091552734,211.23208618164065
1991_55,706953,23171,20275,21,-67.0,East 2,14.084823608398438,8.143694877624512,4.867833137512207,8.383473870192413,0.0,0.09257605048735032,-1.158923317339408,29.190956115722656,152.4304962158203
1991_56,1039912,985179,123147,3,-85.0,East 1,25.407135009765625,6.476132869720459,3.4294962882995605,6.588926711268077,0.0,0.08652684484460339,-0.3268949755976433,17.50768280029297,141.7144775390625
1991_57,1252899,95454,23863,6,-72.0,East 2,19.36737060546875,9.894248962402344,6.618387222290039,8.311873055985076,0.0,0.2134873292868867,-0.7884831210915995,33.05938720703125,141.51617431640625
1991_58,2913878,2159532,2969357,33,-85.0,East 2,28.712646484375,10.746872901916504,7.519953727722168,8.627224332808238,2.9364152620921826e-05,1.413493579147177,-0.2682506748479769,32.011962890625,167.38015747070312
1991_59,1020435,7598,2849,9,-77.5,West,14.719635009765623,8.624300956726074,4.521459579467773,9.918288393973809,6.517332583697949e-07,0.011536236861141457,-0.5785293107046582,25.60917282104492,176.3391571044922
1991_61,1591666,104744,91651,21,-71.0,East 1,10.727188110351562,5.200185775756836,3.0898587703704834,8.87127395130385,0.0,0.15884402959715135,-0.6089782128371958,40.8387336730957,113.72645568847656
1991_62,1174663,414218,310663,18,-80.0,West,22.43319702148437,9.22571849822998,5.769425392150879,5.909664073882612,0.0003815728168502382,0.5562598926377097,-0.824929702654652,27.93242454528809,242.0210876464844
1991_63,3252436,20267,38002,45,-76.5,West,17.708465576171875,9.818638801574709,6.097731590270996,5.503467050756451,0.0,0.17337345638553697,-0.5590327740774493,42.745361328125,212.05178833007807
1991_64,1432349,859,1181,33,-73.0,West,6.19293212890625,10.585627555847168,5.113406181335449,4.647979485691081,0.0,0.005399694919990094,-0.3364422253123141,27.56720733642578,181.9815216064453
1991_66,1365346,48896,61120,30,-70.5,East 2,6.265167236328125,8.009092330932617,4.911467552185059,5.660914160157142,0.0,0.18991668525361874,-0.7091415015071303,26.68724632263184,155.5224151611328
1991_67,2711077,76433,219747,69,-82.0,West,20.425048828125,12.875081062316896,7.402859687805176,7.20217959597971,0.00019401534114957486,0.7179588916503303,-0.7632549469532212,41.5261116027832,362.0289306640625
1991_68,1752732,688767,1205342,42,-85.0,East 1,27.82090759277344,6.8737473487854,4.431814670562744,3.701143867852448,0.0,0.5097273234264592,-0.4278462357897921,26.01188087463379,214.844482421875
1991_69,1323927,910389,341395,9,-85.0,West,22.84405517578125,9.949821472167969,6.639531135559082,5.248064457736209,0.0,0.7552167854287601,-0.7497930676929324,34.27875900268555,311.95343017578125
1991_70,1342080,3067,7668,60,-69.0,East 2,11.759246826171877,8.073380470275879,5.303762435913086,5.960819666049559,0.0,0.012483630590237804,-0.3809740111972379,37.3355827331543,136.27142333984375
1991_71,1009293,7647,12427,39,-68.0,West,10.305496215820312,11.112571716308594,6.314799308776856,3.280681426497148,0.0,0.05452434754977125,-0.5095563371744756,27.02501106262207,204.0130615234375
1991_72,618068,353106,88276,6,-84.0,West,22.69517517089844,9.406365394592283,4.821372032165527,4.847482341099514,0.0,0.2210589243555235,-0.5099731405662704,28.02676773071289,223.42547607421875
1991_73,1793945,143841,215761,36,-83.0,West,19.61445617675781,11.563172340393066,8.497602462768555,3.929372400502084,0.0,0.46465724843998046,-0.4355708696011834,32.3732795715332,189.44662475585935
1991_74,1811152,6958,5218,18,-70.5,East 1,10.870330810546877,4.325687408447266,2.483607769012451,7.611518381031252,0.0,0.011224589504874209,-1.2793073256810503,26.615842819213867,45.386016845703125
1991_75,4442075,415593,2233813,129,-85.0,East 2,29.25750732421875,12.76595401763916,9.616898536682127,4.516610636028826,0.00027959336957346,2.1369322557936425,-0.2727024821801752,32.24385452270508,362.4209899902344
1991_77,2124599,551321,620237,27,-85.0,West,15.82977294921875,13.408254623413086,9.01522445678711,2.9877235943948044,6.188870474606783e-05,0.8628064860342802,-0.4521205809944571,25.184106826782227,176.4464874267578
1991_78,2015134,186652,466630,60,-83.0,East 2,12.337081909179688,11.208937644958496,7.393895149230957,3.0350346950078744,0.0,0.48093090850570935,-0.144708657041495,28.434694290161133,110.30750274658205
1991_80,929406,100238,37589,9,-75.5,West,4.618072509765625,12.8894681930542,5.781617641448975,4.702419543277906,4.936537408832866e-05,0.1062838614992056,-0.4831282881601212,29.34052085876465,230.32945251464844
1991_82,691398,208003,26000,3,-80.0,West,6.82135009765625,12.290183067321776,5.888766288757324,4.468382310013775,0.0,0.09156418394267328,-0.54303338684304,20.614845275878903,205.3170166015625
1991_83,2155722,535112,1003336,45,-79.0,East 1,10.525711059570312,15.360477447509766,10.476985931396484,4.006901392276777,0.000987662810793812,1.177246000292341,-0.5587767160450405,29.800682067871094,298.45660400390625
1992_2,2214202,2144,4824,54,-71.0,East 1,3.92193603515625,9.804553031921388,3.59329605102539,4.076600235066834,0.0,0.030536301524530157,-0.4616173571800047,22.269655227661133,136.71737670898438
1992_4,1409215,219904,247392,27,-71.0,East 2,11.507156372070312,12.921218872070312,6.669134616851807,4.84414465354844,0.005358826546670966,0.4414307692603585,-0.4153840785245086,26.25123786926269,177.72923278808594
1992_6,1356345,12786,9589,18,-76.5,West,4.2750091552734375,13.507140159606934,7.906862258911133,4.108852607787818,0.0,0.05368355724430157,-0.9720904252176352,34.08034133911133,153.04104614257812
1992_8,1553821,28372,31918,27,-69.0,West,10.033782958984377,16.83749771118164,9.455530166625977,4.153175974077953,0.014817142104562342,0.19740914476308524,-0.3810375466787518,31.368896484375,329.9881896972656
1992_9,1125263,576221,72027,3,-85.0,East 2,25.70350646972656,10.283954620361328,7.343100070953369,4.279373497591121,0.0,0.33897439883895103,-0.484050537881087,30.38895034790039,224.07997131347656
1992_10,1765256,125285,203589,39,-71.0,East 2,9.86871337890625,11.946897506713867,7.238208293914795,7.362988805444783,5.7313501324310825e-05,0.40035189901302976,-0.7548455595970154,26.058778762817383,233.60130310058597
1992_12,1804617,193994,242492,30,-74.0,East 2,11.742385864257812,13.09774684906006,8.611469268798828,7.656528998758802,0.00015395792411285932,0.530619059309348,-0.3643674994239267,33.01049041748047,143.2410888671875
1992_13,1851024,219990,219990,24,-76.0,East 1,7.688262939453125,10.77682876586914,5.917270660400391,6.772442025229911,4.054366031707916e-05,0.9063968588381665,-0.5056998896436524,36.180267333984375,220.3130798339844
1992_14,1347273,565867,282933,12,-85.0,East 1,16.71270751953125,10.095587730407717,5.3329057693481445,3.054277628091337,0.0,0.5108581452886043,-0.6761463763601044,20.277738571166992,150.6273956298828
1992_15,1100724,43341,27088,15,-70.5,East 2,6.272735595703125,7.814396858215332,4.460339069366455,8.357632007973216,0.0,0.10134173148624871,-1.114539544128146,32.446632385253906,174.08360290527344
1992_16,1006057,34472,8618,6,-68.0,West,7.9224853515625,15.59964656829834,8.855611801147461,6.545803044205566,0.00026695415349085286,0.0792636835442689,-0.6224135818244356,33.49241256713867,327.64752197265625
1992_17,962924,385253,240783,15,-85.0,West,14.115737915039062,11.291627883911133,5.987881660461426,8.350022721716673,0.0,0.9281266671041689,-0.845488286466136,34.10104751586914,307.776611328125
1992_19,2107000,223047,613381,66,-82.0,West,26.7349853515625,16.349206924438477,11.024497985839844,2.692186999234686,0.005838519742503097,1.562963972204961,-0.6833719584714328,22.65992927551269,527.2661743164062
1992_20,3204454,532326,931571,42,-79.0,East 2,20.961944580078125,15.085128784179688,11.731071472167969,7.873480436407046,5.962186631055975e-05,1.1602645498116397,-1.229734769621487,35.790279388427734,310.66925048828125
1992_21,1411822,340871,298262,21,-73.5,East 2,15.897796630859377,12.664349555969238,9.077116012573242,5.919277999166255,0.0,1.2968037657662765,-0.7293558597164954,32.166107177734375,269.53631591796875
1992_22,1749440,28915,133735,111,-85.0,West,17.452301025390625,12.329997062683104,8.331974029541016,5.4607817700170695,0.0,0.39152693719994347,-0.6724806250537847,27.001462936401367,226.74801635742188
1992_23,2018040,149764,449293,72,-74.5,East 2,18.798110961914062,10.696981430053713,7.930409431457519,7.699513654531194,0.0,0.7544743085013748,-0.7123559594094856,34.72465515136719,205.6600646972656
1992_24,605382,47859,5982,3,-71.0,East 2,17.915176391601562,3.952781200408936,2.533085823059082,7.637604700383856,0.0,0.02117437621209412,-0.6939357106342283,23.387371063232425,54.6494255065918
1992_25,1649966,70087,105130,36,-74.5,East 1,10.436492919921877,6.682839393615723,3.443875312805176,7.936151339562949,0.0,0.20806853691236568,-0.6441522837127862,42.04279327392578,112.63224792480467
1992_27,2009767,578460,1373844,57,-81.0,East 1,29.11474609375,10.586386680603027,7.497292518615723,5.833732751676143,3.8475318467438605e-05,1.9407290145018692,-1.1875809542382236,35.83610916137695,270.4906005859375
1992_29,398223,4575,571,3,-76.5,West,15.716415405273438,8.592131614685059,5.521768569946289,2.282764777312748,0.0,0.003022012887165573,-0.4256131568330282,22.232402801513672,161.38804626464844
1992_30,1268513,71429,62500,21,-77.0,East 2,16.453399658203125,6.548267841339111,4.479989051818848,7.625180235270338,0.0,0.22498629609137358,-0.2494950660192888,37.46409606933594,117.75557708740234
1992_31,1190053,227368,85263,9,-84.0,East 2,23.337432861328125,7.633682727813721,5.595600128173828,8.829129063972706,0.0,0.25543684701732927,-0.5601907337668143,40.4144401550293,168.9439239501953
1992_32,954307,533109,199916,9,-85.0,West,20.85313415527344,9.401911735534668,5.224400520324707,5.705360029283719,0.0,0.6126722749834524,-0.7482450307423042,34.029869079589844,268.21954345703125
1992_34,1469770,7581,6633,21,-71.5,East 1,10.238525390625,6.413900375366211,3.708227396011353,6.294671289046149,0.0,0.026623034655750704,-0.7775104680840144,26.184539794921875,64.95331573486328
1992_35,1116355,703236,263713,9,-85.0,West,24.167724609375,9.834877967834473,5.752390861511231,2.735197231936988,0.0,1.0367777241463234,-0.7215358420865654,28.184959411621094,237.0663909912109
1992_36,980246,34044,12766,9,-75.0,East 2,9.73504638671875,3.829112052917481,2.2169065475463867,5.036487057236072,0.0,0.016271785948381776,-0.2653621776557444,25.62504005432129,61.07310104370117
1992_37,2639974,930919,1745474,45,-83.0,East 2,27.66241455078125,15.113729476928713,11.91635036468506,5.395967426848132,0.0015108234575438324,2.4572742417958366,-0.586702540882041,28.94422912597656,346.5794372558594
1992_38,2234783,240680,421190,42,-81.0,East 1,19.853546142578125,6.186074256896973,3.958028554916382,8.544428773879975,0.0,0.4592672570891235,-0.5842242240905762,36.21408081054688,130.37493896484375
1992_40,1286195,220,330,36,-70.0,West,10.730712890625,10.006135940551758,5.759523868560791,4.655843909473524,0.0,0.0022841227638461235,-0.470899611711502,30.84381484985352,201.32183837890625
1992_41,2094270,276939,346173,30,-81.0,West,25.325164794921875,11.533226013183594,7.24155330657959,3.453403781846582,0.0017040893623144484,1.2037451396798493,-0.9771531186934572,27.08586311340332,277.3041076660156
1992_42,2179328,331105,703599,51,-79.5,East 2,20.88677978515625,11.429388046264648,8.136665344238281,7.102916870705571,0.0010927219734640033,1.199790738732395,-1.1777199184386788,42.72734069824219,328.75054931640625
1992_43,700406,148957,18619,3,-72.5,East 1,17.342330932617188,4.875546932220459,3.0060720443725586,5.083476426078872,0.0,0.08117992412062762,-0.9735485879002982,35.111846923828125,104.7628173828125
1992_44,1272048,1120364,280091,6,-83.5,East 2,24.585006713867188,6.533881664276123,3.663026809692383,6.879682142930054,0.0,0.2352459450364794,-0.2009830242027918,25.214263916015625,135.57278442382812
1992_45,1937834,51453,70748,33,-74.5,East 1,15.521636962890623,4.591587543487549,2.3751261234283447,5.774314402980622,0.0,0.15906154418740984,-0.4615703855042646,35.14160919189453,112.09152221679688
1992_48,2092618,692302,2423057,84,-80.0,East 2,30.901611328125,14.81241226196289,12.21962070465088,7.1188688514951135,0.0002777268166907532,2.4798692350294815,-0.8321463985530022,32.05784606933594,315.4214782714844
1992_49,1606820,57754,93850,39,-70.0,East 2,11.914535522460938,7.137935161590576,4.125260829925537,8.39904336574804,0.0,0.36685511120638936,-0.8959951400756835,32.93993377685547,166.2380828857422
1992_50,1242761,35962,31467,21,-72.5,East 1,5.0757598876953125,5.644874095916748,3.5843982696533203,6.897229758452374,0.0,0.11279196746032583,-0.9346610284295288,43.54193878173828,92.4080810546875
1992_52,1211589,289300,325463,27,-85.0,West,26.60585021972656,7.983548641204834,5.611661911010742,4.925502872540624,0.0,0.4403751663388115,-0.7775091381258243,37.80344009399414,214.3934631347656
1992_53,997570,592141,74017,3,-85.0,East 2,29.405563354492188,6.577788829803467,3.718061208724976,3.963077632041186,0.0,0.21941300182550258,-0.6199134402248859,30.953388214111328,144.1511688232422
1992_55,709764,53079,13269,6,-70.5,East 2,6.922119140625,6.421292781829834,3.1894047260284424,8.520622008191596,0.0,0.07578997267641005,-0.5551994501645889,27.01778793334961,112.40638732910156
1992_56,963855,194391,72896,9,-82.5,West,9.35406494140625,9.656793594360352,6.038328170776367,5.46424087170332,2.0907352572975746e-06,0.6147581072949793,-0.758906517792488,28.451704025268555,213.57229614257807
1992_57,2619743,1187319,2968299,60,-85.0,West,21.007827758789062,11.405502319335938,7.006589412689209,3.2412585280012336,0.0013983828190625431,3.2367258521511,-0.7418079521285519,28.411222457885746,284.89581298828125
1992_58,969694,11418,12845,27,-74.5,West,4.041534423828125,10.260875701904297,4.2515645027160645,8.283985990790395,4.822051457655964e-05,0.06858959171234151,-0.5165174936609481,30.887866973876957,273.8042297363281
1992_59,3124729,598360,1944671,78,-85.0,East 1,21.517242431640625,10.15844440460205,7.417667388916016,5.495991553539467,0.0,1.813359949260652,-0.19934743642807,38.4965934753418,208.6959686279297
1992_63,1457242,264193,429314,39,-84.0,West,13.759658813476562,9.79491901397705,6.523617744445801,3.947305872383962,0.0,0.5294489691330762,-0.4299641494431987,24.11940574645996,210.0787811279297
1992_64,1762763,857456,1286184,36,-85.0,West,21.533279418945312,12.18492317199707,7.402873992919922,4.667700561477414,0.02475777357443802,2.1985781702451006,-0.5349852994665728,34.63115692138672,363.0519409179688
1992_65,2787327,79331,158663,48,-72.0,East 1,5.211196899414063,7.803264617919922,3.969125986099243,4.862542475747655,0.0,0.3102952383877453,-0.1531326286990368,27.477510452270508,98.7399673461914
1992_67,1855479,282261,458675,39,-75.5,East 2,11.803436279296877,14.515971183776855,11.24018096923828,5.240135941233324,4.511894962472373e-05,0.8463346487605186,-0.2036696288201238,33.34016418457031,306.27301025390625
1992_68,439119,123579,15447,3,-70.5,East 2,16.233779907226562,7.928091049194336,4.258390426635742,5.192819479844243,0.0,0.1445327123315605,-0.3682000121236733,22.69525909423828,102.97765350341795
1992_69,1201925,749,562,18,-67.5,West,6.225494384765625,11.060832977294922,5.601119518280029,3.868858646915244,0.0,0.016220864650902382,-0.472232468322226,21.924861907958984,185.88136291503903
1992_72,1040430,368774,322677,21,-80.5,West,10.85028076171875,13.805187225341797,6.91554069519043,4.463661366263962,0.03309502892957055,0.6907418599740583,-0.4861809202683504,24.671295166015625,323.84832763671875
1992_73,1738037,172955,410768,57,-77.0,West,9.645782470703123,17.53811264038086,9.959878921508787,4.056794561472584,0.03790657911099264,0.3391506544005788,-0.4099641005574987,27.940378189086918,375.0389099121094
1992_74,1672593,63921,79901,30,-80.0,West,6.63153076171875,12.361617088317873,6.568862438201904,3.146001952850942,0.0007466936169765476,0.27314813067949983,-0.3166787644446803,23.76131820678711,215.4970703125
1992_76,1734470,758786,758786,24,-85.0,West,9.664276123046877,12.148622512817385,6.31830644607544,2.3723592055221565,0.003662781162539773,0.6993643278145699,-0.4419043804349212,25.348464965820312,252.66067504882807
1993_2,3256403,648315,2269105,84,-85.0,West,12.253387451171877,18.18770217895508,11.410307884216309,5.214215684146165,0.0476092329075829,1.8133058236850323,-0.3328626155853271,36.395957946777344,371.5175476074219
1993_3,2888261,283819,532161,45,-85.0,East 2,16.068939208984375,15.577569007873535,11.410919189453123,5.850663321885655,6.788550924116745e-05,0.17344740141072632,-0.1510647215787503,23.796226501464844,104.99166870117188
1993_4,1110061,747,747,24,-67.5,East 1,4.446136474609375,8.925066947937012,3.9501266479492183,5.783847239705287,0.0,0.0037657365718460688,-1.1282129287719729,24.79327964782715,75.46454620361328
1993_5,790725,39481,19740,12,-72.0,East 2,3.4975128173828125,11.213010787963867,5.603817939758301,4.334238408656669,0.0,0.03537557108898913,-0.6582408648869846,29.62330436706543,123.11783599853516
1993_6,651590,3741,467,3,-71.5,East 2,4.62890625,6.275766849517822,2.2130165100097656,4.280411937186873,3.0088017302012284e-11,0.002313518648473139,-0.0591619621053562,28.904199600219727,54.69841003417969
1993_7,772055,7875,984,3,-73.5,East 2,2.67364501953125,6.086639881134033,2.568551540374756,3.83713954907278,0.0,0.004783697176793958,-0.4594073198964667,21.478212356567383,27.91937828063965
1993_9,1922145,159783,319567,48,-73.0,East 2,5.508758544921875,11.658154487609863,5.315982818603516,5.311656961507962,0.00027883019806508905,0.674563249869295,-0.5941242976014817,27.815174102783203,200.6024932861328
1993_10,2178965,1359976,1359976,24,-83.0,East 2,15.228439331054688,16.159433364868164,10.191165924072266,4.650645338403035,0.0002665718470813228,1.251758333678243,-0.3271663467970836,29.817007064819336,206.49948120117188
1993_11,1527001,22602,8475,9,-73.5,West,7.950439453125,17.186750411987305,10.49506950378418,2.7132953359748218,0.0017770878034932568,0.13384372934741703,-0.1785702526569366,25.81720542907715,239.3205718994141
1993_12,2222796,1213725,758578,15,-85.0,West,19.72303771972656,18.232872009277344,11.56462860107422,3.700585500717669,0.03750960679638377,1.5484671300332065,-0.5674279899642618,23.47052001953125,404.3822937011719
1993_13,1532255,57851,65082,27,-81.5,West,15.7874755859375,16.673751831054688,9.653457641601562,4.659587830380763,0.0014740100709643865,0.21463165304836576,-0.9681693093466298,28.39356231689453,249.6435394287109
1993_14,42983,26864,6716,6,-75.5,West,8.011505126953125,13.90068531036377,6.085536003112793,1.2725008732771392,0.004157306934273512,0.01810941320811933,-0.6724012347969701,15.618019104003906,195.49908447265625
1993_15,2704936,486947,913027,45,-78.5,East 2,25.967681884765625,19.58511734008789,15.812793731689451,8.898627874401242,0.0007477854313888358,0.9567909604981928,-0.1865116114352183,44.477989196777344,421.9938354492188
1993_17,1052469,385497,96374,6,-72.5,East 1,10.096878051757812,8.650470733642578,4.314788818359375,6.855553021303077,0.001266215425944017,0.2376006961408345,-0.6924016332566999,30.784990310668945,173.71389770507812
1993_18,878606,48997,12249,6,-73.0,East 2,7.38824462890625,8.468148231506348,4.69582462310791,4.528444685608855,0.0,0.020387764709739537,-0.3403600434950272,24.353553771972656,85.10411071777344
1993_19,1072119,8286,6214,18,-70.5,East 1,3.571990966796875,7.612571716308594,2.753013610839844,6.815638042957999,0.0,0.031935010083726866,-0.7805235315592096,23.753023147583008,130.42227172851562
1993_20,887223,274013,102754,9,-85.0,West,23.443328857421875,7.438642024993896,4.202918529510498,2.9103577706655885,0.0,0.10796592938923907,-0.3545245431547683,19.360515594482425,127.58203887939452
1993_21,1448166,104743,157115,36,-73.5,East 1,6.846954345703125,12.948026657104492,8.36817741394043,6.963665429856827,3.8266238649523416e-07,0.6864975145288589,-0.5670370443617805,27.95964813232422,217.37811279296875
1993_22,1227018,61918,85137,33,-72.0,East 2,12.854415893554688,12.04757022857666,8.693511962890625,8.363503008591012,2.3251316580854583e-11,0.1260368501021541,-0.8869320364297326,29.09560203552246,180.32272338867188
1993_25,3090128,295,1069,87,-66.0,West,6.72247314453125,17.32198715209961,11.177448272705078,3.2739035582507574,4.920203648870826e-06,0.01310362179920935,-0.5004236627868687,20.25118064880371,215.82565307617188
1993_26,2275000,5056,6320,30,-70.5,East 1,13.092147827148438,5.437274932861328,2.3923418521881104,7.519045845411924,0.0,0.021650307309343468,-1.6119595586733355,39.73849105834961,113.0362777709961
1993_27,764713,6654,1663,6,-71.0,West,6.41595458984375,10.708236694335938,4.9983086585998535,3.73991280759586,0.0,0.023706299580285445,-0.5367013255404869,33.09162139892578,288.7552185058594
1993_28,1873719,36726,55089,36,-70.0,East 1,5.255218505859375,7.433477878570557,4.095810890197754,11.210113628015728,0.0,0.13797524954280518,-0.6090885097028764,31.633907318115234,154.6614532470703
1993_29,1730086,2755,3099,27,-72.0,West,12.354583740234377,12.713428497314451,6.600244522094727,7.226734133894871,1.9408738432249665e-05,0.014211944685780627,-0.3784296556761093,24.036766052246094,262.6807861328125
1993_30,819112,479802,59975,3,-78.5,East 1,14.9315185546875,9.464439392089844,6.132689476013184,3.8437650582083367,0.0,0.24915902933712755,-0.8874003058955534,22.96009063720703,186.72232055664065
1993_31,1272190,975758,243939,6,-85.0,East 1,27.817916870117188,6.42055606842041,3.921531915664673,2.9180466764743684,0.0,0.24062215183995195,-0.4743687008507968,21.353445053100582,121.7975616455078
1993_32,3052840,341332,853331,60,-77.5,East 1,19.736358642578125,10.146196365356444,7.432764530181885,5.852637506493561,0.0,1.1910791777757337,-0.6715797476597427,28.916933059692383,198.5610809326172
1993_33,1911284,3951,14819,90,-76.5,West,13.038330078125,11.699949264526367,8.162284851074219,4.477062121667253,0.0,0.1654601498445525,-0.7636807974958922,22.448383331298828,170.999267578125
1993_35,1663380,27835,45232,39,-70.0,East 1,7.578475952148437,7.645565032958984,5.016545295715332,9.596601701662088,0.0,0.16261103890088124,-0.634491241701836,28.624998092651367,128.09197998046875
1993_36,585043,258094,32261,3,-71.0,East 2,6.908843994140625,6.796913623809815,3.595409870147705,10.605483696382022,0.0,0.22732961995723955,-0.8859538436601351,34.94001770019531,144.2184295654297
1993_37,2193228,29367,44051,36,-74.0,East 1,10.77239990234375,5.811861515045166,3.542822360992432,7.27534402936702,0.0,0.09171993576032697,-0.5901213288307189,28.212629318237305,85.80589294433594
1993_38,1317080,8160,9180,27,-70.5,East 2,15.738525390625,7.203714370727539,4.967879295349121,8.405094606469936,0.0,0.05881746035077753,-0.81353142941522,36.03438949584961,120.3720932006836
1993_39,993402,245923,30740,3,-69.5,East 2,16.143890380859375,9.82422161102295,6.732041358947754,3.8160405098122423,5.923364935824461e-06,0.4351217841005678,-1.3105664708722944,27.16437149047852,211.7608337402344
1993_40,1148990,52190,65238,30,-85.0,West,21.294601440429688,5.730111598968506,2.7937049865722656,5.086772966390281,0.0,0.14150298616593676,-0.8415176868438721,33.453487396240234,153.9161376953125
1993_41,1373245,109881,206028,45,-77.0,West,18.22763061523437,12.83134937286377,8.839920997619629,4.77866074846597,2.5833050207212003e-05,0.4701902253023873,-0.7365620946249796,29.967443466186523,307.24139404296875
1993_43,2538765,136926,188274,33,-77.0,West,22.23275756835937,16.121606826782227,11.3662109375,8.271989194386975,0.0018810256987885487,0.7001050817159352,-0.750079956736954,38.66852951049805,380.8831787109375
1993_44,1730165,222763,222763,24,-74.5,East 1,14.702056884765623,8.641529083251953,6.443506240844727,9.599461695771424,0.0,0.5712878683761801,-0.4890209245386494,30.885957717895508,179.2505340576172
1993_45,2292458,603847,1132214,45,-81.5,East 1,21.679763793945312,7.114952564239502,4.916929721832275,7.441454424015587,0.0,0.7940951110836201,-0.9742477781207968,41.13508224487305,250.51304626464844
1993_46,1608486,1088385,1088385,24,-84.0,East 2,25.186569213867188,8.842926979064941,6.25013542175293,7.474602499362361,0.0,0.5354265702588523,-0.2996560145189657,20.99134063720703,146.2046661376953
1993_48,866773,155039,19379,3,-80.0,West,24.29121398925781,6.969194889068604,4.884358882904053,4.202710630648332,0.0,0.13535150600313384,-0.9389843749718756,28.86199378967285,163.95899963378906
1993_49,991521,14633,1829,3,-79.0,East 2,23.51875305175781,5.015475273132324,2.590686559677124,5.183395839983384,0.0,0.007177174647023459,-0.5419941840830208,28.201032638549805,137.6708526611328
1993_50,1228157,47090,58863,30,-71.0,East 2,11.214645385742188,5.96724796295166,3.6084909439086914,7.388188533816415,0.0,0.22414599647988442,-1.4231438301716994,30.59276580810547,139.86874389648438
1993_51,788668,2657,1328,12,-67.5,East 2,7.3402862548828125,5.929408550262451,3.0834009647369385,8.039404913252453,0.0,0.014924424642946356,-1.5862987064187426,27.22077751159668,113.15056610107422
1993_52,1467052,41905,130954,75,-71.5,East 2,14.855148315429688,8.26579475402832,5.512499809265137,7.396946055919039,0.0,0.4151582710004397,-1.1271168432010357,36.32859802246094,156.63002014160156
1993_53,1046225,673887,84235,3,-80.0,West,22.77095031738281,11.094643592834473,6.514677047729492,4.749846188655682,0.0015362575078958507,0.5236142867347198,-0.5909957880336423,31.356430053710938,287.77935791015625
1993_54,1152697,768006,96000,3,-84.5,West,21.51800537109375,10.537132263183594,6.631324768066406,3.4812392750597576,0.0,0.34865738772942306,-0.4792335566927294,27.72040557861328,201.1205139160156
1993_55,2087620,73992,138735,45,-76.5,East 1,14.89190673828125,4.865164279937744,2.5352320671081543,7.536882530698393,0.0,0.20916165420260177,-0.5570452479777758,31.776302337646484,83.78767395019531
1993_56,1147780,80216,80216,24,-71.0,East 2,14.492340087890623,8.168228149414062,5.390976905822754,8.303011716590794,0.0,0.2958690183664852,-0.593007094144937,27.69540786743164,163.89886474609375
1993_57,1920750,38831,43685,27,-73.5,East 1,13.170623779296877,6.198353290557861,3.9265170097351074,6.1841146965590506,0.0,0.14640784737726573,-0.5144479231797128,28.41489028930664,103.4612045288086
1993_58,1668519,212114,318171,36,-85.0,West,24.573989868164062,8.358648300170898,5.566202163696289,2.8987519612230828,0.0,0.32891615289896825,-0.3166625588028481,24.82523727416992,124.24268341064452
1993_59,1065554,161396,60523,9,-80.0,West,15.191131591796877,8.337647438049316,4.900694847106934,5.482368359927083,0.0,0.3226713997219864,-0.5861174877805414,25.278789520263672,172.55068969726562
1993_60,1234929,154390,77195,12,-71.5,East 1,12.456268310546877,7.572685241699219,4.869690895080566,4.381066093097099,0.0,0.2440176414901831,-0.7826034209613539,29.638750076293945,173.36660766601562
1993_61,1072732,90569,79248,21,-78.5,West,16.153778076171875,13.339797019958496,8.99030590057373,6.07206252402801,0.0016736718169417188,0.30310988334253935,-0.9999587918856438,23.76837921142578,333.63751220703125
1993_63,1192243,130579,228514,42,-82.0,West,8.481597900390625,13.299104690551758,6.542924404144287,4.870036411237722,0.0020072810546724372,0.48773196870874297,-0.639719435975132,30.075403213500977,375.7181396484375
1993_64,1481899,51669,51669,24,-71.5,East 2,6.243621826171875,12.988563537597656,9.0353364944458,6.0548581587815145,0.0,0.4792722945405909,-0.4104546921089343,25.72199249267578,222.0684509277344
1993_65,2013422,9501,16627,42,-68.5,West,4.34619140625,13.972671508789062,7.165709972381592,6.439457952706614,0.001196294243439308,0.1362485758164243,-0.7954245585771281,31.021114349365234,315.143310546875
1993_68,2925238,1148177,1865788,39,-85.0,East 2,12.989273071289062,15.432106018066406,9.73686695098877,5.927502328815204,7.460678902100557e-05,1.6924504744452706,-0.3445810702108757,31.66739273071289,251.6919708251953
1993_69,2201203,531001,531001,24,-85.0,East 2,9.152023315429688,13.396023750305176,7.269787311553955,3.2173933488924886,0.00011914042627346228,0.2513099910349766,-0.4354697167873383,24.04405212402344,146.88291931152344
1993_70,1372298,353953,265464,18,-73.0,East 2,8.643585205078125,18.79008102416992,12.66384506225586,3.667534998812037,0.00054635897645808,0.7559072731271456,-0.2297563413509236,25.60985946655273,314.9955139160156
1993_71,722574,262851,65712,6,-74.5,East 2,10.41925048828125,12.93874740600586,7.897601127624512,2.9022189957756077,3.222886227217886e-05,0.1051102755729728,-0.480226531761464,16.374265670776367,127.7593994140625
1993_72,2570363,622999,778749,30,-79.0,East 2,13.771453857421877,13.135381698608398,6.836623668670654,4.1786165516804505,0.00016351661077032158,0.98804197088123,-0.5640259981155394,24.090999603271484,270.3702392578125
1994_1,1495353,24605,15378,15,-68.5,East 2,2.859710693359375,11.81779956817627,5.2268147468566895,6.4431546333640455,0.0018783856501519652,0.1140855591225883,-0.4838526110115043,31.218647003173828,147.62918090820312
1994_2,2197029,1925556,1444167,18,-85.0,East 2,13.229583740234377,12.307084083557127,5.74315071105957,5.241049702442358,0.010064351532018456,0.5733366700743355,-0.2327908594417546,11.307106971740724,141.9647674560547
1994_4,1968841,101250,164532,39,-72.5,East 2,3.055145263671875,15.228575706481934,8.261938095092773,7.233855438411159,0.00011974803693191166,0.624174633236727,-0.3950429805049109,34.428306579589844,219.62612915039065
1994_5,1071091,40482,30361,18,-71.0,East 1,7.031997680664063,13.625741958618164,7.908268928527832,4.462555403187452,0.0,0.2032019500328928,-0.7153762932357673,29.789047241210938,225.3091278076172
1994_6,714227,4294,1073,6,-64.5,West,3.3609619140625,17.214509963989258,8.445963859558105,3.291035598669746,0.001636461855930397,0.003766747248183425,-0.2052740454673767,25.300683975219727,277.9397277832031
1994_7,2086937,4231,3702,21,-78.0,East 2,6.5575103759765625,6.076288223266602,3.2881276607513428,4.268173852402994,0.0,0.0053731913865962605,-0.2137184871325378,25.30360221862793,47.02195739746094
1994_9,1923828,170446,213058,30,-84.0,West,10.90753173828125,11.515238761901855,5.817884922027588,4.173644086299491,0.0,0.5366080242125263,-1.579539252743845,29.88764190673828,222.26693725585935
1994_10,1279702,34914,100379,69,-77.0,West,20.17012023925781,16.695510864257812,10.125049591064451,4.2303673741581145,0.010135681666751759,0.4213564547243182,-0.2922837138175964,32.58887481689453,308.63720703125
1994_11,1242123,1361,1872,33,-69.5,East 1,4.9666748046875,7.329180240631103,3.4771461486816406,7.9582428009517425,0.00015915125459756466,0.01843610107329824,-0.673104306310696,35.32851028442383,107.2799072265625
1994_12,1494743,11908,20839,42,-78.0,West,10.528579711914062,10.41189956665039,6.5561299324035645,7.963064540820352,0.0,0.1143207419386796,-0.873264900256105,26.626020431518555,243.94976806640625
1994_15,1376920,46874,23437,12,-77.0,West,9.031158447265623,10.180742263793944,6.104733467102051,6.14051299287309,0.0,0.10560374110988258,-1.2618875174388406,33.81207275390625,192.74880981445312
1994_16,1557674,102635,76976,18,-78.5,East 2,12.116867065429688,5.6795830726623535,3.611304044723511,6.599259635820117,0.0,0.15688758897782568,-0.3698053609055035,29.775541305541992,90.29251861572266
1994_17,916872,376257,47032,3,-76.0,East 2,16.123809814453125,8.059980392456055,4.900081157684326,5.986323443413202,0.0,0.12386100084124253,-0.3754627830927197,25.033184051513672,104.03491973876952
1994_18,919615,421640,52705,3,-85.0,East 2,31.057144165039062,6.575077056884766,4.17609977722168,2.8941360745826024,0.0,0.1743107663990126,-0.4799635903732038,30.686079025268555,160.78286743164062
1994_19,790187,58228,14557,6,-68.0,East 2,11.40960693359375,7.459713935852051,4.536358833312988,4.324892937983943,0.0,0.10662229977284267,-1.142080534253828,32.26911926269531,129.07211303710938
1994_20,3385585,724323,1358106,45,-85.0,East 1,29.561767578125,7.906618595123291,5.634601593017578,4.51889271404425,0.0,1.1165345046158157,-0.5121657642353776,30.967458724975582,215.8225250244141
1994_21,708389,117886,29471,6,-76.0,West,17.988265991210938,8.42152214050293,3.9991085529327393,8.995916477622544,3.544963732986332e-08,0.10329434985378588,-0.8682945493964661,35.16318130493164,204.07485961914065
1994_22,1659092,530731,928780,42,-79.0,East 2,24.77645874023437,10.648362159729004,7.742337226867676,6.921248946145391,1.594688190353875e-11,1.573510054071018,-1.013019703150973,35.56379699707031,281.81982421875
1994_23,830925,3990,997,6,-66.0,East 2,6.0750579833984375,5.854996204376221,2.7679860591888428,8.51613026958049,0.0,0.014182509201710007,-0.9518315057533212,37.462364196777344,100.61495971679688
1994_24,1311372,2391,2391,24,-72.5,East 2,4.644287109375,3.433781862258911,1.8669886589050293,6.904216547917323,0.0,0.0032241968613024715,-0.4335265381438101,26.981416702270508,34.411231994628906
1994_25,3053364,1007476,2392756,57,-85.0,East 1,32.127777099609375,7.742067813873291,5.137602806091309,3.7256964689610816,0.0,1.2978449045085594,-0.6813376038389858,30.566619873046875,205.65777587890625
1994_26,1543016,819840,717360,21,-79.5,East 2,26.3438720703125,10.05334186553955,7.166593074798584,3.094187982605452,0.0,1.1325106611111269,-0.7173484531817904,29.380340576171875,189.86782836914065
1994_28,1034668,17283,2160,3,-78.0,East 2,13.681427001953123,7.030415058135986,4.660481452941895,5.240114846868001,0.0,0.02936458792086281,-1.0041543936562258,26.50225257873535,150.2592010498047
1994_29,425606,85801,32175,9,-68.5,East 2,18.47911071777344,10.237628936767578,7.350880146026611,6.127837136631551,0.0,0.09375006356814712,-1.053976754148577,22.62595558166504,164.63497924804688
1994_30,2652605,218593,683105,75,-83.0,West,25.95501708984375,10.98868179321289,7.425772666931152,6.614202199798822,0.0,0.8502939651547711,-0.6300511711854438,35.13066101074219,249.2227020263672
1994_31,409363,375420,46927,3,-78.0,East 1,15.172225952148438,6.910281658172607,4.140664100646973,6.294282134327733,0.0,0.035346235155631484,-0.3563050375316919,13.793310165405272,80.8075942993164
1994_32,961437,488687,122171,6,-75.0,East 2,15.86737060546875,7.992767333984375,5.047693252563477,5.175499693276087,0.0,0.3625327478762589,-0.7133558406059054,20.06559944152832,105.03103637695312
1994_34,7765,6224,778,3,-66.5,East 2,8.8804931640625,6.184324741363525,3.137108325958252,2.704437095515166,0.0,0.0015530612838542406,-0.7847775914803211,12.493953704833984,72.58882141113281
1994_35,1188153,32062,28054,21,-73.5,East 2,13.977294921875,7.696387767791748,5.558887004852295,4.625610838740539,0.0,0.04598623718888053,-0.5248102138719078,29.372827529907227,67.50630187988281
1994_37,1200701,909472,227368,6,-85.0,West,8.9599609375,9.709860801696776,3.739089012145996,5.193845343967732,0.0,0.31265952622754417,-0.3398631614863968,25.12604331970215,212.8670654296875
1994_38,815511,431052,53881,3,-84.5,West,9.588882446289062,10.74013900756836,5.640166759490967,5.0291984033443695,2.2094391961962144e-08,0.3053998464920451,-0.3843107996454146,25.750545501708984,221.84347534179688
1994_39,2046851,120833,302084,60,-77.5,West,13.57037353515625,19.971925735473636,13.143083572387695,3.8170308808542153,0.022722674735323842,0.7258380859965625,-0.565865987530991,28.556516647338867,376.5125732421875
1994_40,1274815,590992,295496,12,-85.0,West,12.440216064453123,12.278883934020996,7.885854244232178,3.927778970010115,1.843614105765899e-05,0.7205036280212199,-0.6116963315988346,24.471757888793945,189.5044403076172
1994_42,1860726,73183,182958,60,-76.5,West,8.242156982421875,17.15149688720703,9.732848167419434,7.195379782215229,0.02196985533379075,0.39338536829506543,-0.3050536513328552,32.6663818359375,346.77734375
1994_43,1241774,4329,5411,30,-67.0,East 2,2.468780517578125,9.44091796875,3.7194571495056152,5.666095325104254,6.385792216053013e-05,0.06384318611578038,-0.6236164693155499,24.25330924987793,102.14855194091795
1994_44,1998145,186429,629198,81,-85.0,West,10.147186279296877,16.844518661499023,11.0388765335083,3.9339562169782014,0.0014295446936571773,0.641549158378634,-0.3939091560979235,32.1713981628418,277.9955749511719
1994_46,2194437,491916,737874,36,-85.0,West,9.351104736328123,13.095221519470217,7.264905452728271,3.2825434555711834,0.00023169256009684282,0.5339930327309927,-0.3112543974215253,24.92146873474121,189.91061401367188
1994_47,1644563,63468,111069,42,-85.0,East 2,7.974884033203125,7.045645236968994,3.2119174003601074,4.911435398933797,5.276256895988882e-06,0.020494038713046215,-0.2308425501728372,23.59733009338379,49.359073638916016
1995_1,1219813,567878,141969,6,-76.0,East 2,7.34637451171875,14.543133735656738,7.487693786621094,5.042115476639519,0.009673004281228432,0.12645411075151577,-0.3248700579433165,19.36843490600586,179.2317657470703
1995_2,964372,58952,29476,12,-71.5,East 1,1.65045166015625,9.868497848510742,3.415759563446045,4.7947937276618,0.0,0.031324915248395716,-0.3698188052365733,21.968250274658203,96.9288330078125
1995_3,824849,54340,20377,9,-69.0,East 2,0.218963623046875,11.474287033081056,4.507649898529053,4.794090830437334,0.0,0.07298953823955374,-0.5161115305228864,22.226587295532227,102.93418884277344
1995_4,2262846,105471,118655,27,-76.5,West,9.236846923828123,25.0308837890625,16.75265121459961,6.684743571008301,0.10601540210682513,0.5722074860779317,-0.547162438622414,35.1779670715332,626.0064086914062
1995_5,469513,20172,2521,3,-65.0,West,5.33367919921875,21.75055885314941,13.051121711730955,9.59785256568768,0.005006515386733319,0.009590017649742044,-0.2992831304701975,17.279726028442383,250.9185028076172
1995_7,864479,85660,85660,24,-73.5,East 1,7.9829254150390625,10.285122871398926,5.030154228210449,4.794313341324624,0.0,0.229274609255946,-0.3687775490727727,26.22899627685547,164.88742065429688
1995_8,1934213,192251,480627,60,-75.5,East 2,16.801788330078125,14.797422409057615,9.017950057983398,4.241278255201795,4.172353961674328e-05,0.757154053929112,-0.2965599836510909,28.50107955932617,269.8997497558594
1995_9,1695412,2495,1247,12,-65.0,West,5.655670166015625,16.570819854736328,8.68191146850586,4.528957096089453,0.004664019248711771,0.024959205043848888,-0.6617914538696454,30.83618927001953,220.54612731933597
1995_11,2172301,377028,801185,51,-75.5,East 1,9.7818603515625,15.88383960723877,10.955907821655272,4.616364499599155,0.0,1.501117234762888,-0.6417107387848401,32.6710319519043,379.4448852539063
1995_12,1883910,217919,544797,60,-76.5,East 1,14.589019775390623,11.22682285308838,6.3198561668396,6.289685336436741,3.541560088699671e-07,0.7456369492823898,-0.3542244998940093,41.674312591552734,287.8049621582031
1995_14,670455,23888,11944,12,-69.0,East 2,6.68023681640625,6.8133225440979,2.800867080688477,8.887092761156595,0.0,0.05751450029712721,-0.8999559415812943,25.04557037353516,111.73560333251952
1995_15,1869949,527978,1253949,57,-83.5,East 2,13.7489013671875,14.706246376037598,9.76285171508789,11.428521893051164,1.93493986817483e-05,1.3253269604325602,-0.734469456521039,30.761646270751957,448.0882568359375
1995_16,1113079,76507,86071,27,-72.0,East 2,14.5294189453125,9.71873664855957,6.656078338623047,7.453603164217554,0.0,0.187310545695974,-0.7366961240768433,29.36515235900879,113.44773864746094
1995_17,2445365,653009,2530410,93,-83.0,East 2,22.504470825195312,14.733898162841797,10.7105073928833,5.511228368160836,0.0,2.1237698461796373,-0.4296423196792602,35.95368194580078,378.7696533203125
1995_18,1324967,40457,35400,21,-76.5,West,13.898956298828123,12.817977905273438,7.53376293182373,5.176984069706723,7.143871904222428e-13,0.12024459051758196,-0.4222605943679806,33.0219841003418,352.0771484375
1995_20,2183511,805770,503606,15,-80.5,East 2,27.236572265625,10.281818389892578,7.072362422943115,5.210020280904707,0.0,0.6654626332402644,-0.3325301140307918,29.238725662231445,133.6598663330078
1995_21,1477734,553861,623094,27,-84.5,West,22.927017211914062,13.881458282470703,7.848001003265381,3.300566862965672,0.0007634941480644958,1.140359436287831,-0.6554705297284881,26.08751678466797,360.7862548828125
1995_22,1921801,385712,337498,21,-74.5,East 2,23.339996337890625,10.494344711303713,7.140286922454834,7.618474981860658,0.0,0.7169917399895336,-0.7355377753669701,31.572509765625,204.8566436767578
1995_23,2947904,17196,23644,33,-71.0,East 2,16.633209228515625,9.562603950500488,7.262584686279297,8.28998050003372,0.0,0.2559426891471159,-1.0232066461333449,37.092559814453125,154.6737518310547
1995_24,386563,48929,24464,12,-76.0,West,14.13323974609375,13.325719833374023,7.18118143081665,4.731838315307691,6.772868520044559e-06,0.16303535031064598,-0.9170608191978432,19.423044204711918,206.0120849609375
1995_25,999442,2510,1569,15,-74.5,West,3.265167236328125,11.098267555236816,6.423998832702637,6.889062550169908,0.0,0.02711888154685536,-0.963815287918945,31.076292037963867,192.9623870849609
1995_27,1439610,9002,13503,36,-69.5,West,11.06280517578125,11.623886108398438,6.500977039337158,4.663403668678037,2.1260119846495549e-07,0.03862688436662495,-0.5286505029838344,28.65389442443848,262.8647155761719
1995_28,1490665,23065,37480,39,-74.5,East 1,13.3377685546875,6.083779335021973,3.5213444232940674,5.729856085151775,0.0,0.11350096199419873,-0.6510624414516816,33.025184631347656,141.2935333251953
1995_29,1000082,19441,4860,6,-71.0,East 1,9.965240478515623,6.551030158996582,3.873476505279541,6.817519761152526,0.0,0.015276463790009662,-0.5315322335385159,27.673992156982425,94.72543334960938
1995_30,571621,5973,2986,12,-66.0,West,7.807098388671875,13.999998092651367,8.893146514892578,3.397770108448265,0.0,0.021406313040209037,-0.5968795567750921,20.272180557250977,173.922119140625
1995_31,926264,29798,11174,9,-79.0,East 2,21.146743774414062,6.944724082946777,3.9818615913391113,7.087407238623161,0.0,0.05808597730594543,-0.6463323235511795,27.611373901367188,157.88380432128906
1995_32,2072850,1732892,866446,12,-83.0,East 2,28.67611694335937,9.40196418762207,6.200460433959961,8.897558111951533,0.0,1.008800807652846,-0.4195715515300003,22.224708557128903,192.62835693359372
1995_33,968957,28935,61488,51,-69.0,East 2,21.307449340820312,7.624141216278076,4.560768127441406,7.006976470925928,0.0,0.17462319732543616,-0.7716818779585581,27.64062118530273,141.04483032226562
1995_34,904233,17350,6506,9,-76.5,East 2,13.216384887695312,4.99791955947876,3.483212947845459,6.018073742026848,0.0,0.02139916409164112,-0.2558908918777046,29.95774269104004,46.230079650878906
1995_35,2714761,963430,2890292,72,-85.0,East 1,29.4063720703125,10.049030303955078,7.143417835235596,10.511222878316556,0.0,1.5064728148329634,-0.2498283931856823,36.80307388305664,265.4567565917969
1995_36,940384,4041,3535,21,-66.5,East 2,8.8179931640625,7.051609992980957,3.8615036010742183,9.402439717738968,0.0,0.018351367496426536,-1.1214537620544434,35.363529205322266,125.46109008789062
1995_38,1249076,1221931,152741,3,-85.0,East 2,32.22611999511719,8.108871459960938,5.016691207885742,4.980404744508219,0.0,0.099231035576024,-0.1856053374682618,16.323490142822266,109.8293914794922
1995_39,1414682,87130,87130,24,-78.5,West,16.404556274414062,9.919333457946776,6.752581596374512,6.36241829711658,0.0,0.3223225608604341,-0.7481198151409445,22.90190696716309,162.0098876953125
1995_40,1844341,1289552,483582,9,-84.0,East 1,26.378936767578125,7.366082191467285,5.546567440032959,8.24660931814989,0.0,0.527882707992682,-0.2856904435994762,30.791677474975582,113.9091339111328
1995_41,1425643,603247,527841,21,-79.0,East 2,25.06695556640625,11.83774757385254,9.244956016540527,6.990824020132519,0.0003276285140547992,0.5199092119294454,-0.8811615806777728,31.25753402709961,207.3426055908203
1995_42,1457393,190377,261769,33,-80.0,East 2,29.93013000488281,7.642411708831787,4.923062324523926,8.365678482177895,0.0,0.5027292307647289,-0.9919006479129804,34.96528244018555,145.82037353515625
1995_43,1252725,2799,2449,21,-67.5,East 2,8.016799926757812,8.059782028198242,5.188927173614502,7.01822568470736,0.0,0.022267563312716385,-0.7174034264678671,27.40304946899414,112.83739471435548
1995_44,1682779,262158,557086,51,-82.0,West,30.597488403320312,11.90084743499756,8.286887168884277,4.370428794002373,0.0013524947695150184,1.2960783873550359,-0.3221620859525574,39.83785629272461,354.5897521972656
1995_45,1874465,22060,38606,42,-74.0,East 2,7.434494018554687,4.8818678855896,2.646974563598633,9.589550557665529,0.0,0.08233481415770598,-0.9329970099822428,39.29613876342773,86.66584777832031
1995_46,775756,5024,1884,9,-69.5,East 1,3.0562896728515625,4.0038933753967285,1.906083583831787,6.662086360443228,0.0,0.00825482720938815,-1.108521580696106,25.987138748168945,72.94329833984375
1995_47,891631,3759,3289,21,-67.0,East 1,4.422821044921875,3.887188196182251,1.8838789463043213,5.144913894594016,0.0,0.020567627371204197,-0.6512149955079131,41.899051666259766,49.483646392822266
1995_48,1143815,803562,301335,9,-85.0,East 2,16.32666015625,3.405482053756714,2.0236330032348637,8.638880944744445,0.0,0.028167427552898652,-0.0894666678130926,19.63904190063477,32.65479278564453
1995_49,967172,175996,197996,27,-73.5,East 2,17.204879760742188,10.494288444519045,7.391605377197266,4.861938654264316,0.0,0.9189252829770881,-0.8007966173039529,36.998416900634766,253.50942993164065
1995_50,1420350,114016,156772,33,-73.0,East 2,18.84945678710937,8.8450288772583,6.091733932495117,6.492569246958927,0.0,0.4468648887571507,-0.8864516471731156,33.82780075073242,131.29835510253906
1995_52,1373520,5918,5918,24,-71.0,West,12.13641357421875,11.116551399230955,5.646454811096191,10.876545249592468,8.987510096776781e-05,0.02305157792989176,-0.5975410725199387,22.510881423950195,199.6408233642578
1995_53,1323203,178165,423142,57,-82.5,West,19.0550537109375,12.611570358276367,7.710347175598144,5.484587430861208,0.0036924788806199332,0.890031926699516,-1.0278186756085643,31.383792877197266,344.3748779296875
1995_54,1340591,83707,83707,24,-77.5,West,18.53973388671875,13.108766555786133,7.114052295684815,7.763134012419959,0.0016440517407447519,0.20413452851009511,-0.5550167985613771,25.127559661865234,270.2042541503906
1995_55,3725652,241612,453022,45,-74.5,East 1,9.39031982421875,6.015308380126953,3.4115350246429443,8.716598231147039,0.0,0.4978300242237832,-0.9953153900015976,39.64489364624024,146.2652587890625
1995_56,1261326,4402,4953,27,-66.0,East 2,1.6455078125,8.74697208404541,3.6507959365844727,7.03779011174806,0.0,0.032867712610404984,-0.6827820241451263,34.28602981567383,126.77982330322266
1995_57,1379127,175382,197304,27,-79.0,West,11.571533203125,12.96910285949707,7.244734764099121,4.642139977409941,0.01502489635937945,0.8284696939817752,-0.5915905190374892,22.355716705322266,236.94436645507807
1995_58,1030771,38077,28557,18,-69.0,East 2,5.368453979492188,9.806962013244627,5.736039638519287,5.6191710286239696,0.0,0.1838214411586833,-0.6519063355431033,26.74433708190918,126.36421966552734
1995_59,1779198,629038,393149,15,-85.0,West,14.291412353515623,15.590944290161133,9.052743911743164,3.717279249563058,0.003359643605143543,0.6988078210537465,-0.4354379775910391,20.18264389038086,254.16429138183597
1995_60,1471104,452338,169626,9,-83.5,West,6.94000244140625,11.055471420288086,4.854061603546143,4.500220036830503,0.005172517313772039,0.581681854124559,-0.6858575201080943,22.489599227905277,169.58474731445312
1995_61,1146167,54540,68175,30,-73.0,East 1,3.3352813720703125,10.596141815185549,4.7342610359191895,3.358257542536548,0.0,0.18781660933830802,-0.5397209127744038,21.196874618530277,128.39613342285156
1995_64,989416,147266,36816,6,-82.5,West,8.354217529296875,11.769606590270996,6.421567916870117,4.081524698210162,0.0,0.06341411304966076,-0.1418387278419009,24.047313690185547,109.9696044921875
1995_65,1501414,2770,2077,18,-74.5,East 1,3.167083740234375,10.866610527038574,5.14432954788208,3.3319229551999725,0.0,0.012798074232046276,-0.1662469355049215,21.99633407592773,149.581787109375
1995_66,2480812,211051,1028874,117,-84.5,East 1,11.538772583007812,15.655207633972168,9.77382469177246,4.547682163834395,0.004205642512860909,1.425684837547004,-0.1485553350055682,28.174734115600582,265.0352478027344
1995_67,2033924,94020,152783,39,-74.5,East 1,8.820693969726562,10.726652145385742,4.949187278747559,5.131144057064738,3.375543483046288e-05,0.3519303108553238,-0.4266298993137111,25.650529861450195,160.04896545410156
1995_68,1535967,11320,14151,30,-67.5,West,6.317779541015625,19.36138916015625,11.632884979248049,3.286618913286932,0.008269656075434827,0.06619862676269202,-0.5369360430115643,25.30364418029785,304.3709411621094
1995_69,2251491,111938,83953,18,-73.0,East 1,5.702117919921875,12.483353614807127,6.60197114944458,3.947000317892452,0.000925324767337545,0.34524878756863425,-0.324452024725982,28.493911743164062,159.85012817382812
1996_1,935048,215778,26972,3,-79.0,West,8.116455078125,11.38840389251709,3.4771313667297363,3.8052426825427137,0.009808868051945948,0.2909979592516268,-0.4995106395055389,25.550249099731445,256.1058044433594
1996_2,1842618,135382,236919,42,-72.5,East 2,2.061737060546875,15.884759902954102,8.905678749084473,4.906133636685168,6.031681904266499e-11,0.7866240142729509,-0.7459881923764755,36.39851379394531,302.8645935058594
1996_4,2115505,310360,426745,33,-75.5,East 2,9.670166015625,16.98333740234375,10.769378662109377,4.956817262079587,0.0201308162092247,1.0147401621661845,-0.4446223005481042,32.14891815185547,206.8563232421875
1996_5,2728447,1296855,2593710,48,-85.0,East 1,21.703903198242188,18.195594787597656,12.300410270690918,4.930501501040252,0.03590752219314956,1.216253306459989,-0.2238828588329315,22.926570892333984,284.2774963378906
1996_6,1059794,236871,88826,9,-75.5,East 2,15.210769653320312,12.73479175567627,7.0637407302856445,4.718204738605007,0.0007039909016166439,0.2939140694052531,-0.6856981214940566,27.710554122924805,189.9360809326172
1996_7,2531208,160075,300142,45,-75.0,East 1,7.7603759765625,16.120328903198242,10.816505432128906,5.670691557578006,0.00017527291932071002,0.8054336922946255,-0.4330856138113705,28.440235137939453,373.2193603515625
1996_9,2398961,233418,262595,27,-71.0,East 1,8.270660400390625,14.18918514251709,9.182994842529297,4.133221179936691,3.546097487850075e-05,0.7358966270244215,-1.001329220862169,28.810977935791016,244.85464477539065
1996_11,1089630,2054,770,9,-66.5,East 2,-2.49285888671875,8.662863731384277,2.589763641357422,7.379273067788555,0.0,0.008787777765166248,-0.8433293104171754,27.861408233642575,136.54226684570312
1996_13,3561898,1276519,3191299,60,-84.5,East 2,25.67176818847656,17.350662231445312,12.914342880249023,7.769506177190207,0.00665295311383644,2.718054890825957,-0.9981553553595816,27.824031829833984,364.99127197265625
1996_15,2597610,793233,1289004,39,-79.5,East 2,28.179183959960938,15.479390144348145,11.873310089111328,5.305406581779635,0.0003116264076214961,1.646335059165211,-0.7211053350606559,29.477405548095703,336.0897216796875
1996_16,1320493,20586,12866,15,-69.0,East 2,7.2982940673828125,9.171463012695312,6.139804840087891,7.73738723914664,0.0,0.12676176201082523,-0.6222407530369864,27.38522720336914,146.1826629638672
1996_17,2176725,188983,307098,39,-75.0,East 1,13.952743530273438,13.986919403076172,10.2841157913208,5.088192110089322,0.0,0.9592411060947582,-1.0169702517689194,31.27230262756348,266.7052917480469
1996_18,1319492,625337,390835,15,-85.0,West,18.686767578125,12.229281425476074,7.242124557495117,3.5664962576450363,0.0,0.9059836023171989,-0.7418426979266182,28.125232696533203,273.8134765625
1996_19,958016,48406,54457,27,-73.0,West,12.797698974609377,13.349016189575195,7.313527584075928,5.160283977945486,0.0016259567396455508,0.23963150074490502,-0.5978218839861292,32.15502166748047,300.3570556640625
1996_20,1457388,6153,6153,24,-68.0,East 2,5.15496826171875,6.605984210968018,4.055105209350586,8.704058967409182,0.0,0.04483305930949731,-1.5453392267227168,35.31789016723633,96.2404556274414
1996_21,1161888,29866,48532,39,-71.5,East 1,8.375869750976562,4.692594051361084,2.0158073902130127,11.230781976989668,0.0,0.11457343856591774,-0.7041184513539809,28.492586135864254,61.943885803222656
1996_22,1213061,11209,15413,33,-75.0,East 1,12.496963500976562,8.42917537689209,5.295734405517578,3.298695521712017,0.0,0.11931257979353982,-0.7295804497234502,19.694114685058597,153.96270751953125
1996_23,1031590,51450,25725,12,-75.5,West,9.2041015625,12.666691780090332,7.628875255584717,6.15406944636486,0.0,0.1610071902928613,-0.3848518701072143,25.74033546447754,285.04962158203125
1996_24,1341907,816060,204015,6,-85.0,West,18.60775756835937,12.846835136413574,7.13690710067749,2.746215364100841,0.0021240708161978927,0.5341874036046677,-0.532365637020964,26.21775245666504,256.7338256835937
1996_25,2842055,46260,92521,48,-78.5,West,22.388259887695312,18.10768318176269,11.963144302368164,6.26393201784655,0.0011002246007344237,0.3164587497137717,-0.4387986732081815,27.84037399291992,385.5306396484375
1996_26,1405071,52770,26385,12,-70.5,East 1,4.9160919189453125,6.475128650665283,3.551873207092285,11.74953096652275,0.0,0.23048639528366063,-1.0240645731435056,30.16497802734375,166.4004669189453
1996_28,2071295,99030,235197,57,-77.5,East 2,19.89268493652344,7.573930740356445,5.751330375671387,5.620080396963519,0.0,0.3613600321483532,-0.5223813951015485,43.54821014404297,157.81703186035156
1996_29,1199131,2998,2623,21,-69.5,East 1,-0.589141845703125,4.261573314666748,2.3354711532592773,8.776101482873592,0.0,0.028595786447474993,-0.5601195642037353,36.445125579833984,32.673545837402344
1996_30,1168558,64077,56068,21,-71.0,East 2,14.5474853515625,9.200819969177246,6.389256000518799,6.911334712303053,0.0,0.2323729506630363,-0.5829975098805562,28.30279541015625,178.7391357421875
1996_31,2131200,441242,882485,48,-85.0,West,20.237045288085938,10.762746810913086,7.180217742919922,4.842965638617264,0.0,1.4532059148687317,-1.4701528072057823,28.4803466796875,272.13739013671875
1996_32,1243167,1339,2344,42,-68.5,East 1,6.30340576171875,7.86308479309082,4.703185558319092,7.533156153208849,0.0,0.013627874558677736,-0.3376964223642861,29.442934036254883,108.6193389892578
1996_33,1095861,6127,6127,24,-73.5,West,3.695281982421875,8.694999694824219,4.282727241516113,5.155352945258733,0.0,0.02577128313807823,-0.4415087826777984,26.927902221679688,211.3824005126953
1996_34,334394,113313,28328,6,-78.0,West,13.529067993164062,10.57192611694336,5.936405181884766,5.493551855736521,0.0,0.16362472020048027,-0.7584033113653363,21.91844749450684,214.50634765625
1996_35,1448410,66554,33277,12,-76.5,West,20.520553588867188,10.023137092590332,5.733027458190918,4.349335701572095,0.0,0.22106470023981378,-1.088224882287269,32.95825958251953,189.4205322265625
1996_36,1504060,98157,159506,39,-77.5,East 1,16.72918701171875,8.770282745361328,5.86190128326416,8.901799585375624,0.0,0.5294245353619585,-0.6813397407531738,29.657657623291016,137.401611328125
1996_38,1674512,101365,190059,45,-84.5,West,18.7386474609375,11.6381196975708,7.872679710388184,5.1250580673629065,0.0,0.4003412063733664,-0.5587062514799098,36.03659057617188,255.8759613037109
1996_39,1275157,24943,56122,54,-71.5,East 2,10.729843139648438,7.731906890869141,5.102333545684815,8.896413353613948,8.295703326495626e-07,0.1449653524097932,-0.7162190590395221,29.817516326904297,163.42605590820312
1996_40,796936,354824,88706,6,-78.5,West,22.04623413085937,10.300151824951172,6.12249755859375,7.218841330558088,5.546113975800779e-05,0.364807367845031,-0.9278838024638209,24.722713470458984,241.8055725097656
1996_41,1686138,24532,33732,33,-68.0,East 2,13.62115478515625,9.46790599822998,6.2409868240356445,6.899670572038617,4.379548596457473e-06,0.20677529706234632,-1.37232764561971,29.69911193847656,146.56846618652344
1996_42,1026220,198461,49615,6,-75.0,East 1,15.78485107421875,5.970430850982666,3.885568141937256,4.579140964314842,0.0,0.2594595401608341,-0.6309528902179156,24.57051086425781,93.5741729736328
1996_43,2636502,314977,551210,42,-85.0,East 1,20.483322143554688,5.768714427947998,3.4983372688293457,7.184350627078682,0.0,0.3376405057170283,-0.4808424355333559,33.407684326171875,121.0279312133789
1996_45,1302242,292703,109763,9,-72.5,East 1,16.244949340820312,6.305464744567871,4.051846504211426,8.351574423093592,0.0,0.4272745701069069,-0.8937751119271229,30.33785629272461,208.4869384765625
1996_46,949562,409607,153602,9,-84.0,East 1,20.98472595214844,5.332786083221436,3.17859148979187,4.01278563945961,0.0,0.1384056414241271,-0.9532766728649616,39.287200927734375,146.9550018310547
1996_47,3215931,35868,85188,57,-79.0,West,17.148513793945312,11.539834022521973,7.774439811706543,6.369627458835801,0.0,0.40966427475249173,-0.7867530211834846,42.234107971191406,262.6856384277344
1996_48,1256734,12382,15478,30,-79.0,West,17.136672973632812,6.333910942077637,4.092739105224609,3.5458015133953653,0.0,0.08007664655879683,-0.4337921069198457,22.624340057373047,150.01019287109375
1996_49,1076190,388087,242554,15,-84.5,West,23.6656494140625,8.471077919006348,5.602384567260742,6.848099850125667,0.0,0.2946589152383006,-0.2936737639677124,25.461578369140625,177.731689453125
1996_50,613387,32407,16203,12,-75.5,East 1,12.85198974609375,5.505126476287842,3.28047513961792,3.2837954518962467,0.0,0.07584883884343147,-0.5297154579752252,21.50278091430664,118.9645004272461
1996_52,2796244,502193,2008774,96,-85.0,East 1,33.327545166015625,12.505202293395996,7.7498064041137695,5.7080705452246185,4.8588560664875234e-05,0.996874957813676,-0.5694413230481297,31.14099884033203,288.669189453125
1996_53,1288851,472849,531955,27,-77.5,East 2,27.168869018554688,10.471323013305664,7.458648681640625,9.281495292281496,0.0003030472696778605,0.6711646436464698,-1.0901858681405785,35.75041198730469,261.467529296875
1996_54,2743997,45799,51524,27,-81.0,East 2,30.041824340820312,8.644071578979492,6.2307233810424805,6.335763396727431,0.0,0.06028722592012242,-0.6908437001143105,31.78419303894043,235.9855194091797
1996_55,2601865,167167,83583,12,-80.5,West,27.13360595703125,8.604700088500977,6.519864082336426,5.827950266978671,0.0,0.11526085526937009,-0.6517393601874536,30.67168235778809,230.2058563232422
1996_57,945621,645735,322867,12,-78.0,East 2,22.356918334960938,9.972667694091797,7.106465816497803,9.69879933620298,0.0,0.29556854483755224,-0.3904271789088184,24.354501724243164,149.7017059326172
1996_58,1281773,1164515,145564,3,-82.5,East 1,17.346633911132812,6.407547950744629,4.303408622741699,5.724380853250792,0.0,0.08546447959511297,-0.2407991217360462,18.565717697143555,72.31676483154297
1996_59,2235044,372132,1162913,75,-85.0,East 1,24.354888916015625,7.70721960067749,5.341803550720215,5.962359459012495,0.0,0.9561375224528699,-0.7376276552677153,40.52266693115234,146.7965545654297
1996_60,2190306,721748,541311,18,-78.5,East 1,20.779296875,7.27262020111084,5.164456367492676,6.87461177255168,0.0,0.731236013221812,-0.9613825756286772,37.711669921875,200.97679138183597
1996_61,837214,230590,28823,3,-73.0,East 1,19.27777099609375,6.021139144897461,4.085199356079102,3.929052581767275,0.0,0.06726851880725447,-0.8305356455734619,20.58119201660156,100.93682861328124
1996_62,1797425,2616,6215,57,-72.5,East 2,18.63656616210937,9.082236289978027,6.328941345214844,7.560863658646699,0.0,0.014312479536117024,-0.6826732320173031,35.80561065673828,94.5739974975586
1996_63,2314184,5377,7393,33,-68.5,West,11.33251953125,14.367416381835938,9.42325210571289,5.927529656754496,2.9875222248272128e-05,0.08131464419635778,-0.845826329340732,36.235469818115234,236.70132446289065
1996_64,1955029,41844,67997,39,-73.5,East 1,11.64776611328125,6.067680835723877,3.9592716693878174,5.71516130558608,0.0,0.2252176756739566,-0.4507257342338562,32.155982971191406,93.47242736816406
1996_66,1374816,481898,903559,45,-77.5,East 1,19.457015991210938,8.2675142288208,5.836954593658447,9.10694497754876,0.0,1.0644764994883686,-0.6057192851733062,31.102054595947266,189.4385986328125
1996_67,1106097,6183,6183,24,-77.0,West,12.01336669921875,11.103330612182615,5.094019412994385,8.787824297470253,5.376830647416625e-05,0.03225044275276457,-0.5466235059614407,27.263402938842773,259.637939453125
1996_68,821775,12424,4659,9,-77.5,West,9.3963623046875,5.842983722686768,2.649031400680542,5.744054077062914,0.0,0.02911845183670429,-0.7499821014355442,29.746139526367188,143.4222412109375
1996_69,361770,12321,3080,6,-66.0,West,5.1859130859375,10.429463386535645,3.722130298614502,6.35099946557274,3.733527266108887e-05,0.019434893781182617,-0.712839038537288,21.730186462402344,193.5395050048828
1996_70,1373124,55890,41918,18,-68.5,East 2,4.351104736328125,9.722075462341309,5.936410427093506,7.130507408026286,0.0,0.2725476877377877,-0.5564655141889308,25.036327362060547,149.91470336914062
1996_72,755773,152740,38185,6,-73.0,East 1,8.880096435546875,7.760550498962402,3.721905469894409,3.647922350797607,0.0,0.1446164083117423,-0.7979384504042139,23.139833450317383,105.23324584960938
1996_73,2849886,387866,824215,51,-85.0,East 1,17.321395874023438,11.310192108154297,7.898823738098144,5.792627480076908,0.00024433535657063346,0.357738815844777,-0.3644216170833044,34.22726058959961,350.1952514648437
1996_74,1852336,568198,852297,36,-82.5,East 1,13.638336181640623,12.319337844848633,7.871159553527832,4.753404881498561,0.008789550301729432,0.5544354823782313,-0.6111524496718508,32.20347213745117,349.9493408203125
1996_75,619466,373125,93281,6,-85.0,East 2,16.61273193359375,11.581762313842772,8.310461044311523,1.4302475942070374,0.0,0.06279524939894417,-0.0732485595061866,12.170221328735352,130.138671875
1996_76,723972,352125,88031,6,-74.5,East 2,11.69842529296875,9.058324813842772,4.425243854522705,6.731462343554387,0.0,0.34726221275682384,-0.7185597701563501,30.7861328125,185.8095703125
1996_77,2061592,404669,859922,51,-85.0,East 1,11.7730712890625,12.87655258178711,8.265568733215332,4.340662903573,3.400088755337253e-05,0.6495656459015174,-0.5203647315502167,29.1560173034668,250.37576293945312
1996_78,1565707,325718,529292,39,-84.5,East 1,10.388870239257812,13.837576866149902,7.967883586883545,4.523165980673732,0.0003780934278332872,0.7162108028987152,-0.2880620261033383,29.507686614990234,183.15066528320312
1996_79,1586639,873854,436927,12,-84.0,East 1,12.067901611328123,11.899404525756836,6.018022060394287,3.9772197760365167,0.00043513164108775575,0.21295904037332616,-0.32351128170011,21.455135345458984,130.00433349609375
1996_80,1319056,134461,50423,9,-71.0,East 1,2.6018829345703125,8.778484344482422,3.791194438934326,6.58978940244468,0.0,0.1777074479942425,-0.5509509771860774,25.986772537231445,67.05279541015625
1997_1,1474956,81161,71016,21,-79.5,East 1,6.1861724853515625,12.886683464050291,6.675426483154297,2.5377991568545157,9.937201723160155e-07,0.3392047614159829,-0.3655243117805999,20.66886711120605,188.98126220703125
1997_2,2060229,33860,46557,33,-69.0,East 2,3.076995849609375,11.379473686218262,5.126455307006836,8.230153511628577,0.00047874353589736604,0.22393305930636387,-0.6935660541057571,32.44584655761719,150.0077667236328
1997_3,890466,96427,24106,6,-80.0,West,8.938262939453125,11.404746055603027,5.617616653442383,2.250028622191215,9.964126813415343e-05,0.05059151050486998,-0.2713561486738894,18.847442626953125,122.15497589111328
1997_4,1140741,49793,68466,33,-80.0,East 1,8.660552978515625,16.30308723449707,9.882857322692873,1.9894300572719297,0.00013831257399014,0.2084838620433582,-0.0905682559871784,21.320634841918945,186.50552368164065
1997_5,1193802,2447,2141,21,-66.5,East 1,0.533905029296875,9.952893257141112,4.028931140899658,4.103726518503836,1.2109843091813779e-12,0.03235234074111786,-0.446997805890624,25.99216079711914,113.47055053710938
1997_6,1691258,96441,168772,42,-70.5,East 2,4.484466552734375,12.698633193969728,7.236815929412842,5.98745320742655,2.9336312953387958e-05,0.8386793970783196,-0.710218071937561,34.08669662475586,174.324951171875
1997_7,2047835,142532,356330,60,-75.0,East 2,7.748077392578125,16.845579147338867,10.764768600463867,8.455417516431368,0.0004384325098497469,1.029994498406139,-0.1895252597220194,29.262290954589844,256.7015991210937
1997_8,1598711,101055,202111,48,-77.0,East 1,7.49749755859375,12.302842140197754,6.752961158752441,3.8106686060233703,0.0,0.2756730874051629,-0.3961526326291829,34.30270004272461,152.59878540039062
1997_10,1274924,431516,970911,54,-79.0,East 2,17.304031372070312,14.075882911682127,9.348234176635742,6.997335561367604,0.0,1.507570454286417,-0.8517297901849141,26.549535751342773,293.26824951171875
1997_11,2596670,14805,37014,60,-77.5,East 2,9.66802978515625,15.500088691711426,10.44691276550293,6.886443564001049,0.0,0.30080314542278064,-0.5133926066967114,39.463565826416016,148.72476196289062
1997_12,1101359,77316,57987,18,-70.5,East 2,6.0867919921875,10.880520820617676,5.868839740753174,5.916284388115677,0.0,0.29758414330027483,-0.6185319887730026,25.80760765075684,207.20022583007807
1997_13,1846740,44847,50453,27,-75.5,West,15.131118774414062,15.671693801879885,9.787457466125488,5.099607869189331,6.136574121322606e-07,0.29456614806294307,-0.4800951651164463,27.368654251098636,260.66754150390625
1997_14,1165555,49820,18682,9,-69.5,East 2,7.134124755859375,7.1995134353637695,2.4909486770629883,6.01592096594502,0.0,0.03874102913071775,-0.5540230291979078,27.400724411010746,115.85794067382812
1997_15,1217125,11973,11973,24,-74.5,West,12.61968994140625,11.664578437805176,6.606340408325195,3.8131750590761015,0.0,0.14703869133145445,-0.3487104058265687,26.465198516845703,201.54983520507807
1997_16,1969809,116626,174939,36,-73.5,East 1,14.928207397460938,9.777609825134276,5.840638160705566,7.15789299385385,0.0,0.6864083476132203,-0.7206179701528509,26.96378517150879,235.59780883789065
1997_17,671750,11585,2896,6,-77.0,West,8.628662109375,8.848932266235352,4.993162631988525,4.343733721698562,0.0,0.03997415147244495,-0.9469097907456664,25.38088798522949,181.8519287109375
1997_18,1583699,113415,226831,48,-76.5,West,18.03724670410156,18.254926681518555,12.110387802124023,6.296963749064079,0.0029563528083890412,0.4726017655707918,-0.5363333741455374,27.07869911193848,340.1766052246094
1997_19,2005034,14152,22997,39,-78.0,West,11.972686767578123,7.863720417022705,4.190502643585205,7.067610748650846,0.0,0.11536523437284624,-0.6806566679801221,32.839317321777344,199.81790161132807
1997_20,1055150,119027,29756,6,-81.5,East 2,25.3974609375,6.093763828277588,3.178417444229126,3.324215154239441,0.0,0.06534367909524408,-0.5874860492796842,30.198755264282227,198.0838623046875
1997_21,1730187,195785,244732,30,-73.0,East 1,15.733840942382812,8.714986801147461,5.625892639160156,6.003914957406159,0.0,0.384685127478443,-0.9684829025333132,31.9782657623291,194.3842315673828
1997_22,2279900,77231,164117,51,-76.5,West,19.136795043945312,14.610954284667969,9.618321418762209,4.192160010716028,0.002997538330766044,0.2837045617791448,-0.2830758741634564,31.27812957763672,342.2047424316406
1997_25,3372961,1290822,2581644,48,-85.0,East 1,28.22187805175781,11.02315616607666,8.124778747558594,9.204410037086673,0.0005068464892536622,2.15703774300041,-0.7455391831191545,44.17280197143555,315.1068420410156
1997_26,1926618,679754,934662,33,-85.0,West,21.893722534179688,11.710166931152344,8.610782623291016,7.033622466407995,0.0,1.5412880450640776,-1.047000706631287,26.30787467956543,287.12457275390625
1997_27,1553451,67562,109788,39,-70.0,East 2,14.065414428710938,9.458678245544434,6.182816505432129,5.954378369509287,0.0,0.41407187212799124,-0.5165543882782427,32.72633361816406,185.39291381835935
1997_28,2078693,2054,3852,45,-65.0,West,11.6651611328125,13.420721054077148,8.645544052124023,5.971206330339183,3.885233076207128e-07,0.029457654380131433,-0.3381298295195831,29.24263572692871,202.34625244140625
1997_31,2697880,95052,237631,60,-74.0,East 1,16.54913330078125,8.960715293884277,6.261373996734619,7.974686568751949,0.0,0.5344409561630309,-0.8125375329432962,40.56046295166016,228.4071502685547
1997_32,1375489,13903,10427,18,-69.5,East 1,-1.5442352294921875,2.7519893646240234,1.2120120525360107,8.106782895104388,0.0,0.027396332873198894,-0.4723740051042093,31.71736717224121,27.66127014160156
1997_33,1584693,179016,201393,27,-82.0,East 1,13.676345825195312,5.819284915924072,3.662899255752564,8.504474707168713,0.0,0.3212823656192924,-1.0511338710784912,32.94107437133789,114.04989624023438
1997_34,1016484,306252,76563,6,-71.5,East 2,20.51522827148437,7.719143867492676,4.852941989898682,5.356491353112863,0.0,0.45108962622733456,-1.2883517427143572,26.82952880859375,165.26173400878906
1997_36,2187356,15440,30880,48,-74.0,East 1,7.228683471679687,4.849098205566406,2.526761531829834,6.465619693885225,0.0,0.13037415542336883,-0.5708846397160139,30.79292869567871,109.7746810913086
1997_38,1957194,971772,971772,24,-85.0,West,30.71820068359375,10.805703163146973,6.867048263549805,5.358795117260923,0.0,1.253054031676091,-0.4837047422282277,33.37652969360352,264.8005065917969
1997_39,1877326,3912,5869,36,-76.0,West,9.932403564453123,8.218393325805664,4.781440734863281,6.079599806485753,0.0,0.08520752368413337,-0.4618650820211212,25.52851867675781,142.97647094726562
1997_40,2312674,5109,7664,36,-67.5,East 2,3.62591552734375,6.3679938316345215,3.260761260986328,8.980430793535573,0.0,0.09457710036548596,-1.607536792755127,28.10233497619629,92.76985168457033
1997_41,1529767,347565,391011,27,-84.5,West,23.821945190429688,9.491917610168455,6.105491161346436,5.930065960251734,0.00017337970472327684,0.8603221647880734,-0.2398253887403479,31.77105712890625,213.10968017578125
1997_42,958783,431064,53883,3,-80.5,West,18.424591064453125,9.516972541809082,6.091163635253906,3.469693977611323,0.0,0.1365414534399429,-0.8454525221140868,24.67784309387207,143.98675537109375
1997_43,1448353,795261,994076,30,-85.0,East 1,13.286636352539062,11.10320281982422,6.850790977478027,4.741188653628864,0.0006080944996861349,1.1231443355350397,-0.9053090265317972,35.8780403137207,245.9835357666016
1997_45,2815470,139286,191519,33,-76.5,East 1,15.342132568359377,10.187652587890623,5.943765640258789,4.035734847971551,6.664696660666256e-05,0.36301849488562543,-0.5878684912134723,28.47830390930176,124.92975616455078
1997_46,1746803,54463,136159,60,-85.0,East 2,9.310333251953123,10.43661117553711,5.278705596923828,5.129420681200817,0.002850049133721034,0.2891773311708693,-0.3134437471652819,26.08645820617676,171.30035400390625
1997_47,1300450,296311,370389,30,-79.5,East 2,9.096023559570312,11.612696647644045,6.20211124420166,4.705897120877796,0.0008080425206753876,0.44437042835021445,-0.408787198578107,22.293073654174805,151.99661254882812
1998_1,1357085,2935,2568,21,-70.0,West,3.908843994140625,15.568437576293944,8.346874237060547,5.025955572316055,0.0029139319684925442,0.015783067637293452,-0.4414908289909364,20.321016311645508,241.99517822265625
1998_3,3209545,312421,898212,69,-85.0,East 1,9.383880615234377,14.399341583251951,8.010589599609375,4.813514586452208,0.0020885857341432067,0.4178608723960951,-0.3168468058799622,28.77512550354004,338.4689636230469
1998_4,1870885,55649,69562,30,-70.5,West,7.08392333984375,19.9306583404541,11.231221199035645,6.370596359552312,0.02065453750718331,0.2744177801766625,-0.59458031222949,25.502540588378903,248.03274536132807
1998_5,833048,48227,18085,9,-70.5,East 2,-0.67333984375,10.11007595062256,3.699236869812012,7.778964434511597,0.0,0.1279300197184076,-0.7468746456656321,38.687721252441406,137.78382873535156
1998_7,591103,470671,176501,9,-85.0,West,11.594741821289062,16.511770248413086,8.665634155273438,5.37363438573071,0.0017148717638618776,0.32383770268077755,-0.2586782705234635,19.834266662597656,253.44439697265625
1998_8,458534,731,274,9,-73.5,West,1.689453125,9.234701156616213,3.433733940124512,4.357220736248793,0.0,0.0036467982710798883,-0.399669349193573,20.612688064575195,119.19876098632812
1998_9,2411473,508446,1016893,48,-81.5,East 2,13.981704711914062,16.65267562866211,10.310503959655762,5.38410045695674,0.0018487831234162712,1.3378610409359308,-0.0674282511075338,29.24501609802246,264.0589294433594
1998_10,3076791,571471,1428678,60,-85.0,West,18.570068359375,23.986690521240234,16.140554428100586,4.675986604318735,0.09652936029520959,2.164478638133304,-0.1768142282962799,30.85135841369629,436.4855346679688
1998_11,1408787,796433,298662,9,-85.0,West,15.761199951171877,18.228517532348636,10.313957214355469,2.265025207201261,0.018537610610617084,0.48975908180983135,-0.2246245459104728,16.899646759033203,289.06561279296875
1998_12,1806236,15505,27135,42,-74.0,East 2,8.25103759765625,11.89206886291504,6.749695301055908,4.469502463409311,0.0,0.1523766570800436,-0.440399663312558,27.77982521057129,112.4520263671875
1998_13,929103,124125,15515,3,-73.0,East 1,4.0141448974609375,8.761181831359863,2.891909599304199,6.926814512815089,0.0,0.07798315269416566,-0.4108302450157332,18.43439674377441,90.06188201904297
1998_14,1333211,1771,2214,30,-74.5,East 2,-3.37567138671875,5.889357089996338,1.951205492019653,6.396407461945403,0.0,0.018426619932469676,-0.5216278469831458,31.717124938964844,32.17021560668945
1998_15,1245036,305012,190632,15,-76.5,East 1,12.46807861328125,9.67344570159912,4.788095474243164,3.2383152047618378,0.0,0.4243792240303229,-0.729337946021242,25.050764083862305,136.33172607421875
1998_16,1704968,74291,83577,27,-72.5,East 1,9.117767333984377,11.858262062072754,7.261312484741211,4.102878263770874,5.2960029747410204e-05,0.3185603798125238,-0.940440219236603,27.288837432861328,269.7259826660156
1998_18,1501053,13117,13117,24,-68.5,East 2,5.420684814453125,9.487167358398438,4.475486278533936,5.769606614988429,0.0,0.049749262392482785,-0.7560887953050723,30.18396759033203,132.97567749023438
1998_19,1985304,106008,119259,27,-70.5,East 2,7.66217041015625,11.435885429382324,6.424204349517822,8.241083780355027,0.0,0.3697366114631623,-0.7229881812789112,33.180850982666016,281.428466796875
1998_20,1681645,68372,94011,33,-74.5,West,11.261810302734377,15.867554664611816,9.83206558227539,5.804399634757141,0.005392128972294759,0.49517495477283213,-0.4149619452725434,33.19424819946289,414.57421875
1998_21,1125855,3982,1493,9,-66.5,West,8.596527099609375,13.792684555053713,7.04865026473999,5.2211176275299644,0.0015351739804110056,0.013452387470961754,-0.6771031208864248,28.38603973388672,344.7740478515625
1998_23,3376936,673302,1430766,51,-85.0,East 1,18.13291931152344,12.27366828918457,8.245506286621094,9.19365719029205,0.0,1.3494459049007577,-0.1361847675025066,40.28342056274414,226.6486968994141
1998_24,1150916,36081,63143,42,-71.5,West,13.46319580078125,18.81799697875977,12.486284255981444,4.083868499583796,0.010288977468970695,0.33750395661401417,-0.8520445428025811,23.52113914489746,364.46240234375
1998_25,2095683,1427486,2498101,42,-85.0,East 2,26.304763793945312,10.793567657470703,7.439509868621826,8.208455985002212,6.146110618279071e-05,1.128445714803865,-0.7987940531363558,28.793420791625977,173.35458374023438
1998_26,2538336,198469,446556,54,-83.5,West,26.307403564453125,14.325629234313965,8.43858528137207,5.725091105475128,0.0091449702580278,1.2970162877296294,-0.8162594097462493,37.1135368347168,353.9795227050781
1998_28,2035488,782778,880625,27,-82.5,East 1,21.398468017578125,7.7634501457214355,4.674355506896973,7.149751647761991,0.0,0.8580164724123824,-0.92658439510032,38.11812973022461,185.54415893554688
1998_29,1297253,189756,308353,39,-85.0,East 2,26.055587768554688,11.15886402130127,7.4856462478637695,3.497446850037357,0.0,0.5607856559353274,-0.3722654921933452,30.48395538330078,269.2012023925781
1998_30,1748190,636610,716186,27,-79.0,East 2,22.326736450195312,12.366003036499023,9.599431037902832,8.374024437681667,0.0009163694197538768,1.0000043090289337,-0.5021360931379488,33.36943435668945,238.7248077392578
1998_31,1393366,34162,25621,18,-73.5,East 1,10.816360473632812,8.261710166931152,4.931614875793457,7.207522374325254,6.89441634595227e-05,0.27195717913672524,-0.636093636353811,28.31290435791016,151.56871032714844
1998_32,1516322,346528,519793,36,-81.5,East 1,23.820236206054688,11.358847618103027,8.063560485839844,4.664636374599073,0.0,0.8497416501365406,-0.4721001982688904,33.01438522338867,230.8495330810547
1998_33,1697834,615505,1077133,42,-85.0,West,23.07940673828125,13.663495063781738,8.938484191894531,4.507090398180669,0.0,1.5858448861764505,-0.7492002844810491,30.53978729248047,242.9211883544922
1998_35,1461851,49422,49422,24,-70.0,East 2,13.184890747070312,7.193612098693848,4.3820481300354,10.230752571610797,0.0,0.2857172528453344,-1.3486848153402418,32.986297607421875,176.88687133789062
1998_37,1481132,209080,156810,18,-72.5,East 2,19.786148071289062,10.290040969848633,8.07556438446045,8.61459572607379,0.0,0.44748011558411327,-0.895736164308074,32.62644577026367,209.3108062744141
1998_38,2289626,51175,115145,54,-72.0,East 2,9.953094482421877,9.367813110351562,6.281618118286133,8.49261897690547,0.0,0.4253960881602106,-0.2063671350479126,40.681419372558594,166.5916290283203
1998_39,1069173,29393,47764,39,-75.0,West,15.7041015625,11.145787239074709,7.098456382751465,3.779848028202655,0.0,0.188350643344951,-0.4996193080244295,35.171966552734375,217.83778381347656
1998_40,1567350,46203,34652,18,-75.0,West,16.561859130859375,11.73976707458496,7.628468990325928,5.654762206821409,0.0007639552541484304,0.24180489047037368,-0.8529892322161869,32.14195251464844,265.3243408203125
1998_41,1357488,67333,67333,24,-77.5,East 1,15.132675170898438,6.201135635375977,3.487703800201416,7.343954725058016,0.0,0.16829081805715304,-0.553906317741028,34.01055145263672,80.69737243652344
1998_42,1691432,42865,53581,30,-75.0,West,23.329391479492188,12.865575790405272,8.328536033630371,5.638759938456265,0.0028980933008825207,0.303523053660316,-0.2255293130874633,34.3997688293457,325.474853515625
1998_43,1035303,609,380,15,-70.0,West,10.65789794921875,13.074645042419434,7.967792987823486,5.7152752263359154,0.0,0.0016266166066886641,-0.17385333776474,34.73826599121094,204.09652709960935
1998_44,1350327,6676,5007,18,-72.0,East 1,8.169021606445312,6.045797348022461,3.466025352478028,5.023437918827068,0.0,0.04280116668985992,-0.4416710109088412,37.19147872924805,83.63927459716797
1998_45,1262955,14072,17590,30,-69.5,East 1,8.882308959960938,8.183807373046875,5.395541191101074,5.763427850992599,0.0,0.20600614269533585,-1.0783351908899237,29.09056282043457,144.09072875976562
1998_46,3070101,191284,765139,96,-84.5,East 2,29.038742065429688,12.184293746948242,9.554719924926758,8.403045531305276,0.00023660798174575653,1.096428026209206,-1.646441834553971,33.51078414916992,227.5606231689453
1998_47,1425900,41686,36476,21,-75.0,East 1,14.85931396484375,6.675618171691895,4.474477767944336,4.944841797764029,0.0,0.14925294598570812,-0.4525283773740132,30.06112289428711,163.36651611328125
1998_49,1538341,5188,7133,33,-69.0,East 2,8.476226806640625,6.834323406219482,3.9287109375,8.47550653209622,0.0,0.07063904777544239,-0.5125550222067378,39.20145797729492,138.47080993652344
1998_51,2345097,493885,1358184,66,-85.0,West,34.761688232421875,12.37388038635254,8.25575065612793,5.024926874423056,0.005267603629059233,1.878568077855639,-1.8647817688635515,35.60779571533203,389.520263671875
1998_53,1161566,15052,11289,18,-73.5,East 1,7.778457641601562,4.757312297821045,2.5131871700286865,6.554320096545275,0.0,0.034353603011523876,-0.4906274832939121,30.92324447631836,114.86096954345705
1998_54,1120011,68288,170721,60,-74.0,East 2,15.568161010742188,7.875743865966797,5.282952308654785,6.77314941075907,0.0,0.4454911200099306,-1.209808886051178,34.10218048095703,212.4256591796875
1998_55,649839,128086,32021,6,-75.0,East 1,10.302154541015623,3.897657632827759,1.888256549835205,6.318613665078224,0.0,0.08897266996937771,-0.8405441657303502,27.350725173950195,74.01760864257812
1998_58,752987,17132,2141,3,-66.5,East 1,2.111434936523437,4.985995769500732,2.87566876411438,6.910951897399146,0.0,0.009996636780326184,-0.729655163107448,21.60861587524414,72.01526641845703
1998_59,974651,4323,3783,21,-72.5,East 2,0.629669189453125,3.0275228023529053,1.1995866298675537,9.741038438532351,0.0,0.012223558174044651,-0.5427334620502055,26.785348892211918,52.73356246948242
1998_60,2580861,236600,354901,36,-79.0,East 2,21.948226928710938,5.937222003936768,4.109285831451416,12.551204343207017,0.0,0.3959508727895586,-0.4705593265180316,40.0848503112793,95.0400161743164
1998_61,769209,140922,35230,6,-74.5,East 1,6.27691650390625,4.292394638061523,2.63126802444458,5.783305467907265,0.0,0.061784146033502026,-0.3583900692333658,26.13119888305664,28.10082244873047
1998_62,1387778,11755,14694,30,-70.0,West,12.546478271484377,12.660189628601074,8.078673362731934,4.805801572500393,0.00010216706918287792,0.1399499784483866,-0.6424104110720843,31.686466217041016,249.4274444580078
1998_63,1286643,12289,9217,18,-75.5,West,14.289581298828123,8.623332023620605,4.238273143768311,4.656951989966593,0.0,0.06288098193364743,-1.840285120485896,43.19636154174805,201.25851440429688
1998_67,1020951,593729,74216,3,-80.0,East 1,10.06060791015625,4.281636714935303,1.7024493217468262,8.934662955485893,0.0,0.11887088452707532,-0.5648065533079134,27.728734970092773,62.19843673706055
1998_69,1150321,214966,53741,6,-70.0,East 2,5.046356201171875,7.600919246673584,4.412652015686035,4.966136044404648,0.0,0.18506270415360568,-0.9293665613939182,26.148822784423828,127.39253997802734
1998_70,1487919,521616,847626,39,-76.5,East 2,13.70361328125,14.756929397583008,10.080717086791992,4.322073504295855,0.006288738057760727,1.726450243359123,-0.9322095511607944,29.280492782592773,259.8178100585937
1998_73,2045752,198868,372877,45,-83.0,West,15.51531982421875,13.696128845214844,7.814032554626465,7.124887184047578,0.0001703364006512527,0.6829664137778179,-0.4893775429623112,25.38117408752441,208.63641357421875
1998_74,1985226,651676,1058974,39,-85.0,East 1,10.21826171875,13.17512035369873,7.280195713043213,5.4442381019186135,2.8851753846755e-16,1.023939903556319,-0.5183838039715979,36.977787017822266,327.2215270996094
1998_75,1763000,50788,95227,45,-77.5,West,6.261322021484375,14.00236701965332,6.946918487548828,3.5438263633263385,0.008725993234011992,0.3146691058272828,-0.4244408011436462,26.60989189147949,221.7578125
1998_77,1770023,512931,1154094,54,-85.0,West,12.5333251953125,14.434616088867188,7.153210163116455,3.9939516894112135,0.04298910491296145,1.3269982954861368,-0.5869566715669255,24.25075340270996,348.7066345214844
1998_78,1770294,36391,27293,18,-68.5,East 1,5.0235595703125,12.49998950958252,6.5760273933410645,4.167873277414319,0.00010636259261850267,0.15367906724327374,-0.2595589992712671,22.60287857055664,217.4478759765625
1999_1,2265184,193098,193098,24,-72.0,East 1,5.548065185546875,12.657212257385254,6.733250141143799,4.760106174398197,0.001978500581460147,0.5213704268651499,-0.3664491297814872,32.895259857177734,171.7322998046875
1999_3,1633340,238568,596422,60,-83.0,East 1,10.889999389648438,15.233234405517578,9.089444160461426,3.2968523386582964,0.0030153170218825427,0.2624959664833332,-0.2919095456600188,21.884201049804688,173.15277099609375
1999_4,909678,744805,372402,12,-85.0,East 1,9.417083740234377,11.0701904296875,4.916023254394531,1.794033771918319,0.0035372466582566024,0.3967659815449302,-0.5538077883477696,24.149826049804688,240.2594757080078
1999_5,756961,648924,162231,6,-85.0,West,10.070449829101562,8.574766159057617,4.0895819664001465,2.319792149827662,3.581013567977781e-06,0.10508785241331031,-0.3233652120510097,19.9398193359375,133.78167724609375
1999_8,3216041,633649,2455392,93,-85.0,East 1,18.93124389648437,17.063749313354492,11.679729461669922,6.473878056808651,0.0010807906647350577,2.3762552440085303,-0.3324851234126975,29.97540283203125,455.8471374511719
1999_9,1923325,127743,111775,21,-70.0,East 2,9.324966430664062,12.082627296447754,7.089654922485352,4.312108886301317,0.0005048218471073692,0.30491870689424566,-0.8579369783401496,31.82696533203125,158.44960021972656
1999_12,3572401,445215,556519,30,-78.5,East 2,13.771408081054688,14.191513061523438,8.223245620727539,7.876039519440973,0.00035435297098033243,0.8394082987291936,-0.4476196739952739,30.315378189086918,226.2449951171875
1999_13,1672168,42901,37538,21,-70.0,East 2,8.884109497070312,13.14951515197754,7.181247234344482,6.2566373048397645,3.664634877301129e-05,0.20344728275379825,-0.7325690913583062,24.42814064025879,178.72149658203125
1999_14,1499804,14972,31817,51,-74.0,West,1.52679443359375,19.5744686126709,10.805922508239746,6.173742098120123,0.002975411804094115,0.20901838947368434,-0.4694103002548218,36.57965087890625,486.8667907714844
1999_15,1788302,4949,15467,75,-69.0,West,4.612640380859375,14.934138298034668,6.165592193603516,6.449867607832624,0.01756106007780379,0.09312965462009244,-0.4765395775179989,28.60933303833008,301.6717224121094
1999_16,1856534,436674,873348,48,-77.5,East 2,8.005264282226562,14.258184432983398,7.98375129699707,6.457081729614325,0.0010512633175695145,1.1254034446207002,-1.3884499073028562,29.428464889526367,268.7410583496094
1999_18,1774675,1076350,807262,18,-85.0,East 1,17.756607055664062,9.523550987243652,5.561239719390869,4.555777751179004,1.3774171355781746e-05,0.3709709193509537,-0.2383979980071241,20.00851249694824,175.83883666992188
1999_19,804318,533358,66669,3,-85.0,East 1,18.02558898925781,7.933980941772461,5.134190082550049,5.156904639925868,0.0,0.10227036913894004,-0.1960634636431304,20.40550422668457,105.3694305419922
1999_20,2099964,58701,139415,57,-80.5,West,8.907394409179688,15.151578903198242,9.136165618896484,7.490054682939903,0.0,0.3759797099598822,-0.5397393552089124,33.38188934326172,255.62643432617188
1999_21,839297,12801,3200,6,-67.5,East 2,2.509750366210937,7.31394100189209,2.586291790008545,6.288102800722599,0.0,0.026137130834522335,-0.7526900534505481,27.125444412231445,120.68099975585938
1999_22,1873975,61647,107883,42,-75.5,West,18.10116577148437,20.0676212310791,14.032133102416992,4.5847379904640695,0.005834838856537821,0.6189781375591337,-0.7069808219963071,26.463558197021484,501.4618835449219
1999_23,1091691,6629,8286,30,-69.0,East 2,3.8414306640625,7.55849027633667,4.204432487487793,7.207097692894893,0.0,0.038662250268044845,-0.983779428304727,29.51165199279785,122.95912170410156
1999_24,1169292,6385,12771,48,-71.0,West,15.172454833984377,13.72541046142578,8.0062255859375,4.262654807293105,0.002055597158848747,0.08404821310491419,-0.6222972108684972,20.57109832763672,187.7164001464844
1999_25,1536141,71350,133782,45,-76.0,West,13.575531005859377,15.129673957824709,9.171834945678713,5.267089496047659,0.0008239198454070894,0.2296380108020958,-0.4834908462582472,29.945941925048828,305.52001953125
1999_26,1538943,58542,73178,30,-71.5,East 2,9.65802001953125,8.891236305236816,6.424484252929688,10.264740809724904,0.0,0.26148352980558326,-0.6463616057919866,29.776033401489254,134.72984313964844
1999_27,3535537,727326,2909305,96,-83.0,East 1,23.756881713867188,16.737276077270508,13.042936325073242,8.598371624996956,0.0,3.303714446373296,-0.3319444737652562,38.1591911315918,471.7496643066406
1999_28,1612388,67550,151988,54,-76.5,West,19.57928466796875,16.76866912841797,11.142144203186035,4.050908477851402,0.029663991931413752,0.6987670516825332,-0.5885563744470568,39.05043411254883,525.8377685546875
1999_29,1135312,14344,17931,30,-68.5,East 2,8.995529174804688,7.329314231872559,4.562742233276367,8.480961544426219,0.0,0.1286288998490187,-0.7226540405694893,31.337921142578125,93.8722686767578
1999_30,752572,12713,7946,15,-67.5,West,13.006591796875,14.4905424118042,8.415238380432129,3.6461332157818935,0.0003364916653277695,0.02455577677584556,-0.6001393226954128,27.693723678588867,271.7338562011719
1999_31,2240856,647035,1132311,42,-85.0,West,27.74305725097656,11.898497581481934,7.168075084686279,4.991194206426253,0.0009605996006652298,1.6981736581467928,-1.369140605231968,39.655372619628906,389.9632873535156
1999_32,1531585,1919,4559,57,-67.5,West,9.82049560546875,12.650070190429688,7.971078872680664,3.797609087903716,4.457421707094232e-08,0.02972954138827668,-0.801666466292372,26.917667388916016,152.3919219970703
1999_33,1707052,195767,489417,60,-85.0,West,29.804229736328125,10.417593955993652,5.473091125488281,3.730611197213258,0.0,0.3094724909047474,-0.4396725893020629,31.093006134033203,203.64903259277344
1999_34,1812734,779184,1071378,33,-84.5,East 1,24.532501220703125,9.534987449645996,6.642480373382568,6.942972754861586,0.0,0.868815455005484,-0.5012293656636715,28.97052001953125,275.5170288085937
1999_35,1568058,30664,65163,51,-69.5,East 1,10.118881225585938,5.7416300773620605,3.498753547668457,9.36536956855097,0.0,0.22370755736592163,-0.2196525589385332,32.867919921875,144.31338500976562
1999_38,1840336,282562,565124,48,-85.0,East 2,34.4444580078125,11.089473724365234,8.566143035888672,3.005771335266747,0.0,0.8301747578944312,-0.4206397145602865,25.18554306030273,268.3001708984375
1999_39,1083349,5180,9065,42,-71.0,East 2,17.805068969726562,7.455308437347412,5.219473838806152,8.353505755263487,0.0,0.06675684584824622,-1.1624048027623544,30.363862991333008,118.49446105957033
1999_40,1256170,156418,234628,36,-75.0,East 2,26.792724609375,11.073400497436523,8.837565422058105,7.348890088433547,0.0,0.4833497155223336,-1.0678765376408896,32.66286087036133,234.4375457763672
1999_41,3077497,542220,3388878,150,-85.0,East 1,33.231964111328125,7.946217536926269,5.7297563552856445,5.100279800386151,0.0,2.6021958573120436,-0.6004654169327781,35.35016632080078,183.28195190429688
1999_44,1617097,1128573,705358,15,-85.0,East 1,23.36997985839844,7.807907581329346,4.794021129608154,6.631609129899307,0.0,0.6723837357788146,-0.6496997929490986,34.24032974243164,185.1096343994141
1999_46,1629827,123651,77281,15,-75.5,East 1,12.145126342773438,5.954460144042969,3.7415380477905273,4.287179115706831,0.0,0.35070950267704665,-0.7835386991500854,31.03282356262207,135.65731811523438
1999_47,1417994,330,577,42,-67.5,East 2,1.8198089599609373,4.8169426918029785,2.0473248958587646,6.378287831557646,0.0,0.005992666504470258,-1.8617191712061565,25.039644241333008,104.3532943725586
1999_49,1935272,1034233,1809909,42,-85.0,East 1,20.72323608398437,5.6150803565979,3.506671190261841,9.0213166339285,0.0,0.8884444701387535,-0.5957157725908094,41.95687103271485,128.25025939941406
1999_50,890202,9462,16559,42,-70.5,East 2,15.780654907226562,8.963057518005371,6.3266143798828125,5.824229796193051,0.0,0.05855039486941134,-0.8470630368362484,36.13956451416016,118.3324737548828
1999_51,2062110,21879,41024,45,-71.0,East 2,11.001449584960938,7.379019737243652,4.609401702880859,7.553336630807951,0.0,0.07633172211175698,-0.3549468282639716,26.896896362304688,112.3861846923828
1999_52,1723398,3438,6448,45,-68.0,West,7.0947265625,10.664175987243652,5.191954612731934,7.190859269029441,0.0,0.03907506816495301,-0.7764438541969104,33.53876876831055,213.71241760253903
1999_53,1664777,419,944,54,-77.5,East 2,2.22674560546875,2.5381433963775635,1.1642924547195437,6.248458205142011,0.0,0.0010185839666609939,-0.5016051197025363,23.38081932067871,15.593403816223145
1999_54,2134188,292605,950968,78,-85.0,East 1,29.072433471679688,11.222700119018556,6.169271469116211,4.473775398515791,0.001102290870778027,1.1602643806125348,-0.6436156315090606,32.687469482421875,309.177734375
1999_55,2069240,128164,192246,36,-79.5,West,17.469100952148438,12.601160049438477,8.202247619628906,4.324876520084843,0.0,0.9359179826821283,-0.5144836673953158,29.17629814147949,270.7832946777344
1999_56,1834058,548200,342625,15,-83.0,West,22.93345642089844,12.42504596710205,8.026132583618164,2.853835164159294,0.0,0.8606962343394368,-0.6051314011662576,25.463661193847656,295.312744140625
1999_57,1601694,21180,21180,24,-70.0,East 1,4.0625,5.818373680114746,3.0932977199554443,7.177448512540618,0.0,0.10035744828609972,-0.8527423739433289,30.1247615814209,153.17225646972656
1999_58,1242902,253796,126898,12,-84.5,West,17.735275268554688,11.993939399719238,6.747061252593994,3.4626222347957456,0.0011219136645041362,0.5765450909812119,-1.0620400883908252,24.882680892944336,224.03759765625
1999_59,1854428,123110,184666,36,-70.5,East 2,14.966461181640623,11.350835800170898,8.363435745239258,6.861989138594033,2.5129351428240427e-05,1.1746429111660919,-0.5101665059725446,33.2097053527832,139.16273498535156
1999_60,3990151,1377945,2928135,51,-82.0,East 2,31.804595947265625,17.544538497924805,14.804078102111816,4.014532276380343,1.0592940160606548e-05,3.094543702802774,-0.8726461467429963,30.760740280151367,414.8287963867188
1999_61,1383500,449283,168481,9,-85.0,West,24.34214782714844,7.592693328857422,5.077805519104004,3.203274717790558,0.0,0.4306340220451733,-0.5877714800743262,30.308422088623047,183.3271942138672
1999_63,1743913,560462,210173,9,-85.0,West,24.037567138671875,6.992593765258789,3.872505426406861,4.19466493575125,0.0,0.24790768752828252,-0.6088811102876442,30.45664405822754,146.59527587890625
1999_64,774197,62418,7802,3,-79.5,West,19.50498962402344,6.686980247497559,3.56689190864563,4.8275842158435225,0.0,0.011105825451581354,-0.3001870879125237,30.34820556640625,108.78765869140624
1999_65,959578,180648,22581,3,-85.0,East 1,18.16510009765625,6.8664326667785645,3.746344327926636,4.404278139632401,0.0,0.009432427440194844,-0.4007282209645326,32.68914794921875,112.7229232788086
1999_66,2318678,852400,1598251,45,-85.0,East 1,21.61421203613281,9.424320220947266,6.459430694580078,5.085031364340325,0.0,0.9795102578773158,-0.6842949029122124,38.47687530517578,214.36956787109372
1999_67,1557040,123587,77241,15,-77.0,East 2,13.571456909179688,6.844114780426025,4.397697448730469,4.766748102061775,0.0,0.10705357717140376,-0.7087930505739821,23.563417434692383,99.86962890625
1999_68,1798440,398097,945480,57,-80.0,East 2,12.1593017578125,13.75822639465332,9.331064224243164,6.013521455307205,0.0,1.4008430738526645,-0.6182849442556613,25.741416931152344,261.58111572265625
1999_69,1706998,1525,1716,27,-65.0,West,4.58258056640625,15.247081756591797,8.41823959350586,4.738485454061153,0.0,0.013463988143659263,-0.8489508827527363,34.11160659790039,237.4495086669922
1999_70,1046352,7257,4535,15,-66.5,West,5.69921875,14.248849868774414,7.492669582366943,4.63798343751589,0.000886880091968586,0.03097400111064279,-0.6049062160085654,26.37175750732422,206.0738983154297
1999_71,4000203,693010,2338909,81,-85.0,West,9.329254150390623,16.67136573791504,10.249298095703123,4.151653549808214,0.004721855382756051,2.3445045450856665,-0.6280404812178981,26.44107437133789,244.85548400878903
1999_72,1454753,244743,183557,18,-73.0,East 1,4.275604248046875,9.016467094421388,3.6572537422180176,4.824214146774127,0.0,0.29223509651311624,-0.5927303290591497,30.33811378479004,122.10486602783205
1999_73,1622832,135245,219774,39,-82.5,West,6.78460693359375,14.271774291992188,6.543656826019287,4.097196820030324,0.010164524870071332,0.4454147287616375,-0.5619098977539119,24.528263092041016,271.81561279296875
1999_74,1725497,13715,10286,18,-67.5,East 2,1.772918701171875,9.019122123718262,3.314803123474121,7.835899631444633,4.163863294134143e-05,0.11059761226195267,-0.5596674836258063,30.90864562988281,140.146240234375
2000_2,1291089,254259,63564,6,-82.0,West,16.525863647460938,12.954188346862791,8.0191650390625,3.851202068421407,1.5797452385561588e-10,0.18176657080835412,-0.2074853897438975,24.65365219116211,140.36293029785156
2000_3,1093049,62633,7829,3,-79.0,West,15.379318237304688,10.224980354309082,5.94748592376709,2.822170604743848,0.0,0.0115300072159452,-0.3358825928724625,24.53191375732422,108.15316772460938
2000_4,2123518,3297,4122,30,-68.5,East 1,-2.34716796875,6.521500587463379,3.3003087043762207,8.235247572319441,0.0,0.011523436266597811,-0.4833297431468964,28.49516868591309,49.29058456420898
2000_5,2134530,15669,21545,33,-69.5,East 2,4.4672698974609375,9.722820281982422,4.074877738952637,8.642680247835681,0.0,0.17191161788270498,-0.7471062990373559,34.30066680908203,117.4806137084961
2000_6,2247327,452773,792352,42,-85.0,West,13.458175659179688,22.100053787231445,15.385881423950195,4.587228634123533,0.0021755416808879103,2.188871197470939,-0.7046307331868752,30.899667739868164,510.0137634277344
2000_8,1506212,220506,358322,39,-76.5,West,14.50311279296875,19.655893325805664,12.188425064086914,4.230194976922757,0.04225490436486806,0.4645889996713373,-0.5014406830480282,30.38056945800781,398.06201171875
2000_10,2044080,727237,1272665,42,-85.0,West,17.435409545898438,20.615327835083008,13.661510467529297,5.098817776838453,0.002266777672946196,2.0358931314525552,-0.7458342374515678,25.98094940185547,450.1011962890625
2000_11,906529,270899,33862,3,-80.5,West,13.27740478515625,10.643195152282717,5.771174430847168,3.4307242862204683,0.0,0.2516297781472368,-0.8848732503196918,24.155183792114254,205.683349609375
2000_14,957658,6064,4548,18,-68.0,East 1,8.870010375976562,7.949854850769043,4.15811824798584,5.937479462512008,0.0,0.04980131648508146,-0.7211141214287582,28.34488296508789,148.28408813476562
2000_15,1208908,565508,141377,6,-78.5,East 1,20.054351806640625,8.65060043334961,5.26627254486084,6.47196261156266,0.0,0.348242923116395,-0.543836091825342,23.139726638793945,152.32452392578125
2000_16,2152108,125251,704537,135,-85.0,East 1,24.19712829589844,10.612387657165527,7.08384370803833,3.4551970888163304,0.0,0.857184194717732,-0.3573099477382564,23.053937911987305,215.22189331054688
2000_17,644996,34580,8645,6,-68.5,East 1,9.865936279296877,6.809061050415039,3.7199666500091553,5.391605853846656,0.0,0.07522242225539022,-0.9563406170886528,32.14906311035156,139.7067108154297
2000_19,977541,24571,18428,18,-70.5,West,16.0535888671875,13.582763671875,8.275919914245605,4.383358240065333,0.0005086948644867547,0.2301433791476121,-0.9486203703893472,26.009445190429688,215.10986328125
2000_20,1022786,68498,136997,48,-84.0,East 1,15.675048828125,9.440511703491213,6.246092319488525,3.6208638886959057,0.0,0.3871197935263905,-0.6381672724816548,24.49022674560547,192.7914123535156
2000_22,45804,1556,389,6,-66.5,East 1,6.7454681396484375,4.911862373352051,2.1889796257019043,6.8760142325645495,0.0,0.003549364952243614,-2.7330013710938097,21.940149307250977,62.930137634277344
2000_24,2675247,388996,826616,51,-78.5,East 2,27.240982055664062,12.634747505187988,9.423137664794922,6.252029790669324,0.0,1.1104521732963146,-0.5460948762305499,31.724533081054688,230.21945190429688
2000_25,1075107,34645,47637,33,-77.0,West,19.731109619140625,11.175363540649414,6.33406400680542,4.7296810956029045,8.505022675355836e-08,0.27353823562143553,-0.8446128655922529,39.47786331176758,277.8636474609375
2000_27,1053048,1710,1710,24,-67.0,East 2,9.05462646484375,10.722620964050291,7.516435623168945,4.779718437590274,0.0,0.02066369156521759,-1.0230624866784268,25.337684631347656,120.50064849853516
2000_29,1024184,89789,22447,6,-80.5,West,26.11412048339844,7.007493019104004,4.678469657897949,4.509216543843968,0.0,0.03911409059801956,-0.2475236782278532,22.88212013244629,91.19517517089844
2000_30,2094160,115983,231966,48,-73.5,East 1,17.717849731445312,11.31183624267578,8.682816505432129,7.04953425903303,0.0,0.6360196085763506,-0.4660058026013614,30.373750686645508,180.7847442626953
2000_31,2430297,75444,254623,81,-81.0,West,19.758071899414062,15.635252952575684,11.099493026733398,4.775923903919141,0.0018301509680922383,0.904749603396941,-0.7506704479455947,36.14778900146485,279.3391418457031
2000_32,976101,1398,1573,27,-74.5,West,10.115264892578123,10.292814254760742,6.758739471435547,3.7235557292246826,0.0,0.028856359712076545,-0.7448246643919288,30.816953659057617,169.60121154785156
2000_33,1189820,34753,30409,21,-80.0,East 2,18.8668212890625,5.633274078369141,2.790814161300659,5.417194630840601,0.0,0.16726073205054742,-0.6997007478875401,38.05483627319336,190.14697265625
2000_34,984853,10217,14049,33,-69.0,East 2,18.146530151367188,9.059548377990724,6.374307632446289,7.989062614883575,0.0,0.1068264728405347,-1.0848947307746957,27.693363189697266,148.58154296875
2000_35,2681675,168807,295412,42,-81.0,West,24.92842102050781,12.752245903015137,8.571532249450684,8.974002641167694,0.0007031824928841678,1.0146058053571008,-0.5079254807629543,46.99480819702149,326.9263916015625
2000_37,60685,238,149,15,-72.0,West,6.239105224609375,6.730873107910156,2.789344787597656,3.208592395763291,0.0,0.002492588500379176,-0.9752753376960756,23.99173164367676,155.3057861328125
2000_38,1447988,553901,900089,39,-85.0,West,22.69207763671875,10.49492645263672,6.627164840698242,7.179895341492251,0.0,1.2767817171911398,-0.6549294453227552,40.70016479492188,300.8013916015625
2000_39,1086612,30509,26695,21,-69.5,East 2,9.0810546875,6.637316703796387,3.6234302520751953,7.396363221437794,0.0,0.18059149061797544,-0.6731297921170366,31.606035232543945,142.37814331054688
2000_40,1183214,1007201,251800,6,-85.0,East 1,17.53619384765625,5.762651443481445,3.775989055633545,4.080840427733136,0.0,0.3178618208432945,-0.4001482785872969,17.94207191467285,88.9217529296875
2000_41,1766574,677311,592647,21,-81.0,East 1,18.984207153320312,5.815857887268066,3.647915363311768,5.0278137957627935,0.0,0.23320387032132944,-0.3909893934933076,32.82045364379883,118.35047149658205
2000_42,2456247,1016171,1397236,33,-80.0,East 2,33.2109375,9.503162384033203,6.817048072814941,5.799410735020437,0.0,1.6767248444647531,-0.8919632533548861,33.708126068115234,230.33880615234372
2000_43,1448604,30669,61338,48,-70.0,East 2,19.788330078125,9.235645294189451,6.364790439605713,8.57827223343428,5.668110438676562e-07,0.28780779357155056,-1.3209431334473185,32.2091178894043,174.1780242919922
2000_45,1955892,11261,8446,18,-76.5,West,12.047515869140623,6.194385051727295,3.37351393699646,6.293511100904947,0.0,0.05170845073698596,-0.2425885710629949,31.736928939819336,143.61080932617188
2000_47,880585,160864,20108,3,-74.0,East 1,14.305313110351562,5.447646141052246,3.358656644821167,5.989768343881384,0.0,0.0802481032538442,-0.8609333703562656,32.89824295043945,83.58311462402344
2000_48,1746068,643752,1126567,42,-85.0,West,28.501708984375,11.327166557312012,7.795460224151611,8.308017437154955,0.0015669257385956868,1.536695324867324,-1.138956380571225,34.121334075927734,318.35186767578125
2000_49,1014745,24834,21730,21,-73.0,East 2,12.918106079101562,5.0307159423828125,2.776340961456299,9.200687123950235,0.0,0.14109456134709975,-1.133738251525485,34.93805313110352,89.03223419189453
2000_50,2494130,20037,25046,30,-74.5,East 1,12.309646606445312,5.072619915008545,2.7072036266326904,5.027235307135014,0.0,0.1429360131635285,-0.6858705774838164,34.41150665283203,121.64351654052734
2000_51,619724,51992,6499,3,-74.5,West,14.84442138671875,9.853937149047852,6.003666400909424,4.266124080605511,0.0,0.030543078080677476,-1.021267338787151,25.490779876708984,177.35223388671875
2000_52,1603976,59634,81997,33,-78.5,West,14.527023315429688,12.817499160766602,8.432439804077148,4.417699443841622,0.0,0.3316930188305892,-0.5364516007204102,29.091020584106445,230.7796936035156
2000_53,1114248,321885,160942,12,-81.0,East 2,17.30755615234375,7.555946350097656,4.815485954284668,7.316139463119638,0.0,0.300498447775058,-0.2301521052680287,33.885337829589844,124.02306365966795
2000_54,1853670,1217952,1217952,24,-85.0,West,13.3857421875,12.389878273010254,7.251455307006836,3.800976248688969,0.007883599113688373,1.716117506165434,-0.5637603659266661,29.585224151611328,279.11297607421875
2000_55,1451951,16346,20432,30,-68.5,East 2,3.37744140625,8.965315818786621,5.179650783538818,6.58546805544471,0.0,0.14857626818751424,-0.4845806635728729,35.80183410644531,94.9588623046875
2000_56,1888430,350420,700841,48,-85.0,West,13.491943359375,16.688674926757812,11.588703155517578,3.791655968880572,0.0017257643948612763,1.6308300947933343,-0.3886126087877578,24.811059951782227,401.4566345214844
2000_57,3174695,142233,480039,81,-85.0,East 1,13.188888549804688,9.826139450073242,5.474720478057861,7.130074543118299,0.0,0.6620935108739512,-0.5290844111396642,28.009004592895508,154.80067443847656
2000_58,1751158,20575,30862,36,-69.0,East 2,1.925750732421875,9.907397270202637,5.731020927429199,7.051581773523717,4.470952744864893e-06,0.19546806294276609,-0.4143934931166708,24.612510681152344,105.61119842529295
2000_60,1344344,204600,255750,30,-71.5,East 2,11.948410034179688,10.693758964538574,6.517382621765137,6.411152996822945,0.003927144643568057,0.584228908892442,-0.6605085491467831,21.83617210388184,171.0403594970703
2000_61,1160421,10455,14376,33,-70.0,East 1,3.60992431640625,7.144819259643555,2.7556848526000977,7.1725667546225305,0.0,0.03431051723880745,-0.2666079303274114,31.43901634216309,32.80079650878906
2000_62,2065488,319116,1037127,78,-76.0,East 2,12.345184326171877,15.019631385803224,9.228690147399902,5.363915006151745,0.003331565841885452,1.0468127119547905,-0.4843509689276128,28.76471710205078,198.0612335205078
2000_63,204383,165783,20722,3,-71.5,East 1,4.4124755859375,6.541826248168945,2.1838340759277344,5.184219222756633,0.0,0.021371768574154303,-0.2796109973436035,12.16405200958252,22.8935546875
2001_2,1515113,743590,557692,18,-76.5,East 2,13.450729370117188,13.933564186096191,7.336714267730713,3.909437019769348,0.00540340454648164,1.2240279559997729,-0.5211569124804406,19.3820743560791,238.60304260253903
2001_3,2114358,676918,507689,18,-77.0,East 2,15.7774658203125,15.33107852935791,9.25026798248291,4.7712126088416325,0.012471880666833484,0.8428878955419099,-0.3889679291766211,30.314268112182617,220.3596343994141
2001_4,1452022,739924,369962,12,-82.5,East 2,14.662307739257812,11.647172927856444,6.337645053863525,3.284848686074699,8.252188211133212e-06,0.4426692288721756,-0.2834715542906165,27.96864318847656,123.70330810546876
2001_5,1503516,13624,15328,27,-68.0,East 2,8.97491455078125,11.637563705444336,7.819228172302246,3.965904617570967,0.0,0.06415761053007178,-0.4858956634998318,31.49246597290039,116.13662719726562
2001_6,930737,55314,20743,9,-71.5,East 1,8.35125732421875,8.159934043884277,3.711578845977783,4.715272432140162,0.0,0.09560056798622166,-0.8121524484585023,29.270681381225582,99.72233581542967
2001_7,857215,136110,51041,9,-77.0,West,6.4574127197265625,11.747514724731444,6.8174147605896,5.105650845854728,0.0,0.30462394438357654,-0.862724688734379,21.634037017822266,175.94525146484375
2001_9,720581,101934,25483,6,-78.5,West,11.3497314453125,11.828015327453612,7.150176525115967,3.493153790607986,0.0,0.1693064829057147,-0.62026707124263,23.4110107421875,202.1383514404297
2001_10,2494603,30941,50279,39,-78.0,West,15.20318603515625,10.882447242736816,6.684113025665283,4.943627798549133,0.0,0.17306401002899402,-0.5809006296648818,38.53057861328125,170.10552978515625
2001_11,1880530,25181,44066,42,-76.5,East 2,10.0068359375,6.035325050354004,3.900225877761841,6.542821302090711,0.0,0.10118436605191432,-0.56233993034778,36.98271560668945,76.02210998535156
2001_12,1788298,608229,684258,27,-79.5,East 2,20.89564514160156,10.927239418029783,6.919488430023193,4.801736712349308,0.0,0.9631802836632207,-0.7409639630986726,29.72490501403809,304.7365417480469
2001_13,1585245,515583,193343,9,-74.0,East 2,25.885177612304688,10.68768310546875,7.081602573394775,7.798210915315104,0.0,0.7748098217085498,-0.921583459712444,27.18314743041992,238.66879272460935
2001_14,803699,576,648,27,-71.5,West,9.9200439453125,11.91281795501709,6.202889919281006,3.5347918594759937,5.358461051112246e-06,0.0028461453956313562,-0.4862106932606224,28.71928596496582,261.96734619140625
2001_15,1324595,60155,127829,51,-70.5,East 2,16.052871704101562,9.949084281921388,7.389388084411621,6.672791475277326,0.0,0.4839020013606937,-0.8839164972305301,39.703800201416016,161.8373565673828
2001_16,623683,550272,137568,6,-81.0,West,20.064926147460938,10.966486930847168,6.299479007720947,3.952052512269133,0.004005474627241987,0.4090909392849138,-0.7066020629500801,24.901996612548828,235.0189208984375
2001_17,669468,197167,172521,21,-79.0,West,24.204559326171875,13.89433479309082,8.161989212036133,3.558544535423791,0.000732966979778034,0.46769683168425663,-0.8575099841818479,28.3238525390625,399.3449401855469
2001_18,1574191,274090,753749,66,-85.0,West,31.16415405273437,16.572582244873047,11.01967430114746,4.942080394707627,0.04654087916390437,1.4957732953614955,-1.3726498058424632,42.75794982910156,561.1749267578125
2001_19,972722,146099,73049,12,-70.5,East 2,15.739761352539062,9.135597229003906,5.687232971191406,7.52718835066006,4.290248507739515e-06,0.3715149755295431,-0.7338749169455471,31.70469093322754,168.94390869140625
2001_20,3117717,1287583,2897063,54,-85.0,East 2,31.662384033203125,11.597579002380373,8.385969161987305,9.090525085557896,0.0005647941371571077,2.341105065605257,-0.515087218282339,39.5113410949707,283.0810546875
2001_21,1933649,149798,580468,93,-85.0,East 1,21.81524658203125,8.58321762084961,5.6196699142456055,5.178186278584712,0.0,0.5528671990984443,-0.2541442847311143,35.50658416748047,180.9769592285156
2001_22,1238767,214810,295363,33,-75.0,East 2,18.800064086914062,9.050654411315918,6.239090442657471,7.1116621612298365,0.0,0.5172419204443409,-0.7857527467939585,33.182186126708984,201.9996032714844
2001_23,1076567,770,192,6,-67.0,East 2,1.9448394775390625,6.493703365325928,3.333804130554199,8.945975032096323,0.0,0.002867260030320851,-0.9940072298049928,32.640071868896484,117.08090209960938
2001_24,1377697,50781,88867,42,-69.0,East 2,15.448486328125,9.953446388244627,6.407934188842773,6.960526358169086,0.0,0.3399440775999601,-0.8402884622072087,33.357967376708984,168.08319091796875
2001_25,1099537,444865,55608,3,-85.0,East 2,17.793502807617188,3.271653652191162,1.4971611499786377,5.316012996595387,0.0,0.1759304775274861,-0.2512084144250307,22.37495803833008,44.150840759277344
2001_26,1127393,120334,60167,12,-74.0,East 2,13.895553588867188,4.8304619789123535,3.007861375808716,9.3090961833315,0.0,0.1696044697838391,-0.8534738070288088,32.331844329833984,73.11184692382812
2001_27,1853839,634447,1189589,45,-85.0,East 1,25.014923095703125,9.414648056030272,6.848515510559082,5.676304820769515,0.0,1.5937300485034198,-0.658119818456438,38.03161239624024,237.6811065673828
2001_30,2357902,156670,391675,60,-72.0,East 2,26.111846923828125,11.284297943115234,8.192117691040039,7.876767542417202,0.00034835848150317343,1.6409306405370816,-0.7391501508307333,31.17583465576172,260.58721923828125
2001_31,1562105,412561,618842,36,-84.0,East 1,16.0654296875,5.345194339752197,3.074817180633545,7.396431753779293,0.0,0.5065891259311567,-0.6086904767418173,36.3807487487793,87.74201965332031
2001_32,1421202,1066595,533297,12,-85.0,East 1,21.134033203125,6.232812404632568,3.904505252838135,6.488982975532652,0.0,0.20481400180423928,-0.4171064589928271,22.71676445007324,144.7931671142578
2001_33,1858696,386931,628763,39,-84.5,East 1,19.5450439453125,7.195621013641357,4.8316731452941895,5.26591935116351,0.0,0.873828443633765,-0.7344227879902265,37.7437629699707,133.5183868408203
2001_35,2290406,623101,700989,27,-80.5,East 2,29.528778076171875,9.937480926513672,6.845300674438477,7.03264075339633,0.0,1.1355222461734331,-0.3460508815508791,28.894580841064453,215.3251190185547
2001_36,1791158,1182371,886778,18,-85.0,East 2,29.9222412109375,8.142380714416504,5.649072647094727,5.560196768075053,0.0,0.5867174915798911,-0.1613079003715557,31.368213653564453,117.7672119140625
2001_37,1984032,9712,18210,45,-78.5,East 2,9.7557373046875,2.3152852058410645,1.2243905067443848,12.09414549056076,0.0,0.029285180793259834,-0.6845638980575771,35.02075958251953,30.27192687988281
2001_41,1469295,13638,15343,27,-72.0,East 2,7.75494384765625,5.274617671966553,3.049464225769043,4.946412861043708,0.0,0.10259371034240956,-0.302787186428617,33.65382766723633,97.87458801269533
2001_42,1339057,580,145,6,-77.0,East 2,-2.674530029296875,1.8940255641937256,0.5981931686401367,5.050555879449263,0.0,2.944039485058346e-05,-0.7412201166152954,23.876745223999023,18.9543571472168
2001_43,625383,11738,10271,21,-67.5,West,12.56597900390625,11.660189628601074,6.78971529006958,4.069176673598765,0.00016006367523489217,0.05630131193206389,-0.6070557355976326,31.38863754272461,216.275634765625
2001_44,3220405,712237,1602533,54,-85.0,East 1,27.21665954589844,8.398452758789062,5.800149917602539,3.6654050775629705,0.0,0.7672203873989172,-0.6583986497621397,27.16544342041016,191.84640502929688
2001_45,2894688,214046,401337,45,-82.0,West,24.60340881347656,17.022977828979492,12.402771949768066,4.88695209232434,0.014491610284429598,1.4909970026328423,-0.9393950591442568,39.65314865112305,542.2076416015625
2001_46,2765788,278914,557829,48,-81.0,West,20.030746459960938,12.23038101196289,6.66426420211792,4.968411684107175,0.01525735488696325,1.1215316649518965,-0.8578996035086072,37.61518859863281,390.094970703125
2001_47,1798705,574,646,27,-69.0,West,4.456878662109375,11.193174362182615,5.396332740783691,4.065201426992046,2.588408031181527e-06,0.0044841088447552,-0.361751884222031,31.33773422241211,212.6104431152344
2001_51,3444366,1050935,3941007,90,-85.0,East 1,25.82929992675781,11.680475234985352,8.721396446228027,5.2979762474140415,9.9968454340274e-05,3.2384993509515465,-0.7667214273018599,41.300392150878906,215.9694366455078
2001_52,135668,23417,11708,12,-71.5,West,11.93450927734375,11.430337905883787,6.229838848114014,5.059173444082733,1.6228979246286192e-05,0.026303038302260467,-0.8630176626969842,18.006526947021484,171.96969604492188
2001_53,2298280,945436,1654513,42,-85.0,West,14.528472900390623,12.545381546020508,8.152351379394531,4.310499165523503,5.710563217176599e-16,1.3711476110445144,-0.7314494862964697,24.783042907714844,268.75311279296875
2001_54,1719178,470,646,33,-75.0,West,3.22088623046875,10.545909881591797,3.7170681953430176,5.327781640445319,2.8798600062758683e-05,0.001096965642188397,-0.4591854661703107,30.58003044128418,210.43768310546875
2001_55,1971452,54026,74286,33,-70.0,East 2,6.3780670166015625,11.86434841156006,6.806091785430908,8.87676684542466,1.827310134153358e-08,0.4005466117137433,-0.8066567081157809,32.39508819580078,246.7559814453125
2001_56,3153345,858194,3110955,87,-85.0,East 2,19.21746826171875,16.431713104248047,11.381269454956056,4.990190104518554,0.006429509467581762,3.3842688430907666,-0.5166214630220558,40.038909912109375,334.15399169921875
2001_57,1745514,43748,65622,36,-71.5,East 1,3.76934814453125,12.080521583557127,5.766725540161133,5.598733050400152,0.0,0.5874453036656561,-0.2411149918906332,39.68410110473633,201.8207550048828
2001_58,1459553,370608,694890,45,-85.0,East 1,8.334518432617188,13.262737274169922,7.532175064086914,5.030986133976195,9.636960946076179e-05,1.1617231534931602,-0.4024034738540649,27.446643829345703,216.0224609375
2001_59,1632704,65546,131092,48,-70.5,East 2,3.1123046875,15.30143928527832,8.781381607055664,4.931595775565529,0.0015458602486362735,0.5094737676216837,-0.9588460885571558,35.89330291748047,207.78472900390625
2001_60,676826,181548,22693,3,-79.5,West,7.259918212890625,14.135120391845703,6.406616687774658,7.446147164565545,9.795529469156087e-05,0.04765005636972984,-0.3236359880324219,22.432727813720703,245.30859375
2001_61,2017282,364421,1047711,69,-78.0,East 2,8.7406005859375,14.323076248168944,8.018445014953613,4.466598965248639,0.010770448782668461,1.393603069414161,-0.5620438271188624,38.4769172668457,309.6435852050781
2001_62,2351270,102641,192453,45,-75.0,West,7.68072509765625,20.534013748168945,12.805509567260742,7.483309018120096,0.03325086485687427,0.5534530688253998,-0.3722120125220831,39.2112922668457,438.5498046875
2001_63,1358442,227028,85135,9,-85.0,East 2,7.10552978515625,12.169102668762209,6.542342662811279,4.5828019912228966,0.013642821248625921,0.23982448179886767,-0.2135213982722266,22.805042266845703,240.80239868164065
2001_64,1467144,123101,123101,24,-76.0,East 1,8.7276611328125,9.50238037109375,4.403131008148193,4.657321885024154,0.00021258509701861748,0.3510598567205585,-0.4777078952551529,26.87278938293457,101.26089477539062
2001_65,1180585,538549,673186,30,-85.0,East 1,8.704132080078125,9.90036678314209,4.432103157043457,3.509102646166045,0.0002017278563586273,0.5589536134822435,-0.2773472526056872,18.551807403564453,190.49932861328125
2001_66,1138338,278907,104590,9,-85.0,West,9.738037109375,10.169074058532717,5.258265018463135,2.603755912206953,0.0,0.14445430012491642,-0.2012707132197159,24.294979095458984,109.66249084472656
2001_67,2761495,1944894,3646677,45,-85.0,East 2,14.340713500976562,13.33600902557373,7.54506778717041,7.250906366849503,0.002713238538527961,1.313440334250425,-0.3272965528595392,21.427757263183597,194.69776916503903
2001_68,2887702,1791077,3358270,45,-84.0,East 2,19.063140869140625,14.652929306030272,8.776339530944824,3.705015924022635,0.008686816715956691,1.7854744928198583,-0.2646621506844085,20.796459197998047,267.5882568359375
2001_69,1976946,305413,839887,66,-83.5,West,9.502227783203123,21.96564102172852,13.26620388031006,4.487974539419666,0.052359589230204166,1.2263389181355597,-0.0878869444131851,25.44400978088379,673.6883544921875
2002_3,1140503,87191,119888,33,-69.5,East 2,7.17425537109375,12.672011375427246,6.703531265258789,4.059000753197668,3.078102004791602e-05,0.3881311277271799,-0.4872252813831808,20.665904998779297,145.42930603027344
2002_5,961984,29081,7270,6,-78.5,West,10.510467529296877,9.930235862731934,4.165313243865967,3.238688184831147,0.0002498425547728751,0.04356955734975148,-0.3138762014021373,26.010217666625977,141.6730499267578
2002_7,2092447,269648,640414,57,-79.5,West,14.07476806640625,18.06412696838379,9.295580863952637,7.869135389769666,0.03514335128242993,0.7601907652366818,-0.4818736072920946,26.896217346191406,351.4454040527344
2002_9,2273685,214832,349102,39,-80.0,East 2,18.25701904296875,10.48713493347168,6.66879940032959,6.230002745050602,1.934032965442635e-06,0.6844470238013092,-0.2508032445164018,28.490835189819336,222.51861572265625
2002_11,1335337,245683,307104,30,-83.0,West,13.977630615234377,14.802781105041504,9.9039306640625,2.5727250839575904,6.714414543990563e-06,0.4739095401928897,-0.6603979373639238,21.72114562988281,281.2376403808594
2002_12,1027845,184338,23042,3,-80.5,West,16.906204223632812,9.21677589416504,5.246318340301514,4.069735790564692,0.0,0.14208864183239453,-0.4387468340362179,27.92519760131836,174.2864227294922
2002_13,1987052,508571,1335000,63,-79.5,East 2,18.735824584960938,14.85211944580078,10.415800094604492,7.4097654029697875,1.472993345858055e-05,1.7571424108326388,-0.4862214525540667,28.016773223876957,313.20556640625
2002_14,1633211,36096,81218,54,-73.0,East 2,16.523651123046875,12.803881645202637,8.78049087524414,5.773091833626534,0.0,0.22970820055664415,-0.3008400599161783,25.00910758972168,182.35861206054688
2002_16,1849811,51842,64803,30,-69.5,East 2,9.443130493164062,9.916277885437012,6.175278663635254,5.275784233248776,0.0,0.3747416022046467,-0.3791585890394859,40.31324005126953,210.06466674804688
2002_17,2619464,865561,1406537,39,-85.0,East 1,23.566925048828125,16.01869010925293,12.08171844482422,4.853790110893621,0.0005949819252443418,1.803148373572959,-0.6438585590521183,31.67924690246582,281.0970458984375
2002_18,1384480,3491,6983,48,-73.0,West,13.46026611328125,13.013138771057127,7.688429355621338,3.923174912191223,2.660818868863808e-06,0.052653712855474724,-0.6076111197471619,30.94866371154785,246.2945251464844
2002_19,3202039,734777,1377708,45,-85.0,East 1,22.6964111328125,12.44883632659912,8.85477352142334,5.119351853636689,0.0,1.0710515450812028,-0.481549352897151,40.0096549987793,223.92013549804688
2002_20,952823,19250,14438,18,-68.0,East 2,12.096649169921877,9.085217475891112,5.373318672180176,5.966747895785986,0.0,0.17208341354124376,-0.4402499794960023,37.99444961547852,111.54452514648438
2002_21,1310776,514345,385758,18,-83.5,West,18.13197326660156,12.618621826171877,7.412894248962402,4.133795418378907,0.003138817796365768,0.5855016401499601,-0.5177213978129261,34.69870376586914,316.0378723144531
2002_22,1558975,1409349,528505,9,-85.0,East 2,23.09091186523437,9.834630012512209,6.32120943069458,8.626275444406112,1.4177241655075894e-10,0.23650153911819877,-0.2152529074676011,19.370738983154297,137.89280700683594
2002_23,1975126,516131,1419360,66,-85.0,East 1,20.4921875,9.144927978515623,6.225425720214844,6.640037080680084,0.0,0.8159642616823434,-0.6837081688418565,27.596580505371094,210.327392578125
2002_24,1989745,158553,713492,108,-84.0,West,29.330337524414062,11.912893295288086,8.315176010131836,5.43040297493018,2.6317885029944956e-05,1.045025812301523,-0.4605338408442096,39.308990478515625,322.24609375
2002_25,855731,7928,991,3,-70.0,East 1,3.379486083984375,5.960709571838379,3.021315336227417,7.770770361840527,0.0,0.013427291301314004,-0.5953780213991801,20.606460571289062,61.86783981323242
2002_26,837961,25310,18982,18,-84.0,East 2,24.26084899902344,10.175886154174805,7.036565780639648,3.049488809269944,0.0,0.04795881660606568,-0.2475504205038973,23.337854385375977,189.46807861328125
2002_27,1550956,210974,527435,60,-79.0,East 2,27.21943664550781,12.104636192321776,8.656271934509277,6.756102575694193,5.003320125889364e-06,0.9431101049390089,-0.7886395171136786,29.510927200317383,197.38406372070312
2002_28,2240394,536627,1274489,57,-85.0,East 1,24.023681640625,9.739883422851562,6.525317192077637,7.4735183116615325,0.0,0.937275137709475,-0.5156005163496725,36.17712020874024,190.2359161376953
2002_29,836334,16776,10485,15,-77.5,East 1,15.295318603515623,6.059390544891357,3.095842838287353,7.031747778036937,0.0,0.002368470982238789,-0.2147522939254449,32.03000259399414,120.59178161621094
2002_30,1661943,283419,389701,33,-77.0,East 2,23.22201538085937,8.524839401245117,5.71327543258667,8.936646862664016,0.0,0.7261187851983913,-0.534095764928035,32.47232437133789,121.27099609375
2002_31,947062,1478,1663,27,-68.0,East 1,7.3875732421875,4.547170639038086,2.243288993835449,5.540937990828711,0.0,0.004187423529135675,-0.4716283587556041,25.45523834228516,36.5032844543457
2002_32,1499731,176989,376102,51,-78.5,East 1,16.457382202148438,8.355510711669922,5.447129249572754,6.528994365377628,0.0,0.5087859368013301,-0.7376031094212364,29.93267250061035,147.539306640625
2002_33,1717063,264,463,42,-72.0,West,10.5751953125,10.089889526367188,5.454368591308594,4.044263284902548,0.0,0.003246213461400789,-0.593145202164323,22.39759826660156,195.98751831054688
2002_34,1484188,292523,365654,30,-83.5,East 2,24.44573974609375,10.7802095413208,8.279132843017578,7.996832577937721,0.0,0.44958289492246933,-1.057096242904663,37.4033088684082,147.50311279296875
2002_35,1785299,237302,355954,36,-82.0,East 1,17.849533081054688,5.726144790649414,3.2889597415924072,6.91872677505113,0.0,0.5773948515895287,-0.9209534385960196,29.34065818786621,112.15690612792967
2002_36,746839,313293,195808,15,-85.0,East 1,24.24818420410156,5.877305030822754,3.6413047313690186,4.41033773651968,0.0,0.2669735891723028,-0.7186546376177679,24.940004348754883,123.29883575439452
2002_37,1384956,300025,225019,18,-85.0,West,16.493026733398438,9.441471099853516,6.254340171813965,4.462774223537961,0.0,0.6122683011051775,-1.5023162490567217,26.620830535888672,197.5196533203125
2002_38,1077620,4406,3855,21,-67.0,East 1,4.4535675048828125,4.117518901824951,1.8414595127105715,7.615471930738106,0.0,0.027277816025063455,-0.7734172363280268,33.84258270263672,96.5790557861328
2002_39,1456294,475018,1128170,57,-85.0,West,29.525192260742188,11.79958724975586,7.982833862304687,6.423303169982599,0.0002541064064445592,1.8570172404097367,-0.9554407593279888,29.402986526489254,320.9930419921875
2002_40,1353927,55021,82532,36,-74.0,West,17.451980590820312,14.199540138244627,9.387977600097656,6.104201887123924,0.0001041957279087222,0.3000904288638554,-0.6326834384528157,33.790531158447266,264.8179626464844
2002_41,2370903,731376,1462753,48,-85.0,West,36.72657775878906,14.136096000671388,10.02650260925293,3.425352638939726,0.004054945143536913,2.1352662965098292,-0.8973678483415145,32.62999725341797,332.9205322265625
2002_42,1664498,7593,34169,108,-77.0,West,20.96173095703125,9.438995361328123,6.69534969329834,4.68329134067361,0.0,0.12954215608350161,-1.1502056975481254,32.308311462402344,188.180908203125
2002_43,1538664,438998,384123,21,-85.0,West,27.270278930664062,7.765124797821045,5.520999908447266,3.291930109611699,0.0,0.7001406789158272,-0.6520966821450844,25.66834259033203,128.19155883789062
2002_44,3183701,933288,2099899,54,-85.0,East 1,33.66337585449219,9.30832290649414,7.07691764831543,3.9459345484247126,0.0,1.5597413707388623,-0.5925885066546475,35.93488693237305,206.83892822265625
2002_45,2638517,246381,400369,39,-78.0,West,22.444808959960938,12.811301231384276,9.124471664428713,4.1968502084553725,0.010132556796772888,0.838804307387434,-0.714085098555774,35.260536193847656,296.5105285644531
2002_46,727887,172891,43222,6,-77.0,West,24.703933715820312,13.268165588378906,8.688739776611328,2.8949311894382137,0.011652461278280552,0.3519771128615085,-0.7347830286332817,25.021360397338867,264.7406921386719
2002_48,1583921,272411,783181,69,-85.0,West,24.113021850585938,11.671696662902832,7.877489566802978,5.280770429424768,0.0,1.1497878712815166,-0.5630694824026021,32.554649353027344,221.4161529541016
2002_50,2706907,29532,107054,87,-84.0,East 2,12.265655517578123,4.438921451568604,3.054896831512451,7.152680446889225,0.0,0.030523197690869763,-0.1891640384445649,36.87735366821289,27.03916549682617
2002_51,1558853,746413,933016,30,-85.0,East 1,19.11103820800781,7.048434734344482,4.265565872192383,5.6899132189464,0.0,0.4577075793632827,-0.5121009314293016,26.96902656555176,125.68560791015624
2002_52,1170653,221989,110994,12,-72.5,East 2,12.279022216796877,8.333149909973145,5.101262092590332,6.054288614221291,0.0,0.15377601907011515,-0.6027347882615555,24.735157012939453,128.52117919921875
2002_54,523848,126039,15754,3,-71.0,East 2,13.691741943359377,5.889848232269287,3.1799144744873047,8.472230569900683,0.0,0.15663820067920267,-0.4378839759420337,23.69894790649414,87.19570922851562
2002_55,1138275,291681,364601,30,-85.0,East 2,27.612228393554688,10.039715766906738,7.898068904876709,3.1721003439249187,0.0,0.4209532926616624,-0.1249033867104436,20.08140182495117,217.2073516845703
2002_57,2435000,224998,674994,72,-79.5,East 2,19.410140991210938,9.421308517456056,7.283807754516602,5.805813412804478,0.0,0.458494532552287,-0.3738837547618786,37.88334655761719,173.29067993164062
2002_59,577277,470662,117665,6,-85.0,East 2,8.248367309570312,4.742847919464111,1.6233768463134766,3.1484060954459485,0.0,0.03593041601816941,-0.132539639928025,12.010578155517578,29.16454315185547
2002_60,1707330,670151,335075,12,-85.0,East 2,9.179702758789062,7.536101818084717,4.432178020477295,4.127082732895642,0.0,0.13285747194789857,-0.1432554192092218,19.788787841796875,64.4506607055664
2002_61,2017112,21779,57170,63,-68.5,East 2,4.07989501953125,14.023171424865724,7.724413394927978,5.376437736946413,0.0,0.5214250379140412,-0.7752805725130686,23.907665252685547,274.727294921875
2002_62,1701807,609254,380783,15,-84.0,East 2,9.141708374023438,11.89669704437256,7.124802112579346,5.1832629812369575,7.878832942755571e-05,0.227734372459083,-0.1523007961122671,19.34432601928711,112.8867645263672
2002_65,2486642,583945,1532855,63,-81.5,East 1,11.133224487304688,13.816609382629396,8.362495422363281,5.175470326635431,0.003831358375290538,0.8265496424660861,-0.314369074563247,28.183725357055664,245.4969787597656
2002_66,1882741,385397,385397,24,-72.5,East 2,9.856002807617188,14.301798820495604,8.003040313720703,5.973568353599273,0.0004289499634887175,0.7328471717900001,-0.8352623341176116,21.557735443115234,285.114501953125
2002_67,2097063,230770,375001,39,-79.5,West,13.07550048828125,16.96661949157715,9.858768463134766,3.887547531653428,0.11291274838805901,0.9325406631906756,-0.15105801820755,28.60845947265625,437.49853515625
2003_2,1107026,129662,32415,6,-79.0,West,9.008544921875,10.338513374328612,4.883589267730713,2.249318543538853,2.875025244539514e-07,0.0451608202698557,-0.0991992962402021,20.78584861755371,95.26837158203124
2003_3,2377941,115411,360660,75,-83.0,West,7.368865966796875,15.74468994140625,9.250645637512209,5.707218150963604,0.021834593290793767,0.222260292456963,-0.2800667402389983,32.265968322753906,351.5083923339844
2003_4,2356235,342299,941324,66,-78.0,East 2,7.3964691162109375,19.37150001525879,12.307161331176758,5.014472133908936,0.017312457615664405,1.449140029390408,-0.252116824189822,33.54732131958008,315.4143371582031
2003_6,1163297,88781,188661,51,-78.0,East 1,10.87139892578125,11.864424705505373,5.866595268249512,4.8087589316179775,0.0033360012199630975,0.3349409270345189,-0.6825571588552056,30.30546760559082,166.5877685546875
2003_7,773363,105591,13198,3,-72.5,West,5.283905029296875,14.805892944335938,6.946555614471436,4.742215433357095,0.012554708887091776,0.2157146132998405,-0.5744587550687853,29.97515106201172,379.822265625
2003_8,2655575,891358,2896915,78,-85.0,East 1,16.88055419921875,14.863862991333008,9.479843139648438,5.251773893448019,0.000957072188498418,2.245312216141018,-0.3522176540153132,23.8800048828125,422.8277587890625
2003_10,3132737,167382,439379,63,-82.5,West,22.803466796875,16.539548873901367,11.486371994018556,6.1276268066659085,2.8496460981743075e-06,0.9326755981493182,-0.3353718548000175,33.19430160522461,266.9554443359375
2003_11,1800953,26856,70498,63,-71.5,East 2,12.981033325195312,13.645498275756836,8.917848587036133,7.874817457258749,0.0,0.39086944394149703,-0.812861680984497,29.34019088745117,180.11355590820312
2003_12,179947,107920,40470,9,-73.5,East 1,18.059646606445312,7.693859100341797,4.757660865783691,3.5997682221004483,0.0,0.05794398669576525,-0.5681095889499567,16.5015811920166,125.21820068359376
2003_13,2366113,100091,150137,36,-78.5,East 1,7.46673583984375,8.787232398986816,4.213927268981934,5.847381576588298,0.0,0.32310193185131003,-0.5351954365449937,36.95577621459961,168.81231689453125
2003_14,1477840,3063,2680,21,-67.0,East 2,4.107757568359375,9.454832077026367,5.433574676513672,7.126255627105896,0.0,0.04400845552438446,-0.7163813180262897,24.52766990661621,136.72640991210938
2003_16,1527825,516836,581441,27,-80.0,East 2,24.64955139160156,9.041595458984377,5.219478607177734,7.412286389219082,1.8193411632800007e-05,0.8607870501563076,-0.6148676418412832,34.46427917480469,160.73292541503906
2003_18,840851,663922,82990,3,-85.0,West,16.62359619140625,10.453450202941896,5.395212173461914,3.5710611177485085,2.064765715924485e-06,0.2918585335297912,-0.4119030996152383,23.679044723510746,178.59449768066406
2003_19,2522734,191383,382766,48,-83.5,West,14.692657470703123,23.84345054626465,18.518741607666016,5.068469319172101,0.009639625899364176,1.255264724562314,-0.4412472013094543,40.20099639892578,391.38775634765625
2003_20,2430547,135346,135346,24,-72.5,East 1,15.872909545898438,8.831412315368652,5.841798782348633,7.183514576974265,0.0,0.5619219041728728,-1.0388460659554453,37.92190933227539,210.57774353027344
2003_21,1819268,55224,103546,45,-78.0,East 2,10.094680786132812,5.8047614097595215,3.0727250576019287,5.526488939976655,0.0,0.15584205537886553,-0.3048958144062711,34.750335693359375,99.0061492919922
2003_24,2051821,240006,270007,27,-73.5,East 2,19.88525390625,10.744168281555176,7.126368999481201,5.288436496468211,2.2524496901357653e-07,0.8707267248533248,-0.4442575386736037,49.8066520690918,290.9726257324219
2003_25,1865878,9318,9318,24,-71.5,East 1,9.27618408203125,10.124773025512695,6.885808944702148,5.912353538679162,0.0,0.07592353112338755,-1.154194230218808,28.23701858520508,130.44949340820312
2003_26,1827940,59181,155350,63,-73.5,East 1,16.421340942382812,7.289505481719971,4.55484676361084,7.96647696856082,0.0,0.4502475217184457,-0.8903994754978273,45.55323028564453,155.488037109375
2003_27,1979490,28250,24719,21,-68.5,East 1,8.10809326171875,6.953936100006104,4.0344343185424805,5.380777191336164,0.0,0.0666415857397563,-0.4112205001489773,31.007617950439453,129.2042999267578
2003_28,1191946,224296,140185,15,-79.0,West,24.862106323242188,12.117668151855469,8.070337295532227,2.886767182086863,0.0,0.43023068575744944,-0.7672340978518508,25.724092483520508,285.4205322265625
2003_29,987591,2769,346,3,-69.0,East 1,13.69708251953125,5.475634574890137,3.051626920700073,6.252443657754595,0.0,0.004146618355331748,-1.5163202285766595,25.873598098754883,64.1124267578125
2003_30,1179086,161104,241657,36,-74.5,East 1,13.571441650390623,7.359615325927734,4.729679107666016,7.295617259307005,0.0,0.40873049647955295,-0.8319842251241051,34.05369186401367,180.7869110107422
2003_31,1336285,152099,171111,27,-73.5,East 1,16.85040283203125,6.5021071434021,4.351395606994629,5.982297549880283,0.0,0.47490896943590655,-0.6859606504440308,25.73091125488281,150.65158081054688
2003_33,779602,412714,154767,9,-76.5,East 2,22.052078247070312,8.643671989440918,5.766962051391602,4.868055911615877,4.5085581850303553e-07,0.3303488306193733,-0.7923436919370657,25.951261520385746,170.28762817382812
2003_34,668943,21775,2721,3,-78.0,West,22.8948974609375,3.741524457931519,1.6660277843475342,4.099308700566441,0.0,0.008224649349988506,-0.2563755048819209,24.19769859313965,52.45181655883789
2003_35,1626238,72923,136731,45,-71.5,East 1,15.10357666015625,9.163973808288574,6.765308856964111,4.755406568533912,0.0,0.4380000191529873,-0.849053789424461,33.43577575683594,208.68228149414065
2003_36,1405708,35688,71377,48,-77.5,East 2,15.793594360351562,4.880188941955566,3.1402573585510254,8.583642082321354,0.0,0.10530457077360875,-0.4211605226642841,33.33293533325195,69.39419555664062
2003_37,1736931,16317,28554,42,-71.5,West,15.802490234375,15.406947135925291,10.631769180297852,6.233967933693465,0.004021605566460085,0.2509845968999567,-0.5965919615587647,35.56753158569336,276.60308837890625
2003_38,3313543,526825,1646329,75,-85.0,East 1,20.26777648925781,7.489990711212158,5.416156768798828,6.993902404098799,0.0,1.4322522097987385,-0.7747737309654764,36.44453811645508,214.8286590576172
2003_39,1107190,96108,96108,24,-81.5,West,19.29512023925781,10.586688995361328,5.831293106079102,6.039291289480483,1.2141687097268722e-08,0.1476249809141593,-0.5271143507373163,23.950733184814453,212.931884765625
2003_40,1936468,16392,38932,57,-69.5,East 1,12.208541870117188,7.102709770202637,4.992383003234863,5.449975421457268,0.0,0.10482831840328267,-0.9384569974893392,29.975244522094727,136.73135375976562
2003_42,2474065,346291,1082162,75,-79.5,East 2,33.15447998046875,11.993586540222168,9.400794982910156,7.984879895804324,0.00023177962041031922,1.1262814211278611,-0.8844165736619495,38.52842330932617,330.891845703125
2003_44,1142102,22041,2755,3,-77.0,East 2,-0.942840576171875,2.53745698928833,1.342604160308838,8.58317962333614,0.0,0.004526567176069754,-0.6740480832191156,22.83082771301269,37.64580535888672
2003_45,1207007,173859,130394,18,-82.0,East 1,13.470108032226562,5.839184761047363,3.6145334243774414,4.791828923578344,0.0,0.23347314839258373,-0.6987536944250432,31.07638359069824,129.95062255859375
2003_46,1504982,130556,114236,21,-80.5,East 1,20.638092041015625,7.350711822509766,5.243510246276856,5.603148058989621,0.0,0.2774113696236795,-0.5338021420049982,44.02068710327149,125.13314819335938
2003_47,1100643,99467,37300,9,-78.0,West,23.20521545410156,8.770060539245605,5.229370594024658,4.646026873999838,0.0,0.26913584903166565,-1.1123737157091431,37.38486862182617,185.9818115234375
2003_48,1659486,6264,16443,63,-74.0,West,15.169189453125,10.606575012207031,6.468913555145264,5.115988188696174,0.0024596053148758404,0.1503751693802379,-0.9839448034763336,39.30679321289063,226.5875396728516
2003_49,2035116,31617,63235,48,-72.0,East 2,8.427001953125,7.296819686889648,4.282933235168457,8.07990683489562,0.0,0.1664185551636373,-0.750307321548462,26.62623786926269,138.95387268066406
2003_50,655927,40974,20487,12,-80.0,East 2,10.521743774414062,2.0593624114990234,0.6753376722335815,7.773808679036352,0.0,0.052422217285821256,-0.2844293497678156,28.94942855834961,25.77723693847656
2003_51,1880848,190216,118885,15,-85.0,East 2,15.206497192382812,5.845033168792725,3.910414695739746,7.192844966115048,0.0,0.07665519850619144,-0.2149430780083581,38.9282341003418,103.79519653320312
2003_52,1310551,35051,30670,21,-69.5,East 2,9.076690673828123,7.0452141761779785,4.26796293258667,8.833493683744233,0.0,0.2181032891497939,-1.0330065984871093,31.415306091308597,169.02378845214844
2003_53,1322805,436718,818847,45,-82.5,East 2,26.778350830078125,10.083081245422363,7.331986904144287,7.794340280980862,0.0,1.0868166774906056,-0.7296657287538715,33.67460632324219,175.23275756835938
2003_54,477221,14697,3674,6,-67.0,East 1,-0.572540283203125,3.00871205329895,1.0288881063461304,8.192498757929947,0.0,0.019693075900167736,-0.4305666742999252,28.340633392333984,46.86238861083984
2003_55,1289557,215407,430815,48,-81.0,West,24.62788391113281,10.747445106506348,6.951066017150879,7.627089961272627,0.002224287059310909,1.3741158226684556,-1.1022864464167312,37.634239196777344,286.4753112792969
2003_56,1155233,621113,232917,9,-75.0,East 2,17.308212280273438,10.627437591552734,7.546286582946777,6.675757195774178,0.0,0.5343685880140253,-0.6356398660075591,23.669652938842773,197.1331024169922
2003_57,1256215,73969,64722,21,-79.5,West,24.44540405273437,14.35873794555664,9.714143753051758,2.4720257879778464,0.0025349815457494326,0.3219082312926157,-0.96319086546693,23.872398376464844,269.91473388671875
2003_58,966412,1981,743,9,-67.5,West,13.33685302734375,10.650550842285156,6.226025581359863,5.57120281584388,3.7482413806916186e-06,0.010820584592766053,-0.4120793074664323,25.43093490600586,216.52793884277344
2003_59,853297,837,837,24,-79.0,East 2,19.017791748046875,5.615285396575928,3.9777603149414062,5.979662220419844,0.0,0.0019712883323211882,-0.1924528548374367,29.3557186126709,47.50648498535156
2003_60,2255126,334097,1378152,99,-85.0,East 1,32.02952575683594,10.147608757019045,7.63093376159668,3.952069479551444,0.0,1.0438423753699495,-0.9097759127616882,37.26493453979492,191.5499725341797
2003_61,2646108,59499,118998,48,-80.5,West,15.39739990234375,9.416582107543944,6.222629547119141,4.780855653677932,0.0,0.4958904504218447,-0.8994874231928224,33.89119338989258,214.62179565429688
2003_62,1688921,242044,393322,39,-85.0,West,22.57318115234375,10.29572582244873,6.832706451416016,3.915368186279645,0.0,0.8720279066811828,-0.4763764641694613,38.2680892944336,199.2021484375
2003_63,1285964,32083,24062,18,-68.0,East 2,6.782638549804688,5.420349597930908,2.011120319366455,9.344791767151392,0.0,0.11462588211924463,-0.8986123279372646,35.52265167236328,112.7293701171875
2003_65,2712740,609317,1599457,63,-85.0,East 1,20.286941528320312,11.430231094360352,8.649405479431152,7.008148415263388,0.0,1.5921093264786381,-0.5182628631591797,27.12203025817871,233.8764190673828
2003_66,1017345,13120,8200,15,-67.0,East 2,9.203460693359377,10.399073600769045,5.722861289978027,6.712315347660827,0.00046450126596644047,0.051456475918087975,-0.4297376498751117,25.75591278076172,117.84930419921876
2003_67,1099710,39089,29316,18,-71.0,East 2,7.2336273193359375,10.32853889465332,4.6132659912109375,5.395457808757329,0.001254760076682073,0.16814705198789995,-0.6383461093301519,24.66727638244629,136.1931610107422
2003_68,1853256,1897,5455,69,-72.0,East 1,2.716278076171875,9.239716529846191,3.595831871032715,5.685901956599345,0.0,0.03323859337574424,-0.3806337287101543,37.85259246826172,159.95880126953125
2003_69,1290112,596130,596130,24,-84.0,West,9.99090576171875,14.227568626403809,7.288296699523926,5.401295026065564,0.00912487976253216,0.9288921539134599,-0.6717183342607578,24.5134220123291,315.8023376464844
2004_1,2307243,483,907,45,-73.0,East 2,3.809722900390625,8.887933731079102,4.613014221191406,8.258122879763018,1.410228324438e-17,0.02318773279769988,-0.48175709471812,40.38652801513672,42.42535400390625
2004_2,2391548,754852,2170201,69,-85.0,East 1,8.740463256835938,14.370403289794922,8.446441650390625,4.484209674694968,0.014382191438917126,1.3203163418855648,-0.4440162129716816,32.066261291503906,278.8291931152344
2004_3,1365008,6031,9046,36,-70.5,East 2,0.6748046875,10.790024757385254,4.379185676574707,4.472022577760386,0.0,0.04081183772517103,-0.374750941991806,33.80396270751953,101.70073699951172
2004_4,1495079,171,192,27,-66.5,East 2,-0.315826416015625,10.238151550292969,4.445501804351807,3.840921454253581,0.0,0.004083863794098069,-0.3747564256191253,27.95928192138672,85.7895736694336
2004_5,1016094,29409,14704,12,-67.5,West,5.83062744140625,19.247753143310547,10.54831600189209,3.8677955882920942,0.010030115189149678,0.015504924781872778,-0.2734356539782182,22.373973846435547,318.3764343261719
2004_6,1374259,190276,142707,18,-70.0,East 2,4.3257598876953125,13.252071380615234,6.661086559295654,6.514847152972056,0.0003948338312189151,0.45324764962263964,-0.7588406210917475,23.378854751586918,177.7226104736328
2004_7,1363162,1014337,253584,6,-83.0,East 1,17.374801635742188,12.298338890075684,7.323398590087891,5.252998377212755,2.5609591126947072e-05,0.5006919938178244,-0.3243898223520303,21.61547470092773,179.6964111328125
2004_9,1259673,624682,858938,33,-85.0,East 1,13.737289428710938,16.562044143676758,10.844571113586426,3.223172427365514,0.0016337617686705329,0.96140997841167,-0.5815772835556822,24.89876365661621,332.47625732421875
2004_10,1686424,8702,11965,33,-76.5,East 2,10.874679565429688,6.080123901367188,3.0675199031829834,6.060867260857416,0.0,0.024962308976679583,-0.1013358148606485,32.51320266723633,37.99726867675781
2004_11,1071001,264501,66125,6,-77.5,East 1,12.51910400390625,9.63435173034668,3.765079498291016,5.305205459428856,0.0,0.4020782770295412,-0.4811998762545388,23.112144470214844,139.63455200195312
2004_12,1424597,9746,9746,24,-69.5,East 1,1.33477783203125,5.273395538330078,2.5006086826324463,5.46782299264372,0.0,0.025556458593100365,-0.1397134309465236,28.71932411193848,44.50189971923828
2004_13,2075736,193033,434325,54,-82.5,West,22.14337158203125,22.71296501159668,15.759147644042969,5.995401780599557,0.03434271446171977,1.4951162413407566,-0.3774855136871338,29.514678955078125,416.7263793945313
2004_14,578163,202797,50699,6,-70.0,East 1,9.041488647460938,9.49936294555664,5.394724845886231,5.313828698336367,0.0,0.18289753581592408,-0.7664934253736997,22.63473320007324,201.4181060791016
2004_16,1398711,4771,3578,18,-71.0,East 1,3.60589599609375,8.356546401977539,3.2303719520568848,6.878823995550668,0.0,0.028037616334160072,-0.4207699699926764,29.36010360717773,109.42662811279295
2004_17,1225911,68761,111737,39,-80.0,West,13.942977905273438,16.527921676635742,11.70700740814209,3.0191890248901228,0.00032494291875471667,0.40184366092527996,-0.4455905556139342,28.6652889251709,260.6151123046875
2004_18,1500198,278731,418096,36,-77.0,East 2,15.200576782226562,14.300716400146484,9.864397048950195,7.721442400379753,0.0,0.9615060444160666,-0.8416895169906277,27.783740997314453,256.3400573730469
2004_20,2497610,753513,1977973,63,-82.0,East 2,30.8385009765625,15.297590255737305,11.943532943725586,5.780041219210323,0.0007508929174042422,1.626166547065692,-1.0651360525513038,42.17097091674805,388.4524841308594
2004_21,963318,193314,72492,9,-72.5,East 2,9.530792236328123,9.850244522094728,5.85097599029541,7.007650923761387,0.0,0.2186602335372145,-0.5575977367397013,34.04900360107422,140.27899169921875
2004_22,1737388,57676,79304,33,-71.5,West,13.010101318359377,16.888050079345703,10.239463806152344,6.005804059097611,0.014648777793171738,0.29593982922600076,-0.8105831739734949,29.41512680053711,401.4252624511719
2004_23,2635574,66043,148598,54,-84.0,West,18.61688232421875,14.134318351745604,9.076080322265623,6.069955770480027,0.000351601282806422,0.5803185359660683,-0.2782749533653258,37.95782852172852,274.9233703613281
2004_25,1091561,47293,23646,12,-71.5,East 2,10.68145751953125,9.349348068237305,6.598625659942627,4.451849912928116,0.0,0.14237581657924547,-0.4879184257308521,29.47161674499512,107.66854095458984
2004_26,2031176,661709,1736988,63,-85.0,West,23.735122680664062,15.89660358428955,11.055303573608398,6.445945313876723,0.006647790816594885,2.574741450131556,-1.0100218351804635,38.11613082885742,482.0881652832031
2004_27,1088539,478719,179519,9,-80.0,West,28.17964172363281,13.80613613128662,8.135993957519531,2.4484279631802064,0.0017715310201915611,0.797171572647115,-0.890600613013792,26.58341217041016,292.44921875
2004_28,967449,436657,109164,6,-80.0,West,22.29135131835937,14.686291694641112,8.976364135742188,6.005882062561387,0.0009799053225874395,0.4101258205002625,-0.9387338102191518,39.31896209716797,290.225341796875
2004_30,1619017,92238,115297,30,-80.0,East 2,18.514450073242188,4.799037933349609,2.8431918621063232,7.525378648140649,0.0,0.11219445852546675,-0.4053985618259261,37.576942443847656,51.71360778808594
2004_31,1613046,2870,3587,30,-65.0,West,11.225250244140623,13.18209457397461,8.07524299621582,6.363467984832207,9.364780980778273e-05,0.012980597532081068,-0.5652859319399468,36.652740478515625,190.09495544433597
2004_32,1009703,128,209,39,-77.5,East 2,10.251083374023438,5.429792404174805,3.095031976699829,5.907993339207091,0.0,0.000895412965114936,-0.5620897710323343,25.225284576416016,99.34609985351562
2004_33,1492299,435866,381382,21,-74.5,East 2,21.69374084472656,11.343854904174805,8.532291412353516,6.457760490100967,0.0,1.0935463539639734,-0.5862548351270357,31.88343048095703,297.420166015625
2004_34,1556221,879138,329676,9,-75.5,East 2,25.87664794921875,12.358793258666992,9.450298309326172,4.2631066830272415,0.0,1.029511998170564,-0.6680115907197924,28.80907821655273,311.2354431152344
2004_35,601312,38208,9552,6,-78.0,West,23.2607421875,9.058598518371582,5.0541839599609375,3.7761455174235343,0.0,0.041237938290239376,-0.4370923485187403,25.00955581665039,167.41403198242188
2004_36,1732072,37416,93542,60,-77.0,East 2,17.793685913085938,5.693649768829346,3.871049165725708,9.8817712994725,0.0,0.13733191693915228,-0.6109181918214969,34.754390716552734,66.33680725097656
2004_38,744361,13942,1742,3,-74.0,West,5.062179565429688,6.915886402130127,3.74913477897644,6.810696219434256,0.0,0.015174297085302936,-0.9657006750896832,23.125885009765625,127.7906494140625
2004_39,2400170,161154,725196,108,-81.0,West,24.23297119140625,16.366241455078125,11.591064453125,4.8476930159443885,0.007952410227318714,1.7885631416256655,-1.137933732707457,36.16936111450195,342.0219116210937
2004_41,1528620,38147,33378,21,-74.5,West,14.231353759765623,10.761552810668944,6.996158599853516,7.114888408980376,0.0,0.09232174308904038,-0.7856215871049806,35.833152770996094,267.7165832519531
2004_42,2302633,794840,1490325,45,-85.0,East 2,22.965087890625,9.765518188476562,6.833511352539063,6.680243136117295,1.4346504891553712e-05,1.4479825177635433,-0.6750665665779388,36.492164611816406,232.4544982910156
2004_43,1557339,93698,117123,30,-80.0,West,21.15899658203125,9.986754417419434,7.16588306427002,3.0767379879491457,0.0,0.35752542411425403,-0.5873733670319636,29.435585021972656,174.5006866455078
2004_44,1506404,406866,661157,39,-75.0,East 2,22.292221069335938,7.475519180297852,4.776177883148193,13.001253878771047,0.0,1.4291553217411954,-0.4426591830335487,33.14624786376953,220.1913604736328
2004_45,2345248,74662,130660,42,-82.0,West,27.05775451660156,7.474637031555176,5.57017993927002,7.0248260974366445,0.0,0.31430149587087786,-0.8357376211846302,38.89346694946289,240.90907287597656
2004_46,2095562,685888,1371777,48,-79.0,East 2,28.21875,11.023103713989258,8.784998893737793,6.852488523540976,0.0,1.2633437284591988,-0.6412971530641828,40.96250915527344,224.84124755859372
2004_47,1689464,464640,755041,39,-81.0,East 2,31.87945556640625,10.614090919494627,7.8317365646362305,5.706469215275878,7.924058670626268e-11,1.2572808939261944,-1.0277996600201167,27.637353897094727,307.7786865234375
2004_48,2260859,36742,119413,78,-83.0,West,25.966598510742188,11.981066703796388,6.495875358581543,6.076541694736863,4.222051836719673e-05,0.19611987925885224,-0.3900957947306413,35.99739456176758,217.45169067382807
2004_50,1699369,41987,52484,30,-79.0,West,23.263885498046875,12.125069618225098,6.652848243713379,7.951835558339157,0.00014633671430409244,0.096075527388427,-0.5472531963155409,34.4008674621582,295.3314514160156
2004_51,1118316,199426,24928,3,-74.0,West,11.3505859375,13.98386573791504,7.974554538726807,9.723712896383992,0.0012467852754124513,0.19994777577515482,-0.6546529952849716,22.64716148376465,231.76119995117188
2004_52,3020066,300392,563236,45,-83.0,West,23.05039978027344,13.636420249938965,8.418956756591797,6.287296958914708,0.009399741131300913,1.1013655368983097,-0.7519597438634744,26.54904556274414,265.4344787597656
2004_54,1507029,1724,215,3,-67.5,West,3.820556640625,10.147808074951172,4.13849687576294,4.793993526816989,0.0,0.0006134172899074428,-0.1964113712310791,30.32450485229492,180.5427703857422
2004_55,1248128,347498,260623,18,-72.5,East 1,14.646926879882812,7.456099033355713,4.833182334899902,5.977169034886252,0.0,0.3457672817886037,-0.5819068044737239,33.82941818237305,118.65577697753906
2004_56,1953211,50565,113771,54,-80.5,West,13.102294921875,10.21854305267334,5.207320213317871,5.710057632532512,0.0,0.4759869020267165,-0.3306529589722364,24.68610572814941,178.55393981933594
2004_57,2693169,105507,131883,30,-73.0,East 2,13.565185546875,10.242995262145996,6.72010612487793,8.527354888747,0.0,0.5630799086046406,-0.4935289102439991,33.938804626464844,247.6822052001953
2004_58,2399980,837278,2511834,72,-85.0,West,18.627227783203125,16.360248565673828,10.668540954589844,4.509963860971621,0.058184861475757764,3.30116725964807,-0.6384965619368079,29.86216735839844,406.5248718261719
2004_60,1462592,204125,25515,3,-71.5,West,9.126129150390623,17.022199630737305,10.193357467651367,9.305202620268089,0.0024833564221200186,0.20056750792414657,-0.751859836887522,23.84939956665039,248.2762908935547
2004_62,2386415,1752,9202,126,-76.5,West,2.68878173828125,9.424652099609377,5.256331920623779,5.135359896230356,0.0,0.08868869557927775,-0.6939042107850335,27.8841495513916,130.1432342529297
2004_63,2435838,9297,15107,39,-73.0,West,8.859405517578125,16.814931869506836,9.086427688598633,5.561756726127876,0.0014354232744810268,0.06906155208904652,-0.497480206648697,25.173768997192383,318.4560546875
2004_64,1767324,789873,888607,27,-79.0,East 2,11.583160400390623,12.790193557739258,7.094954490661621,6.4012710521118485,7.435204235001099e-05,0.6254386725107622,-0.2539653156438937,30.934085845947266,174.49391174316406
2004_65,1035904,151198,94499,15,-70.0,East 2,6.110260009765625,11.803899765014648,6.59114933013916,6.477029719782678,0.015467754524004089,0.39010533420565163,-0.3136576666955614,20.172740936279297,172.99497985839844
2004_66,1944617,19507,19507,24,-68.0,East 2,5.2350006103515625,12.219446182250977,5.924746513366699,7.530038687639622,0.00047454159483427535,0.16457990930132554,-0.4921301707127437,27.38494300842285,150.628173828125
2004_67,951614,107219,40207,9,-68.0,East 2,4.209197998046875,11.502023696899414,5.797704696655273,4.671265511881768,0.002179474831735348,0.2075900764222856,-0.4441147191718743,29.348957061767575,137.66815185546875
2005_1,1589911,56137,175430,75,-74.0,West,6.30706787109375,19.134469985961918,10.435032844543455,3.438417197356024,0.03990616573917611,0.32993825058784254,-0.6458233839172796,25.10178565979004,369.7416076660156
2005_2,2070535,481679,1023569,51,-85.0,West,13.480194091796877,18.72090530395508,12.268105506896973,4.659130012903261,0.03355393934800993,0.7412777897018668,-0.4171994452218454,26.7901668548584,502.48681640625
2005_3,996807,5454,681,3,-74.5,East 1,1.681243896484375,12.96714687347412,6.546916961669922,5.564342639292463,0.0,0.00661300087139245,-0.265926549947955,20.07452964782715,174.30410766601562
2005_5,1337527,798186,299319,9,-85.0,East 1,10.701889038085938,11.107505798339844,5.33517599105835,2.913922302720782,0.00021002277747887352,0.10821037877872156,-0.2580719372339422,19.975830078125,147.06253051757812
2005_7,2137980,100775,377908,90,-79.0,East 1,9.215347290039062,14.727516174316406,8.39579963684082,6.644545179260226,0.0005226306822014421,1.097540223852606,-0.2840071701237414,31.70265388488769,280.18389892578125
2005_8,2463611,16676,37521,54,-79.5,West,4.44976806640625,15.735045433044434,8.597844123840332,5.235076180949011,3.6467450113831343e-06,0.18117586154696255,-0.1652395129203796,23.789941787719727,185.70469665527344
2005_11,1414024,163686,102304,15,-75.0,East 1,7.85516357421875,11.915632247924805,5.750191688537598,4.361466946970707,0.0,0.264000640230566,-0.6589903035331623,28.88951873779297,118.01541137695312
2005_13,1968432,500857,1001715,48,-80.5,East 1,10.834579467773438,14.541956901550291,9.586681365966797,5.253897434198168,0.0017789203105070758,1.478233404068182,-0.6191408832867955,29.87274742126465,472.5276489257813
2005_14,2856785,674839,1687099,60,-78.0,East 2,21.84356689453125,14.488730430603027,9.76108169555664,4.839790650054834,0.009248615364648244,1.4722928345881836,-0.5252904100004525,31.420373916625977,286.84356689453125
2005_15,1045141,225507,112753,12,-72.0,East 1,13.085250854492188,13.028261184692385,8.43131160736084,4.296718750414747,0.0,0.5040929246997292,-0.4821303689525848,32.72474670410156,231.6268768310547
2005_16,1919790,73684,110526,36,-81.0,West,11.968231201171877,14.389649391174316,9.33647346496582,4.870396196815127,0.0,0.4696983512184097,-0.5702375493331846,32.84415435791016,243.5498809814453
2005_18,1268584,67166,75562,27,-76.5,West,15.806076049804688,15.738048553466797,8.746795654296875,5.968662665687536,0.009178584437660304,0.411129364657217,-0.286960482597351,39.36008834838867,269.1386413574219
2005_19,1853969,200674,225759,27,-73.0,East 1,10.364212036132812,13.310184478759766,8.925202369689941,6.192417729976629,5.9761096379331435e-05,0.5584838475490064,-0.6867550178186873,35.92042922973633,317.0212097167969
2005_20,898526,773669,96708,3,-77.5,East 2,14.773452758789062,15.594026565551758,10.650632858276367,2.7653228706829545,0.0,0.1972497920011024,-0.5859769890616441,14.095779418945312,232.02642822265625
2005_21,1609228,1072,1072,24,-74.5,West,11.029541015625,8.546706199645996,3.612550735473633,4.93050849976663,0.0,0.013865901558266171,-1.2099603414535525,30.260046005249023,209.1118011474609
2005_22,658372,388848,145818,9,-81.5,West,17.145263671875,11.583992004394531,6.451111793518066,2.924262172573024,0.0,0.38819824713780476,-0.7812615473563764,29.667383193969727,309.9888610839844
2005_23,1003156,15712,21604,33,-68.5,East 2,2.7361602783203125,7.373110771179199,3.7836549282073975,5.912167383631478,0.0,0.13394273464241738,-1.08409024782894,34.162574768066406,148.68875122070312
2005_24,2191183,832067,1352110,39,-85.0,East 1,24.24639892578125,10.403494834899902,6.655529499053955,4.048685338913741,0.0,1.0039319744849653,-0.500248267209314,27.63848304748535,262.77642822265625
2005_25,1471246,240657,270739,27,-74.5,East 1,15.312698364257812,7.026257991790772,4.324699878692627,7.404434040453643,0.0,0.46720260332673835,-0.8067190775315407,43.49886322021485,122.25177764892578
2005_26,2750364,527003,856380,39,-85.0,East 2,26.274093627929688,8.893721580505371,6.855639457702637,9.730006105222554,4.871255674646639e-05,0.5883342894370045,-0.4708982895267685,30.80043601989746,173.7665252685547
2005_27,2755703,55007,144394,63,-80.0,East 2,21.93128967285156,5.29316520690918,3.9343936443328857,7.995200566610666,0.0,0.14070735394748002,-0.2147956634756669,36.691741943359375,40.995452880859375
2005_28,188927,13587,6793,12,-72.0,East 2,14.7498779296875,5.519354343414307,3.303635597229004,7.777129121972849,0.0,0.0400717528734577,-0.2600126223729165,24.137062072753903,52.423484802246094
2005_30,1045921,8267,7234,21,-79.5,East 1,22.21421813964844,6.394760608673096,3.8316490650177,4.788829386451489,0.0,0.007333077791273274,-0.2329717253025116,30.693735122680664,132.1028594970703
2005_31,2223195,365360,1461441,96,-85.0,West,27.008056640625,13.60278606414795,10.020256996154783,5.571271376832622,0.00033056440831966724,1.9917173387285825,-0.6357102466490823,32.2896842956543,268.8738098144531
2005_32,1136622,778192,97274,3,-77.0,East 2,18.461639404296875,8.1956787109375,4.995759010314941,5.851974329137693,0.0,0.3748761870351645,-0.4702047331481846,27.06260108947754,153.2135009765625
2005_33,593619,338069,84517,6,-85.0,West,25.35809326171875,8.160099983215332,4.879565238952637,3.0800814567297667,0.0,0.12398511227085889,-0.8418555983280475,24.839082717895508,155.69515991210938
2005_34,2125180,131320,246225,45,-82.5,West,24.276870727539062,11.599541664123535,8.061877250671387,5.534229722303672,0.0,0.4998802602927346,-0.4128953729683166,40.3079948425293,263.17633056640625
2005_35,2135694,175772,241686,33,-83.0,East 2,31.440475463867188,9.066939353942873,6.45966100692749,4.987402302280765,0.0,0.2440998944702883,-0.6206046203114136,30.34525489807129,212.36859130859372
2005_36,1608849,28997,68867,57,-70.0,East 2,12.098114013671877,9.70971965789795,6.440488815307617,6.413122848882612,0.0,0.40550503988407,-0.7392136603612925,28.539566040039062,210.6083526611328
2005_38,1289850,15583,27270,42,-77.0,West,15.6246337890625,9.26050090789795,6.093749046325684,5.775116803772985,0.0,0.14501902248998477,-0.3933995010209989,24.767969131469727,170.81735229492188
2005_39,899355,19898,17411,21,-76.5,West,19.258453369140625,11.710920333862305,7.623532772064209,6.548397289059751,1.0294013243808187e-05,0.1348496803689255,-1.01159006357193,27.827341079711918,239.9291076660156
2005_41,2343848,43499,81561,45,-80.0,East 2,20.864730834960938,7.746188640594482,5.718095302581787,8.629662136776949,0.0,0.07757500616081131,-0.2728033983120814,31.86040496826172,117.06671905517578
2005_42,1422910,105251,78938,18,-74.0,East 1,13.095809936523438,6.117055416107178,3.981789588928223,8.07429465366032,0.0,0.2741708848932924,-0.6113747398928531,39.91966247558594,114.82472229003906
2005_43,1317549,541922,203220,9,-80.0,East 2,25.35151672363281,5.31757926940918,3.910833358764648,7.6949650845140996,0.0,0.14955855330321577,-0.2690848307993314,21.643709182739254,59.474212646484375
2005_44,1377129,145483,181854,30,-82.5,East 2,20.73841857910156,6.3581085205078125,4.642057418823242,10.615478677209856,0.0,0.16948894319845023,-0.8736114873395491,25.50703239440918,119.93904113769533
2005_45,999937,280026,140013,12,-72.0,East 2,18.91639709472656,8.395716667175293,5.381830215454102,3.4799702637610723,0.0,0.6090664285196932,-1.211733067333599,34.09168243408203,197.52362060546875
2005_46,1399351,2136,1335,15,-75.0,East 1,7.887619018554687,5.40218448638916,3.130167245864868,3.8743798488891374,0.0,0.011591700910760748,-0.5044352585696316,27.872806549072266,101.91453552246094
2005_47,1465792,75963,104450,33,-83.5,East 1,20.699234008789062,6.249843120574951,4.005718231201172,4.819523644385608,0.0,0.09006065572295739,-0.4240904000060185,35.34857177734375,103.1714096069336
2005_48,1561054,256426,256426,24,-84.5,West,28.034149169921875,11.995857238769531,9.174985885620115,4.9578386348992725,0.0,0.7717933744825429,-0.7149790427546915,25.99396324157715,233.38531494140625
2005_49,2176184,120353,240707,48,-72.0,East 1,15.827774047851562,6.343796730041504,4.304393291473389,7.27230394263428,0.0,0.2437259992409746,-0.603979612194658,40.430660247802734,131.7725067138672
2005_50,902901,32080,16040,12,-76.5,West,17.63055419921875,7.201450824737549,4.380579948425293,4.646735347177603,0.0,0.11727721291193967,-1.191150473339089,26.10578346252441,133.9099578857422
2005_51,1649145,532340,199627,9,-74.0,East 2,12.871322631835938,7.637692928314209,4.8604416847229,11.462395236684772,0.0,0.5008375314940393,-0.8569806815410279,33.110084533691406,184.9351348876953
2005_53,3767694,1269528,4602040,87,-85.0,East 2,31.60752868652344,11.752312660217283,8.865564346313477,8.462282829402206,2.656113785244783e-13,2.512613313053705,-0.4223742485856589,33.91672897338867,220.42446899414065
2005_54,1076247,581006,435755,18,-85.0,West,22.303024291992188,10.179338455200195,7.113768577575684,2.5179235209362814,0.0,0.6023554450381438,-0.6798103049979559,30.18957901000977,264.49090576171875
2005_55,2967885,464372,406326,21,-83.5,East 2,23.245147705078125,8.58891487121582,6.029296875,9.07492813924894,0.0,1.0860153818973717,-1.1113291899724445,29.425655364990234,191.8463592529297
2005_56,2913331,1992797,249099,3,-85.0,East 2,26.78355407714844,6.336589336395264,3.780189275741577,9.137492966799748,0.0,0.6032993308944695,-0.4384407716533989,36.87116241455078,124.9930419921875
2005_57,3067814,1795080,224385,3,-84.5,East 2,24.77095031738281,7.32330846786499,4.766908645629883,8.940724845146024,0.0,0.6924233174730852,-0.4676405862171066,39.48764419555664,157.0352783203125
2005_58,2006151,1935044,241880,3,-85.0,East 2,28.357421875,5.267275810241699,3.280076026916504,6.203399766099737,0.0,0.15244805447049992,-0.168473365068926,20.369895935058597,57.99720764160156
2005_59,2078744,133473,266947,48,-79.0,West,17.824234008789062,12.940068244934082,7.797969341278076,5.13221515005601,0.007318146020438205,0.9957787820413926,-0.9322199736322676,36.73162460327149,288.7357482910156
2005_60,3270136,861668,3446673,96,-85.0,East 2,27.78973388671875,13.731230735778809,10.99077033996582,6.877461975282493,0.001334944827885856,2.3057201766711293,-0.8677842066666335,40.68682861328125,413.15380859375
2005_61,1682514,488668,610835,30,-85.0,East 1,21.079345703125,8.64198112487793,5.568045616149902,4.989106530569437,0.0,0.8316516562096682,-0.8189252238696922,28.05088424682617,272.32232666015625
2005_63,803845,469987,58748,3,-85.0,West,10.481201171875,11.76364040374756,7.265711784362793,3.940837384737352,6.704671338158454e-05,0.4885934017164878,-0.5150450284083472,21.62767601013184,186.31114196777344
2005_65,1394995,89753,22438,6,-68.5,East 2,9.121612548828123,8.881326675415039,5.834110260009766,7.342562383696232,0.0,0.23258922884976582,-0.7496715484119119,24.920448303222656,145.36660766601562
2005_66,1262782,13484,16855,30,-69.5,East 1,9.10955810546875,5.992109298706055,3.5839569568634038,8.664558404708483,0.0,0.07112700426504125,-1.5820514452049097,22.80150413513184,36.28749465942383
2005_67,561830,361848,135693,9,-80.0,West,20.12733459472656,11.344548225402832,6.100522041320801,4.590635813062664,0.0006247522361760299,0.4461610089593504,-0.7602391796398766,27.09783935546875,304.5307006835937
2005_68,2323875,226896,709051,75,-83.5,West,15.344375610351562,14.68068790435791,9.714088439941406,4.365984098080392,0.0028831273110838046,1.553490732366317,-0.6567839990995542,33.376312255859375,259.2491149902344
2005_69,1469353,261387,294061,27,-72.5,East 2,7.0534515380859375,9.357437133789062,5.404210090637207,4.892379191964476,0.0,0.45214948633379465,-0.6277712622255996,20.41588020324707,160.38552856445312
2005_70,1584944,411469,102867,6,-79.5,West,18.102523803710938,15.06113338470459,10.00174045562744,3.65292746932929,0.0021257642821082227,0.6516945049106317,-0.5271193570509904,26.187196731567383,299.5126342773437
2005_71,1446837,199231,49807,6,-71.0,East 2,14.144256591796877,9.23554229736328,4.362170219421387,5.968996558256944,0.0,0.20437093455270258,-0.4280075659918131,38.2309799194336,160.85279846191406
2005_73,32901,3032,379,3,-75.0,West,8.03375244140625,9.477158546447754,5.313686370849609,2.2305651107758653,0.0,0.0012200839853050063,-0.3349977487484342,8.618185043334961,66.23028564453125
2005_74,1928332,573773,1290990,54,-78.0,East 2,18.42127990722656,15.92087459564209,11.967647552490234,5.105355511208326,0.002463341541949154,1.2306893773388146,-0.1729195521464528,41.30543899536133,259.3481750488281
2005_75,760635,581544,72693,3,-83.0,East 1,8.19183349609375,5.684066295623779,2.585366487503052,5.314226980536948,0.0,0.03401196771098845,-0.2693536699637113,15.114267349243164,46.5000114440918
2005_77,1803084,379775,379775,24,-76.0,East 2,8.350341796875,14.659430503845217,8.10390853881836,5.421096252750307,0.03603817387468943,0.6354125806915758,-0.3142361379016797,27.14024353027344,236.67767333984372
2005_78,1219082,688550,86068,3,-84.0,West,4.34381103515625,12.08752727508545,5.528283596038818,4.433663998651006,0.0,0.3565912306884153,-0.394649151788207,17.360828399658203,186.4752349853516
2005_79,3514068,558893,768478,33,-85.0,East 1,11.257781982421877,13.521252632141112,7.877367973327637,3.442599599991231,0.0019224680271940308,0.17431137073164554,-0.1477767591270779,31.11331367492676,290.1703491210937
2005_82,1202432,364788,45598,3,-83.5,West,6.82879638671875,11.654229164123535,5.830236911773682,3.702780162403736,0.0022610393392156203,0.10357125663405253,-0.254293805655588,22.52256202697754,150.8770751953125
2005_84,1684046,587810,881716,36,-84.5,East 2,13.942367553710938,11.242417335510254,7.273934364318848,4.6737579789818335,0.0020549323500594343,0.48462108789901426,-0.0891417167037207,23.51275062561035,106.39515686035156
2006_1,1657552,972670,1094254,27,-85.0,East 1,11.178451538085938,15.02268409729004,8.680370330810547,2.7231966179519262,0.0002310566288645617,1.0860491091753934,-0.5061958132172757,19.7586727142334,264.88525390625
2006_2,1043178,18553,18553,24,-69.5,East 1,4.4002838134765625,10.37210750579834,4.644502639770508,5.554685606614379,0.0017043199057992697,0.15875869277937085,-0.9358972932561443,25.50739288330078,213.9478912353516
2006_3,2544028,226860,708938,75,-78.0,West,11.864837646484377,25.63832092285156,16.990089416503906,3.4773369195260875,0.15514644314054413,1.09467689975363,-0.4869365174612223,23.30479621887207,442.3410034179688
2006_4,2099460,870,1305,36,-68.0,East 2,-0.816741943359375,12.168716430664062,5.2020792961120605,6.262671325059595,0.0,0.015563375106018637,-0.2677980317546156,25.274559020996094,81.8744125366211
2006_5,1643897,220719,469028,51,-81.5,East 1,10.116989135742188,16.502532958984375,10.18122100830078,4.129116284868573,0.000797707933811114,0.7777618507665097,-0.2849559485912323,24.931411743164062,242.816650390625
2006_6,2294290,222469,305895,33,-74.0,East 2,5.849273681640625,16.597545623779297,9.778950691223145,4.946770365799958,0.005093622937995595,0.8169675085707442,-0.5130111118018575,24.512191772460938,349.5272216796875
2006_8,893724,30298,11361,9,-67.5,East 2,2.818359375,10.633183479309082,4.351726055145264,5.323375027417863,0.0,0.1428195850108212,-0.5880263584477698,27.96592903137207,169.3211212158203
2006_9,1521777,296382,370478,30,-85.0,West,21.717544555664062,10.455742835998535,6.015530109405518,4.052275109278875,0.0,0.33919963850349744,-0.2612987364797954,22.719425201416016,157.11280822753906
2006_10,2379835,297786,521126,42,-75.0,East 2,18.244598388671875,16.859821319580078,12.423501968383787,7.847182243859777,4.137808731012283e-06,1.7804635891197242,-0.5762766978222084,40.80296325683594,381.4827575683594
2006_12,1067232,214993,80622,9,-81.0,West,26.46568298339844,11.406292915344238,7.705931663513184,3.354898075054646,0.0,0.24132015753109012,-0.3177722846792469,19.303173065185547,164.8158416748047
2006_14,2007618,68526,111355,39,-82.0,East 1,17.631317138671875,11.916166305541992,7.242106914520264,3.1235338345253614,0.0,0.15323922448791466,-0.1972364396224949,28.327775955200195,184.03579711914065
2006_15,25374,574,215,9,-66.0,West,2.85504150390625,14.881768226623535,6.907012462615967,5.245042646717075,0.00036825018423305923,0.0007752453059037376,-0.4375349581241607,14.769848823547363,224.89862060546875
2006_16,1045888,162327,60872,9,-75.5,East 1,16.741134643554688,8.505173683166504,5.288952827453613,4.598251484824195,0.0,0.12222052458568423,-0.691315511122114,29.03749656677246,93.94548034667967
2006_17,1036714,27957,10484,9,-72.0,West,7.53558349609375,16.16419219970703,8.234796524047852,5.757164462386357,0.0028156942958542383,0.026021988427938722,-0.2796778293655171,21.10486602783203,294.94268798828125
2006_18,2049182,146899,293798,48,-82.0,East 1,20.83941650390625,15.753100395202637,11.095304489135742,4.668747093139952,0.0011286346777534151,0.8740109321627036,-0.696918879436792,22.46302604675293,250.8007049560547
2006_19,2201718,5730,5730,24,-68.0,East 2,9.93035888671875,8.598047256469727,4.644888877868652,7.4760887326401075,0.0,0.043648313696297604,-0.5425146818161011,40.27357864379883,134.87973022460938
2006_20,991867,50504,25252,12,-76.0,West,11.677261352539062,12.010891914367676,6.06788444519043,4.069617566722394,2.399244120977729e-10,0.14818975781430757,-1.430309980249929,26.107934951782227,256.9690246582031
2006_21,1223425,402783,151043,9,-74.0,East 2,12.871124267578123,10.25876235961914,6.230600833892822,7.970566984550493,0.0,0.37282564545917013,-0.956965247493022,29.495943069458008,246.1585693359375
2006_24,1480856,957,1556,39,-66.5,East 1,1.872528076171875,6.201778411865234,3.5217058658599854,8.82988097433062,0.0,0.0070062201963135865,-0.7603101518479153,29.40613174438477,75.3863754272461
2006_25,2194129,268705,705351,63,-79.5,East 2,27.698806762695312,9.261043548583984,7.112770080566406,6.140689917694756,0.0,0.6292261199983974,-0.2116600591083426,35.5820198059082,208.64251708984372
2006_27,1065856,146277,36569,6,-78.0,East 2,10.845993041992188,2.146571636199951,0.8253659009933472,8.968192997136493,0.0,0.02490704467708421,-0.2696470194584922,25.584857940673828,15.821125030517578
2006_28,3738796,194315,607236,75,-82.0,West,21.492111206054688,22.534217834472656,16.389678955078125,5.493478723874929,0.011158110518789824,0.9224181971258056,-0.918876014062379,38.91007232666016,438.9183349609375
2006_29,2789714,312982,1408421,108,-85.0,West,30.137725830078125,13.902422904968262,9.021004676818848,7.0358195487639925,0.005884653295617294,2.8239588513517164,-1.1024214511793813,39.10322570800781,353.9066772460937
2006_30,1955435,113438,354495,75,-81.5,East 1,23.96591186523437,10.167518615722656,7.734063148498535,4.519655783638674,0.0,0.4150347361299458,-0.5145782232284546,41.78671646118164,225.57896423339844
2006_32,1505075,27417,27417,24,-74.5,East 1,9.12548828125,4.714353084564209,2.0009212493896484,6.839715855764868,0.0,0.0967969555073998,-0.6542906325595969,33.776206970214844,79.36763763427734
2006_33,1380270,5058,5058,24,-69.5,East 1,9.02947998046875,6.442292213439941,3.9442973136901855,5.385320820351224,0.0,0.025794712577051068,-1.044941299452925,29.85318374633789,109.45486450195312
2006_34,3066673,268561,1275667,114,-82.0,West,26.006088256835938,17.23515510559082,13.53782081604004,3.636611960331931,0.04492831227976317,2.6804612379403454,-1.0984733383193297,31.24589157104492,484.741943359375
2006_36,2726639,894,2573,69,-77.0,East 1,7.011749267578125,5.837244510650635,3.610348463058472,5.476381541667402,0.0,0.008363959863301374,-0.2778544835248185,31.326854705810547,92.79826354980467
2006_37,3421620,706659,2031645,69,-85.0,West,26.456024169921875,13.713129997253418,9.625741958618164,4.344942427901428,2.2528265785224382e-11,2.5227847514597923,-1.443929195766288,39.07075500488281,416.2801818847656
2006_38,1518311,83200,124800,36,-73.0,East 2,16.540390014648438,8.763672828674316,5.825803756713867,8.383857822331892,0.0,0.6686013540566647,-0.8896446899648712,41.32094955444336,187.50015258789065
2006_39,1044777,466813,350109,18,-84.5,West,21.995361328125,11.739117622375488,7.973723411560059,4.541029191807778,6.62587874871405e-05,0.795133299969232,-0.5619501777136031,30.335693359375,298.686767578125
2006_40,1235683,313620,470430,36,-82.0,East 1,20.10809326171875,9.133853912353516,6.920931816101074,6.61781863616754,0.0,0.8383888664527319,-0.5087906731610288,30.570919036865234,204.84776306152344
2006_41,1669712,380947,857132,54,-85.0,East 1,22.836502075195312,5.753353118896484,3.632359504699707,5.509318869712966,0.0,0.4921353037057381,-0.6748206263069914,40.08196258544922,103.75538635253906
2006_42,1018094,44542,16703,9,-72.5,East 1,14.671157836914062,6.174036026000977,3.961113929748535,7.367473057212107,0.0,0.11481672279733025,-0.4337879608761999,32.52728271484375,127.87371826171876
2006_43,894351,622281,77785,3,-80.0,East 1,18.673507690429688,4.907639026641846,2.6947169303894043,6.469923658491755,0.0,0.10156608769475456,-0.4131505989778305,25.339662551879883,77.05457305908203
2006_44,1311561,3461,3894,27,-66.5,East 1,3.756622314453125,4.804624080657959,2.6942970752716064,6.014530140967507,0.0,0.01372659001616184,-0.2859913249675629,36.750789642333984,61.5827522277832
2006_45,2894662,19641,24551,30,-72.5,East 1,9.550888061523438,5.940950870513916,3.611018657684326,6.44204247501173,0.0,0.09426372124107592,-0.5391665697097703,29.420146942138672,96.19410705566406
2006_47,1463414,418101,679414,39,-85.0,West,28.709304809570312,9.218708038330078,6.268924236297607,5.41318667677967,0.0,0.7802266357929444,-0.3960862540163708,32.58277893066406,178.29615783691406
2006_50,4826406,1139877,3277148,69,-85.0,East 1,20.911849975585938,13.856019020080566,11.061227798461914,5.491474386018544,0.0,2.974102772502546,-0.6817080080509185,36.01219177246094,344.9295654296875
2006_51,784870,345914,86478,6,-76.5,East 2,13.8912353515625,6.113595008850098,3.753952741622925,4.513047854970318,0.0,0.20806092320444794,-0.4425182599818154,26.04583740234375,66.52156829833984
2006_52,1318861,232530,116265,12,-79.0,West,18.1680908203125,12.683316230773926,8.29476261138916,2.9259268254944217,0.0,0.6017430873512943,-0.5537329867573707,22.24250030517578,234.38380432128903
2006_53,2174416,603095,226160,9,-85.0,West,23.32992553710937,13.522811889648438,8.35214614868164,3.790033182777596,0.007335126416826193,0.3471734936511154,-0.4190525403871649,30.596214294433597,248.5438690185547
2006_54,1236606,27865,20899,18,-72.0,West,16.028106689453125,15.583659172058104,10.582185745239258,4.9204107986578585,0.005818870579430043,0.2026112817716964,-0.5373521133080188,27.894405364990234,335.244140625
2006_55,1927279,14149,31836,54,-77.0,West,10.347442626953123,13.742639541625977,7.747925281524658,7.323641830070758,0.0016879389366387517,0.11437985415176748,-0.7067034836167246,34.46901321411133,279.9435119628906
2006_56,3157818,1050282,2100564,48,-82.5,East 2,21.41127014160156,13.74681282043457,10.223923683166504,5.760245163916293,0.0,2.095873528755017,-0.5319806943309723,39.5371322631836,443.87835693359375
2006_57,1600133,275822,517167,45,-82.5,East 1,22.508331298828125,9.663591384887695,6.682413578033447,4.118594598085452,0.0,0.8946059776246957,-0.3239503359491678,29.112882614135746,230.4400787353516
2006_58,1048263,30680,49855,39,-77.5,West,17.405868530273438,11.02125644683838,5.0119452476501465,3.3807876878111074,4.5304980431800875e-05,0.10809417028041418,-0.8922462463378906,25.362285614013672,280.901123046875
2006_59,1505409,423820,158932,9,-77.5,East 2,9.1346435546875,7.805817127227783,4.540641784667969,7.294108874361456,0.0,0.403314986363064,-0.462303696438053,29.332319259643555,111.19731903076172
2006_60,1701898,251247,376871,36,-76.0,East 2,7.312591552734375,12.690956115722656,8.070212364196777,6.657721189536913,0.00020034682927195095,0.9080756293301695,-0.5790425240993501,33.26629638671875,254.05911254882807
2006_62,2435023,12872,20917,39,-69.0,East 2,0.666656494140625,10.87989902496338,5.8294548988342285,6.1624405306659344,0.0,0.1840978383615773,-1.1704766626793246,27.04733657836914,192.81692504882807
2006_63,758847,284228,35528,3,-82.5,West,13.375381469726562,8.558839797973633,4.333977222442627,2.5654121776705945,0.0,0.21243234699020852,-0.6918596194192793,20.25844383239746,154.37673950195312
2006_64,1327525,372020,232513,15,-79.5,East 2,9.525054931640623,10.543426513671877,6.0779876708984375,5.205283888511349,0.0,0.5276520564356652,-1.0787128807000754,24.366832733154297,145.5577850341797
2006_65,1292549,9534,8342,21,-77.0,West,6.71258544921875,8.538000106811523,4.329164505004883,6.410751950679822,0.0,0.04236515755598997,-0.3011404550123276,25.22554397583008,163.37298583984375
2006_66,1440506,98004,159257,39,-73.0,East 1,10.49029541015625,9.486385345458984,5.522686958312988,4.116208764203523,0.00013456841020010764,0.48649796313149063,-0.1676178681538031,31.36011505126953,181.7520751953125
2006_69,1820316,188797,188797,24,-76.5,West,6.045806884765625,15.10610580444336,7.515987873077393,7.338344768439912,0.004750278111423406,0.4936989721522366,-0.5952847713601946,25.0847225189209,293.6134338378906
2006_70,947712,5392,1348,6,-66.5,East 2,0.678955078125,8.206880569458008,3.371490001678467,5.4548605996312975,0.0,0.01700342041893152,-0.6348040827683047,31.95203971862793,108.16738891601562
2007_2,1316933,13517,21966,39,-68.0,East 2,6.389373779296875,12.859999656677246,6.521026134490967,6.190907277694451,0.0007377193350338877,0.0762813068764512,-0.1485583305770976,34.35874557495117,127.15138244628906
2007_3,1956261,307559,38444,3,-85.0,West,8.574493408203125,11.428791999816896,5.753322124481201,4.166757931405276,1.4032532258636378e-10,0.038459442165093706,-0.187422103749982,27.572940826416016,121.49783325195312
2007_4,1436690,121897,167608,33,-75.5,East 1,3.74371337890625,10.313776969909668,4.8098225593566895,6.057122988010986,0.0002457205798704548,0.21339143745404374,-0.1547532209334188,29.76369285583496,75.3992919921875
2007_5,607861,343985,85996,6,-82.0,West,5.897918701171875,14.35705852508545,7.27936840057373,1.9287675171645733,0.0006270082781257032,0.17754170466899571,-0.3472136151276923,15.41250705718994,198.17237854003903
2007_6,1879663,264962,861127,78,-80.0,East 2,11.558578491210938,14.137242317199709,8.689769744873047,4.920128214031049,0.0001951556315159038,0.5841926480438063,-0.0743171306583228,32.594207763671875,193.4602508544922
2007_7,2101535,1312,3116,57,-72.5,East 1,0.851470947265625,7.782230377197266,2.398211002349853,4.972237395237184,0.0,0.01256725621187494,-0.4256927665613029,26.27202415466309,130.4007110595703
2007_11,666395,355476,44434,3,-85.0,West,22.004165649414062,10.120417594909668,5.176058769226074,4.501620373086532,0.00010557158774662844,0.2566082858691261,-0.4597384165257631,20.63589859008789,143.88890075683594
2007_12,1442212,163526,265730,39,-75.0,East 1,13.524948120117188,10.42559051513672,5.828640937805176,4.188272983158303,0.0,0.4117817247408368,-0.5460007190704346,27.17201805114746,245.080810546875
2007_13,2690746,251693,471926,45,-80.5,East 2,17.339675903320312,13.457124710083008,9.99288558959961,6.642815882808332,0.0,0.2659674982344822,-0.1552266477392919,32.43516159057617,147.64236450195312
2007_15,27742,346,173,12,-70.5,West,3.45880126953125,10.78113842010498,4.180802345275879,2.167757347869252,0.0,0.0015047244585598884,-0.3543469309806824,19.82146453857422,224.1182556152344
2007_17,2110692,9747,8528,21,-71.0,West,6.109619140625,11.119653701782228,5.530926704406738,5.523831155997304,0.0006681718929646042,0.12714691204230352,-0.5486947229031641,36.49846267700195,329.1204833984375
2007_18,2111159,131815,214200,39,-73.0,East 1,9.653793334960938,9.962983131408691,6.354780197143555,6.797119217289128,0.0,0.32662182101607273,-0.2102824056280359,32.73486328125,234.23236083984372
2007_19,2396032,19726,56713,69,-78.5,West,15.341079711914062,15.586465835571287,11.902128219604492,4.362767714103631,0.000540795615888958,0.4015410712254216,-0.492894396185875,21.42818832397461,269.2556457519531
2007_20,1312146,1797,1348,18,-66.5,East 2,5.2889251708984375,9.580092430114746,5.974011898040772,6.044602923198825,0.0,0.021135822197115,-0.5012783408164974,27.223861694335938,144.386474609375
2007_21,1826001,653971,735717,27,-79.5,East 1,18.712722778320312,8.847382545471191,4.918927192687988,5.283474590631936,0.0,1.224930059115499,-1.100257979647535,26.919174194335938,224.9212646484375
2007_22,724099,1178,589,12,-66.0,East 2,3.982208251953125,9.399178504943848,5.891012191772461,6.332029901636897,0.0,0.007389655039376053,-0.239949534336726,38.04058837890625,83.53751373291016
2007_25,967000,538932,134733,6,-80.5,West,17.809249877929688,11.630660057067873,6.542691230773926,2.536433594746696,0.00017630585944827129,0.6324505643775603,-0.6792259700689702,24.85832023620605,277.226806640625
2007_27,252455,84082,10510,3,-67.5,East 2,18.3707275390625,9.90227222442627,6.213510513305664,6.102522065908461,0.0,0.07240513219381137,-0.8992582583672936,18.95963287353516,148.85830688476562
2007_28,1757039,732388,1373229,45,-85.0,West,24.446578979492188,12.95921802520752,8.192319869995117,4.557681486378468,0.0021292234318791505,1.603099119946678,-0.9841980299002462,36.84663772583008,393.2932739257813
2007_29,2871365,237804,326981,33,-76.0,East 2,16.642837524414062,13.260644912719728,9.584213256835938,7.702471658033774,0.0,0.6027125020123939,-0.3152062185906361,35.77424240112305,248.81549072265625
2007_32,1130200,173929,108705,15,-80.0,West,18.39741516113281,12.394064903259276,7.545880794525146,5.623959360476051,0.00018244616799594716,0.6334503738470227,-0.4350517519474175,33.71876525878906,293.7294311523437
2007_33,180910,45753,5719,3,-70.0,East 1,5.137008666992188,4.667768478393555,2.693796157836914,5.817349493345243,0.0,0.01109436174811122,-0.3692956398721237,14.60815715789795,45.7055892944336
2007_34,2675308,45380,232576,123,-78.5,East 1,20.546295166015625,11.34380054473877,8.66624641418457,6.464296732220392,0.0,0.5262979160686516,-0.8024032314618429,40.8300895690918,207.5425567626953
2007_36,2600197,944311,1534506,39,-85.0,East 2,25.54676818847656,11.256524085998535,7.720996379852295,8.436346416555525,0.0,0.9869778859958016,-1.4004909917918575,38.58676910400391,298.1876220703125
2007_37,1287729,801,400,12,-65.5,East 2,1.581512451171875,9.308521270751951,5.92767333984375,6.898861595003722,0.0,0.005360525486985572,-0.722824454307556,37.24356460571289,109.72947692871094
2007_38,2510379,889753,2113163,57,-85.0,East 1,23.666259765625,9.930086135864258,7.16640567779541,7.222546133367031,0.0,1.3260786896942776,-0.4300047227610049,33.432865142822266,240.76089477539065
2007_39,1856433,242879,455399,45,-85.0,West,15.907882690429688,11.598790168762209,7.913912773132324,8.843155165598894,0.0,0.923151404581142,-0.68573635672984,28.15941619873047,279.7301025390625
2007_40,2590298,213138,905837,102,-85.0,West,25.703292846679688,13.71590805053711,10.17824363708496,4.7277618072273535,9.769819764169142e-07,1.414617603208021,-0.6372291302639486,39.39265060424805,274.8941650390625
2007_41,2539676,745,1024,33,-74.5,West,16.375946044921875,9.423413276672363,5.37436580657959,5.018025654340934,0.0,0.01430248846054635,-0.6102453027803769,37.0065803527832,191.5089874267578
2007_42,1568586,63333,110834,42,-81.0,West,18.788742065429688,10.412434577941896,7.638470649719238,5.935194833190099,0.0,0.3304967320290316,-0.8133484068860481,24.02631187438965,211.1199493408203
2007_43,1331866,20816,31224,36,-76.5,West,15.948455810546877,9.99354362487793,6.894047737121582,3.4134729858158783,0.0,0.1662503483003138,-1.3691083468588685,27.6241455078125,170.20431518554688
2007_44,1038649,410454,256533,15,-80.0,East 2,24.527664184570312,12.270099639892578,9.640525817871094,6.608966941374582,0.0,0.704428252652588,-0.6259709016955747,28.91321563720703,163.3218994140625
2007_45,1119699,545,1159,51,-67.0,East 1,9.218856811523438,4.252115726470947,1.8534507751464844,8.525357335162246,0.0,0.0027911467139670187,-0.6562647736757022,33.377296447753906,100.82176971435548
2007_46,2336802,1231793,3079484,60,-85.0,East 2,32.17320251464844,12.462675094604492,9.86988353729248,7.91452223790067,0.0040436862704799565,2.400572409320435,-0.6310907496971595,27.73036003112793,195.29171752929688
2007_47,2358344,227608,341412,36,-85.0,East 1,25.04502868652344,7.394041061401367,5.162635803222656,4.890850584088488,0.0,0.552041649535549,-0.7889411729992806,34.49711227416992,139.3622589111328
2007_48,2019941,122755,414300,81,-84.5,West,31.757553100585938,11.85859203338623,9.037720680236816,4.347208768399028,0.0,0.636404879615244,-0.6307166692834912,35.34587860107422,339.7875366210937
2007_49,1585015,135117,439132,78,-85.0,West,23.595443725585938,11.81141185760498,8.245696067810059,4.536960329503367,5.085567743434859e-06,1.125473972424153,-1.0114139318466189,40.51458358764648,316.5989074707031
2007_51,1154474,238081,178561,18,-73.5,East 2,18.984909057617188,7.58288049697876,4.813262939453125,5.266609017511543,0.0,0.6310779388158428,-0.737321497442972,33.3972282409668,182.8037109375
2007_54,892239,388650,194325,12,-85.0,West,21.034637451171875,13.015324592590332,8.029879570007324,4.3285654965626845,0.0006795625925857316,0.31990785620587026,-0.3927796688244047,21.0880069732666,207.4268798828125
2007_55,2100728,221373,857822,93,-85.0,East 2,26.171630859375,11.484395027160645,8.707143783569336,5.028682572348656,0.0,0.8133347158271902,-0.532182355122737,30.80451774597168,234.7256774902344
2007_57,1211181,852,746,21,-73.0,West,12.26739501953125,10.615195274353027,6.339387893676758,5.54662498155443,8.797745385301793e-05,0.0027593669811047813,-0.4083591401576996,21.38961410522461,190.0546875
2007_59,2223665,104750,235687,54,-77.0,East 2,16.070907592773438,8.947728157043457,6.207267761230469,5.782599350706513,0.0,0.24097881949510092,-0.6457515367119221,45.8908805847168,102.0059051513672
2007_60,4502896,979060,4283390,105,-85.0,East 1,20.055648803710938,15.93986701965332,11.58844757080078,4.270076672649719,0.002817446845989881,3.104147168063109,-0.7301283191736316,28.611167907714844,271.556884765625
2007_62,1130758,984,738,18,-72.5,East 1,-0.66705322265625,6.836156845092773,2.511327743530273,4.6846179526232845,0.0,0.006746413445571411,-0.5687770828702864,25.04121398925781,148.12216186523438
2007_63,1491854,185528,92764,12,-73.5,East 1,3.2317657470703125,8.197179794311523,2.5819311141967773,7.313915385194731,0.0,0.3594061334614366,-0.4612870718828281,27.9055290222168,130.91799926757812
2007_64,928177,32562,12211,9,-76.5,West,1.1771240234375,8.619054794311523,2.79506254196167,4.944577059872685,0.0,0.16423605596581436,-1.0724430084228516,27.234453201293945,129.75308227539062
2007_65,1354192,156339,175881,27,-73.5,East 1,3.633453369140625,8.476000785827637,3.1344032287597656,6.638299060686643,4.6846865724370824e-05,0.4810390644059256,-0.9415174362339448,33.690940856933594,129.20144653320312
2007_66,1957956,724047,1810119,60,-85.0,West,12.714324951171877,15.105871200561523,8.66368293762207,5.339415685131457,0.0048416043939391445,1.631610782121623,-0.4653991504421788,23.47678565979004,365.620361328125
2007_67,1751254,4803,9007,45,-68.0,East 2,1.225250244140625,10.910943984985352,4.597147941589356,5.83214423093112,3.774810953635549e-06,0.025804894620509052,-0.6184798065950856,20.995929718017575,138.01893615722656
2007_68,1624831,137779,120556,21,-79.0,West,9.136444091796877,14.8804349899292,7.466276168823242,3.588804109538731,0.0005770237489486472,0.19151583941193104,-0.8536123919033747,21.960622787475582,178.78170776367188
2008_1,2248150,582634,1092439,45,-85.0,West,11.45550537109375,15.326057434082031,8.82620620727539,4.001886045158559,0.0015051677689723174,0.7981440925620894,-0.5713144380266745,22.74698257446289,239.13018798828125
2008_2,2339826,156508,430398,66,-84.5,West,10.83917236328125,14.033464431762695,7.646090507507324,4.076063858874137,0.0015789578834102804,0.5403830604526977,-0.2035477122372383,30.90434837341309,225.16796875
2008_3,947019,613197,153299,6,-85.0,West,7.94964599609375,11.147849082946776,5.696560859680176,3.562558435065975,1.690457759012082e-07,0.2280105820811404,-0.2495072694523117,19.64299774169922,157.31927490234375
2008_5,1778409,977629,1344240,33,-85.0,East 1,12.850921630859377,11.866750717163086,6.637726306915283,3.636740779251848,0.0,0.812279307762732,-0.5541676812376204,21.28201484680176,226.4041748046875
2008_6,1906627,21940,43880,48,-71.5,West,6.288238525390625,16.878341674804688,9.092395782470703,3.797380010800036,0.0035071768498696823,0.17599178693395356,-0.1853574365377426,30.22609519958496,385.2380676269531
2008_7,892319,221807,55451,6,-70.0,East 2,12.62249755859375,10.273512840270996,5.948647975921631,5.989370352720528,3.443838167790051e-06,0.4651268689456458,-0.6816323298007773,23.92378807067871,155.85130310058594
2008_8,1094773,98065,61290,15,-73.5,East 1,7.820037841796875,10.372983932495115,6.189426422119141,8.160416431358593,0.0,0.31346834094500325,-0.3433690161040678,28.46683883666992,240.45089721679688
2008_9,2226527,179018,268527,36,-77.0,East 1,13.178817749023438,13.025782585144045,8.275818824768066,4.885013532415463,0.0,0.8743414450346203,-0.3425638824701308,34.54248809814453,337.0302734375
2008_10,939320,196566,24570,3,-77.0,East 1,7.914749145507812,8.685206413269043,4.231750011444092,5.591249122751516,0.0,0.13619921484233052,-0.4580248545547351,24.09678077697754,135.69207763671875
2008_11,1142973,23631,11815,12,-70.5,East 1,0.978790283203125,5.563325881958008,2.326035022735596,8.050831949477713,0.0,0.0988823070945402,-0.3297741196850312,32.05746841430664,55.9843635559082
2008_14,2866304,859433,1933726,54,-85.0,East 1,26.948013305664062,11.916569709777832,7.979598045349121,3.762032016037815,0.0,1.6133709636372444,-0.4220627844538126,31.82678985595703,315.33258056640625
2008_15,2588685,87507,164077,45,-81.0,West,14.647018432617188,16.570398330688477,11.245689392089844,5.444640970075465,2.8334376750622856e-05,0.6501692648505623,-0.6022752512268642,38.876461029052734,254.7200164794922
2008_16,1642190,13748,17185,30,-67.5,East 2,5.88079833984375,9.378569602966309,5.5420637130737305,5.0282821185375255,0.0,0.09985147155430633,-0.3942136211855095,29.12492561340332,135.17453002929688
2008_17,2342130,57589,107981,45,-80.5,West,18.798995971679688,15.296538352966309,8.557767868041992,7.3743256098610335,0.001990123824193552,0.3882034964257843,-0.7591208298695388,36.07463455200195,417.5703125
2008_18,1657077,489029,489029,24,-85.0,East 1,21.98828125,9.256600379943848,5.773781776428223,4.513603967672783,0.0,0.4623423697235301,-0.566117929589853,35.146507263183594,252.7940368652344
2008_20,1688532,10025,8772,21,-68.0,East 2,4.12127685546875,7.990180015563965,4.255771636962891,7.441208681652021,0.0,0.09263521788662413,-0.7604461113611858,32.48151779174805,166.15658569335938
2008_21,2093105,706363,1059544,36,-79.0,East 1,20.04405212402344,8.130655288696289,4.886706352233887,6.293112135176931,0.0,0.7291834075908088,-0.3204075822856392,27.875694274902344,185.13919067382807
2008_22,1483059,714949,625581,21,-77.0,East 2,26.68617248535156,11.984163284301758,8.252398490905762,8.663722390534994,0.0,1.356422270447729,-0.6344653211848614,26.76576042175293,260.34063720703125
2008_24,643898,232391,29048,3,-85.0,West,22.06259155273437,6.981974124908447,4.182226181030273,3.4071990345785204,0.0,0.05347423253800573,-0.2855759043288973,20.783159255981445,90.33390045166016
2008_25,2284218,20483,66571,78,-76.5,East 2,14.154922485351562,8.031225204467773,5.3957061767578125,6.146490330222023,0.0,0.19813659296504108,-0.6977765608203593,30.26067924499512,120.74391174316406
2008_26,1001465,312345,156172,12,-72.5,East 2,20.77069091796875,9.60829257965088,6.841720581054688,7.027469166607087,1.3889760254881219e-05,0.3516827976784919,-0.9530037932831024,28.372827529907227,182.4126434326172
2008_27,1238136,1790,447,6,-72.0,West,6.871429443359375,9.387823104858398,4.350006580352783,5.937778635123825,0.0,0.001973285369852537,-0.9674535989761353,35.446502685546875,212.351806640625
2008_28,2545886,67479,101218,36,-76.5,East 1,11.417984008789062,5.785142421722412,2.453392505645752,7.431005100932018,0.0,0.3278768875340461,-0.909286299355135,28.172592163085938,126.3470458984375
2008_29,1377669,304819,190512,15,-79.5,East 1,17.005157470703125,6.968770980834961,4.263097763061523,7.328892829378105,0.0,0.2771452437912267,-0.8520107780985463,23.60871696472168,134.1368408203125
2008_30,1370384,433397,595921,33,-83.0,West,21.318389892578125,11.413918495178224,7.036636352539063,5.634303806128713,0.0023598796282032187,0.7641269428050321,-0.8103342857724757,36.72116470336914,328.41162109375
2008_31,1303001,11456,7160,15,-78.5,East 2,13.9652099609375,8.575217247009277,6.166237831115723,7.518309857576921,0.0,0.048545705924528344,-0.4186495640705802,33.21230697631836,184.14678955078125
2008_32,1321486,57072,92742,39,-75.0,East 2,16.322830200195312,5.846360683441162,4.331654071807861,8.4753795633382,0.0,0.18473324037436215,-0.1591258998838819,25.876888275146484,98.7376480102539
2008_34,76835,34900,4362,3,-72.0,East 1,3.8333892822265625,4.995711803436279,2.8854289054870605,3.842278150932004,0.0,0.011353629848703336,-1.0795502863180968,13.81511402130127,45.56626129150391
2008_35,1725621,2962,3703,30,-74.0,East 1,8.096160888671875,4.573344707489014,2.425246000289917,5.487507467816845,0.0,0.01617810398629668,-0.804887754353145,27.609973907470703,105.12483978271484
2008_36,1715374,307884,192428,15,-77.5,East 1,16.871673583984375,8.202247619628906,5.942185401916504,5.079590596823056,0.0,0.5458908333801659,-0.7162326067483216,34.8380012512207,166.60888671875
2008_37,1983707,75515,94394,30,-72.5,East 1,12.998489379882812,6.938290119171143,4.684672355651856,8.932182575740377,0.0,0.17120088248608817,-0.98967927023962,43.6930046081543,146.80068969726562
2008_38,877004,434929,108732,6,-84.0,West,20.187896728515625,7.732669830322266,4.769406795501709,3.879926828550441,0.0,0.5332564503647479,-1.0287591651333925,34.650779724121094,234.5353240966797
2008_39,603687,367990,45998,3,-85.0,West,18.099609375,8.578869819641113,4.491482257843018,2.7967104108693297,0.0,0.1880475883875558,-0.682963085086375,24.08020401000977,210.57992553710935
2008_40,2254027,314382,864553,66,-85.0,West,35.29234313964844,14.42844009399414,10.674216270446776,4.531897331557185,0.00042962961094550876,1.6493733703195748,-0.6547184835726592,39.46437072753906,381.4180603027344
2008_42,1346323,28811,54021,45,-70.0,East 2,11.291275024414062,7.69689416885376,5.067320823669434,7.390917112829776,0.0,0.19641328205362352,-1.2264448253755862,32.1499137878418,164.6095428466797
2008_43,901814,19484,26791,33,-76.0,West,18.230484008789062,11.373252868652344,7.787954330444336,5.040293568109535,0.0003901879331324296,0.17109379881693024,-0.4708902723026579,33.615421295166016,265.99859619140625
2008_44,1496466,41762,57423,33,-71.0,East 1,10.852996826171877,5.195839881896973,3.0494015216827397,5.704308125621031,0.0,0.2770735214222696,-0.7929088958021688,35.67405319213867,82.623291015625
2008_45,1216936,555661,138915,6,-85.0,West,22.565109252929688,11.803235054016112,8.043654441833496,3.699417581850629,0.00033807973610395175,0.1672519039174665,-0.3739228155028166,31.986553192138672,231.75613403320312
2008_46,1897681,683532,768973,27,-85.0,West,28.355133056640625,11.44666576385498,7.880949974060059,3.080954005750316,1.1054269009521554e-05,1.2353123678673137,-1.0756514381892532,34.72872543334961,353.4462890625
2008_47,952656,222509,55627,6,-71.0,East 2,16.568374633789062,9.440681457519531,6.444972991943359,5.007573043099681,0.0,0.45327943832447315,-1.0969448048475126,31.77091789245605,241.81396484375
2008_49,2573759,750546,1970184,63,-82.5,East 2,37.59375,14.068936347961426,11.198081970214844,6.085469609543797,0.0008593436133003267,3.079016830470994,-0.8531773602758226,31.972957611083984,380.78851318359375
2008_50,1467262,116811,160615,33,-78.5,East 1,19.349517822265625,6.982139587402344,4.797661781311035,6.663903550145975,0.0,0.3337245518512547,-0.7795883417129515,37.73405838012695,142.97958374023438
2008_51,3492488,286597,752317,63,-85.0,West,23.18316650390625,10.905710220336914,8.068073272705078,5.691063048196802,0.0,1.643468418438497,-1.2314849330001645,37.3852424621582,330.6026916503906
2008_52,1109756,860770,107596,3,-85.0,West,20.187667846679688,10.338674545288086,6.686361312866211,2.671793185370689,0.0,0.5080003288646937,-0.7592347657837137,21.284740447998047,186.0445556640625
2008_54,2219692,398140,447908,27,-84.5,West,24.847579956054688,13.2034912109375,8.618497848510742,6.109034377513415,0.0017309360183374966,1.483668344719116,-0.6556668324135081,40.26040649414063,374.2716064453125
2008_55,1462804,35924,35924,24,-71.5,East 1,-0.932373046875,2.9754106998443604,1.231463074684143,12.279235331299438,0.0,0.09823233627439044,-0.4914186906097089,36.69570159912109,40.65254592895508
2008_56,835718,302590,37823,3,-79.5,West,16.57159423828125,15.3125581741333,10.680364608764648,5.34452830385256,0.0006218441384450827,0.19870890857729132,-0.6170764080727646,25.12308692932129,251.08853149414065
2008_57,808181,54952,13738,6,-68.5,East 1,10.838882446289062,5.133936882019043,3.0197694301605225,5.719331744376268,0.0,0.0689112286652613,-0.6560414396978578,32.01569747924805,95.6255340576172
2008_58,1415363,56691,63777,27,-72.5,West,15.619873046875,15.344770431518556,10.223356246948242,4.305940992437704,0.006154467882300904,0.3279238207664324,-0.4432267206480911,27.85009765625,284.89666748046875
2008_61,259423,1710,427,6,-73.5,West,6.6715087890625,7.480211734771728,3.230231761932373,3.683483135770009,0.0,0.0015393403150855106,-0.4171078110835785,27.5860538482666,177.2330322265625
2008_63,1632700,259045,518091,48,-75.0,East 2,8.38531494140625,11.40548038482666,6.309304237365723,7.148689308858549,7.6957424271462e-05,1.162827223219121,-1.1027113460417692,38.574851989746094,212.52249145507807
2008_64,1230995,867852,542408,15,-85.0,East 1,10.992385864257812,8.76094913482666,4.372119903564453,2.6538379995562376,0.0,0.6665462221269909,-0.6072444158709297,27.322731018066406,209.6446533203125
2008_65,2085978,124658,109076,21,-71.5,East 2,7.479278564453125,12.73198127746582,7.635805130004883,5.6157478613791945,0.0,0.6598181984096906,-1.1473078727722168,28.26910972595215,203.65383911132807
2008_66,1991564,160034,280061,42,-74.5,East 2,8.0804443359375,16.300857543945312,11.251079559326172,4.018141500539975,6.053404657740274e-07,0.8282211531077773,-0.6588442330583222,23.539342880249023,324.24371337890625
2008_67,1429512,677,593,21,-66.5,East 2,3.30230712890625,12.003955841064451,6.907779693603516,4.195370240874985,5.764270351204783e-06,0.01182750432216803,-0.5135580217491442,28.495229721069336,134.24588012695312
2008_68,3710145,24247,69710,69,-78.0,West,14.139190673828123,17.618173599243164,10.789331436157228,6.596682592022465,0.018727662075263093,0.18834142192364717,-0.6002454395359498,29.350980758666992,345.4814453125
2008_69,1548329,52141,39106,18,-76.0,West,3.373260498046875,11.197775840759276,4.755588054656982,5.391330718968166,0.0,0.1915758481764343,-0.3982459247112272,33.252967834472656,176.63351440429688
2008_70,861264,13979,8737,15,-72.5,East 2,5.51141357421875,8.25344181060791,3.7372887134552,4.703004937928817,0.0,0.02681903977198355,-0.1796320081166789,24.8100700378418,56.52565002441406
2008_72,1717956,666616,833270,30,-85.0,East 1,9.74493408203125,12.565162658691406,6.703281879425049,4.738544893397375,0.0,0.9757805369852324,-0.3663956522941589,23.645341873168945,215.9657440185547
2008_73,1681058,346179,562540,39,-85.0,East 1,10.46905517578125,15.085094451904297,9.203712463378906,4.47647732649468,0.00018076364207614905,0.833846601860942,-0.8166471481323164,21.97150421142578,312.32794189453125
2009_1,678511,6683,835,3,-68.0,West,3.46392822265625,12.105358123779297,3.514554023742676,4.464302965117805,0.00043784654297872945,0.003721039684911968,-0.3533532318084154,20.055280685424805,187.76394653320312
2009_2,2002817,40193,80387,48,-76.5,East 1,4.7022247314453125,12.815400123596191,6.604143142700195,5.869232296065984,0.0,0.3909041367073589,-0.2444742499321595,33.8594970703125,225.4503173828125
2009_3,1783698,90924,215945,57,-83.5,East 2,8.739837646484375,18.63250541687012,12.264832496643066,4.71895593271661,3.6629556511152724e-05,0.44102526890995986,-0.1084983311509875,22.17038917541504,330.0949401855469
2009_5,1677590,114490,57245,12,-72.5,East 1,3.24920654296875,9.71515655517578,3.4717001914978027,3.853091583712233,1.1819615335713497e-06,0.24401696707374623,-0.4013338961822666,20.363130569458008,146.54637145996094
2009_6,3011775,1447950,4886831,81,-85.0,East 1,15.27197265625,18.286102294921875,12.410602569580078,4.092008226876692,0.009606363138560845,3.5242098155641846,-0.2007313655762616,26.44020271301269,474.1318359375
2009_7,3404574,1216684,3193795,63,-85.0,East 1,18.96543884277344,22.38563537597656,17.46546745300293,4.406025843671006,0.018705360583635273,3.536035280578808,-0.4974004453881525,27.96211624145508,624.6778564453125
2009_8,1940581,129619,405060,75,-74.0,East 2,9.70989990234375,14.788444519042969,8.781591415405273,5.534063815385487,1.4241913847666317e-05,0.926366551177599,-0.4958926290273665,25.77326393127441,282.7510986328125
2009_9,2944531,1179954,1622437,33,-83.0,East 1,14.44281005859375,14.163250923156738,8.876409530639648,6.984840056914647,0.002448335113351566,1.7975602835954343,-0.5089223534887393,41.798282623291016,367.5166015625
2009_10,1515583,96063,156103,39,-74.0,East 1,5.3658447265625,9.993861198425291,5.012866973876953,7.7195534490214035,0.0,0.3356552367000954,-0.8477394508797501,37.00291442871094,106.54522705078124
2009_12,1625246,599666,899499,36,-85.0,West,23.07275390625,15.29098129272461,8.648387908935547,5.408622611606704,0.012764350515926566,1.045908941374534,-0.7564412974011712,28.206117630004883,307.8659973144531
2009_13,1111889,15306,3826,6,-71.5,West,7.33514404296875,13.507295608520508,6.51563024520874,4.309940923811594,0.0008381910328294897,0.006438759901330405,-0.4075724085172021,30.18287467956543,305.0807189941406
2009_14,1326604,13012,9759,18,-67.5,East 2,0.8441162109375,9.593132019042969,5.106854438781738,6.264079136440594,0.0,0.05345158171815166,-0.2891084551811221,23.098079681396484,125.20828247070312
2009_15,1642461,127942,127942,24,-73.0,East 2,16.661575317382812,11.751494407653809,7.287847995758057,5.492091770189174,0.0,0.5886005459762029,-0.4309363493238463,36.92095565795898,225.9080047607422
2009_17,2673642,489783,979566,48,-85.0,East 1,15.359390258789062,11.931622505187988,7.422407627105713,4.415672506390239,0.0,1.137286470668804,-0.5131818160550379,32.31842041015625,250.62571716308597
2009_18,918492,117864,103131,21,-73.0,East 2,13.296951293945312,11.768593788146973,7.332273960113525,6.68392369382919,5.158639579727038e-05,0.29502292861332113,-0.6373596172086311,30.044658660888672,217.12835693359372
2009_19,2094896,91485,171536,45,-74.5,East 2,11.992645263671877,13.204047203063965,9.332164764404297,7.7667284424661105,0.0,0.6912927513424508,-0.8834794431471182,29.020219802856445,335.84783935546875
2009_20,2672543,219740,192273,21,-71.5,East 1,13.21539306640625,7.644576549530029,4.260249137878418,7.300548215475323,0.0,0.48938741668985136,-0.7935553607961979,40.59203720092773,153.6084747314453
2009_21,1359989,352567,352567,24,-83.5,East 1,22.415008544921875,7.438323497772217,3.8442747592926025,4.960690012630228,0.0,0.33950097952920993,-0.5069318878217626,31.48844146728516,238.7611083984375
2009_22,2683253,510533,1978317,93,-85.0,East 1,30.148727416992188,11.274813652038574,7.770753383636475,6.029659680018894,0.0,1.6415594763381345,-0.7138487018101995,37.058570861816406,322.29345703125
2009_24,2274580,619976,1239952,48,-85.0,East 1,27.22128295898437,11.06776237487793,7.829198837280273,7.069095016536843,0.0,1.3486462240535813,-0.7998100033249206,25.76984596252441,190.3486328125
2009_25,840007,240973,30121,3,-73.5,East 2,14.968414306640623,8.394235610961914,5.627663612365723,6.217308692830437,0.0,0.22333214619876493,-0.3964984613053835,27.74879264831543,105.0358657836914
2009_27,4008702,1022991,2429605,57,-85.0,East 1,24.10986328125,13.13913917541504,10.480300903320312,8.16954707761714,0.0,2.261564317311031,-0.3840171843614883,37.116336822509766,515.549560546875
2009_29,3746798,1172327,3956605,81,-85.0,East 1,32.60081481933594,15.837803840637209,12.59924030303955,5.7775101871113375,0.0020249027621331525,3.632071508009601,-0.7507930641056313,34.84861755371094,449.9060668945313
2009_31,969562,529709,132427,6,-85.0,West,24.05122375488281,7.844897270202637,4.949440956115723,2.8082070392904748,0.0,0.39781743999605507,-0.3419483314573802,19.36006164550781,99.48231506347656
2009_32,1356185,39312,63883,39,-73.5,East 1,15.82550048828125,12.793978691101074,9.49869155883789,6.114465140206215,0.0,0.18203930640932087,-0.3877149105072017,38.78428649902344,136.16329956054688
2009_33,2272771,323365,808413,60,-76.0,East 2,21.81256103515625,11.027094841003418,8.059195518493652,8.406636102730523,0.0,1.617393316074819,-1.195372740585,33.26202392578125,220.835693359375
2009_34,1837149,730957,1553284,51,-81.0,East 2,27.82992553710937,11.39247703552246,7.987233638763428,6.721279228955473,1.506611151936138e-06,2.2904414397864046,-0.8514349189513083,37.85833740234375,265.5101928710937
2009_35,2241732,512236,2177006,102,-85.0,East 1,22.996856689453125,13.810461044311523,11.050686836242676,7.630995547597726,0.0,2.0912650783715923,-0.9590573604060276,29.213476181030277,380.0198974609375
2009_36,3081871,1572791,393197,6,-85.0,East 1,20.59701538085937,7.376129150390625,4.885837078094482,4.880042805874767,0.0,0.4542490812610542,-0.535657346017231,29.512592315673828,133.0515594482422
2009_37,1469970,302624,340452,27,-85.0,West,22.323150634765625,9.43016529083252,5.008449077606201,5.911502450129493,0.0,0.3084587906234055,-0.5267572660210685,36.012020111083984,176.73458862304688
2009_38,1765023,78279,117419,36,-72.5,East 2,18.663803100585938,8.251775741577148,5.924070358276367,9.500771889758488,0.0,0.1979469748211264,-1.26141053150641,35.62480926513672,145.18112182617188
2009_40,2986614,2004162,5260927,63,-85.0,East 2,34.535888671875,15.69579029083252,13.066217422485352,7.2038001408113495,0.001993137615439182,2.712008090890832,-0.4669931035298871,20.24673843383789,245.6139678955078
2009_41,1645032,286655,537478,45,-77.0,East 1,19.78892517089844,7.722115039825439,5.468497276306152,5.056141244702843,0.0,0.6504288251933095,-0.8145571741326609,32.676815032958984,211.09767150878903
2009_43,1651691,740875,926094,30,-85.0,East 1,24.866378784179688,5.378095626831055,3.181732654571533,3.8676409434547008,0.0,0.3586714431446741,-0.6255071663165297,32.00289535522461,143.36895751953125
2009_44,1899361,671144,838930,30,-77.5,East 2,32.75123596191406,13.093364715576172,10.001184463500977,6.841264474214936,7.241685843012911e-06,1.8964781269248003,-0.8672365316608017,37.32766342163086,421.1868896484375
2009_45,1788671,757989,568492,18,-83.0,East 2,31.488510131835938,11.12681770324707,8.063445091247559,5.401294506711449,0.000509326322801361,1.4884551614856634,-0.4723712543324399,30.039684295654297,199.4588623046875
2009_46,732779,91288,11411,3,-69.0,East 2,18.29194641113281,10.376290321350098,7.312917709350586,3.224037633208353,5.107216761054707e-06,0.1978133775793344,-0.5979664725878022,31.84284019470215,116.8151626586914
2009_47,2680211,46889,105501,54,-78.5,West,14.700714111328123,13.33161163330078,9.244224548339844,5.291207385637189,0.0,0.4909284435382016,-0.3093674741054347,25.847640991210938,296.5668029785156
2009_49,2328829,207876,675598,78,-85.0,West,32.02110290527344,14.365562438964844,10.278175354003906,6.330355616860801,0.0,1.0588979152794604,-0.5899420873224291,40.40427017211914,252.498779296875
2009_50,1095316,456564,171211,9,-84.0,West,22.022216796875,14.138148307800291,10.05076026916504,2.7030160878565392,6.343373052367099e-05,0.5905151434832527,-0.4580149080799199,20.243633270263672,228.1759796142578
2009_51,1048772,476291,238145,12,-85.0,East 2,19.615066528320312,4.184919357299805,2.635270118713379,6.226799050536631,0.0,0.16155229939270513,-0.3127117321834595,25.889678955078125,53.989349365234375
2009_52,1780901,45725,57157,30,-78.5,East 2,20.905059814453125,6.884115219116211,5.168064117431641,7.684215159205673,0.0,0.10616003172943114,-0.5133736018866505,42.376258850097656,90.13219451904295
2009_53,2108006,431419,754984,42,-84.0,East 2,24.992263793945312,5.843600749969482,4.127549648284912,7.843638413547824,0.0,0.39097558644071695,-0.5892578739085659,39.95829391479492,91.19709014892578
2009_55,1817914,258932,485498,45,-73.5,East 2,20.46113586425781,10.844861030578612,8.160895347595215,4.836825455784148,0.0,1.2538736271729507,-0.9334638218084976,34.224876403808594,234.0858612060547
2009_56,1520258,550627,963598,42,-85.0,East 1,19.568817138671875,7.044268608093262,5.07482385635376,5.094055539807803,0.0,0.7841112330460609,-0.4711404337989906,29.449556350708008,150.28126525878906
2009_57,1101703,447618,391666,21,-85.0,West,28.0206298828125,7.4004807472229,4.820671081542969,4.543876485540496,0.0,0.4276953789315728,-0.6785826304690052,29.27357292175293,146.83599853515625
2009_58,2841370,95184,321247,81,-75.5,East 1,16.548614501953125,6.155458927154541,4.072261810302734,5.022980105745329,0.0,0.3088235984954612,-0.272236856740252,31.480684280395508,126.90177154541016
2009_60,1179419,2586,646,6,-64.0,West,2.212310791015625,10.055726051330566,4.046414852142334,5.603563458564362,4.312933134438083e-06,0.005840368579507771,-1.230350693066915,28.96769142150879,215.76499938964844
2009_63,2512843,5461,14337,63,-76.0,West,3.469573974609375,11.739800453186035,7.240204334259033,6.9143433695829,8.238739525947625e-07,0.09730781305872378,-0.8505104455061978,33.11739730834961,216.0159149169922
2009_66,1335153,91566,114458,30,-77.0,East 1,11.585769653320312,9.54555606842041,6.586477279663086,6.258689333111846,0.0,0.5065802808929213,-0.4397248754916971,24.21992874145508,120.87177276611328
2009_67,1845488,122949,169055,33,-77.0,East 1,13.07183837890625,7.686214923858643,4.9576616287231445,5.993735305178279,0.0,0.1617708311862016,-0.210708883650052,39.021217346191406,139.4752960205078
2009_68,2573993,96460,253208,63,-82.0,West,8.300628662109375,12.070066452026367,7.677036762237549,4.465451403888809,0.0,0.44265328723967284,-0.447590997083403,25.590118408203125,195.15570068359372
2009_69,1791265,679040,679040,24,-85.0,West,15.595321655273438,12.613632202148438,8.307653427124023,4.296686436197771,0.0005533715258981248,0.5891480154289476,-0.4835367240144095,22.60466957092285,268.302490234375
2009_70,929055,67377,67377,24,-79.0,West,10.917510986328123,10.600580215454102,6.432260036468506,3.652465501384352,0.0,0.1305398016021546,-0.2552055219809216,24.672367095947266,186.0168609619141
2009_71,1926123,1545902,579713,9,-85.0,East 2,12.344192504882812,8.8346529006958,4.156846046447754,8.747997145287881,2.9401758513202445e-05,0.3554140278101185,-0.2570408416395597,21.511690139770508,129.4439239501953
2009_73,2062996,574720,287360,12,-85.0,West,15.109573364257812,11.443126678466797,7.180459499359131,2.8603005031342,0.0,0.3868433464470072,-0.4255406641242177,21.765226364135746,167.94451904296875
2009_75,609853,108186,13523,3,-73.5,East 1,7.054534912109375,12.48410415649414,7.967621326446533,3.733142251450439,0.0,0.0536884876187546,-0.3683781766915924,21.280710220336918,168.73477172851562
2009_76,852415,5000,6250,30,-67.5,East 2,2.865570068359375,8.268014907836914,4.197092533111572,4.158697607736394,0.0,0.04334480769135823,-0.6451306332844404,25.29724502563477,91.80099487304688
2009_77,1684579,54742,54742,24,-72.5,West,6.90496826171875,16.20934295654297,8.58259391784668,4.935584297750497,0.02001817097874369,0.22265143844667065,-0.1485072076320648,26.92760467529297,275.23175048828125
2009_78,1432285,355071,266303,18,-76.0,East 1,7.977462768554687,10.509392738342283,5.428452491760254,4.3311925564643,0.00011416893562233293,0.6053209197641998,-0.2169993984303438,27.153810501098636,169.73158264160156
2010_1,1505603,601274,601274,24,-85.0,East 1,11.285049438476562,11.34681224822998,4.967449188232422,4.985173512595833,0.0026149722828702725,0.17300588598478558,-0.4153255431219444,23.04573631286621,172.81875610351562
2010_4,2471399,398894,947374,57,-77.0,East 2,14.24444580078125,19.4616641998291,13.559553146362305,5.0519803218463135,0.00842884604362656,0.9381447894092388,-0.3608154048115618,25.857458114624023,360.5855712890625
2010_5,2211602,126034,220559,42,-77.5,East 2,9.403076171875,15.920699119567873,10.473226547241213,6.134262994992464,0.0,0.2244194875587723,-0.2348605863628766,25.598121643066406,131.71694946289062
2010_6,1929854,55525,90229,39,-75.0,East 2,8.318252563476562,13.120107650756836,7.510914802551269,4.815606314983159,0.0,0.26993168457825656,-0.5571178197860718,29.29486846923828,205.73605346679688
2010_7,1444660,13750,24063,42,-71.0,East 1,7.324676513671875,14.173863410949709,8.456390380859375,5.305197264388131,0.0001961869828650933,0.24271394341638028,-0.4864601046655796,26.370363235473636,219.98959350585935
2010_9,1332462,92696,104284,27,-80.0,West,12.9334716796875,10.810985565185549,4.6417622566223145,3.789542022910392,0.0,0.136427438590741,-0.1584158370250764,21.62012481689453,107.76589965820312
2010_12,1813509,15472,21274,33,-76.0,West,13.36505126953125,17.111560821533203,12.05838394165039,5.709006074739737,0.0012134184290393912,0.14992117764868068,-0.2414798339207967,25.63179588317871,236.48760986328125
2010_13,1682780,6345,7931,30,-68.5,East 2,2.69940185546875,8.840638160705566,4.1129889488220215,5.313394058873678,0.0,0.07303436827539622,-0.8745817542076111,29.73908233642578,164.041748046875
2010_14,1703447,205,411,48,-74.0,West,3.400238037109375,8.76070785522461,3.707531452178955,4.638556482089504,0.0,0.0037255401499205016,-0.5987012386322015,26.798952102661133,137.3231658935547
2010_15,1746757,67231,117655,42,-70.5,East 2,8.2862548828125,10.051255226135254,5.587608814239502,7.371965050729598,8.205099965184425e-07,0.4754317239361879,-0.5424632992871419,27.7428035736084,179.73678588867188
2010_16,1592224,487,487,24,-71.5,West,6.47821044921875,15.185790061950684,9.152332305908203,7.324253188368111,1.8166803681050914e-05,0.005209334120729358,-0.593704862013745,36.13645553588867,267.77587890625
2010_17,806114,59311,29655,12,-72.0,West,14.9505615234375,16.31220054626465,9.573429107666016,5.576660049217873,0.0035125769273966338,0.1143807697035091,-0.739221542902454,23.898357391357425,246.33200073242188
2010_18,2920320,573943,2582747,108,-85.0,East 1,29.282211303710938,12.32150650024414,9.281376838684082,4.515039429420997,0.0,2.808882757224157,-0.6784597117775502,34.625423431396484,331.9039001464844
2010_19,1901362,383889,1295628,81,-85.0,East 1,29.361618041992188,12.10532283782959,9.0831880569458,4.420636157170983,0.0,1.4634949931268864,-0.4609943961700306,40.63786697387695,269.4967346191406
2010_20,1703978,119913,179869,36,-74.0,East 1,12.128433227539062,8.593254089355469,5.848478317260742,7.186110429676439,0.0,0.3826128316204807,-0.417408524769942,35.59955978393555,240.6538848876953
2010_21,1671807,150261,169044,27,-73.5,East 1,13.8369140625,9.310013771057127,6.651175498962402,9.476319090615402,0.0,0.36174416778185475,-0.6037165510394412,33.639278411865234,258.7020263671875
2010_23,541144,486054,60756,3,-85.0,West,17.233642578125,4.256600379943848,1.770150899887085,4.363511037037004,0.0,0.05335440684923533,-0.5555739040866993,30.714624404907227,99.99998474121094
2010_24,499646,253576,31697,3,-73.0,West,14.888427734375,13.430428504943848,8.278764724731445,8.25929790249069,6.763113203404843e-05,0.2506236968076114,-0.8624507202848488,28.019311904907227,258.70025634765625
2010_25,1086907,21032,13145,15,-70.0,West,10.27520751953125,13.77358341217041,8.666730880737305,3.5768988875564074,1.894977336595065e-07,0.10974511651497906,-0.2322050258517262,24.552295684814453,397.0940246582031
2010_26,1269177,169378,42344,6,-70.0,East 2,14.842086791992188,7.489514350891113,4.077915191650391,9.949168191308416,0.0,0.2324089312822589,-0.931818306121213,32.337799072265625,169.86756896972656
2010_27,1313302,1140,997,21,-66.0,East 2,1.1969146728515625,7.350010871887207,3.819881439208984,8.438634197023108,0.0,0.015237587306493772,-1.0304087917912277,25.160181045532227,144.30397033691406
2010_28,2635728,50813,69868,33,-77.5,West,19.10948181152344,14.670095443725586,9.563243865966797,7.868404463073996,0.00031213201670017804,0.1794392173450541,-0.8348115438744337,27.5943603515625,296.1806945800781
2010_29,1978683,173096,497652,69,-85.0,West,23.48651123046875,13.51909637451172,9.471765518188477,5.8591228439002965,0.00012455573150198015,1.0910152580284416,-0.4102470278739929,37.86219024658203,430.3443298339844
2010_31,669759,37701,14138,9,-75.5,West,18.984207153320312,10.94194221496582,7.200405120849609,4.430656792165244,0.0,0.1703900548289016,-0.746806412423201,29.43957901000977,222.32583618164065
2010_32,3183537,367003,825757,54,-85.0,West,27.2410888671875,18.183422088623047,13.992477416992188,4.223885067959527,0.03128738970323485,2.238413732896676,-0.7756885170991509,29.984107971191406,343.4073181152344
2010_33,1308325,33274,33274,24,-69.5,West,17.77239990234375,14.814885139465332,10.03970718383789,4.858476411904031,0.0003450081686238869,0.2054289034902157,-0.8132096373022243,28.480831146240234,216.5008850097656
2010_34,1202656,34476,21547,15,-68.5,East 2,11.095291137695312,7.519315242767334,4.427135467529297,8.120287995889392,0.0,0.10950740171538265,-1.5739776329539823,41.045597076416016,154.5931854248047
2010_36,1341214,138910,173638,30,-82.5,West,13.047454833984377,8.256743431091309,4.751138210296631,11.032172600444392,0.0,0.5794401056339299,-1.5618026578400022,34.957374572753906,236.26014709472656
2010_38,712241,35322,13245,9,-73.0,East 2,14.298309326171877,6.384343147277832,4.668292045593262,5.264591485128521,0.0,0.033938465638927565,-1.1263620455094527,24.767457962036133,64.34503173828125
2010_39,1724882,96587,48293,12,-70.5,East 1,5.296539306640625,4.324244499206543,2.4203925132751465,7.536482129262174,0.0,0.13558794477687572,-0.7727235094064908,33.79515075683594,77.96129608154297
2010_40,1440115,155107,135719,21,-74.0,East 1,16.261322021484375,5.990543365478516,3.908957004547119,6.612673564140849,0.0,0.25794678279582023,-0.5756049299024781,24.063814163208008,125.31220245361328
2010_41,2995032,202691,608075,72,-78.5,East 1,22.662612915039062,10.769248962402344,8.556007385253906,5.574644096543013,1.8964856496497444e-05,0.8365635262126303,-0.666613876819611,33.08988571166992,211.35943603515625
2010_43,1741663,761671,1047298,33,-85.0,West,25.077926635742188,11.504806518554688,7.566151618957519,3.7916988791605504,0.0,1.4742181453211591,-0.7523659467414837,33.28974533081055,330.2308959960937
2010_44,1297335,568459,355287,15,-80.5,East 2,22.780670166015625,6.617214202880859,3.863919258117676,9.926696175475175,0.0,0.34441752257128755,-0.6676484054662302,29.19075965881348,103.68830871582033
2010_45,1628378,110912,235689,51,-76.5,West,18.636032104492188,11.6559419631958,7.231416702270508,5.6042984175115045,0.01404470666207741,0.5044141040246144,-0.4715135041194998,45.28667449951172,366.6175537109375
2010_46,978472,191245,23905,3,-71.0,East 1,7.46441650390625,3.229398250579834,1.259953498840332,11.72599467506379,0.0,0.07934202181262451,-0.5161184296266943,30.423044204711918,38.72847366333008
2010_47,3680504,546706,1435104,63,-77.5,East 2,24.33580017089844,14.487935066223145,11.390310287475586,4.610187357115039,0.0,2.252260607907671,-0.9624209210237904,34.892391204833984,329.6495361328125
2010_48,2032713,30840,50116,39,-76.0,East 1,16.207534790039062,8.69560718536377,6.330190658569336,5.254447162394043,0.0,0.34921516062045477,-0.5463019350534621,27.97278213500977,161.9195556640625
2010_51,593502,180342,22542,3,-71.0,West,12.30657958984375,10.2579927444458,4.969682693481445,4.781603306804125,0.0004052227621596348,0.1306299329672256,-0.4672207444620838,33.90911865234375,257.256103515625
2010_52,1292142,582924,72865,3,-82.0,East 1,16.417129516601562,8.264820098876953,5.177431106567383,4.261420198494346,0.0,0.44930367273044836,-0.6840166597022654,31.54307174682617,229.4010467529297
2010_53,1389599,1088098,680061,15,-85.0,East 1,22.735427856445312,6.766717910766602,3.839502096176148,4.055327415026334,0.0,0.541608311261816,-0.6425005250063095,27.089698791503903,157.11773681640625
2010_54,3333161,693100,2339215,81,-84.5,East 2,18.88470458984375,12.944451332092283,9.42156219482422,7.639824151575247,0.0,1.917297805769337,-0.3836845831796613,34.0846061706543,294.4248962402344
2010_56,2638577,253241,601447,57,-85.0,West,25.63169860839844,16.646469116210938,11.051372528076172,3.527340460023485,0.0005923020390392204,0.912970467632693,-0.7090989173838063,32.62844467163086,325.9893493652344
2010_57,2870108,298582,559841,45,-74.5,East 2,16.734756469726562,11.901817321777344,9.161356925964355,7.47040184315532,0.0,0.8475560828234571,-0.794219997107563,40.58444595336914,212.74681091308597
2010_58,3301307,1306077,2775414,51,-85.0,East 1,20.935531616210938,11.302203178405762,8.894050598144531,4.997575152586517,2.0605381468109115e-05,1.9875579867013329,-0.8930030644451442,29.514951705932617,364.87396240234375
2010_59,1473590,25301,12650,12,-69.0,East 2,10.709457397460938,10.086542129516602,7.346081733703613,5.950477555734266,0.0,0.08084418035698385,-0.7101067282292833,28.10735511779785,119.01991271972656
2010_61,2086648,592901,2445719,99,-85.0,West,17.6795654296875,13.314201354980469,7.866196155548096,5.410978170712229,0.030555836524262452,2.876567718601122,-0.6492469072786207,36.3069953918457,481.4514770507813
2010_62,1741441,125499,156874,30,-71.0,East 2,7.1132354736328125,10.210512161254885,6.38014030456543,7.515592019641367,0.0,0.36844095154848905,-0.4018082618713379,29.926877975463867,108.435791015625
2010_64,1104665,7161,7161,24,-72.0,West,6.05059814453125,15.763798713684082,8.934957504272461,6.305437774000444,0.000740985335668029,0.024008280659790285,-0.6082365357030843,25.083438873291016,338.9776611328125
2010_65,5110223,1279574,4798405,90,-85.0,East 2,11.514739990234377,12.244775772094728,6.727433204650879,7.503347785295253,0.008746273551962145,3.0382774691355934,-0.7551084741764843,31.77987098693848,242.6576995849609
2010_66,161443,42038,15764,9,-70.5,East 1,4.715911865234375,6.725625991821289,1.7697482109069824,5.055799850796387,4.842851976959351e-09,0.020130666733698198,-0.5137197190802917,19.64797782897949,118.0857391357422
2010_67,923931,643017,80377,3,-85.0,East 1,9.35321044921875,9.720376014709473,3.838993549346924,5.325122088804768,0.0,0.0983689246618077,-0.234748503358787,20.124073028564453,144.53245544433594
2010_68,1492545,137810,172263,30,-76.0,East 2,11.563690185546877,13.645380973815918,7.950141906738281,5.0308458694751925,0.0,0.3766004786422719,-0.5302721021463063,30.432586669921875,196.77806091308597
2011_1,426823,162457,20307,3,-75.0,East 1,2.30804443359375,9.864675521850586,3.856518268585205,4.243016010035878,0.0,0.09328971432965176,-0.3938861947149709,16.328832626342773,63.31928253173828
2011_2,1490189,22091,30375,33,-68.5,East 2,5.20953369140625,14.182212829589844,7.591228008270264,4.823703940604697,0.001053661479704046,0.22179872596674224,-0.5023171729351937,32.7553596496582,182.1845550537109
2011_3,1045456,11529,8646,18,-69.0,East 1,5.52911376953125,10.983360290527344,5.013567924499512,6.69033533424104,0.0012770049195168593,0.07606705591644097,-0.4462432056633379,26.53024673461914,165.3172607421875
2011_5,1234978,89702,44851,12,-69.5,East 2,7.820465087890625,13.37443733215332,7.402666568756103,5.548747092345441,0.00871786585753603,0.2216981577376665,-0.3561396436227073,26.48320770263672,166.03054809570312
2011_6,823595,44188,16570,9,-71.0,East 2,6.68927001953125,14.220752716064451,7.809913635253906,3.2330241835785496,0.0001986837230549244,0.20784366545408733,-0.2928120443329831,25.562389373779297,109.84959411621094
2011_8,1359218,4678,3508,18,-70.0,East 1,-0.5330810546875,7.200873851776123,1.6969194412231443,4.361067915436303,0.0,0.0017579652090192641,-0.125232967794769,23.461336135864254,32.51530838012695
2011_9,1150871,29500,14750,12,-68.0,East 2,2.923675537109375,10.473130226135254,4.267920970916748,6.360145185262637,2.3956084494184568e-06,0.10348842214610955,-0.6403515120185147,19.74939346313477,187.3293609619141
2011_10,1071539,205795,25724,3,-80.5,East 1,7.0833587646484375,10.14565658569336,4.629164695739746,5.049577698107657,0.0,0.07962377155853548,-0.4276880728247638,19.86898803710937,151.13638305664062
2011_11,1352744,5439,7479,33,-71.0,East 1,5.9354248046875,10.738133430480955,4.8845319747924805,5.455641967841097,0.0,0.11278324531768164,-0.5422381162643433,28.85784721374512,162.2947540283203
2011_12,1527497,190906,429538,54,-81.5,West,12.27813720703125,21.896556854248047,13.128010749816896,5.205675874283378,0.004587420376693858,0.7949060415720595,-0.6828979841684365,31.236921310424805,534.6365966796875
2011_13,3299615,801489,2304280,69,-85.0,East 1,18.165328979492188,23.741230010986328,18.023757934570312,5.745766375038737,0.016086478432659937,2.717290143255731,-0.4101353883743286,32.47346878051758,656.6303100585938
2011_14,4186824,987058,2097498,51,-85.0,East 2,19.197921752929688,17.242290496826172,12.481372833251951,4.927518410554557,0.00018014288155267344,1.9776522056835304,-0.2621301772373778,33.8325309753418,288.6632080078125
2011_16,2303022,21923,49327,54,-78.5,West,10.679824829101562,13.424664497375488,8.371488571166992,5.239290336271587,0.0,0.32436772856283375,-0.4344611450265727,35.83887481689453,173.26425170898438
2011_18,1877488,226217,424158,45,-75.5,East 1,10.949066162109377,8.715533256530762,4.588084220886231,5.672845048493082,0.0,0.4971052380881209,-0.4378635035884122,36.87741088867188,133.1927947998047
2011_19,915269,110071,27517,6,-69.0,East 2,6.970489501953125,9.151407241821287,4.351167678833008,7.11312436060898,0.0,0.12654920296000383,-0.4103022580137092,32.780059814453125,124.63465881347656
2011_20,912051,30808,26957,21,-69.5,East 2,8.854522705078125,8.194904327392578,4.460495948791504,7.966113225956039,0.0,0.07711135617848637,-0.1811314149526072,29.39949989318848,117.1694107055664
2011_21,1636287,515838,1225117,57,-85.0,West,28.22763061523437,12.297711372375488,8.038829803466797,6.5879772036986735,0.0,1.4734516725400972,-0.8813862609927551,30.38737678527832,285.23809814453125
2011_22,1576208,510184,382638,18,-85.0,West,30.68536376953125,11.212754249572754,7.704381465911865,3.1190304273020653,0.0,0.6094064272216289,-0.6087636954055136,30.2691707611084,357.3758544921875
2011_24,1218465,29862,7465,6,-72.0,East 1,10.004257202148438,6.79298734664917,3.0450220108032227,6.423156268634845,0.0,0.07609014204682771,-0.6980452557999376,22.834762573242188,118.8740463256836
2011_25,2065268,3434,9874,69,-74.5,West,8.162628173828125,18.13145065307617,11.39267921447754,6.17234358169018,0.0025088465469070816,0.06052363396442052,-0.8765647709369657,34.65753936767578,467.0880126953125
2011_26,1564044,511611,639514,30,-82.0,East 2,28.628463745117188,10.641419410705566,6.900420188903809,9.45433818973132,0.0,0.9051366490781735,-0.8099977668934025,36.14495086669922,221.93853759765625
2011_27,1207794,46459,46459,24,-71.5,East 1,12.759185791015623,9.959550857543944,6.280372619628906,5.534723669068143,0.0,0.1489427817103147,-0.8907166719436647,30.272634506225582,175.3339385986328
2011_28,1484423,528375,528375,24,-80.0,East 1,16.5897216796875,8.007660865783691,4.41359806060791,4.839739592029415,0.0,0.49645858780577323,-0.5200268190670331,26.64465713500977,157.63912963867188
2011_29,690472,16099,6037,9,-70.5,East 2,10.462371826171877,6.617780208587647,4.151027679443359,5.232059271221778,0.0,0.023517815612071623,-0.3017592231864204,22.22433090209961,71.09321594238281
2011_30,1151298,461682,115420,6,-80.5,East 2,21.48663330078125,7.364617347717285,4.897865295410156,9.123561238825037,0.0,0.14620692244441222,-0.2800436549954826,26.29210090637207,82.26976013183594
2011_31,1295964,13524,21977,39,-69.5,East 2,11.728469848632812,10.995065689086914,7.7834553718566895,5.645136013185354,0.0,0.0627537637573132,-0.5301321172677224,31.86424446105957,134.8854217529297
2011_33,2162640,92380,196308,51,-78.5,East 1,18.589630126953125,15.06862449645996,11.7368745803833,5.264291751375165,0.0,0.9054236226763261,-0.5151195905070531,29.590612411499023,368.1265258789063
2011_34,2148484,347557,651669,45,-84.5,West,25.217559814453125,17.869787216186523,12.325838088989258,5.20501267214362,0.030535454781405433,1.4817253358053195,-0.7478455863714719,28.52093505859375,403.8636474609375
2011_35,1290907,4649,4068,21,-69.0,West,7.547027587890625,15.650179862976074,9.50564193725586,6.81553707412129,1.4202087048577101e-05,0.01352406888013481,-0.4224570492903388,28.8421630859375,337.4823303222656
2011_38,863152,107665,40374,9,-71.0,East 1,12.9959716796875,4.076642036437988,2.28913950920105,8.60988416224475,0.0,0.06484234358648829,-0.5611194174574253,29.964229583740234,38.79220962524414
2011_39,2547351,654389,1472376,54,-85.0,West,20.909149169921875,11.94489860534668,7.532626152038574,7.95276163308576,0.0,1.534127628905289,-0.666922117132949,36.92875671386719,272.4264831542969
2011_40,1920448,46924,52789,27,-70.0,East 1,11.455810546875,6.485331535339356,3.762537002563477,10.747817660118365,0.0,0.06469677360658069,-0.9530629187973602,32.2376594543457,131.635498046875
2011_41,2434213,650980,895098,33,-83.5,East 1,19.37982177734375,11.466092109680176,8.665454864501953,7.967402171073588,9.902108779426167e-12,1.2835682091761171,-1.0609453296175508,29.47612190246582,274.1611022949219
2011_42,2849702,186624,583200,75,-77.5,East 2,21.04769897460937,10.15810489654541,8.335504531860352,6.221207470967229,0.0,0.43456907012751206,-0.1891581915612615,31.20720100402832,205.9271240234375
2011_43,2778863,676061,2197200,78,-85.0,East 1,25.60321044921875,12.93315601348877,10.144889831542969,5.973631391819002,0.0,3.031312591627097,-0.6989498218918624,33.26167297363281,264.46746826171875
2011_44,2858160,20223,37919,45,-76.5,East 1,12.853195190429688,6.096030235290527,3.5580222606658936,6.537156242995711,0.0,0.1810610032730517,-0.4838821884218863,40.598541259765625,154.3399658203125
2011_45,2041897,6804,11057,39,-74.0,West,1.14117431640625,13.052734375,8.965347290039062,4.393655811306496,0.0,0.057181540881773026,-0.6809422240468015,26.810182571411133,194.062744140625
2011_46,1802284,497158,435013,21,-75.0,East 2,17.67767333984375,11.600956916809082,8.325095176696777,8.735203932463628,0.0,0.8701066248026923,-0.8363672151079171,27.70227432250977,219.6627960205078
2011_47,3291656,424228,1855997,105,-85.0,East 2,25.577117919921875,13.94005012512207,10.670819282531738,4.775875208934731,0.0,2.547669726058768,-0.2470549772130511,33.071617126464844,288.67193603515625
2011_48,872200,189263,47315,6,-79.5,West,18.44154357910156,8.889622688293457,5.135398864746094,5.519025005569871,0.0,0.14075029170703346,-0.5365339539577171,31.870849609375,174.4727325439453
2011_49,1138619,3188,3188,24,-68.0,East 2,7.5801239013671875,7.865329265594482,4.959716796875,6.767055355358832,0.0,0.06052969535513114,-0.9887707111303355,26.3984432220459,148.022216796875
2011_50,2398141,195805,318184,39,-76.0,East 2,20.484649658203125,10.773345947265623,7.867733478546143,6.253952402644757,0.0,1.1818882963592594,-1.1198484301567078,36.81001281738281,277.1462097167969
2011_51,1293497,166984,62619,9,-82.5,West,25.015899658203125,8.618276596069336,5.9748358726501465,3.233181172088569,0.0,0.17771664647737936,-0.584066281433634,27.3706111907959,169.04470825195312
2011_52,1419395,403144,403144,24,-84.0,East 1,16.151779174804688,6.920616626739502,4.623642444610596,9.782936056243404,0.0,0.5141037758540635,-0.943063594954133,29.03083229064941,162.50416564941406
2011_54,2197026,149287,279913,45,-84.5,East 2,28.049057006835938,12.55441188812256,10.031082153320312,4.519641711395408,4.1409630999231615e-05,0.5350023161321262,-0.1751504475306601,36.31394577026367,363.13323974609375
2011_55,1451594,610260,839108,33,-82.5,East 2,27.83651733398437,10.46316146850586,7.236242294311523,4.261209609750084,0.00021973147516698443,1.2113482590720797,-1.7554811239242556,40.04264831542969,257.4761047363281
2011_57,1183263,506062,759093,36,-85.0,West,24.118148803710938,10.222186088562012,6.409873008728027,8.61525967118675,0.0,1.1570799669514968,-1.150288893760551,39.16937255859375,336.97625732421875
2011_58,365944,187488,23436,3,-85.0,West,22.848129272460938,6.735167026519775,3.964248418807984,2.2189538754525384,0.0,0.05166258147378142,-0.6185467218572431,26.956722259521484,153.48245239257812
2011_60,1997461,1986007,248250,3,-85.0,East 1,24.18475341796875,4.840343475341797,3.2762417793273926,4.550620975732942,0.0,0.17495688235342607,-0.3170205444177481,14.278348922729492,65.88616943359375
2011_61,43995,25291,3161,3,-68.0,East 2,15.119415283203123,5.330577850341797,2.758988857269287,3.992846620249667,0.0,0.013108401186367068,-1.2916432681211976,16.442411422729492,81.69933319091797
2011_62,1462225,132011,627055,114,-75.0,East 2,20.61712646484375,10.074429512023926,7.744660377502441,6.5028925478657085,0.0,1.4591755118969603,-1.088415488650535,36.344871520996094,265.916259765625
2011_63,2169196,443309,443309,24,-77.0,East 2,24.934783935546875,12.698838233947754,10.460733413696287,7.87120585460318,0.0,0.48179206450370393,-0.4789602145251171,32.90565490722656,211.7673797607422
2011_66,1244016,461226,518879,27,-85.0,West,22.8564453125,10.520831108093262,6.755436897277832,5.116215075195697,0.0,1.0523096941687933,-0.6852754168592702,25.55065155029297,252.01007080078125
2011_67,1160310,103554,64721,15,-71.5,East 2,12.356887817382812,12.411171913146973,9.657876968383787,6.068250308301333,0.0,0.3795105093456583,-0.5981866667270624,29.5159912109375,120.4115753173828
2011_68,363705,303528,37941,3,-84.5,West,14.489044189453123,6.149030208587647,3.0700087547302246,5.9844425613991215,0.0,0.0895659682888769,-0.5767547688787269,17.962345123291016,116.7367935180664
2011_69,1910995,1431,1968,33,-66.5,East 2,3.760955810546875,7.195620536804199,4.195778846740723,7.813188712028072,0.0,0.011636032837201816,-1.0357347250498,19.076032638549805,92.23709106445312
2011_70,1406628,8688,23894,66,-74.5,East 2,10.572982788085938,5.177339553833008,3.349403381347656,8.325601249959067,0.0,0.045719841754682175,-0.7052561440923739,30.35750389099121,86.62850189208984
2011_71,1260931,820,718,21,-74.5,East 2,7.2490692138671875,2.5897505283355717,1.6786231994628906,5.2591019769190055,0.0,0.0020756511474722458,-0.4657615375504509,30.11564064025879,23.339096069335938
2011_72,2021049,506021,1201801,57,-85.0,West,29.89877319335937,11.98777198791504,6.951330661773682,5.23076216096823,0.0006351513450264152,1.388394237911812,-0.7176912263232779,25.485389709472656,333.92047119140625
2011_75,601595,273127,34140,3,-85.0,West,17.211105346679688,7.119617938995361,4.515758991241455,5.241143231838115,0.0,0.09807878244511334,-0.4329489881098864,24.604881286621094,150.06964111328125
2011_77,1038523,274208,137104,12,-77.5,East 1,13.146759033203123,6.400480270385742,3.6176114082336426,5.209270975788444,0.0,0.3279983188319948,-0.5908247386067772,24.65199851989746,99.81411743164062
2011_78,1673995,57659,108111,45,-74.0,West,12.549896240234377,14.552704811096191,8.543394088745117,4.6432127954757805,0.0026672604206192086,0.3270112376323097,-0.4168719715093647,31.971925735473636,268.75341796875
2011_79,1634646,722662,1174326,39,-79.0,East 2,24.86439514160156,12.604917526245115,9.864457130432127,4.655616946747927,0.0,1.4229442047883207,-0.3960922375566109,24.450511932373047,192.27606201171875
2011_80,1763390,190157,285236,36,-84.0,East 2,18.89959716796875,7.609635829925537,4.869175910949707,4.672018300662315,0.0,0.15273595663423603,-0.1754267707936393,31.292285919189453,127.74070739746094
2011_81,1281821,52365,85094,39,-71.5,East 2,8.522735595703125,10.479255676269531,7.738795280456543,6.734472589520392,0.0,0.3773462299531568,-0.735302448272705,33.07078552246094,145.1307830810547
2011_83,1729783,174709,305741,42,-74.0,East 2,10.763824462890623,8.886116027832031,5.363226890563965,9.828355836709816,0.0,0.55951146189233,-0.3096445273660124,31.734437942504883,191.7672119140625
2011_84,1686815,998002,499001,12,-82.5,East 1,11.216079711914062,8.704131126403809,4.187648296356201,6.503039357410233,0.0,0.2848570543215293,-0.6073454358299507,29.92563247680664,182.24061584472656
2011_87,891796,360506,180253,12,-83.0,West,9.882843017578123,10.256787300109863,5.863757610321045,4.070682946000487,0.0,0.4025605876610105,-0.6056050978277875,23.20534896850586,166.73873901367188
2011_88,2025220,551598,1447945,63,-85.0,East 1,12.6123046875,11.875969886779783,7.980042457580566,4.189727569133282,0.00026452220514839073,1.4666300014389837,-0.2590016424655914,27.4976863861084,182.5106201171875
2011_89,2676871,20017,32528,39,-76.5,West,9.171646118164062,11.71656894683838,7.32353925704956,4.8658431640048985,0.0,0.243021729782423,-0.4011386146007104,31.231828689575195,177.92076110839844
2011_90,1144911,533026,66628,3,-79.5,West,10.962432861328123,14.597505569458008,7.015741348266602,6.622578600158489,0.009791761518990428,0.3333194498618279,-0.4644406886980609,19.4182071685791,216.94325256347656
2011_92,1999561,17094,34188,48,-69.5,West,6.66357421875,23.19305229187012,15.464548110961914,4.482576498858526,0.026331369746948184,0.11455740845208072,-0.7029646039009095,29.499208450317383,383.2589111328125
2011_93,3313671,939316,2935363,75,-84.5,East 1,16.394378662109375,19.014673233032227,13.283794403076172,7.2527085820252095,0.02656363378578808,3.678033939435243,-0.7107930738804087,27.14426040649414,444.76806640625
2011_94,2017591,521662,1108531,51,-75.0,East 2,8.42510986328125,16.987390518188477,10.861154556274414,5.3964809297231255,0.006361643193941094,1.708801150367957,-0.8722964124161519,30.92972755432129,234.94973754882807
2011_95,2033304,566160,1273860,54,-85.0,West,8.550048828125,15.669207572937012,9.84521484375,5.5009985234874215,1.7906267478223515e-06,1.1394541410024082,-0.3186648203792307,24.949312210083008,234.5758056640625
2011_96,57726,20062,2507,3,-71.5,East 2,0.882415771484375,10.1281099319458,5.356215000152588,2.8796659926187447,0.0,0.014099127789275813,-0.3840395745172034,9.434409141540527,51.57511138916016
2011_97,2450936,476131,952262,48,-85.0,West,10.081863403320312,16.71573829650879,10.314360618591309,4.181095684207967,0.004997433387159722,0.583537912481222,-0.619445761460056,30.251314163208008,255.69798278808597
2012_1,1194011,293516,513654,42,-76.0,East 2,8.408905029296875,13.975546836853027,7.131377220153809,6.678494191283679,0.012378336936774351,0.6853919820331065,-0.527456283569336,31.759654998779297,195.95721435546875
2012_2,3348204,594405,1188810,48,-80.0,East 2,10.387115478515623,14.173381805419922,8.06027603149414,5.126030160798245,0.0004576840441799222,1.0543937572468827,-0.1954988479614252,37.87021255493164,140.69976806640625
2012_3,1051102,210126,105063,12,-74.0,East 1,1.5946044921875,9.893653869628906,3.440915584564209,6.514227852403088,0.0,0.2510345655438508,-0.527257047790092,18.582910537719727,154.55841064453125
2012_4,1086310,125631,47111,9,-79.0,West,3.843109130859375,14.266461372375488,7.813661575317383,7.851897345475159,0.0,0.2728940891396293,-0.6790920937533717,36.35545349121094,255.1064910888672
2012_5,1190830,24646,12323,12,-69.5,East 1,5.46246337890625,8.015193939208984,3.865934133529663,4.418923127819243,0.0,0.051329097244095,-0.3957449098548992,29.266260147094727,60.91597366333008
2012_7,1387845,501084,1002169,48,-85.0,West,11.803619384765623,13.71823501586914,7.075101375579834,2.9582186904241947,0.0005128802798353021,1.3653501927009417,-0.6465270345116385,20.69930648803711,249.76980590820312
2012_8,2479722,60874,83702,33,-73.0,East 1,6.7248077392578125,11.071636199951172,7.010477066040039,5.949518082544813,0.0,0.2855241074091579,-0.5221239491526722,39.57136535644531,77.68141174316406
2012_9,1902404,145980,91238,15,-74.5,East 2,6.7411651611328125,11.606986045837402,5.997793197631836,4.469490838016781,0.0,0.283016668907606,-0.2227338760675926,22.72244453430176,104.00370025634766
2012_10,1419718,1069627,267406,6,-85.0,East 1,9.763870239257812,14.188308715820312,9.008625030517578,6.343301586180898,9.838040976154783e-06,0.30783637379035445,-0.2446437257463138,21.505895614624023,202.74777221679688
2012_14,1832147,562,1124,48,-67.5,East 2,0.410552978515625,7.171398639678955,3.279680013656616,5.81254850914367,0.0,0.002654842479487501,-0.6444348647683191,26.669652938842773,79.16893768310547
2012_15,1183232,7562,5671,18,-74.5,West,7.368743896484375,12.952223777770996,6.936810493469238,6.556417955865725,0.00029922082899332245,0.034290230249360724,-0.3723149994638589,31.44464874267578,252.3881378173828
2012_18,2887675,85495,192364,54,-77.5,West,14.312393188476562,18.706378936767575,12.419574737548828,4.460103275392854,0.0005521118043887722,0.8077547216296374,-0.5580846667289734,35.55244064331055,404.22796630859375
2012_19,1715350,23941,56860,57,-76.5,East 2,10.030746459960938,7.868756294250488,4.665659427642822,7.977328182073005,0.0,0.10089049441184057,-0.4023874818768411,27.147602081298828,74.464599609375
2012_21,1621129,294289,147144,12,-70.5,East 2,10.154800415039062,11.20627784729004,7.182887077331543,4.429677727394785,0.0,0.524545780872117,-0.5927682516044135,28.168006896972656,174.37936401367188
2012_22,1778164,115628,202350,42,-73.5,East 1,11.67755126953125,10.345558166503906,6.666379928588867,6.809175610724563,0.0,0.46640331459506856,-0.5058224042627769,35.464542388916016,195.33810424804688
2012_23,950366,23889,23889,24,-69.0,East 2,6.636199951171875,8.681876182556152,5.327818393707275,7.38111436985961,0.0,0.10223624964563512,-0.73605399973185,30.08655548095703,159.57742309570312
2012_24,2357973,484421,2664320,132,-85.0,West,26.48432922363281,18.8864803314209,12.943472862243652,6.715254522789457,0.009454026824250915,4.668024614373695,-0.4531771115642927,40.41628646850586,442.6891174316406
2012_26,2205196,1256534,1256534,24,-81.5,East 2,33.57049560546875,13.47657299041748,10.43407154083252,4.9061726327679205,0.002704722754675624,2.163103448792496,-0.5350212227587364,26.45871925354004,298.68817138671875
2012_27,660116,186226,46556,6,-81.0,West,18.567108154296875,11.727203369140623,5.880187511444092,3.8731517944447735,4.2020982242568897e-07,0.04426209107064104,-0.2206816807443224,18.303394317626957,190.742919921875
2012_28,1800696,16063,66262,99,-74.5,West,14.039215087890623,15.674184799194336,9.529645919799805,5.231811299377522,0.00026682627348533476,0.13998635575439292,-0.5422929744391916,36.66690826416016,447.5125427246094
2012_30,703812,180291,22536,3,-82.5,East 2,18.36239624023437,6.375443935394287,3.8027961254119873,3.724189954219505,0.0,0.09537536158745404,-0.5106175558286391,26.479978561401367,118.24351501464844
2012_31,1390578,231621,28952,3,-70.5,East 2,8.090301513671875,7.195987224578857,4.036087989807129,7.21071131093696,1.1121140062562936e-05,0.3632314783278494,-0.960989587913766,34.06705474853516,187.59002685546875
2012_32,1373049,9760,13420,33,-76.0,East 1,13.169876098632812,6.592556953430176,4.029445648193359,7.168375441807954,0.0,0.03338692071567936,-0.3157272338867187,29.41461753845215,152.6167755126953
2012_34,955985,251920,94470,9,-85.0,West,23.602554321289062,5.725748538970947,3.197136402130127,4.491765074728163,0.0,0.07914753440042499,-0.7242420257059622,28.764354705810547,129.38571166992188
2012_35,1241808,149491,56059,9,-72.0,East 2,9.937042236328123,7.061944961547852,3.902045726776123,7.494271914676227,0.0,0.08272713146850967,-0.6539436765069865,35.88465118408203,124.61376953125
2012_36,1151405,1111,833,18,-70.0,East 2,7.185577392578125,4.130208492279053,2.6126697063446045,9.69061900622916,0.0,0.001808944457790242,-1.0414123058086684,31.363813400268555,45.26997375488281
2012_37,1195185,685850,257193,9,-84.0,East 1,20.011016845703125,7.02575159072876,4.656887054443359,4.823327641202609,0.0,0.37745548564656467,-0.6369138261980974,19.46547508239746,111.84598541259766
2012_38,1700346,14282,7141,12,-67.5,West,13.003631591796877,12.82259464263916,8.29152774810791,4.047525929107356,0.00023974279283557834,0.05203625406891319,-0.5756294257897759,32.6224479675293,194.06198120117188
2012_39,1674931,329255,329255,24,-80.5,East 2,22.618804931640625,7.58973217010498,5.84980058670044,8.518905869529117,0.0,0.42648180746929215,-0.9302410231704314,47.28176498413086,204.5651092529297
2012_40,558980,154421,19302,3,-80.5,West,25.584884643554688,5.470939636230469,3.3953819274902344,2.3759658446408354,0.0,0.1141744827750855,-0.3889261431863729,17.671850204467773,71.02559661865234
2012_41,2057496,8228,13370,39,-72.0,East 1,12.153976440429688,5.766672134399414,3.565676212310791,7.538132005081424,0.0,0.09517356001349336,-0.6329508826230128,32.06642150878906,113.04637145996094
2012_42,2320526,178164,489953,66,-76.0,East 2,21.48748779296875,11.56946849822998,9.283401489257812,6.737363951091703,0.0,0.5969877143499845,-1.1224267949548543,33.30990219116211,213.58822631835935
2012_43,1820169,248422,186317,18,-77.0,West,21.34381103515625,14.945080757141112,11.093159675598145,6.563845602412629,0.003671029042314558,0.6355791426720633,-0.5915706129786225,29.120346069335938,358.0227355957031
2012_44,1222531,139599,34899,6,-81.5,East 2,14.860336303710938,7.080402374267578,5.320396900177002,7.023067653729482,0.0,0.11039492855379404,-0.2121326219521722,30.309877395629883,126.57881927490234
2012_45,986574,269206,100952,9,-81.5,East 1,14.719467163085938,6.066730499267578,3.850269079208374,4.112969591568436,0.0,0.1922264266825931,-0.6701114209049875,26.22618293762207,87.71993255615234
2012_46,2860408,9647,13265,33,-79.0,East 1,16.182510375976562,9.32883071899414,4.573434829711914,7.578613837654533,0.0,0.01481614598586741,-0.2348169088363647,35.327415466308594,182.41635131835935
2012_47,1278946,748955,374477,12,-85.0,East 2,21.924819946289062,7.004562854766846,4.766458034515381,3.4944635750279764,0.0,0.3440891959140473,-0.3668112947945298,21.824262619018555,136.263671875
2012_49,1205096,139819,52432,9,-81.5,East 2,18.21771240234375,3.837578296661377,2.2058982849121094,4.903569775438964,0.0,0.09069154750138156,-0.1284966462396585,28.218318939208984,39.97831344604492
2012_50,1695976,377148,424291,27,-82.5,East 2,20.150436401367188,9.863494873046877,7.110199928283691,7.188026010940897,0.0,0.45312805227407404,-0.609159464399966,36.92868423461914,243.5670623779297
2012_53,1758269,41850,88931,51,-71.5,East 1,8.679931640625,5.2714715003967285,2.647397994995117,6.742578684570455,0.0,0.12381606024330752,-0.59201563452602,27.850473403930664,99.11676025390624
2012_54,1565266,234848,499053,51,-83.5,West,30.522262573242188,11.490692138671877,7.7993011474609375,6.797729699339506,0.0057223921955573635,1.0100265344382877,-0.5520281623397141,44.00323486328125,300.6789855957031
2012_55,1341614,1782,1559,21,-66.5,East 1,10.646102905273438,5.507237911224365,3.496378183364868,3.9246438809182953,0.0,0.015128844061047168,-0.1679137895802968,31.702571868896484,52.92224884033203
2012_57,1128838,1560,1170,18,-77.5,East 2,4.569992065429688,7.344393253326416,4.273463249206543,7.149465176770377,0.0,0.017689331459158637,-0.3451204370503061,30.022703170776367,143.8616943359375
2012_58,645814,115181,28795,6,-83.0,West,20.060348510742188,6.098698616027832,3.412529945373535,2.4183324618106266,0.0,0.06075010277311394,-0.4750594878020766,23.46239471435547,119.4033203125
2012_60,1551521,14672,14672,24,-71.5,East 1,6.231002807617188,6.020077228546143,3.237208366394043,6.929044330699532,0.0,0.02423555630056452,-0.5594257694742197,26.82084274291992,81.6003646850586
2012_61,1534586,211298,369771,42,-75.5,East 1,14.511138916015623,7.896201133728027,5.292428016662598,6.1468537116336055,0.0,0.47122976580054055,-0.5947041211729492,37.07284927368164,153.7220458984375
2012_62,1841139,591012,1920790,78,-84.0,East 1,25.628326416015625,10.381293296813965,7.598424434661865,3.908153031971677,0.0,1.6411466411018691,-0.3346462647120155,24.862924575805664,201.14398193359372
2012_63,1337849,486979,486979,24,-83.0,East 1,20.134552001953125,7.650017261505127,4.869191646575928,3.655431157559081,0.0,0.2411073069234288,-0.2240590073295701,26.318527221679688,94.07022857666016
2012_64,2279933,398677,1046527,63,-84.0,East 1,13.328811645507812,11.181329727172852,6.836166858673096,6.852579145354859,0.0,1.2597071198399965,-0.8009875234083385,21.23307991027832,236.8863220214844
2012_65,1245503,106180,66363,15,-69.0,East 2,8.406570434570312,10.996112823486328,6.819736480712891,6.217995822414208,0.0,0.33538981086936487,-0.7421270390726921,24.721843719482425,146.88314819335938
2012_66,1123058,1092524,136565,3,-85.0,East 2,11.112167358398438,9.153879165649414,5.082956790924072,3.584448636888706,0.0,0.09379848519273253,-0.1956070548206931,9.687889099121094,77.20170593261719
2012_67,1708500,4164,3643,21,-67.5,East 1,2.772705078125,7.526886940002441,3.5871269702911377,6.69154549590541,0.0,0.04134065162376781,-0.6972580153064242,32.31949234008789,55.65743255615234
2012_68,2060145,643,723,27,-68.0,East 1,5.078094482421875,6.798349380493164,3.347734212875366,4.747658169352855,0.0,0.012265164165278168,-0.3547965139150621,32.453128814697266,33.17775344848633
2012_69,2835295,32547,65094,48,-81.0,West,7.823577880859375,12.254999160766602,6.431006908416748,7.455682651032925,0.0,0.16215283955666857,-0.2945767098637799,40.62444305419922,123.32657623291016
2012_70,1842778,395602,1137356,69,-85.0,West,10.492050170898438,14.794418334960938,8.634790420532227,5.083006114350003,0.00025694579425465186,1.3490411747002964,-0.4599998272784291,28.748056411743164,247.9110412597656
2012_71,1758759,16405,45113,66,-69.5,East 1,2.571746826171875,12.610796928405762,7.60798168182373,5.870735931971853,0.000157564847918443,0.15241578924415705,-0.1614277344315778,29.53547477722168,230.68606567382807
2012_72,1359406,48655,24327,12,-76.0,West,5.8763427734375,13.932909965515137,7.373666286468506,4.180022473978447,0.0001309037663445549,0.15329461362491884,-0.3943753973273923,21.93291664123535,189.4687347412109
2013_1,1689337,95839,311478,78,-75.5,East 2,7.868072509765625,16.914644241333008,10.070474624633787,10.29987879420774,0.01676448779499291,0.4181443207793409,-0.4485844541826901,40.09360504150391,207.33615112304688
2013_4,2687713,439510,1043837,57,-84.0,East 2,11.477447509765623,17.176212310791016,11.72873878479004,5.457388308946354,2.871283751633144e-05,1.548511756490131,-0.7367201766623829,31.60319709777832,302.8294677734375
2013_5,1870977,10491,14425,33,-68.0,East 2,0.235931396484375,11.49614715576172,4.6519775390625,5.497254066772419,0.0,0.06423966990912343,-0.6586481749956228,27.789180755615234,158.79074096679688
2013_6,1977073,582688,1383885,57,-85.0,West,14.561981201171877,16.46335792541504,9.609649658203123,6.086651151132123,0.00045736754693848135,2.380224302532668,-0.6864329316576462,25.767072677612305,342.1296081542969
2013_7,1736009,76305,85843,27,-72.0,East 1,6.999069213867188,14.462950706481934,9.176109313964844,5.000644526877148,0.0,0.4325280940506169,-0.6014281720434742,29.428861618041992,301.6083374023437
2013_8,2571451,328496,533806,39,-85.0,West,13.818588256835938,17.387889862060547,10.673717498779297,4.106253139838387,0.002604041304659183,0.9641128193900002,-0.4016125509446274,30.5034294128418,419.9450988769531
2013_9,2379939,337234,632313,45,-76.5,East 2,6.4356689453125,15.173768997192385,9.205501556396484,6.248229347924434,0.0,1.1247508031462068,-0.7534182220151743,31.134750366210938,281.1016540527344
2013_10,1912726,1120482,980422,21,-85.0,West,19.050857543945312,13.663110733032228,8.47616958618164,2.6166958058588388,0.013190584498186532,1.5613151709169688,-0.4921915682143584,25.796581268310547,368.71429443359375
2013_12,2654848,475817,594771,30,-85.0,West,21.948699951171875,19.02367401123047,12.13103485107422,4.620407194949802,0.0026262174954848326,1.2720475950901196,-0.5365365598820266,35.41815948486328,426.0091552734375
2013_14,1474828,103738,129673,30,-73.5,East 1,7.632644653320312,8.145833015441895,3.548883438110352,7.2396305847586016,0.0,0.1938065875614211,-0.7426204923874675,32.0026969909668,165.0084991455078
2013_15,1063430,83619,83619,24,-77.0,West,13.674392700195312,15.585882186889648,8.093111038208008,3.929721133576895,0.0008390212683235695,0.2726837630639395,-0.5680522798223557,26.46162223815918,306.8610534667969
2013_16,2419122,397568,993920,60,-85.0,East 1,23.604812622070312,10.254372596740724,6.622184753417969,4.081971854522354,0.0,1.064440350224296,-0.6844515800476074,35.78206253051758,285.88397216796875
2013_18,1755102,238846,238846,24,-80.0,West,21.05047607421875,15.3402738571167,10.009879112243652,8.909195111111716,0.000529188785687076,0.5314798490765598,-0.6542745330317399,32.506858825683594,354.7669372558594
2013_19,984254,191979,47994,6,-78.0,East 2,11.463653564453123,3.4274356365203857,2.2262425422668457,9.448410961031415,0.0,0.07393016560510277,-0.2406388337439213,21.66573143005371,32.10062789916992
2013_20,2435408,38525,38525,24,-70.0,East 2,12.969558715820312,8.243943214416504,5.207322597503662,8.214132747864761,0.0,0.29412450525730327,-0.4979351311922073,31.359447479248047,188.80743408203125
2013_21,2709035,154249,482029,75,-85.0,West,14.251007080078123,15.247346878051758,10.209529876708984,6.263812433635263,0.0,0.9733990955635392,-0.6857401081297227,38.64037704467773,306.4634094238281
2013_22,1258051,1144,858,18,-68.0,West,8.3370361328125,13.785491943359377,7.640953540802002,2.646633311694342,0.0,0.004390857666991708,-0.2008313517025936,21.24667358398437,224.6916046142578
2013_23,657644,64401,32200,12,-77.0,West,13.971084594726562,8.6260347366333,4.655494689941406,9.325941762758676,0.0,0.26108541315114386,-1.7889890083974007,35.37100982666016,210.7501983642578
2013_24,3428651,730981,2192945,72,-85.0,East 1,33.251129150390625,10.429421424865724,7.863321304321289,5.97293832792227,0.0,2.3341428274060867,-0.5862193232739721,37.17924880981445,344.7232971191406
2013_25,1466143,27490,37799,33,-73.0,East 2,15.0419921875,7.387293338775635,5.201455593109131,7.221251886624737,0.0,0.12627492671672852,-1.0166501104831716,23.9614315032959,108.66535949707033
2013_26,1090147,493388,61673,3,-73.5,East 2,16.478225708007812,8.297776222229004,4.762248516082764,5.72816060971781,0.0,0.4677437152772135,-0.6251478221277942,30.962305068969727,148.03041076660156
2013_27,1356332,357320,401985,27,-85.0,West,23.57972717285156,7.859629154205322,5.300451755523682,4.564084401360936,0.0,0.41372707008109255,-0.2941182906496388,29.41776657104492,151.25857543945312
2013_28,1859569,1357569,339392,6,-79.0,East 2,20.19664001464844,7.230056285858154,4.102591514587402,7.632541157979131,0.0,0.6887074998799212,-0.416492485626891,28.520265579223636,144.74832153320312
2013_29,1269361,489995,183748,9,-84.0,East 1,24.922653198242188,7.347886085510254,4.78766679763794,2.5674240192467743,0.0,0.18181615039985083,-0.570493287952448,21.775102615356445,142.89852905273438
2013_30,624538,401712,50214,3,-85.0,East 1,23.193359375,7.171789646148682,4.608677864074707,3.234074151080774,0.0,0.048704754133303524,-0.3149792393782991,16.827539443969727,105.67904663085938
2013_31,2125053,206989,569220,66,-85.0,West,31.220382690429688,9.635223388671877,6.034289360046387,4.526448116694661,0.0,0.8297121540768371,-0.3753254562616354,31.50044250488281,201.02078247070312
2013_32,1282785,21164,34392,39,-85.0,West,25.56391906738281,6.165211200714111,3.649544954299927,4.750210058187822,0.0,0.017573067320107844,-0.3403400363729562,30.58686828613281,64.0015869140625
2013_33,1257516,269490,33686,3,-85.0,West,25.46986389160156,5.915247917175293,3.399214267730713,4.866745538201846,0.0,0.010825614079461065,-0.3448932581191621,28.523595809936523,61.98890686035156
2013_34,1096953,228,400,42,-65.5,East 2,3.096435546875,9.193603515625,5.782004356384277,6.789098187131351,0.0,0.0012810305589745642,-0.7627425193786621,34.221954345703125,126.76670837402344
2013_36,3274405,585076,1974633,81,-85.0,East 1,30.090499877929688,8.778155326843262,6.100601673126221,7.408195457836274,0.0,1.0426492324177485,-0.3212488244226987,40.92864608764648,257.8837585449219
2013_37,630788,215259,26907,3,-85.0,East 2,5.352386474609375,1.6098588705062866,0.4472045302391052,5.270507091617303,0.0,0.006623829635610279,-0.1325555910181825,26.013202667236328,8.646878242492676
2013_40,616918,128933,32233,6,-70.5,East 1,13.399429321289062,5.02520227432251,3.360856056213379,6.059632829235191,0.0,0.1670241562714611,-1.105966540811699,18.451345443725582,72.46102905273438
2013_41,2958432,539077,1078155,48,-85.0,East 1,20.59779357910156,9.48590087890625,7.4207587242126465,7.734434238745559,0.0,1.2000973038769065,-1.1623642444610598,34.97205352783203,262.2395324707031
2013_42,2186656,10280,15420,36,-77.5,East 1,13.635406494140623,5.541563987731934,3.2815017700195312,6.191922362281936,0.0,0.06786320644429106,-0.6185458302497862,38.22138595581055,76.44598388671875
2013_43,2328688,41111,51389,30,-69.5,East 2,9.905654907226562,7.469654083251953,4.406281471252441,8.188981752797053,0.0,0.19546853794016628,-1.5033077782767863,33.87067031860352,237.87013244628903
2013_44,3675069,428083,1123717,63,-85.0,West,24.888885498046875,13.898818969726562,10.18814468383789,3.9632031430750354,0.00449836670142881,2.158882103339579,-0.4090090095996856,32.54600524902344,304.26904296875
2013_45,1159870,425,266,15,-74.0,East 1,2.1240234375,4.205004215240479,1.9781081676483157,4.905882610239353,0.0,0.000561021790666004,-0.3896903395652771,29.336809158325195,74.89337921142578
2013_46,1664119,372983,279737,18,-80.5,East 2,20.693267822265625,11.333040237426758,9.09720516204834,7.919593897500884,0.0,0.34492063800814227,-0.4873565570628443,27.87598419189453,235.3572998046875
2013_47,3441001,1066707,3866813,87,-85.0,East 1,25.304473876953125,8.133541107177734,6.051536083221436,8.643980778630036,0.0,1.830905178715238,-0.7426009174354867,44.50541305541992,214.16812133789065
2013_48,1155643,228447,85667,9,-73.5,East 2,18.57759094238281,7.200160503387451,4.451528549194336,6.44667489175207,0.0,0.2683891161451528,-0.8715757814030909,37.73927688598633,177.89842224121094
2013_49,1559705,255769,383653,36,-85.0,East 1,30.481369018554688,6.99179220199585,4.719775199890137,4.210629584994422,0.0,0.28575391569596936,-0.2816007211419536,35.18801498413086,152.1964569091797
2013_50,1922232,234443,322360,33,-84.0,West,15.811111450195312,12.196696281433104,8.431302070617676,6.62197837146566,0.0,0.9407172343261871,-1.3177851924857191,31.27281951904297,291.333251953125
2013_52,941256,69630,26111,9,-80.5,West,15.261032104492188,5.993808269500732,3.8300492763519287,6.649136787562985,0.0,0.142480637952403,-0.7907811388707293,27.7204647064209,122.11180877685548
2013_54,2503939,377033,706938,45,-78.0,East 2,22.78016662597656,10.725024223327637,7.971729278564453,6.726945534996756,0.0,1.105427253643437,-1.1137580871582025,38.21304702758789,257.6518249511719
2013_55,974441,789316,98664,3,-76.0,East 1,14.293304443359377,3.668156623840332,1.9892578125,9.230356409064765,0.0,0.16480985301759746,-0.5275346707847806,33.73058319091797,104.15072631835938
2013_56,1058633,578206,216827,9,-83.5,East 2,16.4464111328125,3.4017391204833984,1.885329842567444,5.635324456435731,0.0,0.0346761936138613,-0.210343740737681,22.68728828430176,18.889482498168945
2013_59,1230574,633612,158403,6,-75.0,East 2,20.67982482910156,8.355417251586914,5.48921537399292,8.726215921139122,0.0,0.44826197663039785,-0.7751175761270206,23.520648956298828,191.7894744873047
2013_60,861755,254400,222600,21,-85.0,West,24.508346557617188,6.68448543548584,4.158644199371338,2.6888873223388448,0.0,0.21070857568318316,-0.4399457297915397,21.50735092163086,116.03189849853516
2013_61,2199593,2134737,533684,6,-85.0,East 2,28.175613403320312,7.886711597442627,5.197626113891602,6.848922607405441,0.0,0.2063657361435884,-0.2086470286664219,17.83631134033203,110.87036895751952
2013_62,2185303,383437,814804,51,-85.0,West,25.52021789550781,15.472966194152832,10.832279205322266,3.7505656465364656,0.01947099562612898,1.5043907933534602,-0.5365484856422512,27.760194778442383,333.4287109375
2013_63,1404727,550614,619441,27,-85.0,West,17.182281494140625,14.311495780944824,9.811899185180664,4.626741691136233,0.0,1.0816426746402221,-0.5461264615802774,26.62725257873535,317.0011901855469
2013_64,702340,42272,15852,9,-68.0,East 2,7.473953247070312,6.634201526641846,3.371689319610596,5.891918961845928,0.0,0.0720369670427594,-0.6900213207649777,38.63663101196289,73.18193054199219
2013_65,1215679,15919,17909,27,-73.5,West,8.3160400390625,16.203262329101562,10.193950653076172,8.367526484838683,0.00021603662529526038,0.11793745873492684,-0.8404873064834016,22.135290145874023,318.6312561035156
2013_66,1837896,542048,1084097,48,-84.0,East 1,15.8153076171875,8.032663345336914,5.307587623596191,6.110041883331006,0.0,0.7288003703519574,-0.6478768340982378,32.89719772338867,213.85476684570312
2013_67,1954714,50498,75747,36,-75.5,East 1,13.30999755859375,10.16453742980957,7.199647903442383,5.442771706476671,0.0,0.4154796687667193,-0.8294843352983512,31.24652862548828,185.2381591796875
2013_68,2547614,793643,2281726,69,-85.0,East 1,12.21673583984375,9.480259895324709,5.149709224700928,4.181474380590909,0.0,1.7811793560823586,-0.6316111683845519,34.42530822753906,204.57786560058597
2013_69,2680951,492653,1354797,66,-83.0,East 2,16.967544555664062,14.349291801452637,9.537622451782228,5.207873169080347,0.0038953027150527373,1.7337167170993304,-0.5608545335811422,37.86005401611328,321.4208374023437
2013_70,1468161,128666,321667,60,-73.0,East 2,10.681396484375,12.431805610656738,8.646141052246094,6.150024677949865,0.0,0.8607525497814846,-0.5327444146380456,31.956201553344727,231.25819396972656
2013_71,1044967,213465,80049,9,-84.5,West,15.0179443359375,10.045571327209473,6.492036819458008,3.8174350854338366,0.0,0.12311720794359948,-0.4805501058042452,22.90513038635254,163.79994201660156
2013_72,1645945,99557,199115,48,-72.5,East 2,13.819610595703123,12.800625801086426,8.141885757446289,4.989814113544516,0.0021600441073107743,0.3414068734885117,-0.4236753135919573,27.006664276123047,213.32223510742188
2013_74,1205287,102742,77056,18,-73.0,East 2,7.1929931640625,11.78542423248291,6.090185165405273,4.18248318991544,0.0015050816838729697,0.17290529542085425,-0.5355184835666259,31.685182571411133,89.10128784179688
2013_76,1484291,135593,186440,33,-81.5,West,7.88653564453125,13.712377548217772,7.88838529586792,2.41613727960107,0.00011141788581746993,0.4817196633915418,-0.3130577344530076,23.179203033447266,270.1046142578125
2013_78,1331015,30459,41882,33,-71.5,East 1,4.314849853515625,8.100707054138184,2.809515953063965,8.015604136351014,7.312839640355601e-05,0.17094052473563548,-0.8592551569624053,26.14396476745605,108.81599426269533
2014_3,1902950,20602,18026,21,-78.5,East 2,3.6243896484375,11.851373672485352,5.535473346710205,4.713502491156375,5.184875996168081e-05,0.02661043989045939,-0.2389504388711178,27.10747528076172,183.7297515869141
2014_4,2666048,42505,138143,78,-80.0,West,10.63714599609375,13.808900833129885,8.007933616638184,5.339825625713257,0.0018070404487778755,0.38890420519787566,-0.2363152944505071,28.656572341918945,283.5635986328125
2014_5,1688461,1719,644,9,-71.5,West,0.50799560546875,10.562714576721191,2.722908496856689,5.0721865931660295,0.0,0.005887303927538835,-0.4258270424722543,33.964744567871094,282.4071960449219
2014_6,2369052,93502,151940,39,-71.0,East 2,3.371368408203125,13.434025764465332,7.688426971435547,6.413755123116314,0.0,0.70179790045344,-0.7174541539770181,36.58674621582031,210.06326293945312
2014_7,1047945,78861,39430,12,-71.0,East 1,6.209884643554688,8.216567993164062,3.625250577926636,5.056824189444152,0.0,0.14632219463091137,-0.614691294698899,24.964805603027344,70.26072692871094
2014_8,1040873,54764,6845,3,-75.5,West,6.62200927734375,10.663647651672363,4.2199788093566895,4.421433556196457,0.0,0.033612312242319725,-0.5513468077758042,26.22356986999512,179.64230346679688
2014_9,1408898,56585,56585,24,-78.0,West,14.321640014648438,7.726269245147705,3.4450221061706543,2.921248181248723,0.0,0.11449839118231353,-0.322275656351502,23.52663993835449,103.59447479248048
2014_10,888623,4324,540,3,-75.0,East 1,1.802764892578125,10.079151153564451,5.405091762542725,4.864299649594292,0.0,0.005349905300666827,-0.3472786429757496,20.237621307373047,163.9405059814453
2014_11,2899512,115751,260441,54,-78.5,East 2,9.413925170898438,10.156307220458984,6.383983612060547,7.556603682136444,0.0,0.39220749249425857,-0.1464740799994931,33.80786895751953,186.93145751953125
2014_12,1808139,1649,3299,48,-70.5,East 1,2.1243896484375,7.574853420257568,2.9691977500915527,5.418501366338881,0.0,0.04075747675447489,-0.5120620727539061,28.28322029113769,79.60438537597656
2014_13,3628712,19828,81793,99,-78.0,West,5.3065948486328125,13.533161163330078,8.479984283447266,4.798211903400557,3.5411961860920197e-07,0.2835120901230741,-0.6562109390894562,35.17452621459961,192.17742919921875
2014_14,1435919,264258,198193,18,-72.5,East 1,11.47662353515625,10.029993057250977,5.626082420349121,5.780462838483758,9.769622180603479e-08,0.5696450368696421,-0.6505201874411374,31.34889793395996,192.1492462158203
2014_15,1841348,32383,36431,27,-77.0,West,10.4566650390625,13.22791862487793,7.903209209442139,4.54179090211152,0.0,0.2802822120181139,-1.3434291888179193,22.061113357543945,296.8547058105469
2014_16,2087523,331222,745249,54,-85.0,East 1,21.278533935546875,13.996806144714355,8.498442649841309,4.904429891323898,9.64561514813343e-06,1.088666109949263,-0.5032002654221254,24.638586044311523,211.96868896484372
2014_17,2498073,705001,1145626,39,-81.5,East 2,19.616226196289062,12.87862777709961,9.52457046508789,6.63106865010374,8.67966202450044e-05,1.6122565462299407,-0.9056367874145508,34.147396087646484,228.13015747070312
2014_18,1717388,810306,303864,9,-85.0,West,23.793991088867188,11.777947425842283,5.949770927429199,3.892239258865314,0.0,0.6052160980537551,-0.5442941821439731,28.04399871826172,244.07452392578125
2014_19,132877,17495,2186,3,-70.5,East 1,-2.7845611572265625,3.2303617000579834,1.050736904144287,9.508673585944925,0.0,0.009994955790641764,-0.6512939178156676,17.8747615814209,22.83289337158203
2014_20,1209129,440263,330197,18,-82.0,West,23.98583984375,17.082653045654297,11.049196243286133,3.5603936296865357,0.0202603139124188,0.994781373873433,-0.838849976706887,25.251588821411133,467.8048706054688
2014_21,1071979,233628,116814,12,-78.5,West,20.8333740234375,15.960735321044922,10.017727851867676,4.557116765707792,0.008858632932215527,0.44634904775467626,-0.4698236238485961,33.01187896728516,362.1645812988281
2014_22,1464500,6252,3126,12,-65.5,West,6.394073486328125,15.37971019744873,8.635675430297852,7.870995208774073,3.843031354251704e-05,0.013143236788948178,-0.4485778473220829,21.3010368347168,216.66790771484372
2014_23,1326578,282299,176437,15,-85.0,West,18.529769897460938,15.997952461242676,9.85341453552246,9.91447764259325,2.525231561629289e-07,0.28060673084242954,-0.7805178822173737,25.465925216674805,367.643798828125
2014_24,832581,129536,32384,6,-78.5,West,21.197906494140625,6.486654281616211,3.6054165363311768,3.84164037030904,0.0,0.07315253626613766,-0.4120845029381965,23.942771911621094,103.4042739868164
2014_25,1289780,11780,10307,21,-72.5,West,11.5889892578125,11.41219711303711,6.372373104095459,3.78934649473371,0.00023306281005414366,0.07291891058038354,-0.4034313559532165,32.29825592041016,204.4977569580078
2014_26,2583841,748141,2712012,87,-85.0,West,19.62875366210937,17.18305206298828,11.03851318359375,3.210713313532186,0.019781045761302938,2.6677696803631816,-0.66271068317597,31.23821258544922,448.142578125
2014_27,1322151,91146,262045,69,-85.0,West,20.973846435546875,10.24180793762207,6.976308822631836,5.966540481990182,0.0,0.3138696054142719,-0.4630343632232958,34.29325485229492,210.4455718994141
2014_28,2256076,81265,152371,45,-73.0,East 1,14.973892211914062,9.089248657226562,5.850297927856445,4.263114844274024,0.0,0.22323966991518837,-0.7840085625648499,27.77311897277832,138.80335998535156
2014_29,2449235,1188978,2377956,48,-84.0,East 2,23.633758544921875,14.78954792022705,11.113115310668944,5.803406082706597,0.0,2.1503252543847107,-0.4667496459215673,31.672325134277344,340.19512939453125
2014_30,1380125,68816,103224,36,-76.5,East 1,15.423568725585938,8.10784912109375,4.812561988830566,5.96776964414594,0.0,0.3106599681365986,-0.811994743834886,41.33070755004883,172.9888916015625
2014_31,1622902,259312,388968,36,-85.0,West,19.348785400390625,16.19703483581543,11.784762382507324,6.896451178349607,0.0,1.12314517529978,-0.9079773722731966,27.92337226867676,344.7539367675781
2014_32,1837533,96690,120862,30,-72.0,East 2,13.45074462890625,9.669217109680176,7.168140888214111,7.363006468177123,0.0,0.22171729823413017,-0.8140368816706217,27.224977493286133,209.10153198242188
2014_33,676790,342854,85713,6,-85.0,West,17.032974243164062,9.828069686889648,5.209988594055176,3.741275521267867,0.0,0.2873470445066299,-0.5921301372378392,26.321231842041016,266.28668212890625
2014_35,1176435,211700,132313,15,-77.0,West,14.962799072265623,15.062335968017578,10.287158966064451,7.689838089503978,0.00041944290463898776,0.34064083871891965,-0.9972565459867904,38.42196273803711,308.4881591796875
2014_36,1216184,41993,68239,39,-71.5,East 2,10.313720703125,7.682745456695557,5.446910858154297,7.367485731288338,0.0,0.15353371739152638,-0.8395780324935913,33.07026290893555,188.4535980224609
2014_37,1800395,256936,160585,15,-78.0,West,18.783111572265625,13.081689834594728,8.270126342773438,8.510425905485869,3.777333963942918e-05,0.3422544337864657,-0.6826755646413134,21.809043884277344,207.88938903808597
2014_38,952221,87877,10984,3,-79.0,West,18.70263671875,8.593193054199219,6.398896217346191,4.434286503296371,0.0,0.1223858843358976,-0.8258405695138265,27.071025848388672,210.69322204589844
2014_39,1361395,10605,6628,15,-67.0,East 2,13.31988525390625,6.596100807189941,3.6640939712524414,6.059163956382935,0.0,0.050196385825693184,-1.4013325373331704,33.85331344604492,117.28518676757812
2014_40,66943,4806,600,3,-66.0,East 2,6.449020385742188,5.395190715789795,2.382516384124756,7.52302414817696,0.0,0.005208923601079855,-1.3565177122751868,27.54662704467773,119.5949249267578
2014_42,3438234,290570,1598137,132,-82.0,East 1,23.44854736328125,10.42707061767578,8.291805267333984,6.382129134245602,0.0,1.882937639333608,-0.7353826284408564,34.290157318115234,203.91607666015625
2014_44,1443396,483317,604146,30,-85.0,West,23.577423095703125,12.558836936950684,8.793442726135254,8.076559986331572,0.0,1.2531809721563987,-1.1499923284208144,24.476608276367188,307.2566223144531
2014_45,606896,191713,23964,3,-79.5,West,18.589111328125,8.226669311523438,4.2880144119262695,4.6676930335475415,0.0,0.14135836421445885,-0.5144033358994753,37.21622467041016,245.52540588378903
2014_46,3032757,145289,290579,48,-85.0,West,19.668609619140625,8.243766784667969,5.164745330810547,10.144235708863445,0.0,0.4605321557120637,-0.81051224072638,36.24337768554688,192.16644287109372
2014_47,1260947,259989,552477,51,-84.5,West,21.287994384765625,12.11377239227295,7.528779029846191,4.567796450956323,0.00015590540592996176,0.9359222808255574,-1.0334321987700612,33.03513717651367,294.61572265625
2014_48,2163433,535271,802907,36,-85.0,West,29.5848388671875,11.816723823547363,8.934459686279297,3.738464493111505,3.776577655758194e-06,0.9013899306602196,-0.6886950783140786,26.5224723815918,243.1761932373047
2014_49,2053328,15554,31109,48,-73.0,East 1,12.984848022460938,8.052106857299805,5.634329795837402,4.861123440158015,0.0,0.061348546404126535,-0.469859540462494,34.49610900878906,120.8370361328125
2014_52,1620981,36949,18474,12,-70.5,West,11.12030029296875,13.318011283874512,7.308700084686279,5.55359587117982,0.0017147720355053459,0.1205997079325615,-0.9165535252756356,21.837459564208984,208.16925048828125
2014_53,2182653,704449,1056674,36,-85.0,East 2,18.68989562988281,7.57921552658081,5.441714763641357,9.513364050690347,0.0,0.7267238447425949,-0.3022245571229331,37.22001266479492,107.6051788330078
2014_56,64978,57992,7249,3,-73.5,East 2,8.2000732421875,4.1021409034729,2.053858995437622,3.59066187896483,0.0,0.014096858863033924,-0.4755843122732042,21.541696548461918,75.46414184570312
2014_57,1859033,682596,1535841,54,-85.0,West,22.24018859863281,12.966405868530272,7.780115604400635,6.141406598237457,0.0093931300060754,2.6025909277627783,-1.5621911873183412,30.42613410949707,322.00897216796875
2014_58,3693458,887328,2772901,75,-85.0,East 1,26.973846435546875,10.308411598205566,7.527585983276367,7.141967264873734,0.0,1.4961675876267775,-0.2801619470119476,27.63701629638672,230.42788696289065
2014_61,2133367,489294,978589,48,-81.0,East 2,13.3778076171875,12.939663887023926,7.843487739562988,6.206394533566758,0.00035160895475672366,1.0733709876009199,-0.3456349968910218,32.75373458862305,256.7575378417969
2014_62,2630096,26395,52791,48,-71.0,East 1,4.908538818359375,7.933333873748779,3.0745086669921875,5.729135053624871,1.2808894750515512e-07,0.20222243469757756,-0.6755390233237613,23.51591682434082,148.00970458984375
2014_63,1081538,214203,133876,15,-83.5,East 1,4.4267578125,8.202372550964355,2.558487892150879,4.411422432838494,0.0,0.10226018530382032,-0.5573265283001605,27.210205078125,186.5126800537109
2014_64,2258585,418829,732952,42,-83.0,West,9.82159423828125,15.565069198608398,9.163652420043944,4.90920201036687,0.0010201039415881515,1.1854966705382124,-0.5805289110906964,30.66388320922852,315.81414794921875
2015_1,1814288,57135,28567,12,-75.5,West,5.22943115234375,11.946606636047363,5.651758670806885,4.568025754381796,0.0001769224521281509,0.049824829797994394,-0.3659091897006326,24.645647048950195,203.86715698242188
2015_2,1614075,16049,14043,21,-70.0,East 2,4.9610595703125,10.112951278686523,3.5195202827453613,4.248909710706302,0.0,0.0550037737512881,-0.4088477956374848,21.80443572998047,118.5729522705078
2015_3,3524282,503977,1196946,57,-84.0,East 1,9.458740234375,18.994274139404297,13.344043731689451,7.101418834010354,0.0005203339609654678,1.79850558399653,-0.5766072021056158,34.60242462158203,532.1744384765625
2015_4,1122946,152259,76129,12,-73.5,East 1,3.3270263671875,9.296725273132324,3.611379623413086,4.887899575442654,0.0,0.22170380491263267,-0.5565538468865435,21.84746360778809,128.5102996826172
2015_5,1554524,221389,387432,42,-77.0,East 2,5.86358642578125,11.362260818481444,4.435276508331299,6.91840322658121,0.0004549655141348622,0.43965181218957805,-0.2162273526191711,26.36181640625,160.27732849121094
2015_7,1327951,102682,154024,36,-76.0,West,6.977325439453125,17.897663116455078,9.350090026855469,4.363785154862569,0.01938806711108423,0.3521168583795285,-0.3818089482112974,26.706588745117188,344.6756286621094
2015_8,1802055,267246,267246,24,-72.0,East 2,7.659515380859375,14.32180118560791,8.068782806396484,4.107226089623752,0.006025916023985992,0.7829675037075793,-0.2897228506589436,24.44544219970703,231.84181213378903
2015_9,2891160,20700,38814,45,-69.5,East 2,2.3363494873046875,14.359857559204102,8.711915016174316,5.836656222950536,0.0002862304126652632,0.3500257544540713,-0.3371972052770715,28.09679412841797,146.78392028808594
2015_10,2296756,175488,197424,27,-82.0,West,12.369155883789062,12.28098487854004,6.680706977844238,4.31489294522677,0.0,0.2824329608597283,-0.2262527876900914,25.97817039489746,259.241943359375
2015_11,1093967,15576,9735,15,-70.5,West,3.817779541015625,15.168917655944824,6.400371551513672,6.380321611445766,0.001984697134262273,0.03742220562514135,-0.6300717198790546,25.80566024780273,284.2182922363281
2015_12,981705,314592,117972,9,-83.0,East 1,11.35693359375,8.786684036254883,3.286177635192871,3.5665081831894825,0.0,0.12449584961460476,-0.5885074340929001,22.99018859863281,129.97012329101562
2015_13,1385737,199387,224310,27,-73.0,East 2,6.676559448242188,13.007490158081056,7.039222240447998,4.89526992126629,0.0,0.39748264880077294,-0.8264290072957692,29.11500740051269,143.47230529785156
2015_14,1581293,145036,398851,66,-85.0,West,11.446731567382812,17.750930786132812,10.897222518920898,4.715042868182849,3.6797787990051993e-06,1.2441138722465355,-0.4862568453997924,23.229326248168945,452.4840393066406
2015_15,2328473,321308,803272,60,-82.0,East 1,17.466644287109375,11.777013778686523,7.26888370513916,5.113018876431191,0.0,0.9445787559511633,-0.3658163249492645,32.768455505371094,232.52810668945312
2015_16,1283190,45317,45317,24,-78.5,West,10.333038330078123,10.557065963745115,5.917516708374023,4.651515930116385,0.0,0.2611716976601608,-0.3341817065092818,22.71916961669922,252.21534729003903
2015_17,1947919,1170667,1609667,33,-85.0,East 1,17.233230590820312,12.565593719482422,8.161683082580566,6.406166403776277,0.0,1.1634831661467266,-0.5601026118916865,25.59504127502441,277.59381103515625
2015_19,791127,129052,48394,9,-74.5,West,5.917938232421875,16.53097915649414,8.565595626831055,8.0844231195128,0.007075915046515732,0.27499433437742005,-0.7732994169393966,30.318056106567383,323.33795166015625
2015_20,1741793,2547,3503,33,-74.0,West,3.09210205078125,15.191351890563965,7.2165961265563965,9.082524498768697,0.00014706593098532344,0.00898721196116541,-0.759983233648041,30.586545944213867,271.3159484863281
2015_21,2942104,581071,1452678,60,-78.5,East 2,20.03826904296875,16.987285614013672,12.550966262817385,7.701847098775816,1.0561565534360858e-07,1.704144235957918,-0.4193109380208585,27.467262268066406,303.1387023925781
2015_22,4343337,644296,2013427,75,-85.0,West,22.92100524902344,25.980318069458008,19.026500701904297,4.8871786535361545,0.07694783981399456,3.387263423954741,-0.3958146274089812,39.58835220336914,543.87158203125
2015_23,3512765,577706,1444265,60,-77.5,East 2,21.948028564453125,16.67357635498047,12.961677551269531,6.7485535276270685,0.0,2.2827915686047193,-0.7415089980644153,31.44777107238769,410.9547729492188
2015_24,877127,395357,197678,12,-85.0,West,19.574920654296875,5.966435432434082,2.954874992370605,2.8407401894816084,0.0,0.33571605064678445,-0.3168950384788035,18.309064865112305,125.378173828125
2015_25,1602310,20456,12785,15,-68.5,East 1,4.087448120117188,4.826508045196533,2.668544292449951,8.77432372389222,0.0,0.05174069452593267,-0.7580777617345343,34.16524887084961,64.69984436035156
2015_26,386609,93204,23301,6,-70.5,East 1,3.699310302734375,4.015066623687744,1.8754301071166992,6.594809693365913,0.0,0.04947634318989609,-0.2833188400299379,23.02318572998047,26.849166870117188
2015_28,2764601,490823,1043000,51,-82.5,East 1,17.2972412109375,11.335119247436523,7.997452735900879,4.890054214427833,0.0,1.2235546595809477,-0.8550994109866742,25.80525779724121,216.17962646484372
2015_29,1802711,293062,696024,57,-84.5,West,25.108383178710938,16.054655075073242,10.735912322998049,5.518468519251846,0.0020722921441821834,1.5004706230243612,-0.6002776609736048,28.50275230407715,322.02496337890625
2015_30,739861,9455,1181,3,-73.5,East 2,1.5347900390625,2.3243510723114014,0.7097809314727783,6.1212306354698045,0.0,0.0021810165151431417,-0.7445587875933045,32.07011795043945,38.89324188232422
2015_31,1832707,4381,4381,24,-68.5,West,5.171142578125,12.092697143554688,5.9481587409973145,8.079487823346042,0.0,0.04248638367705136,-0.7940216488344007,25.66343688964844,260.52850341796875
2015_32,1551347,1053909,1580863,36,-85.0,East 2,26.611968994140625,11.102174758911133,8.335602760314941,6.423217525327591,3.381924158563219e-06,1.7515637614154664,-0.5193955592215537,22.14347648620605,255.18240356445312
2015_36,1282841,69219,43261,15,-75.5,East 2,14.821945190429688,5.159811496734619,3.083737134933472,7.712624976865451,0.0,0.1264867468030641,-1.11225233960162,29.242542266845703,80.8725357055664
2015_37,1073432,163389,163389,24,-74.0,East 2,13.759323120117188,9.568303108215332,6.476122856140137,8.7306515785153,0.0,1.0741097645246944,-1.5120039539552064,30.72389411926269,216.6320037841797
2015_38,2109934,1328164,2158266,39,-84.5,East 2,31.55892944335937,11.64441967010498,9.014846801757812,5.263388006848182,7.94566089933829e-06,2.072065940022425,-0.7212163542506327,25.793460845947266,291.747802734375
2015_39,4086282,964839,2894517,72,-83.0,East 1,28.083740234375,11.815632820129396,9.750490188598633,6.553880538829396,0.0,2.5936991573176202,-0.5673442690693618,36.59598159790039,426.0827941894531
2015_40,1229465,27468,3433,3,-68.5,East 1,6.2009124755859375,3.542489767074585,1.8781434297561648,7.760951633513443,0.0,0.013976172529127051,-0.516716485462688,25.18120002746582,34.70299530029297
2015_41,2881807,69668,269966,93,-79.5,West,18.318374633789062,12.593710899353027,7.819011211395264,8.218535871486038,0.00013180808500768145,0.5323861572092294,-0.6595168781078611,47.86061096191406,477.444580078125
2015_42,21049,2297,861,9,-69.5,West,11.701202392578123,5.793639659881592,2.2993035316467285,3.849796426715152,0.0,0.004323881105555636,-1.1371270889581424,33.084407806396484,186.1603546142578
2015_43,2288863,83682,271967,78,-71.5,East 2,14.071609497070312,12.210942268371582,9.21523380279541,7.698376406846685,0.0,0.566166817663445,-0.6996676670759158,36.22697067260742,183.2356414794922
2015_44,1645503,411669,411669,24,-79.0,East 2,29.978530883789062,7.599825859069824,5.883774757385254,8.467874660929615,0.0,0.2540151469383062,-0.4643072394288368,26.637168884277344,124.76632690429688
2015_45,949555,220,192,21,-66.5,East 2,2.9393310546875,5.054078578948975,2.3547372817993164,7.145673796933686,0.0,0.0020422966977988884,-0.902902126312256,24.266332626342773,92.40811920166016
2015_48,1359421,837541,314078,9,-82.5,East 2,24.058120727539062,7.288632392883301,4.430643081665039,9.140600028864224,0.0,0.5898620034962717,-0.6646799038540765,34.01332473754883,149.6475372314453
2015_49,1903120,624337,1873013,72,-85.0,East 2,24.76963806152344,9.511272430419922,6.948397636413574,7.6335207859775265,0.0,1.9526185155332019,-1.3118260242802828,28.92417335510254,298.59527587890625
2015_50,499971,168356,63133,9,-79.5,East 2,16.786453247070312,6.071493625640869,4.243557453155518,7.761724876586342,0.0,0.025449329001181464,-0.2821495067173046,12.593448638916016,79.64653015136719
2015_51,1431434,146597,146597,24,-83.5,West,23.202789306640625,7.8018083572387695,5.192725658416748,7.372162071615698,0.0,0.2524818563531059,-0.4796072170138364,31.026817321777344,191.2514190673828
2015_52,1750684,292053,365066,30,-84.0,West,33.8116455078125,9.699116706848145,6.868685722351074,4.313872655828067,0.0,0.6428008922082248,-0.9228200639308378,26.402442932128903,225.57330322265625
2015_53,942686,375885,140957,9,-85.0,West,26.76580810546875,7.498294830322266,4.616030693054199,3.1606145699942902,0.0,0.31000052698371267,-0.8136182998262419,21.50222396850586,169.37344360351562
2015_54,3463565,1007314,2896030,69,-85.0,East 1,27.04966735839844,8.754536628723145,6.886238098144531,7.788110131993458,0.0,1.584352942588599,-0.6753565766486903,44.5892333984375,212.66331481933597
2015_55,1025238,438186,438186,24,-83.0,West,21.453414916992188,12.461567878723145,7.829699516296387,6.25592855080169,1.6654662614066077e-05,0.9945560694198224,-0.8838038519487994,33.732200622558594,401.33935546875
2015_56,1389879,148906,167519,27,-85.0,West,18.6097412109375,15.150630950927734,9.16310214996338,5.995674673811495,0.0004748824577388943,0.2870593673359036,-0.4291207305171731,22.497129440307617,240.979248046875
2015_57,534897,175209,21901,3,-80.5,West,15.886520385742188,6.596997261047363,3.320932149887085,3.236847255519983,0.0,0.16024353092073196,-0.960477275203661,27.27362060546875,120.79589080810548
2015_60,2996692,909560,3069766,81,-85.0,East 1,17.988052368164062,12.147241592407228,7.795822620391846,6.883265732538853,0.0,2.11465238535756,-0.6676748991012573,36.79165649414063,279.6500549316406
2015_62,3671177,710428,2752911,93,-85.0,East 2,17.21099853515625,18.423315048217773,13.327138900756836,6.861300823683052,0.002590869134715125,2.727617867956747,-0.3059794361409669,32.780792236328125,288.7691345214844
2015_64,1003274,442725,55340,3,-85.0,East 1,5.8090362548828125,5.625172138214111,1.646046161651611,2.6561906126629675,0.0,0.05338160733582749,-0.3051523083051762,19.69256401062012,75.64551544189453
2015_65,1853935,232,377,39,-68.5,West,3.023345947265625,12.374476432800291,6.480106353759766,4.692787820452629,0.0007586769992142404,0.007119515269934528,-0.4509634715719152,25.772016525268555,198.892578125
2015_66,1822610,785239,687084,21,-85.0,West,8.605880737304688,19.44061088562012,11.712106704711914,6.57164133787259,0.0042484567486856546,0.5962500672883962,-0.4017665043172464,23.63072395324707,333.0376892089844
2015_68,2964012,41473,248841,144,-78.5,West,10.33148193359375,20.683395385742188,14.859403610229492,3.30947815462349,1.1699192139258529e-07,0.6172179163225546,-0.4189618627230326,29.710508346557617,323.20880126953125
2015_69,1182286,12780,12780,24,-66.5,East 2,2.466796875,13.491101264953612,6.971767902374268,5.956766723059349,3.803540253452498e-05,0.03150874905460407,-0.624157904507992,27.910179138183597,141.11355590820312
2015_70,2111237,308677,771694,60,-80.0,West,11.91900634765625,21.855466842651367,13.336713790893556,2.7171753704540547,0.11578630089484482,1.106720592079993,-0.2901155434639573,24.45674514770508,508.568603515625
2016_2,2460698,570808,1641074,69,-85.0,West,15.0142822265625,21.568443298339844,14.431241989135742,3.5673684508073324,0.05629169483963665,1.7463445249727814,-0.4209020885229832,22.8354434967041,339.4209899902344
2016_3,2157407,120,165,33,-70.0,East 1,2.756011962890625,11.081765174865724,4.711681842803955,4.275386988305008,0.0,0.002017613848482146,-0.1706991791725158,31.49465751647949,116.46763610839844
2016_5,1906646,189467,757871,96,-79.5,East 1,6.3203125,14.283562660217283,7.439393043518066,5.336526438071611,0.00020204635922258857,1.1591758055540562,-0.2855504033076352,35.3807487487793,233.0528717041016
2016_6,2003053,83370,229268,66,-77.5,East 1,10.294921875,15.390854835510254,9.84097385406494,9.156843004448312,1.6505404908622226e-06,0.29186519575707665,-0.2770074605941773,37.27455520629883,237.9395446777344
2016_7,2397688,90978,204701,54,-70.5,East 2,7.396270751953125,10.563836097717283,5.570863723754883,9.000198180026544,2.416317254358748e-05,0.7878444584482334,-0.5719621084060968,33.5927848815918,191.8237152099609
2016_8,1686577,639618,639618,24,-85.0,West,15.185562133789062,16.989809036254883,8.246460914611816,4.852613126666356,0.01531136582388469,1.12949721261252,-0.4130794860526622,26.249914169311523,415.6000671386719
2016_9,1746864,65725,24647,9,-69.5,East 1,6.149505615234375,10.640619277954102,5.384428977966309,5.080371060568325,0.0,0.2759877415808523,-0.3455602079531227,27.32727813720703,103.27161407470705
2016_10,1378915,160712,261158,39,-77.0,West,14.157485961914062,21.548324584960938,14.98930835723877,3.895879509737328,0.04613519972790125,0.6715042204589904,-0.5054613500833511,26.595203399658203,583.9961547851562
2016_11,1844181,299164,373956,30,-74.0,East 2,15.20721435546875,16.366127014160156,11.929807662963867,5.920074123512284,8.43585897044347e-06,0.8721572904691762,-0.4166451482413288,26.94266128540039,277.0821838378906
2016_12,1339070,168189,420472,60,-80.0,West,19.37290954589844,20.005529403686523,12.728399276733398,4.334164551340682,0.018862990269138333,0.8574211658344736,-0.4886068827713999,24.12161445617676,460.8973388671875
2016_13,1581553,694512,1475838,51,-85.0,East 1,18.044708251953125,11.442017555236816,6.6151957511901855,6.327836255867861,0.0,1.1446965952558765,-0.3468967310244402,21.89269256591797,171.40394592285156
2016_15,1423241,32798,40997,30,-74.0,East 2,6.802169799804688,8.070026397705078,4.164095401763916,8.067285969631707,0.0,0.19410813927606851,-0.8258466742362848,28.260347366333008,112.45458984375
2016_16,1734025,527,1253,57,-71.5,East 1,0.000213623046875,6.7671637535095215,2.26089096069336,8.842849397426066,0.0,0.01723970938333125,-0.4646319825517164,37.42026901245117,150.46957397460938
2016_17,1220579,13579,8487,15,-67.5,West,9.9346923828125,17.153663635253906,9.17890739440918,7.226024803212812,0.005153317803654956,0.0561081260292946,-0.9094841043539628,21.36324882507324,299.67974853515625
2016_19,2264822,994105,869842,21,-85.0,East 1,12.540420532226562,13.597403526306152,9.193492889404297,7.322092415405251,0.0,1.1857159170678422,-0.6131701245305525,28.71664428710937,257.6097412109375
2016_21,1697379,229904,28738,3,-73.5,East 2,15.353378295898438,7.697648048400879,4.484599113464356,6.432630760535862,4.140925042412935e-06,0.06329338094205417,-0.6604588507292142,31.21916389465332,115.6179656982422
2016_22,2144467,48734,60918,30,-76.5,East 2,12.894378662109377,7.27695369720459,4.780174732208252,8.46433634853919,0.0,0.09382579906455864,-0.3480936411136323,25.796241760253903,98.6182861328125
2016_23,1880520,14513,23584,39,-73.5,East 1,9.37506103515625,7.533492565155029,3.9296352863311768,7.216687500977784,0.0,0.06690854172442917,-0.4418619007361701,25.36202621459961,96.47013092041016
2016_24,1692380,33559,54534,39,-75.5,West,15.38751220703125,19.281539916992188,12.542768478393556,6.674992042597568,0.006855760789752944,0.2380100045573041,-0.6284574836464675,40.552879333496094,513.4796752929688
2016_26,331955,201364,25170,3,-85.0,East 2,21.3765869140625,7.040896415710449,4.8136138916015625,3.0183542219715385,0.0,0.021128899104083113,-0.1408163459320404,16.49896240234375,98.65876007080078
2016_27,2081429,185561,463903,60,-81.5,West,20.30805969238281,17.573413848876953,11.539957046508787,7.34224184216667,0.0006673344306087675,1.1137093952149906,-0.4481802523136137,43.51307678222656,339.5470886230469
2016_30,1446344,465056,406924,21,-84.5,West,22.432907104492188,15.66682243347168,10.8675537109375,4.102289281639182,0.00082091315324977,0.995412919504994,-0.9186285342329132,26.82331275939941,303.5003356933594
2016_31,1779678,733650,733650,24,-85.0,East 1,20.727310180664062,7.469876766204834,4.182765007019043,7.68230660050315,0.0,0.537388243165556,-0.707281249238718,24.11297607421875,125.8250732421875
2016_32,1799352,180214,315375,42,-80.0,West,26.49110412597656,17.59471893310547,12.753419876098633,4.7392254524018655,0.010558884836307729,0.9979402811523289,-0.4226871966768448,39.0452995300293,441.51165771484375
2016_33,1477352,785,589,18,-66.0,East 1,-0.417449951171875,5.719862461090088,2.967979669570923,8.228293648948906,0.0,0.004665418654334251,-0.9374614556630454,32.33613586425781,77.34693908691406
2016_34,1843909,258551,452464,42,-79.0,East 1,16.11181640625,9.914950370788574,6.627838611602783,8.093238604879772,0.0,0.7980031027304151,-0.5190074459029231,30.415515899658203,262.7425537109375
2016_35,2637441,125414,282182,54,-72.0,East 2,15.418594360351562,14.591697692871094,11.825125694274902,8.913612577178228,0.0,0.8716035761498664,-0.8844268079047108,37.87395858764648,277.73406982421875
2016_36,2173315,96138,108156,27,-73.0,East 2,20.859893798828125,12.561424255371094,9.621383666992188,5.749697483841849,0.0,0.34965286706232673,-0.5567096441442174,44.61526107788086,174.56295776367188
2016_37,3136167,296588,593176,48,-85.0,West,28.550460815429688,17.798568725585938,12.187668800354004,4.227951748759537,0.006599081700985658,1.114983390855282,-1.0447522816678605,35.298095703125,324.0967102050781
2016_38,1400405,683896,683896,24,-85.0,West,23.65155029296875,17.001419067382812,11.39051914215088,2.3276276428488223,0.04451524192126321,1.3873221256548023,-0.90825671896286,27.2685604095459,371.5359802246094
2016_39,2195122,28526,24960,21,-69.5,East 2,15.080093383789062,8.534855842590332,6.033779621124268,5.242102381567979,0.0,0.08411519837234363,-0.9424311265642784,28.814456939697266,104.60818481445312
2016_41,3373866,1331554,2663109,48,-85.0,East 2,35.905914306640625,15.08607006072998,12.584993362426758,5.8518676176993365,0.0,2.217529090156093,-0.6913782385889011,29.88600349426269,292.9523620605469
2016_42,1018571,115086,143857,30,-74.0,West,15.97186279296875,12.58089828491211,7.793675899505615,3.930068204158932,0.0004011212539677315,0.48523119721265995,-0.7303920984268187,25.470951080322266,301.5540466308594
2016_43,1213138,133552,100164,18,-76.5,East 2,14.897964477539062,6.483016490936279,4.660415649414063,7.952071769787324,0.0,0.20521044951344788,-1.1640283397418811,36.87159729003906,162.7934112548828
2016_44,1695359,10160,43184,102,-76.5,East 2,19.49066162109375,8.78722095489502,6.747661590576172,6.308499924724234,0.0,0.13655558335072868,-0.7884498781656404,30.80927276611328,92.40744018554688
2016_45,2840469,257919,1063918,99,-83.0,West,29.970718383789062,15.092180252075195,10.88693618774414,5.764853612567858,0.020025897578885413,2.164492768926112,-0.5863621171820663,42.49972152709961,515.32421875
2016_46,1473412,53122,46482,21,-71.5,East 1,8.583038330078125,4.848771095275879,2.7195770740509038,13.377554177850044,0.0,0.1177784538316854,-0.6722296665714966,33.63935089111328,92.96837615966795
2016_47,1200870,3429,2143,15,-67.5,West,10.2894287109375,12.945457458496094,8.170280456542969,5.8102567082614405,0.0,0.004143411391481357,-0.4182485155633149,27.47567749023437,241.03973388671875
2016_48,1157230,5678,4968,21,-67.5,East 2,6.505950927734375,7.218953132629394,4.155580520629883,11.333345561440195,0.0,0.13244100222829,-0.995412693709658,34.72330856323242,126.00321197509766
2016_50,1759558,329200,658400,48,-76.0,East 1,17.908493041992188,6.602087020874023,4.951963424682617,5.666607044854326,0.0,0.8457230658821289,-1.6431865825815697,21.835447311401367,169.96456909179688
2016_51,1972169,728334,2093962,69,-85.0,East 1,24.963531494140625,8.996535301208496,6.765130043029785,8.807137538426243,1.0372732286516751e-08,0.8643935749555106,-0.4060675047261592,22.88484001159668,205.58029174804688
2016_52,1298850,343783,687567,48,-85.0,West,25.42890930175781,11.44350242614746,7.678108215332031,8.46068285173802,0.0,0.9613172924135881,-0.6423912709546851,33.2242546081543,302.3833923339844
2016_54,463675,257475,64368,6,-71.5,East 2,18.261276245117188,7.163799285888672,4.412517547607422,5.026001520658884,0.0,0.18472454507654104,-0.8280290181953325,22.079761505126957,127.30643463134766
2016_55,1898737,24119,39194,39,-69.0,East 1,8.189620971679688,4.69875431060791,2.5884273052215576,7.748991366373064,0.0,0.08259223400798209,-0.4034365583827295,30.47441864013672,70.96179962158203
2016_56,823448,205222,153916,18,-79.5,West,25.20576477050781,10.928824424743652,6.825983047485352,4.935657448993736,0.00014501416884060028,0.47292304254273054,-0.8705488736920228,28.77387046813965,269.95025634765625
2016_57,649518,101947,38230,9,-79.0,West,20.474151611328125,8.638416290283203,5.881458282470703,4.185748593698902,0.0,0.175995126432712,-1.1058217834820463,25.945894241333008,163.46560668945312
2016_58,1889791,15871,39679,60,-77.0,West,20.865997314453125,11.215147018432615,7.276492118835449,6.586498132921051,0.0,0.18272064338671368,-0.7992202633137195,37.80647277832031,219.60227966308597
2016_59,3148697,128171,192257,36,-77.5,West,23.301559448242188,14.423738479614258,9.791545867919922,5.423165233770075,0.0009395856729097917,0.6984287267716525,-0.7059616281710105,33.11745834350586,375.6084289550781
2016_61,2841397,310771,776928,60,-76.5,East 2,21.083709716796875,12.478045463562012,9.724750518798828,6.905358289812511,0.0,1.2149326421018471,-1.1957461329084966,38.39531707763672,292.13043212890625
2016_62,1596889,30262,37827,30,-72.0,West,15.08197021484375,14.424775123596191,8.939583778381348,3.9581096985880575,0.0003473574743604341,0.169977550691287,-0.7544446985811767,23.558019638061523,286.5976867675781
2016_64,2746028,581470,1453677,60,-85.0,West,22.333251953125,12.959589958190918,7.474398612976074,6.114167575170345,0.003118441443736738,2.1026626367364045,-0.6213291245561935,35.23520278930664,329.62017822265625
2016_65,2329685,323620,525883,39,-83.5,East 1,15.847122192382812,6.81321907043457,4.699051856994629,8.568936982381144,0.0,0.32201359052351414,-0.7305624785042301,41.54693222045898,183.1615295410156
2016_66,1120046,29024,29024,24,-71.0,West,12.71282958984375,10.682044982910156,5.1968536376953125,5.411666341314006,9.53417041244364e-05,0.21628302255177587,-0.6893726627682075,38.479103088378906,252.33482360839844
2016_67,591571,140462,52673,9,-85.0,East 1,17.861923217773438,7.274656295776367,4.832723617553711,3.713857765668567,0.0,0.1722582026815552,-0.5878197531607303,20.5059814453125,158.71499633789062
2016_68,1577584,107961,107961,24,-78.5,West,19.39781188964844,12.36552619934082,7.724838733673096,9.657848974990229,3.1137658466592236e-05,0.6702346808757375,-0.990413031299324,30.412961959838867,366.6126708984375
2016_69,2065946,13172,18112,33,-72.0,East 1,6.82342529296875,7.415647506713867,4.478872776031494,5.6987369549340094,0.0,0.08116410405874343,-0.5796324610710143,23.14142417907715,100.6977081298828
2016_71,981464,286334,214750,18,-80.5,East 1,12.872314453125,6.776583671569824,3.8552327156066895,5.681349462991745,0.0,0.1770464787543173,-0.4012896178456198,21.652034759521484,159.2808074951172
2016_72,1256788,303352,492947,39,-85.0,West,22.767013549804688,12.553788185119627,7.6112775802612305,4.368983938728218,0.01943946654502641,0.6925896610599602,-0.3931385994225926,31.04305076599121,337.3813781738281
2016_74,1911542,590690,812199,33,-79.5,East 1,14.093048095703123,7.819323539733887,5.094247817993164,6.613058399618235,0.0,0.8306904239795724,-0.7479598941644532,30.935457229614254,211.868896484375
2016_75,246220,203033,50758,6,-85.0,East 2,8.27655029296875,2.763066291809082,0.8813294172286987,1.9333451023035888,0.0,0.010397584512871401,-0.0625930456055036,3.925722122192383,20.709333419799805
2016_76,1306275,127854,63927,12,-77.5,West,11.995147705078123,11.250354766845703,7.66622257232666,4.335275325717819,0.0,0.366813678631498,-0.7884409477541219,20.903261184692383,157.32327270507812
2016_77,1273329,372872,279654,18,-81.5,West,17.190292358398438,12.112114906311035,7.706434726715088,4.421493032973846,3.462767871185755e-07,0.8832886111606305,-0.5944756222464842,27.765947341918945,249.23358154296875
2016_78,1625646,660,495,18,-70.0,East 1,2.825836181640625,5.410945892333984,2.837617874145508,6.782809458350428,0.0,0.002952498165558635,-1.3538747231165569,25.08541679382324,53.88986206054688
2016_79,1125806,28993,3624,3,-67.5,East 1,4.159820556640625,7.639168739318848,5.035395622253418,5.966468498322031,0.0,0.03244083336512309,-0.568325009515232,24.328840255737305,59.96575164794922
2016_80,2071456,966144,2173824,54,-85.0,East 1,25.541305541992188,9.911978721618652,7.308205604553223,5.2417556311549065,0.0,1.4283660195098016,-0.113046504036041,27.85861587524414,265.46490478515625
2016_82,490548,80254,10031,3,-68.5,West,11.51409912109375,12.439322471618652,7.108744621276856,5.547540436249484,0.003704948415232975,0.08533025598223688,-0.576404120149699,25.96173095703125,184.98155212402344
2016_83,1293694,263766,197824,18,-83.5,West,13.522979736328123,10.29858684539795,6.392176628112793,5.142888723347471,5.166533404938624e-06,0.33411953776240383,-0.6582550600037194,25.780065536499023,203.4337921142578
2016_85,2097236,936089,1755167,45,-82.5,East 2,15.793472290039062,14.0458984375,10.092671394348145,5.164422241881799,0.0,0.9459927355590164,-0.2730124908116444,26.505733489990234,108.29399871826172
2016_88,2318785,67519,101279,36,-74.5,West,8.14691162109375,20.210351943969727,13.815532684326172,5.751835009123013,0.013330540602612106,0.49688493721721444,-0.3914000369636478,30.73945426940918,364.9678649902344
2016_89,894323,209158,104579,12,-84.5,East 2,7.339874267578125,8.795004844665527,3.849918842315674,3.5627723529903985,0.0,0.09759254581837548,-0.1127408891756216,23.88210868835449,95.8040008544922
2016_91,1502882,958,2156,54,-76.0,West,3.051666259765625,12.232285499572754,6.831014633178711,3.126204449284792,0.0,0.022597676722940382,-0.2590037535698264,17.29245948791504,128.1704559326172
2017_1,2161532,621197,931795,36,-85.0,West,11.25537109375,17.26348304748535,10.811294555664062,4.522678176563153,0.013630525381619272,1.2786995470048648,-0.4323784348996434,29.848604202270508,319.89263916015625
2017_2,307068,142098,53287,9,-84.5,East 2,7.850555419921875,8.254016876220703,3.89345645904541,2.579523724281517,0.0,0.009303153627232757,-0.1459214178975969,10.629133224487305,53.10942840576172
2017_3,1246785,3791,4265,27,-69.5,East 1,4.084930419921875,12.550047874450684,6.732599258422852,5.4793441687238005,0.00245386636890211,0.02201145101908096,-0.2808387018362385,19.77031898498535,154.61749267578125
2017_4,273114,230095,143809,15,-78.0,East 2,10.18511962890625,12.089492797851562,5.955853462219238,1.459289996825268,0.0,0.14708335132664146,-0.2844300447877544,7.450211524963379,75.90023040771484
2017_5,619358,124316,31079,6,-75.5,West,4.6666259765625,16.47080421447754,7.92323112487793,11.6159551253321,0.004258590909989038,0.23858472538037245,-0.5125092408382301,27.78258514404297,203.6400146484375
2017_7,1108202,78561,58921,18,-69.5,East 2,9.138961791992188,10.438884735107422,4.790802001953125,4.161268926251766,0.0005509199420024524,0.3366991716990942,-0.5519698013156676,22.52237319946289,102.8805923461914
2017_8,1313053,72898,63785,21,-71.5,East 2,5.7249298095703125,14.966681480407717,8.9984130859375,4.6714600703441045,0.0018207851011739621,0.6134987866566496,-0.8076196031207523,28.334659576416016,152.92298889160156
2017_9,2007628,1889109,236138,3,-85.0,East 1,24.137496948242188,9.940299034118652,4.904959678649902,3.671397541516964,0.0,0.4216325785109452,-0.3084796954825161,14.093801498413086,109.9641571044922
2017_10,2212109,800172,1800387,54,-85.0,West,22.96844482421875,17.641864776611328,10.811232566833496,4.413008715383381,0.03980835029720409,2.3394881753965038,-0.5830886363983154,25.35980796813965,525.1477661132812
2017_12,1561549,308199,462299,36,-78.0,West,17.979263305664062,21.400510787963867,14.018543243408203,3.684796183256073,0.08886854569559507,0.9533083208818871,-0.3386868757744082,24.64594841003418,481.04046630859375
2017_14,1606661,225894,225894,24,-74.0,East 1,15.547164916992188,9.510485649108888,5.869131088256836,6.643583692195226,1.5927559785001635e-07,0.4588072699899731,-0.4009819613592504,35.76187896728516,237.60964965820312
2017_15,2178237,554060,1108121,48,-85.0,East 2,27.26995849609375,11.378934860229492,7.365711688995361,5.8240221263281,0.0,1.2596970397915082,-0.6324825914325525,29.15509033203125,345.1979064941406
2017_16,816005,123699,46387,9,-79.5,West,13.008377075195312,14.144057273864746,8.88502025604248,3.458722906639673,0.0,0.2339584264545531,-0.4030393162052412,22.202560424804688,287.16912841796875
2017_17,1010560,613641,76705,3,-85.0,East 1,19.08296203613281,7.45811128616333,4.157869815826416,6.3462534441011815,0.0,0.17315469028287767,-0.5370938636515772,18.25440216064453,94.09566497802734
2017_18,1232373,263015,131507,12,-73.5,East 2,16.696212768554688,8.074889183044434,4.626524925231934,7.368843966434253,0.0,0.4190621654976649,-1.0710249170354986,27.11861801147461,166.12460327148438
2017_19,1298822,460337,115084,6,-76.0,East 1,18.977706909179688,9.075246810913086,6.326261520385742,4.891959716078907,0.0,0.6261854350347855,-0.6873102982624276,21.1885986328125,148.2879638671875
2017_20,1316832,74218,83495,27,-72.0,East 1,13.140365600585938,8.471062660217285,5.551560401916504,5.969486886806185,0.0,0.2354841044843524,-0.5569793581962585,30.168397903442383,182.7532501220703
2017_21,1626506,199486,473780,57,-82.5,West,20.051483154296875,17.4312744140625,11.86594581604004,3.441146927367475,0.003208022176017877,0.902389553402372,-1.0985441472962665,27.768917083740234,423.8946533203125
2017_22,1831930,476503,953007,48,-85.0,East 2,30.41619873046875,9.913865089416504,6.871363639831543,8.6347395273545,0.0,1.0640639350711443,-0.9167016418705284,37.25747680664063,269.93359375
2017_23,1624085,337468,295284,21,-74.0,East 2,21.65882873535156,10.268404006958008,6.574063777923584,10.803198684923268,0.0,0.8606583556607149,-0.705933363833467,32.806007385253906,246.7335968017578
2017_24,1230792,8534,5334,15,-67.5,East 2,10.92181396484375,8.04787540435791,4.353535175323486,7.955801824849437,0.0,0.07929394668014825,-0.5517468798943322,35.25101852416992,129.63739013671875
2017_26,1219992,86088,53805,15,-80.5,West,14.139190673828123,8.747620582580566,5.209956169128418,5.7409224859239085,0.0,0.28676494809089953,-0.6598280961424825,25.654335021972656,152.85556030273438
2017_27,860184,664058,83007,3,-85.0,West,21.552886962890625,11.639482498168944,7.3603363037109375,3.4009355496342573,0.0,0.5000026186481198,-0.6058430297082122,20.778932571411133,249.30674743652344
2017_28,1764719,80461,140808,42,-81.0,West,22.772781372070312,9.555224418640137,6.017560005187988,4.489708240905842,0.0,0.3057458780159845,-0.7258150751612634,36.74533462524414,183.05599975585935
2017_29,1610486,59155,22183,9,-70.5,East 2,3.556976318359375,8.869880676269531,5.709981441497803,8.794019814881468,0.0,0.11496383255245259,-0.4498044434016139,20.283302307128903,112.8520050048828
2017_30,33461,17194,2149,3,-66.5,East 2,2.267608642578125,8.447708129882812,5.03610897064209,3.7029349935341767,0.0,0.009843694968068492,-1.5060802030658569,17.16100311279297,134.9237518310547
2017_31,3584516,64720,194160,72,-80.5,East 2,14.889541625976562,6.369776248931885,4.035016059875488,7.811577897524318,0.0,0.12622852044413993,-0.4358636942623429,37.57660675048828,117.6274642944336
2017_32,3065192,238297,595744,60,-85.0,West,21.448883056640625,12.613070487976074,9.027771949768066,5.953280585749813,0.0018785499168604172,0.9880457151763574,-0.4855861365795135,43.44781494140625,451.7428894042969
2017_33,1320000,48509,78828,39,-71.5,East 2,13.623458862304688,7.982102870941162,5.352529525756836,7.602838141528431,0.0,0.2371741067078505,-1.1365401316926218,39.550418853759766,169.48243713378906
2017_34,2084552,227735,512405,54,-75.5,East 2,23.46786499023437,8.595222473144531,5.302499771118164,6.809657100106231,0.0,0.8947029931700093,-0.4352384713619847,31.177675247192383,203.4945373535156
2017_35,732125,224150,28018,3,-74.5,East 1,21.277313232421875,5.840717792510986,3.622603893280029,6.031341335904779,0.0,0.11236230793304802,-1.2742194116731589,24.701732635498047,102.48856353759766
2017_36,1431136,14611,12784,21,-68.5,West,10.3101806640625,13.479029655456545,8.703851699829102,6.225416110810471,7.412363828962466e-06,0.07224884723059526,-0.6519772497703672,33.64906692504883,356.45806884765625
2017_37,1507863,652846,326423,12,-83.5,East 1,25.09434509277344,6.646782875061035,4.410782814025879,5.8525504331362015,0.0,0.48050395662362383,-0.6212191693385438,29.968461990356445,170.3562774658203
2017_38,1462797,969598,1090798,27,-85.0,East 2,20.2537841796875,8.852088928222656,6.100807189941406,6.496254919548668,0.0,0.599856715775812,-0.7675095931074074,26.00090980529785,186.76583862304688
2017_39,1113293,794946,298104,9,-85.0,West,24.382476806640625,9.324745178222656,5.696386337280273,2.636468713717992,0.0,0.5682856488568296,-0.6944438940074159,29.67768669128418,246.5316162109375
2017_40,1794211,14459,23497,39,-69.0,West,12.987228393554688,15.82093620300293,11.065540313720703,4.912332074855542,0.0008084034240740472,0.05697756727342113,-0.1800673012036212,36.08577728271485,298.08746337890625
2017_41,1298586,763043,95380,3,-76.0,East 2,16.460830688476562,9.514586448669434,6.518877983093262,7.834611259547343,0.0,0.6922271211136549,-0.9894380769876804,33.48095703125,282.8168640136719
2017_42,1227921,1095744,136968,3,-79.0,East 2,21.96542358398437,7.480553150177002,4.4666666984558105,5.564130620168257,0.0,0.4143461357389061,-0.6158226857253862,24.67507553100586,148.97543334960938
2017_43,3545379,622755,1011978,39,-80.0,East 1,17.53472900390625,9.142118453979492,7.238266468048096,6.86320681491582,0.0,1.043103885951745,-0.39128407951148,29.20201301574707,302.2483215332031
2017_44,2276321,828898,1450572,42,-85.0,East 2,21.54412841796875,6.9240593910217285,5.208008289337158,7.869470497811465,0.0,0.848768892528917,-0.4812815756061998,32.00672912597656,95.23590087890624
2017_46,1042095,217721,27215,3,-73.5,East 1,12.48248291015625,5.594433784484863,3.486024618148804,7.570410698818469,0.0,0.08877612049926165,-0.7334364743515239,31.78961753845215,98.29959869384766
2017_47,1086101,295338,221503,18,-78.0,West,14.92919921875,10.917192459106444,5.719078063964844,4.658829895328756,3.046888382103062e-06,0.4834305061391663,-0.6169774993778008,34.74885559082031,277.9408264160156
2017_48,2078635,659379,1566026,57,-85.0,West,29.673507690429688,11.28604793548584,7.060122966766357,5.25295579115507,0.004988053126398233,1.8726529857269578,-0.7940932966372537,32.88821792602539,444.6272888183594
2017_49,1030473,6691,5018,18,-67.0,East 1,-0.9085845947265624,3.518352031707764,1.4041845798492432,6.779656893068977,0.0,0.02349480871927168,-0.5502618291046614,33.96995544433594,61.76779174804688
2017_50,1265098,328928,41116,3,-82.0,East 2,16.944122314453125,4.900399684906006,3.3838672637939453,5.180510542435353,0.0,0.04053825497684893,-0.3576144596502784,22.43952178955078,70.57662963867188
2017_51,1262510,30599,15299,12,-76.5,East 1,10.629776000976562,4.029721260070801,1.793290138244629,5.662505911475944,0.0,0.06757823766945789,-0.5295450955430703,32.87099075317383,87.31034088134766
2017_52,1930626,58932,88398,36,-71.5,East 2,9.835784912109377,8.621708869934082,5.524084091186523,11.355313241301351,0.0,0.3253787524945199,-0.4738441471177696,26.55394554138184,193.68296813964844
2017_53,1553685,3221,4429,33,-67.0,East 1,4.7503814697265625,5.029696941375732,2.9464995861053467,5.669537981844192,0.0,0.01292461168304881,-0.9508765000128346,35.825157165527344,75.9724349975586
2017_55,318450,7067,1766,6,-72.5,West,4.681488037109375,7.153555393218994,3.2149007320404053,2.759897015783663,0.0,0.008963773014399004,-0.5845708310078834,22.538738250732425,178.31556701660156
2017_57,3058944,445403,668104,36,-78.0,East 2,16.620651245117188,8.418542861938477,5.741939544677734,6.715930156531171,0.0,0.6481351638460955,-0.2884547139070946,25.37197494506836,127.10926818847656
2017_58,1900779,944900,2480363,63,-84.0,East 2,14.31793212890625,11.83926486968994,6.743088722229004,5.110335643755207,0.0023875701168559623,1.3521459831499159,-0.9853381247299088,38.64940643310547,233.93849182128903
2017_59,2682454,365043,958238,63,-82.0,East 1,11.501617431640623,11.803808212280272,7.636995792388916,7.262143008006511,4.583097808374845e-08,1.0782117992543307,-0.6489154418711162,35.06412887573242,176.52232360839844
2017_60,2899995,485303,2365853,117,-85.0,West,16.932632446289062,17.111371994018555,11.140600204467772,3.5697177413578323,0.016959709335126416,3.2068741951651423,-0.4019695878028866,25.767133712768555,319.7060852050781
2017_61,1653283,480,660,33,-70.0,East 1,3.1396484375,8.891600608825684,4.375117778778076,6.329390669413407,0.0,0.008479710792499406,-0.5245497822761498,32.07362747192383,134.1400604248047
2017_62,1822798,407944,764896,45,-77.5,East 1,12.829116821289062,12.323379516601562,8.70158576965332,2.9635251486772742,3.9831686409202215e-05,1.2844232468388943,-0.6481542144027066,20.248872756958008,239.9296722412109
2017_63,1278358,426915,106728,6,-71.5,East 2,11.074188232421877,11.616708755493164,7.663481712341309,3.65644672315368,0.0,0.2662363348034634,-0.7766010178354946,20.63238906860352,128.47511291503906
2017_64,1721900,966,1690,42,-67.5,East 2,0.67083740234375,9.891924858093262,5.938697814941406,5.41146649733979,0.0,0.006150450668917188,-0.4914939105510711,22.36431312561035,68.36027526855469
2017_65,530941,77154,19288,6,-71.5,East 1,7.26934814453125,10.362433433532717,6.031882762908936,6.42756356836324,1.1657817941876438e-06,0.02116411516202454,-0.4947881062560213,17.53682518005371,145.43896484375
2017_67,785895,76197,9524,3,-73.0,East 1,2.2109375,10.690681457519531,4.960119247436523,4.632949674338389,0.0,0.055013436859541624,-0.3426142105452017,22.87005043029785,175.13519287109375
2017_68,2028037,128757,273609,51,-73.5,East 1,6.8403167724609375,11.889482498168944,6.961385726928711,6.1359555792215765,0.0007701760527148166,0.32167929544694923,-0.1910881062976183,33.95734024047852,81.80709838867188
2017_69,1542363,103083,180396,42,-79.0,West,7.7010498046875,19.583505630493164,11.85500144958496,4.341556338698258,0.007758423928978366,0.3351664101684094,-0.248668690928745,30.351320266723636,533.9268798828125
2018_1,2928151,436253,981570,54,-85.0,East 1,8.5579833984375,16.81531524658203,10.763801574707031,4.935470301842194,0.006410491032207683,0.9379991608412811,-0.2440386116504669,33.39044570922852,418.3484497070313
2018_2,1249556,450252,450252,24,-85.0,East 1,9.5291748046875,13.219252586364746,7.715298175811768,4.37220964327986,3.583228230220304e-05,0.39340383894979114,-0.3926962379433265,22.01625633239746,87.43962860107422
2018_3,3313579,515474,1159816,54,-81.5,East 2,10.466156005859377,19.832902908325195,12.866266250610352,4.258920286166125,0.00011956397799223919,1.3764636261767325,-0.1845532059669492,39.73761367797852,314.9043884277344
2018_4,1793761,181963,272945,36,-71.5,East 2,9.315231323242188,15.245737075805664,9.203606605529783,4.403680291637524,0.0003035274549980411,0.5396551925198304,-0.4410030245780945,23.738136291503903,303.7296142578125
2018_5,2324858,806998,1412247,42,-84.5,East 1,15.974014282226562,13.574176788330078,8.396111488342285,6.735881886165177,0.009600897127897431,1.3320053200942195,-0.6314911752257489,37.4953498840332,288.3848571777344
2018_6,1097844,152364,76182,12,-79.0,West,7.4976043701171875,12.316363334655762,6.515396118164063,4.906369157192708,0.0,0.3814700114974189,-0.3822131262676951,34.956504821777344,199.6855316162109
2018_7,1842111,426330,746078,42,-78.0,East 2,15.793243408203123,18.80356216430664,12.835294723510742,5.918882519105961,0.0037979877248433733,1.3732935589260724,-0.6722678578375393,29.158916473388672,401.7126770019531
2018_8,2235462,286546,752183,63,-77.5,East 2,15.991744995117188,16.288148880004883,10.316650390625,4.0962513868375625,0.0,1.1006963867573014,-0.5207743744055433,31.18383407592773,378.58734130859375
2018_10,926941,63318,23744,9,-68.5,West,7.631927490234375,14.98050594329834,6.43889045715332,3.124190445713777,0.0028617234088234556,0.06556049551320557,-0.3231990099035211,28.63351058959961,330.4105834960937
2018_11,1632470,8351,11483,33,-77.5,West,5.4863128662109375,9.513779640197754,4.4606032371521,5.767220300712911,0.0,0.14684578382045624,-0.3300026122915453,30.615079879760746,175.43807983398438
2018_12,1462281,765817,670090,21,-81.5,East 2,14.27484130859375,9.929732322692873,4.918051242828369,8.166056039259269,0.0,0.6781220601780903,-0.7117666484848004,23.359634399414062,218.2840576171875
2018_13,2433219,298528,410476,33,-79.0,East 1,12.160842895507812,11.273929595947266,6.676980018615723,7.0213953724006295,0.0,0.589865881194711,-0.8969494174022743,36.27214050292969,287.1371765136719
2018_14,1935739,317893,476839,36,-85.0,West,22.32763671875,16.328845977783203,11.27566909790039,6.432501797632545,0.0,0.757735667572889,-0.4886852159198107,36.42393493652344,334.43072509765625
2018_15,4401559,945691,2600650,66,-85.0,East 2,27.674148559570312,20.68508529663086,16.912761688232422,6.440689025438058,0.0008835247073297188,1.6417920820620835,-0.5698679652170326,40.76532745361328,556.587158203125
2018_17,412577,11983,2995,6,-78.5,West,20.12416076660156,7.614411354064941,4.075036525726318,3.936344461924712,0.0,0.011959927591934698,-0.330234822166404,15.540346145629885,61.856353759765625
2018_18,1090520,437070,382436,21,-85.0,East 1,21.582687377929688,16.99139976501465,9.016643524169922,4.664508706505868,0.004233804328471396,0.5754604639209854,-0.3686884744739761,27.662464141845703,298.9140625
2018_19,2196839,848094,212023,6,-85.0,East 1,21.200225830078125,12.27951431274414,6.671872615814209,5.698874224510848,0.0004792347728220431,0.4897034115307731,-0.5933704942292144,32.44990921020508,219.2735290527344
2018_20,652121,21805,2725,3,-65.0,West,5.831207275390625,14.236739158630373,6.261983394622803,6.04404169247668,0.0027583778542893895,0.029903176969215666,-0.6417099003298146,29.34053421020508,290.1127624511719
2018_21,1715633,194447,97223,12,-80.5,West,22.79327392578125,13.736295700073242,9.07729721069336,3.7748558893076174,0.0,0.266703661222938,-0.2470982720884983,19.187959671020508,184.32077026367188
2018_22,1353273,428607,482183,27,-85.0,West,24.657455444335938,11.939297676086426,7.280299186706543,3.424203770784881,0.00027175124349464847,0.5491253160118282,-0.2294980000343224,25.27094078063965,216.3515472412109
2018_23,1547299,827352,517095,15,-77.5,East 2,22.21142578125,10.895217895507812,7.541160106658935,8.329672698830128,0.0,1.254568207905156,-0.5736143592823855,30.188161849975582,247.07278442382807
2018_24,2252544,180731,564785,75,-74.0,East 2,23.75239562988281,15.470582962036133,12.26721477508545,4.299696125990712,0.0,1.1569821964646674,-0.2390470250622717,31.61898231506348,207.75997924804688
2018_25,1290016,18539,4634,6,-66.5,West,10.50347900390625,16.329057693481445,9.590286254882812,6.403573519776898,0.0034833479505695787,0.026538473391671695,-0.4569436692067591,26.33353805541992,241.61862182617188
2018_28,1185824,296,593,48,-66.5,East 2,5.494781494140625,9.392385482788086,5.364223957061768,5.534803085638403,0.0,0.005227000811965265,-0.5002750555549447,28.150745391845703,123.60060119628906
2018_29,1176415,11349,8512,18,-77.5,East 2,21.746368408203125,7.999138832092285,6.169344425201416,6.142143913987177,0.0,0.02726606743002625,-0.4302479950513548,30.15320587158203,36.1328125
2018_30,1619055,253650,348769,33,-85.0,West,28.64459228515625,9.73267650604248,5.473794937133789,5.900713093174963,0.0,0.5412325565986758,-0.3415439643039927,33.22347640991211,268.13836669921875
2018_31,2262987,861428,2368929,66,-85.0,East 1,27.9547119140625,10.968523025512695,7.636773109436035,4.969602922219583,0.0,2.046974056393532,-0.5277362509040131,26.095054626464844,286.8523254394531
2018_33,867079,290792,290792,24,-85.0,East 1,20.6943359375,8.088813781738281,4.849849700927734,5.234599648327278,0.0,0.09386888188462796,-0.6796344668033494,25.974742889404297,86.0096435546875
2018_34,889144,193306,96653,12,-77.5,West,19.6798095703125,12.384477615356444,6.662830829620361,3.687664512855961,0.0011223696891572762,0.3833491826627648,-0.3779135046398719,29.155841827392575,316.4845275878906
2018_35,1088319,388979,145867,9,-85.0,West,19.44647216796875,6.837298393249512,4.248754501342773,3.262461799596589,0.0,0.28140140462548474,-0.4047634893415215,21.639930725097656,90.88392639160156
2018_36,1992122,97930,195860,48,-73.5,East 1,9.203170776367188,7.288209915161133,4.43428373336792,8.226120612319951,0.0,0.29001661162249637,-0.70696759223938,35.692134857177734,181.802978515625
2018_39,3679530,906407,2719221,72,-85.0,East 1,25.454803466796875,14.791805267333984,12.391406059265137,8.984332142723293,0.0,2.607763039436325,-0.8843903638691459,33.448299407958984,461.8781433105469
2018_40,438866,130625,16328,3,-72.5,West,19.08270263671875,13.631572723388672,9.39624309539795,5.770531982530047,0.000859301315524745,0.08682229519181871,-0.6165494971378874,18.461597442626957,173.0549774169922
2018_41,2383174,456294,1083699,57,-85.0,East 1,22.787673950195312,7.075160980224609,4.509060859680176,4.454691249777653,0.0,0.4038876702159901,-0.4611091315746305,32.728031158447266,171.80899047851562
2018_42,840132,15997,7998,12,-68.0,East 2,6.669891357421875,6.742595195770264,3.330996036529541,8.536156796884987,0.0,0.02239398774454649,-0.7449908653895062,28.151185989379883,122.67784118652344
2018_43,983637,5076,8248,39,-68.0,East 2,5.9328155517578125,4.9091339111328125,2.589974403381348,8.932356163540364,0.0,0.03384677828923513,-1.338834285782022,32.962276458740234,103.56602478027344
2018_44,1161586,367845,321865,21,-74.0,East 1,18.75306701660156,8.406821250915527,6.00642204284668,7.649250833741393,0.0,0.5433063756294102,-1.047872307861487,30.33932113647461,193.3297271728516
2018_45,1662313,142762,303369,51,-85.0,East 2,15.025711059570312,2.6546027660369877,1.3366025686264038,11.577101599255238,0.0,0.1257160295324796,-0.3335941935328732,36.47301864624024,30.678585052490234
2018_46,1865429,113614,284035,60,-82.0,West,24.769515991210938,10.740961074829102,7.966997146606445,6.243432949843507,0.0,0.7097583683495495,-1.153337130965921,31.95711708068848,200.32391357421875
2018_47,599444,145356,18169,3,-75.5,West,16.422332763671875,11.388031959533691,7.207318305969238,4.5152859664960525,0.0,0.13042403209416345,-0.8309615651065976,20.880176544189453,249.7881622314453
2018_51,1836228,65715,131431,48,-74.5,East 2,16.133468627929688,7.16759729385376,4.468255996704102,9.481570971254923,0.0,0.21640585164049606,-0.4942066073417663,31.00522232055664,159.2451934814453
2018_52,1278100,5897,5897,24,-72.0,West,8.033294677734375,12.006321907043455,7.2509260177612305,8.547284140856814,0.0,0.04170684040515599,-0.7534088543013966,31.71998786926269,236.28558349609372
2018_53,2093863,78394,137191,42,-73.5,West,14.530471801757812,13.026124000549316,8.27072811126709,6.409721717304506,2.508927051959632e-05,0.3469587195073448,-0.4311442606348723,39.43619155883789,304.7889404296875
2018_54,1808679,52824,33015,15,-72.5,East 2,13.887664794921877,5.8876543045043945,3.1883130073547363,8.206420291561333,0.0,0.189200779269922,-0.5973512530326845,29.10320854187012,95.82633209228516
2018_56,1236238,92090,138136,36,-81.5,West,25.674636840820312,6.318973064422607,4.367901802062988,3.795961484945769,0.0,0.09276136940079875,-0.3166259619194434,25.901451110839844,124.85404205322266
2018_58,1682815,598134,448600,18,-75.0,East 1,18.829818725585938,5.9659953117370605,4.059424877166748,6.034341014011276,0.0,0.5425915394466739,-0.7751847888395994,31.417558670043945,132.75787353515625
2018_59,3152317,15323,38309,60,-79.5,East 2,14.587478637695312,6.575040340423584,4.0889506340026855,6.955145073550132,0.0,0.150331685601683,-0.4885304606898589,36.76678466796875,158.46640014648438
2018_60,1595375,29566,40654,33,-73.0,East 1,14.181884765625,6.668568134307861,4.338635921478272,6.400386297956348,0.0,0.13044777475013358,-0.4710937142458988,38.64982223510742,98.82090759277344
2018_61,2327013,379684,854289,54,-85.0,West,33.61116027832031,8.256608009338379,5.387980937957764,4.918936378618624,0.0,0.9125484067090568,-0.5682782675395509,36.24512481689453,220.4099578857422
2018_62,1435984,6928,8661,30,-68.0,East 2,9.52288818359375,7.044311046600342,4.68466854095459,5.108392122625975,0.0,0.02245379922368952,-0.6153096264589448,26.64349937438965,77.45125579833984
2018_63,760431,54961,61831,27,-70.5,East 2,11.064971923828123,6.577699661254883,3.658890008926392,6.952284587957702,0.0,0.4026806336808085,-1.4661145701786686,40.68531036376953,107.83055114746094
2018_65,2933172,1015485,2538714,60,-85.0,East 1,20.7193603515625,9.68953800201416,7.093500137329102,5.3698077996033975,8.024437657967578e-05,1.9468213327664095,-1.0973519452918494,33.5706672668457,193.45944213867188
2018_66,1512764,133012,182891,33,-74.5,East 2,12.24322509765625,7.305791854858398,4.56533145904541,10.636978646393835,0.0,0.2727966568832774,-0.5832288797800752,30.46452140808105,127.97911834716795
2018_67,1519450,284451,817799,69,-85.0,West,23.265884399414062,12.586100578308104,8.182502746582031,4.1342291775104725,0.0013367120737966978,1.5812460883566557,-0.4375702431805112,26.43697166442871,263.18505859375
2018_68,594569,117716,29429,6,-73.5,West,10.207489013671877,13.553070068359377,7.543758869171143,4.860007787723886,0.00014788274585181383,0.13575650633600553,-0.5252802667802484,24.854612350463867,188.4864501953125
2018_70,2517527,4280,6420,36,-77.0,West,4.23797607421875,8.003972053527832,3.795136451721192,4.714201841647263,0.0,0.04626072902416684,-0.5378214066975947,31.729372024536133,140.0460662841797
2018_72,1501528,306687,153343,12,-84.5,West,12.31103515625,10.989826202392578,6.683847904205322,5.53349843824909,0.0,0.4059260701529102,-0.4379917402056064,25.346147537231445,162.49124145507812
2018_74,2410648,291283,546157,45,-72.5,East 1,8.728927612304688,9.831469535827637,5.737462520599365,5.393666909149307,2.2283077872964693e-12,0.5850393265739057,-0.3809155091641014,24.47643280029297,153.11544799804688
2018_75,2194962,212619,637858,72,-76.0,East 2,9.902557373046877,11.769081115722656,7.815854072570801,8.913776115143355,0.0,0.6960340273241677,-0.6343261957168581,35.28037643432617,254.85177612304688
2018_77,1300259,516911,452297,21,-85.0,East 1,7.090545654296875,13.130940437316896,6.049259185791016,2.761040612371997,0.003693044601760653,0.7773382382820299,-0.4288493152272237,25.332597732543945,238.34832763671875
2018_78,3080467,209286,601697,69,-81.0,East 2,10.344772338867188,15.995903968811035,11.304484367370604,5.053736182192003,2.6176829486238842e-09,0.7311894941772143,-0.3864617159055009,26.31577682495117,330.61578369140625
2018_79,2011218,586172,879259,36,-85.0,East 1,10.162857055664062,14.01784324645996,8.122919082641602,3.471662250397439,0.0009524901240461834,0.910616808835747,-0.463571142545753,27.100074768066406,282.5015563964844
2018_80,3027606,810309,1721906,51,-85.0,East 1,11.78076171875,15.365951538085938,9.72206687927246,6.326019134207266,0.021698992363093816,1.137924120980366,-0.3256191828111301,26.58118438720703,456.2681274414063
2018_82,682609,17431,2178,3,-70.5,East 1,1.891021728515625,6.4169535636901855,2.3430662155151367,4.030298417174,3.143556308054488e-06,0.015299833227433512,-0.5740417822300405,20.085039138793945,69.90133666992188
2019_2,790049,34748,8687,6,-69.5,East 1,5.50640869140625,9.6509370803833,3.8139572143554688,5.184963040432426,0.0003274936352197726,0.06018695309610297,-0.6756352434221822,21.616050720214844,160.65647888183594
2019_5,1468334,60737,53145,21,-81.0,East 2,13.45819091796875,8.510542869567871,4.374758243560791,5.660456096925288,0.0,0.06416469187172737,-0.1744403574150459,33.245052337646484,76.83678436279297
2019_6,1483006,302328,113373,9,-72.5,East 1,5.5489501953125,11.572938919067385,6.223609447479248,8.97318198292998,0.0016311900496191985,0.6284878881558342,-0.6058442751311337,28.02202796936035,287.40191650390625
2019_7,2207676,411704,771945,45,-79.0,East 2,16.102798461914062,19.86964607238769,14.413260459899902,4.66878883721012,0.00022005519823349682,1.2227224529806717,-0.0280478197190699,30.95984268188477,388.3093566894531
2019_8,2787215,855178,2351739,66,-85.0,East 1,17.450897216796875,16.633153915405273,10.552343368530272,8.255006680660566,0.038416171189857004,1.0998825072927456,-0.5704013418832251,40.451927185058594,347.2412414550781
2019_9,1487844,1287918,160989,3,-84.0,East 1,12.368927001953123,11.022789001464844,6.047848701477051,6.107107312001486,5.5057942299923696e-05,0.4106867314644415,-0.4018069972474199,27.715547561645508,199.17697143554688
2019_10,2143736,62096,54334,21,-77.5,West,6.413619995117188,18.394433975219727,11.646892547607422,4.981674546164212,5.967397258242528e-10,0.5396976821966621,-0.6239455342292786,26.1673583984375,374.2067260742188
2019_11,1157018,11565,4337,9,-66.5,East 2,1.9371337890625,10.40545654296875,4.3986029624938965,5.243459957069323,0.0,0.01662038069410909,-0.3598710894584657,31.869325637817383,115.08975219726562
2019_12,1699325,11234,8425,18,-68.0,East 2,8.615615844726562,9.36070442199707,5.5423688888549805,6.476384742151775,0.0,0.0682945105167219,-0.9822688301224352,33.32337188720703,111.4431381225586
2019_13,913856,36583,27437,18,-70.0,East 1,6.840255737304688,7.025789737701416,3.417067766189575,5.935718429477198,0.0,0.07025434609824152,-0.3461353432951524,25.39865493774414,120.09942626953124
2019_14,761542,205310,25663,3,-85.0,West,16.806060791015625,6.956960201263428,3.701629638671875,3.1461475274557067,0.0,0.10487758826376505,-0.280856455859269,20.55284881591797,118.52239227294922
2019_16,1757385,47437,53366,27,-77.0,East 2,13.035842895507812,11.019794464111328,7.816697597503662,3.6394628843579264,1.9090828620843687e-07,0.115110223865577,-0.3167644272694915,33.279422760009766,111.09211730957033
2019_17,1149561,12269,7668,15,-67.5,East 1,3.59857177734375,9.27143096923828,4.674481391906738,5.98736165932208,0.0,0.03353659915230369,-0.5359149485084801,22.018449783325195,145.35250854492188
2019_18,1355232,38117,42882,27,-70.0,East 1,3.591903686523437,10.107102394104004,5.379453182220459,8.089746591223085,0.0,0.095920918475699,-0.3407409494252335,29.242021560668945,157.3946990966797
2019_19,1708550,603642,1056373,42,-85.0,West,20.523117065429688,12.19411563873291,6.179993629455566,5.949718231445308,0.0025528651908463007,1.6980085308427926,-1.2972583356443466,36.36542510986328,370.3919982910156
2019_21,1729584,389110,1215971,75,-84.0,East 1,15.691070556640623,10.462543487548828,6.906340599060059,4.941552368457081,0.0,1.1328074970584305,-0.6503970921039581,43.03953552246094,267.376953125
2019_22,1390342,190636,262125,33,-77.0,West,13.91912841796875,16.578214645385742,10.299803733825684,5.368685095936385,0.0031364283390741873,0.7052987905476279,-0.7731696323871916,37.85368728637695,376.0532836914063
2019_23,1282593,7136,6244,21,-76.0,West,7.70062255859375,15.621909141540527,8.883138656616211,4.733519675270706,0.0007018068808710775,0.053939141127068074,-0.3667929183691351,35.64202117919922,369.7666015625
2019_25,1993615,44567,77992,42,-70.0,East 2,13.831207275390623,10.86044692993164,7.506389141082764,8.533062411876351,0.0,0.24008162093878443,-0.8522199392318726,32.28213882446289,166.46595764160156
2019_26,2212532,170850,256275,36,-85.0,East 2,13.172988891601562,5.385851860046387,3.3041319847106934,7.55753866274282,0.0,0.12847354334249317,-0.4116167835242669,31.12765121459961,50.7861328125
2019_27,1006015,82550,10318,3,-72.5,East 1,8.076583862304688,8.252674102783203,4.584072113037109,4.357364656123091,0.0,0.03020879149204312,-0.2824908431711799,25.455921173095703,118.78474426269533
2019_28,1742614,108543,257789,57,-82.0,East 1,23.467010498046875,12.040678024291992,9.012500762939451,3.737909342498485,0.0,0.5488650204523865,-0.4134765743583827,26.72436141967773,173.54685974121094
2019_30,1270853,393370,295027,18,-74.0,East 2,18.43550109863281,10.76549243927002,7.722990989685059,7.085539994096459,0.0,0.6509771818539891,-0.7839568423264631,24.341760635375977,165.61183166503906
2019_31,863378,1509,377,6,-67.5,East 2,7.620193481445312,10.975250244140623,8.208678245544434,5.484106831552229,0.0,0.0045912255799737765,-1.0790084600448606,21.166099548339844,101.94036102294922
2019_32,1150980,43151,48545,27,-78.5,West,23.534683227539062,12.182308197021484,6.037769794464111,6.88803288516271,0.0002008555069750449,0.1426166743126858,-0.8426011783304045,32.303863525390625,292.5572509765625
2019_33,721326,95189,23797,6,-81.0,West,24.704574584960938,6.334903240203857,3.69291090965271,3.2587442873889825,0.0,0.09973716140270056,-0.2148140598866889,25.542760848999023,68.94221496582031
2019_35,2261150,474805,949610,48,-85.0,East 1,19.7996826171875,8.220963478088379,4.962481498718262,5.915244299089075,0.0,0.6811328570217234,-1.303248643875122,32.6442985534668,189.3622894287109
2019_36,1724248,270607,338259,30,-84.5,East 2,20.1802978515625,8.890074729919434,5.847573280334473,7.822173784193715,0.0,0.7571529049428046,-0.6030810289191966,21.176767349243164,199.15005493164065
2019_37,1337992,1724,646,9,-63.5,West,8.050079345703125,16.351469039916992,11.244617462158203,3.8246013588090446,0.0,0.014704316437391724,-0.7402670979499819,23.944873809814453,158.60501098632812
2019_38,550217,169895,21236,3,-76.0,West,9.710723876953123,13.784331321716309,9.372058868408203,5.646202741751881,0.0,0.22604093781566767,-0.6001066287823318,25.754955291748047,274.62872314453125
2019_39,1482937,128011,240021,45,-75.5,East 2,13.598281860351562,6.656248092651367,3.189459800720215,12.207405365517085,0.0,0.478363382606484,-0.0736122608184815,38.76546096801758,147.0922088623047
2019_40,3067917,488264,1220660,60,-85.0,West,27.976470947265625,14.553122520446776,11.019047737121582,8.117896116819463,0.0,2.097833824583623,-0.673531612361219,37.91801071166992,527.7880859375
2019_42,1273768,78177,87949,27,-85.0,West,15.596817016601562,7.589883327484131,4.055808067321777,5.5368103740755386,0.0,0.23411780465933324,-1.4121424002517609,40.39301681518555,173.38088989257812
2019_43,1590623,34561,38881,27,-69.5,East 1,5.985992431640625,6.022457599639893,3.7297229766845694,6.414087624907947,0.0,0.11753192808931999,-0.2474515504307215,22.4382266998291,77.07018280029297
2019_44,2296372,708752,2392041,81,-85.0,East 2,27.78427124023437,12.093419075012209,9.030046463012695,7.211533472815751,0.0,2.359150387258993,-1.165524461802875,33.26859664916992,288.5078125
2019_46,1663148,912416,684312,18,-85.0,West,25.53993225097656,10.669998168945312,7.668334007263184,4.190755854131877,2.037264617848126e-06,1.3026680539179494,-0.8716424252820716,28.341522216796875,264.4439392089844
2019_47,2661779,440212,660318,36,-83.0,East 2,23.64521789550781,6.578322410583496,4.86713981628418,6.376233429208489,0.0,0.1603645125227535,-0.1863626333622678,28.74283790588379,50.598262786865234
2019_49,1446607,52885,13221,6,-76.5,West,13.289962768554688,8.39110279083252,4.144490718841553,6.940625645224677,0.0,0.059247849947789255,-0.9402943536249062,33.7301025390625,240.2489013671875
2019_52,2677204,310900,932700,72,-84.5,West,26.71058654785156,12.093055725097656,8.327661514282227,5.8265364147643925,1.6290800588761797e-05,1.2454468008737039,-0.5954943902282885,32.69971466064453,281.77587890625
2019_54,3093741,218193,900049,99,-85.0,West,26.18682861328125,12.929287910461426,8.990633010864258,4.866917273958767,0.0,2.145940980494737,-0.8623204951988204,40.86998748779297,280.9940185546875
2019_55,1611727,462466,346850,18,-75.0,East 1,15.998077392578123,3.69227147102356,2.1380767822265625,13.501284940453044,0.0,0.26191270157102664,-0.5890830777277255,32.432106018066406,49.00023651123047
2019_56,3027198,167657,565845,81,-85.0,West,18.296920776367188,11.894861221313477,7.956206321716309,7.248903698923148,0.0,1.0530944860811986,-0.6196966581674107,31.43944931030273,334.37420654296875
2019_58,2277427,256302,288340,27,-85.0,West,26.56796264648437,10.325377464294434,7.375593662261963,5.739057535000453,0.0,0.5976629047438746,-0.3019672037015187,27.77696990966797,196.72044372558597
2019_59,969033,128513,16064,3,-78.0,West,15.9525146484375,8.767627716064453,5.857605457305908,3.2761715572253256,0.0,0.09269427513841086,-0.861822853623533,24.04096984863281,137.8292999267578
2019_60,1673270,84475,73916,21,-72.0,East 1,8.14984130859375,4.010456085205078,1.9037235975265503,8.300058269907922,0.0,0.07648317820017886,-0.470500613212791,32.250038146972656,44.08529281616211
2019_61,1294842,707158,353579,12,-82.0,East 1,11.691314697265623,6.502363681793213,3.592611312866211,5.831965612329007,0.0,0.3889003664691132,-0.6612400558240337,21.274703979492188,122.43743896484376
2019_63,1314028,37102,18551,12,-75.5,West,7.77630615234375,10.93624782562256,6.502093315124512,3.2816748864892222,0.0,0.10416524909454408,-0.7957886322809083,25.117267608642575,229.3501434326172
2019_64,1453255,149446,205488,33,-74.0,East 1,11.182937622070312,7.807109832763672,5.203336715698242,5.807440561564552,0.0,0.49907125071578623,-0.486097882398673,32.22118377685547,172.68324279785156
2019_65,2949309,125571,235446,45,-75.0,East 1,12.52459716796875,7.782161235809326,5.754238605499268,7.449810947447165,0.0,0.2849820956956332,-0.4329484495646391,28.420860290527344,62.4739875793457
2019_66,665098,85557,10694,3,-73.0,East 2,10.070846557617188,4.676836490631104,2.6632988452911377,6.214834958204497,0.0,0.03885582534641606,-0.5502524241942492,28.920717239379883,34.714691162109375
2019_67,2510895,183067,297484,39,-73.5,East 1,15.353561401367188,10.39081573486328,8.524335861206055,4.702492934707628,0.0,0.6985407859684739,-0.9034426555074796,29.985923767089844,108.0914077758789
2019_68,1812315,344,215,15,-65.0,West,2.384307861328125,13.594862937927246,6.766021251678467,5.967978542395414,3.59088101031323e-08,0.000415780879338865,-0.461536556482315,29.059467315673828,177.16732788085938
2019_69,817504,98276,61422,15,-78.5,East 1,8.47039794921875,9.774129867553713,5.178874492645264,3.964763999519758,0.0,0.21726833808825516,-0.5155270172342613,26.79892921447754,175.80419921875
2019_70,1594319,64245,120460,45,-74.0,West,10.214385986328123,21.16364479064941,14.334802627563477,4.174508349049157,0.005399167892902833,0.34160669484168066,-0.2711533807849481,31.641759872436523,441.17138671875
2019_72,3257715,85482,149593,42,-75.0,East 2,8.471435546875,13.665658950805664,8.595787048339844,6.080300013721172,3.0164436728850483e-06,0.3857913120275809,-0.4642989981185978,26.534482955932617,217.07095336914065
2019_73,1695038,13509,11820,21,-72.0,East 1,4.973419189453125,8.41360092163086,2.687899112701416,4.501270231103868,0.0,0.020315928806628625,-0.4487381321413335,30.789155960083008,134.3118133544922
2019_74,1614760,353496,486057,33,-83.0,East 2,7.562164306640625,8.028228759765625,4.244086742401123,5.039148661024235,1.286592317589364e-07,0.2598724744152724,-0.0736358152900039,20.622657775878903,55.03901672363281
2019_75,2191959,5022,16951,81,-78.5,East 2,5.781036376953125,14.225523948669434,8.56698226928711,4.504772345028329,4.285955722426109e-05,0.048407420547698685,-0.2891772270202638,26.637046813964844,164.90711975097656
2019_76,2065959,298144,447216,36,-85.0,East 2,9.9993896484375,12.73188591003418,7.210838317871094,7.542126425819229,1.781087671156408e-05,0.6097458915809686,-0.1183270112955731,32.69937515258789,136.01707458496094
2020_1,1015742,377556,283167,18,-79.5,West,10.546112060546877,19.00099372863769,10.500360488891602,4.4358652796365945,0.053826463708269864,0.43369189380943834,-0.3285180026280778,21.5638370513916,268.8377990722656
2020_2,1089068,50310,113198,54,-71.0,East 1,5.62310791015625,10.353726387023926,4.429764270782471,4.317095806120711,0.003173239425390969,0.3947917180974105,-0.5345011691931674,28.54966163635254,177.44749450683594
2020_3,3385141,67874,203623,72,-78.0,East 1,5.951461791992188,12.777766227722168,6.566509246826172,6.874450093603548,0.0001195588685553494,0.4069006106068972,-0.4865250853569215,31.927961349487305,251.9603729248047
2020_4,1295895,78060,48787,15,-68.5,East 2,6.3883819580078125,14.229835510253906,8.496330261230469,4.46567842311733,9.618649362866297e-05,0.2417670912628324,-0.3228296151800387,30.759178161621094,141.16648864746094
2020_5,1738509,67360,109461,39,-70.0,East 2,9.806732177734377,20.97900390625,14.012367248535156,6.1247917439892205,0.009036696973424208,0.14445984323152444,-0.3308379561091939,27.012104034423828,127.49982452392578
2020_6,1159180,43762,10940,6,-69.0,East 1,-1.9390869140625,9.274170875549316,3.3502087593078613,6.881902670357246,3.3541148255233487e-06,0.1163068928222678,-0.6610493214644966,32.71761703491211,77.66915893554688
2020_8,1810866,113651,255716,54,-76.0,East 2,14.682632446289062,14.891066551208496,8.810256004333496,6.299417874354863,0.001515542950630359,0.5842472633632143,-0.5993309897370739,26.08443260192871,217.06349182128903
2020_9,2340659,24575,86013,84,-77.5,West,9.111053466796877,13.006640434265137,7.2056732177734375,4.603226108394506,6.893443164627238e-05,0.22978076280859527,-0.2346346344528559,28.38130760192871,181.6312713623047
2020_10,2757435,297365,594731,48,-85.0,West,13.242080688476562,15.52912139892578,8.824323654174805,5.513823751321393,0.0019043394139990916,0.937599186774866,-0.4657346576085575,24.322723388671875,282.89434814453125
2020_12,2147886,77717,194293,60,-70.0,East 2,8.188949584960938,16.400663375854492,10.729612350463867,6.015041845392108,0.001602815110762021,0.7924906839394992,-0.2361632585525514,25.87874412536621,295.46051025390625
2020_13,916610,6328,3164,12,-66.0,West,5.240875244140625,15.9371337890625,7.256786346435547,3.639564980437125,0.00332549283193914,0.019354923057336042,-0.7117137917264486,24.88072204589844,277.4872436523437
2020_14,915289,40834,25521,15,-69.0,East 2,3.305694580078125,12.252812385559082,6.284544467926025,3.3715555035693314,0.0,0.14708913454709507,-0.566624563160223,23.453407287597656,123.20021057128906
2020_15,1589844,812675,203168,6,-83.5,West,12.477142333984377,11.863386154174805,5.009678363800049,7.612793177205826,0.004569482988818216,0.5835777677071864,-0.4293296283080008,32.54116439819336,259.55419921875
2020_16,385558,62070,7758,3,-69.5,East 1,2.73101806640625,8.406874656677246,2.9867544174194336,7.256168881782316,0.0,0.04838160658798224,-0.5098386420784325,26.05359268188477,167.58164978027344
2020_17,1755403,29781,40950,33,-69.5,East 2,8.568161010742188,14.599328994750977,9.65208911895752,6.630011769338037,0.0,0.2859233196534328,-0.8455384785767399,20.364776611328125,242.82180786132807
2020_18,1523661,5215,5215,24,-67.0,East 2,-2.5894012451171875,7.602231502532959,3.1319398880004883,6.449165260493412,0.0,0.021446410334821822,-0.4708913751335509,26.8164176940918,85.30256652832031
2020_19,1430425,695313,1042970,36,-85.0,West,24.81134033203125,15.969368934631348,9.08180332183838,1.9763417045365497,0.009831626680473673,1.6883341601965545,-0.5667856787670453,22.879383087158203,350.3612670898437
2020_20,2155341,124011,139513,27,-72.0,East 2,8.61944580078125,10.986506462097168,6.043112277984619,4.473976853322682,0.0,0.3098244949226428,-0.7985527320052948,32.51512145996094,150.8289794921875
2020_21,1634368,2797,1748,15,-67.0,East 1,2.564483642578125,8.003670692443848,3.599760055541992,4.262488456596535,0.0,0.01203700655278931,-0.6332135363851129,32.59524154663086,82.65803527832031
2020_22,196923,4937,2468,12,-67.0,East 2,3.909423828125,6.794368267059326,2.205241203308105,8.394346727260078,0.0,0.04829865489727945,-0.9182119178822862,27.95989799499512,117.99112701416016
2020_23,2428100,104843,249002,57,-75.5,East 2,19.8697509765625,11.243512153625488,8.180853843688965,4.951150791095817,0.0,0.2944615021581708,-0.1523942166661927,33.53306579589844,139.30006408691406
2020_24,1729905,23861,29826,30,-69.0,West,13.969879150390623,19.79678726196289,13.052753448486328,7.666287499521306,0.010051048549742224,0.17870160845613114,-0.9331096312703464,29.31037712097168,295.9438781738281
2020_25,1525540,309447,309447,24,-85.0,West,18.39013671875,9.835556983947754,6.281333923339844,4.619445670481177,0.0,0.7338572429774283,-0.5048469541584737,27.71712875366211,268.2027587890625
2020_26,1963510,62161,69932,27,-85.0,West,21.567779541015625,5.084650039672852,2.9166483879089355,5.604528977643676,0.0,0.11156957219638677,-0.4350497749052063,29.781862258911133,90.82669067382812
2020_27,2109375,37697,47121,30,-69.0,East 1,10.47943115234375,9.74201774597168,6.062839508056641,8.467112637335848,0.0,0.09762609201716688,-0.4755373145726737,30.359987258911133,165.2358856201172
2020_28,2083805,111642,265151,57,-83.0,West,19.500320434570312,14.975259780883787,10.716378211975098,3.76164412302926,0.0,0.7732664516195216,-0.4750422965628024,29.19713592529297,393.4957885742188
2020_29,2718509,1101054,2890269,63,-85.0,East 1,28.51283264160156,11.026930809020996,7.333851337432861,5.992540308739224,0.0,1.4387649560955835,-0.7136332835484972,31.59584617614746,291.4979858398437
2020_30,1386695,35688,13383,9,-68.0,East 2,7.514801025390625,7.000315189361572,3.143282651901245,6.682398870612102,0.0,0.06769419673159159,-0.5727194712824623,36.63360977172852,119.17599487304688
2020_31,889446,173571,130178,18,-77.5,West,13.398880004882812,13.045609474182127,6.936407566070557,5.825872723232222,0.0007151441301220583,0.35824368416873176,-0.9114308249758744,28.98001480102539,274.4930114746094
2020_32,1488923,1061479,398054,9,-83.5,East 2,20.296157836914062,11.11125659942627,7.151884078979492,6.314845993179753,0.0,0.6009844248727828,-0.3449781520281997,21.811241149902344,164.8404541015625
2020_34,1732718,688649,602567,21,-80.0,East 2,25.042388916015625,8.5899019241333,5.268744468688965,9.62097746833979,0.0,0.7435858808568849,-0.707561521971881,30.69271850585937,231.6365966796875
2020_35,580433,2828,1060,9,-74.5,East 2,12.4456787109375,5.238738059997559,3.431723594665528,5.832650860610558,0.0,0.0007289261917805727,-0.1965979346925384,21.448287963867188,37.00807571411133
2020_36,27061,16867,2108,3,-69.0,East 2,19.750518798828125,6.068816184997559,4.044320106506348,1.9862949138441883,0.0,0.011220018272911154,-0.8152352416645935,9.303757667541504,58.06410217285156
2020_37,2167242,46790,81883,42,-71.5,East 2,8.425247192382812,8.661975860595703,5.324309349060059,7.943871450782367,0.0,0.4225679777843304,-0.4304299056529999,23.07630157470703,157.36627197265625
2020_38,1590034,12532,14098,27,-68.5,East 2,9.85955810546875,8.563944816589355,5.5214433670043945,5.307352387960087,0.0,0.04765969062919461,-1.1651660857093216,33.6804313659668,160.86709594726562
2020_39,1055657,94703,35513,9,-72.0,West,11.142547607421877,13.035837173461914,7.44110631942749,4.333121205437355,0.001254294738119766,0.15630044839022417,-0.3350414506726249,33.712547302246094,278.1146240234375
2020_40,1894225,757360,1136040,36,-85.0,West,20.593505859375,13.521855354309082,7.9760003089904785,5.488482308772499,9.907814998903668e-05,1.3552051383388002,-0.6832716755923228,28.288652420043945,423.7254028320313
2020_41,1068612,9422,5889,15,-70.0,West,11.40191650390625,10.326967239379885,5.220115184783936,3.878532317096812,1.9508667652072176e-06,0.02476792164080887,-0.2123364508152007,31.94630241394043,190.0902862548828
2020_42,837507,387151,96787,6,-74.5,East 1,20.0970458984375,6.880405902862549,4.348492622375488,6.501878756974742,0.0,0.30254010601060266,-0.9048422235151122,28.26563262939453,136.42364501953125
2020_45,1375336,118295,177443,36,-73.5,East 2,17.811141967773438,8.749184608459473,5.34121036529541,7.249075581647355,2.55563720905314e-05,0.6356750214613156,-1.1330384592142295,37.54586410522461,187.2252349853516
2020_46,1576484,512025,832040,39,-83.0,East 1,20.09832763671875,6.603039741516113,4.1427202224731445,8.438634197023108,0.0,0.6384391018665421,-0.5928530380768879,30.64740562438965,136.43133544921875
2020_48,1237774,813630,203407,6,-85.0,West,25.171615600585938,9.885149002075195,6.774045944213867,4.044538615694532,0.0,0.4237025048965371,-0.6371230632780609,23.700063705444336,206.56793212890625
2020_49,2096738,1022066,1022066,24,-85.0,East 2,32.591064453125,11.893892288208008,9.264318466186523,6.268537449011077,0.0007975786210807193,1.4388968958239896,-0.5352720401047073,18.582876205444336,193.26617431640625
2020_50,991684,344772,258579,18,-82.5,West,23.19378662109375,10.05018424987793,5.962796688079834,3.2009630363209376,0.0,0.6026982783752625,-0.6932133976360209,34.23780059814453,288.7049560546875
2020_51,1652598,72660,245230,81,-73.5,East 2,18.74424743652344,9.552960395812988,6.260237693786621,7.565678056866207,0.0,0.31010055882748583,-0.875903844833374,32.244422912597656,194.3788909912109
2020_52,1913686,148061,148061,24,-79.0,East 1,15.193267822265623,6.795645713806152,4.358460426330566,8.512683404372025,0.0,0.12657073137234837,-0.8116023021279112,32.35928726196289,131.5526885986328
2020_53,1105943,224088,140055,15,-71.5,East 2,17.27191162109375,9.292502403259276,6.497886657714844,8.263592277257331,0.0,0.5401418461296247,-0.7516718309926514,25.91207695007324,242.6363677978516
2020_54,3509751,74459,251302,81,-83.0,West,21.7021484375,9.6226167678833,6.455864906311035,4.905605991112987,0.0,0.471705950818648,-0.7495486736297607,35.216426849365234,264.0704040527344
2020_57,2913352,531301,929778,42,-78.0,East 2,20.980621337890625,12.41988754272461,9.40721321105957,8.439295351168658,3.8229389658828955e-06,1.3819907841300572,-1.028458057608777,36.6515007019043,388.4304809570313
2020_58,1631913,14535,19985,33,-68.5,West,11.425048828125,11.655051231384276,6.899655342102051,4.542036191168447,4.910839115292979e-05,0.07335953074537886,-0.6890679597854614,30.156396865844727,263.1479187011719
2020_59,834630,9036,9036,24,-67.0,West,8.82293701171875,11.153481483459473,6.398085594177246,4.817044465303406,4.907731066334982e-08,0.06768638629968865,-0.3769040728553592,26.716083526611328,252.7257232666016
2020_60,1954248,299,411,33,-73.5,West,7.430068969726562,6.835963249206543,4.015091896057129,6.452495430586912,0.0,0.008389788162259862,-0.5651125510533652,29.661325454711918,125.12765502929688
2020_61,725462,13516,6758,12,-68.0,East 2,6.399322509765625,6.85078763961792,3.8507602214813232,5.848024247866331,0.0,0.03684220697395813,-0.6178108957596129,35.0352783203125,99.770263671875
2020_62,3282010,39353,78706,48,-80.5,West,15.154403686523438,8.115365982055664,5.29449462890625,8.218931498979964,0.0,0.2598123285403254,-0.9942505759067868,28.74517059326172,167.0996856689453
2020_63,1252614,32541,24406,18,-70.5,East 1,5.89227294921875,3.6739792823791504,2.023855686187744,5.086404546860417,0.0,0.09096966981342476,-0.4418149292469024,38.830810546875,33.35954284667969
2020_64,1617250,403586,706276,42,-85.0,East 2,36.3955078125,8.164860725402832,6.751089096069336,5.295956390556234,0.0,0.6223658744559439,-0.382866961448261,31.308740615844727,192.5499420166016
2020_65,1668489,53986,53986,24,-74.0,East 1,7.569183349609375,5.564309597015381,3.555255651473999,8.14983417558569,0.0,0.24346695632974302,-0.3097815215587616,25.126848220825195,131.75628662109375
2020_68,1665479,166627,229112,33,-76.5,East 2,18.063796997070312,8.215508460998535,5.117883682250977,6.665921884931591,0.0,0.5574336087637627,-0.5290330055321875,30.58039283752441,174.8485870361328
2020_69,2488995,515760,1224931,57,-85.0,East 2,22.173065185546875,10.657567977905272,7.657726287841797,5.74973689380585,0.0,1.2668317087108671,-0.7479840517044067,23.90794563293457,194.1474151611328
2020_70,1939832,96864,96864,24,-81.0,West,11.658218383789062,12.962628364562988,8.463031768798828,7.123068858019861,0.0,0.2983231117794853,-0.4445406345938041,29.76610946655273,234.8386993408203
2020_71,1424011,15777,15777,24,-68.5,East 2,10.15533447265625,8.32200813293457,5.496960639953613,8.044109247038387,0.0,0.13130391611259257,-0.7586618173544533,30.71141242980957,169.80526733398438
2020_72,202659,109953,41232,9,-72.5,East 1,14.63287353515625,6.507908821105957,3.659848690032959,5.079792526583174,0.0,0.07916975864229384,-0.8948691663984627,20.13351058959961,110.52902221679688
2020_73,1311513,263393,263393,24,-73.0,East 1,12.506912231445312,8.301968574523926,5.893815994262695,5.76659475385461,5.90206518022687e-06,0.28447527420545393,-0.7357857072909894,41.73497772216797,112.00022888183594
2020_74,2161803,181861,681982,90,-76.5,East 2,20.229644775390625,10.148146629333496,7.407686233520508,6.629761452057042,0.0,1.0174192678575675,-0.922621428966522,35.52711868286133,207.3537750244141
2020_75,763510,293704,36713,3,-82.5,West,16.986282348632812,10.920049667358398,5.643897533416748,2.7561436187248494,0.0025909606869854306,0.12050394087460842,-0.4890550561345672,24.64064216613769,157.78977966308594
2020_76,2764625,168972,316823,45,-77.5,West,13.37493896484375,18.497068405151367,12.49007797241211,4.265247267118734,0.030221057886776866,1.4681401367806013,-0.513893973352191,31.680694580078125,687.2520141601562
2020_77,664939,575714,71964,3,-85.0,West,11.51739501953125,8.706846237182617,3.354800224304199,7.2415690510758015,0.0004931005786015067,0.3569003586085553,-0.7716062597707625,21.177188873291016,175.41819763183594
2020_78,2353804,138404,294109,51,-76.0,East 1,5.9903717041015625,8.181784629821777,4.242024421691895,5.1724333588090765,0.0,0.6204384366546654,-0.4042298079537232,37.96528244018555,105.48956298828124
2020_79,1619050,237125,237125,24,-76.0,East 2,12.572372436523438,12.0289306640625,6.9327545166015625,4.359813986142287,0.003443486738688273,0.21799608187083383,-0.3748404236738635,28.31367492675781,149.94793701171875
2020_80,2688726,1338296,2509306,45,-85.0,East 1,17.305282592773438,11.104693412780762,6.774142742156982,3.789905817662417,0.0008885060122351514,1.0652844730625255,-0.2723954039116396,21.3604736328125,229.9161071777344
2020_81,898707,239466,29933,3,-76.5,East 1,11.533004760742188,8.071539878845215,3.694183826446533,6.153043706223524,0.0,0.244297519750631,-0.7551580169028512,26.144678115844727,167.73887634277344
2020_83,2152071,275639,379004,33,-74.5,East 1,13.085220336914062,9.994592666625977,6.12907075881958,6.4442562051619285,1.7638675699983406e-05,0.6277663982603895,-0.9289250276670876,31.06509780883789,212.44952392578125
2020_84,2296388,186722,303424,39,-79.5,East 1,3.215057373046875,9.789871215820312,3.894946575164795,5.9919158064028295,0.0,0.5396049190542398,-0.3945369124412539,32.582454681396484,164.60577392578125
2020_85,2019701,107252,187691,42,-83.5,East 2,9.993453979492188,11.11525535583496,6.343360424041748,3.3210367938365395,0.001045871377030191,0.14982855260686642,-0.4345014749477222,25.159690856933597,93.89877319335938
2021_1,1559322,296528,148264,12,-78.5,East 1,6.9251556396484375,10.71210765838623,4.342024326324463,4.398633943245337,1.7084884429314725e-05,0.15716562262806058,-0.398792584624931,24.173770904541016,171.89645385742188
2021_2,2422319,520702,1497019,69,-85.0,East 2,10.345687866210938,16.012922286987305,10.565448760986328,6.081900549804323,0.00022397449019595804,0.8877144266630266,-0.2563600836938982,28.20974922180176,182.64480590820312
2021_3,194814,94064,35274,9,-72.0,East 2,7.7314605712890625,13.409969329833984,6.443332195281982,5.431685752402268,0.0005902818904752061,0.11975309775000488,-0.3137361135397261,14.663308143615724,99.3078155517578
2021_4,1134298,7707,7707,24,-73.0,East 2,8.301239013671875,11.505159378051758,7.225978374481201,5.461563646542722,7.723396242885022e-05,0.02228058533804658,-0.6728500723838806,24.271543502807617,76.9200210571289
2021_5,1257823,358713,582910,39,-75.0,East 2,8.563613891601562,14.68589973449707,7.658772945404053,4.084685495393292,0.014040102498362836,0.3925124478775572,-0.3023850115921137,20.276052474975582,197.3849639892578
2021_6,275222,243268,60817,6,-77.0,West,7.095794677734375,17.64106559753418,10.01162338256836,3.682629253545722,0.02254079394926327,0.40157508905458883,-0.5619791165078081,21.346548080444336,238.6939239501953
2021_9,2694043,844674,1372596,39,-84.0,East 1,21.26898193359375,12.655438423156738,8.027610778808594,3.989378521733311,0.0,1.241947634550765,-0.6371398612836714,26.045045852661133,266.47235107421875
2021_11,802177,432494,162185,9,-82.5,East 1,14.780242919921877,8.761857986450195,4.294376373291016,3.435715904173181,0.0,0.3414764076444891,-0.4261177805311811,17.61281967163086,143.1802520751953
2021_12,1429221,9480,13035,33,-74.0,West,6.787841796875,15.925920486450195,8.272211074829102,6.114498595629449,0.0006704253023393589,0.11255143307450984,-0.7963804739023984,21.42531967163086,228.79840087890625
2021_13,1618104,884617,774040,21,-84.0,East 1,18.2254638671875,13.257250785827637,8.630110740661621,5.091028635289717,0.0,1.0375110848075868,-0.4814430767175902,18.813793182373047,207.99349975585935
2021_15,889993,169141,126856,18,-82.0,West,22.32647705078125,7.886441707611084,4.126775741577148,2.7663065770455724,0.0,0.16102656278659205,-0.1997150312095316,20.59138298034668,98.63157653808594
2021_16,1297916,1005570,251392,6,-85.0,East 2,14.419418334960938,10.035408020019531,5.092013835906982,7.458271813193065,0.0,0.17700867046121813,-0.2733819537730774,17.095718383789062,136.21707153320312
2021_18,1178667,136024,51009,9,-79.0,West,18.625473022460938,12.952757835388184,5.961092472076416,4.759813399189576,0.0008382900438171831,0.4848133101252924,-0.4357627035960824,26.78408432006836,352.8776550292969
2021_19,2395321,1062754,1461287,33,-84.0,East 1,23.217544555664062,13.173033714294434,9.572259902954102,4.208375662500891,0.0,1.1287187347062355,-0.3930619434807026,23.064098358154297,281.4093017578125
2021_21,1365256,173166,64937,9,-79.0,East 2,17.788375854492188,6.322682857513428,4.225824356079102,6.979022410085602,0.0,0.07086583019175378,-0.4074926247538658,22.85141372680664,42.19842529296875
2021_22,3270867,93230,244729,63,-77.5,West,14.579742431640623,18.08168601989746,11.337652206420898,7.894893566123415,0.01282059133698533,0.537933398997667,-0.791886356416913,36.34709167480469,477.5325012207031
2021_23,1132326,18167,13625,18,-76.0,West,2.743270874023437,8.449929237365723,4.2143425941467285,6.064665923285503,0.0,0.04770067040800174,-0.954884182354654,31.990663528442383,137.687744140625
2021_24,1189775,142586,106939,18,-76.5,East 1,15.878997802734377,7.297936916351318,3.966187000274658,6.242816776852659,0.0,0.1667782557121543,-0.5063013645396495,31.237377166748047,138.0320281982422
2021_25,2340976,344129,430162,30,-79.0,East 1,20.612564086914062,10.068663597106934,6.781551837921143,8.177172080960187,0.0,0.3739924350132271,-0.5049428764475928,37.09653472900391,147.54771423339844
2021_26,478863,24134,3016,3,-70.5,West,8.79205322265625,11.455832481384276,5.844932556152344,6.316848822378806,0.0004703777417712276,0.03542658996278207,-1.2983519654752866,28.363386154174805,283.5007019042969
2021_27,1170741,5836,1459,6,-65.5,West,9.044677734375,12.921435356140137,7.259300231933594,6.513015697100321,0.002458850036381682,0.0553408735337223,-0.3467657481408561,29.645240783691406,255.38363647460935
2021_28,1357240,46687,29179,15,-77.0,West,15.118011474609377,11.994464874267578,6.764636516571045,11.421370906481217,0.0020637605018441053,0.06301421646733905,-0.4909997524551254,25.571941375732425,214.2936248779297
2021_29,2797166,718796,1796991,60,-85.0,West,30.796798706054688,17.862930297851562,12.935504913330078,6.235128058836109,0.06599214522879675,2.7734782043328687,-0.4687891180982331,30.8287296295166,611.6591186523438
2021_30,1035913,106322,66451,15,-73.5,West,14.9541015625,15.839776992797852,9.69523811340332,6.064057980608553,0.0017130190499888593,0.2316765852932619,-0.4672450850215859,22.843902587890625,261.2081298828125
2021_33,1216846,129751,97313,18,-78.0,East 1,14.191635131835938,4.03968620300293,2.2300350666046143,7.934258103076392,0.0,0.13432737379332507,-0.580429187378637,25.78331756591797,65.08467102050781
2021_34,1113046,10223,12779,30,-72.0,West,8.75177001953125,12.272446632385254,7.2418928146362305,4.582272535567073,2.826521440804435e-05,0.08038675223098322,-0.8003858814937058,25.433502197265625,257.2542724609375
2021_35,2520150,16957,36034,51,-71.5,West,10.22955322265625,14.787799835205078,9.680948257446287,7.23000112467667,5.588681597534262e-05,0.21826300085820785,-0.6288561575760775,26.191625595092773,237.35470581054688
2021_36,1217616,135649,118693,21,-80.0,East 1,15.807525634765623,7.115925312042236,4.55349063873291,5.07043517615807,0.0,0.34105559499380517,-0.444561630487442,30.471759796142575,169.80755615234375
2021_37,1194660,11918,8939,18,-67.5,East 2,9.3712158203125,6.536311149597168,3.7247471809387207,8.37614004166089,0.0,0.07397055844850693,-0.9790703162954224,39.14847946166992,125.57502746582033
2021_38,3046253,814426,2443278,72,-85.0,East 1,24.6412353515625,10.538058280944824,7.918923377990723,9.09273229132254,0.0,1.9937831913229378,-0.7454831006464251,37.70795440673828,313.01104736328125
2021_39,1007676,25752,16095,15,-76.5,West,13.835784912109377,9.071562767028809,5.130034446716309,5.374599371737795,0.0,0.05215028759287247,-0.7927380800247192,30.18170166015625,160.29837036132812
2021_40,3353840,968892,2785565,69,-85.0,East 2,32.64909362792969,11.531240463256836,9.791309356689451,6.994879440398521,0.0001322461463035859,1.649580306134502,-0.6740388887204302,31.388843536376957,271.17822265625
2021_41,752184,31640,15820,12,-69.5,East 1,5.5850372314453125,5.804508209228516,3.5489370822906494,6.835816804302336,0.0,0.04304957681767205,-0.5103692809740704,24.143835067749023,104.6266098022461
2021_42,1013928,339885,127456,9,-77.0,East 2,29.181884765625,11.12551498413086,8.729988098144531,6.905969260605695,0.0,0.5510796608534094,-0.6044441075984996,30.35748672485352,181.24072265625
2021_44,1627767,36809,27607,18,-73.5,East 1,9.6964111328125,4.6143293380737305,2.4094271659851074,6.164159797275544,0.0,0.17645317035941838,-0.5891642893997703,34.744529724121094,87.73347473144531
2021_45,1518053,60027,52523,21,-69.5,East 2,11.639984130859377,7.133881092071533,4.228878021240234,9.293175723932912,0.0,0.21786165163587845,-0.5970190236247774,36.27790451049805,164.9393768310547
2021_46,1361928,314689,354026,27,-78.5,East 2,19.044448852539062,8.758155822753906,5.942904472351074,6.606184180659147,0.0,0.7636722312800255,-0.5473439693450929,31.17402648925781,198.26812744140625
2021_48,822731,205753,102876,12,-78.0,West,19.43836975097656,10.238465309143066,5.866788387298584,7.268808025450329,2.3566530114136703e-06,0.22078241275604224,-0.7401288326187437,30.15435791015625,230.9109039306641
2021_49,3126212,1005759,3142996,75,-85.0,East 1,27.078628540039062,9.71878433227539,7.61037540435791,6.179941991332357,0.0,2.236277438613696,-0.4601131265433595,35.8626823425293,267.1011047363281
2021_50,1965737,420267,735467,42,-81.0,West,21.821273803710938,15.790008544921877,10.317787170410156,8.57927502872825,0.006198121776928646,1.2576906098467524,-0.9740128500463104,35.304466247558594,332.1142272949219
2021_51,1344789,197718,247148,30,-74.0,East 2,14.353790283203123,7.423940181732178,4.326314926147461,5.838034720302454,0.0,0.5214327430511202,-0.7878286916234812,33.64159393310547,181.6442108154297
2021_52,1745347,639857,1039768,39,-83.5,East 2,21.331024169921875,9.40793514251709,6.541733264923096,7.212927384085949,2.742140364034709e-06,1.2614253725104574,-0.6945366669356294,33.41154861450195,207.2818298339844
2021_54,2403313,233124,407967,42,-80.0,East 1,17.086837768554688,6.748342990875244,4.330565452575684,5.227076591256145,0.0,0.5335809442837806,-0.6599503029506955,41.27452087402344,157.1409149169922
2021_55,1408323,150808,188510,30,-75.0,East 1,9.381942749023438,5.235304355621338,3.1211369037628174,5.996797994796297,0.0,0.23510657185995684,-0.8820828085991659,46.021331787109375,117.26537322998048
2021_56,2764118,940184,3525692,90,-85.0,East 2,25.90887451171875,13.267766952514648,10.50874137878418,6.949094776703608,0.0001981760685590644,4.506250715184402,-0.9612632393836976,33.15483856201172,306.2855224609375
2021_58,421503,316927,39615,3,-82.0,West,11.121368408203123,8.927875518798828,4.112277030944824,3.5022838161304595,4.7148861836841825e-05,0.14905499589299345,-0.4820647179632386,29.12544250488281,231.96383666992188
2021_59,2305442,564,1551,66,-71.5,West,9.302001953125,12.144261360168455,6.134950160980225,6.293643589014979,1.618954803184427e-07,0.0038727258727772767,-0.3907395907302157,23.089460372924805,193.9605865478516
2021_60,3232276,767276,1342733,42,-82.0,East 2,26.0960693359375,12.591897010803224,9.954267501831056,5.333437943240866,0.0006534566132721262,1.2167024510160545,-0.3180288807692964,36.46879959106445,212.6454315185547
2021_61,3345911,788294,2660495,81,-85.0,East 1,23.0943603515625,15.57219696044922,12.340309143066406,8.344573726492076,0.0,2.7071074017315078,-0.6451113327513763,36.7549057006836,530.3882446289062
2021_62,2418316,242234,575307,57,-80.5,East 1,18.172592163085938,10.41171932220459,7.446829795837402,7.066413234327915,0.0,0.7462855184477176,-0.7330151337732073,32.49552536010742,239.22169494628903
2021_63,1262920,37345,37345,24,-75.0,West,16.023391723632812,12.189492225646973,7.014920711517334,6.711009290585058,0.0003916393800006629,0.34213308314571295,-0.7819690222396017,24.913738250732425,295.7769775390625
2021_65,310314,13896,1737,3,-67.0,West,4.903076171875,11.201777458190918,5.7820353507995605,2.664906714067167,3.450202277483489e-05,0.026835244166147184,-0.3766899881717532,19.57685661315918,179.25123596191406
2021_66,1679727,39171,34275,21,-70.5,West,7.201080322265625,12.16024684906006,6.051037788391113,5.037251978433962,0.003549149026323504,0.3067598224287977,-0.8032477915550718,36.93850326538086,321.6673889160156
2021_67,803049,229580,86092,9,-76.5,West,9.403366088867188,9.606715202331545,3.82982873916626,5.65107055241973,0.0030558222042377727,0.37371152690397413,-0.7776299180261433,26.81894874572754,239.49853515625
2021_68,1834554,383984,671972,42,-78.5,East 2,9.452407836914062,15.294804573059082,10.244359970092772,5.497728546069135,3.0080700852849598e-15,1.31820727212489,-0.6070567965507507,34.88422393798828,356.537841796875
2021_69,2255733,326551,653102,48,-77.5,East 1,7.31658935546875,8.553376197814941,5.102761268615723,6.750369627651504,0.0,0.7986502336104919,-0.7569316839378242,29.45139503479004,88.03627014160156
2021_70,2226050,1168971,1899578,39,-85.0,East 1,19.669418334960938,12.869975090026855,8.412862777709961,4.405425028241012,0.0001317822032531455,1.1870713811578675,-0.4389666993470414,22.942480087280277,288.626953125
2021_71,2056594,605932,1136124,45,-85.0,East 1,17.791534423828125,13.05576515197754,8.999993324279785,4.887314685022159,0.00016915303009613897,1.4531880535055761,-0.3100180041903945,30.74300765991211,262.43804931640625
2021_72,1320161,10830,5415,12,-67.0,East 2,0.9193115234375,9.347023010253906,3.6427040100097656,4.556697163964604,0.0,0.030213865270651483,-0.5378633477141334,23.72225570678711,94.63379669189452
2021_73,2248895,179813,247243,33,-84.0,West,9.871734619140623,11.87050437927246,4.627327919006348,3.4254423830866174,6.887108728966946e-05,0.24629695464480716,-0.3880537922682577,23.292898178100582,198.0422515869141
2021_74,2346406,748780,2995123,96,-85.0,East 1,9.753005981445312,13.29318141937256,7.398256778717041,3.669299364443044,7.109173577572484e-06,2.107725136551891,-0.4456823439689556,25.657657623291016,314.9654541015625
2021_75,2127825,133506,283701,51,-79.0,West,6.975341796875,20.90757369995117,13.834522247314451,3.986034994264676,0.00402266867164872,0.9778207710677008,-0.1919340789318083,37.54562759399414,450.7357482910156
2021_76,35094,28593,3574,3,-66.5,West,3.71435546875,13.430042266845703,5.850429534912109,7.347284827201844,0.00043736601465019427,0.017631953943210155,-1.1024535678379168,18.622936248779297,195.8954620361328
2021_77,2609762,964160,2651440,66,-85.0,East 1,11.17864990234375,16.921985626220703,11.054692268371582,5.178588025141663,7.772019351892837e-05,2.5740890743867104,-0.0908654731835782,32.05157470703125,505.103759765625
2021_78,40176,2674,1002,9,-71.0,West,3.356536865234375,10.00389575958252,3.0493640899658203,0.9679276034135518,9.422963369647231e-06,0.0007392935583421321,-0.4118796739378616,11.18828010559082,108.0054702758789
2021_79,1595799,12057,13564,27,-67.5,East 2,2.149078369140625,10.693622589111328,4.854805946350098,4.295786720854624,3.435444093182768e-05,0.1169524573872103,-1.1548897027969358,25.242944717407227,149.90206909179688
2022_1,2034152,142011,248519,42,-73.0,East 2,3.45892333984375,11.393588066101074,4.969344615936279,7.1243466542591545,4.846312104439078e-05,0.9083821951625637,-1.7820876836776731,25.640384674072266,269.57208251953125
2022_2,1359232,10135,19004,45,-68.0,East 2,3.159759521484375,11.26887035369873,4.786087989807129,4.601050197001876,0.0,0.11459971595979634,-0.8156434902046099,22.50310516357422,157.0685272216797
2022_3,2841795,381061,1286082,81,-85.0,West,7.5103759765625,18.137060165405277,11.105548858642578,5.380665915346065,0.001779141867646732,1.8632736619654688,-0.2282877415418626,34.40399932861328,428.2815551757813
2022_4,2846762,14222,39112,66,-71.0,East 1,5.900543212890625,14.604914665222168,8.64628791809082,5.514033930425615,0.007284154925136024,0.2097608692720894,-0.536649974697055,29.21140480041504,195.67236328125
2022_5,3157793,818497,1943931,57,-85.0,East 1,12.59356689453125,13.857728958129885,7.392354965209961,5.308865353841484,0.0018454063309302953,0.8661643548430168,-0.1929492773004205,42.76190948486328,240.5973358154297
2022_6,2730549,515210,3477673,162,-85.0,West,20.211471557617188,19.773836135864254,12.987095832824709,3.9762081266573626,0.04526246181315839,2.7116086024434116,-0.5251486193000856,23.78399658203125,380.2469482421875
2022_7,1434807,33141,37283,27,-71.0,East 1,0.11334228515625,8.482560157775879,3.4146323204040527,8.538934873020644,0.0,0.10770849692723415,-0.138149662150277,36.128055572509766,58.57289123535156
2022_9,3877096,712098,2759381,93,-85.0,West,20.08924865722656,27.609981536865234,19.887630462646484,4.8542466753211,0.34412227360048014,3.3601025113350267,-0.3119360011423764,29.55820083618164,748.1834106445312
2022_11,1082079,431,377,21,-67.0,East 2,2.202606201171875,13.184690475463867,7.21642255783081,4.942635920634204,0.0001334199835763578,0.004054624857864817,-0.7339162230491636,27.71113967895508,107.27398681640624
2022_12,5382746,1544442,7336100,114,-85.0,East 2,40.97236633300781,23.07425117492676,18.52572250366211,8.060711017070911,0.06792487523239453,7.125174180741106,-0.3306620353129715,32.60783004760742,482.5398559570313
2022_15,1522914,119911,179867,36,-82.0,East 1,15.473724365234377,10.5476713180542,6.8350605964660645,7.220528535699606,0.0,0.4432133389099457,-0.4390847038763527,26.81184959411621,213.27403259277344
2022_16,1263345,550015,68751,3,-81.0,East 1,14.636871337890623,10.92734718322754,7.179381847381592,5.593178297441295,0.0,0.3257178133555348,-0.3951856495269365,19.28385353088379,207.9741058349609
2022_17,504793,1661,415,6,-74.0,West,5.87255859375,12.622740745544434,7.382030963897705,5.230926471852503,0.0,0.002688279505872935,-0.5569348931312558,17.94686508178711,170.97146606445312
2022_18,1680046,34262,42828,30,-72.0,East 1,5.0522003173828125,7.609240531921387,4.005383491516113,6.692205861283288,0.0,0.11019883724880122,-0.7419304952046587,30.712730407714844,88.44129180908203
2022_20,982347,294363,257568,21,-85.0,West,14.24114990234375,13.077754020690918,7.753044605255127,6.687618131858948,0.0,0.7382227355496975,-1.075208737775699,23.122283935546875,292.7597045898437
2022_24,1802639,286229,286229,24,-74.5,East 2,20.585861206054688,10.46900749206543,7.426506042480469,6.865825663896069,0.0,0.8417825224942506,-0.7878772757418936,32.80426025390625,175.9061737060547
2022_26,2463442,374010,1215535,78,-84.5,West,23.036834716796875,16.61919593811035,11.750770568847656,4.871806252370158,0.00015468374808519852,2.448817676824111,-0.8210684593450273,34.47426986694336,379.7241821289063
2022_27,1828411,21479,24164,27,-69.5,East 2,15.575820922851562,6.9767889976501465,3.6723861694335938,8.433288085474638,0.0,0.10271809606112328,-0.1485053097688765,34.32120895385742,125.2160186767578
2022_28,1506074,171,192,27,-66.5,East 2,1.4704742431640625,6.685672283172607,3.525773048400879,7.606245625173627,0.0,0.003057297173761695,-0.854870080947876,26.213438034057617,111.32430267333984
2022_29,1098857,602910,150727,6,-79.0,East 2,16.352462768554688,6.993319988250732,4.048625946044922,4.961043084199956,0.0,0.2752668412532076,-0.3495031909005332,25.51067352294922,116.65672302246094
2022_30,697082,640,400,15,-65.5,East 2,3.766632080078125,8.962770462036133,5.58192253112793,7.193166135694794,0.0,0.004238952203159226,-1.1050447821617129,24.107650756835938,115.23190307617188
2022_31,796087,130874,65437,12,-81.0,East 1,21.97349548339844,6.59179162979126,4.029356956481934,4.557508399360159,0.0,0.17281479923238827,-0.8206421962192322,32.934356689453125,129.87489318847656
2022_32,2127089,350718,1095994,75,-85.0,West,30.70283508300781,12.46170425415039,8.08442211151123,8.222541188507648,0.001768353181433435,1.6834806664032724,-0.5626753667387046,29.060775756835938,314.49462890625
2022_33,1464378,566955,1204780,51,-85.0,West,30.02870178222656,10.138182640075684,5.656579971313477,4.263657415585255,7.35335605835711e-05,1.3553923173223332,-0.6377688443556383,29.00170135498047,275.99859619140625
2022_35,1400776,46980,117450,60,-70.0,East 2,15.688323974609377,11.387039184570312,8.885963439941406,7.294361700941102,0.0,0.22959774955155185,-0.8046906049272943,42.14358901977539,163.10594177246094
2022_36,28775,9688,2422,6,-68.0,East 2,9.963790893554688,5.852180004119873,3.0819270610809326,5.642429105748151,0.0,0.014131365464972427,-1.487835058332728,18.929277420043945,104.5425796508789
2022_39,953971,14156,15926,27,-67.5,East 2,9.97845458984375,6.782620429992676,3.5471670627593994,7.354021844575759,0.0,0.1443754018023272,-0.9642739592685275,35.69861602783203,135.9691619873047
2022_40,1263760,248213,124106,12,-75.0,East 1,17.452987670898438,7.02958869934082,4.646087169647217,5.872479299338585,0.0,0.3819978938309528,-0.7103427219586446,28.07919311523437,151.3388671875
2022_41,2824915,525326,919321,42,-81.0,East 2,19.442138671875,10.832146644592283,8.214765548706055,7.705928040855745,0.0,1.092831936583945,-0.8730858758134077,40.48842239379883,260.5078430175781
2022_42,1936884,401523,1053999,63,-81.5,East 2,22.51385498046875,10.009804725646973,6.733942985534668,10.007144297614484,0.0,1.422189986449086,-0.607391380905361,28.280574798583984,258.385009765625
2022_43,1221012,7022,4389,15,-74.0,West,18.9022216796875,9.558960914611816,5.6266374588012695,4.511599419551974,0.0,0.031182799024016584,-0.4431597962038504,31.25495147705078,196.78762817382807
2022_44,1440303,288946,144473,12,-80.5,West,27.4786376953125,10.095498085021973,5.95913028717041,4.961357870456073,0.0022321303681113523,0.7641016365386253,-0.7029279516359649,32.42685317993164,257.333740234375
2022_45,1572440,15268,30537,48,-68.0,East 2,13.092636108398438,9.63430404663086,7.004730701446533,7.544067344066511,0.0,0.15105525971316608,-1.1247151100791783,28.545215606689453,160.52354431152344
2022_46,905440,74339,83631,27,-71.0,East 2,19.07435607910156,6.445579051971436,3.494112253189087,7.414281873710919,0.0,0.33144638342856814,-0.9575887920997668,34.98887252807617,177.163330078125
2022_47,1040221,201441,201441,24,-73.0,East 2,21.63925170898437,10.523967742919922,7.60245418548584,7.712831075768394,0.0,0.5149398458586879,-1.2203303597127175,38.9443473815918,251.4986724853516
2022_48,1283385,28179,31701,27,-68.5,East 2,14.824371337890623,13.605217933654783,10.32935619354248,6.307627787907657,5.811463151840374e-13,0.3951329839075189,-0.813312917947769,25.38776016235352,265.7029724121094
2022_49,938838,89986,33744,9,-68.5,East 2,11.162033081054688,8.303120613098145,5.307412147521973,7.168890434956782,0.0,0.13131755879304693,-0.7691931086053386,36.39913940429688,154.27291870117188
2022_50,579191,327283,40910,3,-82.0,West,19.706817626953125,7.61871337890625,4.048651695251465,3.119391686092385,0.0,0.2263056582080769,-0.6735350035895304,32.69293212890625,163.67584228515625
2022_52,1346054,25580,41568,39,-70.0,East 1,13.077011108398438,6.48230504989624,3.782963752746582,7.893092257373654,0.0,0.1426107095364527,-0.8738954812207769,39.111061096191406,127.6327133178711
2022_53,1938676,475230,1009864,51,-85.0,West,21.59042358398437,11.338743209838867,7.229150295257568,5.710674545993341,7.048092779676837e-05,1.3992046016349882,-0.7241617861117149,30.14735412597656,267.9409484863281
2022_54,2183654,14918,20513,33,-70.5,East 2,10.723556518554688,7.917919635772705,5.218578338623047,7.33947982680413,0.0,0.08045832525511783,-0.368810554345449,29.45793914794922,111.10871124267578
2022_55,909972,323448,161724,12,-80.5,West,20.138336181640625,9.888891220092772,5.820070743560791,4.783213672909645,3.942881096773876e-05,0.4673556645675919,-0.4716920797141806,30.93052101135254,281.4087829589844
2022_56,1018080,2988,2241,18,-68.0,East 2,2.022689819335937,6.4832634925842285,3.8904716968536377,6.303514564594885,0.0,0.005124686482716255,-1.105581243832906,27.67729377746582,103.66189575195312
2022_57,1941719,104,169,39,-69.5,East 1,-0.2065582275390625,3.5581750869750977,1.4229092597961426,7.164392649675539,0.0,0.000877404063094103,-0.77809739112854,28.44976806640625,50.5427360534668
2022_58,2981176,878052,2195130,60,-85.0,East 2,23.794174194335938,10.195816040039062,7.093132972717285,7.667011835255448,1.0296094357801026e-06,2.3708377897183603,-0.7474492560227872,39.51930236816406,275.3326110839844
2022_60,2077373,1807,5647,75,-77.0,West,6.2484130859375,4.880769729614258,2.2775981426239014,5.960827223295234,0.0,0.01989952217198517,-0.6874425411224366,28.90275382995605,128.0853729248047
2022_61,1222016,35414,35414,24,-71.0,East 2,9.376663208007812,7.053055286407471,4.053214073181152,5.868684449764276,0.0,0.14841065627550953,-0.6300353212422268,27.2117919921875,114.89309692382812
2022_62,2093621,172810,302417,42,-79.0,West,23.506027221679688,14.625300407409668,9.974275588989258,5.687972821183576,0.002823008854939296,0.650181793025067,-0.6448582758516507,39.26993560791016,473.4590759277344
2022_64,1982870,3841,4321,27,-70.0,West,8.353363037109375,10.242612838745115,5.601925373077393,4.92967900127039,2.191877152200361e-05,0.08577722851559809,-0.567624435167753,33.97871017456055,246.04974365234372
2022_65,2961762,514727,2831000,132,-80.5,East 2,25.071044921875,13.409753799438477,10.669293403625488,7.488680061529806,1.9284386088369266e-05,2.7024283961881816,-0.6399180493154704,37.85543823242188,323.7056579589844
2022_66,2034345,1096360,1233405,27,-82.5,East 1,14.3226318359375,6.877832412719727,4.24392032623291,6.865734085100685,0.0,0.774780345783186,-0.5790919502584707,27.16621208190918,167.75723266601562
2022_67,1753458,861893,1185103,33,-85.0,East 1,17.421524047851562,8.664351463317871,5.432463645935059,4.352778662888644,0.0,0.9235425463682725,-0.3743984940276281,25.16370010375977,179.45176696777344
2022_68,1693415,4055,5069,30,-71.0,East 1,2.6776885986328125,6.695136547088623,3.912267684936523,7.590917731008317,0.0,0.030563843241106618,-0.4586911797523498,23.58709526062012,84.13019561767578
2022_69,154320,39683,24801,15,-69.5,East 2,10.867828369140623,7.475246906280518,4.633449077606201,6.414122726165415,0.0,0.09891355716527012,-0.5726339677328626,15.628783226013184,105.12419891357422
2022_70,1658448,8378,9426,27,-71.0,East 1,8.09649658203125,8.850358009338379,5.940605640411377,5.200753553054182,0.0,0.003205462805619788,-0.4626635968685166,27.401531219482425,83.17807006835938
2022_71,2104788,24997,37496,36,-72.5,West,8.705474853515625,11.590737342834473,6.717906951904297,7.714632959818614,0.0003930395912746642,0.2682080187696422,-0.6400243043899536,33.32414627075195,347.7702941894531
2022_72,2366362,318195,517067,39,-78.5,East 1,16.767562866210938,8.996330261230469,6.078429222106934,6.511159478867007,0.0,0.3968807224954043,-0.4856658975283305,40.80706787109375,152.3587188720703
2022_73,545487,4714,589,3,-66.0,East 2,2.008697509765625,5.225154876708984,2.217458486557007,6.26777210375918,0.0,0.005050854000033951,-0.5232621828715011,27.49919891357422,51.54544448852539
2022_74,1304601,649629,243610,9,-76.0,East 2,17.392578125,9.869464874267578,6.577610015869141,6.466338548832545,0.0001869770457932649,0.3029161481838391,-0.4784301488151757,25.4909610748291,145.2391815185547
2022_75,2861541,258496,678554,63,-80.0,East 2,19.453140258789062,10.791766166687012,7.315450191497803,9.492756315270114,2.1582001563530092e-05,0.6616372978796949,-0.599841244640645,38.3702278137207,294.421875
2022_76,2253396,396200,495250,30,-73.5,East 1,8.555892944335938,10.817967414855955,6.878207206726074,6.032051483416176,2.0234717836919976e-07,0.981263799651284,-0.7907303680905263,38.65023422241211,196.56468200683597
2022_78,3740997,588432,2942162,120,-81.5,East 2,23.35615539550781,18.499719619750977,14.684677124023438,3.804841738455403,0.0074343876512274355,3.5822607548793486,-0.5458909017668823,32.29833984375,358.6151428222656
2022_79,813078,56823,7102,3,-72.0,West,5.54669189453125,13.482040405273438,6.653198719024658,6.005712180376309,4.260499353592795e-05,0.0469451501554629,-0.8263526237162698,27.66920280456543,187.0059356689453
2022_80,3832607,2232080,2790100,30,-85.0,East 2,23.1412353515625,13.203886985778809,9.433167457580566,4.922911837170275,6.034038584684744e-10,0.9558519135209279,-0.2300042360919614,22.281471252441406,171.46420288085938
2022_81,2596978,964918,2171067,54,-85.0,East 2,18.543441772460938,11.998598098754885,8.733423233032227,4.877809304774806,0.00032821006329049676,0.8185764071908007,-0.3561688335839078,24.608678817749023,157.588623046875
2022_82,1943283,168705,400675,57,-84.0,East 1,11.103515625,13.69809913635254,6.86925745010376,6.140981317365894,7.188688699793523e-06,0.4451417583080117,-0.3152682622427711,23.700477600097656,257.6733093261719
2022_83,2128767,602507,2184090,87,-85.0,West,9.67864990234375,15.434493064880373,9.174779891967772,4.659696287980309,0.004497602887798206,2.445024833658147,-0.7793356776237488,31.6674861907959,410.4546508789063
2022_84,1121969,8861,4430,12,-69.5,West,5.2001953125,17.475881576538086,9.747377395629885,6.709446053109041,0.0018425796690298827,0.011681758727230616,-0.36651321422677,28.76187896728516,247.7121734619141
2022_85,1843192,10457,19608,45,-68.0,West,6.557037353515625,20.84114646911621,13.112642288208008,4.125797638724113,0.006817366399238088,0.043351310904584446,-0.2935565342321915,33.003387451171875,259.67938232421875
2022_87,1156263,18110,11319,15,-71.0,East 1,1.958160400390625,9.66367530822754,4.147741317749023,4.15197813594651,3.852919328351257e-06,0.02229534899382919,-0.4108948870272748,21.11723518371582,108.0119400024414
2022_89,939838,98457,12307,3,-69.5,East 1,3.070281982421875,7.923101425170898,3.5044732093811035,4.945943010101963,0.0,0.02239913598755067,-0.6104038329316175,20.191659927368164,112.96605682373048
2022_90,1274648,15613,7806,12,-67.0,East 2,3.48626708984375,11.259355545043944,5.248245716094971,3.782280933027656,0.0008160333125108608,0.05296136447359966,-0.4321154154998409,26.692169189453125,110.67886352539062
